                                                                        S0000001
,,31HOpen CASCADE IGES processor 7.8,13HFilename.iges,                  G0000001
16HOpen CASCADE 7.8,31HOpen CASCADE IGES processor 7.8,32,308,15,308,15,G0000002
,1.,2,2HMM,1,0.01,15H20260727.103125,7.23592E-06,,,,11,0,               G0000003
15H20260727.103125,;                                                    G0000004
     402       1       0       0       0       0       0       000000000D0000001
     402       0       0       2       1                sloped_t        D0000002
     402       3       0       0       0       0       0       000020000D0000003
     402       0       0       1       1                Body_Slo        D0000004
     144       4       0       0       0       0       0       000020000D0000005
     144       0       0       1       0                               0D0000006
     108       5       0       0       0       0       0       000010000D0000007
     108       0       0       1       0                               0D0000008
     142       6       0       0       0       0       0       000010500D0000009
     142       0       0       1       0                               0D0000010
     102       7       0       0       0       0       0       000010000D0000011
     102       0       0       1       0                               0D0000012
     110       8       0       0       0       0       0       000010000D0000013
     110       0       0       1       0                               0D0000014
     110       9       0       0       0       0       0       000010000D0000015
     110       0       0       1       0                               0D0000016
     110      10       0       0       0       0       0       000010000D0000017
     110       0       0       1       0                               0D0000018
     110      11       0       0       0       0       0       000010000D0000019
     110       0       0       1       0                               0D0000020
     144      12       0       0       0       0       0       000020000D0000021
     144       0       0       1       0                               0D0000022
     108      13       0       0       0       0       0       000010000D0000023
     108       0       0       1       0                               0D0000024
     142      14       0       0       0       0       0       000010500D0000025
     142       0       0       1       0                               0D0000026
     102      15       0       0       0       0       0       000010000D0000027
     102       0       0       1       0                               0D0000028
     110      16       0       0       0       0       0       000010000D0000029
     110       0       0       1       0                               0D0000030
     110      17       0       0       0       0       0       000010000D0000031
     110       0       0       1       0                               0D0000032
     110      18       0       0       0       0       0       000010000D0000033
     110       0       0       1       0                               0D0000034
     110      19       0       0       0       0       0       000010000D0000035
     110       0       0       1       0                               0D0000036
     144      20       0       0       0       0       0       000020000D0000037
     144       0       0       1       0                               0D0000038
     108      21       0       0       0       0       0       000010000D0000039
     108       0       0       1       0                               0D0000040
     142      22       0       0       0       0       0       000010500D0000041
     142       0       0       1       0                               0D0000042
     102      23       0       0       0       0       0       000010000D0000043
     102       0       0       1       0                               0D0000044
     110      24       0       0       0       0       0       000010000D0000045
     110       0       0       1       0                               0D0000046
     110      25       0       0       0       0       0       000010000D0000047
     110       0       0       1       0                               0D0000048
     110      26       0       0       0       0       0       000010000D0000049
     110       0       0       1       0                               0D0000050
     110      27       0       0       0       0       0       000010000D0000051
     110       0       0       1       0                               0D0000052
     144      28       0       0       0       0       0       000020000D0000053
     144       0       0       1       0                               0D0000054
     108      29       0       0       0       0       0       000010000D0000055
     108       0       0       1       0                               0D0000056
     142      30       0       0       0       0       0       000010500D0000057
     142       0       0       1       0                               0D0000058
     102      31       0       0       0       0       0       000010000D0000059
     102       0       0       1       0                               0D0000060
     110      32       0       0       0       0       0       000010000D0000061
     110       0       0       1       0                               0D0000062
     110      33       0       0       0       0       0       000010000D0000063
     110       0       0       1       0                               0D0000064
     110      34       0       0       0       0       0       000010000D0000065
     110       0       0       1       0                               0D0000066
     110      35       0       0       0       0       0       000010000D0000067
     110       0       0       1       0                               0D0000068
     144      36       0       0       0       0       0       000020000D0000069
     144       0       0       1       0                               0D0000070
     108      37       0       0       0       0       0       000010000D0000071
     108       0       0       1       0                               0D0000072
     142      38       0       0       0       0       0       000010500D0000073
     142       0       0       1       0                               0D0000074
     102      39       0       0       0       0       0       000010000D0000075
     102       0       0       1       0                               0D0000076
     110      40       0       0       0       0       0       000010000D0000077
     110       0       0       1       0                               0D0000078
     110      41       0       0       0       0       0       000010000D0000079
     110       0       0       1       0                               0D0000080
     110      42       0       0       0       0       0       000010000D0000081
     110       0       0       1       0                               0D0000082
     110      43       0       0       0       0       0       000010000D0000083
     110       0       0       1       0                               0D0000084
     144      44       0       0       0       0       0       000020000D0000085
     144       0       0       1       0                               0D0000086
     108      45       0       0       0       0       0       000010000D0000087
     108       0       0       1       0                               0D0000088
     142      46       0       0       0       0       0       000010500D0000089
     142       0       0       1       0                               0D0000090
     102      47       0       0       0       0       0       000010000D0000091
     102       0       0       1       0                               0D0000092
     110      48       0       0       0       0       0       000010000D0000093
     110       0       0       1       0                               0D0000094
     110      49       0       0       0       0       0       000010000D0000095
     110       0       0       1       0                               0D0000096
     110      50       0       0       0       0       0       000010000D0000097
     110       0       0       1       0                               0D0000098
     110      51       0       0       0       0       0       000010000D0000099
     110       0       0       1       0                               0D0000100
     402      52       0       0       0       0       0       000020000D0000101
     402       0       0       1       1                Pad_02_B        D0000102
     144      53       0       0       0       0       0       000020000D0000103
     144       0       0       1       0                               0D0000104
     108      54       0       0       0       0       0       000010000D0000105
     108       0       0       1       0                               0D0000106
     142      55       0       0       0       0       0       000010500D0000107
     142       0       0       1       0                               0D0000108
     102      56       0       0       0       0       0       000010000D0000109
     102       0       0       1       0                               0D0000110
     110      57       0       0       0       0       0       000010000D0000111
     110       0       0       1       0                               0D0000112
     110      58       0       0       0       0       0       000010000D0000113
     110       0       0       1       0                               0D0000114
     110      59       0       0       0       0       0       000010000D0000115
     110       0       0       1       0                               0D0000116
     110      60       0       0       0       0       0       000010000D0000117
     110       0       0       1       0                               0D0000118
     144      61       0       0       0       0       0       000020000D0000119
     144       0       0       1       0                               0D0000120
     108      62       0       0       0       0       0       000010000D0000121
     108       0       0       1       0                               0D0000122
     142      63       0       0       0       0       0       000010500D0000123
     142       0       0       1       0                               0D0000124
     102      64       0       0       0       0       0       000010000D0000125
     102       0       0       1       0                               0D0000126
     110      65       0       0       0       0       0       000010000D0000127
     110       0       0       1       0                               0D0000128
     110      66       0       0       0       0       0       000010000D0000129
     110       0       0       1       0                               0D0000130
     110      67       0       0       0       0       0       000010000D0000131
     110       0       0       1       0                               0D0000132
     110      68       0       0       0       0       0       000010000D0000133
     110       0       0       1       0                               0D0000134
     144      69       0       0       0       0       0       000020000D0000135
     144       0       0       1       0                               0D0000136
     108      70       0       0       0       0       0       000010000D0000137
     108       0       0       1       0                               0D0000138
     142      71       0       0       0       0       0       000010500D0000139
     142       0       0       1       0                               0D0000140
     102      72       0       0       0       0       0       000010000D0000141
     102       0       0       1       0                               0D0000142
     110      73       0       0       0       0       0       000010000D0000143
     110       0       0       1       0                               0D0000144
     110      74       0       0       0       0       0       000010000D0000145
     110       0       0       1       0                               0D0000146
     110      75       0       0       0       0       0       000010000D0000147
     110       0       0       1       0                               0D0000148
     110      76       0       0       0       0       0       000010000D0000149
     110       0       0       1       0                               0D0000150
     144      77       0       0       0       0       0       000020000D0000151
     144       0       0       1       0                               0D0000152
     108      78       0       0       0       0       0       000010000D0000153
     108       0       0       1       0                               0D0000154
     142      79       0       0       0       0       0       000010500D0000155
     142       0       0       1       0                               0D0000156
     102      80       0       0       0       0       0       000010000D0000157
     102       0       0       1       0                               0D0000158
     110      81       0       0       0       0       0       000010000D0000159
     110       0       0       1       0                               0D0000160
     110      82       0       0       0       0       0       000010000D0000161
     110       0       0       1       0                               0D0000162
     110      83       0       0       0       0       0       000010000D0000163
     110       0       0       1       0                               0D0000164
     110      84       0       0       0       0       0       000010000D0000165
     110       0       0       1       0                               0D0000166
     144      85       0       0       0       0       0       000020000D0000167
     144       0       0       1       0                               0D0000168
     108      86       0       0       0       0       0       000010000D0000169
     108       0       0       1       0                               0D0000170
     142      87       0       0       0       0       0       000010500D0000171
     142       0       0       1       0                               0D0000172
     102      88       0       0       0       0       0       000010000D0000173
     102       0       0       1       0                               0D0000174
     110      89       0       0       0       0       0       000010000D0000175
     110       0       0       1       0                               0D0000176
     110      90       0       0       0       0       0       000010000D0000177
     110       0       0       1       0                               0D0000178
     110      91       0       0       0       0       0       000010000D0000179
     110       0       0       1       0                               0D0000180
     110      92       0       0       0       0       0       000010000D0000181
     110       0       0       1       0                               0D0000182
     144      93       0       0       0       0       0       000020000D0000183
     144       0       0       1       0                               0D0000184
     108      94       0       0       0       0       0       000010000D0000185
     108       0       0       1       0                               0D0000186
     142      95       0       0       0       0       0       000010500D0000187
     142       0       0       1       0                               0D0000188
     102      96       0       0       0       0       0       000010000D0000189
     102       0       0       1       0                               0D0000190
     110      97       0       0       0       0       0       000010000D0000191
     110       0       0       1       0                               0D0000192
     110      98       0       0       0       0       0       000010000D0000193
     110       0       0       1       0                               0D0000194
     110      99       0       0       0       0       0       000010000D0000195
     110       0       0       1       0                               0D0000196
     110     100       0       0       0       0       0       000010000D0000197
     110       0       0       1       0                               0D0000198
     402     101       0       0       0       0       0       000020000D0000199
     402       0       0       1       1                _03_Base        D0000200
     144     102       0       0       0       0       0       000020000D0000201
     144       0       0       1       0                               0D0000202
     108     103       0       0       0       0       0       000010000D0000203
     108       0       0       1       0                               0D0000204
     142     104       0       0       0       0       0       000010500D0000205
     142       0       0       1       0                               0D0000206
     102     105       0       0       0       0       0       000010000D0000207
     102       0       0       1       0                               0D0000208
     110     106       0       0       0       0       0       000010000D0000209
     110       0       0       1       0                               0D0000210
     110     107       0       0       0       0       0       000010000D0000211
     110       0       0       1       0                               0D0000212
     110     108       0       0       0       0       0       000010000D0000213
     110       0       0       1       0                               0D0000214
     110     109       0       0       0       0       0       000010000D0000215
     110       0       0       1       0                               0D0000216
     144     110       0       0       0       0       0       000020000D0000217
     144       0       0       1       0                               0D0000218
     108     111       0       0       0       0       0       000010000D0000219
     108       0       0       1       0                               0D0000220
     142     112       0       0       0       0       0       000010500D0000221
     142       0       0       1       0                               0D0000222
     102     113       0       0       0       0       0       000010000D0000223
     102       0       0       1       0                               0D0000224
     110     114       0       0       0       0       0       000010000D0000225
     110       0       0       1       0                               0D0000226
     110     115       0       0       0       0       0       000010000D0000227
     110       0       0       1       0                               0D0000228
     110     116       0       0       0       0       0       000010000D0000229
     110       0       0       1       0                               0D0000230
     110     117       0       0       0       0       0       000010000D0000231
     110       0       0       1       0                               0D0000232
     144     118       0       0       0       0       0       000020000D0000233
     144       0       0       1       0                               0D0000234
     108     119       0       0       0       0       0       000010000D0000235
     108       0       0       1       0                               0D0000236
     142     120       0       0       0       0       0       000010500D0000237
     142       0       0       1       0                               0D0000238
     102     121       0       0       0       0       0       000010000D0000239
     102       0       0       1       0                               0D0000240
     110     122       0       0       0       0       0       000010000D0000241
     110       0       0       1       0                               0D0000242
     110     123       0       0       0       0       0       000010000D0000243
     110       0       0       1       0                               0D0000244
     110     124       0       0       0       0       0       000010000D0000245
     110       0       0       1       0                               0D0000246
     110     125       0       0       0       0       0       000010000D0000247
     110       0       0       1       0                               0D0000248
     144     126       0       0       0       0       0       000020000D0000249
     144       0       0       1       0                               0D0000250
     108     127       0       0       0       0       0       000010000D0000251
     108       0       0       1       0                               0D0000252
     142     128       0       0       0       0       0       000010500D0000253
     142       0       0       1       0                               0D0000254
     102     129       0       0       0       0       0       000010000D0000255
     102       0       0       1       0                               0D0000256
     110     130       0       0       0       0       0       000010000D0000257
     110       0       0       1       0                               0D0000258
     110     131       0       0       0       0       0       000010000D0000259
     110       0       0       1       0                               0D0000260
     110     132       0       0       0       0       0       000010000D0000261
     110       0       0       1       0                               0D0000262
     110     133       0       0       0       0       0       000010000D0000263
     110       0       0       1       0                               0D0000264
     144     134       0       0       0       0       0       000020000D0000265
     144       0       0       1       0                               0D0000266
     108     135       0       0       0       0       0       000010000D0000267
     108       0       0       1       0                               0D0000268
     142     136       0       0       0       0       0       000010500D0000269
     142       0       0       1       0                               0D0000270
     102     137       0       0       0       0       0       000010000D0000271
     102       0       0       1       0                               0D0000272
     110     138       0       0       0       0       0       000010000D0000273
     110       0       0       1       0                               0D0000274
     110     139       0       0       0       0       0       000010000D0000275
     110       0       0       1       0                               0D0000276
     110     140       0       0       0       0       0       000010000D0000277
     110       0       0       1       0                               0D0000278
     110     141       0       0       0       0       0       000010000D0000279
     110       0       0       1       0                               0D0000280
     144     142       0       0       0       0       0       000020000D0000281
     144       0       0       1       0                               0D0000282
     108     143       0       0       0       0       0       000010000D0000283
     108       0       0       1       0                               0D0000284
     142     144       0       0       0       0       0       000010500D0000285
     142       0       0       1       0                               0D0000286
     102     145       0       0       0       0       0       000010000D0000287
     102       0       0       1       0                               0D0000288
     110     146       0       0       0       0       0       000010000D0000289
     110       0       0       1       0                               0D0000290
     110     147       0       0       0       0       0       000010000D0000291
     110       0       0       1       0                               0D0000292
     110     148       0       0       0       0       0       000010000D0000293
     110       0       0       1       0                               0D0000294
     110     149       0       0       0       0       0       000010000D0000295
     110       0       0       1       0                               0D0000296
     402     150       0       0       0       0       0       000020000D0000297
     402       0       0       1       1                _04_Tool        D0000298
     144     151       0       0       0       0       0       000020000D0000299
     144       0       0       1       0                               0D0000300
     108     152       0       0       0       0       0       000010000D0000301
     108       0       0       1       0                               0D0000302
     142     153       0       0       0       0       0       000010500D0000303
     142       0       0       1       0                               0D0000304
     102     154       0       0       0       0       0       000010000D0000305
     102       0       0       1       0                               0D0000306
     110     155       0       0       0       0       0       000010000D0000307
     110       0       0       1       0                               0D0000308
     110     156       0       0       0       0       0       000010000D0000309
     110       0       0       1       0                               0D0000310
     110     157       0       0       0       0       0       000010000D0000311
     110       0       0       1       0                               0D0000312
     110     158       0       0       0       0       0       000010000D0000313
     110       0       0       1       0                               0D0000314
     144     159       0       0       0       0       0       000020000D0000315
     144       0       0       1       0                               0D0000316
     108     160       0       0       0       0       0       000010000D0000317
     108       0       0       1       0                               0D0000318
     142     161       0       0       0       0       0       000010500D0000319
     142       0       0       1       0                               0D0000320
     102     162       0       0       0       0       0       000010000D0000321
     102       0       0       1       0                               0D0000322
     110     163       0       0       0       0       0       000010000D0000323
     110       0       0       1       0                               0D0000324
     110     164       0       0       0       0       0       000010000D0000325
     110       0       0       1       0                               0D0000326
     110     165       0       0       0       0       0       000010000D0000327
     110       0       0       1       0                               0D0000328
     110     166       0       0       0       0       0       000010000D0000329
     110       0       0       1       0                               0D0000330
     144     167       0       0       0       0       0       000020000D0000331
     144       0       0       1       0                               0D0000332
     108     168       0       0       0       0       0       000010000D0000333
     108       0       0       1       0                               0D0000334
     142     169       0       0       0       0       0       000010500D0000335
     142       0       0       1       0                               0D0000336
     102     170       0       0       0       0       0       000010000D0000337
     102       0       0       1       0                               0D0000338
     110     171       0       0       0       0       0       000010000D0000339
     110       0       0       1       0                               0D0000340
     110     172       0       0       0       0       0       000010000D0000341
     110       0       0       1       0                               0D0000342
     110     173       0       0       0       0       0       000010000D0000343
     110       0       0       1       0                               0D0000344
     110     174       0       0       0       0       0       000010000D0000345
     110       0       0       1       0                               0D0000346
     144     175       0       0       0       0       0       000020000D0000347
     144       0       0       1       0                               0D0000348
     108     176       0       0       0       0       0       000010000D0000349
     108       0       0       1       0                               0D0000350
     142     177       0       0       0       0       0       000010500D0000351
     142       0       0       1       0                               0D0000352
     102     178       0       0       0       0       0       000010000D0000353
     102       0       0       1       0                               0D0000354
     110     179       0       0       0       0       0       000010000D0000355
     110       0       0       1       0                               0D0000356
     110     180       0       0       0       0       0       000010000D0000357
     110       0       0       1       0                               0D0000358
     110     181       0       0       0       0       0       000010000D0000359
     110       0       0       1       0                               0D0000360
     110     182       0       0       0       0       0       000010000D0000361
     110       0       0       1       0                               0D0000362
     144     183       0       0       0       0       0       000020000D0000363
     144       0       0       1       0                               0D0000364
     108     184       0       0       0       0       0       000010000D0000365
     108       0       0       1       0                               0D0000366
     142     185       0       0       0       0       0       000010500D0000367
     142       0       0       1       0                               0D0000368
     102     186       0       0       0       0       0       000010000D0000369
     102       0       0       1       0                               0D0000370
     110     187       0       0       0       0       0       000010000D0000371
     110       0       0       1       0                               0D0000372
     110     188       0       0       0       0       0       000010000D0000373
     110       0       0       1       0                               0D0000374
     110     189       0       0       0       0       0       000010000D0000375
     110       0       0       1       0                               0D0000376
     110     190       0       0       0       0       0       000010000D0000377
     110       0       0       1       0                               0D0000378
     144     191       0       0       0       0       0       000020000D0000379
     144       0       0       1       0                               0D0000380
     108     192       0       0       0       0       0       000010000D0000381
     108       0       0       1       0                               0D0000382
     142     193       0       0       0       0       0       000010500D0000383
     142       0       0       1       0                               0D0000384
     102     194       0       0       0       0       0       000010000D0000385
     102       0       0       1       0                               0D0000386
     110     195       0       0       0       0       0       000010000D0000387
     110       0       0       1       0                               0D0000388
     110     196       0       0       0       0       0       000010000D0000389
     110       0       0       1       0                               0D0000390
     110     197       0       0       0       0       0       000010000D0000391
     110       0       0       1       0                               0D0000392
     110     198       0       0       0       0       0       000010000D0000393
     110       0       0       1       0                               0D0000394
     402     199       0       0       0       0       0       000020000D0000395
     402       0       0       1       1                               0D0000396
     144     200       0       0       0       0       0       000020000D0000397
     144       0       0       1       0                               0D0000398
     108     201       0       0       0       0       0       000010000D0000399
     108       0       0       1       0                               0D0000400
     142     202       0       0       0       0       0       000010500D0000401
     142       0       0       1       0                               0D0000402
     102     203       0       0       0       0       0       000010000D0000403
     102       0       0       1       0                               0D0000404
     110     204       0       0       0       0       0       000010000D0000405
     110       0       0       1       0                               0D0000406
     110     205       0       0       0       0       0       000010000D0000407
     110       0       0       1       0                               0D0000408
     110     206       0       0       0       0       0       000010000D0000409
     110       0       0       1       0                               0D0000410
     110     207       0       0       0       0       0       000010000D0000411
     110       0       0       1       0                               0D0000412
     144     208       0       0       0       0       0       000020000D0000413
     144       0       0       1       0                               0D0000414
     108     209       0       0       0       0       0       000010000D0000415
     108       0       0       1       0                               0D0000416
     142     210       0       0       0       0       0       000010500D0000417
     142       0       0       1       0                               0D0000418
     102     211       0       0       0       0       0       000010000D0000419
     102       0       0       1       0                               0D0000420
     110     212       0       0       0       0       0       000010000D0000421
     110       0       0       1       0                               0D0000422
     110     213       0       0       0       0       0       000010000D0000423
     110       0       0       1       0                               0D0000424
     110     214       0       0       0       0       0       000010000D0000425
     110       0       0       1       0                               0D0000426
     110     215       0       0       0       0       0       000010000D0000427
     110       0       0       1       0                               0D0000428
     144     216       0       0       0       0       0       000020000D0000429
     144       0       0       1       0                               0D0000430
     108     217       0       0       0       0       0       000010000D0000431
     108       0       0       1       0                               0D0000432
     142     218       0       0       0       0       0       000010500D0000433
     142       0       0       1       0                               0D0000434
     102     219       0       0       0       0       0       000010000D0000435
     102       0       0       1       0                               0D0000436
     110     220       0       0       0       0       0       000010000D0000437
     110       0       0       1       0                               0D0000438
     110     221       0       0       0       0       0       000010000D0000439
     110       0       0       1       0                               0D0000440
     110     222       0       0       0       0       0       000010000D0000441
     110       0       0       1       0                               0D0000442
     110     223       0       0       0       0       0       000010000D0000443
     110       0       0       1       0                               0D0000444
     144     224       0       0       0       0       0       000020000D0000445
     144       0       0       1       0                               0D0000446
     108     225       0       0       0       0       0       000010000D0000447
     108       0       0       1       0                               0D0000448
     142     226       0       0       0       0       0       000010500D0000449
     142       0       0       1       0                               0D0000450
     102     227       0       0       0       0       0       000010000D0000451
     102       0       0       1       0                               0D0000452
     110     228       0       0       0       0       0       000010000D0000453
     110       0       0       1       0                               0D0000454
     110     229       0       0       0       0       0       000010000D0000455
     110       0       0       1       0                               0D0000456
     110     230       0       0       0       0       0       000010000D0000457
     110       0       0       1       0                               0D0000458
     110     231       0       0       0       0       0       000010000D0000459
     110       0       0       1       0                               0D0000460
     144     232       0       0       0       0       0       000020000D0000461
     144       0       0       1       0                               0D0000462
     108     233       0       0       0       0       0       000010000D0000463
     108       0       0       1       0                               0D0000464
     142     234       0       0       0       0       0       000010500D0000465
     142       0       0       1       0                               0D0000466
     102     235       0       0       0       0       0       000010000D0000467
     102       0       0       1       0                               0D0000468
     110     236       0       0       0       0       0       000010000D0000469
     110       0       0       1       0                               0D0000470
     110     237       0       0       0       0       0       000010000D0000471
     110       0       0       1       0                               0D0000472
     110     238       0       0       0       0       0       000010000D0000473
     110       0       0       1       0                               0D0000474
     110     239       0       0       0       0       0       000010000D0000475
     110       0       0       1       0                               0D0000476
     142     240       0       0       0       0       0       000010500D0000477
     142       0       0       1       0                               0D0000478
     102     241       0       0       0       0       0       000010000D0000479
     102       0       0       1       0                               0D0000480
     110     242       0       0       0       0       0       000010000D0000481
     110       0       0       1       0                               0D0000482
     110     243       0       0       0       0       0       000010000D0000483
     110       0       0       1       0                               0D0000484
     110     244       0       0       0       0       0       000010000D0000485
     110       0       0       1       0                               0D0000486
     110     245       0       0       0       0       0       000010000D0000487
     110       0       0       1       0                               0D0000488
     144     246       0       0       0       0       0       000020000D0000489
     144       0       0       1       0                               0D0000490
     108     247       0       0       0       0       0       000010000D0000491
     108       0       0       1       0                               0D0000492
     142     248       0       0       0       0       0       000010500D0000493
     142       0       0       1       0                               0D0000494
     102     249       0       0       0       0       0       000010000D0000495
     102       0       0       1       0                               0D0000496
     110     250       0       0       0       0       0       000010000D0000497
     110       0       0       1       0                               0D0000498
     110     251       0       0       0       0       0       000010000D0000499
     110       0       0       1       0                               0D0000500
     110     252       0       0       0       0       0       000010000D0000501
     110       0       0       1       0                               0D0000502
     110     253       0       0       0       0       0       000010000D0000503
     110       0       0       1       0                               0D0000504
     144     254       0       0       0       0       0       000020000D0000505
     144       0       0       1       0                               0D0000506
     108     255       0       0       0       0       0       000010000D0000507
     108       0       0       1       0                               0D0000508
     142     256       0       0       0       0       0       000010500D0000509
     142       0       0       1       0                               0D0000510
     102     257       0       0       0       0       0       000010000D0000511
     102       0       0       1       0                               0D0000512
     110     258       0       0       0       0       0       000010000D0000513
     110       0       0       1       0                               0D0000514
     110     259       0       0       0       0       0       000010000D0000515
     110       0       0       1       0                               0D0000516
     110     260       0       0       0       0       0       000010000D0000517
     110       0       0       1       0                               0D0000518
     110     261       0       0       0       0       0       000010000D0000519
     110       0       0       1       0                               0D0000520
     144     262       0       0       0       0       0       000020000D0000521
     144       0       0       1       0                               0D0000522
     108     263       0       0       0       0       0       000010000D0000523
     108       0       0       1       0                               0D0000524
     142     264       0       0       0       0       0       000010500D0000525
     142       0       0       1       0                               0D0000526
     102     265       0       0       0       0       0       000010000D0000527
     102       0       0       1       0                               0D0000528
     110     266       0       0       0       0       0       000010000D0000529
     110       0       0       1       0                               0D0000530
     110     267       0       0       0       0       0       000010000D0000531
     110       0       0       1       0                               0D0000532
     110     268       0       0       0       0       0       000010000D0000533
     110       0       0       1       0                               0D0000534
     110     269       0       0       0       0       0       000010000D0000535
     110       0       0       1       0                               0D0000536
     144     270       0       0       0       0       0       000020000D0000537
     144       0       0       1       0                               0D0000538
     108     271       0       0       0       0       0       000010000D0000539
     108       0       0       1       0                               0D0000540
     142     272       0       0       0       0       0       000010500D0000541
     142       0       0       1       0                               0D0000542
     102     273       0       0       0       0       0       000010000D0000543
     102       0       0       1       0                               0D0000544
     110     274       0       0       0       0       0       000010000D0000545
     110       0       0       1       0                               0D0000546
     110     275       0       0       0       0       0       000010000D0000547
     110       0       0       1       0                               0D0000548
     110     276       0       0       0       0       0       000010000D0000549
     110       0       0       1       0                               0D0000550
     110     277       0       0       0       0       0       000010000D0000551
     110       0       0       1       0                               0D0000552
     144     278       0       0       0       0       0       000020000D0000553
     144       0       0       1       0                               0D0000554
     108     279       0       0       0       0       0       000010000D0000555
     108       0       0       1       0                               0D0000556
     142     280       0       0       0       0       0       000010500D0000557
     142       0       0       1       0                               0D0000558
     102     281       0       0       0       0       0       000010000D0000559
     102       0       0       1       0                               0D0000560
     110     282       0       0       0       0       0       000010000D0000561
     110       0       0       1       0                               0D0000562
     110     283       0       0       0       0       0       000010000D0000563
     110       0       0       1       0                               0D0000564
     110     284       0       0       0       0       0       000010000D0000565
     110       0       0       1       0                               0D0000566
     110     285       0       0       0       0       0       000010000D0000567
     110       0       0       1       0                               0D0000568
     144     286       0       0       0       0       0       000020000D0000569
     144       0       0       1       0                               0D0000570
     108     287       0       0       0       0       0       000010000D0000571
     108       0       0       1       0                               0D0000572
     142     288       0       0       0       0       0       000010500D0000573
     142       0       0       1       0                               0D0000574
     102     289       0       0       0       0       0       000010000D0000575
     102       0       0       1       0                               0D0000576
     110     290       0       0       0       0       0       000010000D0000577
     110       0       0       1       0                               0D0000578
     110     291       0       0       0       0       0       000010000D0000579
     110       0       0       1       0                               0D0000580
     110     292       0       0       0       0       0       000010000D0000581
     110       0       0       1       0                               0D0000582
     110     293       0       0       0       0       0       000010000D0000583
     110       0       0       1       0                               0D0000584
     402     294       0       0       0       0       0       000020000D0000585
     402       0       0       1       1                _04_Tool        D0000586
     144     295       0       0       0       0       0       000020000D0000587
     144       0       0       1       0                               0D0000588
     108     296       0       0       0       0       0       000010000D0000589
     108       0       0       1       0                               0D0000590
     142     297       0       0       0       0       0       000010500D0000591
     142       0       0       1       0                               0D0000592
     102     298       0       0       0       0       0       000010000D0000593
     102       0       0       1       0                               0D0000594
     110     299       0       0       0       0       0       000010000D0000595
     110       0       0       1       0                               0D0000596
     110     300       0       0       0       0       0       000010000D0000597
     110       0       0       1       0                               0D0000598
     110     301       0       0       0       0       0       000010000D0000599
     110       0       0       1       0                               0D0000600
     110     302       0       0       0       0       0       000010000D0000601
     110       0       0       1       0                               0D0000602
     144     303       0       0       0       0       0       000020000D0000603
     144       0       0       1       0                               0D0000604
     108     304       0       0       0       0       0       000010000D0000605
     108       0       0       1       0                               0D0000606
     142     305       0       0       0       0       0       000010500D0000607
     142       0       0       1       0                               0D0000608
     102     306       0       0       0       0       0       000010000D0000609
     102       0       0       1       0                               0D0000610
     110     307       0       0       0       0       0       000010000D0000611
     110       0       0       1       0                               0D0000612
     110     308       0       0       0       0       0       000010000D0000613
     110       0       0       1       0                               0D0000614
     110     309       0       0       0       0       0       000010000D0000615
     110       0       0       1       0                               0D0000616
     110     310       0       0       0       0       0       000010000D0000617
     110       0       0       1       0                               0D0000618
     144     311       0       0       0       0       0       000020000D0000619
     144       0       0       1       0                               0D0000620
     108     312       0       0       0       0       0       000010000D0000621
     108       0       0       1       0                               0D0000622
     142     313       0       0       0       0       0       000010500D0000623
     142       0       0       1       0                               0D0000624
     102     314       0       0       0       0       0       000010000D0000625
     102       0       0       1       0                               0D0000626
     110     315       0       0       0       0       0       000010000D0000627
     110       0       0       1       0                               0D0000628
     110     316       0       0       0       0       0       000010000D0000629
     110       0       0       1       0                               0D0000630
     110     317       0       0       0       0       0       000010000D0000631
     110       0       0       1       0                               0D0000632
     110     318       0       0       0       0       0       000010000D0000633
     110       0       0       1       0                               0D0000634
     144     319       0       0       0       0       0       000020000D0000635
     144       0       0       1       0                               0D0000636
     108     320       0       0       0       0       0       000010000D0000637
     108       0       0       1       0                               0D0000638
     142     321       0       0       0       0       0       000010500D0000639
     142       0       0       1       0                               0D0000640
     102     322       0       0       0       0       0       000010000D0000641
     102       0       0       1       0                               0D0000642
     110     323       0       0       0       0       0       000010000D0000643
     110       0       0       1       0                               0D0000644
     110     324       0       0       0       0       0       000010000D0000645
     110       0       0       1       0                               0D0000646
     110     325       0       0       0       0       0       000010000D0000647
     110       0       0       1       0                               0D0000648
     110     326       0       0       0       0       0       000010000D0000649
     110       0       0       1       0                               0D0000650
     144     327       0       0       0       0       0       000020000D0000651
     144       0       0       1       0                               0D0000652
     108     328       0       0       0       0       0       000010000D0000653
     108       0       0       1       0                               0D0000654
     142     329       0       0       0       0       0       000010500D0000655
     142       0       0       1       0                               0D0000656
     102     330       0       0       0       0       0       000010000D0000657
     102       0       0       1       0                               0D0000658
     110     331       0       0       0       0       0       000010000D0000659
     110       0       0       1       0                               0D0000660
     110     332       0       0       0       0       0       000010000D0000661
     110       0       0       1       0                               0D0000662
     110     333       0       0       0       0       0       000010000D0000663
     110       0       0       1       0                               0D0000664
     110     334       0       0       0       0       0       000010000D0000665
     110       0       0       1       0                               0D0000666
     144     335       0       0       0       0       0       000020000D0000667
     144       0       0       1       0                               0D0000668
     108     336       0       0       0       0       0       000010000D0000669
     108       0       0       1       0                               0D0000670
     142     337       0       0       0       0       0       000010500D0000671
     142       0       0       1       0                               0D0000672
     102     338       0       0       0       0       0       000010000D0000673
     102       0       0       1       0                               0D0000674
     110     339       0       0       0       0       0       000010000D0000675
     110       0       0       1       0                               0D0000676
     110     340       0       0       0       0       0       000010000D0000677
     110       0       0       1       0                               0D0000678
     110     341       0       0       0       0       0       000010000D0000679
     110       0       0       1       0                               0D0000680
     110     342       0       0       0       0       0       000010000D0000681
     110       0       0       1       0                               0D0000682
     402     343       0       0       0       0       0       000020000D0000683
     402       0       0       2       1                               0D0000684
     144     345       0       0       0       0       0       000020000D0000685
     144       0       0       1       0                               0D0000686
     108     346       0       0       0       0       0       000010000D0000687
     108       0       0       1       0                               0D0000688
     142     347       0       0       0       0       0       000010500D0000689
     142       0       0       1       0                               0D0000690
     102     348       0       0       0       0       0       000010000D0000691
     102       0       0       1       0                               0D0000692
     110     349       0       0       0       0       0       000010000D0000693
     110       0       0       1       0                               0D0000694
     110     350       0       0       0       0       0       000010000D0000695
     110       0       0       1       0                               0D0000696
     110     351       0       0       0       0       0       000010000D0000697
     110       0       0       1       0                               0D0000698
     110     352       0       0       0       0       0       000010000D0000699
     110       0       0       1       0                               0D0000700
     144     353       0       0       0       0       0       000020000D0000701
     144       0       0       1       0                               0D0000702
     108     354       0       0       0       0       0       000010000D0000703
     108       0       0       1       0                               0D0000704
     142     355       0       0       0       0       0       000010500D0000705
     142       0       0       1       0                               0D0000706
     102     356       0       0       0       0       0       000010000D0000707
     102       0       0       1       0                               0D0000708
     110     357       0       0       0       0       0       000010000D0000709
     110       0       0       1       0                               0D0000710
     110     358       0       0       0       0       0       000010000D0000711
     110       0       0       1       0                               0D0000712
     110     359       0       0       0       0       0       000010000D0000713
     110       0       0       1       0                               0D0000714
     110     360       0       0       0       0       0       000010000D0000715
     110       0       0       1       0                               0D0000716
     144     361       0       0       0       0       0       000020000D0000717
     144       0       0       1       0                               0D0000718
     108     362       0       0       0       0       0       000010000D0000719
     108       0       0       1       0                               0D0000720
     142     363       0       0       0       0       0       000010500D0000721
     142       0       0       1       0                               0D0000722
     102     364       0       0       0       0       0       000010000D0000723
     102       0       0       1       0                               0D0000724
     110     365       0       0       0       0       0       000010000D0000725
     110       0       0       1       0                               0D0000726
     110     366       0       0       0       0       0       000010000D0000727
     110       0       0       1       0                               0D0000728
     110     367       0       0       0       0       0       000010000D0000729
     110       0       0       1       0                               0D0000730
     110     368       0       0       0       0       0       000010000D0000731
     110       0       0       1       0                               0D0000732
     144     369       0       0       0       0       0       000020000D0000733
     144       0       0       1       0                               0D0000734
     108     370       0       0       0       0       0       000010000D0000735
     108       0       0       1       0                               0D0000736
     142     371       0       0       0       0       0       000010500D0000737
     142       0       0       1       0                               0D0000738
     102     372       0       0       0       0       0       000010000D0000739
     102       0       0       1       0                               0D0000740
     110     373       0       0       0       0       0       000010000D0000741
     110       0       0       1       0                               0D0000742
     110     374       0       0       0       0       0       000010000D0000743
     110       0       0       1       0                               0D0000744
     110     375       0       0       0       0       0       000010000D0000745
     110       0       0       1       0                               0D0000746
     110     376       0       0       0       0       0       000010000D0000747
     110       0       0       1       0                               0D0000748
     144     377       0       0       0       0       0       000020000D0000749
     144       0       0       1       0                               0D0000750
     108     378       0       0       0       0       0       000010000D0000751
     108       0       0       1       0                               0D0000752
     142     379       0       0       0       0       0       000010500D0000753
     142       0       0       1       0                               0D0000754
     102     380       0       0       0       0       0       000010000D0000755
     102       0       0       1       0                               0D0000756
     110     381       0       0       0       0       0       000010000D0000757
     110       0       0       1       0                               0D0000758
     110     382       0       0       0       0       0       000010000D0000759
     110       0       0       1       0                               0D0000760
     110     383       0       0       0       0       0       000010000D0000761
     110       0       0       1       0                               0D0000762
     110     384       0       0       0       0       0       000010000D0000763
     110       0       0       1       0                               0D0000764
     142     385       0       0       0       0       0       000010500D0000765
     142       0       0       1       0                               0D0000766
     102     386       0       0       0       0       0       000010000D0000767
     102       0       0       1       0                               0D0000768
     110     387       0       0       0       0       0       000010000D0000769
     110       0       0       1       0                               0D0000770
     110     388       0       0       0       0       0       000010000D0000771
     110       0       0       1       0                               0D0000772
     110     389       0       0       0       0       0       000010000D0000773
     110       0       0       1       0                               0D0000774
     110     390       0       0       0       0       0       000010000D0000775
     110       0       0       1       0                               0D0000776
     142     391       0       0       0       0       0       000010500D0000777
     142       0       0       1       0                               0D0000778
     102     392       0       0       0       0       0       000010000D0000779
     102       0       0       1       0                               0D0000780
     110     393       0       0       0       0       0       000010000D0000781
     110       0       0       1       0                               0D0000782
     110     394       0       0       0       0       0       000010000D0000783
     110       0       0       1       0                               0D0000784
     110     395       0       0       0       0       0       000010000D0000785
     110       0       0       1       0                               0D0000786
     110     396       0       0       0       0       0       000010000D0000787
     110       0       0       1       0                               0D0000788
     144     397       0       0       0       0       0       000020000D0000789
     144       0       0       1       0                               0D0000790
     108     398       0       0       0       0       0       000010000D0000791
     108       0       0       1       0                               0D0000792
     142     399       0       0       0       0       0       000010500D0000793
     142       0       0       1       0                               0D0000794
     102     400       0       0       0       0       0       000010000D0000795
     102       0       0       1       0                               0D0000796
     110     401       0       0       0       0       0       000010000D0000797
     110       0       0       1       0                               0D0000798
     110     402       0       0       0       0       0       000010000D0000799
     110       0       0       1       0                               0D0000800
     110     403       0       0       0       0       0       000010000D0000801
     110       0       0       1       0                               0D0000802
     110     404       0       0       0       0       0       000010000D0000803
     110       0       0       1       0                               0D0000804
     144     405       0       0       0       0       0       000020000D0000805
     144       0       0       1       0                               0D0000806
     108     406       0       0       0       0       0       000010000D0000807
     108       0       0       1       0                               0D0000808
     142     407       0       0       0       0       0       000010500D0000809
     142       0       0       1       0                               0D0000810
     102     408       0       0       0       0       0       000010000D0000811
     102       0       0       1       0                               0D0000812
     110     409       0       0       0       0       0       000010000D0000813
     110       0       0       1       0                               0D0000814
     110     410       0       0       0       0       0       000010000D0000815
     110       0       0       1       0                               0D0000816
     110     411       0       0       0       0       0       000010000D0000817
     110       0       0       1       0                               0D0000818
     110     412       0       0       0       0       0       000010000D0000819
     110       0       0       1       0                               0D0000820
     144     413       0       0       0       0       0       000020000D0000821
     144       0       0       1       0                               0D0000822
     108     414       0       0       0       0       0       000010000D0000823
     108       0       0       1       0                               0D0000824
     142     415       0       0       0       0       0       000010500D0000825
     142       0       0       1       0                               0D0000826
     102     416       0       0       0       0       0       000010000D0000827
     102       0       0       1       0                               0D0000828
     110     417       0       0       0       0       0       000010000D0000829
     110       0       0       1       0                               0D0000830
     110     418       0       0       0       0       0       000010000D0000831
     110       0       0       1       0                               0D0000832
     110     419       0       0       0       0       0       000010000D0000833
     110       0       0       1       0                               0D0000834
     110     420       0       0       0       0       0       000010000D0000835
     110       0       0       1       0                               0D0000836
     144     421       0       0       0       0       0       000020000D0000837
     144       0       0       1       0                               0D0000838
     108     422       0       0       0       0       0       000010000D0000839
     108       0       0       1       0                               0D0000840
     142     423       0       0       0       0       0       000010500D0000841
     142       0       0       1       0                               0D0000842
     102     424       0       0       0       0       0       000010000D0000843
     102       0       0       1       0                               0D0000844
     110     425       0       0       0       0       0       000010000D0000845
     110       0       0       1       0                               0D0000846
     110     426       0       0       0       0       0       000010000D0000847
     110       0       0       1       0                               0D0000848
     110     427       0       0       0       0       0       000010000D0000849
     110       0       0       1       0                               0D0000850
     110     428       0       0       0       0       0       000010000D0000851
     110       0       0       1       0                               0D0000852
     144     429       0       0       0       0       0       000020000D0000853
     144       0       0       1       0                               0D0000854
     108     430       0       0       0       0       0       000010000D0000855
     108       0       0       1       0                               0D0000856
     142     431       0       0       0       0       0       000010500D0000857
     142       0       0       1       0                               0D0000858
     102     432       0       0       0       0       0       000010000D0000859
     102       0       0       1       0                               0D0000860
     110     433       0       0       0       0       0       000010000D0000861
     110       0       0       1       0                               0D0000862
     110     434       0       0       0       0       0       000010000D0000863
     110       0       0       1       0                               0D0000864
     110     435       0       0       0       0       0       000010000D0000865
     110       0       0       1       0                               0D0000866
     110     436       0       0       0       0       0       000010000D0000867
     110       0       0       1       0                               0D0000868
     144     437       0       0       0       0       0       000020000D0000869
     144       0       0       1       0                               0D0000870
     108     438       0       0       0       0       0       000010000D0000871
     108       0       0       1       0                               0D0000872
     142     439       0       0       0       0       0       000010500D0000873
     142       0       0       1       0                               0D0000874
     102     440       0       0       0       0       0       000010000D0000875
     102       0       0       1       0                               0D0000876
     110     441       0       0       0       0       0       000010000D0000877
     110       0       0       1       0                               0D0000878
     110     442       0       0       0       0       0       000010000D0000879
     110       0       0       1       0                               0D0000880
     110     443       0       0       0       0       0       000010000D0000881
     110       0       0       1       0                               0D0000882
     110     444       0       0       0       0       0       000010000D0000883
     110       0       0       1       0                               0D0000884
     144     445       0       0       0       0       0       000020000D0000885
     144       0       0       1       0                               0D0000886
     108     446       0       0       0       0       0       000010000D0000887
     108       0       0       1       0                               0D0000888
     142     447       0       0       0       0       0       000010500D0000889
     142       0       0       1       0                               0D0000890
     102     448       0       0       0       0       0       000010000D0000891
     102       0       0       1       0                               0D0000892
     110     449       0       0       0       0       0       000010000D0000893
     110       0       0       1       0                               0D0000894
     110     450       0       0       0       0       0       000010000D0000895
     110       0       0       1       0                               0D0000896
     110     451       0       0       0       0       0       000010000D0000897
     110       0       0       1       0                               0D0000898
     110     452       0       0       0       0       0       000010000D0000899
     110       0       0       1       0                               0D0000900
     144     453       0       0       0       0       0       000020000D0000901
     144       0       0       1       0                               0D0000902
     108     454       0       0       0       0       0       000010000D0000903
     108       0       0       1       0                               0D0000904
     142     455       0       0       0       0       0       000010500D0000905
     142       0       0       1       0                               0D0000906
     102     456       0       0       0       0       0       000010000D0000907
     102       0       0       1       0                               0D0000908
     110     457       0       0       0       0       0       000010000D0000909
     110       0       0       1       0                               0D0000910
     110     458       0       0       0       0       0       000010000D0000911
     110       0       0       1       0                               0D0000912
     110     459       0       0       0       0       0       000010000D0000913
     110       0       0       1       0                               0D0000914
     110     460       0       0       0       0       0       000010000D0000915
     110       0       0       1       0                               0D0000916
     144     461       0       0       0       0       0       000020000D0000917
     144       0       0       1       0                               0D0000918
     108     462       0       0       0       0       0       000010000D0000919
     108       0       0       1       0                               0D0000920
     142     463       0       0       0       0       0       000010500D0000921
     142       0       0       1       0                               0D0000922
     102     464       0       0       0       0       0       000010000D0000923
     102       0       0       1       0                               0D0000924
     110     465       0       0       0       0       0       000010000D0000925
     110       0       0       1       0                               0D0000926
     110     466       0       0       0       0       0       000010000D0000927
     110       0       0       1       0                               0D0000928
     110     467       0       0       0       0       0       000010000D0000929
     110       0       0       1       0                               0D0000930
     110     468       0       0       0       0       0       000010000D0000931
     110       0       0       1       0                               0D0000932
     144     469       0       0       0       0       0       000020000D0000933
     144       0       0       1       0                               0D0000934
     108     470       0       0       0       0       0       000010000D0000935
     108       0       0       1       0                               0D0000936
     142     471       0       0       0       0       0       000010500D0000937
     142       0       0       1       0                               0D0000938
     102     472       0       0       0       0       0       000010000D0000939
     102       0       0       1       0                               0D0000940
     110     473       0       0       0       0       0       000010000D0000941
     110       0       0       1       0                               0D0000942
     110     474       0       0       0       0       0       000010000D0000943
     110       0       0       1       0                               0D0000944
     110     475       0       0       0       0       0       000010000D0000945
     110       0       0       1       0                               0D0000946
     110     476       0       0       0       0       0       000010000D0000947
     110       0       0       1       0                               0D0000948
     144     477       0       0       0       0       0       000020000D0000949
     144       0       0       1       0                               0D0000950
     108     478       0       0       0       0       0       000010000D0000951
     108       0       0       1       0                               0D0000952
     142     479       0       0       0       0       0       000010500D0000953
     142       0       0       1       0                               0D0000954
     102     480       0       0       0       0       0       000010000D0000955
     102       0       0       1       0                               0D0000956
     110     481       0       0       0       0       0       000010000D0000957
     110       0       0       1       0                               0D0000958
     110     482       0       0       0       0       0       000010000D0000959
     110       0       0       1       0                               0D0000960
     110     483       0       0       0       0       0       000010000D0000961
     110       0       0       1       0                               0D0000962
     110     484       0       0       0       0       0       000010000D0000963
     110       0       0       1       0                               0D0000964
     402     485       0       0       0       0       0       000020000D0000965
     402       0       0       1       1                _04_Tool        D0000966
     144     486       0       0       0       0       0       000020000D0000967
     144       0       0       1       0                               0D0000968
     108     487       0       0       0       0       0       000010000D0000969
     108       0       0       1       0                               0D0000970
     142     488       0       0       0       0       0       000010500D0000971
     142       0       0       1       0                               0D0000972
     102     489       0       0       0       0       0       000010000D0000973
     102       0       0       1       0                               0D0000974
     110     490       0       0       0       0       0       000010000D0000975
     110       0       0       1       0                               0D0000976
     110     491       0       0       0       0       0       000010000D0000977
     110       0       0       1       0                               0D0000978
     110     492       0       0       0       0       0       000010000D0000979
     110       0       0       1       0                               0D0000980
     110     493       0       0       0       0       0       000010000D0000981
     110       0       0       1       0                               0D0000982
     144     494       0       0       0       0       0       000020000D0000983
     144       0       0       1       0                               0D0000984
     108     495       0       0       0       0       0       000010000D0000985
     108       0       0       1       0                               0D0000986
     142     496       0       0       0       0       0       000010500D0000987
     142       0       0       1       0                               0D0000988
     102     497       0       0       0       0       0       000010000D0000989
     102       0       0       1       0                               0D0000990
     110     498       0       0       0       0       0       000010000D0000991
     110       0       0       1       0                               0D0000992
     110     499       0       0       0       0       0       000010000D0000993
     110       0       0       1       0                               0D0000994
     110     500       0       0       0       0       0       000010000D0000995
     110       0       0       1       0                               0D0000996
     110     501       0       0       0       0       0       000010000D0000997
     110       0       0       1       0                               0D0000998
     144     502       0       0       0       0       0       000020000D0000999
     144       0       0       1       0                               0D0001000
     108     503       0       0       0       0       0       000010000D0001001
     108       0       0       1       0                               0D0001002
     142     504       0       0       0       0       0       000010500D0001003
     142       0       0       1       0                               0D0001004
     102     505       0       0       0       0       0       000010000D0001005
     102       0       0       1       0                               0D0001006
     110     506       0       0       0       0       0       000010000D0001007
     110       0       0       1       0                               0D0001008
     110     507       0       0       0       0       0       000010000D0001009
     110       0       0       1       0                               0D0001010
     110     508       0       0       0       0       0       000010000D0001011
     110       0       0       1       0                               0D0001012
     110     509       0       0       0       0       0       000010000D0001013
     110       0       0       1       0                               0D0001014
     144     510       0       0       0       0       0       000020000D0001015
     144       0       0       1       0                               0D0001016
     108     511       0       0       0       0       0       000010000D0001017
     108       0       0       1       0                               0D0001018
     142     512       0       0       0       0       0       000010500D0001019
     142       0       0       1       0                               0D0001020
     102     513       0       0       0       0       0       000010000D0001021
     102       0       0       1       0                               0D0001022
     110     514       0       0       0       0       0       000010000D0001023
     110       0       0       1       0                               0D0001024
     110     515       0       0       0       0       0       000010000D0001025
     110       0       0       1       0                               0D0001026
     110     516       0       0       0       0       0       000010000D0001027
     110       0       0       1       0                               0D0001028
     110     517       0       0       0       0       0       000010000D0001029
     110       0       0       1       0                               0D0001030
     144     518       0       0       0       0       0       000020000D0001031
     144       0       0       1       0                               0D0001032
     108     519       0       0       0       0       0       000010000D0001033
     108       0       0       1       0                               0D0001034
     142     520       0       0       0       0       0       000010500D0001035
     142       0       0       1       0                               0D0001036
     102     521       0       0       0       0       0       000010000D0001037
     102       0       0       1       0                               0D0001038
     110     522       0       0       0       0       0       000010000D0001039
     110       0       0       1       0                               0D0001040
     110     523       0       0       0       0       0       000010000D0001041
     110       0       0       1       0                               0D0001042
     110     524       0       0       0       0       0       000010000D0001043
     110       0       0       1       0                               0D0001044
     110     525       0       0       0       0       0       000010000D0001045
     110       0       0       1       0                               0D0001046
     144     526       0       0       0       0       0       000020000D0001047
     144       0       0       1       0                               0D0001048
     108     527       0       0       0       0       0       000010000D0001049
     108       0       0       1       0                               0D0001050
     142     528       0       0       0       0       0       000010500D0001051
     142       0       0       1       0                               0D0001052
     102     529       0       0       0       0       0       000010000D0001053
     102       0       0       1       0                               0D0001054
     110     530       0       0       0       0       0       000010000D0001055
     110       0       0       1       0                               0D0001056
     110     531       0       0       0       0       0       000010000D0001057
     110       0       0       1       0                               0D0001058
     110     532       0       0       0       0       0       000010000D0001059
     110       0       0       1       0                               0D0001060
     110     533       0       0       0       0       0       000010000D0001061
     110       0       0       1       0                               0D0001062
     402     534       0       0       0       0       0       000020000D0001063
     402       0       0       2       1                               0D0001064
     144     536       0       0       0       0       0       000020000D0001065
     144       0       0       1       0                               0D0001066
     108     537       0       0       0       0       0       000010000D0001067
     108       0       0       1       0                               0D0001068
     142     538       0       0       0       0       0       000010500D0001069
     142       0       0       1       0                               0D0001070
     102     539       0       0       0       0       0       000010000D0001071
     102       0       0       1       0                               0D0001072
     110     540       0       0       0       0       0       000010000D0001073
     110       0       0       1       0                               0D0001074
     110     541       0       0       0       0       0       000010000D0001075
     110       0       0       1       0                               0D0001076
     110     542       0       0       0       0       0       000010000D0001077
     110       0       0       1       0                               0D0001078
     110     543       0       0       0       0       0       000010000D0001079
     110       0       0       1       0                               0D0001080
     144     544       0       0       0       0       0       000020000D0001081
     144       0       0       1       0                               0D0001082
     108     545       0       0       0       0       0       000010000D0001083
     108       0       0       1       0                               0D0001084
     142     546       0       0       0       0       0       000010500D0001085
     142       0       0       1       0                               0D0001086
     102     547       0       0       0       0       0       000010000D0001087
     102       0       0       1       0                               0D0001088
     110     548       0       0       0       0       0       000010000D0001089
     110       0       0       1       0                               0D0001090
     110     549       0       0       0       0       0       000010000D0001091
     110       0       0       1       0                               0D0001092
     110     550       0       0       0       0       0       000010000D0001093
     110       0       0       1       0                               0D0001094
     110     551       0       0       0       0       0       000010000D0001095
     110       0       0       1       0                               0D0001096
     144     552       0       0       0       0       0       000020000D0001097
     144       0       0       1       0                               0D0001098
     108     553       0       0       0       0       0       000010000D0001099
     108       0       0       1       0                               0D0001100
     142     554       0       0       0       0       0       000010500D0001101
     142       0       0       1       0                               0D0001102
     102     555       0       0       0       0       0       000010000D0001103
     102       0       0       1       0                               0D0001104
     110     556       0       0       0       0       0       000010000D0001105
     110       0       0       1       0                               0D0001106
     110     557       0       0       0       0       0       000010000D0001107
     110       0       0       1       0                               0D0001108
     110     558       0       0       0       0       0       000010000D0001109
     110       0       0       1       0                               0D0001110
     110     559       0       0       0       0       0       000010000D0001111
     110       0       0       1       0                               0D0001112
     144     560       0       0       0       0       0       000020000D0001113
     144       0       0       1       0                               0D0001114
     108     561       0       0       0       0       0       000010000D0001115
     108       0       0       1       0                               0D0001116
     142     562       0       0       0       0       0       000010500D0001117
     142       0       0       1       0                               0D0001118
     102     563       0       0       0       0       0       000010000D0001119
     102       0       0       1       0                               0D0001120
     110     564       0       0       0       0       0       000010000D0001121
     110       0       0       1       0                               0D0001122
     110     565       0       0       0       0       0       000010000D0001123
     110       0       0       1       0                               0D0001124
     110     566       0       0       0       0       0       000010000D0001125
     110       0       0       1       0                               0D0001126
     110     567       0       0       0       0       0       000010000D0001127
     110       0       0       1       0                               0D0001128
     144     568       0       0       0       0       0       000020000D0001129
     144       0       0       1       0                               0D0001130
     108     569       0       0       0       0       0       000010000D0001131
     108       0       0       1       0                               0D0001132
     142     570       0       0       0       0       0       000010500D0001133
     142       0       0       1       0                               0D0001134
     102     571       0       0       0       0       0       000010000D0001135
     102       0       0       1       0                               0D0001136
     110     572       0       0       0       0       0       000010000D0001137
     110       0       0       1       0                               0D0001138
     110     573       0       0       0       0       0       000010000D0001139
     110       0       0       1       0                               0D0001140
     110     574       0       0       0       0       0       000010000D0001141
     110       0       0       1       0                               0D0001142
     110     575       0       0       0       0       0       000010000D0001143
     110       0       0       1       0                               0D0001144
     142     576       0       0       0       0       0       000010500D0001145
     142       0       0       1       0                               0D0001146
     102     577       0       0       0       0       0       000010000D0001147
     102       0       0       1       0                               0D0001148
     110     578       0       0       0       0       0       000010000D0001149
     110       0       0       1       0                               0D0001150
     110     579       0       0       0       0       0       000010000D0001151
     110       0       0       1       0                               0D0001152
     110     580       0       0       0       0       0       000010000D0001153
     110       0       0       1       0                               0D0001154
     110     581       0       0       0       0       0       000010000D0001155
     110       0       0       1       0                               0D0001156
     142     582       0       0       0       0       0       000010500D0001157
     142       0       0       1       0                               0D0001158
     102     583       0       0       0       0       0       000010000D0001159
     102       0       0       1       0                               0D0001160
     110     584       0       0       0       0       0       000010000D0001161
     110       0       0       1       0                               0D0001162
     110     585       0       0       0       0       0       000010000D0001163
     110       0       0       1       0                               0D0001164
     110     586       0       0       0       0       0       000010000D0001165
     110       0       0       1       0                               0D0001166
     110     587       0       0       0       0       0       000010000D0001167
     110       0       0       1       0                               0D0001168
     142     588       0       0       0       0       0       000010500D0001169
     142       0       0       1       0                               0D0001170
     102     589       0       0       0       0       0       000010000D0001171
     102       0       0       1       0                               0D0001172
     110     590       0       0       0       0       0       000010000D0001173
     110       0       0       1       0                               0D0001174
     110     591       0       0       0       0       0       000010000D0001175
     110       0       0       1       0                               0D0001176
     110     592       0       0       0       0       0       000010000D0001177
     110       0       0       1       0                               0D0001178
     110     593       0       0       0       0       0       000010000D0001179
     110       0       0       1       0                               0D0001180
     144     594       0       0       0       0       0       000020000D0001181
     144       0       0       1       0                               0D0001182
     108     595       0       0       0       0       0       000010000D0001183
     108       0       0       1       0                               0D0001184
     142     596       0       0       0       0       0       000010500D0001185
     142       0       0       1       0                               0D0001186
     102     597       0       0       0       0       0       000010000D0001187
     102       0       0       1       0                               0D0001188
     110     598       0       0       0       0       0       000010000D0001189
     110       0       0       1       0                               0D0001190
     110     599       0       0       0       0       0       000010000D0001191
     110       0       0       1       0                               0D0001192
     110     600       0       0       0       0       0       000010000D0001193
     110       0       0       1       0                               0D0001194
     110     601       0       0       0       0       0       000010000D0001195
     110       0       0       1       0                               0D0001196
     144     602       0       0       0       0       0       000020000D0001197
     144       0       0       1       0                               0D0001198
     108     603       0       0       0       0       0       000010000D0001199
     108       0       0       1       0                               0D0001200
     142     604       0       0       0       0       0       000010500D0001201
     142       0       0       1       0                               0D0001202
     102     605       0       0       0       0       0       000010000D0001203
     102       0       0       1       0                               0D0001204
     110     606       0       0       0       0       0       000010000D0001205
     110       0       0       1       0                               0D0001206
     110     607       0       0       0       0       0       000010000D0001207
     110       0       0       1       0                               0D0001208
     110     608       0       0       0       0       0       000010000D0001209
     110       0       0       1       0                               0D0001210
     110     609       0       0       0       0       0       000010000D0001211
     110       0       0       1       0                               0D0001212
     144     610       0       0       0       0       0       000020000D0001213
     144       0       0       1       0                               0D0001214
     108     611       0       0       0       0       0       000010000D0001215
     108       0       0       1       0                               0D0001216
     142     612       0       0       0       0       0       000010500D0001217
     142       0       0       1       0                               0D0001218
     102     613       0       0       0       0       0       000010000D0001219
     102       0       0       1       0                               0D0001220
     110     614       0       0       0       0       0       000010000D0001221
     110       0       0       1       0                               0D0001222
     110     615       0       0       0       0       0       000010000D0001223
     110       0       0       1       0                               0D0001224
     110     616       0       0       0       0       0       000010000D0001225
     110       0       0       1       0                               0D0001226
     110     617       0       0       0       0       0       000010000D0001227
     110       0       0       1       0                               0D0001228
     144     618       0       0       0       0       0       000020000D0001229
     144       0       0       1       0                               0D0001230
     108     619       0       0       0       0       0       000010000D0001231
     108       0       0       1       0                               0D0001232
     142     620       0       0       0       0       0       000010500D0001233
     142       0       0       1       0                               0D0001234
     102     621       0       0       0       0       0       000010000D0001235
     102       0       0       1       0                               0D0001236
     110     622       0       0       0       0       0       000010000D0001237
     110       0       0       1       0                               0D0001238
     110     623       0       0       0       0       0       000010000D0001239
     110       0       0       1       0                               0D0001240
     110     624       0       0       0       0       0       000010000D0001241
     110       0       0       1       0                               0D0001242
     110     625       0       0       0       0       0       000010000D0001243
     110       0       0       1       0                               0D0001244
     144     626       0       0       0       0       0       000020000D0001245
     144       0       0       1       0                               0D0001246
     108     627       0       0       0       0       0       000010000D0001247
     108       0       0       1       0                               0D0001248
     142     628       0       0       0       0       0       000010500D0001249
     142       0       0       1       0                               0D0001250
     102     629       0       0       0       0       0       000010000D0001251
     102       0       0       1       0                               0D0001252
     110     630       0       0       0       0       0       000010000D0001253
     110       0       0       1       0                               0D0001254
     110     631       0       0       0       0       0       000010000D0001255
     110       0       0       1       0                               0D0001256
     110     632       0       0       0       0       0       000010000D0001257
     110       0       0       1       0                               0D0001258
     110     633       0       0       0       0       0       000010000D0001259
     110       0       0       1       0                               0D0001260
     144     634       0       0       0       0       0       000020000D0001261
     144       0       0       1       0                               0D0001262
     108     635       0       0       0       0       0       000010000D0001263
     108       0       0       1       0                               0D0001264
     142     636       0       0       0       0       0       000010500D0001265
     142       0       0       1       0                               0D0001266
     102     637       0       0       0       0       0       000010000D0001267
     102       0       0       1       0                               0D0001268
     110     638       0       0       0       0       0       000010000D0001269
     110       0       0       1       0                               0D0001270
     110     639       0       0       0       0       0       000010000D0001271
     110       0       0       1       0                               0D0001272
     110     640       0       0       0       0       0       000010000D0001273
     110       0       0       1       0                               0D0001274
     110     641       0       0       0       0       0       000010000D0001275
     110       0       0       1       0                               0D0001276
     144     642       0       0       0       0       0       000020000D0001277
     144       0       0       1       0                               0D0001278
     108     643       0       0       0       0       0       000010000D0001279
     108       0       0       1       0                               0D0001280
     142     644       0       0       0       0       0       000010500D0001281
     142       0       0       1       0                               0D0001282
     102     645       0       0       0       0       0       000010000D0001283
     102       0       0       1       0                               0D0001284
     110     646       0       0       0       0       0       000010000D0001285
     110       0       0       1       0                               0D0001286
     110     647       0       0       0       0       0       000010000D0001287
     110       0       0       1       0                               0D0001288
     110     648       0       0       0       0       0       000010000D0001289
     110       0       0       1       0                               0D0001290
     110     649       0       0       0       0       0       000010000D0001291
     110       0       0       1       0                               0D0001292
     144     650       0       0       0       0       0       000020000D0001293
     144       0       0       1       0                               0D0001294
     108     651       0       0       0       0       0       000010000D0001295
     108       0       0       1       0                               0D0001296
     142     652       0       0       0       0       0       000010500D0001297
     142       0       0       1       0                               0D0001298
     102     653       0       0       0       0       0       000010000D0001299
     102       0       0       1       0                               0D0001300
     110     654       0       0       0       0       0       000010000D0001301
     110       0       0       1       0                               0D0001302
     110     655       0       0       0       0       0       000010000D0001303
     110       0       0       1       0                               0D0001304
     110     656       0       0       0       0       0       000010000D0001305
     110       0       0       1       0                               0D0001306
     110     657       0       0       0       0       0       000010000D0001307
     110       0       0       1       0                               0D0001308
     144     658       0       0       0       0       0       000020000D0001309
     144       0       0       1       0                               0D0001310
     108     659       0       0       0       0       0       000010000D0001311
     108       0       0       1       0                               0D0001312
     142     660       0       0       0       0       0       000010500D0001313
     142       0       0       1       0                               0D0001314
     102     661       0       0       0       0       0       000010000D0001315
     102       0       0       1       0                               0D0001316
     110     662       0       0       0       0       0       000010000D0001317
     110       0       0       1       0                               0D0001318
     110     663       0       0       0       0       0       000010000D0001319
     110       0       0       1       0                               0D0001320
     110     664       0       0       0       0       0       000010000D0001321
     110       0       0       1       0                               0D0001322
     110     665       0       0       0       0       0       000010000D0001323
     110       0       0       1       0                               0D0001324
     144     666       0       0       0       0       0       000020000D0001325
     144       0       0       1       0                               0D0001326
     108     667       0       0       0       0       0       000010000D0001327
     108       0       0       1       0                               0D0001328
     142     668       0       0       0       0       0       000010500D0001329
     142       0       0       1       0                               0D0001330
     102     669       0       0       0       0       0       000010000D0001331
     102       0       0       1       0                               0D0001332
     110     670       0       0       0       0       0       000010000D0001333
     110       0       0       1       0                               0D0001334
     110     671       0       0       0       0       0       000010000D0001335
     110       0       0       1       0                               0D0001336
     110     672       0       0       0       0       0       000010000D0001337
     110       0       0       1       0                               0D0001338
     110     673       0       0       0       0       0       000010000D0001339
     110       0       0       1       0                               0D0001340
     144     674       0       0       0       0       0       000020000D0001341
     144       0       0       1       0                               0D0001342
     108     675       0       0       0       0       0       000010000D0001343
     108       0       0       1       0                               0D0001344
     142     676       0       0       0       0       0       000010500D0001345
     142       0       0       1       0                               0D0001346
     102     677       0       0       0       0       0       000010000D0001347
     102       0       0       1       0                               0D0001348
     110     678       0       0       0       0       0       000010000D0001349
     110       0       0       1       0                               0D0001350
     110     679       0       0       0       0       0       000010000D0001351
     110       0       0       1       0                               0D0001352
     110     680       0       0       0       0       0       000010000D0001353
     110       0       0       1       0                               0D0001354
     110     681       0       0       0       0       0       000010000D0001355
     110       0       0       1       0                               0D0001356
     144     682       0       0       0       0       0       000020000D0001357
     144       0       0       1       0                               0D0001358
     108     683       0       0       0       0       0       000010000D0001359
     108       0       0       1       0                               0D0001360
     142     684       0       0       0       0       0       000010500D0001361
     142       0       0       1       0                               0D0001362
     102     685       0       0       0       0       0       000010000D0001363
     102       0       0       1       0                               0D0001364
     110     686       0       0       0       0       0       000010000D0001365
     110       0       0       1       0                               0D0001366
     110     687       0       0       0       0       0       000010000D0001367
     110       0       0       1       0                               0D0001368
     110     688       0       0       0       0       0       000010000D0001369
     110       0       0       1       0                               0D0001370
     110     689       0       0       0       0       0       000010000D0001371
     110       0       0       1       0                               0D0001372
     144     690       0       0       0       0       0       000020000D0001373
     144       0       0       1       0                               0D0001374
     108     691       0       0       0       0       0       000010000D0001375
     108       0       0       1       0                               0D0001376
     142     692       0       0       0       0       0       000010500D0001377
     142       0       0       1       0                               0D0001378
     102     693       0       0       0       0       0       000010000D0001379
     102       0       0       1       0                               0D0001380
     110     694       0       0       0       0       0       000010000D0001381
     110       0       0       1       0                               0D0001382
     110     695       0       0       0       0       0       000010000D0001383
     110       0       0       1       0                               0D0001384
     110     696       0       0       0       0       0       000010000D0001385
     110       0       0       1       0                               0D0001386
     110     697       0       0       0       0       0       000010000D0001387
     110       0       0       1       0                               0D0001388
     144     698       0       0       0       0       0       000020000D0001389
     144       0       0       1       0                               0D0001390
     108     699       0       0       0       0       0       000010000D0001391
     108       0       0       1       0                               0D0001392
     142     700       0       0       0       0       0       000010500D0001393
     142       0       0       1       0                               0D0001394
     102     701       0       0       0       0       0       000010000D0001395
     102       0       0       1       0                               0D0001396
     110     702       0       0       0       0       0       000010000D0001397
     110       0       0       1       0                               0D0001398
     110     703       0       0       0       0       0       000010000D0001399
     110       0       0       1       0                               0D0001400
     110     704       0       0       0       0       0       000010000D0001401
     110       0       0       1       0                               0D0001402
     110     705       0       0       0       0       0       000010000D0001403
     110       0       0       1       0                               0D0001404
     144     706       0       0       0       0       0       000020000D0001405
     144       0       0       1       0                               0D0001406
     108     707       0       0       0       0       0       000010000D0001407
     108       0       0       1       0                               0D0001408
     142     708       0       0       0       0       0       000010500D0001409
     142       0       0       1       0                               0D0001410
     102     709       0       0       0       0       0       000010000D0001411
     102       0       0       1       0                               0D0001412
     110     710       0       0       0       0       0       000010000D0001413
     110       0       0       1       0                               0D0001414
     110     711       0       0       0       0       0       000010000D0001415
     110       0       0       1       0                               0D0001416
     110     712       0       0       0       0       0       000010000D0001417
     110       0       0       1       0                               0D0001418
     110     713       0       0       0       0       0       000010000D0001419
     110       0       0       1       0                               0D0001420
     144     714       0       0       0       0       0       000020000D0001421
     144       0       0       1       0                               0D0001422
     108     715       0       0       0       0       0       000010000D0001423
     108       0       0       1       0                               0D0001424
     142     716       0       0       0       0       0       000010500D0001425
     142       0       0       1       0                               0D0001426
     102     717       0       0       0       0       0       000010000D0001427
     102       0       0       1       0                               0D0001428
     110     718       0       0       0       0       0       000010000D0001429
     110       0       0       1       0                               0D0001430
     110     719       0       0       0       0       0       000010000D0001431
     110       0       0       1       0                               0D0001432
     110     720       0       0       0       0       0       000010000D0001433
     110       0       0       1       0                               0D0001434
     110     721       0       0       0       0       0       000010000D0001435
     110       0       0       1       0                               0D0001436
     402     722       0       0       0       0       0       000020000D0001437
     402       0       0       1       1                _04_Tool        D0001438
     144     723       0       0       0       0       0       000020000D0001439
     144       0       0       1       0                               0D0001440
     108     724       0       0       0       0       0       000010000D0001441
     108       0       0       1       0                               0D0001442
     142     725       0       0       0       0       0       000010500D0001443
     142       0       0       1       0                               0D0001444
     102     726       0       0       0       0       0       000010000D0001445
     102       0       0       1       0                               0D0001446
     110     727       0       0       0       0       0       000010000D0001447
     110       0       0       1       0                               0D0001448
     110     728       0       0       0       0       0       000010000D0001449
     110       0       0       1       0                               0D0001450
     110     729       0       0       0       0       0       000010000D0001451
     110       0       0       1       0                               0D0001452
     110     730       0       0       0       0       0       000010000D0001453
     110       0       0       1       0                               0D0001454
     144     731       0       0       0       0       0       000020000D0001455
     144       0       0       1       0                               0D0001456
     108     732       0       0       0       0       0       000010000D0001457
     108       0       0       1       0                               0D0001458
     142     733       0       0       0       0       0       000010500D0001459
     142       0       0       1       0                               0D0001460
     102     734       0       0       0       0       0       000010000D0001461
     102       0       0       1       0                               0D0001462
     110     735       0       0       0       0       0       000010000D0001463
     110       0       0       1       0                               0D0001464
     110     736       0       0       0       0       0       000010000D0001465
     110       0       0       1       0                               0D0001466
     110     737       0       0       0       0       0       000010000D0001467
     110       0       0       1       0                               0D0001468
     110     738       0       0       0       0       0       000010000D0001469
     110       0       0       1       0                               0D0001470
     144     739       0       0       0       0       0       000020000D0001471
     144       0       0       1       0                               0D0001472
     108     740       0       0       0       0       0       000010000D0001473
     108       0       0       1       0                               0D0001474
     142     741       0       0       0       0       0       000010500D0001475
     142       0       0       1       0                               0D0001476
     102     742       0       0       0       0       0       000010000D0001477
     102       0       0       1       0                               0D0001478
     110     743       0       0       0       0       0       000010000D0001479
     110       0       0       1       0                               0D0001480
     110     744       0       0       0       0       0       000010000D0001481
     110       0       0       1       0                               0D0001482
     110     745       0       0       0       0       0       000010000D0001483
     110       0       0       1       0                               0D0001484
     110     746       0       0       0       0       0       000010000D0001485
     110       0       0       1       0                               0D0001486
     144     747       0       0       0       0       0       000020000D0001487
     144       0       0       1       0                               0D0001488
     108     748       0       0       0       0       0       000010000D0001489
     108       0       0       1       0                               0D0001490
     142     749       0       0       0       0       0       000010500D0001491
     142       0       0       1       0                               0D0001492
     102     750       0       0       0       0       0       000010000D0001493
     102       0       0       1       0                               0D0001494
     110     751       0       0       0       0       0       000010000D0001495
     110       0       0       1       0                               0D0001496
     110     752       0       0       0       0       0       000010000D0001497
     110       0       0       1       0                               0D0001498
     110     753       0       0       0       0       0       000010000D0001499
     110       0       0       1       0                               0D0001500
     110     754       0       0       0       0       0       000010000D0001501
     110       0       0       1       0                               0D0001502
     144     755       0       0       0       0       0       000020000D0001503
     144       0       0       1       0                               0D0001504
     108     756       0       0       0       0       0       000010000D0001505
     108       0       0       1       0                               0D0001506
     142     757       0       0       0       0       0       000010500D0001507
     142       0       0       1       0                               0D0001508
     102     758       0       0       0       0       0       000010000D0001509
     102       0       0       1       0                               0D0001510
     110     759       0       0       0       0       0       000010000D0001511
     110       0       0       1       0                               0D0001512
     110     760       0       0       0       0       0       000010000D0001513
     110       0       0       1       0                               0D0001514
     110     761       0       0       0       0       0       000010000D0001515
     110       0       0       1       0                               0D0001516
     110     762       0       0       0       0       0       000010000D0001517
     110       0       0       1       0                               0D0001518
     144     763       0       0       0       0       0       000020000D0001519
     144       0       0       1       0                               0D0001520
     108     764       0       0       0       0       0       000010000D0001521
     108       0       0       1       0                               0D0001522
     142     765       0       0       0       0       0       000010500D0001523
     142       0       0       1       0                               0D0001524
     102     766       0       0       0       0       0       000010000D0001525
     102       0       0       1       0                               0D0001526
     110     767       0       0       0       0       0       000010000D0001527
     110       0       0       1       0                               0D0001528
     110     768       0       0       0       0       0       000010000D0001529
     110       0       0       1       0                               0D0001530
     110     769       0       0       0       0       0       000010000D0001531
     110       0       0       1       0                               0D0001532
     110     770       0       0       0       0       0       000010000D0001533
     110       0       0       1       0                               0D0001534
     402     771       0       0       0       0       0       000020000D0001535
     402       0       0       3       1                               0D0001536
     144     774       0       0       0       0       0       000020000D0001537
     144       0       0       1       0                               0D0001538
     108     775       0       0       0       0       0       000010000D0001539
     108       0       0       1       0                               0D0001540
     142     776       0       0       0       0       0       000010500D0001541
     142       0       0       1       0                               0D0001542
     102     777       0       0       0       0       0       000010000D0001543
     102       0       0       1       0                               0D0001544
     110     778       0       0       0       0       0       000010000D0001545
     110       0       0       1       0                               0D0001546
     110     779       0       0       0       0       0       000010000D0001547
     110       0       0       1       0                               0D0001548
     110     780       0       0       0       0       0       000010000D0001549
     110       0       0       1       0                               0D0001550
     110     781       0       0       0       0       0       000010000D0001551
     110       0       0       1       0                               0D0001552
     144     782       0       0       0       0       0       000020000D0001553
     144       0       0       1       0                               0D0001554
     108     783       0       0       0       0       0       000010000D0001555
     108       0       0       1       0                               0D0001556
     142     784       0       0       0       0       0       000010500D0001557
     142       0       0       1       0                               0D0001558
     102     785       0       0       0       0       0       000010000D0001559
     102       0       0       1       0                               0D0001560
     110     786       0       0       0       0       0       000010000D0001561
     110       0       0       1       0                               0D0001562
     110     787       0       0       0       0       0       000010000D0001563
     110       0       0       1       0                               0D0001564
     110     788       0       0       0       0       0       000010000D0001565
     110       0       0       1       0                               0D0001566
     110     789       0       0       0       0       0       000010000D0001567
     110       0       0       1       0                               0D0001568
     144     790       0       0       0       0       0       000020000D0001569
     144       0       0       1       0                               0D0001570
     108     791       0       0       0       0       0       000010000D0001571
     108       0       0       1       0                               0D0001572
     142     792       0       0       0       0       0       000010500D0001573
     142       0       0       1       0                               0D0001574
     102     793       0       0       0       0       0       000010000D0001575
     102       0       0       1       0                               0D0001576
     110     794       0       0       0       0       0       000010000D0001577
     110       0       0       1       0                               0D0001578
     110     795       0       0       0       0       0       000010000D0001579
     110       0       0       1       0                               0D0001580
     110     796       0       0       0       0       0       000010000D0001581
     110       0       0       1       0                               0D0001582
     110     797       0       0       0       0       0       000010000D0001583
     110       0       0       1       0                               0D0001584
     144     798       0       0       0       0       0       000020000D0001585
     144       0       0       1       0                               0D0001586
     108     799       0       0       0       0       0       000010000D0001587
     108       0       0       1       0                               0D0001588
     142     800       0       0       0       0       0       000010500D0001589
     142       0       0       1       0                               0D0001590
     102     801       0       0       0       0       0       000010000D0001591
     102       0       0       1       0                               0D0001592
     110     802       0       0       0       0       0       000010000D0001593
     110       0       0       1       0                               0D0001594
     110     803       0       0       0       0       0       000010000D0001595
     110       0       0       1       0                               0D0001596
     110     804       0       0       0       0       0       000010000D0001597
     110       0       0       1       0                               0D0001598
     110     805       0       0       0       0       0       000010000D0001599
     110       0       0       1       0                               0D0001600
     144     806       0       0       0       0       0       000020000D0001601
     144       0       0       1       0                               0D0001602
     108     807       0       0       0       0       0       000010000D0001603
     108       0       0       1       0                               0D0001604
     142     808       0       0       0       0       0       000010500D0001605
     142       0       0       1       0                               0D0001606
     102     809       0       0       0       0       0       000010000D0001607
     102       0       0       1       0                               0D0001608
     110     810       0       0       0       0       0       000010000D0001609
     110       0       0       1       0                               0D0001610
     110     811       0       0       0       0       0       000010000D0001611
     110       0       0       1       0                               0D0001612
     110     812       0       0       0       0       0       000010000D0001613
     110       0       0       1       0                               0D0001614
     110     813       0       0       0       0       0       000010000D0001615
     110       0       0       1       0                               0D0001616
     142     814       0       0       0       0       0       000010500D0001617
     142       0       0       1       0                               0D0001618
     102     815       0       0       0       0       0       000010000D0001619
     102       0       0       1       0                               0D0001620
     110     816       0       0       0       0       0       000010000D0001621
     110       0       0       1       0                               0D0001622
     110     817       0       0       0       0       0       000010000D0001623
     110       0       0       1       0                               0D0001624
     110     818       0       0       0       0       0       000010000D0001625
     110       0       0       1       0                               0D0001626
     110     819       0       0       0       0       0       000010000D0001627
     110       0       0       1       0                               0D0001628
     142     820       0       0       0       0       0       000010500D0001629
     142       0       0       1       0                               0D0001630
     102     821       0       0       0       0       0       000010000D0001631
     102       0       0       1       0                               0D0001632
     110     822       0       0       0       0       0       000010000D0001633
     110       0       0       1       0                               0D0001634
     110     823       0       0       0       0       0       000010000D0001635
     110       0       0       1       0                               0D0001636
     110     824       0       0       0       0       0       000010000D0001637
     110       0       0       1       0                               0D0001638
     110     825       0       0       0       0       0       000010000D0001639
     110       0       0       1       0                               0D0001640
     142     826       0       0       0       0       0       000010500D0001641
     142       0       0       1       0                               0D0001642
     102     827       0       0       0       0       0       000010000D0001643
     102       0       0       1       0                               0D0001644
     110     828       0       0       0       0       0       000010000D0001645
     110       0       0       1       0                               0D0001646
     110     829       0       0       0       0       0       000010000D0001647
     110       0       0       1       0                               0D0001648
     110     830       0       0       0       0       0       000010000D0001649
     110       0       0       1       0                               0D0001650
     110     831       0       0       0       0       0       000010000D0001651
     110       0       0       1       0                               0D0001652
     142     832       0       0       0       0       0       000010500D0001653
     142       0       0       1       0                               0D0001654
     102     833       0       0       0       0       0       000010000D0001655
     102       0       0       1       0                               0D0001656
     110     834       0       0       0       0       0       000010000D0001657
     110       0       0       1       0                               0D0001658
     110     835       0       0       0       0       0       000010000D0001659
     110       0       0       1       0                               0D0001660
     110     836       0       0       0       0       0       000010000D0001661
     110       0       0       1       0                               0D0001662
     110     837       0       0       0       0       0       000010000D0001663
     110       0       0       1       0                               0D0001664
     144     838       0       0       0       0       0       000020000D0001665
     144       0       0       1       0                               0D0001666
     108     839       0       0       0       0       0       000010000D0001667
     108       0       0       1       0                               0D0001668
     142     840       0       0       0       0       0       000010500D0001669
     142       0       0       1       0                               0D0001670
     102     841       0       0       0       0       0       000010000D0001671
     102       0       0       1       0                               0D0001672
     110     842       0       0       0       0       0       000010000D0001673
     110       0       0       1       0                               0D0001674
     110     843       0       0       0       0       0       000010000D0001675
     110       0       0       1       0                               0D0001676
     110     844       0       0       0       0       0       000010000D0001677
     110       0       0       1       0                               0D0001678
     110     845       0       0       0       0       0       000010000D0001679
     110       0       0       1       0                               0D0001680
     144     846       0       0       0       0       0       000020000D0001681
     144       0       0       1       0                               0D0001682
     108     847       0       0       0       0       0       000010000D0001683
     108       0       0       1       0                               0D0001684
     142     848       0       0       0       0       0       000010500D0001685
     142       0       0       1       0                               0D0001686
     102     849       0       0       0       0       0       000010000D0001687
     102       0       0       1       0                               0D0001688
     110     850       0       0       0       0       0       000010000D0001689
     110       0       0       1       0                               0D0001690
     110     851       0       0       0       0       0       000010000D0001691
     110       0       0       1       0                               0D0001692
     110     852       0       0       0       0       0       000010000D0001693
     110       0       0       1       0                               0D0001694
     110     853       0       0       0       0       0       000010000D0001695
     110       0       0       1       0                               0D0001696
     144     854       0       0       0       0       0       000020000D0001697
     144       0       0       1       0                               0D0001698
     108     855       0       0       0       0       0       000010000D0001699
     108       0       0       1       0                               0D0001700
     142     856       0       0       0       0       0       000010500D0001701
     142       0       0       1       0                               0D0001702
     102     857       0       0       0       0       0       000010000D0001703
     102       0       0       1       0                               0D0001704
     110     858       0       0       0       0       0       000010000D0001705
     110       0       0       1       0                               0D0001706
     110     859       0       0       0       0       0       000010000D0001707
     110       0       0       1       0                               0D0001708
     110     860       0       0       0       0       0       000010000D0001709
     110       0       0       1       0                               0D0001710
     110     861       0       0       0       0       0       000010000D0001711
     110       0       0       1       0                               0D0001712
     144     862       0       0       0       0       0       000020000D0001713
     144       0       0       1       0                               0D0001714
     108     863       0       0       0       0       0       000010000D0001715
     108       0       0       1       0                               0D0001716
     142     864       0       0       0       0       0       000010500D0001717
     142       0       0       1       0                               0D0001718
     102     865       0       0       0       0       0       000010000D0001719
     102       0       0       1       0                               0D0001720
     110     866       0       0       0       0       0       000010000D0001721
     110       0       0       1       0                               0D0001722
     110     867       0       0       0       0       0       000010000D0001723
     110       0       0       1       0                               0D0001724
     110     868       0       0       0       0       0       000010000D0001725
     110       0       0       1       0                               0D0001726
     110     869       0       0       0       0       0       000010000D0001727
     110       0       0       1       0                               0D0001728
     144     870       0       0       0       0       0       000020000D0001729
     144       0       0       1       0                               0D0001730
     108     871       0       0       0       0       0       000010000D0001731
     108       0       0       1       0                               0D0001732
     142     872       0       0       0       0       0       000010500D0001733
     142       0       0       1       0                               0D0001734
     102     873       0       0       0       0       0       000010000D0001735
     102       0       0       1       0                               0D0001736
     110     874       0       0       0       0       0       000010000D0001737
     110       0       0       1       0                               0D0001738
     110     875       0       0       0       0       0       000010000D0001739
     110       0       0       1       0                               0D0001740
     110     876       0       0       0       0       0       000010000D0001741
     110       0       0       1       0                               0D0001742
     110     877       0       0       0       0       0       000010000D0001743
     110       0       0       1       0                               0D0001744
     144     878       0       0       0       0       0       000020000D0001745
     144       0       0       1       0                               0D0001746
     108     879       0       0       0       0       0       000010000D0001747
     108       0       0       1       0                               0D0001748
     142     880       0       0       0       0       0       000010500D0001749
     142       0       0       1       0                               0D0001750
     102     881       0       0       0       0       0       000010000D0001751
     102       0       0       1       0                               0D0001752
     110     882       0       0       0       0       0       000010000D0001753
     110       0       0       1       0                               0D0001754
     110     883       0       0       0       0       0       000010000D0001755
     110       0       0       1       0                               0D0001756
     110     884       0       0       0       0       0       000010000D0001757
     110       0       0       1       0                               0D0001758
     110     885       0       0       0       0       0       000010000D0001759
     110       0       0       1       0                               0D0001760
     144     886       0       0       0       0       0       000020000D0001761
     144       0       0       1       0                               0D0001762
     108     887       0       0       0       0       0       000010000D0001763
     108       0       0       1       0                               0D0001764
     142     888       0       0       0       0       0       000010500D0001765
     142       0       0       1       0                               0D0001766
     102     889       0       0       0       0       0       000010000D0001767
     102       0       0       1       0                               0D0001768
     110     890       0       0       0       0       0       000010000D0001769
     110       0       0       1       0                               0D0001770
     110     891       0       0       0       0       0       000010000D0001771
     110       0       0       1       0                               0D0001772
     110     892       0       0       0       0       0       000010000D0001773
     110       0       0       1       0                               0D0001774
     110     893       0       0       0       0       0       000010000D0001775
     110       0       0       1       0                               0D0001776
     144     894       0       0       0       0       0       000020000D0001777
     144       0       0       1       0                               0D0001778
     108     895       0       0       0       0       0       000010000D0001779
     108       0       0       1       0                               0D0001780
     142     896       0       0       0       0       0       000010500D0001781
     142       0       0       1       0                               0D0001782
     102     897       0       0       0       0       0       000010000D0001783
     102       0       0       1       0                               0D0001784
     110     898       0       0       0       0       0       000010000D0001785
     110       0       0       1       0                               0D0001786
     110     899       0       0       0       0       0       000010000D0001787
     110       0       0       1       0                               0D0001788
     110     900       0       0       0       0       0       000010000D0001789
     110       0       0       1       0                               0D0001790
     110     901       0       0       0       0       0       000010000D0001791
     110       0       0       1       0                               0D0001792
     144     902       0       0       0       0       0       000020000D0001793
     144       0       0       1       0                               0D0001794
     108     903       0       0       0       0       0       000010000D0001795
     108       0       0       1       0                               0D0001796
     142     904       0       0       0       0       0       000010500D0001797
     142       0       0       1       0                               0D0001798
     102     905       0       0       0       0       0       000010000D0001799
     102       0       0       1       0                               0D0001800
     110     906       0       0       0       0       0       000010000D0001801
     110       0       0       1       0                               0D0001802
     110     907       0       0       0       0       0       000010000D0001803
     110       0       0       1       0                               0D0001804
     110     908       0       0       0       0       0       000010000D0001805
     110       0       0       1       0                               0D0001806
     110     909       0       0       0       0       0       000010000D0001807
     110       0       0       1       0                               0D0001808
     144     910       0       0       0       0       0       000020000D0001809
     144       0       0       1       0                               0D0001810
     108     911       0       0       0       0       0       000010000D0001811
     108       0       0       1       0                               0D0001812
     142     912       0       0       0       0       0       000010500D0001813
     142       0       0       1       0                               0D0001814
     102     913       0       0       0       0       0       000010000D0001815
     102       0       0       1       0                               0D0001816
     110     914       0       0       0       0       0       000010000D0001817
     110       0       0       1       0                               0D0001818
     110     915       0       0       0       0       0       000010000D0001819
     110       0       0       1       0                               0D0001820
     110     916       0       0       0       0       0       000010000D0001821
     110       0       0       1       0                               0D0001822
     110     917       0       0       0       0       0       000010000D0001823
     110       0       0       1       0                               0D0001824
     144     918       0       0       0       0       0       000020000D0001825
     144       0       0       1       0                               0D0001826
     108     919       0       0       0       0       0       000010000D0001827
     108       0       0       1       0                               0D0001828
     142     920       0       0       0       0       0       000010500D0001829
     142       0       0       1       0                               0D0001830
     102     921       0       0       0       0       0       000010000D0001831
     102       0       0       1       0                               0D0001832
     110     922       0       0       0       0       0       000010000D0001833
     110       0       0       1       0                               0D0001834
     110     923       0       0       0       0       0       000010000D0001835
     110       0       0       1       0                               0D0001836
     110     924       0       0       0       0       0       000010000D0001837
     110       0       0       1       0                               0D0001838
     110     925       0       0       0       0       0       000010000D0001839
     110       0       0       1       0                               0D0001840
     144     926       0       0       0       0       0       000020000D0001841
     144       0       0       1       0                               0D0001842
     108     927       0       0       0       0       0       000010000D0001843
     108       0       0       1       0                               0D0001844
     142     928       0       0       0       0       0       000010500D0001845
     142       0       0       1       0                               0D0001846
     102     929       0       0       0       0       0       000010000D0001847
     102       0       0       1       0                               0D0001848
     110     930       0       0       0       0       0       000010000D0001849
     110       0       0       1       0                               0D0001850
     110     931       0       0       0       0       0       000010000D0001851
     110       0       0       1       0                               0D0001852
     110     932       0       0       0       0       0       000010000D0001853
     110       0       0       1       0                               0D0001854
     110     933       0       0       0       0       0       000010000D0001855
     110       0       0       1       0                               0D0001856
     144     934       0       0       0       0       0       000020000D0001857
     144       0       0       1       0                               0D0001858
     108     935       0       0       0       0       0       000010000D0001859
     108       0       0       1       0                               0D0001860
     142     936       0       0       0       0       0       000010500D0001861
     142       0       0       1       0                               0D0001862
     102     937       0       0       0       0       0       000010000D0001863
     102       0       0       1       0                               0D0001864
     110     938       0       0       0       0       0       000010000D0001865
     110       0       0       1       0                               0D0001866
     110     939       0       0       0       0       0       000010000D0001867
     110       0       0       1       0                               0D0001868
     110     940       0       0       0       0       0       000010000D0001869
     110       0       0       1       0                               0D0001870
     110     941       0       0       0       0       0       000010000D0001871
     110       0       0       1       0                               0D0001872
     144     942       0       0       0       0       0       000020000D0001873
     144       0       0       1       0                               0D0001874
     108     943       0       0       0       0       0       000010000D0001875
     108       0       0       1       0                               0D0001876
     142     944       0       0       0       0       0       000010500D0001877
     142       0       0       1       0                               0D0001878
     102     945       0       0       0       0       0       000010000D0001879
     102       0       0       1       0                               0D0001880
     110     946       0       0       0       0       0       000010000D0001881
     110       0       0       1       0                               0D0001882
     110     947       0       0       0       0       0       000010000D0001883
     110       0       0       1       0                               0D0001884
     110     948       0       0       0       0       0       000010000D0001885
     110       0       0       1       0                               0D0001886
     110     949       0       0       0       0       0       000010000D0001887
     110       0       0       1       0                               0D0001888
     144     950       0       0       0       0       0       000020000D0001889
     144       0       0       1       0                               0D0001890
     108     951       0       0       0       0       0       000010000D0001891
     108       0       0       1       0                               0D0001892
     142     952       0       0       0       0       0       000010500D0001893
     142       0       0       1       0                               0D0001894
     102     953       0       0       0       0       0       000010000D0001895
     102       0       0       1       0                               0D0001896
     110     954       0       0       0       0       0       000010000D0001897
     110       0       0       1       0                               0D0001898
     110     955       0       0       0       0       0       000010000D0001899
     110       0       0       1       0                               0D0001900
     110     956       0       0       0       0       0       000010000D0001901
     110       0       0       1       0                               0D0001902
     110     957       0       0       0       0       0       000010000D0001903
     110       0       0       1       0                               0D0001904
     144     958       0       0       0       0       0       000020000D0001905
     144       0       0       1       0                               0D0001906
     108     959       0       0       0       0       0       000010000D0001907
     108       0       0       1       0                               0D0001908
     142     960       0       0       0       0       0       000010500D0001909
     142       0       0       1       0                               0D0001910
     102     961       0       0       0       0       0       000010000D0001911
     102       0       0       1       0                               0D0001912
     110     962       0       0       0       0       0       000010000D0001913
     110       0       0       1       0                               0D0001914
     110     963       0       0       0       0       0       000010000D0001915
     110       0       0       1       0                               0D0001916
     110     964       0       0       0       0       0       000010000D0001917
     110       0       0       1       0                               0D0001918
     110     965       0       0       0       0       0       000010000D0001919
     110       0       0       1       0                               0D0001920
     144     966       0       0       0       0       0       000020000D0001921
     144       0       0       1       0                               0D0001922
     108     967       0       0       0       0       0       000010000D0001923
     108       0       0       1       0                               0D0001924
     142     968       0       0       0       0       0       000010500D0001925
     142       0       0       1       0                               0D0001926
     102     969       0       0       0       0       0       000010000D0001927
     102       0       0       1       0                               0D0001928
     110     970       0       0       0       0       0       000010000D0001929
     110       0       0       1       0                               0D0001930
     110     971       0       0       0       0       0       000010000D0001931
     110       0       0       1       0                               0D0001932
     110     972       0       0       0       0       0       000010000D0001933
     110       0       0       1       0                               0D0001934
     110     973       0       0       0       0       0       000010000D0001935
     110       0       0       1       0                               0D0001936
     144     974       0       0       0       0       0       000020000D0001937
     144       0       0       1       0                               0D0001938
     108     975       0       0       0       0       0       000010000D0001939
     108       0       0       1       0                               0D0001940
     142     976       0       0       0       0       0       000010500D0001941
     142       0       0       1       0                               0D0001942
     102     977       0       0       0       0       0       000010000D0001943
     102       0       0       1       0                               0D0001944
     110     978       0       0       0       0       0       000010000D0001945
     110       0       0       1       0                               0D0001946
     110     979       0       0       0       0       0       000010000D0001947
     110       0       0       1       0                               0D0001948
     110     980       0       0       0       0       0       000010000D0001949
     110       0       0       1       0                               0D0001950
     110     981       0       0       0       0       0       000010000D0001951
     110       0       0       1       0                               0D0001952
     144     982       0       0       0       0       0       000020000D0001953
     144       0       0       1       0                               0D0001954
     108     983       0       0       0       0       0       000010000D0001955
     108       0       0       1       0                               0D0001956
     142     984       0       0       0       0       0       000010500D0001957
     142       0       0       1       0                               0D0001958
     102     985       0       0       0       0       0       000010000D0001959
     102       0       0       1       0                               0D0001960
     110     986       0       0       0       0       0       000010000D0001961
     110       0       0       1       0                               0D0001962
     110     987       0       0       0       0       0       000010000D0001963
     110       0       0       1       0                               0D0001964
     110     988       0       0       0       0       0       000010000D0001965
     110       0       0       1       0                               0D0001966
     110     989       0       0       0       0       0       000010000D0001967
     110       0       0       1       0                               0D0001968
     144     990       0       0       0       0       0       000020000D0001969
     144       0       0       1       0                               0D0001970
     108     991       0       0       0       0       0       000010000D0001971
     108       0       0       1       0                               0D0001972
     142     992       0       0       0       0       0       000010500D0001973
     142       0       0       1       0                               0D0001974
     102     993       0       0       0       0       0       000010000D0001975
     102       0       0       1       0                               0D0001976
     110     994       0       0       0       0       0       000010000D0001977
     110       0       0       1       0                               0D0001978
     110     995       0       0       0       0       0       000010000D0001979
     110       0       0       1       0                               0D0001980
     110     996       0       0       0       0       0       000010000D0001981
     110       0       0       1       0                               0D0001982
     110     997       0       0       0       0       0       000010000D0001983
     110       0       0       1       0                               0D0001984
     144     998       0       0       0       0       0       000020000D0001985
     144       0       0       1       0                               0D0001986
     108     999       0       0       0       0       0       000010000D0001987
     108       0       0       1       0                               0D0001988
     142    1000       0       0       0       0       0       000010500D0001989
     142       0       0       1       0                               0D0001990
     102    1001       0       0       0       0       0       000010000D0001991
     102       0       0       1       0                               0D0001992
     110    1002       0       0       0       0       0       000010000D0001993
     110       0       0       1       0                               0D0001994
     110    1003       0       0       0       0       0       000010000D0001995
     110       0       0       1       0                               0D0001996
     110    1004       0       0       0       0       0       000010000D0001997
     110       0       0       1       0                               0D0001998
     110    1005       0       0       0       0       0       000010000D0001999
     110       0       0       1       0                               0D0002000
     402    1006       0       0       0       0       0       000020000D0002001
     402       0       0       1       1                _06_Tool        D0002002
     144    1007       0       0       0       0       0       000020000D0002003
     144       0       0       1       0                               0D0002004
     108    1008       0       0       0       0       0       000010000D0002005
     108       0       0       1       0                               0D0002006
     142    1009       0       0       0       0       0       000010500D0002007
     142       0       0       1       0                               0D0002008
     102    1010       0       0       0       0       0       000010000D0002009
     102       0       0       1       0                               0D0002010
     110    1011       0       0       0       0       0       000010000D0002011
     110       0       0       1       0                               0D0002012
     110    1012       0       0       0       0       0       000010000D0002013
     110       0       0       1       0                               0D0002014
     110    1013       0       0       0       0       0       000010000D0002015
     110       0       0       1       0                               0D0002016
     110    1014       0       0       0       0       0       000010000D0002017
     110       0       0       1       0                               0D0002018
     144    1015       0       0       0       0       0       000020000D0002019
     144       0       0       1       0                               0D0002020
     122    1016       0       0       0       0       0       000010000D0002021
     122       0       0       1       0                               0D0002022
     100    1017       0       0       0       0    2025       000010000D0002023
     100       0       0       1       0                               0D0002024
     124    1018       0       0       0       0       0       000000000D0002025
     124       0       0       1       0                               0D0002026
     142    1019       0       0       0       0       0       000010500D0002027
     142       0       0       1       0                               0D0002028
     102    1020       0       0       0       0       0       000010000D0002029
     102       0       0       1       0                               0D0002030
     110    1021       0       0       0       0       0       000010000D0002031
     110       0       0       1       0                               0D0002032
     100    1022       0       0       0       0    2035       000010000D0002033
     100       0       0       1       0                               0D0002034
     124    1023       0       0       0       0       0       000000000D0002035
     124       0       0       1       0                               0D0002036
     110    1024       0       0       0       0       0       000010000D0002037
     110       0       0       1       0                               0D0002038
     100    1025       0       0       0       0    2041       000010000D0002039
     100       0       0       1       0                               0D0002040
     124    1026       0       0       0       0       0       000000000D0002041
     124       0       0       1       0                               0D0002042
     144    1027       0       0       0       0       0       000020000D0002043
     144       0       0       1       0                               0D0002044
     108    1028       0       0       0       0       0       000010000D0002045
     108       0       0       1       0                               0D0002046
     142    1029       0       0       0       0       0       000010500D0002047
     142       0       0       1       0                               0D0002048
     102    1030       0       0       0       0       0       000010000D0002049
     102       0       0       1       0                               0D0002050
     110    1031       0       0       0       0       0       000010000D0002051
     110       0       0       1       0                               0D0002052
     110    1032       0       0       0       0       0       000010000D0002053
     110       0       0       1       0                               0D0002054
     110    1033       0       0       0       0       0       000010000D0002055
     110       0       0       1       0                               0D0002056
     110    1034       0       0       0       0       0       000010000D0002057
     110       0       0       1       0                               0D0002058
     144    1035       0       0       0       0       0       000020000D0002059
     144       0       0       1       0                               0D0002060
     122    1036       0       0       0       0       0       000010000D0002061
     122       0       0       1       0                               0D0002062
     100    1037       0       0       0       0    2065       000010000D0002063
     100       0       0       1       0                               0D0002064
     124    1038       0       0       0       0       0       000000000D0002065
     124       0       0       1       0                               0D0002066
     142    1039       0       0       0       0       0       000010500D0002067
     142       0       0       1       0                               0D0002068
     102    1040       0       0       0       0       0       000010000D0002069
     102       0       0       1       0                               0D0002070
     110    1041       0       0       0       0       0       000010000D0002071
     110       0       0       1       0                               0D0002072
     100    1042       0       0       0       0    2075       000010000D0002073
     100       0       0       1       0                               0D0002074
     124    1043       0       0       0       0       0       000000000D0002075
     124       0       0       1       0                               0D0002076
     110    1044       0       0       0       0       0       000010000D0002077
     110       0       0       1       0                               0D0002078
     100    1045       0       0       0       0    2081       000010000D0002079
     100       0       0       1       0                               0D0002080
     124    1046       0       0       0       0       0       000000000D0002081
     124       0       0       1       0                               0D0002082
     144    1047       0       0       0       0       0       000020000D0002083
     144       0       0       1       0                               0D0002084
     108    1048       0       0       0       0       0       000010000D0002085
     108       0       0       1       0                               0D0002086
     142    1049       0       0       0       0       0       000010500D0002087
     142       0       0       1       0                               0D0002088
     102    1050       0       0       0       0       0       000010000D0002089
     102       0       0       1       0                               0D0002090
     110    1051       0       0       0       0       0       000010000D0002091
     110       0       0       1       0                               0D0002092
     100    1052       0       0       0       0    2095       000010000D0002093
     100       0       0       1       0                               0D0002094
     124    1053       0       0       0       0       0       000000000D0002095
     124       0       0       1       0                               0D0002096
     110    1054       0       0       0       0       0       000010000D0002097
     110       0       0       1       0                               0D0002098
     100    1055       0       0       0       0    2101       000010000D0002099
     100       0       0       1       0                               0D0002100
     124    1056       0       0       0       0       0       000000000D0002101
     124       0       0       1       0                               0D0002102
     144    1057       0       0       0       0       0       000020000D0002103
     144       0       0       1       0                               0D0002104
     108    1058       0       0       0       0       0       000010000D0002105
     108       0       0       1       0                               0D0002106
     142    1059       0       0       0       0       0       000010500D0002107
     142       0       0       1       0                               0D0002108
     102    1060       0       0       0       0       0       000010000D0002109
     102       0       0       1       0                               0D0002110
     100    1061       0       0       0       0    2113       000010000D0002111
     100       0       0       1       0                               0D0002112
     124    1062       0       0       0       0       0       000000000D0002113
     124       0       0       1       0                               0D0002114
     110    1063       0       0       0       0       0       000010000D0002115
     110       0       0       1       0                               0D0002116
     100    1064       0       0       0       0    2119       000010000D0002117
     100       0       0       1       0                               0D0002118
     124    1065       0       0       0       0       0       000000000D0002119
     124       0       0       1       0                               0D0002120
     110    1066       0       0       0       0       0       000010000D0002121
     110       0       0       1       0                               0D0002122
     402    1067       0       0       0       0       0       000020000D0002123
     402       0       0       3       1                               0D0002124
     144    1070       0       0       0       0       0       000020000D0002125
     144       0       0       1       0                               0D0002126
     108    1071       0       0       0       0       0       000010000D0002127
     108       0       0       1       0                               0D0002128
     142    1072       0       0       0       0       0       000010500D0002129
     142       0       0       1       0                               0D0002130
     102    1073       0       0       0       0       0       000010000D0002131
     102       0       0       1       0                               0D0002132
     110    1074       0       0       0       0       0       000010000D0002133
     110       0       0       1       0                               0D0002134
     110    1075       0       0       0       0       0       000010000D0002135
     110       0       0       1       0                               0D0002136
     110    1076       0       0       0       0       0       000010000D0002137
     110       0       0       1       0                               0D0002138
     110    1077       0       0       0       0       0       000010000D0002139
     110       0       0       1       0                               0D0002140
     144    1078       0       0       0       0       0       000020000D0002141
     144       0       0       1       0                               0D0002142
     108    1079       0       0       0       0       0       000010000D0002143
     108       0       0       1       0                               0D0002144
     142    1080       0       0       0       0       0       000010500D0002145
     142       0       0       1       0                               0D0002146
     102    1081       0       0       0       0       0       000010000D0002147
     102       0       0       1       0                               0D0002148
     110    1082       0       0       0       0       0       000010000D0002149
     110       0       0       1       0                               0D0002150
     110    1083       0       0       0       0       0       000010000D0002151
     110       0       0       1       0                               0D0002152
     110    1084       0       0       0       0       0       000010000D0002153
     110       0       0       1       0                               0D0002154
     110    1085       0       0       0       0       0       000010000D0002155
     110       0       0       1       0                               0D0002156
     144    1086       0       0       0       0       0       000020000D0002157
     144       0       0       1       0                               0D0002158
     108    1087       0       0       0       0       0       000010000D0002159
     108       0       0       1       0                               0D0002160
     142    1088       0       0       0       0       0       000010500D0002161
     142       0       0       1       0                               0D0002162
     102    1089       0       0       0       0       0       000010000D0002163
     102       0       0       1       0                               0D0002164
     110    1090       0       0       0       0       0       000010000D0002165
     110       0       0       1       0                               0D0002166
     110    1091       0       0       0       0       0       000010000D0002167
     110       0       0       1       0                               0D0002168
     110    1092       0       0       0       0       0       000010000D0002169
     110       0       0       1       0                               0D0002170
     110    1093       0       0       0       0       0       000010000D0002171
     110       0       0       1       0                               0D0002172
     144    1094       0       0       0       0       0       000020000D0002173
     144       0       0       1       0                               0D0002174
     108    1095       0       0       0       0       0       000010000D0002175
     108       0       0       1       0                               0D0002176
     142    1096       0       0       0       0       0       000010500D0002177
     142       0       0       1       0                               0D0002178
     102    1097       0       0       0       0       0       000010000D0002179
     102       0       0       1       0                               0D0002180
     110    1098       0       0       0       0       0       000010000D0002181
     110       0       0       1       0                               0D0002182
     110    1099       0       0       0       0       0       000010000D0002183
     110       0       0       1       0                               0D0002184
     110    1100       0       0       0       0       0       000010000D0002185
     110       0       0       1       0                               0D0002186
     110    1101       0       0       0       0       0       000010000D0002187
     110       0       0       1       0                               0D0002188
     144    1102       0       0       0       0       0       000020000D0002189
     144       0       0       1       0                               0D0002190
     108    1103       0       0       0       0       0       000010000D0002191
     108       0       0       1       0                               0D0002192
     142    1104       0       0       0       0       0       000010500D0002193
     142       0       0       1       0                               0D0002194
     102    1105       0       0       0       0       0       000010000D0002195
     102       0       0       1       0                               0D0002196
     110    1106       0       0       0       0       0       000010000D0002197
     110       0       0       1       0                               0D0002198
     110    1107       0       0       0       0       0       000010000D0002199
     110       0       0       1       0                               0D0002200
     110    1108       0       0       0       0       0       000010000D0002201
     110       0       0       1       0                               0D0002202
     110    1109       0       0       0       0       0       000010000D0002203
     110       0       0       1       0                               0D0002204
     142    1110       0       0       0       0       0       000010500D0002205
     142       0       0       1       0                               0D0002206
     102    1111       0       0       0       0       0       000010000D0002207
     102       0       0       1       0                               0D0002208
     110    1112       0       0       0       0       0       000010000D0002209
     110       0       0       1       0                               0D0002210
     110    1113       0       0       0       0       0       000010000D0002211
     110       0       0       1       0                               0D0002212
     110    1114       0       0       0       0       0       000010000D0002213
     110       0       0       1       0                               0D0002214
     110    1115       0       0       0       0       0       000010000D0002215
     110       0       0       1       0                               0D0002216
     142    1116       0       0       0       0       0       000010500D0002217
     142       0       0       1       0                               0D0002218
     102    1117       0       0       0       0       0       000010000D0002219
     102       0       0       1       0                               0D0002220
     110    1118       0       0       0       0       0       000010000D0002221
     110       0       0       1       0                               0D0002222
     110    1119       0       0       0       0       0       000010000D0002223
     110       0       0       1       0                               0D0002224
     110    1120       0       0       0       0       0       000010000D0002225
     110       0       0       1       0                               0D0002226
     110    1121       0       0       0       0       0       000010000D0002227
     110       0       0       1       0                               0D0002228
     142    1122       0       0       0       0       0       000010500D0002229
     142       0       0       1       0                               0D0002230
     102    1123       0       0       0       0       0       000010000D0002231
     102       0       0       1       0                               0D0002232
     110    1124       0       0       0       0       0       000010000D0002233
     110       0       0       1       0                               0D0002234
     110    1125       0       0       0       0       0       000010000D0002235
     110       0       0       1       0                               0D0002236
     110    1126       0       0       0       0       0       000010000D0002237
     110       0       0       1       0                               0D0002238
     110    1127       0       0       0       0       0       000010000D0002239
     110       0       0       1       0                               0D0002240
     142    1128       0       0       0       0       0       000010500D0002241
     142       0       0       1       0                               0D0002242
     102    1129       0       0       0       0       0       000010000D0002243
     102       0       0       1       0                               0D0002244
     110    1130       0       0       0       0       0       000010000D0002245
     110       0       0       1       0                               0D0002246
     110    1131       0       0       0       0       0       000010000D0002247
     110       0       0       1       0                               0D0002248
     110    1132       0       0       0       0       0       000010000D0002249
     110       0       0       1       0                               0D0002250
     110    1133       0       0       0       0       0       000010000D0002251
     110       0       0       1       0                               0D0002252
     142    1134       0       0       0       0       0       000010500D0002253
     142       0       0       1       0                               0D0002254
     102    1135       0       0       0       0       0       000010000D0002255
     102       0       0       1       0                               0D0002256
     110    1136       0       0       0       0       0       000010000D0002257
     110       0       0       1       0                               0D0002258
     100    1137       0       0       0       0    2261       000010000D0002259
     100       0       0       1       0                               0D0002260
     124    1138       0       0       0       0       0       000000000D0002261
     124       0       0       1       0                               0D0002262
     110    1139       0       0       0       0       0       000010000D0002263
     110       0       0       1       0                               0D0002264
     100    1140       0       0       0       0    2267       000010000D0002265
     100       0       0       1       0                               0D0002266
     124    1141       0       0       0       0       0       000000000D0002267
     124       0       0       1       0                               0D0002268
     144    1142       0       0       0       0       0       000020000D0002269
     144       0       0       1       0                               0D0002270
     108    1143       0       0       0       0       0       000010000D0002271
     108       0       0       1       0                               0D0002272
     142    1144       0       0       0       0       0       000010500D0002273
     142       0       0       1       0                               0D0002274
     102    1145       0       0       0       0       0       000010000D0002275
     102       0       0       1       0                               0D0002276
     110    1146       0       0       0       0       0       000010000D0002277
     110       0       0       1       0                               0D0002278
     110    1147       0       0       0       0       0       000010000D0002279
     110       0       0       1       0                               0D0002280
     110    1148       0       0       0       0       0       000010000D0002281
     110       0       0       1       0                               0D0002282
     110    1149       0       0       0       0       0       000010000D0002283
     110       0       0       1       0                               0D0002284
     144    1150       0       0       0       0       0       000020000D0002285
     144       0       0       1       0                               0D0002286
     108    1151       0       0       0       0       0       000010000D0002287
     108       0       0       1       0                               0D0002288
     142    1152       0       0       0       0       0       000010500D0002289
     142       0       0       1       0                               0D0002290
     102    1153       0       0       0       0       0       000010000D0002291
     102       0       0       1       0                               0D0002292
     110    1154       0       0       0       0       0       000010000D0002293
     110       0       0       1       0                               0D0002294
     110    1155       0       0       0       0       0       000010000D0002295
     110       0       0       1       0                               0D0002296
     110    1156       0       0       0       0       0       000010000D0002297
     110       0       0       1       0                               0D0002298
     110    1157       0       0       0       0       0       000010000D0002299
     110       0       0       1       0                               0D0002300
     144    1158       0       0       0       0       0       000020000D0002301
     144       0       0       1       0                               0D0002302
     108    1159       0       0       0       0       0       000010000D0002303
     108       0       0       1       0                               0D0002304
     142    1160       0       0       0       0       0       000010500D0002305
     142       0       0       1       0                               0D0002306
     102    1161       0       0       0       0       0       000010000D0002307
     102       0       0       1       0                               0D0002308
     110    1162       0       0       0       0       0       000010000D0002309
     110       0       0       1       0                               0D0002310
     110    1163       0       0       0       0       0       000010000D0002311
     110       0       0       1       0                               0D0002312
     110    1164       0       0       0       0       0       000010000D0002313
     110       0       0       1       0                               0D0002314
     110    1165       0       0       0       0       0       000010000D0002315
     110       0       0       1       0                               0D0002316
     144    1166       0       0       0       0       0       000020000D0002317
     144       0       0       1       0                               0D0002318
     108    1167       0       0       0       0       0       000010000D0002319
     108       0       0       1       0                               0D0002320
     142    1168       0       0       0       0       0       000010500D0002321
     142       0       0       1       0                               0D0002322
     102    1169       0       0       0       0       0       000010000D0002323
     102       0       0       1       0                               0D0002324
     110    1170       0       0       0       0       0       000010000D0002325
     110       0       0       1       0                               0D0002326
     110    1171       0       0       0       0       0       000010000D0002327
     110       0       0       1       0                               0D0002328
     110    1172       0       0       0       0       0       000010000D0002329
     110       0       0       1       0                               0D0002330
     110    1173       0       0       0       0       0       000010000D0002331
     110       0       0       1       0                               0D0002332
     144    1174       0       0       0       0       0       000020000D0002333
     144       0       0       1       0                               0D0002334
     108    1175       0       0       0       0       0       000010000D0002335
     108       0       0       1       0                               0D0002336
     142    1176       0       0       0       0       0       000010500D0002337
     142       0       0       1       0                               0D0002338
     102    1177       0       0       0       0       0       000010000D0002339
     102       0       0       1       0                               0D0002340
     110    1178       0       0       0       0       0       000010000D0002341
     110       0       0       1       0                               0D0002342
     110    1179       0       0       0       0       0       000010000D0002343
     110       0       0       1       0                               0D0002344
     110    1180       0       0       0       0       0       000010000D0002345
     110       0       0       1       0                               0D0002346
     110    1181       0       0       0       0       0       000010000D0002347
     110       0       0       1       0                               0D0002348
     144    1182       0       0       0       0       0       000020000D0002349
     144       0       0       1       0                               0D0002350
     108    1183       0       0       0       0       0       000010000D0002351
     108       0       0       1       0                               0D0002352
     142    1184       0       0       0       0       0       000010500D0002353
     142       0       0       1       0                               0D0002354
     102    1185       0       0       0       0       0       000010000D0002355
     102       0       0       1       0                               0D0002356
     110    1186       0       0       0       0       0       000010000D0002357
     110       0       0       1       0                               0D0002358
     110    1187       0       0       0       0       0       000010000D0002359
     110       0       0       1       0                               0D0002360
     110    1188       0       0       0       0       0       000010000D0002361
     110       0       0       1       0                               0D0002362
     110    1189       0       0       0       0       0       000010000D0002363
     110       0       0       1       0                               0D0002364
     144    1190       0       0       0       0       0       000020000D0002365
     144       0       0       1       0                               0D0002366
     108    1191       0       0       0       0       0       000010000D0002367
     108       0       0       1       0                               0D0002368
     142    1192       0       0       0       0       0       000010500D0002369
     142       0       0       1       0                               0D0002370
     102    1193       0       0       0       0       0       000010000D0002371
     102       0       0       1       0                               0D0002372
     110    1194       0       0       0       0       0       000010000D0002373
     110       0       0       1       0                               0D0002374
     110    1195       0       0       0       0       0       000010000D0002375
     110       0       0       1       0                               0D0002376
     110    1196       0       0       0       0       0       000010000D0002377
     110       0       0       1       0                               0D0002378
     110    1197       0       0       0       0       0       000010000D0002379
     110       0       0       1       0                               0D0002380
     144    1198       0       0       0       0       0       000020000D0002381
     144       0       0       1       0                               0D0002382
     108    1199       0       0       0       0       0       000010000D0002383
     108       0       0       1       0                               0D0002384
     142    1200       0       0       0       0       0       000010500D0002385
     142       0       0       1       0                               0D0002386
     102    1201       0       0       0       0       0       000010000D0002387
     102       0       0       1       0                               0D0002388
     110    1202       0       0       0       0       0       000010000D0002389
     110       0       0       1       0                               0D0002390
     110    1203       0       0       0       0       0       000010000D0002391
     110       0       0       1       0                               0D0002392
     110    1204       0       0       0       0       0       000010000D0002393
     110       0       0       1       0                               0D0002394
     110    1205       0       0       0       0       0       000010000D0002395
     110       0       0       1       0                               0D0002396
     144    1206       0       0       0       0       0       000020000D0002397
     144       0       0       1       0                               0D0002398
     108    1207       0       0       0       0       0       000010000D0002399
     108       0       0       1       0                               0D0002400
     142    1208       0       0       0       0       0       000010500D0002401
     142       0       0       1       0                               0D0002402
     102    1209       0       0       0       0       0       000010000D0002403
     102       0       0       1       0                               0D0002404
     110    1210       0       0       0       0       0       000010000D0002405
     110       0       0       1       0                               0D0002406
     110    1211       0       0       0       0       0       000010000D0002407
     110       0       0       1       0                               0D0002408
     110    1212       0       0       0       0       0       000010000D0002409
     110       0       0       1       0                               0D0002410
     110    1213       0       0       0       0       0       000010000D0002411
     110       0       0       1       0                               0D0002412
     144    1214       0       0       0       0       0       000020000D0002413
     144       0       0       1       0                               0D0002414
     108    1215       0       0       0       0       0       000010000D0002415
     108       0       0       1       0                               0D0002416
     142    1216       0       0       0       0       0       000010500D0002417
     142       0       0       1       0                               0D0002418
     102    1217       0       0       0       0       0       000010000D0002419
     102       0       0       1       0                               0D0002420
     110    1218       0       0       0       0       0       000010000D0002421
     110       0       0       1       0                               0D0002422
     110    1219       0       0       0       0       0       000010000D0002423
     110       0       0       1       0                               0D0002424
     110    1220       0       0       0       0       0       000010000D0002425
     110       0       0       1       0                               0D0002426
     110    1221       0       0       0       0       0       000010000D0002427
     110       0       0       1       0                               0D0002428
     144    1222       0       0       0       0       0       000020000D0002429
     144       0       0       1       0                               0D0002430
     108    1223       0       0       0       0       0       000010000D0002431
     108       0       0       1       0                               0D0002432
     142    1224       0       0       0       0       0       000010500D0002433
     142       0       0       1       0                               0D0002434
     102    1225       0       0       0       0       0       000010000D0002435
     102       0       0       1       0                               0D0002436
     110    1226       0       0       0       0       0       000010000D0002437
     110       0       0       1       0                               0D0002438
     110    1227       0       0       0       0       0       000010000D0002439
     110       0       0       1       0                               0D0002440
     110    1228       0       0       0       0       0       000010000D0002441
     110       0       0       1       0                               0D0002442
     110    1229       0       0       0       0       0       000010000D0002443
     110       0       0       1       0                               0D0002444
     144    1230       0       0       0       0       0       000020000D0002445
     144       0       0       1       0                               0D0002446
     108    1231       0       0       0       0       0       000010000D0002447
     108       0       0       1       0                               0D0002448
     142    1232       0       0       0       0       0       000010500D0002449
     142       0       0       1       0                               0D0002450
     102    1233       0       0       0       0       0       000010000D0002451
     102       0       0       1       0                               0D0002452
     110    1234       0       0       0       0       0       000010000D0002453
     110       0       0       1       0                               0D0002454
     110    1235       0       0       0       0       0       000010000D0002455
     110       0       0       1       0                               0D0002456
     110    1236       0       0       0       0       0       000010000D0002457
     110       0       0       1       0                               0D0002458
     110    1237       0       0       0       0       0       000010000D0002459
     110       0       0       1       0                               0D0002460
     144    1238       0       0       0       0       0       000020000D0002461
     144       0       0       1       0                               0D0002462
     108    1239       0       0       0       0       0       000010000D0002463
     108       0       0       1       0                               0D0002464
     142    1240       0       0       0       0       0       000010500D0002465
     142       0       0       1       0                               0D0002466
     102    1241       0       0       0       0       0       000010000D0002467
     102       0       0       1       0                               0D0002468
     110    1242       0       0       0       0       0       000010000D0002469
     110       0       0       1       0                               0D0002470
     110    1243       0       0       0       0       0       000010000D0002471
     110       0       0       1       0                               0D0002472
     110    1244       0       0       0       0       0       000010000D0002473
     110       0       0       1       0                               0D0002474
     110    1245       0       0       0       0       0       000010000D0002475
     110       0       0       1       0                               0D0002476
     144    1246       0       0       0       0       0       000020000D0002477
     144       0       0       1       0                               0D0002478
     108    1247       0       0       0       0       0       000010000D0002479
     108       0       0       1       0                               0D0002480
     142    1248       0       0       0       0       0       000010500D0002481
     142       0       0       1       0                               0D0002482
     102    1249       0       0       0       0       0       000010000D0002483
     102       0       0       1       0                               0D0002484
     110    1250       0       0       0       0       0       000010000D0002485
     110       0       0       1       0                               0D0002486
     110    1251       0       0       0       0       0       000010000D0002487
     110       0       0       1       0                               0D0002488
     110    1252       0       0       0       0       0       000010000D0002489
     110       0       0       1       0                               0D0002490
     110    1253       0       0       0       0       0       000010000D0002491
     110       0       0       1       0                               0D0002492
     144    1254       0       0       0       0       0       000020000D0002493
     144       0       0       1       0                               0D0002494
     108    1255       0       0       0       0       0       000010000D0002495
     108       0       0       1       0                               0D0002496
     142    1256       0       0       0       0       0       000010500D0002497
     142       0       0       1       0                               0D0002498
     102    1257       0       0       0       0       0       000010000D0002499
     102       0       0       1       0                               0D0002500
     110    1258       0       0       0       0       0       000010000D0002501
     110       0       0       1       0                               0D0002502
     110    1259       0       0       0       0       0       000010000D0002503
     110       0       0       1       0                               0D0002504
     110    1260       0       0       0       0       0       000010000D0002505
     110       0       0       1       0                               0D0002506
     110    1261       0       0       0       0       0       000010000D0002507
     110       0       0       1       0                               0D0002508
     144    1262       0       0       0       0       0       000020000D0002509
     144       0       0       1       0                               0D0002510
     108    1263       0       0       0       0       0       000010000D0002511
     108       0       0       1       0                               0D0002512
     142    1264       0       0       0       0       0       000010500D0002513
     142       0       0       1       0                               0D0002514
     102    1265       0       0       0       0       0       000010000D0002515
     102       0       0       1       0                               0D0002516
     110    1266       0       0       0       0       0       000010000D0002517
     110       0       0       1       0                               0D0002518
     110    1267       0       0       0       0       0       000010000D0002519
     110       0       0       1       0                               0D0002520
     110    1268       0       0       0       0       0       000010000D0002521
     110       0       0       1       0                               0D0002522
     110    1269       0       0       0       0       0       000010000D0002523
     110       0       0       1       0                               0D0002524
     144    1270       0       0       0       0       0       000020000D0002525
     144       0       0       1       0                               0D0002526
     108    1271       0       0       0       0       0       000010000D0002527
     108       0       0       1       0                               0D0002528
     142    1272       0       0       0       0       0       000010500D0002529
     142       0       0       1       0                               0D0002530
     102    1273       0       0       0       0       0       000010000D0002531
     102       0       0       1       0                               0D0002532
     110    1274       0       0       0       0       0       000010000D0002533
     110       0       0       1       0                               0D0002534
     110    1275       0       0       0       0       0       000010000D0002535
     110       0       0       1       0                               0D0002536
     110    1276       0       0       0       0       0       000010000D0002537
     110       0       0       1       0                               0D0002538
     110    1277       0       0       0       0       0       000010000D0002539
     110       0       0       1       0                               0D0002540
     144    1278       0       0       0       0       0       000020000D0002541
     144       0       0       1       0                               0D0002542
     108    1279       0       0       0       0       0       000010000D0002543
     108       0       0       1       0                               0D0002544
     142    1280       0       0       0       0       0       000010500D0002545
     142       0       0       1       0                               0D0002546
     102    1281       0       0       0       0       0       000010000D0002547
     102       0       0       1       0                               0D0002548
     110    1282       0       0       0       0       0       000010000D0002549
     110       0       0       1       0                               0D0002550
     110    1283       0       0       0       0       0       000010000D0002551
     110       0       0       1       0                               0D0002552
     110    1284       0       0       0       0       0       000010000D0002553
     110       0       0       1       0                               0D0002554
     110    1285       0       0       0       0       0       000010000D0002555
     110       0       0       1       0                               0D0002556
     144    1286       0       0       0       0       0       000020000D0002557
     144       0       0       1       0                               0D0002558
     122    1287       0       0       0       0       0       000010000D0002559
     122       0       0       1       0                               0D0002560
     100    1288       0       0       0       0    2563       000010000D0002561
     100       0       0       1       0                               0D0002562
     124    1289       0       0       0       0       0       000000000D0002563
     124       0       0       1       0                               0D0002564
     142    1290       0       0       0       0       0       000010500D0002565
     142       0       0       1       0                               0D0002566
     102    1291       0       0       0       0       0       000010000D0002567
     102       0       0       1       0                               0D0002568
     100    1292       0       0       0       0    2571       000010000D0002569
     100       0       0       1       0                               0D0002570
     124    1293       0       0       0       0       0       000000000D0002571
     124       0       0       1       0                               0D0002572
     110    1294       0       0       0       0       0       000010000D0002573
     110       0       0       1       0                               0D0002574
     100    1295       0       0       0       0    2577       000010000D0002575
     100       0       0       1       0                               0D0002576
     124    1296       0       0       0       0       0       000000000D0002577
     124       0       0       1       0                               0D0002578
     110    1297       0       0       0       0       0       000010000D0002579
     110       0       0       1       0                               0D0002580
     144    1298       0       0       0       0       0       000020000D0002581
     144       0       0       1       0                               0D0002582
     108    1299       0       0       0       0       0       000010000D0002583
     108       0       0       1       0                               0D0002584
     142    1300       0       0       0       0       0       000010500D0002585
     142       0       0       1       0                               0D0002586
     102    1301       0       0       0       0       0       000010000D0002587
     102       0       0       1       0                               0D0002588
     110    1302       0       0       0       0       0       000010000D0002589
     110       0       0       1       0                               0D0002590
     110    1303       0       0       0       0       0       000010000D0002591
     110       0       0       1       0                               0D0002592
     110    1304       0       0       0       0       0       000010000D0002593
     110       0       0       1       0                               0D0002594
     110    1305       0       0       0       0       0       000010000D0002595
     110       0       0       1       0                               0D0002596
     144    1306       0       0       0       0       0       000020000D0002597
     144       0       0       1       0                               0D0002598
     122    1307       0       0       0       0       0       000010000D0002599
     122       0       0       1       0                               0D0002600
     100    1308       0       0       0       0    2603       000010000D0002601
     100       0       0       1       0                               0D0002602
     124    1309       0       0       0       0       0       000000000D0002603
     124       0       0       1       0                               0D0002604
     142    1310       0       0       0       0       0       000010500D0002605
     142       0       0       1       0                               0D0002606
     102    1311       0       0       0       0       0       000010000D0002607
     102       0       0       1       0                               0D0002608
     100    1312       0       0       0       0    2611       000010000D0002609
     100       0       0       1       0                               0D0002610
     124    1313       0       0       0       0       0       000000000D0002611
     124       0       0       1       0                               0D0002612
     110    1314       0       0       0       0       0       000010000D0002613
     110       0       0       1       0                               0D0002614
     100    1315       0       0       0       0    2617       000010000D0002615
     100       0       0       1       0                               0D0002616
     124    1316       0       0       0       0       0       000000000D0002617
     124       0       0       1       0                               0D0002618
     110    1317       0       0       0       0       0       000010000D0002619
     110       0       0       1       0                               0D0002620
     144    1318       0       0       0       0       0       000020000D0002621
     144       0       0       1       0                               0D0002622
     108    1319       0       0       0       0       0       000010000D0002623
     108       0       0       1       0                               0D0002624
     142    1320       0       0       0       0       0       000010500D0002625
     142       0       0       1       0                               0D0002626
     102    1321       0       0       0       0       0       000010000D0002627
     102       0       0       1       0                               0D0002628
     110    1322       0       0       0       0       0       000010000D0002629
     110       0       0       1       0                               0D0002630
     110    1323       0       0       0       0       0       000010000D0002631
     110       0       0       1       0                               0D0002632
     110    1324       0       0       0       0       0       000010000D0002633
     110       0       0       1       0                               0D0002634
     110    1325       0       0       0       0       0       000010000D0002635
     110       0       0       1       0                               0D0002636
     144    1326       0       0       0       0       0       000020000D0002637
     144       0       0       1       0                               0D0002638
     108    1327       0       0       0       0       0       000010000D0002639
     108       0       0       1       0                               0D0002640
     142    1328       0       0       0       0       0       000010500D0002641
     142       0       0       1       0                               0D0002642
     102    1329       0       0       0       0       0       000010000D0002643
     102       0       0       1       0                               0D0002644
     110    1330       0       0       0       0       0       000010000D0002645
     110       0       0       1       0                               0D0002646
     110    1331       0       0       0       0       0       000010000D0002647
     110       0       0       1       0                               0D0002648
     110    1332       0       0       0       0       0       000010000D0002649
     110       0       0       1       0                               0D0002650
     110    1333       0       0       0       0       0       000010000D0002651
     110       0       0       1       0                               0D0002652
     144    1334       0       0       0       0       0       000020000D0002653
     144       0       0       1       0                               0D0002654
     108    1335       0       0       0       0       0       000010000D0002655
     108       0       0       1       0                               0D0002656
     142    1336       0       0       0       0       0       000010500D0002657
     142       0       0       1       0                               0D0002658
     102    1337       0       0       0       0       0       000010000D0002659
     102       0       0       1       0                               0D0002660
     110    1338       0       0       0       0       0       000010000D0002661
     110       0       0       1       0                               0D0002662
     110    1339       0       0       0       0       0       000010000D0002663
     110       0       0       1       0                               0D0002664
     110    1340       0       0       0       0       0       000010000D0002665
     110       0       0       1       0                               0D0002666
     110    1341       0       0       0       0       0       000010000D0002667
     110       0       0       1       0                               0D0002668
     144    1342       0       0       0       0       0       000020000D0002669
     144       0       0       1       0                               0D0002670
     108    1343       0       0       0       0       0       000010000D0002671
     108       0       0       1       0                               0D0002672
     142    1344       0       0       0       0       0       000010500D0002673
     142       0       0       1       0                               0D0002674
     102    1345       0       0       0       0       0       000010000D0002675
     102       0       0       1       0                               0D0002676
     110    1346       0       0       0       0       0       000010000D0002677
     110       0       0       1       0                               0D0002678
     110    1347       0       0       0       0       0       000010000D0002679
     110       0       0       1       0                               0D0002680
     110    1348       0       0       0       0       0       000010000D0002681
     110       0       0       1       0                               0D0002682
     110    1349       0       0       0       0       0       000010000D0002683
     110       0       0       1       0                               0D0002684
     144    1350       0       0       0       0       0       000020000D0002685
     144       0       0       1       0                               0D0002686
     108    1351       0       0       0       0       0       000010000D0002687
     108       0       0       1       0                               0D0002688
     142    1352       0       0       0       0       0       000010500D0002689
     142       0       0       1       0                               0D0002690
     102    1353       0       0       0       0       0       000010000D0002691
     102       0       0       1       0                               0D0002692
     110    1354       0       0       0       0       0       000010000D0002693
     110       0       0       1       0                               0D0002694
     100    1355       0       0       0       0    2697       000010000D0002695
     100       0       0       1       0                               0D0002696
     124    1356       0       0       0       0       0       000000000D0002697
     124       0       0       1       0                               0D0002698
     110    1357       0       0       0       0       0       000010000D0002699
     110       0       0       1       0                               0D0002700
     100    1358       0       0       0       0    2703       000010000D0002701
     100       0       0       1       0                               0D0002702
     124    1359       0       0       0       0       0       000000000D0002703
     124       0       0       1       0                               0D0002704
     144    1360       0       0       0       0       0       000020000D0002705
     144       0       0       1       0                XY-plane        D0002706
     108    1361       0       0       0       0       0       000010000D0002707
     108       0       0       1       0                               0D0002708
     142    1362       0       0       0       0       0       000010500D0002709
     142       0       0       1       0                               0D0002710
     144    1363       0       0       0       0       0       000020000D0002711
     144       0       0       1       0                XZ-plane        D0002712
     108    1364       0       0       0       0       0       000010000D0002713
     108       0       0       1       0                               0D0002714
     142    1365       0       0       0       0       0       000010500D0002715
     142       0       0       1       0                               0D0002716
     144    1366       0       0       0       0       0       000020000D0002717
     144       0       0       1       0                YZ-plane        D0002718
     108    1367       0       0       0       0       0       000010000D0002719
     108       0       0       1       0                               0D0002720
     142    1368       0       0       0       0       0       000010500D0002721
     142       0       0       1       0                               0D0002722
     102    1369       0       0       0       0       0       000020000D0002723
     102       0       0       1       0                Sketch_0        D0002724
     110    1370       0       0       0       0       0       000010000D0002725
     110       0       0       1       0                               0D0002726
     110    1371       0       0       0       0       0       000010000D0002727
     110       0       0       1       0                               0D0002728
     110    1372       0       0       0       0       0       000010000D0002729
     110       0       0       1       0                               0D0002730
     110    1373       0       0       0       0       0       000010000D0002731
     110       0       0       1       0                               0D0002732
     110    1374       0       0       0       0       0       000020000D0002733
     110       0       0       1       0                  X-axis        D0002734
     110    1375       0       0       0       0       0       000020000D0002735
     110       0       0       2       0                  Y-axis        D0002736
     110    1377       0       0       0       0       0       000020000D0002737
     110       0       0       2       0                  Z-axis        D0002738
     116    1379       0       0       0       0       0       000020400D0002739
     116       0       0       1       0                               0D0002740
     406    1380       0       0       0       0       0       000000000D0002741
     406       0       0       1      15                               0D0002742
     406    1381       0       0       0       0       0       000000000D0002743
     406       0       0       1      15                               0D0002744
     406    1382       0       0       0       0       0       000000000D0002745
     406       0       0       1      15                               0D0002746
     406    1383       0       0       0       0       0       000000000D0002747
     406       0       0       1      15                               0D0002748
     406    1384       0       0       0       0       0       000000000D0002749
     406       0       0       1      15                               0D0002750
     406    1385       0       0       0       0       0       000000000D0002751
     406       0       0       1      15                               0D0002752
     406    1386       0       0       0       0       0       000000000D0002753
     406       0       0       1      15                               0D0002754
     406    1387       0       0       0       0       0       000000000D0002755
     406       0       0       1      15                               0D0002756
     406    1388       0       0       0       0       0       000000000D0002757
     406       0       0       1      15                               0D0002758
     406    1389       0       0       0       0       0       000000000D0002759
     406       0       0       1      15                               0D0002760
     406    1390       0       0       0       0       0       000000000D0002761
     406       0       0       1      15                               0D0002762
     406    1391       0       0       0       0       0       000000000D0002763
     406       0       0       1      15                               0D0002764
     406    1392       0       0       0       0       0       000000000D0002765
     406       0       0       1      15                               0D0002766
     406    1393       0       0       0       0       0       000000000D0002767
     406       0       0       1      15                               0D0002768
     406    1394       0       0       0       0       0       000000000D0002769
     406       0       0       1      15                               0D0002770
     406    1395       0       0       0       0       0       000000000D0002771
     406       0       0       1      15                               0D0002772
402,21,3,101,199,297,395,585,683,965,1063,1437,1535,2001,2123,   0000001P0000001
2705,2711,2717,2723,2733,2735,2737,2739,0,1,2769;                0000001P0000002
402,6,5,21,37,53,69,85,0,1,2749;                                 0000003P0000003
144,7,1,0,9;                                                     0000005P0000004
108,-0.,-1.,-0.,-0.,0,0.,0.,0.,0.;                               0000007P0000005
142,0,7,0,11,2;                                                  0000009P0000006
102,4,13,15,17,19;                                               0000011P0000007
110,48.,0.,20.,0.,0.,20.;                                        0000013P0000008
110,0.,0.,20.,0.,0.,0.;                                          0000015P0000009
110,0.,0.,0.,48.,0.,0.;                                          0000017P0000010
110,48.,0.,0.,48.,0.,20.;                                        0000019P0000011
144,23,1,0,25;                                                   0000021P0000012
108,1.,-0.,-0.,48.,0,48.,0.,0.,0.;                               0000023P0000013
142,0,23,0,27,2;                                                 0000025P0000014
102,4,29,31,33,35;                                               0000027P0000015
110,48.,45.,20.,48.,0.,20.;                                      0000029P0000016
110,48.,0.,20.,48.,0.,0.;                                        0000031P0000017
110,48.,0.,0.,48.,45.,0.;                                        0000033P0000018
110,48.,45.,0.,48.,45.,20.;                                      0000035P0000019
144,39,1,0,41;                                                   0000037P0000020
108,-0.,1.,-0.,45.,0,48.,45.,0.,0.;                              0000039P0000021
142,0,39,0,43,2;                                                 0000041P0000022
102,4,45,47,49,51;                                               0000043P0000023
110,0.,45.,20.,48.,45.,20.;                                      0000045P0000024
110,48.,45.,20.,48.,45.,0.;                                      0000047P0000025
110,48.,45.,0.,0.,45.,0.;                                        0000049P0000026
110,0.,45.,0.,0.,45.,20.;                                        0000051P0000027
144,55,1,0,57;                                                   0000053P0000028
108,-1.,-0.,-0.,-0.,0,0.,45.,0.,0.;                              0000055P0000029
142,0,55,0,59,2;                                                 0000057P0000030
102,4,61,63,65,67;                                               0000059P0000031
110,0.,0.,20.,0.,45.,20.;                                        0000061P0000032
110,0.,45.,20.,0.,45.,0.;                                        0000063P0000033
110,0.,45.,0.,0.,0.,0.;                                          0000065P0000034
110,0.,0.,0.,0.,0.,20.;                                          0000067P0000035
144,71,1,0,73;                                                   0000069P0000036
108,-0.,-0.,-1.,-0.,0,24.,22.5,0.,0.;                            0000071P0000037
142,0,71,0,75,2;                                                 0000073P0000038
102,4,77,79,81,83;                                               0000075P0000039
110,0.,0.,0.,0.,45.,0.;                                          0000077P0000040
110,0.,45.,0.,48.,45.,0.;                                        0000079P0000041
110,48.,45.,0.,48.,0.,0.;                                        0000081P0000042
110,48.,0.,0.,0.,0.,0.;                                          0000083P0000043
144,87,1,0,89;                                                   0000085P0000044
108,0.,0.,1.,20.,0,24.,22.5,20.,0.;                              0000087P0000045
142,0,87,0,91,2;                                                 0000089P0000046
102,4,93,95,97,99;                                               0000091P0000047
110,0.,0.,20.,48.,0.,20.;                                        0000093P0000048
110,48.,0.,20.,48.,45.,20.;                                      0000095P0000049
110,48.,45.,20.,0.,45.,20.;                                      0000097P0000050
110,0.,45.,20.,0.,0.,20.;                                        0000099P0000051
402,6,103,119,135,151,167,183,0,1,2747;                          0000101P0000052
144,105,1,0,107;                                                 0000103P0000053
108,-0.,-1.,-0.,-0.,0,0.,0.,0.,0.;                               0000105P0000054
142,0,105,0,109,2;                                               0000107P0000055
102,4,111,113,115,117;                                           0000109P0000056
110,48.,0.,20.,0.,0.,20.;                                        0000111P0000057
110,0.,0.,20.,0.,0.,0.;                                          0000113P0000058
110,0.,0.,0.,48.,0.,0.;                                          0000115P0000059
110,48.,0.,0.,48.,0.,20.;                                        0000117P0000060
144,121,1,0,123;                                                 0000119P0000061
108,1.,-0.,-0.,48.,0,48.,0.,0.,0.;                               0000121P0000062
142,0,121,0,125,2;                                               0000123P0000063
102,4,127,129,131,133;                                           0000125P0000064
110,48.,45.,20.,48.,0.,20.;                                      0000127P0000065
110,48.,0.,20.,48.,0.,0.;                                        0000129P0000066
110,48.,0.,0.,48.,45.,0.;                                        0000131P0000067
110,48.,45.,0.,48.,45.,20.;                                      0000133P0000068
144,137,1,0,139;                                                 0000135P0000069
108,-0.,1.,-0.,45.,0,48.,45.,0.,0.;                              0000137P0000070
142,0,137,0,141,2;                                               0000139P0000071
102,4,143,145,147,149;                                           0000141P0000072
110,0.,45.,20.,48.,45.,20.;                                      0000143P0000073
110,48.,45.,20.,48.,45.,0.;                                      0000145P0000074
110,48.,45.,0.,0.,45.,0.;                                        0000147P0000075
110,0.,45.,0.,0.,45.,20.;                                        0000149P0000076
144,153,1,0,155;                                                 0000151P0000077
108,-1.,-0.,-0.,-0.,0,0.,45.,0.,0.;                              0000153P0000078
142,0,153,0,157,2;                                               0000155P0000079
102,4,159,161,163,165;                                           0000157P0000080
110,0.,0.,20.,0.,45.,20.;                                        0000159P0000081
110,0.,45.,20.,0.,45.,0.;                                        0000161P0000082
110,0.,45.,0.,0.,0.,0.;                                          0000163P0000083
110,0.,0.,0.,0.,0.,20.;                                          0000165P0000084
144,169,1,0,171;                                                 0000167P0000085
108,-0.,-0.,-1.,-0.,0,24.,22.5,0.,0.;                            0000169P0000086
142,0,169,0,173,2;                                               0000171P0000087
102,4,175,177,179,181;                                           0000173P0000088
110,0.,0.,0.,0.,45.,0.;                                          0000175P0000089
110,0.,45.,0.,48.,45.,0.;                                        0000177P0000090
110,48.,45.,0.,48.,0.,0.;                                        0000179P0000091
110,48.,0.,0.,0.,0.,0.;                                          0000181P0000092
144,185,1,0,187;                                                 0000183P0000093
108,0.,0.,1.,20.,0,24.,22.5,20.,0.;                              0000185P0000094
142,0,185,0,189,2;                                               0000187P0000095
102,4,191,193,195,197;                                           0000189P0000096
110,0.,0.,20.,48.,0.,20.;                                        0000191P0000097
110,48.,0.,20.,48.,45.,20.;                                      0000193P0000098
110,48.,45.,20.,0.,45.,20.;                                      0000195P0000099
110,0.,45.,20.,0.,0.,20.;                                        0000197P0000100
402,6,201,217,233,249,265,281,0,1,2763;                          0000199P0000101
144,203,1,0,205;                                                 0000201P0000102
108,-0.,-1.,-0.,-0.,0,0.,0.,0.,0.;                               0000203P0000103
142,0,203,0,207,2;                                               0000205P0000104
102,4,209,211,213,215;                                           0000207P0000105
110,48.,0.,20.,0.,0.,20.;                                        0000209P0000106
110,0.,0.,20.,0.,0.,0.;                                          0000211P0000107
110,0.,0.,0.,48.,0.,0.;                                          0000213P0000108
110,48.,0.,0.,48.,0.,20.;                                        0000215P0000109
144,219,1,0,221;                                                 0000217P0000110
108,1.,-0.,-0.,48.,0,48.,0.,0.,0.;                               0000219P0000111
142,0,219,0,223,2;                                               0000221P0000112
102,4,225,227,229,231;                                           0000223P0000113
110,48.,45.,20.,48.,0.,20.;                                      0000225P0000114
110,48.,0.,20.,48.,0.,0.;                                        0000227P0000115
110,48.,0.,0.,48.,45.,0.;                                        0000229P0000116
110,48.,45.,0.,48.,45.,20.;                                      0000231P0000117
144,235,1,0,237;                                                 0000233P0000118
108,-0.,1.,-0.,45.,0,48.,45.,0.,0.;                              0000235P0000119
142,0,235,0,239,2;                                               0000237P0000120
102,4,241,243,245,247;                                           0000239P0000121
110,0.,45.,20.,48.,45.,20.;                                      0000241P0000122
110,48.,45.,20.,48.,45.,0.;                                      0000243P0000123
110,48.,45.,0.,0.,45.,0.;                                        0000245P0000124
110,0.,45.,0.,0.,45.,20.;                                        0000247P0000125
144,251,1,0,253;                                                 0000249P0000126
108,-1.,-0.,-0.,-0.,0,0.,45.,0.,0.;                              0000251P0000127
142,0,251,0,255,2;                                               0000253P0000128
102,4,257,259,261,263;                                           0000255P0000129
110,0.,0.,20.,0.,45.,20.;                                        0000257P0000130
110,0.,45.,20.,0.,45.,0.;                                        0000259P0000131
110,0.,45.,0.,0.,0.,0.;                                          0000261P0000132
110,0.,0.,0.,0.,0.,20.;                                          0000263P0000133
144,267,1,0,269;                                                 0000265P0000134
108,-0.,-0.,-1.,-0.,0,24.,22.5,0.,0.;                            0000267P0000135
142,0,267,0,271,2;                                               0000269P0000136
102,4,273,275,277,279;                                           0000271P0000137
110,0.,0.,0.,0.,45.,0.;                                          0000273P0000138
110,0.,45.,0.,48.,45.,0.;                                        0000275P0000139
110,48.,45.,0.,48.,0.,0.;                                        0000277P0000140
110,48.,0.,0.,0.,0.,0.;                                          0000279P0000141
144,283,1,0,285;                                                 0000281P0000142
108,0.,0.,1.,20.,0,24.,22.5,20.,0.;                              0000283P0000143
142,0,283,0,287,2;                                               0000285P0000144
102,4,289,291,293,295;                                           0000287P0000145
110,0.,0.,20.,48.,0.,20.;                                        0000289P0000146
110,48.,0.,20.,48.,45.,20.;                                      0000291P0000147
110,48.,45.,20.,0.,45.,20.;                                      0000293P0000148
110,0.,45.,20.,0.,0.,20.;                                        0000295P0000149
402,6,299,315,331,347,363,379,0,1,2757;                          0000297P0000150
144,301,1,0,303;                                                 0000299P0000151
108,9.480909263E-02,0.,-0.995495473,-1.80137276,0,23.,5.,4.,0.;  0000301P0000152
142,0,301,0,305,2;                                               0000303P0000153
102,4,307,309,311,313;                                           0000305P0000154
110,2.,1.,2.,2.,9.,2.;                                           0000307P0000155
110,2.,9.,2.,44.,9.,6.;                                          0000309P0000156
110,44.,9.,6.,44.,1.,6.;                                         0000311P0000157
110,44.,1.,6.,2.,1.,2.;                                          0000313P0000158
144,317,1,0,319;                                                 0000315P0000159
108,-0.,-1.,-0.,-1.,0,22.289280251,1.,12.452488445,0.;           0000317P0000160
142,0,317,0,321,2;                                               0000319P0000161
102,4,323,325,327,329;                                           0000321P0000162
110,2.,1.,21.,2.,1.,2.;                                          0000323P0000163
110,2.,1.,2.,44.,1.,6.;                                          0000325P0000164
110,44.,1.,6.,44.,1.,21.;                                        0000327P0000165
110,44.,1.,21.,2.,1.,21.;                                        0000329P0000166
144,333,1,0,335;                                                 0000331P0000167
108,0.,0.,1.,21.,0,23.,5.,21.,0.;                                0000333P0000168
142,0,333,0,337,2;                                               0000335P0000169
102,4,339,341,343,345;                                           0000337P0000170
110,2.,1.,21.,44.,1.,21.;                                        0000339P0000171
110,44.,1.,21.,44.,9.,21.;                                       0000341P0000172
110,44.,9.,21.,2.,9.,21.;                                        0000343P0000173
110,2.,9.,21.,2.,1.,21.;                                         0000345P0000174
144,349,1,0,351;                                                 0000347P0000175
108,1.,0.,0.,44.,0,44.,5.,13.5,0.;                               0000349P0000176
142,0,349,0,353,2;                                               0000351P0000177
102,4,355,357,359,361;                                           0000353P0000178
110,44.,1.,21.,44.,1.,6.;                                        0000355P0000179
110,44.,1.,6.,44.,9.,6.;                                         0000357P0000180
110,44.,9.,6.,44.,9.,21.;                                        0000359P0000181
110,44.,9.,21.,44.,1.,21.;                                       0000361P0000182
144,365,1,0,367;                                                 0000363P0000183
108,0.,1.,0.,9.,0,22.289280251,9.,12.452488445,0.;               0000365P0000184
142,0,365,0,369,2;                                               0000367P0000185
102,4,371,373,375,377;                                           0000369P0000186
110,44.,9.,21.,44.,9.,6.;                                        0000371P0000187
110,44.,9.,6.,2.,9.,2.;                                          0000373P0000188
110,2.,9.,2.,2.,9.,21.;                                          0000375P0000189
110,2.,9.,21.,44.,9.,21.;                                        0000377P0000190
144,381,1,0,383;                                                 0000379P0000191
108,-1.,-0.,-0.,-2.,0,2.,5.,11.5,0.;                             0000381P0000192
142,0,381,0,385,2;                                               0000383P0000193
102,4,387,389,391,393;                                           0000385P0000194
110,2.,9.,21.,2.,9.,2.;                                          0000387P0000195
110,2.,9.,2.,2.,1.,2.;                                           0000389P0000196
110,2.,1.,2.,2.,1.,21.;                                          0000391P0000197
110,2.,1.,21.,2.,9.,21.;                                         0000393P0000198
402,11,397,413,429,445,461,489,505,521,537,553,569;              0000395P0000199
144,399,1,0,401;                                                 0000397P0000200
108,-0.,-1.,-0.,-0.,0,0.,0.,0.,0.;                               0000399P0000201
142,0,399,0,403,2;                                               0000401P0000202
102,4,405,407,409,411;                                           0000403P0000203
110,48.,0.,20.,0.,0.,20.;                                        0000405P0000204
110,0.,0.,20.,0.,0.,0.;                                          0000407P0000205
110,0.,0.,0.,48.,0.,0.;                                          0000409P0000206
110,48.,0.,0.,48.,0.,20.;                                        0000411P0000207
144,415,1,0,417;                                                 0000413P0000208
108,-1.,-0.,-0.,-0.,0,0.,45.,0.,0.;                              0000415P0000209
142,0,415,0,419,2;                                               0000417P0000210
102,4,421,423,425,427;                                           0000419P0000211
110,0.,0.,20.,0.,45.,20.;                                        0000421P0000212
110,0.,45.,20.,0.,45.,0.;                                        0000423P0000213
110,0.,45.,0.,0.,0.,0.;                                          0000425P0000214
110,0.,0.,0.,0.,0.,20.;                                          0000427P0000215
144,431,1,0,433;                                                 0000429P0000216
108,1.,-0.,-0.,48.,0,48.,0.,0.,0.;                               0000431P0000217
142,0,431,0,435,2;                                               0000433P0000218
102,4,437,439,441,443;                                           0000435P0000219
110,48.,45.,20.,48.,0.,20.;                                      0000437P0000220
110,48.,0.,20.,48.,0.,0.;                                        0000439P0000221
110,48.,0.,0.,48.,45.,0.;                                        0000441P0000222
110,48.,45.,0.,48.,45.,20.;                                      0000443P0000223
144,447,1,0,449;                                                 0000445P0000224
108,-0.,-0.,-1.,-0.,0,24.,22.5,0.,0.;                            0000447P0000225
142,0,447,0,451,2;                                               0000449P0000226
102,4,453,455,457,459;                                           0000451P0000227
110,0.,0.,0.,0.,45.,0.;                                          0000453P0000228
110,0.,45.,0.,48.,45.,0.;                                        0000455P0000229
110,48.,45.,0.,48.,0.,0.;                                        0000457P0000230
110,48.,0.,0.,0.,0.,0.;                                          0000459P0000231
144,463,1,1,465,477;                                             0000461P0000232
108,0.,0.,1.,20.,0,24.,22.5,20.,0.;                              0000463P0000233
142,0,463,0,467,2;                                               0000465P0000234
102,4,469,471,473,475;                                           0000467P0000235
110,0.,0.,20.,48.,0.,20.;                                        0000469P0000236
110,48.,0.,20.,48.,45.,20.;                                      0000471P0000237
110,48.,45.,20.,0.,45.,20.;                                      0000473P0000238
110,0.,45.,20.,0.,0.,20.;                                        0000475P0000239
142,0,463,0,479,2;                                               0000477P0000240
102,4,481,483,485,487;                                           0000479P0000241
110,44.,1.,20.,2.,1.,20.;                                        0000481P0000242
110,2.,1.,20.,2.,9.,20.;                                         0000483P0000243
110,2.,9.,20.,44.,9.,20.;                                        0000485P0000244
110,44.,9.,20.,44.,1.,20.;                                       0000487P0000245
144,491,1,0,493;                                                 0000489P0000246
108,-0.,1.,-0.,45.,0,48.,45.,0.,0.;                              0000491P0000247
142,0,491,0,495,2;                                               0000493P0000248
102,4,497,499,501,503;                                           0000495P0000249
110,0.,45.,20.,48.,45.,20.;                                      0000497P0000250
110,48.,45.,20.,48.,45.,0.;                                      0000499P0000251
110,48.,45.,0.,0.,45.,0.;                                        0000501P0000252
110,0.,45.,0.,0.,45.,20.;                                        0000503P0000253
144,507,1,0,509;                                                 0000505P0000254
108,0.,1.,0.,1.,0,22.289280251,1.,12.452488445,0.;               0000507P0000255
142,0,507,0,511,2;                                               0000509P0000256
102,4,513,515,517,519;                                           0000511P0000257
110,2.,1.,2.,2.,1.,20.;                                          0000513P0000258
110,2.,1.,20.,44.,1.,20.;                                        0000515P0000259
110,44.,1.,20.,44.,1.,6.;                                        0000517P0000260
110,44.,1.,6.,2.,1.,2.;                                          0000519P0000261
144,523,1,0,525;                                                 0000521P0000262
108,-1.,-0.,-0.,-44.,0,44.,5.,13.5,0.;                           0000523P0000263
142,0,523,0,527,2;                                               0000525P0000264
102,4,529,531,533,535;                                           0000527P0000265
110,44.,9.,6.,44.,1.,6.;                                         0000529P0000266
110,44.,1.,6.,44.,1.,20.;                                        0000531P0000267
110,44.,1.,20.,44.,9.,20.;                                       0000533P0000268
110,44.,9.,20.,44.,9.,6.;                                        0000535P0000269
144,539,1,0,541;                                                 0000537P0000270
108,-0.,-1.,-0.,-9.,0,22.289280251,9.,12.452488445,0.;           0000539P0000271
142,0,539,0,543,2;                                               0000541P0000272
102,4,545,547,549,551;                                           0000543P0000273
110,2.,9.,2.,44.,9.,6.;                                          0000545P0000274
110,44.,9.,6.,44.,9.,20.;                                        0000547P0000275
110,44.,9.,20.,2.,9.,20.;                                        0000549P0000276
110,2.,9.,20.,2.,9.,2.;                                          0000551P0000277
144,555,1,0,557;                                                 0000553P0000278
108,1.,0.,0.,2.,0,2.,5.,11.5,0.;                                 0000555P0000279
142,0,555,0,559,2;                                               0000557P0000280
102,4,561,563,565,567;                                           0000559P0000281
110,2.,1.,2.,2.,9.,2.;                                           0000561P0000282
110,2.,9.,2.,2.,9.,20.;                                          0000563P0000283
110,2.,9.,20.,2.,1.,20.;                                         0000565P0000284
110,2.,1.,20.,2.,1.,2.;                                          0000567P0000285
144,571,1,0,573;                                                 0000569P0000286
108,-9.480909263E-02,-0.,0.995495473,1.80137276,0,23.,5.,4.,0.;  0000571P0000287
142,0,571,0,575,2;                                               0000573P0000288
102,4,577,579,581,583;                                           0000575P0000289
110,2.,1.,2.,44.,1.,6.;                                          0000577P0000290
110,44.,1.,6.,44.,9.,6.;                                         0000579P0000291
110,44.,9.,6.,2.,9.,2.;                                          0000581P0000292
110,2.,9.,2.,2.,1.,2.;                                           0000583P0000293
402,6,587,603,619,635,651,667,0,1,2765;                          0000585P0000294
144,589,1,0,591;                                                 0000587P0000295
108,9.480909263E-02,0.,-0.995495473,-1.80137276,0,23.,15.,4.,0.; 0000589P0000296
142,0,589,0,593,2;                                               0000591P0000297
102,4,595,597,599,601;                                           0000593P0000298
110,2.,11.,2.,2.,19.,2.;                                         0000595P0000299
110,2.,19.,2.,44.,19.,6.;                                        0000597P0000300
110,44.,19.,6.,44.,11.,6.;                                       0000599P0000301
110,44.,11.,6.,2.,11.,2.;                                        0000601P0000302
144,605,1,0,607;                                                 0000603P0000303
108,-0.,-1.,-0.,-11.,0,22.289280251,11.,12.452488445,0.;         0000605P0000304
142,0,605,0,609,2;                                               0000607P0000305
102,4,611,613,615,617;                                           0000609P0000306
110,2.,11.,21.,2.,11.,2.;                                        0000611P0000307
110,2.,11.,2.,44.,11.,6.;                                        0000613P0000308
110,44.,11.,6.,44.,11.,21.;                                      0000615P0000309
110,44.,11.,21.,2.,11.,21.;                                      0000617P0000310
144,621,1,0,623;                                                 0000619P0000311
108,0.,0.,1.,21.,0,23.,15.,21.,0.;                               0000621P0000312
142,0,621,0,625,2;                                               0000623P0000313
102,4,627,629,631,633;                                           0000625P0000314
110,2.,11.,21.,44.,11.,21.;                                      0000627P0000315
110,44.,11.,21.,44.,19.,21.;                                     0000629P0000316
110,44.,19.,21.,2.,19.,21.;                                      0000631P0000317
110,2.,19.,21.,2.,11.,21.;                                       0000633P0000318
144,637,1,0,639;                                                 0000635P0000319
108,1.,0.,0.,44.,0,44.,15.,13.5,0.;                              0000637P0000320
142,0,637,0,641,2;                                               0000639P0000321
102,4,643,645,647,649;                                           0000641P0000322
110,44.,11.,21.,44.,11.,6.;                                      0000643P0000323
110,44.,11.,6.,44.,19.,6.;                                       0000645P0000324
110,44.,19.,6.,44.,19.,21.;                                      0000647P0000325
110,44.,19.,21.,44.,11.,21.;                                     0000649P0000326
144,653,1,0,655;                                                 0000651P0000327
108,0.,1.,0.,19.,0,22.289280251,19.,12.452488445,0.;             0000653P0000328
142,0,653,0,657,2;                                               0000655P0000329
102,4,659,661,663,665;                                           0000657P0000330
110,44.,19.,21.,44.,19.,6.;                                      0000659P0000331
110,44.,19.,6.,2.,19.,2.;                                        0000661P0000332
110,2.,19.,2.,2.,19.,21.;                                        0000663P0000333
110,2.,19.,21.,44.,19.,21.;                                      0000665P0000334
144,669,1,0,671;                                                 0000667P0000335
108,-1.,-0.,-0.,-2.,0,2.,15.,11.5,0.;                            0000669P0000336
142,0,669,0,673,2;                                               0000671P0000337
102,4,675,677,679,681;                                           0000673P0000338
110,2.,19.,21.,2.,19.,2.;                                        0000675P0000339
110,2.,19.,2.,2.,11.,2.;                                         0000677P0000340
110,2.,11.,2.,2.,11.,21.;                                        0000679P0000341
110,2.,11.,21.,2.,19.,21.;                                       0000681P0000342
402,16,685,701,717,733,749,789,805,821,837,853,869,885,901,917,  0000683P0000343
933,949;                                                         0000683P0000344
144,687,1,0,689;                                                 0000685P0000345
108,-0.,-1.,-0.,-0.,0,0.,0.,0.,0.;                               0000687P0000346
142,0,687,0,691,2;                                               0000689P0000347
102,4,693,695,697,699;                                           0000691P0000348
110,48.,0.,20.,0.,0.,20.;                                        0000693P0000349
110,0.,0.,20.,0.,0.,0.;                                          0000695P0000350
110,0.,0.,0.,48.,0.,0.;                                          0000697P0000351
110,48.,0.,0.,48.,0.,20.;                                        0000699P0000352
144,703,1,0,705;                                                 0000701P0000353
108,-1.,-0.,-0.,-0.,0,0.,45.,0.,0.;                              0000703P0000354
142,0,703,0,707,2;                                               0000705P0000355
102,4,709,711,713,715;                                           0000707P0000356
110,0.,0.,20.,0.,45.,20.;                                        0000709P0000357
110,0.,45.,20.,0.,45.,0.;                                        0000711P0000358
110,0.,45.,0.,0.,0.,0.;                                          0000713P0000359
110,0.,0.,0.,0.,0.,20.;                                          0000715P0000360
144,719,1,0,721;                                                 0000717P0000361
108,1.,-0.,-0.,48.,0,48.,0.,0.,0.;                               0000719P0000362
142,0,719,0,723,2;                                               0000721P0000363
102,4,725,727,729,731;                                           0000723P0000364
110,48.,45.,20.,48.,0.,20.;                                      0000725P0000365
110,48.,0.,20.,48.,0.,0.;                                        0000727P0000366
110,48.,0.,0.,48.,45.,0.;                                        0000729P0000367
110,48.,45.,0.,48.,45.,20.;                                      0000731P0000368
144,735,1,0,737;                                                 0000733P0000369
108,-0.,-0.,-1.,-0.,0,24.,22.5,0.,0.;                            0000735P0000370
142,0,735,0,739,2;                                               0000737P0000371
102,4,741,743,745,747;                                           0000739P0000372
110,0.,0.,0.,0.,45.,0.;                                          0000741P0000373
110,0.,45.,0.,48.,45.,0.;                                        0000743P0000374
110,48.,45.,0.,48.,0.,0.;                                        0000745P0000375
110,48.,0.,0.,0.,0.,0.;                                          0000747P0000376
144,751,1,2,753,765,777;                                         0000749P0000377
108,0.,0.,1.,20.,0,24.,22.5,20.,0.;                              0000751P0000378
142,0,751,0,755,2;                                               0000753P0000379
102,4,757,759,761,763;                                           0000755P0000380
110,0.,0.,20.,48.,0.,20.;                                        0000757P0000381
110,48.,0.,20.,48.,45.,20.;                                      0000759P0000382
110,48.,45.,20.,0.,45.,20.;                                      0000761P0000383
110,0.,45.,20.,0.,0.,20.;                                        0000763P0000384
142,0,751,0,767,2;                                               0000765P0000385
102,4,769,771,773,775;                                           0000767P0000386
110,44.,1.,20.,2.,1.,20.;                                        0000769P0000387
110,2.,1.,20.,2.,9.,20.;                                         0000771P0000388
110,2.,9.,20.,44.,9.,20.;                                        0000773P0000389
110,44.,9.,20.,44.,1.,20.;                                       0000775P0000390
142,0,751,0,779,2;                                               0000777P0000391
102,4,781,783,785,787;                                           0000779P0000392
110,44.,11.,20.,2.,11.,20.;                                      0000781P0000393
110,2.,11.,20.,2.,19.,20.;                                       0000783P0000394
110,2.,19.,20.,44.,19.,20.;                                      0000785P0000395
110,44.,19.,20.,44.,11.,20.;                                     0000787P0000396
144,791,1,0,793;                                                 0000789P0000397
108,-0.,1.,-0.,45.,0,48.,45.,0.,0.;                              0000791P0000398
142,0,791,0,795,2;                                               0000793P0000399
102,4,797,799,801,803;                                           0000795P0000400
110,0.,45.,20.,48.,45.,20.;                                      0000797P0000401
110,48.,45.,20.,48.,45.,0.;                                      0000799P0000402
110,48.,45.,0.,0.,45.,0.;                                        0000801P0000403
110,0.,45.,0.,0.,45.,20.;                                        0000803P0000404
144,807,1,0,809;                                                 0000805P0000405
108,0.,1.,0.,1.,0,22.289280251,1.,12.452488445,0.;               0000807P0000406
142,0,807,0,811,2;                                               0000809P0000407
102,4,813,815,817,819;                                           0000811P0000408
110,2.,1.,2.,2.,1.,20.;                                          0000813P0000409
110,2.,1.,20.,44.,1.,20.;                                        0000815P0000410
110,44.,1.,20.,44.,1.,6.;                                        0000817P0000411
110,44.,1.,6.,2.,1.,2.;                                          0000819P0000412
144,823,1,0,825;                                                 0000821P0000413
108,1.,0.,0.,2.,0,2.,5.,11.5,0.;                                 0000823P0000414
142,0,823,0,827,2;                                               0000825P0000415
102,4,829,831,833,835;                                           0000827P0000416
110,2.,1.,2.,2.,9.,2.;                                           0000829P0000417
110,2.,9.,2.,2.,9.,20.;                                          0000831P0000418
110,2.,9.,20.,2.,1.,20.;                                         0000833P0000419
110,2.,1.,20.,2.,1.,2.;                                          0000835P0000420
144,839,1,0,841;                                                 0000837P0000421
108,-1.,-0.,-0.,-44.,0,44.,5.,13.5,0.;                           0000839P0000422
142,0,839,0,843,2;                                               0000841P0000423
102,4,845,847,849,851;                                           0000843P0000424
110,44.,9.,6.,44.,1.,6.;                                         0000845P0000425
110,44.,1.,6.,44.,1.,20.;                                        0000847P0000426
110,44.,1.,20.,44.,9.,20.;                                       0000849P0000427
110,44.,9.,20.,44.,9.,6.;                                        0000851P0000428
144,855,1,0,857;                                                 0000853P0000429
108,-0.,-1.,-0.,-9.,0,22.289280251,9.,12.452488445,0.;           0000855P0000430
142,0,855,0,859,2;                                               0000857P0000431
102,4,861,863,865,867;                                           0000859P0000432
110,2.,9.,2.,44.,9.,6.;                                          0000861P0000433
110,44.,9.,6.,44.,9.,20.;                                        0000863P0000434
110,44.,9.,20.,2.,9.,20.;                                        0000865P0000435
110,2.,9.,20.,2.,9.,2.;                                          0000867P0000436
144,871,1,0,873;                                                 0000869P0000437
108,0.,1.,0.,11.,0,22.289280251,11.,12.452488445,0.;             0000871P0000438
142,0,871,0,875,2;                                               0000873P0000439
102,4,877,879,881,883;                                           0000875P0000440
110,2.,11.,2.,2.,11.,20.;                                        0000877P0000441
110,2.,11.,20.,44.,11.,20.;                                      0000879P0000442
110,44.,11.,20.,44.,11.,6.;                                      0000881P0000443
110,44.,11.,6.,2.,11.,2.;                                        0000883P0000444
144,887,1,0,889;                                                 0000885P0000445
108,-1.,-0.,-0.,-44.,0,44.,15.,13.5,0.;                          0000887P0000446
142,0,887,0,891,2;                                               0000889P0000447
102,4,893,895,897,899;                                           0000891P0000448
110,44.,19.,6.,44.,11.,6.;                                       0000893P0000449
110,44.,11.,6.,44.,11.,20.;                                      0000895P0000450
110,44.,11.,20.,44.,19.,20.;                                     0000897P0000451
110,44.,19.,20.,44.,19.,6.;                                      0000899P0000452
144,903,1,0,905;                                                 0000901P0000453
108,-0.,-1.,-0.,-19.,0,22.289280251,19.,12.452488445,0.;         0000903P0000454
142,0,903,0,907,2;                                               0000905P0000455
102,4,909,911,913,915;                                           0000907P0000456
110,2.,19.,2.,44.,19.,6.;                                        0000909P0000457
110,44.,19.,6.,44.,19.,20.;                                      0000911P0000458
110,44.,19.,20.,2.,19.,20.;                                      0000913P0000459
110,2.,19.,20.,2.,19.,2.;                                        0000915P0000460
144,919,1,0,921;                                                 0000917P0000461
108,1.,0.,0.,2.,0,2.,15.,11.5,0.;                                0000919P0000462
142,0,919,0,923,2;                                               0000921P0000463
102,4,925,927,929,931;                                           0000923P0000464
110,2.,11.,2.,2.,19.,2.;                                         0000925P0000465
110,2.,19.,2.,2.,19.,20.;                                        0000927P0000466
110,2.,19.,20.,2.,11.,20.;                                       0000929P0000467
110,2.,11.,20.,2.,11.,2.;                                        0000931P0000468
144,935,1,0,937;                                                 0000933P0000469
108,-9.480909263E-02,-0.,0.995495473,1.80137276,0,23.,5.,4.,0.;  0000935P0000470
142,0,935,0,939,2;                                               0000937P0000471
102,4,941,943,945,947;                                           0000939P0000472
110,2.,1.,2.,44.,1.,6.;                                          0000941P0000473
110,44.,1.,6.,44.,9.,6.;                                         0000943P0000474
110,44.,9.,6.,2.,9.,2.;                                          0000945P0000475
110,2.,9.,2.,2.,1.,2.;                                           0000947P0000476
144,951,1,0,953;                                                 0000949P0000477
108,-9.480909263E-02,-0.,0.995495473,1.80137276,0,23.,15.,4.,0.; 0000951P0000478
142,0,951,0,955,2;                                               0000953P0000479
102,4,957,959,961,963;                                           0000955P0000480
110,2.,11.,2.,44.,11.,6.;                                        0000957P0000481
110,44.,11.,6.,44.,19.,6.;                                       0000959P0000482
110,44.,19.,6.,2.,19.,2.;                                        0000961P0000483
110,2.,19.,2.,2.,11.,2.;                                         0000963P0000484
402,6,967,983,999,1015,1031,1047,0,1,2771;                       0000965P0000485
144,969,1,0,971;                                                 0000967P0000486
108,9.480909263E-02,0.,-0.995495473,-1.80137276,0,23.,25.,4.,0.; 0000969P0000487
142,0,969,0,973,2;                                               0000971P0000488
102,4,975,977,979,981;                                           0000973P0000489
110,2.,21.,2.,2.,29.,2.;                                         0000975P0000490
110,2.,29.,2.,44.,29.,6.;                                        0000977P0000491
110,44.,29.,6.,44.,21.,6.;                                       0000979P0000492
110,44.,21.,6.,2.,21.,2.;                                        0000981P0000493
144,985,1,0,987;                                                 0000983P0000494
108,-0.,-1.,-0.,-21.,0,22.289280251,21.,12.452488445,0.;         0000985P0000495
142,0,985,0,989,2;                                               0000987P0000496
102,4,991,993,995,997;                                           0000989P0000497
110,2.,21.,21.,2.,21.,2.;                                        0000991P0000498
110,2.,21.,2.,44.,21.,6.;                                        0000993P0000499
110,44.,21.,6.,44.,21.,21.;                                      0000995P0000500
110,44.,21.,21.,2.,21.,21.;                                      0000997P0000501
144,1001,1,0,1003;                                               0000999P0000502
108,0.,0.,1.,21.,0,23.,25.,21.,0.;                               0001001P0000503
142,0,1001,0,1005,2;                                             0001003P0000504
102,4,1007,1009,1011,1013;                                       0001005P0000505
110,2.,21.,21.,44.,21.,21.;                                      0001007P0000506
110,44.,21.,21.,44.,29.,21.;                                     0001009P0000507
110,44.,29.,21.,2.,29.,21.;                                      0001011P0000508
110,2.,29.,21.,2.,21.,21.;                                       0001013P0000509
144,1017,1,0,1019;                                               0001015P0000510
108,1.,0.,0.,44.,0,44.,25.,13.5,0.;                              0001017P0000511
142,0,1017,0,1021,2;                                             0001019P0000512
102,4,1023,1025,1027,1029;                                       0001021P0000513
110,44.,21.,21.,44.,21.,6.;                                      0001023P0000514
110,44.,21.,6.,44.,29.,6.;                                       0001025P0000515
110,44.,29.,6.,44.,29.,21.;                                      0001027P0000516
110,44.,29.,21.,44.,21.,21.;                                     0001029P0000517
144,1033,1,0,1035;                                               0001031P0000518
108,0.,1.,0.,29.,0,22.289280251,29.,12.452488445,0.;             0001033P0000519
142,0,1033,0,1037,2;                                             0001035P0000520
102,4,1039,1041,1043,1045;                                       0001037P0000521
110,44.,29.,21.,44.,29.,6.;                                      0001039P0000522
110,44.,29.,6.,2.,29.,2.;                                        0001041P0000523
110,2.,29.,2.,2.,29.,21.;                                        0001043P0000524
110,2.,29.,21.,44.,29.,21.;                                      0001045P0000525
144,1049,1,0,1051;                                               0001047P0000526
108,-1.,-0.,-0.,-2.,0,2.,25.,11.5,0.;                            0001049P0000527
142,0,1049,0,1053,2;                                             0001051P0000528
102,4,1055,1057,1059,1061;                                       0001053P0000529
110,2.,29.,21.,2.,29.,2.;                                        0001055P0000530
110,2.,29.,2.,2.,21.,2.;                                         0001057P0000531
110,2.,21.,2.,2.,21.,21.;                                        0001059P0000532
110,2.,21.,21.,2.,29.,21.;                                       0001061P0000533
402,21,1065,1081,1097,1113,1129,1181,1197,1213,1229,1245,1261,   0001063P0000534
1277,1293,1309,1325,1341,1357,1373,1389,1405,1421;               0001063P0000535
144,1067,1,0,1069;                                               0001065P0000536
108,-0.,-1.,-0.,-0.,0,0.,0.,0.,0.;                               0001067P0000537
142,0,1067,0,1071,2;                                             0001069P0000538
102,4,1073,1075,1077,1079;                                       0001071P0000539
110,48.,0.,20.,0.,0.,20.;                                        0001073P0000540
110,0.,0.,20.,0.,0.,0.;                                          0001075P0000541
110,0.,0.,0.,48.,0.,0.;                                          0001077P0000542
110,48.,0.,0.,48.,0.,20.;                                        0001079P0000543
144,1083,1,0,1085;                                               0001081P0000544
108,-1.,-0.,-0.,-0.,0,0.,45.,0.,0.;                              0001083P0000545
142,0,1083,0,1087,2;                                             0001085P0000546
102,4,1089,1091,1093,1095;                                       0001087P0000547
110,0.,0.,20.,0.,45.,20.;                                        0001089P0000548
110,0.,45.,20.,0.,45.,0.;                                        0001091P0000549
110,0.,45.,0.,0.,0.,0.;                                          0001093P0000550
110,0.,0.,0.,0.,0.,20.;                                          0001095P0000551
144,1099,1,0,1101;                                               0001097P0000552
108,1.,-0.,-0.,48.,0,48.,0.,0.,0.;                               0001099P0000553
142,0,1099,0,1103,2;                                             0001101P0000554
102,4,1105,1107,1109,1111;                                       0001103P0000555
110,48.,45.,20.,48.,0.,20.;                                      0001105P0000556
110,48.,0.,20.,48.,0.,0.;                                        0001107P0000557
110,48.,0.,0.,48.,45.,0.;                                        0001109P0000558
110,48.,45.,0.,48.,45.,20.;                                      0001111P0000559
144,1115,1,0,1117;                                               0001113P0000560
108,-0.,-0.,-1.,-0.,0,24.,22.5,0.,0.;                            0001115P0000561
142,0,1115,0,1119,2;                                             0001117P0000562
102,4,1121,1123,1125,1127;                                       0001119P0000563
110,0.,0.,0.,0.,45.,0.;                                          0001121P0000564
110,0.,45.,0.,48.,45.,0.;                                        0001123P0000565
110,48.,45.,0.,48.,0.,0.;                                        0001125P0000566
110,48.,0.,0.,0.,0.,0.;                                          0001127P0000567
144,1131,1,3,1133,1145,1157,1169;                                0001129P0000568
108,0.,0.,1.,20.,0,24.,22.5,20.,0.;                              0001131P0000569
142,0,1131,0,1135,2;                                             0001133P0000570
102,4,1137,1139,1141,1143;                                       0001135P0000571
110,0.,0.,20.,48.,0.,20.;                                        0001137P0000572
110,48.,0.,20.,48.,45.,20.;                                      0001139P0000573
110,48.,45.,20.,0.,45.,20.;                                      0001141P0000574
110,0.,45.,20.,0.,0.,20.;                                        0001143P0000575
142,0,1131,0,1147,2;                                             0001145P0000576
102,4,1149,1151,1153,1155;                                       0001147P0000577
110,44.,1.,20.,2.,1.,20.;                                        0001149P0000578
110,2.,1.,20.,2.,9.,20.;                                         0001151P0000579
110,2.,9.,20.,44.,9.,20.;                                        0001153P0000580
110,44.,9.,20.,44.,1.,20.;                                       0001155P0000581
142,0,1131,0,1159,2;                                             0001157P0000582
102,4,1161,1163,1165,1167;                                       0001159P0000583
110,44.,11.,20.,2.,11.,20.;                                      0001161P0000584
110,2.,11.,20.,2.,19.,20.;                                       0001163P0000585
110,2.,19.,20.,44.,19.,20.;                                      0001165P0000586
110,44.,19.,20.,44.,11.,20.;                                     0001167P0000587
142,0,1131,0,1171,2;                                             0001169P0000588
102,4,1173,1175,1177,1179;                                       0001171P0000589
110,44.,21.,20.,2.,21.,20.;                                      0001173P0000590
110,2.,21.,20.,2.,29.,20.;                                       0001175P0000591
110,2.,29.,20.,44.,29.,20.;                                      0001177P0000592
110,44.,29.,20.,44.,21.,20.;                                     0001179P0000593
144,1183,1,0,1185;                                               0001181P0000594
108,-0.,1.,-0.,45.,0,48.,45.,0.,0.;                              0001183P0000595
142,0,1183,0,1187,2;                                             0001185P0000596
102,4,1189,1191,1193,1195;                                       0001187P0000597
110,0.,45.,20.,48.,45.,20.;                                      0001189P0000598
110,48.,45.,20.,48.,45.,0.;                                      0001191P0000599
110,48.,45.,0.,0.,45.,0.;                                        0001193P0000600
110,0.,45.,0.,0.,45.,20.;                                        0001195P0000601
144,1199,1,0,1201;                                               0001197P0000602
108,0.,1.,0.,1.,0,22.289280251,1.,12.452488445,0.;               0001199P0000603
142,0,1199,0,1203,2;                                             0001201P0000604
102,4,1205,1207,1209,1211;                                       0001203P0000605
110,2.,1.,2.,2.,1.,20.;                                          0001205P0000606
110,2.,1.,20.,44.,1.,20.;                                        0001207P0000607
110,44.,1.,20.,44.,1.,6.;                                        0001209P0000608
110,44.,1.,6.,2.,1.,2.;                                          0001211P0000609
144,1215,1,0,1217;                                               0001213P0000610
108,1.,0.,0.,2.,0,2.,5.,11.5,0.;                                 0001215P0000611
142,0,1215,0,1219,2;                                             0001217P0000612
102,4,1221,1223,1225,1227;                                       0001219P0000613
110,2.,1.,2.,2.,9.,2.;                                           0001221P0000614
110,2.,9.,2.,2.,9.,20.;                                          0001223P0000615
110,2.,9.,20.,2.,1.,20.;                                         0001225P0000616
110,2.,1.,20.,2.,1.,2.;                                          0001227P0000617
144,1231,1,0,1233;                                               0001229P0000618
108,-1.,-0.,-0.,-44.,0,44.,5.,13.5,0.;                           0001231P0000619
142,0,1231,0,1235,2;                                             0001233P0000620
102,4,1237,1239,1241,1243;                                       0001235P0000621
110,44.,9.,6.,44.,1.,6.;                                         0001237P0000622
110,44.,1.,6.,44.,1.,20.;                                        0001239P0000623
110,44.,1.,20.,44.,9.,20.;                                       0001241P0000624
110,44.,9.,20.,44.,9.,6.;                                        0001243P0000625
144,1247,1,0,1249;                                               0001245P0000626
108,-0.,-1.,-0.,-9.,0,22.289280251,9.,12.452488445,0.;           0001247P0000627
142,0,1247,0,1251,2;                                             0001249P0000628
102,4,1253,1255,1257,1259;                                       0001251P0000629
110,2.,9.,2.,44.,9.,6.;                                          0001253P0000630
110,44.,9.,6.,44.,9.,20.;                                        0001255P0000631
110,44.,9.,20.,2.,9.,20.;                                        0001257P0000632
110,2.,9.,20.,2.,9.,2.;                                          0001259P0000633
144,1263,1,0,1265;                                               0001261P0000634
108,0.,1.,0.,11.,0,22.289280251,11.,12.452488445,0.;             0001263P0000635
142,0,1263,0,1267,2;                                             0001265P0000636
102,4,1269,1271,1273,1275;                                       0001267P0000637
110,2.,11.,2.,2.,11.,20.;                                        0001269P0000638
110,2.,11.,20.,44.,11.,20.;                                      0001271P0000639
110,44.,11.,20.,44.,11.,6.;                                      0001273P0000640
110,44.,11.,6.,2.,11.,2.;                                        0001275P0000641
144,1279,1,0,1281;                                               0001277P0000642
108,1.,0.,0.,2.,0,2.,15.,11.5,0.;                                0001279P0000643
142,0,1279,0,1283,2;                                             0001281P0000644
102,4,1285,1287,1289,1291;                                       0001283P0000645
110,2.,11.,2.,2.,19.,2.;                                         0001285P0000646
110,2.,19.,2.,2.,19.,20.;                                        0001287P0000647
110,2.,19.,20.,2.,11.,20.;                                       0001289P0000648
110,2.,11.,20.,2.,11.,2.;                                        0001291P0000649
144,1295,1,0,1297;                                               0001293P0000650
108,-1.,-0.,-0.,-44.,0,44.,15.,13.5,0.;                          0001295P0000651
142,0,1295,0,1299,2;                                             0001297P0000652
102,4,1301,1303,1305,1307;                                       0001299P0000653
110,44.,19.,6.,44.,11.,6.;                                       0001301P0000654
110,44.,11.,6.,44.,11.,20.;                                      0001303P0000655
110,44.,11.,20.,44.,19.,20.;                                     0001305P0000656
110,44.,19.,20.,44.,19.,6.;                                      0001307P0000657
144,1311,1,0,1313;                                               0001309P0000658
108,-0.,-1.,-0.,-19.,0,22.289280251,19.,12.452488445,0.;         0001311P0000659
142,0,1311,0,1315,2;                                             0001313P0000660
102,4,1317,1319,1321,1323;                                       0001315P0000661
110,2.,19.,2.,44.,19.,6.;                                        0001317P0000662
110,44.,19.,6.,44.,19.,20.;                                      0001319P0000663
110,44.,19.,20.,2.,19.,20.;                                      0001321P0000664
110,2.,19.,20.,2.,19.,2.;                                        0001323P0000665
144,1327,1,0,1329;                                               0001325P0000666
108,0.,1.,0.,21.,0,22.289280251,21.,12.452488445,0.;             0001327P0000667
142,0,1327,0,1331,2;                                             0001329P0000668
102,4,1333,1335,1337,1339;                                       0001331P0000669
110,2.,21.,2.,2.,21.,20.;                                        0001333P0000670
110,2.,21.,20.,44.,21.,20.;                                      0001335P0000671
110,44.,21.,20.,44.,21.,6.;                                      0001337P0000672
110,44.,21.,6.,2.,21.,2.;                                        0001339P0000673
144,1343,1,0,1345;                                               0001341P0000674
108,-1.,-0.,-0.,-44.,0,44.,25.,13.5,0.;                          0001343P0000675
142,0,1343,0,1347,2;                                             0001345P0000676
102,4,1349,1351,1353,1355;                                       0001347P0000677
110,44.,29.,6.,44.,21.,6.;                                       0001349P0000678
110,44.,21.,6.,44.,21.,20.;                                      0001351P0000679
110,44.,21.,20.,44.,29.,20.;                                     0001353P0000680
110,44.,29.,20.,44.,29.,6.;                                      0001355P0000681
144,1359,1,0,1361;                                               0001357P0000682
108,-0.,-1.,-0.,-29.,0,22.289280251,29.,12.452488445,0.;         0001359P0000683
142,0,1359,0,1363,2;                                             0001361P0000684
102,4,1365,1367,1369,1371;                                       0001363P0000685
110,2.,29.,2.,44.,29.,6.;                                        0001365P0000686
110,44.,29.,6.,44.,29.,20.;                                      0001367P0000687
110,44.,29.,20.,2.,29.,20.;                                      0001369P0000688
110,2.,29.,20.,2.,29.,2.;                                        0001371P0000689
144,1375,1,0,1377;                                               0001373P0000690
108,1.,0.,0.,2.,0,2.,25.,11.5,0.;                                0001375P0000691
142,0,1375,0,1379,2;                                             0001377P0000692
102,4,1381,1383,1385,1387;                                       0001379P0000693
110,2.,21.,2.,2.,29.,2.;                                         0001381P0000694
110,2.,29.,2.,2.,29.,20.;                                        0001383P0000695
110,2.,29.,20.,2.,21.,20.;                                       0001385P0000696
110,2.,21.,20.,2.,21.,2.;                                        0001387P0000697
144,1391,1,0,1393;                                               0001389P0000698
108,-9.480909263E-02,-0.,0.995495473,1.80137276,0,23.,5.,4.,0.;  0001391P0000699
142,0,1391,0,1395,2;                                             0001393P0000700
102,4,1397,1399,1401,1403;                                       0001395P0000701
110,2.,1.,2.,44.,1.,6.;                                          0001397P0000702
110,44.,1.,6.,44.,9.,6.;                                         0001399P0000703
110,44.,9.,6.,2.,9.,2.;                                          0001401P0000704
110,2.,9.,2.,2.,1.,2.;                                           0001403P0000705
144,1407,1,0,1409;                                               0001405P0000706
108,-9.480909263E-02,-0.,0.995495473,1.80137276,0,23.,15.,4.,0.; 0001407P0000707
142,0,1407,0,1411,2;                                             0001409P0000708
102,4,1413,1415,1417,1419;                                       0001411P0000709
110,2.,11.,2.,44.,11.,6.;                                        0001413P0000710
110,44.,11.,6.,44.,19.,6.;                                       0001415P0000711
110,44.,19.,6.,2.,19.,2.;                                        0001417P0000712
110,2.,19.,2.,2.,11.,2.;                                         0001419P0000713
144,1423,1,0,1425;                                               0001421P0000714
108,-9.480909263E-02,-0.,0.995495473,1.80137276,0,23.,25.,4.,0.; 0001423P0000715
142,0,1423,0,1427,2;                                             0001425P0000716
102,4,1429,1431,1433,1435;                                       0001427P0000717
110,2.,21.,2.,44.,21.,6.;                                        0001429P0000718
110,44.,21.,6.,44.,29.,6.;                                       0001431P0000719
110,44.,29.,6.,2.,29.,2.;                                        0001433P0000720
110,2.,29.,2.,2.,21.,2.;                                         0001435P0000721
402,6,1439,1455,1471,1487,1503,1519,0,1,2741;                    0001437P0000722
144,1441,1,0,1443;                                               0001439P0000723
108,9.480909263E-02,0.,-0.995495473,-1.80137276,0,23.,35.,4.,0.; 0001441P0000724
142,0,1441,0,1445,2;                                             0001443P0000725
102,4,1447,1449,1451,1453;                                       0001445P0000726
110,2.,31.,2.,2.,39.,2.;                                         0001447P0000727
110,2.,39.,2.,44.,39.,6.;                                        0001449P0000728
110,44.,39.,6.,44.,31.,6.;                                       0001451P0000729
110,44.,31.,6.,2.,31.,2.;                                        0001453P0000730
144,1457,1,0,1459;                                               0001455P0000731
108,-0.,-1.,-0.,-31.,0,22.289280251,31.,12.452488445,0.;         0001457P0000732
142,0,1457,0,1461,2;                                             0001459P0000733
102,4,1463,1465,1467,1469;                                       0001461P0000734
110,2.,31.,21.,2.,31.,2.;                                        0001463P0000735
110,2.,31.,2.,44.,31.,6.;                                        0001465P0000736
110,44.,31.,6.,44.,31.,21.;                                      0001467P0000737
110,44.,31.,21.,2.,31.,21.;                                      0001469P0000738
144,1473,1,0,1475;                                               0001471P0000739
108,0.,0.,1.,21.,0,23.,35.,21.,0.;                               0001473P0000740
142,0,1473,0,1477,2;                                             0001475P0000741
102,4,1479,1481,1483,1485;                                       0001477P0000742
110,2.,31.,21.,44.,31.,21.;                                      0001479P0000743
110,44.,31.,21.,44.,39.,21.;                                     0001481P0000744
110,44.,39.,21.,2.,39.,21.;                                      0001483P0000745
110,2.,39.,21.,2.,31.,21.;                                       0001485P0000746
144,1489,1,0,1491;                                               0001487P0000747
108,1.,0.,0.,44.,0,44.,35.,13.5,0.;                              0001489P0000748
142,0,1489,0,1493,2;                                             0001491P0000749
102,4,1495,1497,1499,1501;                                       0001493P0000750
110,44.,31.,21.,44.,31.,6.;                                      0001495P0000751
110,44.,31.,6.,44.,39.,6.;                                       0001497P0000752
110,44.,39.,6.,44.,39.,21.;                                      0001499P0000753
110,44.,39.,21.,44.,31.,21.;                                     0001501P0000754
144,1505,1,0,1507;                                               0001503P0000755
108,0.,1.,0.,39.,0,22.289280251,39.,12.452488445,0.;             0001505P0000756
142,0,1505,0,1509,2;                                             0001507P0000757
102,4,1511,1513,1515,1517;                                       0001509P0000758
110,44.,39.,21.,44.,39.,6.;                                      0001511P0000759
110,44.,39.,6.,2.,39.,2.;                                        0001513P0000760
110,2.,39.,2.,2.,39.,21.;                                        0001515P0000761
110,2.,39.,21.,44.,39.,21.;                                      0001517P0000762
144,1521,1,0,1523;                                               0001519P0000763
108,-1.,-0.,-0.,-2.,0,2.,35.,11.5,0.;                            0001521P0000764
142,0,1521,0,1525,2;                                             0001523P0000765
102,4,1527,1529,1531,1533;                                       0001525P0000766
110,2.,39.,21.,2.,39.,2.;                                        0001527P0000767
110,2.,39.,2.,2.,31.,2.;                                         0001529P0000768
110,2.,31.,2.,2.,31.,21.;                                        0001531P0000769
110,2.,31.,21.,2.,39.,21.;                                       0001533P0000770
402,26,1537,1553,1569,1585,1601,1665,1681,1697,1713,1729,1745,   0001535P0000771
1761,1777,1793,1809,1825,1841,1857,1873,1889,1905,1921,1937,     0001535P0000772
1953,1969,1985;                                                  0001535P0000773
144,1539,1,0,1541;                                               0001537P0000774
108,-0.,-1.,-0.,-0.,0,0.,0.,0.,0.;                               0001539P0000775
142,0,1539,0,1543,2;                                             0001541P0000776
102,4,1545,1547,1549,1551;                                       0001543P0000777
110,48.,0.,20.,0.,0.,20.;                                        0001545P0000778
110,0.,0.,20.,0.,0.,0.;                                          0001547P0000779
110,0.,0.,0.,48.,0.,0.;                                          0001549P0000780
110,48.,0.,0.,48.,0.,20.;                                        0001551P0000781
144,1555,1,0,1557;                                               0001553P0000782
108,-1.,-0.,-0.,-0.,0,0.,45.,0.,0.;                              0001555P0000783
142,0,1555,0,1559,2;                                             0001557P0000784
102,4,1561,1563,1565,1567;                                       0001559P0000785
110,0.,0.,20.,0.,45.,20.;                                        0001561P0000786
110,0.,45.,20.,0.,45.,0.;                                        0001563P0000787
110,0.,45.,0.,0.,0.,0.;                                          0001565P0000788
110,0.,0.,0.,0.,0.,20.;                                          0001567P0000789
144,1571,1,0,1573;                                               0001569P0000790
108,1.,-0.,-0.,48.,0,48.,0.,0.,0.;                               0001571P0000791
142,0,1571,0,1575,2;                                             0001573P0000792
102,4,1577,1579,1581,1583;                                       0001575P0000793
110,48.,45.,20.,48.,0.,20.;                                      0001577P0000794
110,48.,0.,20.,48.,0.,0.;                                        0001579P0000795
110,48.,0.,0.,48.,45.,0.;                                        0001581P0000796
110,48.,45.,0.,48.,45.,20.;                                      0001583P0000797
144,1587,1,0,1589;                                               0001585P0000798
108,-0.,-0.,-1.,-0.,0,24.,22.5,0.,0.;                            0001587P0000799
142,0,1587,0,1591,2;                                             0001589P0000800
102,4,1593,1595,1597,1599;                                       0001591P0000801
110,0.,0.,0.,0.,45.,0.;                                          0001593P0000802
110,0.,45.,0.,48.,45.,0.;                                        0001595P0000803
110,48.,45.,0.,48.,0.,0.;                                        0001597P0000804
110,48.,0.,0.,0.,0.,0.;                                          0001599P0000805
144,1603,1,4,1605,1617,1629,1641,1653;                           0001601P0000806
108,0.,0.,1.,20.,0,24.,22.5,20.,0.;                              0001603P0000807
142,0,1603,0,1607,2;                                             0001605P0000808
102,4,1609,1611,1613,1615;                                       0001607P0000809
110,0.,0.,20.,48.,0.,20.;                                        0001609P0000810
110,48.,0.,20.,48.,45.,20.;                                      0001611P0000811
110,48.,45.,20.,0.,45.,20.;                                      0001613P0000812
110,0.,45.,20.,0.,0.,20.;                                        0001615P0000813
142,0,1603,0,1619,2;                                             0001617P0000814
102,4,1621,1623,1625,1627;                                       0001619P0000815
110,44.,1.,20.,2.,1.,20.;                                        0001621P0000816
110,2.,1.,20.,2.,9.,20.;                                         0001623P0000817
110,2.,9.,20.,44.,9.,20.;                                        0001625P0000818
110,44.,9.,20.,44.,1.,20.;                                       0001627P0000819
142,0,1603,0,1631,2;                                             0001629P0000820
102,4,1633,1635,1637,1639;                                       0001631P0000821
110,44.,11.,20.,2.,11.,20.;                                      0001633P0000822
110,2.,11.,20.,2.,19.,20.;                                       0001635P0000823
110,2.,19.,20.,44.,19.,20.;                                      0001637P0000824
110,44.,19.,20.,44.,11.,20.;                                     0001639P0000825
142,0,1603,0,1643,2;                                             0001641P0000826
102,4,1645,1647,1649,1651;                                       0001643P0000827
110,44.,21.,20.,2.,21.,20.;                                      0001645P0000828
110,2.,21.,20.,2.,29.,20.;                                       0001647P0000829
110,2.,29.,20.,44.,29.,20.;                                      0001649P0000830
110,44.,29.,20.,44.,21.,20.;                                     0001651P0000831
142,0,1603,0,1655,2;                                             0001653P0000832
102,4,1657,1659,1661,1663;                                       0001655P0000833
110,44.,31.,20.,2.,31.,20.;                                      0001657P0000834
110,2.,31.,20.,2.,39.,20.;                                       0001659P0000835
110,2.,39.,20.,44.,39.,20.;                                      0001661P0000836
110,44.,39.,20.,44.,31.,20.;                                     0001663P0000837
144,1667,1,0,1669;                                               0001665P0000838
108,-0.,1.,-0.,45.,0,48.,45.,0.,0.;                              0001667P0000839
142,0,1667,0,1671,2;                                             0001669P0000840
102,4,1673,1675,1677,1679;                                       0001671P0000841
110,0.,45.,20.,48.,45.,20.;                                      0001673P0000842
110,48.,45.,20.,48.,45.,0.;                                      0001675P0000843
110,48.,45.,0.,0.,45.,0.;                                        0001677P0000844
110,0.,45.,0.,0.,45.,20.;                                        0001679P0000845
144,1683,1,0,1685;                                               0001681P0000846
108,0.,1.,0.,1.,0,22.289280251,1.,12.452488445,0.;               0001683P0000847
142,0,1683,0,1687,2;                                             0001685P0000848
102,4,1689,1691,1693,1695;                                       0001687P0000849
110,2.,1.,2.,2.,1.,20.;                                          0001689P0000850
110,2.,1.,20.,44.,1.,20.;                                        0001691P0000851
110,44.,1.,20.,44.,1.,6.;                                        0001693P0000852
110,44.,1.,6.,2.,1.,2.;                                          0001695P0000853
144,1699,1,0,1701;                                               0001697P0000854
108,1.,0.,0.,2.,0,2.,5.,11.5,0.;                                 0001699P0000855
142,0,1699,0,1703,2;                                             0001701P0000856
102,4,1705,1707,1709,1711;                                       0001703P0000857
110,2.,1.,2.,2.,9.,2.;                                           0001705P0000858
110,2.,9.,2.,2.,9.,20.;                                          0001707P0000859
110,2.,9.,20.,2.,1.,20.;                                         0001709P0000860
110,2.,1.,20.,2.,1.,2.;                                          0001711P0000861
144,1715,1,0,1717;                                               0001713P0000862
108,-1.,-0.,-0.,-44.,0,44.,5.,13.5,0.;                           0001715P0000863
142,0,1715,0,1719,2;                                             0001717P0000864
102,4,1721,1723,1725,1727;                                       0001719P0000865
110,44.,9.,6.,44.,1.,6.;                                         0001721P0000866
110,44.,1.,6.,44.,1.,20.;                                        0001723P0000867
110,44.,1.,20.,44.,9.,20.;                                       0001725P0000868
110,44.,9.,20.,44.,9.,6.;                                        0001727P0000869
144,1731,1,0,1733;                                               0001729P0000870
108,-0.,-1.,-0.,-9.,0,22.289280251,9.,12.452488445,0.;           0001731P0000871
142,0,1731,0,1735,2;                                             0001733P0000872
102,4,1737,1739,1741,1743;                                       0001735P0000873
110,2.,9.,2.,44.,9.,6.;                                          0001737P0000874
110,44.,9.,6.,44.,9.,20.;                                        0001739P0000875
110,44.,9.,20.,2.,9.,20.;                                        0001741P0000876
110,2.,9.,20.,2.,9.,2.;                                          0001743P0000877
144,1747,1,0,1749;                                               0001745P0000878
108,0.,1.,0.,11.,0,22.289280251,11.,12.452488445,0.;             0001747P0000879
142,0,1747,0,1751,2;                                             0001749P0000880
102,4,1753,1755,1757,1759;                                       0001751P0000881
110,2.,11.,2.,2.,11.,20.;                                        0001753P0000882
110,2.,11.,20.,44.,11.,20.;                                      0001755P0000883
110,44.,11.,20.,44.,11.,6.;                                      0001757P0000884
110,44.,11.,6.,2.,11.,2.;                                        0001759P0000885
144,1763,1,0,1765;                                               0001761P0000886
108,1.,0.,0.,2.,0,2.,15.,11.5,0.;                                0001763P0000887
142,0,1763,0,1767,2;                                             0001765P0000888
102,4,1769,1771,1773,1775;                                       0001767P0000889
110,2.,11.,2.,2.,19.,2.;                                         0001769P0000890
110,2.,19.,2.,2.,19.,20.;                                        0001771P0000891
110,2.,19.,20.,2.,11.,20.;                                       0001773P0000892
110,2.,11.,20.,2.,11.,2.;                                        0001775P0000893
144,1779,1,0,1781;                                               0001777P0000894
108,-1.,-0.,-0.,-44.,0,44.,15.,13.5,0.;                          0001779P0000895
142,0,1779,0,1783,2;                                             0001781P0000896
102,4,1785,1787,1789,1791;                                       0001783P0000897
110,44.,19.,6.,44.,11.,6.;                                       0001785P0000898
110,44.,11.,6.,44.,11.,20.;                                      0001787P0000899
110,44.,11.,20.,44.,19.,20.;                                     0001789P0000900
110,44.,19.,20.,44.,19.,6.;                                      0001791P0000901
144,1795,1,0,1797;                                               0001793P0000902
108,-0.,-1.,-0.,-19.,0,22.289280251,19.,12.452488445,0.;         0001795P0000903
142,0,1795,0,1799,2;                                             0001797P0000904
102,4,1801,1803,1805,1807;                                       0001799P0000905
110,2.,19.,2.,44.,19.,6.;                                        0001801P0000906
110,44.,19.,6.,44.,19.,20.;                                      0001803P0000907
110,44.,19.,20.,2.,19.,20.;                                      0001805P0000908
110,2.,19.,20.,2.,19.,2.;                                        0001807P0000909
144,1811,1,0,1813;                                               0001809P0000910
108,0.,1.,0.,21.,0,22.289280251,21.,12.452488445,0.;             0001811P0000911
142,0,1811,0,1815,2;                                             0001813P0000912
102,4,1817,1819,1821,1823;                                       0001815P0000913
110,2.,21.,2.,2.,21.,20.;                                        0001817P0000914
110,2.,21.,20.,44.,21.,20.;                                      0001819P0000915
110,44.,21.,20.,44.,21.,6.;                                      0001821P0000916
110,44.,21.,6.,2.,21.,2.;                                        0001823P0000917
144,1827,1,0,1829;                                               0001825P0000918
108,1.,0.,0.,2.,0,2.,25.,11.5,0.;                                0001827P0000919
142,0,1827,0,1831,2;                                             0001829P0000920
102,4,1833,1835,1837,1839;                                       0001831P0000921
110,2.,21.,2.,2.,29.,2.;                                         0001833P0000922
110,2.,29.,2.,2.,29.,20.;                                        0001835P0000923
110,2.,29.,20.,2.,21.,20.;                                       0001837P0000924
110,2.,21.,20.,2.,21.,2.;                                        0001839P0000925
144,1843,1,0,1845;                                               0001841P0000926
108,-1.,-0.,-0.,-44.,0,44.,25.,13.5,0.;                          0001843P0000927
142,0,1843,0,1847,2;                                             0001845P0000928
102,4,1849,1851,1853,1855;                                       0001847P0000929
110,44.,29.,6.,44.,21.,6.;                                       0001849P0000930
110,44.,21.,6.,44.,21.,20.;                                      0001851P0000931
110,44.,21.,20.,44.,29.,20.;                                     0001853P0000932
110,44.,29.,20.,44.,29.,6.;                                      0001855P0000933
144,1859,1,0,1861;                                               0001857P0000934
108,-0.,-1.,-0.,-29.,0,22.289280251,29.,12.452488445,0.;         0001859P0000935
142,0,1859,0,1863,2;                                             0001861P0000936
102,4,1865,1867,1869,1871;                                       0001863P0000937
110,2.,29.,2.,44.,29.,6.;                                        0001865P0000938
110,44.,29.,6.,44.,29.,20.;                                      0001867P0000939
110,44.,29.,20.,2.,29.,20.;                                      0001869P0000940
110,2.,29.,20.,2.,29.,2.;                                        0001871P0000941
144,1875,1,0,1877;                                               0001873P0000942
108,0.,1.,0.,31.,0,22.289280251,31.,12.452488445,0.;             0001875P0000943
142,0,1875,0,1879,2;                                             0001877P0000944
102,4,1881,1883,1885,1887;                                       0001879P0000945
110,2.,31.,2.,2.,31.,20.;                                        0001881P0000946
110,2.,31.,20.,44.,31.,20.;                                      0001883P0000947
110,44.,31.,20.,44.,31.,6.;                                      0001885P0000948
110,44.,31.,6.,2.,31.,2.;                                        0001887P0000949
144,1891,1,0,1893;                                               0001889P0000950
108,-1.,-0.,-0.,-44.,0,44.,35.,13.5,0.;                          0001891P0000951
142,0,1891,0,1895,2;                                             0001893P0000952
102,4,1897,1899,1901,1903;                                       0001895P0000953
110,44.,39.,6.,44.,31.,6.;                                       0001897P0000954
110,44.,31.,6.,44.,31.,20.;                                      0001899P0000955
110,44.,31.,20.,44.,39.,20.;                                     0001901P0000956
110,44.,39.,20.,44.,39.,6.;                                      0001903P0000957
144,1907,1,0,1909;                                               0001905P0000958
108,-0.,-1.,-0.,-39.,0,22.289280251,39.,12.452488445,0.;         0001907P0000959
142,0,1907,0,1911,2;                                             0001909P0000960
102,4,1913,1915,1917,1919;                                       0001911P0000961
110,2.,39.,2.,44.,39.,6.;                                        0001913P0000962
110,44.,39.,6.,44.,39.,20.;                                      0001915P0000963
110,44.,39.,20.,2.,39.,20.;                                      0001917P0000964
110,2.,39.,20.,2.,39.,2.;                                        0001919P0000965
144,1923,1,0,1925;                                               0001921P0000966
108,1.,0.,0.,2.,0,2.,35.,11.5,0.;                                0001923P0000967
142,0,1923,0,1927,2;                                             0001925P0000968
102,4,1929,1931,1933,1935;                                       0001927P0000969
110,2.,31.,2.,2.,39.,2.;                                         0001929P0000970
110,2.,39.,2.,2.,39.,20.;                                        0001931P0000971
110,2.,39.,20.,2.,31.,20.;                                       0001933P0000972
110,2.,31.,20.,2.,31.,2.;                                        0001935P0000973
144,1939,1,0,1941;                                               0001937P0000974
108,-9.480909263E-02,-0.,0.995495473,1.80137276,0,23.,5.,4.,0.;  0001939P0000975
142,0,1939,0,1943,2;                                             0001941P0000976
102,4,1945,1947,1949,1951;                                       0001943P0000977
110,2.,1.,2.,44.,1.,6.;                                          0001945P0000978
110,44.,1.,6.,44.,9.,6.;                                         0001947P0000979
110,44.,9.,6.,2.,9.,2.;                                          0001949P0000980
110,2.,9.,2.,2.,1.,2.;                                           0001951P0000981
144,1955,1,0,1957;                                               0001953P0000982
108,-9.480909263E-02,-0.,0.995495473,1.80137276,0,23.,15.,4.,0.; 0001955P0000983
142,0,1955,0,1959,2;                                             0001957P0000984
102,4,1961,1963,1965,1967;                                       0001959P0000985
110,2.,11.,2.,44.,11.,6.;                                        0001961P0000986
110,44.,11.,6.,44.,19.,6.;                                       0001963P0000987
110,44.,19.,6.,2.,19.,2.;                                        0001965P0000988
110,2.,19.,2.,2.,11.,2.;                                         0001967P0000989
144,1971,1,0,1973;                                               0001969P0000990
108,-9.480909263E-02,-0.,0.995495473,1.80137276,0,23.,25.,4.,0.; 0001971P0000991
142,0,1971,0,1975,2;                                             0001973P0000992
102,4,1977,1979,1981,1983;                                       0001975P0000993
110,2.,21.,2.,44.,21.,6.;                                        0001977P0000994
110,44.,21.,6.,44.,29.,6.;                                       0001979P0000995
110,44.,29.,6.,2.,29.,2.;                                        0001981P0000996
110,2.,29.,2.,2.,21.,2.;                                         0001983P0000997
144,1987,1,0,1989;                                               0001985P0000998
108,-9.480909263E-02,-0.,0.995495473,1.80137276,0,23.,35.,4.,0.; 0001987P0000999
142,0,1987,0,1991,2;                                             0001989P0001000
102,4,1993,1995,1997,1999;                                       0001991P0001001
110,2.,31.,2.,44.,31.,6.;                                        0001993P0001002
110,44.,31.,6.,44.,39.,6.;                                       0001995P0001003
110,44.,39.,6.,2.,39.,2.;                                        0001997P0001004
110,2.,39.,2.,2.,31.,2.;                                         0001999P0001005
402,6,2003,2019,2043,2059,2083,2103,0,1,2743;                    0002001P0001006
144,2005,1,0,2007;                                               0002003P0001007
108,0.,-1.,0.,-40.75,0,22.25,40.75,20.,0.;                       0002005P0001008
142,0,2005,0,2009,2;                                             0002007P0001009
102,4,2011,2013,2015,2017;                                       0002009P0001010
110,22.25,40.75,20.,34.25,40.75,8.;                              0002011P0001011
110,34.25,40.75,8.,37.75,40.75,8.;                               0002013P0001012
110,37.75,40.75,8.,25.75,40.75,20.;                              0002015P0001013
110,25.75,40.75,20.,22.25,40.75,20.;                             0002017P0001014
144,2021,1,0,2027;                                               0002019P0001015
122,2023,25.75,40.75,20.;                                        0002021P0001016
100,0.,0.,0.,1.75,0.,1.75,0.;                                    0002023P0001017
124,0.,1.,0.,37.75,-1.,0.,0.,42.5,0.,0.,1.,8.;                   0002025P0001018
142,0,2021,0,2029,2;                                             0002027P0001019
102,4,2031,2033,2037,2039;                                       0002029P0001020
110,25.75,40.75,20.,37.75,40.75,8.;                              0002031P0001021
100,0.,0.,0.,1.75,0.,-1.75,0.;                                   0002033P0001022
124,0.,1.,0.,37.75,-1.,0.,0.,42.5,0.,0.,1.,8.;                   0002035P0001023
110,37.75,44.25,8.,25.75,44.25,20.;                              0002037P0001024
100,0.,0.,0.,-1.75,0.,1.75,0.;                                   0002039P0001025
124,0.,-1.,0.,25.75,-1.,0.,-0.,42.5,0.,0.,-1.,20.;               0002041P0001026
144,2045,1,0,2047;                                               0002043P0001027
108,0.,1.,0.,44.25,0,25.75,44.25,20.,0.;                         0002045P0001028
142,0,2045,0,2049,2;                                             0002047P0001029
102,4,2051,2053,2055,2057;                                       0002049P0001030
110,25.75,44.25,20.,37.75,44.25,8.;                              0002051P0001031
110,37.75,44.25,8.,34.25,44.25,8.;                               0002053P0001032
110,34.25,44.25,8.,22.25,44.25,20.;                              0002055P0001033
110,22.25,44.25,20.,25.75,44.25,20.;                             0002057P0001034
144,2061,1,0,2067;                                               0002059P0001035
122,2063,22.25,44.25,20.;                                        0002061P0001036
100,0.,0.,0.,1.75,0.,1.75,0.;                                    0002063P0001037
124,0.,-1.,0.,34.25,1.,0.,0.,42.5,0.,0.,1.,8.;                   0002065P0001038
142,0,2061,0,2069,2;                                             0002067P0001039
102,4,2071,2073,2077,2079;                                       0002069P0001040
110,22.25,44.25,20.,34.25,44.25,8.;                              0002071P0001041
100,0.,0.,0.,1.75,0.,-1.75,0.;                                   0002073P0001042
124,0.,-1.,0.,34.25,1.,0.,0.,42.5,0.,0.,1.,8.;                   0002075P0001043
110,34.25,40.75,8.,22.25,40.75,20.;                              0002077P0001044
100,0.,0.,0.,-1.75,0.,1.75,0.;                                   0002079P0001045
124,0.,1.,0.,22.25,1.,0.,0.,42.5,0.,0.,-1.,20.;                  0002081P0001046
144,2085,1,0,2087;                                               0002083P0001047
108,0.,0.,1.,20.,0,24.,42.5,20.,0.;                              0002085P0001048
142,0,2085,0,2089,2;                                             0002087P0001049
102,4,2091,2093,2097,2099;                                       0002089P0001050
110,22.25,40.75,20.,25.75,40.75,20.;                             0002091P0001051
100,0.,0.,0.,1.75,0.,-1.75,0.;                                   0002093P0001052
124,0.,1.,0.,25.75,-1.,0.,0.,42.5,0.,0.,1.,20.;                  0002095P0001053
110,25.75,44.25,20.,22.25,44.25,20.;                             0002097P0001054
100,0.,0.,0.,1.75,0.,-1.75,0.;                                   0002099P0001055
124,0.,-1.,0.,22.25,1.,0.,0.,42.5,0.,0.,1.,20.;                  0002101P0001056
144,2105,1,0,2107;                                               0002103P0001057
108,-0.,-0.,-1.,-8.,0,36.,42.5,8.,0.;                            0002105P0001058
142,0,2105,0,2109,2;                                             0002107P0001059
102,4,2111,2115,2117,2121;                                       0002109P0001060
100,0.,0.,0.,-1.75,0.,1.75,0.;                                   0002111P0001061
124,0.,1.,0.,34.25,1.,0.,0.,42.5,0.,0.,-1.,8.;                   0002113P0001062
110,34.25,44.25,8.,37.75,44.25,8.;                               0002115P0001063
100,0.,0.,0.,-1.75,0.,1.75,0.;                                   0002117P0001064
124,0.,-1.,0.,37.75,-1.,0.,-0.,42.5,0.,0.,-1.,8.;                0002119P0001065
110,37.75,40.75,8.,34.25,40.75,8.;                               0002121P0001066
402,31,2125,2141,2157,2173,2189,2269,2285,2301,2317,2333,2349,   0002123P0001067
2365,2381,2397,2413,2429,2445,2461,2477,2493,2509,2525,2541,     0002123P0001068
2557,2581,2597,2621,2637,2653,2669,2685;                         0002123P0001069
144,2127,1,0,2129;                                               0002125P0001070
108,-0.,-1.,-0.,-0.,0,0.,0.,0.,0.;                               0002127P0001071
142,0,2127,0,2131,2;                                             0002129P0001072
102,4,2133,2135,2137,2139;                                       0002131P0001073
110,48.,0.,20.,0.,0.,20.;                                        0002133P0001074
110,0.,0.,20.,0.,0.,0.;                                          0002135P0001075
110,0.,0.,0.,48.,0.,0.;                                          0002137P0001076
110,48.,0.,0.,48.,0.,20.;                                        0002139P0001077
144,2143,1,0,2145;                                               0002141P0001078
108,-1.,-0.,-0.,-0.,0,0.,45.,0.,0.;                              0002143P0001079
142,0,2143,0,2147,2;                                             0002145P0001080
102,4,2149,2151,2153,2155;                                       0002147P0001081
110,0.,0.,20.,0.,45.,20.;                                        0002149P0001082
110,0.,45.,20.,0.,45.,0.;                                        0002151P0001083
110,0.,45.,0.,0.,0.,0.;                                          0002153P0001084
110,0.,0.,0.,0.,0.,20.;                                          0002155P0001085
144,2159,1,0,2161;                                               0002157P0001086
108,1.,-0.,-0.,48.,0,48.,0.,0.,0.;                               0002159P0001087
142,0,2159,0,2163,2;                                             0002161P0001088
102,4,2165,2167,2169,2171;                                       0002163P0001089
110,48.,45.,20.,48.,0.,20.;                                      0002165P0001090
110,48.,0.,20.,48.,0.,0.;                                        0002167P0001091
110,48.,0.,0.,48.,45.,0.;                                        0002169P0001092
110,48.,45.,0.,48.,45.,20.;                                      0002171P0001093
144,2175,1,0,2177;                                               0002173P0001094
108,-0.,-0.,-1.,-0.,0,24.,22.5,0.,0.;                            0002175P0001095
142,0,2175,0,2179,2;                                             0002177P0001096
102,4,2181,2183,2185,2187;                                       0002179P0001097
110,0.,0.,0.,0.,45.,0.;                                          0002181P0001098
110,0.,45.,0.,48.,45.,0.;                                        0002183P0001099
110,48.,45.,0.,48.,0.,0.;                                        0002185P0001100
110,48.,0.,0.,0.,0.,0.;                                          0002187P0001101
144,2191,1,5,2193,2205,2217,2229,2241,2253;                      0002189P0001102
108,0.,0.,1.,20.,0,24.,22.5,20.,0.;                              0002191P0001103
142,0,2191,0,2195,2;                                             0002193P0001104
102,4,2197,2199,2201,2203;                                       0002195P0001105
110,0.,0.,20.,48.,0.,20.;                                        0002197P0001106
110,48.,0.,20.,48.,45.,20.;                                      0002199P0001107
110,48.,45.,20.,0.,45.,20.;                                      0002201P0001108
110,0.,45.,20.,0.,0.,20.;                                        0002203P0001109
142,0,2191,0,2207,2;                                             0002205P0001110
102,4,2209,2211,2213,2215;                                       0002207P0001111
110,44.,1.,20.,2.,1.,20.;                                        0002209P0001112
110,2.,1.,20.,2.,9.,20.;                                         0002211P0001113
110,2.,9.,20.,44.,9.,20.;                                        0002213P0001114
110,44.,9.,20.,44.,1.,20.;                                       0002215P0001115
142,0,2191,0,2219,2;                                             0002217P0001116
102,4,2221,2223,2225,2227;                                       0002219P0001117
110,44.,11.,20.,2.,11.,20.;                                      0002221P0001118
110,2.,11.,20.,2.,19.,20.;                                       0002223P0001119
110,2.,19.,20.,44.,19.,20.;                                      0002225P0001120
110,44.,19.,20.,44.,11.,20.;                                     0002227P0001121
142,0,2191,0,2231,2;                                             0002229P0001122
102,4,2233,2235,2237,2239;                                       0002231P0001123
110,44.,21.,20.,2.,21.,20.;                                      0002233P0001124
110,2.,21.,20.,2.,29.,20.;                                       0002235P0001125
110,2.,29.,20.,44.,29.,20.;                                      0002237P0001126
110,44.,29.,20.,44.,21.,20.;                                     0002239P0001127
142,0,2191,0,2243,2;                                             0002241P0001128
102,4,2245,2247,2249,2251;                                       0002243P0001129
110,44.,31.,20.,2.,31.,20.;                                      0002245P0001130
110,2.,31.,20.,2.,39.,20.;                                       0002247P0001131
110,2.,39.,20.,44.,39.,20.;                                      0002249P0001132
110,44.,39.,20.,44.,31.,20.;                                     0002251P0001133
142,0,2191,0,2255,2;                                             0002253P0001134
102,4,2257,2259,2263,2265;                                       0002255P0001135
110,25.75,40.75,20.,22.25,40.75,20.;                             0002257P0001136
100,0.,0.,0.,-1.75,0.,1.75,0.;                                   0002259P0001137
124,0.,1.,0.,22.25,1.,0.,0.,42.5,0.,0.,-1.,20.;                  0002261P0001138
110,22.25,44.25,20.,25.75,44.25,20.;                             0002263P0001139
100,0.,0.,0.,-1.75,0.,1.75,0.;                                   0002265P0001140
124,0.,-1.,0.,25.75,-1.,0.,-0.,42.5,0.,0.,-1.,20.;               0002267P0001141
144,2271,1,0,2273;                                               0002269P0001142
108,-0.,1.,-0.,45.,0,48.,45.,0.,0.;                              0002271P0001143
142,0,2271,0,2275,2;                                             0002273P0001144
102,4,2277,2279,2281,2283;                                       0002275P0001145
110,0.,45.,20.,48.,45.,20.;                                      0002277P0001146
110,48.,45.,20.,48.,45.,0.;                                      0002279P0001147
110,48.,45.,0.,0.,45.,0.;                                        0002281P0001148
110,0.,45.,0.,0.,45.,20.;                                        0002283P0001149
144,2287,1,0,2289;                                               0002285P0001150
108,0.,1.,0.,1.,0,22.289280251,1.,12.452488445,0.;               0002287P0001151
142,0,2287,0,2291,2;                                             0002289P0001152
102,4,2293,2295,2297,2299;                                       0002291P0001153
110,2.,1.,2.,2.,1.,20.;                                          0002293P0001154
110,2.,1.,20.,44.,1.,20.;                                        0002295P0001155
110,44.,1.,20.,44.,1.,6.;                                        0002297P0001156
110,44.,1.,6.,2.,1.,2.;                                          0002299P0001157
144,2303,1,0,2305;                                               0002301P0001158
108,1.,0.,0.,2.,0,2.,5.,11.5,0.;                                 0002303P0001159
142,0,2303,0,2307,2;                                             0002305P0001160
102,4,2309,2311,2313,2315;                                       0002307P0001161
110,2.,1.,2.,2.,9.,2.;                                           0002309P0001162
110,2.,9.,2.,2.,9.,20.;                                          0002311P0001163
110,2.,9.,20.,2.,1.,20.;                                         0002313P0001164
110,2.,1.,20.,2.,1.,2.;                                          0002315P0001165
144,2319,1,0,2321;                                               0002317P0001166
108,-1.,-0.,-0.,-44.,0,44.,5.,13.5,0.;                           0002319P0001167
142,0,2319,0,2323,2;                                             0002321P0001168
102,4,2325,2327,2329,2331;                                       0002323P0001169
110,44.,9.,6.,44.,1.,6.;                                         0002325P0001170
110,44.,1.,6.,44.,1.,20.;                                        0002327P0001171
110,44.,1.,20.,44.,9.,20.;                                       0002329P0001172
110,44.,9.,20.,44.,9.,6.;                                        0002331P0001173
144,2335,1,0,2337;                                               0002333P0001174
108,-0.,-1.,-0.,-9.,0,22.289280251,9.,12.452488445,0.;           0002335P0001175
142,0,2335,0,2339,2;                                             0002337P0001176
102,4,2341,2343,2345,2347;                                       0002339P0001177
110,2.,9.,2.,44.,9.,6.;                                          0002341P0001178
110,44.,9.,6.,44.,9.,20.;                                        0002343P0001179
110,44.,9.,20.,2.,9.,20.;                                        0002345P0001180
110,2.,9.,20.,2.,9.,2.;                                          0002347P0001181
144,2351,1,0,2353;                                               0002349P0001182
108,0.,1.,0.,11.,0,22.289280251,11.,12.452488445,0.;             0002351P0001183
142,0,2351,0,2355,2;                                             0002353P0001184
102,4,2357,2359,2361,2363;                                       0002355P0001185
110,2.,11.,2.,2.,11.,20.;                                        0002357P0001186
110,2.,11.,20.,44.,11.,20.;                                      0002359P0001187
110,44.,11.,20.,44.,11.,6.;                                      0002361P0001188
110,44.,11.,6.,2.,11.,2.;                                        0002363P0001189
144,2367,1,0,2369;                                               0002365P0001190
108,1.,0.,0.,2.,0,2.,15.,11.5,0.;                                0002367P0001191
142,0,2367,0,2371,2;                                             0002369P0001192
102,4,2373,2375,2377,2379;                                       0002371P0001193
110,2.,11.,2.,2.,19.,2.;                                         0002373P0001194
110,2.,19.,2.,2.,19.,20.;                                        0002375P0001195
110,2.,19.,20.,2.,11.,20.;                                       0002377P0001196
110,2.,11.,20.,2.,11.,2.;                                        0002379P0001197
144,2383,1,0,2385;                                               0002381P0001198
108,-1.,-0.,-0.,-44.,0,44.,15.,13.5,0.;                          0002383P0001199
142,0,2383,0,2387,2;                                             0002385P0001200
102,4,2389,2391,2393,2395;                                       0002387P0001201
110,44.,19.,6.,44.,11.,6.;                                       0002389P0001202
110,44.,11.,6.,44.,11.,20.;                                      0002391P0001203
110,44.,11.,20.,44.,19.,20.;                                     0002393P0001204
110,44.,19.,20.,44.,19.,6.;                                      0002395P0001205
144,2399,1,0,2401;                                               0002397P0001206
108,-0.,-1.,-0.,-19.,0,22.289280251,19.,12.452488445,0.;         0002399P0001207
142,0,2399,0,2403,2;                                             0002401P0001208
102,4,2405,2407,2409,2411;                                       0002403P0001209
110,2.,19.,2.,44.,19.,6.;                                        0002405P0001210
110,44.,19.,6.,44.,19.,20.;                                      0002407P0001211
110,44.,19.,20.,2.,19.,20.;                                      0002409P0001212
110,2.,19.,20.,2.,19.,2.;                                        0002411P0001213
144,2415,1,0,2417;                                               0002413P0001214
108,0.,1.,0.,21.,0,22.289280251,21.,12.452488445,0.;             0002415P0001215
142,0,2415,0,2419,2;                                             0002417P0001216
102,4,2421,2423,2425,2427;                                       0002419P0001217
110,2.,21.,2.,2.,21.,20.;                                        0002421P0001218
110,2.,21.,20.,44.,21.,20.;                                      0002423P0001219
110,44.,21.,20.,44.,21.,6.;                                      0002425P0001220
110,44.,21.,6.,2.,21.,2.;                                        0002427P0001221
144,2431,1,0,2433;                                               0002429P0001222
108,1.,0.,0.,2.,0,2.,25.,11.5,0.;                                0002431P0001223
142,0,2431,0,2435,2;                                             0002433P0001224
102,4,2437,2439,2441,2443;                                       0002435P0001225
110,2.,21.,2.,2.,29.,2.;                                         0002437P0001226
110,2.,29.,2.,2.,29.,20.;                                        0002439P0001227
110,2.,29.,20.,2.,21.,20.;                                       0002441P0001228
110,2.,21.,20.,2.,21.,2.;                                        0002443P0001229
144,2447,1,0,2449;                                               0002445P0001230
108,-1.,-0.,-0.,-44.,0,44.,25.,13.5,0.;                          0002447P0001231
142,0,2447,0,2451,2;                                             0002449P0001232
102,4,2453,2455,2457,2459;                                       0002451P0001233
110,44.,29.,6.,44.,21.,6.;                                       0002453P0001234
110,44.,21.,6.,44.,21.,20.;                                      0002455P0001235
110,44.,21.,20.,44.,29.,20.;                                     0002457P0001236
110,44.,29.,20.,44.,29.,6.;                                      0002459P0001237
144,2463,1,0,2465;                                               0002461P0001238
108,-0.,-1.,-0.,-29.,0,22.289280251,29.,12.452488445,0.;         0002463P0001239
142,0,2463,0,2467,2;                                             0002465P0001240
102,4,2469,2471,2473,2475;                                       0002467P0001241
110,2.,29.,2.,44.,29.,6.;                                        0002469P0001242
110,44.,29.,6.,44.,29.,20.;                                      0002471P0001243
110,44.,29.,20.,2.,29.,20.;                                      0002473P0001244
110,2.,29.,20.,2.,29.,2.;                                        0002475P0001245
144,2479,1,0,2481;                                               0002477P0001246
108,0.,1.,0.,31.,0,22.289280251,31.,12.452488445,0.;             0002479P0001247
142,0,2479,0,2483,2;                                             0002481P0001248
102,4,2485,2487,2489,2491;                                       0002483P0001249
110,2.,31.,2.,2.,31.,20.;                                        0002485P0001250
110,2.,31.,20.,44.,31.,20.;                                      0002487P0001251
110,44.,31.,20.,44.,31.,6.;                                      0002489P0001252
110,44.,31.,6.,2.,31.,2.;                                        0002491P0001253
144,2495,1,0,2497;                                               0002493P0001254
108,1.,0.,0.,2.,0,2.,35.,11.5,0.;                                0002495P0001255
142,0,2495,0,2499,2;                                             0002497P0001256
102,4,2501,2503,2505,2507;                                       0002499P0001257
110,2.,31.,2.,2.,39.,2.;                                         0002501P0001258
110,2.,39.,2.,2.,39.,20.;                                        0002503P0001259
110,2.,39.,20.,2.,31.,20.;                                       0002505P0001260
110,2.,31.,20.,2.,31.,2.;                                        0002507P0001261
144,2511,1,0,2513;                                               0002509P0001262
108,-1.,-0.,-0.,-44.,0,44.,35.,13.5,0.;                          0002511P0001263
142,0,2511,0,2515,2;                                             0002513P0001264
102,4,2517,2519,2521,2523;                                       0002515P0001265
110,44.,39.,6.,44.,31.,6.;                                       0002517P0001266
110,44.,31.,6.,44.,31.,20.;                                      0002519P0001267
110,44.,31.,20.,44.,39.,20.;                                     0002521P0001268
110,44.,39.,20.,44.,39.,6.;                                      0002523P0001269
144,2527,1,0,2529;                                               0002525P0001270
108,-0.,-1.,-0.,-39.,0,22.289280251,39.,12.452488445,0.;         0002527P0001271
142,0,2527,0,2531,2;                                             0002529P0001272
102,4,2533,2535,2537,2539;                                       0002531P0001273
110,2.,39.,2.,44.,39.,6.;                                        0002533P0001274
110,44.,39.,6.,44.,39.,20.;                                      0002535P0001275
110,44.,39.,20.,2.,39.,20.;                                      0002537P0001276
110,2.,39.,20.,2.,39.,2.;                                        0002539P0001277
144,2543,1,0,2545;                                               0002541P0001278
108,-0.,1.,-0.,40.75,0,22.25,40.75,20.,0.;                       0002543P0001279
142,0,2543,0,2547,2;                                             0002545P0001280
102,4,2549,2551,2553,2555;                                       0002547P0001281
110,37.75,40.75,8.,34.25,40.75,8.;                               0002549P0001282
110,34.25,40.75,8.,22.25,40.75,20.;                              0002551P0001283
110,22.25,40.75,20.,25.75,40.75,20.;                             0002553P0001284
110,25.75,40.75,20.,37.75,40.75,8.;                              0002555P0001285
144,2559,1,0,2565;                                               0002557P0001286
122,2561,25.75,40.75,20.;                                        0002559P0001287
100,0.,0.,0.,1.75,0.,1.75,0.;                                    0002561P0001288
124,0.,-1.,0.,37.75,-1.,0.,0.,42.5,0.,0.,-1.,8.;                 0002563P0001289
142,0,2559,0,2567,2;                                             0002565P0001290
102,4,2569,2573,2575,2579;                                       0002567P0001291
100,0.,0.,0.,-1.75,0.,1.75,0.;                                   0002569P0001292
124,0.,-1.,0.,37.75,-1.,0.,-0.,42.5,0.,0.,-1.,8.;                0002571P0001293
110,37.75,40.75,8.,25.75,40.75,20.;                              0002573P0001294
100,0.,0.,0.,1.75,0.,-1.75,0.;                                   0002575P0001295
124,0.,1.,0.,25.75,-1.,0.,0.,42.5,0.,0.,1.,20.;                  0002577P0001296
110,25.75,44.25,20.,37.75,44.25,8.;                              0002579P0001297
144,2583,1,0,2585;                                               0002581P0001298
108,-0.,-1.,-0.,-44.25,0,25.75,44.25,20.,0.;                     0002583P0001299
142,0,2583,0,2587,2;                                             0002585P0001300
102,4,2589,2591,2593,2595;                                       0002587P0001301
110,34.25,44.25,8.,37.75,44.25,8.;                               0002589P0001302
110,37.75,44.25,8.,25.75,44.25,20.;                              0002591P0001303
110,25.75,44.25,20.,22.25,44.25,20.;                             0002593P0001304
110,22.25,44.25,20.,34.25,44.25,8.;                              0002595P0001305
144,2599,1,0,2605;                                               0002597P0001306
122,2601,22.25,44.25,20.;                                        0002599P0001307
100,0.,0.,0.,1.75,0.,1.75,0.;                                    0002601P0001308
124,0.,1.,0.,34.25,1.,0.,0.,42.5,0.,0.,-1.,8.;                   0002603P0001309
142,0,2599,0,2607,2;                                             0002605P0001310
102,4,2609,2613,2615,2619;                                       0002607P0001311
100,0.,0.,0.,-1.75,0.,1.75,0.;                                   0002609P0001312
124,0.,1.,0.,34.25,1.,0.,0.,42.5,0.,0.,-1.,8.;                   0002611P0001313
110,34.25,44.25,8.,22.25,44.25,20.;                              0002613P0001314
100,0.,0.,0.,1.75,0.,-1.75,0.;                                   0002615P0001315
124,0.,-1.,0.,22.25,1.,0.,0.,42.5,0.,0.,1.,20.;                  0002617P0001316
110,22.25,40.75,20.,34.25,40.75,8.;                              0002619P0001317
144,2623,1,0,2625;                                               0002621P0001318
108,-9.480909263E-02,-0.,0.995495473,1.80137276,0,23.,5.,4.,0.;  0002623P0001319
142,0,2623,0,2627,2;                                             0002625P0001320
102,4,2629,2631,2633,2635;                                       0002627P0001321
110,2.,1.,2.,44.,1.,6.;                                          0002629P0001322
110,44.,1.,6.,44.,9.,6.;                                         0002631P0001323
110,44.,9.,6.,2.,9.,2.;                                          0002633P0001324
110,2.,9.,2.,2.,1.,2.;                                           0002635P0001325
144,2639,1,0,2641;                                               0002637P0001326
108,-9.480909263E-02,-0.,0.995495473,1.80137276,0,23.,15.,4.,0.; 0002639P0001327
142,0,2639,0,2643,2;                                             0002641P0001328
102,4,2645,2647,2649,2651;                                       0002643P0001329
110,2.,11.,2.,44.,11.,6.;                                        0002645P0001330
110,44.,11.,6.,44.,19.,6.;                                       0002647P0001331
110,44.,19.,6.,2.,19.,2.;                                        0002649P0001332
110,2.,19.,2.,2.,11.,2.;                                         0002651P0001333
144,2655,1,0,2657;                                               0002653P0001334
108,-9.480909263E-02,-0.,0.995495473,1.80137276,0,23.,25.,4.,0.; 0002655P0001335
142,0,2655,0,2659,2;                                             0002657P0001336
102,4,2661,2663,2665,2667;                                       0002659P0001337
110,2.,21.,2.,44.,21.,6.;                                        0002661P0001338
110,44.,21.,6.,44.,29.,6.;                                       0002663P0001339
110,44.,29.,6.,2.,29.,2.;                                        0002665P0001340
110,2.,29.,2.,2.,21.,2.;                                         0002667P0001341
144,2671,1,0,2673;                                               0002669P0001342
108,-9.480909263E-02,-0.,0.995495473,1.80137276,0,23.,35.,4.,0.; 0002671P0001343
142,0,2671,0,2675,2;                                             0002673P0001344
102,4,2677,2679,2681,2683;                                       0002675P0001345
110,2.,31.,2.,44.,31.,6.;                                        0002677P0001346
110,44.,31.,6.,44.,39.,6.;                                       0002679P0001347
110,44.,39.,6.,2.,39.,2.;                                        0002681P0001348
110,2.,39.,2.,2.,31.,2.;                                         0002683P0001349
144,2687,1,0,2689;                                               0002685P0001350
108,0.,0.,1.,8.,0,36.,42.5,8.,0.;                                0002687P0001351
142,0,2687,0,2691,2;                                             0002689P0001352
102,4,2693,2695,2699,2701;                                       0002691P0001353
110,34.25,40.75,8.,37.75,40.75,8.;                               0002693P0001354
100,0.,0.,0.,1.75,0.,-1.75,0.;                                   0002695P0001355
124,0.,1.,0.,37.75,-1.,0.,0.,42.5,0.,0.,1.,8.;                   0002697P0001356
110,37.75,44.25,8.,34.25,44.25,8.;                               0002699P0001357
100,0.,0.,0.,1.75,0.,-1.75,0.;                                   0002701P0001358
124,0.,-1.,0.,34.25,1.,0.,0.,42.5,0.,0.,1.,8.;                   0002703P0001359
144,2707,1,0,2709,0,1,2767;                                      0002705P0001360
108,0.,0.,1.,0.,0,0.,0.,0.,0.;                                   0002707P0001361
142,0,0,0,0,0;                                                   0002709P0001362
144,2713,1,0,2715,0,1,2755;                                      0002711P0001363
108,0.,-1.,-2.220446049E-16,0.,0,0.,0.,0.,0.;                    0002713P0001364
142,0,0,0,0,0;                                                   0002715P0001365
144,2719,1,0,2721,0,1,2745;                                      0002717P0001366
108,1.,1.232595164E-32,1.110223025E-16,0.,0,0.,0.,0.,0.;         0002719P0001367
142,0,0,0,0,0;                                                   0002721P0001368
102,4,2725,2727,2729,2731,0,1,2761;                              0002723P0001369
110,0.,0.,0.,48.,0.,0.;                                          0002725P0001370
110,48.,0.,0.,48.,45.,0.;                                        0002727P0001371
110,48.,45.,0.,0.,45.,0.;                                        0002729P0001372
110,0.,45.,0.,0.,0.,0.;                                          0002731P0001373
110,-2.E+100,0.,0.,2.E+100,0.,0.,0,1,2751;                       0002733P0001374
110,0.,-2.E+100,2.220446049E+84,0.,2.E+100,-2.220446049E+84,0,1, 0002735P0001375
2759;                                                            0002735P0001376
110,0.,-2.220446049E+84,-2.E+100,0.,2.220446049E+84,2.E+100,0,1, 0002737P0001377
2753;                                                            0002737P0001378
116,0.,0.,0.,0;                                                  0002739P0001379
406,1,32H_04_Tool_Sloped_Recess_4_6to12mm;                       0002741P0001380
406,1,28H_06_Tool_Angled_3p5x7mm_Slot;                           0002743P0001381
406,1,8HYZ-plane;                                                0002745P0001382
406,1,20HPad_02_Base_Block_20;                                   0002747P0001383
406,1,21HBody_SlopedTrayInsert;                                  0002749P0001384
406,1,6HX-axis;                                                  0002751P0001385
406,1,6HZ-axis;                                                  0002753P0001386
406,1,8HXZ-plane;                                                0002755P0001387
406,1,32H_04_Tool_Sloped_Recess_1_6to12mm;                       0002757P0001388
406,1,6HY-axis;                                                  0002759P0001389
406,1,20HSketch_01_Base_48x45;                                   0002761P0001390
406,1,24H_03_Base_For_Sloped_Cuts;                               0002763P0001391
406,1,32H_04_Tool_Sloped_Recess_2_6to12mm;                       0002765P0001392
406,1,8HXY-plane;                                                0002767P0001393
406,1,27Hsloped_tray_insert_48x45x20;                            0002769P0001394
406,1,32H_04_Tool_Sloped_Recess_3_6to12mm;                       0002771P0001395
S      1G      4D   2772P   1395                                        T0000001
