                                                                        S0000001
,,31HOpen CASCADE IGES processor 7.8,13HFilename.iges,                  G0000001
16HOpen CASCADE 7.8,31HOpen CASCADE IGES processor 7.8,32,308,15,308,15,G0000002
,1.,2,2HMM,1,0.01,15H20260727.103125,2.1056E-05,,,,11,0,                G0000003
15H20260727.103125,;                                                    G0000004
     402       1       0       0       0       0       0       000000000D0000001
     402       0       0       2       1                right_an        D0000002
     402       3       0       0       0       0       0       000020000D0000003
     402       0       0       2       1                               0D0000004
     144       5       0       0       0       0       0       000020000D0000005
     144       0       0       1       0                               0D0000006
     108       6       0       0       0       0       0       000010000D0000007
     108       0       0       1       0                               0D0000008
     142       7       0       0       0       0       0       000010500D0000009
     142       0       0       1       0                               0D0000010
     102       8       0       0       0       0       0       000010000D0000011
     102       0       0       1       0                               0D0000012
     110       9       0       0       0       0       0       000010000D0000013
     110       0       0       1       0                               0D0000014
     110      10       0       0       0       0       0       000010000D0000015
     110       0       0       1       0                               0D0000016
     110      11       0       0       0       0       0       000010000D0000017
     110       0       0       1       0                               0D0000018
     110      12       0       0       0       0       0       000010000D0000019
     110       0       0       1       0                               0D0000020
     100      13       0       0       0       0      23       000010000D0000021
     100       0       0       1       0                               0D0000022
     124      14       0       0       0       0       0       000000000D0000023
     124       0       0       1       0                               0D0000024
     110      15       0       0       0       0       0       000010000D0000025
     110       0       0       1       0                               0D0000026
     110      16       0       0       0       0       0       000010000D0000027
     110       0       0       1       0                               0D0000028
     110      17       0       0       0       0       0       000010000D0000029
     110       0       0       2       0                               0D0000030
     100      19       0       0       0       0      33       000010000D0000031
     100       0       0       1       0                               0D0000032
     124      20       0       0       0       0       0       000000000D0000033
     124       0       0       2       0                               0D0000034
     110      22       0       0       0       0       0       000010000D0000035
     110       0       0       1       0                               0D0000036
     144      23       0       0       0       0       0       000020000D0000037
     144       0       0       1       0                               0D0000038
     108      24       0       0       0       0       0       000010000D0000039
     108       0       0       1       0                               0D0000040
     142      25       0       0       0       0       0       000010500D0000041
     142       0       0       1       0                               0D0000042
     102      26       0       0       0       0       0       000010000D0000043
     102       0       0       1       0                               0D0000044
     110      27       0       0       0       0       0       000010000D0000045
     110       0       0       1       0                               0D0000046
     110      28       0       0       0       0       0       000010000D0000047
     110       0       0       1       0                               0D0000048
     110      29       0       0       0       0       0       000010000D0000049
     110       0       0       1       0                               0D0000050
     110      30       0       0       0       0       0       000010000D0000051
     110       0       0       1       0                               0D0000052
     144      31       0       0       0       0       0       000020000D0000053
     144       0       0       1       0                               0D0000054
     120      32       0       0       0       0      57       000010000D0000055
     120       0       0       1       0                               0D0000056
     124      33       0       0       0       0       0       000000000D0000057
     124       0       0       1       0                               0D0000058
     110      34       0       0       0       0       0       000010000D0000059
     110       0       0       1       0                               0D0000060
     110      35       0       0       0       0       0       000010000D0000061
     110       0       0       1       0                               0D0000062
     142      36       0       0       0       0       0       000010500D0000063
     142       0       0       1       0                               0D0000064
     102      37       0       0       0       0       0       000010000D0000065
     102       0       0       1       0                               0D0000066
     100      38       0       0       0       0      69       000010000D0000067
     100       0       0       1       0                               0D0000068
     124      39       0       0       0       0       0       000000000D0000069
     124       0       0       1       0                               0D0000070
     110      40       0       0       0       0       0       000010000D0000071
     110       0       0       1       0                               0D0000072
     104      41       0       0       0       0      75       000010000D0000073
     104       0       0       1       1                               0D0000074
     124      42       0       0       0       0       0       000000000D0000075
     124       0       0       2       0                               0D0000076
     110      44       0       0       0       0       0       000010000D0000077
     110       0       0       1       0                               0D0000078
     144      45       0       0       0       0       0       000020000D0000079
     144       0       0       1       0                               0D0000080
     108      46       0       0       0       0       0       000010000D0000081
     108       0       0       1       0                               0D0000082
     142      47       0       0       0       0       0       000010500D0000083
     142       0       0       1       0                               0D0000084
     102      48       0       0       0       0       0       000010000D0000085
     102       0       0       1       0                               0D0000086
     110      49       0       0       0       0       0       000010000D0000087
     110       0       0       1       0                               0D0000088
     110      50       0       0       0       0       0       000010000D0000089
     110       0       0       1       0                               0D0000090
     110      51       0       0       0       0       0       000010000D0000091
     110       0       0       1       0                               0D0000092
     110      52       0       0       0       0       0       000010000D0000093
     110       0       0       1       0                               0D0000094
     110      53       0       0       0       0       0       000010000D0000095
     110       0       0       1       0                               0D0000096
     110      54       0       0       0       0       0       000010000D0000097
     110       0       0       1       0                               0D0000098
     110      55       0       0       0       0       0       000010000D0000099
     110       0       0       1       0                               0D0000100
     110      56       0       0       0       0       0       000010000D0000101
     110       0       0       1       0                               0D0000102
     144      57       0       0       0       0       0       000020000D0000103
     144       0       0       1       0                               0D0000104
     108      58       0       0       0       0       0       000010000D0000105
     108       0       0       1       0                               0D0000106
     142      59       0       0       0       0       0       000010500D0000107
     142       0       0       1       0                               0D0000108
     102      60       0       0       0       0       0       000010000D0000109
     102       0       0       1       0                               0D0000110
     110      61       0       0       0       0       0       000010000D0000111
     110       0       0       1       0                               0D0000112
     110      62       0       0       0       0       0       000010000D0000113
     110       0       0       1       0                               0D0000114
     110      63       0       0       0       0       0       000010000D0000115
     110       0       0       1       0                               0D0000116
     110      64       0       0       0       0       0       000010000D0000117
     110       0       0       1       0                               0D0000118
     110      65       0       0       0       0       0       000010000D0000119
     110       0       0       1       0                               0D0000120
     110      66       0       0       0       0       0       000010000D0000121
     110       0       0       1       0                               0D0000122
     144      67       0       0       0       0       0       000020000D0000123
     144       0       0       1       0                               0D0000124
     108      68       0       0       0       0       0       000010000D0000125
     108       0       0       1       0                               0D0000126
     142      69       0       0       0       0       0       000010500D0000127
     142       0       0       1       0                               0D0000128
     102      70       0       0       0       0       0       000010000D0000129
     102       0       0       1       0                               0D0000130
     110      71       0       0       0       0       0       000010000D0000131
     110       0       0       2       0                               0D0000132
     110      73       0       0       0       0       0       000010000D0000133
     110       0       0       1       0                               0D0000134
     110      74       0       0       0       0       0       000010000D0000135
     110       0       0       2       0                               0D0000136
     110      76       0       0       0       0       0       000010000D0000137
     110       0       0       1       0                               0D0000138
     144      77       0       0       0       0       0       000020000D0000139
     144       0       0       1       0                               0D0000140
     108      78       0       0       0       0       0       000010000D0000141
     108       0       0       2       0                               0D0000142
     142      80       0       0       0       0       0       000010500D0000143
     142       0       0       1       0                               0D0000144
     102      81       0       0       0       0       0       000010000D0000145
     102       0       0       1       0                               0D0000146
     110      82       0       0       0       0       0       000010000D0000147
     110       0       0       1       0                               0D0000148
     110      83       0       0       0       0       0       000010000D0000149
     110       0       0       1       0                               0D0000150
     110      84       0       0       0       0       0       000010000D0000151
     110       0       0       1       0                               0D0000152
     110      85       0       0       0       0       0       000010000D0000153
     110       0       0       1       0                               0D0000154
     144      86       0       0       0       0       0       000020000D0000155
     144       0       0       1       0                               0D0000156
     120      87       0       0       0       0     159       000010000D0000157
     120       0       0       1       0                               0D0000158
     124      88       0       0       0       0       0       000000000D0000159
     124       0       0       2       0                               0D0000160
     110      90       0       0       0       0       0       000010000D0000161
     110       0       0       1       0                               0D0000162
     110      91       0       0       0       0       0       000010000D0000163
     110       0       0       1       0                               0D0000164
     142      92       0       0       0       0       0       000010500D0000165
     142       0       0       1       0                               0D0000166
     102      93       0       0       0       0       0       000010000D0000167
     102       0       0       1       0                               0D0000168
     100      94       0       0       0       0     171       000010000D0000169
     100       0       0       1       0                               0D0000170
     124      95       0       0       0       0       0       000000000D0000171
     124       0       0       2       0                               0D0000172
     110      97       0       0       0       0       0       000010000D0000173
     110       0       0       1       0                               0D0000174
     100      98       0       0       0       0     177       000010000D0000175
     100       0       0       1       0                               0D0000176
     124      99       0       0       0       0       0       000000000D0000177
     124       0       0       2       0                               0D0000178
     110     101       0       0       0       0       0       000010000D0000179
     110       0       0       1       0                               0D0000180
     104     102       0       0       0       0     183       000010000D0000181
     104       0       0       1       1                               0D0000182
     124     103       0       0       0       0       0       000000000D0000183
     124       0       0       2       0                               0D0000184
     110     105       0       0       0       0       0       000010000D0000185
     110       0       0       1       0                               0D0000186
     144     106       0       0       0       0       0       000020000D0000187
     144       0       0       1       0                               0D0000188
     108     107       0       0       0       0       0       000010000D0000189
     108       0       0       1       0                               0D0000190
     142     108       0       0       0       0       0       000010500D0000191
     142       0       0       1       0                               0D0000192
     102     109       0       0       0       0       0       000010000D0000193
     102       0       0       1       0                               0D0000194
     110     110       0       0       0       0       0       000010000D0000195
     110       0       0       1       0                               0D0000196
     110     111       0       0       0       0       0       000010000D0000197
     110       0       0       1       0                               0D0000198
     110     112       0       0       0       0       0       000010000D0000199
     110       0       0       1       0                               0D0000200
     110     113       0       0       0       0       0       000010000D0000201
     110       0       0       1       0                               0D0000202
     110     114       0       0       0       0       0       000010000D0000203
     110       0       0       1       0                               0D0000204
     110     115       0       0       0       0       0       000010000D0000205
     110       0       0       1       0                               0D0000206
     144     116       0       0       0       0       0       000020000D0000207
     144       0       0       1       0                               0D0000208
     108     117       0       0       0       0       0       000010000D0000209
     108       0       0       1       0                               0D0000210
     142     118       0       0       0       0       0       000010500D0000211
     142       0       0       1       0                               0D0000212
     102     119       0       0       0       0       0       000010000D0000213
     102       0       0       1       0                               0D0000214
     110     120       0       0       0       0       0       000010000D0000215
     110       0       0       1       0                               0D0000216
     110     121       0       0       0       0       0       000010000D0000217
     110       0       0       1       0                               0D0000218
     110     122       0       0       0       0       0       000010000D0000219
     110       0       0       1       0                               0D0000220
     110     123       0       0       0       0       0       000010000D0000221
     110       0       0       1       0                               0D0000222
     110     124       0       0       0       0       0       000010000D0000223
     110       0       0       1       0                               0D0000224
     110     125       0       0       0       0       0       000010000D0000225
     110       0       0       1       0                               0D0000226
     144     126       0       0       0       0       0       000020000D0000227
     144       0       0       1       0                               0D0000228
     108     127       0       0       0       0       0       000010000D0000229
     108       0       0       1       0                               0D0000230
     142     128       0       0       0       0       0       000010500D0000231
     142       0       0       1       0                               0D0000232
     102     129       0       0       0       0       0       000010000D0000233
     102       0       0       1       0                               0D0000234
     110     130       0       0       0       0       0       000010000D0000235
     110       0       0       1       0                               0D0000236
     110     131       0       0       0       0       0       000010000D0000237
     110       0       0       1       0                               0D0000238
     110     132       0       0       0       0       0       000010000D0000239
     110       0       0       1       0                               0D0000240
     110     133       0       0       0       0       0       000010000D0000241
     110       0       0       1       0                               0D0000242
     144     134       0       0       0       0       0       000020000D0000243
     144       0       0       1       0                               0D0000244
     108     135       0       0       0       0       0       000010000D0000245
     108       0       0       1       0                               0D0000246
     142     136       0       0       0       0       0       000010500D0000247
     142       0       0       1       0                               0D0000248
     102     137       0       0       0       0       0       000010000D0000249
     102       0       0       1       0                               0D0000250
     110     138       0       0       0       0       0       000010000D0000251
     110       0       0       1       0                               0D0000252
     110     139       0       0       0       0       0       000010000D0000253
     110       0       0       1       0                               0D0000254
     110     140       0       0       0       0       0       000010000D0000255
     110       0       0       1       0                               0D0000256
     110     141       0       0       0       0       0       000010000D0000257
     110       0       0       1       0                               0D0000258
     144     142       0       0       0       0       0       000020000D0000259
     144       0       0       1       0                               0D0000260
     120     143       0       0       0       0     263       000010000D0000261
     120       0       0       1       0                               0D0000262
     124     144       0       0       0       0       0       000000000D0000263
     124       0       0       1       0                               0D0000264
     110     145       0       0       0       0       0       000010000D0000265
     110       0       0       1       0                               0D0000266
     110     146       0       0       0       0       0       000010000D0000267
     110       0       0       1       0                               0D0000268
     142     147       0       0       0       0       0       000010500D0000269
     142       0       0       1       0                               0D0000270
     102     148       0       0       0       0       0       000010000D0000271
     102       0       0       1       0                               0D0000272
     100     149       0       0       0       0     275       000010000D0000273
     100       0       0       1       0                               0D0000274
     124     150       0       0       0       0       0       000000000D0000275
     124       0       0       1       0                               0D0000276
     110     151       0       0       0       0       0       000010000D0000277
     110       0       0       1       0                               0D0000278
     104     152       0       0       0       0     281       000010000D0000279
     104       0       0       1       1                               0D0000280
     124     153       0       0       0       0       0       000000000D0000281
     124       0       0       2       0                               0D0000282
     110     155       0       0       0       0       0       000010000D0000283
     110       0       0       1       0                               0D0000284
     144     156       0       0       0       0       0       000020000D0000285
     144       0       0       1       0                               0D0000286
     108     157       0       0       0       0       0       000010000D0000287
     108       0       0       1       0                               0D0000288
     142     158       0       0       0       0       0       000010500D0000289
     142       0       0       1       0                               0D0000290
     102     159       0       0       0       0       0       000010000D0000291
     102       0       0       1       0                               0D0000292
     110     160       0       0       0       0       0       000010000D0000293
     110       0       0       1       0                               0D0000294
     100     161       0       0       0       0     297       000010000D0000295
     100       0       0       1       0                               0D0000296
     124     162       0       0       0       0       0       000000000D0000297
     124       0       0       2       0                               0D0000298
     110     164       0       0       0       0       0       000010000D0000299
     110       0       0       2       0                               0D0000300
     110     166       0       0       0       0       0       000010000D0000301
     110       0       0       1       0                               0D0000302
     144     167       0       0       0       0       0       000020000D0000303
     144       0       0       1       0                               0D0000304
     108     168       0       0       0       0       0       000010000D0000305
     108       0       0       2       0                               0D0000306
     142     170       0       0       0       0       0       000010500D0000307
     142       0       0       1       0                               0D0000308
     102     171       0       0       0       0       0       000010000D0000309
     102       0       0       1       0                               0D0000310
     110     172       0       0       0       0       0       000010000D0000311
     110       0       0       1       0                               0D0000312
     110     173       0       0       0       0       0       000010000D0000313
     110       0       0       1       0                               0D0000314
     110     174       0       0       0       0       0       000010000D0000315
     110       0       0       1       0                               0D0000316
     110     175       0       0       0       0       0       000010000D0000317
     110       0       0       1       0                               0D0000318
     144     176       0       0       0       0       0       000020000D0000319
     144       0       0       1       0                               0D0000320
     108     177       0       0       0       0       0       000010000D0000321
     108       0       0       1       0                               0D0000322
     142     178       0       0       0       0       0       000010500D0000323
     142       0       0       1       0                               0D0000324
     102     179       0       0       0       0       0       000010000D0000325
     102       0       0       1       0                               0D0000326
     110     180       0       0       0       0       0       000010000D0000327
     110       0       0       1       0                               0D0000328
     110     181       0       0       0       0       0       000010000D0000329
     110       0       0       1       0                               0D0000330
     110     182       0       0       0       0       0       000010000D0000331
     110       0       0       1       0                               0D0000332
     110     183       0       0       0       0       0       000010000D0000333
     110       0       0       1       0                               0D0000334
     144     184       0       0       0       0       0       000020000D0000335
     144       0       0       1       0                               0D0000336
     108     185       0       0       0       0       0       000010000D0000337
     108       0       0       2       0                               0D0000338
     142     187       0       0       0       0       0       000010500D0000339
     142       0       0       1       0                               0D0000340
     102     188       0       0       0       0       0       000010000D0000341
     102       0       0       1       0                               0D0000342
     110     189       0       0       0       0       0       000010000D0000343
     110       0       0       1       0                               0D0000344
     110     190       0       0       0       0       0       000010000D0000345
     110       0       0       1       0                               0D0000346
     100     191       0       0       0       0     349       000010000D0000347
     100       0       0       1       0                               0D0000348
     124     192       0       0       0       0       0       000000000D0000349
     124       0       0       1       0                               0D0000350
     110     193       0       0       0       0       0       000010000D0000351
     110       0       0       1       0                               0D0000352
     110     194       0       0       0       0       0       000010000D0000353
     110       0       0       1       0                               0D0000354
     110     195       0       0       0       0       0       000010000D0000355
     110       0       0       1       0                               0D0000356
     100     196       0       0       0       0     359       000010000D0000357
     100       0       0       1       0                               0D0000358
     124     197       0       0       0       0       0       000000000D0000359
     124       0       0       1       0                               0D0000360
     110     198       0       0       0       0       0       000010000D0000361
     110       0       0       1       0                               0D0000362
     110     199       0       0       0       0       0       000010000D0000363
     110       0       0       1       0                               0D0000364
     110     200       0       0       0       0       0       000010000D0000365
     110       0       0       1       0                               0D0000366
     144     201       0       0       0       0       0       000020000D0000367
     144       0       0       1       0                               0D0000368
     108     202       0       0       0       0       0       000010000D0000369
     108       0       0       1       0                               0D0000370
     142     203       0       0       0       0       0       000010500D0000371
     142       0       0       1       0                               0D0000372
     102     204       0       0       0       0       0       000010000D0000373
     102       0       0       1       0                               0D0000374
     110     205       0       0       0       0       0       000010000D0000375
     110       0       0       1       0                               0D0000376
     110     206       0       0       0       0       0       000010000D0000377
     110       0       0       1       0                               0D0000378
     110     207       0       0       0       0       0       000010000D0000379
     110       0       0       1       0                               0D0000380
     110     208       0       0       0       0       0       000010000D0000381
     110       0       0       1       0                               0D0000382
     144     209       0       0       0       0       0       000020000D0000383
     144       0       0       1       0                               0D0000384
     120     210       0       0       0       0     387       000010000D0000385
     120       0       0       1       0                               0D0000386
     124     211       0       0       0       0       0       000000000D0000387
     124       0       0       1       0                               0D0000388
     110     212       0       0       0       0       0       000010000D0000389
     110       0       0       1       0                               0D0000390
     110     213       0       0       0       0       0       000010000D0000391
     110       0       0       1       0                               0D0000392
     142     214       0       0       0       0       0       000010500D0000393
     142       0       0       1       0                               0D0000394
     102     215       0       0       0       0       0       000010000D0000395
     102       0       0       1       0                               0D0000396
     104     216       0       0       0       0     399       000010000D0000397
     104       0       0       1       1                               0D0000398
     124     217       0       0       0       0       0       000000000D0000399
     124       0       0       2       0                               0D0000400
     110     219       0       0       0       0       0       000010000D0000401
     110       0       0       1       0                               0D0000402
     100     220       0       0       0       0     405       000010000D0000403
     100       0       0       1       0                               0D0000404
     124     221       0       0       0       0       0       000000000D0000405
     124       0       0       1       0                               0D0000406
     110     222       0       0       0       0       0       000010000D0000407
     110       0       0       1       0                               0D0000408
     144     223       0       0       0       0       0       000020000D0000409
     144       0       0       1       0                               0D0000410
     108     224       0       0       0       0       0       000010000D0000411
     108       0       0       1       0                               0D0000412
     142     225       0       0       0       0       0       000010500D0000413
     142       0       0       1       0                               0D0000414
     102     226       0       0       0       0       0       000010000D0000415
     102       0       0       1       0                               0D0000416
     110     227       0       0       0       0       0       000010000D0000417
     110       0       0       1       0                               0D0000418
     110     228       0       0       0       0       0       000010000D0000419
     110       0       0       1       0                               0D0000420
     110     229       0       0       0       0       0       000010000D0000421
     110       0       0       1       0                               0D0000422
     110     230       0       0       0       0       0       000010000D0000423
     110       0       0       1       0                               0D0000424
     402     231       0       0       0       0       0       000020000D0000425
     402       0       0       1       1                     Pad        D0000426
     144     232       0       0       0       0       0       000020000D0000427
     144       0       0       1       0                               0D0000428
     108     233       0       0       0       0       0       000010000D0000429
     108       0       0       1       0                               0D0000430
     142     234       0       0       0       0       0       000010500D0000431
     142       0       0       1       0                               0D0000432
     102     235       0       0       0       0       0       000010000D0000433
     102       0       0       1       0                               0D0000434
     110     236       0       0       0       0       0       000010000D0000435
     110       0       0       1       0                               0D0000436
     110     237       0       0       0       0       0       000010000D0000437
     110       0       0       1       0                               0D0000438
     110     238       0       0       0       0       0       000010000D0000439
     110       0       0       1       0                               0D0000440
     110     239       0       0       0       0       0       000010000D0000441
     110       0       0       1       0                               0D0000442
     144     240       0       0       0       0       0       000020000D0000443
     144       0       0       1       0                               0D0000444
     108     241       0       0       0       0       0       000010000D0000445
     108       0       0       1       0                               0D0000446
     142     242       0       0       0       0       0       000010500D0000447
     142       0       0       1       0                               0D0000448
     102     243       0       0       0       0       0       000010000D0000449
     102       0       0       1       0                               0D0000450
     110     244       0       0       0       0       0       000010000D0000451
     110       0       0       1       0                               0D0000452
     110     245       0       0       0       0       0       000010000D0000453
     110       0       0       1       0                               0D0000454
     110     246       0       0       0       0       0       000010000D0000455
     110       0       0       1       0                               0D0000456
     110     247       0       0       0       0       0       000010000D0000457
     110       0       0       1       0                               0D0000458
     144     248       0       0       0       0       0       000020000D0000459
     144       0       0       1       0                               0D0000460
     108     249       0       0       0       0       0       000010000D0000461
     108       0       0       1       0                               0D0000462
     142     250       0       0       0       0       0       000010500D0000463
     142       0       0       1       0                               0D0000464
     102     251       0       0       0       0       0       000010000D0000465
     102       0       0       1       0                               0D0000466
     110     252       0       0       0       0       0       000010000D0000467
     110       0       0       1       0                               0D0000468
     110     253       0       0       0       0       0       000010000D0000469
     110       0       0       1       0                               0D0000470
     110     254       0       0       0       0       0       000010000D0000471
     110       0       0       1       0                               0D0000472
     110     255       0       0       0       0       0       000010000D0000473
     110       0       0       1       0                               0D0000474
     144     256       0       0       0       0       0       000020000D0000475
     144       0       0       1       0                               0D0000476
     108     257       0       0       0       0       0       000010000D0000477
     108       0       0       1       0                               0D0000478
     142     258       0       0       0       0       0       000010500D0000479
     142       0       0       1       0                               0D0000480
     102     259       0       0       0       0       0       000010000D0000481
     102       0       0       1       0                               0D0000482
     110     260       0       0       0       0       0       000010000D0000483
     110       0       0       1       0                               0D0000484
     110     261       0       0       0       0       0       000010000D0000485
     110       0       0       1       0                               0D0000486
     110     262       0       0       0       0       0       000010000D0000487
     110       0       0       1       0                               0D0000488
     110     263       0       0       0       0       0       000010000D0000489
     110       0       0       1       0                               0D0000490
     144     264       0       0       0       0       0       000020000D0000491
     144       0       0       1       0                               0D0000492
     108     265       0       0       0       0       0       000010000D0000493
     108       0       0       2       0                               0D0000494
     142     267       0       0       0       0       0       000010500D0000495
     142       0       0       1       0                               0D0000496
     102     268       0       0       0       0       0       000010000D0000497
     102       0       0       1       0                               0D0000498
     110     269       0       0       0       0       0       000010000D0000499
     110       0       0       1       0                               0D0000500
     110     270       0       0       0       0       0       000010000D0000501
     110       0       0       1       0                               0D0000502
     110     271       0       0       0       0       0       000010000D0000503
     110       0       0       1       0                               0D0000504
     110     272       0       0       0       0       0       000010000D0000505
     110       0       0       1       0                               0D0000506
     144     273       0       0       0       0       0       000020000D0000507
     144       0       0       1       0                               0D0000508
     108     274       0       0       0       0       0       000010000D0000509
     108       0       0       1       0                               0D0000510
     142     275       0       0       0       0       0       000010500D0000511
     142       0       0       1       0                               0D0000512
     102     276       0       0       0       0       0       000010000D0000513
     102       0       0       1       0                               0D0000514
     110     277       0       0       0       0       0       000010000D0000515
     110       0       0       1       0                               0D0000516
     110     278       0       0       0       0       0       000010000D0000517
     110       0       0       1       0                               0D0000518
     110     279       0       0       0       0       0       000010000D0000519
     110       0       0       1       0                               0D0000520
     110     280       0       0       0       0       0       000010000D0000521
     110       0       0       1       0                               0D0000522
     144     281       0       0       0       0       0       000020000D0000523
     144       0       0       1       0                               0D0000524
     108     282       0       0       0       0       0       000010000D0000525
     108       0       0       2       0                               0D0000526
     142     284       0       0       0       0       0       000010500D0000527
     142       0       0       1       0                               0D0000528
     102     285       0       0       0       0       0       000010000D0000529
     102       0       0       1       0                               0D0000530
     110     286       0       0       0       0       0       000010000D0000531
     110       0       0       1       0                               0D0000532
     110     287       0       0       0       0       0       000010000D0000533
     110       0       0       1       0                               0D0000534
     110     288       0       0       0       0       0       000010000D0000535
     110       0       0       1       0                               0D0000536
     110     289       0       0       0       0       0       000010000D0000537
     110       0       0       1       0                               0D0000538
     144     290       0       0       0       0       0       000020000D0000539
     144       0       0       1       0                               0D0000540
     108     291       0       0       0       0       0       000010000D0000541
     108       0       0       1       0                               0D0000542
     142     292       0       0       0       0       0       000010500D0000543
     142       0       0       1       0                               0D0000544
     102     293       0       0       0       0       0       000010000D0000545
     102       0       0       1       0                               0D0000546
     110     294       0       0       0       0       0       000010000D0000547
     110       0       0       1       0                               0D0000548
     110     295       0       0       0       0       0       000010000D0000549
     110       0       0       1       0                               0D0000550
     110     296       0       0       0       0       0       000010000D0000551
     110       0       0       1       0                               0D0000552
     110     297       0       0       0       0       0       000010000D0000553
     110       0       0       1       0                               0D0000554
     144     298       0       0       0       0       0       000020000D0000555
     144       0       0       1       0                               0D0000556
     108     299       0       0       0       0       0       000010000D0000557
     108       0       0       1       0                               0D0000558
     142     300       0       0       0       0       0       000010500D0000559
     142       0       0       1       0                               0D0000560
     102     301       0       0       0       0       0       000010000D0000561
     102       0       0       1       0                               0D0000562
     110     302       0       0       0       0       0       000010000D0000563
     110       0       0       1       0                               0D0000564
     110     303       0       0       0       0       0       000010000D0000565
     110       0       0       1       0                               0D0000566
     110     304       0       0       0       0       0       000010000D0000567
     110       0       0       1       0                               0D0000568
     110     305       0       0       0       0       0       000010000D0000569
     110       0       0       1       0                               0D0000570
     110     306       0       0       0       0       0       000010000D0000571
     110       0       0       1       0                               0D0000572
     110     307       0       0       0       0       0       000010000D0000573
     110       0       0       1       0                               0D0000574
     110     308       0       0       0       0       0       000010000D0000575
     110       0       0       1       0                               0D0000576
     110     309       0       0       0       0       0       000010000D0000577
     110       0       0       1       0                               0D0000578
     144     310       0       0       0       0       0       000020000D0000579
     144       0       0       1       0                               0D0000580
     108     311       0       0       0       0       0       000010000D0000581
     108       0       0       1       0                               0D0000582
     142     312       0       0       0       0       0       000010500D0000583
     142       0       0       1       0                               0D0000584
     102     313       0       0       0       0       0       000010000D0000585
     102       0       0       1       0                               0D0000586
     110     314       0       0       0       0       0       000010000D0000587
     110       0       0       1       0                               0D0000588
     110     315       0       0       0       0       0       000010000D0000589
     110       0       0       1       0                               0D0000590
     110     316       0       0       0       0       0       000010000D0000591
     110       0       0       1       0                               0D0000592
     110     317       0       0       0       0       0       000010000D0000593
     110       0       0       1       0                               0D0000594
     110     318       0       0       0       0       0       000010000D0000595
     110       0       0       1       0                               0D0000596
     110     319       0       0       0       0       0       000010000D0000597
     110       0       0       1       0                               0D0000598
     110     320       0       0       0       0       0       000010000D0000599
     110       0       0       1       0                               0D0000600
     110     321       0       0       0       0       0       000010000D0000601
     110       0       0       1       0                               0D0000602
     402     322       0       0       0       0       0       000020000D0000603
     402       0       0       1       1                               0D0000604
     144     323       0       0       0       0       0       000020000D0000605
     144       0       0       1       0                               0D0000606
     108     324       0       0       0       0       0       000010000D0000607
     108       0       0       1       0                               0D0000608
     142     325       0       0       0       0       0       000010500D0000609
     142       0       0       1       0                               0D0000610
     102     326       0       0       0       0       0       000010000D0000611
     102       0       0       1       0                               0D0000612
     110     327       0       0       0       0       0       000010000D0000613
     110       0       0       1       0                               0D0000614
     110     328       0       0       0       0       0       000010000D0000615
     110       0       0       1       0                               0D0000616
     110     329       0       0       0       0       0       000010000D0000617
     110       0       0       1       0                               0D0000618
     110     330       0       0       0       0       0       000010000D0000619
     110       0       0       1       0                               0D0000620
     144     331       0       0       0       0       0       000020000D0000621
     144       0       0       1       0                               0D0000622
     108     332       0       0       0       0       0       000010000D0000623
     108       0       0       1       0                               0D0000624
     142     333       0       0       0       0       0       000010500D0000625
     142       0       0       1       0                               0D0000626
     102     334       0       0       0       0       0       000010000D0000627
     102       0       0       1       0                               0D0000628
     110     335       0       0       0       0       0       000010000D0000629
     110       0       0       1       0                               0D0000630
     110     336       0       0       0       0       0       000010000D0000631
     110       0       0       1       0                               0D0000632
     110     337       0       0       0       0       0       000010000D0000633
     110       0       0       1       0                               0D0000634
     110     338       0       0       0       0       0       000010000D0000635
     110       0       0       1       0                               0D0000636
     144     339       0       0       0       0       0       000020000D0000637
     144       0       0       1       0                               0D0000638
     108     340       0       0       0       0       0       000010000D0000639
     108       0       0       1       0                               0D0000640
     142     341       0       0       0       0       0       000010500D0000641
     142       0       0       1       0                               0D0000642
     102     342       0       0       0       0       0       000010000D0000643
     102       0       0       1       0                               0D0000644
     110     343       0       0       0       0       0       000010000D0000645
     110       0       0       1       0                               0D0000646
     110     344       0       0       0       0       0       000010000D0000647
     110       0       0       1       0                               0D0000648
     110     345       0       0       0       0       0       000010000D0000649
     110       0       0       1       0                               0D0000650
     110     346       0       0       0       0       0       000010000D0000651
     110       0       0       1       0                               0D0000652
     144     347       0       0       0       0       0       000020000D0000653
     144       0       0       1       0                               0D0000654
     108     348       0       0       0       0       0       000010000D0000655
     108       0       0       1       0                               0D0000656
     142     349       0       0       0       0       0       000010500D0000657
     142       0       0       1       0                               0D0000658
     102     350       0       0       0       0       0       000010000D0000659
     102       0       0       1       0                               0D0000660
     110     351       0       0       0       0       0       000010000D0000661
     110       0       0       1       0                               0D0000662
     110     352       0       0       0       0       0       000010000D0000663
     110       0       0       1       0                               0D0000664
     110     353       0       0       0       0       0       000010000D0000665
     110       0       0       1       0                               0D0000666
     110     354       0       0       0       0       0       000010000D0000667
     110       0       0       1       0                               0D0000668
     110     355       0       0       0       0       0       000010000D0000669
     110       0       0       1       0                               0D0000670
     110     356       0       0       0       0       0       000010000D0000671
     110       0       0       1       0                               0D0000672
     110     357       0       0       0       0       0       000010000D0000673
     110       0       0       1       0                               0D0000674
     110     358       0       0       0       0       0       000010000D0000675
     110       0       0       1       0                               0D0000676
     144     359       0       0       0       0       0       000020000D0000677
     144       0       0       1       0                               0D0000678
     108     360       0       0       0       0       0       000010000D0000679
     108       0       0       1       0                               0D0000680
     142     361       0       0       0       0       0       000010500D0000681
     142       0       0       1       0                               0D0000682
     102     362       0       0       0       0       0       000010000D0000683
     102       0       0       1       0                               0D0000684
     110     363       0       0       0       0       0       000010000D0000685
     110       0       0       1       0                               0D0000686
     110     364       0       0       0       0       0       000010000D0000687
     110       0       0       1       0                               0D0000688
     110     365       0       0       0       0       0       000010000D0000689
     110       0       0       1       0                               0D0000690
     110     366       0       0       0       0       0       000010000D0000691
     110       0       0       1       0                               0D0000692
     110     367       0       0       0       0       0       000010000D0000693
     110       0       0       1       0                               0D0000694
     110     368       0       0       0       0       0       000010000D0000695
     110       0       0       1       0                               0D0000696
     110     369       0       0       0       0       0       000010000D0000697
     110       0       0       1       0                               0D0000698
     110     370       0       0       0       0       0       000010000D0000699
     110       0       0       1       0                               0D0000700
     110     371       0       0       0       0       0       000010000D0000701
     110       0       0       1       0                               0D0000702
     110     372       0       0       0       0       0       000010000D0000703
     110       0       0       1       0                               0D0000704
     110     373       0       0       0       0       0       000010000D0000705
     110       0       0       1       0                               0D0000706
     110     374       0       0       0       0       0       000010000D0000707
     110       0       0       1       0                               0D0000708
     144     375       0       0       0       0       0       000020000D0000709
     144       0       0       1       0                               0D0000710
     108     376       0       0       0       0       0       000010000D0000711
     108       0       0       2       0                               0D0000712
     142     378       0       0       0       0       0       000010500D0000713
     142       0       0       1       0                               0D0000714
     102     379       0       0       0       0       0       000010000D0000715
     102       0       0       1       0                               0D0000716
     110     380       0       0       0       0       0       000010000D0000717
     110       0       0       1       0                               0D0000718
     110     381       0       0       0       0       0       000010000D0000719
     110       0       0       1       0                               0D0000720
     110     382       0       0       0       0       0       000010000D0000721
     110       0       0       1       0                               0D0000722
     110     383       0       0       0       0       0       000010000D0000723
     110       0       0       1       0                               0D0000724
     110     384       0       0       0       0       0       000010000D0000725
     110       0       0       1       0                               0D0000726
     110     385       0       0       0       0       0       000010000D0000727
     110       0       0       1       0                               0D0000728
     110     386       0       0       0       0       0       000010000D0000729
     110       0       0       1       0                               0D0000730
     110     387       0       0       0       0       0       000010000D0000731
     110       0       0       1       0                               0D0000732
     144     388       0       0       0       0       0       000020000D0000733
     144       0       0       1       0                               0D0000734
     108     389       0       0       0       0       0       000010000D0000735
     108       0       0       1       0                               0D0000736
     142     390       0       0       0       0       0       000010500D0000737
     142       0       0       1       0                               0D0000738
     102     391       0       0       0       0       0       000010000D0000739
     102       0       0       1       0                               0D0000740
     110     392       0       0       0       0       0       000010000D0000741
     110       0       0       1       0                               0D0000742
     110     393       0       0       0       0       0       000010000D0000743
     110       0       0       1       0                               0D0000744
     110     394       0       0       0       0       0       000010000D0000745
     110       0       0       1       0                               0D0000746
     110     395       0       0       0       0       0       000010000D0000747
     110       0       0       1       0                               0D0000748
     144     396       0       0       0       0       0       000020000D0000749
     144       0       0       1       0                               0D0000750
     108     397       0       0       0       0       0       000010000D0000751
     108       0       0       1       0                               0D0000752
     142     398       0       0       0       0       0       000010500D0000753
     142       0       0       1       0                               0D0000754
     102     399       0       0       0       0       0       000010000D0000755
     102       0       0       1       0                               0D0000756
     110     400       0       0       0       0       0       000010000D0000757
     110       0       0       1       0                               0D0000758
     110     401       0       0       0       0       0       000010000D0000759
     110       0       0       1       0                               0D0000760
     110     402       0       0       0       0       0       000010000D0000761
     110       0       0       1       0                               0D0000762
     110     403       0       0       0       0       0       000010000D0000763
     110       0       0       1       0                               0D0000764
     144     404       0       0       0       0       0       000020000D0000765
     144       0       0       1       0                               0D0000766
     108     405       0       0       0       0       0       000010000D0000767
     108       0       0       2       0                               0D0000768
     142     407       0       0       0       0       0       000010500D0000769
     142       0       0       1       0                               0D0000770
     102     408       0       0       0       0       0       000010000D0000771
     102       0       0       1       0                               0D0000772
     110     409       0       0       0       0       0       000010000D0000773
     110       0       0       1       0                               0D0000774
     110     410       0       0       0       0       0       000010000D0000775
     110       0       0       1       0                               0D0000776
     110     411       0       0       0       0       0       000010000D0000777
     110       0       0       1       0                               0D0000778
     110     412       0       0       0       0       0       000010000D0000779
     110       0       0       1       0                               0D0000780
     144     413       0       0       0       0       0       000020000D0000781
     144       0       0       1       0                               0D0000782
     108     414       0       0       0       0       0       000010000D0000783
     108       0       0       1       0                               0D0000784
     142     415       0       0       0       0       0       000010500D0000785
     142       0       0       1       0                               0D0000786
     102     416       0       0       0       0       0       000010000D0000787
     102       0       0       1       0                               0D0000788
     110     417       0       0       0       0       0       000010000D0000789
     110       0       0       1       0                               0D0000790
     110     418       0       0       0       0       0       000010000D0000791
     110       0       0       1       0                               0D0000792
     110     419       0       0       0       0       0       000010000D0000793
     110       0       0       1       0                               0D0000794
     110     420       0       0       0       0       0       000010000D0000795
     110       0       0       1       0                               0D0000796
     144     421       0       0       0       0       0       000020000D0000797
     144       0       0       1       0                               0D0000798
     108     422       0       0       0       0       0       000010000D0000799
     108       0       0       1       0                               0D0000800
     142     423       0       0       0       0       0       000010500D0000801
     142       0       0       1       0                               0D0000802
     102     424       0       0       0       0       0       000010000D0000803
     102       0       0       1       0                               0D0000804
     110     425       0       0       0       0       0       000010000D0000805
     110       0       0       1       0                               0D0000806
     110     426       0       0       0       0       0       000010000D0000807
     110       0       0       1       0                               0D0000808
     110     427       0       0       0       0       0       000010000D0000809
     110       0       0       1       0                               0D0000810
     110     428       0       0       0       0       0       000010000D0000811
     110       0       0       1       0                               0D0000812
     144     429       0       0       0       0       0       000020000D0000813
     144       0       0       1       0                               0D0000814
     108     430       0       0       0       0       0       000010000D0000815
     108       0       0       1       0                               0D0000816
     142     431       0       0       0       0       0       000010500D0000817
     142       0       0       1       0                               0D0000818
     102     432       0       0       0       0       0       000010000D0000819
     102       0       0       1       0                               0D0000820
     110     433       0       0       0       0       0       000010000D0000821
     110       0       0       1       0                               0D0000822
     110     434       0       0       0       0       0       000010000D0000823
     110       0       0       1       0                               0D0000824
     110     435       0       0       0       0       0       000010000D0000825
     110       0       0       1       0                               0D0000826
     110     436       0       0       0       0       0       000010000D0000827
     110       0       0       1       0                               0D0000828
     144     437       0       0       0       0       0       000020000D0000829
     144       0       0       1       0                               0D0000830
     108     438       0       0       0       0       0       000010000D0000831
     108       0       0       1       0                               0D0000832
     142     439       0       0       0       0       0       000010500D0000833
     142       0       0       1       0                               0D0000834
     102     440       0       0       0       0       0       000010000D0000835
     102       0       0       1       0                               0D0000836
     110     441       0       0       0       0       0       000010000D0000837
     110       0       0       1       0                               0D0000838
     110     442       0       0       0       0       0       000010000D0000839
     110       0       0       1       0                               0D0000840
     110     443       0       0       0       0       0       000010000D0000841
     110       0       0       1       0                               0D0000842
     110     444       0       0       0       0       0       000010000D0000843
     110       0       0       1       0                               0D0000844
     144     445       0       0       0       0       0       000020000D0000845
     144       0       0       1       0                               0D0000846
     108     446       0       0       0       0       0       000010000D0000847
     108       0       0       1       0                               0D0000848
     142     447       0       0       0       0       0       000010500D0000849
     142       0       0       1       0                               0D0000850
     102     448       0       0       0       0       0       000010000D0000851
     102       0       0       1       0                               0D0000852
     110     449       0       0       0       0       0       000010000D0000853
     110       0       0       1       0                               0D0000854
     110     450       0       0       0       0       0       000010000D0000855
     110       0       0       1       0                               0D0000856
     110     451       0       0       0       0       0       000010000D0000857
     110       0       0       1       0                               0D0000858
     110     452       0       0       0       0       0       000010000D0000859
     110       0       0       1       0                               0D0000860
     402     453       0       0       0       0       0       000020000D0000861
     402       0       0       2       1                               0D0000862
     144     455       0       0       0       0       0       000020000D0000863
     144       0       0       1       0                               0D0000864
     108     456       0       0       0       0       0       000010000D0000865
     108       0       0       1       0                               0D0000866
     142     457       0       0       0       0       0       000010500D0000867
     142       0       0       1       0                               0D0000868
     102     458       0       0       0       0       0       000010000D0000869
     102       0       0       1       0                               0D0000870
     110     459       0       0       0       0       0       000010000D0000871
     110       0       0       1       0                               0D0000872
     110     460       0       0       0       0       0       000010000D0000873
     110       0       0       1       0                               0D0000874
     110     461       0       0       0       0       0       000010000D0000875
     110       0       0       1       0                               0D0000876
     110     462       0       0       0       0       0       000010000D0000877
     110       0       0       1       0                               0D0000878
     144     463       0       0       0       0       0       000020000D0000879
     144       0       0       1       0                               0D0000880
     108     464       0       0       0       0       0       000010000D0000881
     108       0       0       1       0                               0D0000882
     142     465       0       0       0       0       0       000010500D0000883
     142       0       0       1       0                               0D0000884
     102     466       0       0       0       0       0       000010000D0000885
     102       0       0       1       0                               0D0000886
     110     467       0       0       0       0       0       000010000D0000887
     110       0       0       1       0                               0D0000888
     110     468       0       0       0       0       0       000010000D0000889
     110       0       0       1       0                               0D0000890
     110     469       0       0       0       0       0       000010000D0000891
     110       0       0       1       0                               0D0000892
     110     470       0       0       0       0       0       000010000D0000893
     110       0       0       1       0                               0D0000894
     144     471       0       0       0       0       0       000020000D0000895
     144       0       0       1       0                               0D0000896
     108     472       0       0       0       0       0       000010000D0000897
     108       0       0       1       0                               0D0000898
     142     473       0       0       0       0       0       000010500D0000899
     142       0       0       1       0                               0D0000900
     102     474       0       0       0       0       0       000010000D0000901
     102       0       0       1       0                               0D0000902
     110     475       0       0       0       0       0       000010000D0000903
     110       0       0       1       0                               0D0000904
     110     476       0       0       0       0       0       000010000D0000905
     110       0       0       1       0                               0D0000906
     110     477       0       0       0       0       0       000010000D0000907
     110       0       0       1       0                               0D0000908
     110     478       0       0       0       0       0       000010000D0000909
     110       0       0       1       0                               0D0000910
     110     479       0       0       0       0       0       000010000D0000911
     110       0       0       1       0                               0D0000912
     110     480       0       0       0       0       0       000010000D0000913
     110       0       0       1       0                               0D0000914
     110     481       0       0       0       0       0       000010000D0000915
     110       0       0       1       0                               0D0000916
     110     482       0       0       0       0       0       000010000D0000917
     110       0       0       1       0                               0D0000918
     144     483       0       0       0       0       0       000020000D0000919
     144       0       0       1       0                               0D0000920
     108     484       0       0       0       0       0       000010000D0000921
     108       0       0       1       0                               0D0000922
     142     485       0       0       0       0       0       000010500D0000923
     142       0       0       1       0                               0D0000924
     102     486       0       0       0       0       0       000010000D0000925
     102       0       0       1       0                               0D0000926
     110     487       0       0       0       0       0       000010000D0000927
     110       0       0       1       0                               0D0000928
     110     488       0       0       0       0       0       000010000D0000929
     110       0       0       1       0                               0D0000930
     110     489       0       0       0       0       0       000010000D0000931
     110       0       0       1       0                               0D0000932
     110     490       0       0       0       0       0       000010000D0000933
     110       0       0       1       0                               0D0000934
     110     491       0       0       0       0       0       000010000D0000935
     110       0       0       1       0                               0D0000936
     110     492       0       0       0       0       0       000010000D0000937
     110       0       0       1       0                               0D0000938
     110     493       0       0       0       0       0       000010000D0000939
     110       0       0       1       0                               0D0000940
     110     494       0       0       0       0       0       000010000D0000941
     110       0       0       1       0                               0D0000942
     144     495       0       0       0       0       0       000020000D0000943
     144       0       0       1       0                               0D0000944
     108     496       0       0       0       0       0       000010000D0000945
     108       0       0       1       0                               0D0000946
     142     497       0       0       0       0       0       000010500D0000947
     142       0       0       1       0                               0D0000948
     102     498       0       0       0       0       0       000010000D0000949
     102       0       0       1       0                               0D0000950
     110     499       0       0       0       0       0       000010000D0000951
     110       0       0       1       0                               0D0000952
     110     500       0       0       0       0       0       000010000D0000953
     110       0       0       1       0                               0D0000954
     110     501       0       0       0       0       0       000010000D0000955
     110       0       0       1       0                               0D0000956
     110     502       0       0       0       0       0       000010000D0000957
     110       0       0       1       0                               0D0000958
     110     503       0       0       0       0       0       000010000D0000959
     110       0       0       1       0                               0D0000960
     110     504       0       0       0       0       0       000010000D0000961
     110       0       0       1       0                               0D0000962
     144     505       0       0       0       0       0       000020000D0000963
     144       0       0       1       0                               0D0000964
     108     506       0       0       0       0       0       000010000D0000965
     108       0       0       2       0                               0D0000966
     142     508       0       0       0       0       0       000010500D0000967
     142       0       0       1       0                               0D0000968
     102     509       0       0       0       0       0       000010000D0000969
     102       0       0       1       0                               0D0000970
     110     510       0       0       0       0       0       000010000D0000971
     110       0       0       1       0                               0D0000972
     110     511       0       0       0       0       0       000010000D0000973
     110       0       0       1       0                               0D0000974
     110     512       0       0       0       0       0       000010000D0000975
     110       0       0       1       0                               0D0000976
     110     513       0       0       0       0       0       000010000D0000977
     110       0       0       1       0                               0D0000978
     110     514       0       0       0       0       0       000010000D0000979
     110       0       0       1       0                               0D0000980
     110     515       0       0       0       0       0       000010000D0000981
     110       0       0       1       0                               0D0000982
     110     516       0       0       0       0       0       000010000D0000983
     110       0       0       1       0                               0D0000984
     110     517       0       0       0       0       0       000010000D0000985
     110       0       0       1       0                               0D0000986
     144     518       0       0       0       0       0       000020000D0000987
     144       0       0       1       0                               0D0000988
     108     519       0       0       0       0       0       000010000D0000989
     108       0       0       1       0                               0D0000990
     142     520       0       0       0       0       0       000010500D0000991
     142       0       0       1       0                               0D0000992
     102     521       0       0       0       0       0       000010000D0000993
     102       0       0       1       0                               0D0000994
     110     522       0       0       0       0       0       000010000D0000995
     110       0       0       1       0                               0D0000996
     110     523       0       0       0       0       0       000010000D0000997
     110       0       0       1       0                               0D0000998
     110     524       0       0       0       0       0       000010000D0000999
     110       0       0       1       0                               0D0001000
     110     525       0       0       0       0       0       000010000D0001001
     110       0       0       1       0                               0D0001002
     144     526       0       0       0       0       0       000020000D0001003
     144       0       0       1       0                               0D0001004
     108     527       0       0       0       0       0       000010000D0001005
     108       0       0       1       0                               0D0001006
     142     528       0       0       0       0       0       000010500D0001007
     142       0       0       1       0                               0D0001008
     102     529       0       0       0       0       0       000010000D0001009
     102       0       0       1       0                               0D0001010
     110     530       0       0       0       0       0       000010000D0001011
     110       0       0       1       0                               0D0001012
     110     531       0       0       0       0       0       000010000D0001013
     110       0       0       1       0                               0D0001014
     110     532       0       0       0       0       0       000010000D0001015
     110       0       0       1       0                               0D0001016
     110     533       0       0       0       0       0       000010000D0001017
     110       0       0       1       0                               0D0001018
     110     534       0       0       0       0       0       000010000D0001019
     110       0       0       1       0                               0D0001020
     110     535       0       0       0       0       0       000010000D0001021
     110       0       0       1       0                               0D0001022
     110     536       0       0       0       0       0       000010000D0001023
     110       0       0       1       0                               0D0001024
     110     537       0       0       0       0       0       000010000D0001025
     110       0       0       1       0                               0D0001026
     144     538       0       0       0       0       0       000020000D0001027
     144       0       0       1       0                               0D0001028
     108     539       0       0       0       0       0       000010000D0001029
     108       0       0       1       0                               0D0001030
     142     540       0       0       0       0       0       000010500D0001031
     142       0       0       1       0                               0D0001032
     102     541       0       0       0       0       0       000010000D0001033
     102       0       0       1       0                               0D0001034
     110     542       0       0       0       0       0       000010000D0001035
     110       0       0       1       0                               0D0001036
     110     543       0       0       0       0       0       000010000D0001037
     110       0       0       1       0                               0D0001038
     110     544       0       0       0       0       0       000010000D0001039
     110       0       0       1       0                               0D0001040
     110     545       0       0       0       0       0       000010000D0001041
     110       0       0       1       0                               0D0001042
     144     546       0       0       0       0       0       000020000D0001043
     144       0       0       1       0                               0D0001044
     108     547       0       0       0       0       0       000010000D0001045
     108       0       0       2       0                               0D0001046
     142     549       0       0       0       0       0       000010500D0001047
     142       0       0       1       0                               0D0001048
     102     550       0       0       0       0       0       000010000D0001049
     102       0       0       1       0                               0D0001050
     110     551       0       0       0       0       0       000010000D0001051
     110       0       0       1       0                               0D0001052
     110     552       0       0       0       0       0       000010000D0001053
     110       0       0       1       0                               0D0001054
     110     553       0       0       0       0       0       000010000D0001055
     110       0       0       1       0                               0D0001056
     110     554       0       0       0       0       0       000010000D0001057
     110       0       0       1       0                               0D0001058
     144     555       0       0       0       0       0       000020000D0001059
     144       0       0       1       0                               0D0001060
     108     556       0       0       0       0       0       000010000D0001061
     108       0       0       1       0                               0D0001062
     142     557       0       0       0       0       0       000010500D0001063
     142       0       0       1       0                               0D0001064
     102     558       0       0       0       0       0       000010000D0001065
     102       0       0       1       0                               0D0001066
     110     559       0       0       0       0       0       000010000D0001067
     110       0       0       1       0                               0D0001068
     110     560       0       0       0       0       0       000010000D0001069
     110       0       0       1       0                               0D0001070
     110     561       0       0       0       0       0       000010000D0001071
     110       0       0       1       0                               0D0001072
     110     562       0       0       0       0       0       000010000D0001073
     110       0       0       1       0                               0D0001074
     144     563       0       0       0       0       0       000020000D0001075
     144       0       0       1       0                               0D0001076
     108     564       0       0       0       0       0       000010000D0001077
     108       0       0       2       0                               0D0001078
     142     566       0       0       0       0       0       000010500D0001079
     142       0       0       1       0                               0D0001080
     102     567       0       0       0       0       0       000010000D0001081
     102       0       0       1       0                               0D0001082
     110     568       0       0       0       0       0       000010000D0001083
     110       0       0       1       0                               0D0001084
     110     569       0       0       0       0       0       000010000D0001085
     110       0       0       1       0                               0D0001086
     110     570       0       0       0       0       0       000010000D0001087
     110       0       0       1       0                               0D0001088
     110     571       0       0       0       0       0       000010000D0001089
     110       0       0       1       0                               0D0001090
     144     572       0       0       0       0       0       000020000D0001091
     144       0       0       1       0                               0D0001092
     108     573       0       0       0       0       0       000010000D0001093
     108       0       0       1       0                               0D0001094
     142     574       0       0       0       0       0       000010500D0001095
     142       0       0       1       0                               0D0001096
     102     575       0       0       0       0       0       000010000D0001097
     102       0       0       1       0                               0D0001098
     110     576       0       0       0       0       0       000010000D0001099
     110       0       0       1       0                               0D0001100
     110     577       0       0       0       0       0       000010000D0001101
     110       0       0       1       0                               0D0001102
     110     578       0       0       0       0       0       000010000D0001103
     110       0       0       1       0                               0D0001104
     110     579       0       0       0       0       0       000010000D0001105
     110       0       0       1       0                               0D0001106
     144     580       0       0       0       0       0       000020000D0001107
     144       0       0       1       0                               0D0001108
     108     581       0       0       0       0       0       000010000D0001109
     108       0       0       1       0                               0D0001110
     142     582       0       0       0       0       0       000010500D0001111
     142       0       0       1       0                               0D0001112
     102     583       0       0       0       0       0       000010000D0001113
     102       0       0       1       0                               0D0001114
     110     584       0       0       0       0       0       000010000D0001115
     110       0       0       1       0                               0D0001116
     110     585       0       0       0       0       0       000010000D0001117
     110       0       0       1       0                               0D0001118
     110     586       0       0       0       0       0       000010000D0001119
     110       0       0       1       0                               0D0001120
     110     587       0       0       0       0       0       000010000D0001121
     110       0       0       1       0                               0D0001122
     144     588       0       0       0       0       0       000020000D0001123
     144       0       0       1       0                               0D0001124
     108     589       0       0       0       0       0       000010000D0001125
     108       0       0       1       0                               0D0001126
     142     590       0       0       0       0       0       000010500D0001127
     142       0       0       1       0                               0D0001128
     102     591       0       0       0       0       0       000010000D0001129
     102       0       0       1       0                               0D0001130
     110     592       0       0       0       0       0       000010000D0001131
     110       0       0       1       0                               0D0001132
     110     593       0       0       0       0       0       000010000D0001133
     110       0       0       1       0                               0D0001134
     110     594       0       0       0       0       0       000010000D0001135
     110       0       0       1       0                               0D0001136
     110     595       0       0       0       0       0       000010000D0001137
     110       0       0       1       0                               0D0001138
     110     596       0       0       0       0       0       000010000D0001139
     110       0       0       1       0                               0D0001140
     110     597       0       0       0       0       0       000010000D0001141
     110       0       0       1       0                               0D0001142
     144     598       0       0       0       0       0       000020000D0001143
     144       0       0       1       0                               0D0001144
     108     599       0       0       0       0       0       000010000D0001145
     108       0       0       1       0                               0D0001146
     142     600       0       0       0       0       0       000010500D0001147
     142       0       0       1       0                               0D0001148
     102     601       0       0       0       0       0       000010000D0001149
     102       0       0       1       0                               0D0001150
     110     602       0       0       0       0       0       000010000D0001151
     110       0       0       1       0                               0D0001152
     110     603       0       0       0       0       0       000010000D0001153
     110       0       0       1       0                               0D0001154
     110     604       0       0       0       0       0       000010000D0001155
     110       0       0       1       0                               0D0001156
     110     605       0       0       0       0       0       000010000D0001157
     110       0       0       1       0                               0D0001158
     402     606       0       0       0       0       0       000020000D0001159
     402       0       0       2       1                               0D0001160
     144     608       0       0       0       0       0       000020000D0001161
     144       0       0       1       0                               0D0001162
     108     609       0       0       0       0       0       000010000D0001163
     108       0       0       1       0                               0D0001164
     142     610       0       0       0       0       0       000010500D0001165
     142       0       0       1       0                               0D0001166
     102     611       0       0       0       0       0       000010000D0001167
     102       0       0       1       0                               0D0001168
     110     612       0       0       0       0       0       000010000D0001169
     110       0       0       1       0                               0D0001170
     110     613       0       0       0       0       0       000010000D0001171
     110       0       0       1       0                               0D0001172
     110     614       0       0       0       0       0       000010000D0001173
     110       0       0       1       0                               0D0001174
     110     615       0       0       0       0       0       000010000D0001175
     110       0       0       1       0                               0D0001176
     110     616       0       0       0       0       0       000010000D0001177
     110       0       0       2       0                               0D0001178
     100     618       0       0       0       0    1181       000010000D0001179
     100       0       0       1       0                               0D0001180
     124     619       0       0       0       0       0       000000000D0001181
     124       0       0       2       0                               0D0001182
     110     621       0       0       0       0       0       000010000D0001183
     110       0       0       1       0                               0D0001184
     110     622       0       0       0       0       0       000010000D0001185
     110       0       0       1       0                               0D0001186
     110     623       0       0       0       0       0       000010000D0001187
     110       0       0       1       0                               0D0001188
     144     624       0       0       0       0       0       000020000D0001189
     144       0       0       1       0                               0D0001190
     108     625       0       0       0       0       0       000010000D0001191
     108       0       0       1       0                               0D0001192
     142     626       0       0       0       0       0       000010500D0001193
     142       0       0       1       0                               0D0001194
     102     627       0       0       0       0       0       000010000D0001195
     102       0       0       1       0                               0D0001196
     110     628       0       0       0       0       0       000010000D0001197
     110       0       0       2       0                               0D0001198
     110     630       0       0       0       0       0       000010000D0001199
     110       0       0       1       0                               0D0001200
     110     631       0       0       0       0       0       000010000D0001201
     110       0       0       2       0                               0D0001202
     110     633       0       0       0       0       0       000010000D0001203
     110       0       0       1       0                               0D0001204
     144     634       0       0       0       0       0       000020000D0001205
     144       0       0       1       0                               0D0001206
     120     635       0       0       0       0    1209       000010000D0001207
     120       0       0       1       0                               0D0001208
     124     636       0       0       0       0       0       000000000D0001209
     124       0       0       2       0                               0D0001210
     110     638       0       0       0       0       0       000010000D0001211
     110       0       0       1       0                               0D0001212
     110     639       0       0       0       0       0       000010000D0001213
     110       0       0       1       0                               0D0001214
     142     640       0       0       0       0       0       000010500D0001215
     142       0       0       1       0                               0D0001216
     102     641       0       0       0       0       0       000010000D0001217
     102       0       0       1       0                               0D0001218
     100     642       0       0       0       0    1221       000010000D0001219
     100       0       0       1       0                               0D0001220
     124     643       0       0       0       0       0       000000000D0001221
     124       0       0       2       0                               0D0001222
     110     645       0       0       0       0       0       000010000D0001223
     110       0       0       1       0                               0D0001224
     100     646       0       0       0       0    1227       000010000D0001225
     100       0       0       1       0                               0D0001226
     124     647       0       0       0       0       0       000000000D0001227
     124       0       0       2       0                               0D0001228
     110     649       0       0       0       0       0       000010000D0001229
     110       0       0       1       0                               0D0001230
     104     650       0       0       0       0    1233       000010000D0001231
     104       0       0       1       1                               0D0001232
     124     651       0       0       0       0       0       000000000D0001233
     124       0       0       2       0                               0D0001234
     110     653       0       0       0       0       0       000010000D0001235
     110       0       0       1       0                               0D0001236
     144     654       0       0       0       0       0       000020000D0001237
     144       0       0       1       0                               0D0001238
     108     655       0       0       0       0       0       000010000D0001239
     108       0       0       1       0                               0D0001240
     142     656       0       0       0       0       0       000010500D0001241
     142       0       0       1       0                               0D0001242
     102     657       0       0       0       0       0       000010000D0001243
     102       0       0       1       0                               0D0001244
     110     658       0       0       0       0       0       000010000D0001245
     110       0       0       1       0                               0D0001246
     110     659       0       0       0       0       0       000010000D0001247
     110       0       0       1       0                               0D0001248
     110     660       0       0       0       0       0       000010000D0001249
     110       0       0       1       0                               0D0001250
     110     661       0       0       0       0       0       000010000D0001251
     110       0       0       1       0                               0D0001252
     110     662       0       0       0       0       0       000010000D0001253
     110       0       0       1       0                               0D0001254
     110     663       0       0       0       0       0       000010000D0001255
     110       0       0       1       0                               0D0001256
     110     664       0       0       0       0       0       000010000D0001257
     110       0       0       1       0                               0D0001258
     110     665       0       0       0       0       0       000010000D0001259
     110       0       0       1       0                               0D0001260
     144     666       0       0       0       0       0       000020000D0001261
     144       0       0       1       0                               0D0001262
     108     667       0       0       0       0       0       000010000D0001263
     108       0       0       1       0                               0D0001264
     142     668       0       0       0       0       0       000010500D0001265
     142       0       0       1       0                               0D0001266
     102     669       0       0       0       0       0       000010000D0001267
     102       0       0       1       0                               0D0001268
     110     670       0       0       0       0       0       000010000D0001269
     110       0       0       1       0                               0D0001270
     110     671       0       0       0       0       0       000010000D0001271
     110       0       0       1       0                               0D0001272
     110     672       0       0       0       0       0       000010000D0001273
     110       0       0       1       0                               0D0001274
     110     673       0       0       0       0       0       000010000D0001275
     110       0       0       1       0                               0D0001276
     110     674       0       0       0       0       0       000010000D0001277
     110       0       0       1       0                               0D0001278
     110     675       0       0       0       0       0       000010000D0001279
     110       0       0       1       0                               0D0001280
     144     676       0       0       0       0       0       000020000D0001281
     144       0       0       1       0                               0D0001282
     108     677       0       0       0       0       0       000010000D0001283
     108       0       0       1       0                               0D0001284
     142     678       0       0       0       0       0       000010500D0001285
     142       0       0       1       0                               0D0001286
     102     679       0       0       0       0       0       000010000D0001287
     102       0       0       1       0                               0D0001288
     110     680       0       0       0       0       0       000010000D0001289
     110       0       0       1       0                               0D0001290
     110     681       0       0       0       0       0       000010000D0001291
     110       0       0       1       0                               0D0001292
     110     682       0       0       0       0       0       000010000D0001293
     110       0       0       1       0                               0D0001294
     110     683       0       0       0       0       0       000010000D0001295
     110       0       0       1       0                               0D0001296
     144     684       0       0       0       0       0       000020000D0001297
     144       0       0       1       0                               0D0001298
     108     685       0       0       0       0       0       000010000D0001299
     108       0       0       1       0                               0D0001300
     142     686       0       0       0       0       0       000010500D0001301
     142       0       0       1       0                               0D0001302
     102     687       0       0       0       0       0       000010000D0001303
     102       0       0       1       0                               0D0001304
     110     688       0       0       0       0       0       000010000D0001305
     110       0       0       1       0                               0D0001306
     110     689       0       0       0       0       0       000010000D0001307
     110       0       0       1       0                               0D0001308
     110     690       0       0       0       0       0       000010000D0001309
     110       0       0       1       0                               0D0001310
     110     691       0       0       0       0       0       000010000D0001311
     110       0       0       1       0                               0D0001312
     144     692       0       0       0       0       0       000020000D0001313
     144       0       0       1       0                               0D0001314
     108     693       0       0       0       0       0       000010000D0001315
     108       0       0       1       0                               0D0001316
     142     694       0       0       0       0       0       000010500D0001317
     142       0       0       1       0                               0D0001318
     102     695       0       0       0       0       0       000010000D0001319
     102       0       0       1       0                               0D0001320
     110     696       0       0       0       0       0       000010000D0001321
     110       0       0       1       0                               0D0001322
     110     697       0       0       0       0       0       000010000D0001323
     110       0       0       1       0                               0D0001324
     110     698       0       0       0       0       0       000010000D0001325
     110       0       0       1       0                               0D0001326
     110     699       0       0       0       0       0       000010000D0001327
     110       0       0       1       0                               0D0001328
     110     700       0       0       0       0       0       000010000D0001329
     110       0       0       1       0                               0D0001330
     110     701       0       0       0       0       0       000010000D0001331
     110       0       0       1       0                               0D0001332
     144     702       0       0       0       0       0       000020000D0001333
     144       0       0       1       0                               0D0001334
     108     703       0       0       0       0       0       000010000D0001335
     108       0       0       1       0                               0D0001336
     142     704       0       0       0       0       0       000010500D0001337
     142       0       0       1       0                               0D0001338
     102     705       0       0       0       0       0       000010000D0001339
     102       0       0       1       0                               0D0001340
     110     706       0       0       0       0       0       000010000D0001341
     110       0       0       1       0                               0D0001342
     110     707       0       0       0       0       0       000010000D0001343
     110       0       0       1       0                               0D0001344
     110     708       0       0       0       0       0       000010000D0001345
     110       0       0       1       0                               0D0001346
     110     709       0       0       0       0       0       000010000D0001347
     110       0       0       1       0                               0D0001348
     110     710       0       0       0       0       0       000010000D0001349
     110       0       0       1       0                               0D0001350
     110     711       0       0       0       0       0       000010000D0001351
     110       0       0       1       0                               0D0001352
     144     712       0       0       0       0       0       000020000D0001353
     144       0       0       1       0                               0D0001354
     108     713       0       0       0       0       0       000010000D0001355
     108       0       0       2       0                               0D0001356
     142     715       0       0       0       0       0       000010500D0001357
     142       0       0       1       0                               0D0001358
     102     716       0       0       0       0       0       000010000D0001359
     102       0       0       1       0                               0D0001360
     110     717       0       0       0       0       0       000010000D0001361
     110       0       0       1       0                               0D0001362
     110     718       0       0       0       0       0       000010000D0001363
     110       0       0       1       0                               0D0001364
     110     719       0       0       0       0       0       000010000D0001365
     110       0       0       1       0                               0D0001366
     110     720       0       0       0       0       0       000010000D0001367
     110       0       0       1       0                               0D0001368
     144     721       0       0       0       0       0       000020000D0001369
     144       0       0       1       0                               0D0001370
     108     722       0       0       0       0       0       000010000D0001371
     108       0       0       1       0                               0D0001372
     142     723       0       0       0       0       0       000010500D0001373
     142       0       0       1       0                               0D0001374
     102     724       0       0       0       0       0       000010000D0001375
     102       0       0       1       0                               0D0001376
     110     725       0       0       0       0       0       000010000D0001377
     110       0       0       1       0                               0D0001378
     100     726       0       0       0       0    1381       000010000D0001379
     100       0       0       1       0                               0D0001380
     124     727       0       0       0       0       0       000000000D0001381
     124       0       0       2       0                               0D0001382
     110     729       0       0       0       0       0       000010000D0001383
     110       0       0       2       0                               0D0001384
     110     731       0       0       0       0       0       000010000D0001385
     110       0       0       1       0                               0D0001386
     144     732       0       0       0       0       0       000020000D0001387
     144       0       0       1       0                               0D0001388
     120     733       0       0       0       0    1391       000010000D0001389
     120       0       0       1       0                               0D0001390
     124     734       0       0       0       0       0       000000000D0001391
     124       0       0       1       0                               0D0001392
     110     735       0       0       0       0       0       000010000D0001393
     110       0       0       1       0                               0D0001394
     110     736       0       0       0       0       0       000010000D0001395
     110       0       0       1       0                               0D0001396
     142     737       0       0       0       0       0       000010500D0001397
     142       0       0       1       0                               0D0001398
     102     738       0       0       0       0       0       000010000D0001399
     102       0       0       1       0                               0D0001400
     104     739       0       0       0       0    1403       000010000D0001401
     104       0       0       1       1                               0D0001402
     124     740       0       0       0       0       0       000000000D0001403
     124       0       0       2       0                               0D0001404
     110     742       0       0       0       0       0       000010000D0001405
     110       0       0       1       0                               0D0001406
     100     743       0       0       0       0    1409       000010000D0001407
     100       0       0       1       0                               0D0001408
     124     744       0       0       0       0       0       000000000D0001409
     124       0       0       1       0                               0D0001410
     110     745       0       0       0       0       0       000010000D0001411
     110       0       0       1       0                               0D0001412
     144     746       0       0       0       0       0       000020000D0001413
     144       0       0       1       0                               0D0001414
     108     747       0       0       0       0       0       000010000D0001415
     108       0       0       2       0                               0D0001416
     142     749       0       0       0       0       0       000010500D0001417
     142       0       0       1       0                               0D0001418
     102     750       0       0       0       0       0       000010000D0001419
     102       0       0       1       0                               0D0001420
     110     751       0       0       0       0       0       000010000D0001421
     110       0       0       1       0                               0D0001422
     110     752       0       0       0       0       0       000010000D0001423
     110       0       0       1       0                               0D0001424
     110     753       0       0       0       0       0       000010000D0001425
     110       0       0       1       0                               0D0001426
     110     754       0       0       0       0       0       000010000D0001427
     110       0       0       1       0                               0D0001428
     144     755       0       0       0       0       0       000020000D0001429
     144       0       0       1       0                               0D0001430
     108     756       0       0       0       0       0       000010000D0001431
     108       0       0       1       0                               0D0001432
     142     757       0       0       0       0       0       000010500D0001433
     142       0       0       1       0                               0D0001434
     102     758       0       0       0       0       0       000010000D0001435
     102       0       0       1       0                               0D0001436
     110     759       0       0       0       0       0       000010000D0001437
     110       0       0       1       0                               0D0001438
     110     760       0       0       0       0       0       000010000D0001439
     110       0       0       1       0                               0D0001440
     110     761       0       0       0       0       0       000010000D0001441
     110       0       0       1       0                               0D0001442
     110     762       0       0       0       0       0       000010000D0001443
     110       0       0       1       0                               0D0001444
     144     763       0       0       0       0       0       000020000D0001445
     144       0       0       1       0                               0D0001446
     108     764       0       0       0       0       0       000010000D0001447
     108       0       0       2       0                               0D0001448
     142     766       0       0       0       0       0       000010500D0001449
     142       0       0       1       0                               0D0001450
     102     767       0       0       0       0       0       000010000D0001451
     102       0       0       1       0                               0D0001452
     110     768       0       0       0       0       0       000010000D0001453
     110       0       0       1       0                               0D0001454
     110     769       0       0       0       0       0       000010000D0001455
     110       0       0       1       0                               0D0001456
     110     770       0       0       0       0       0       000010000D0001457
     110       0       0       1       0                               0D0001458
     110     771       0       0       0       0       0       000010000D0001459
     110       0       0       1       0                               0D0001460
     110     772       0       0       0       0       0       000010000D0001461
     110       0       0       1       0                               0D0001462
     100     773       0       0       0       0    1465       000010000D0001463
     100       0       0       1       0                               0D0001464
     124     774       0       0       0       0       0       000000000D0001465
     124       0       0       1       0                               0D0001466
     110     775       0       0       0       0       0       000010000D0001467
     110       0       0       1       0                               0D0001468
     110     776       0       0       0       0       0       000010000D0001469
     110       0       0       1       0                               0D0001470
     110     777       0       0       0       0       0       000010000D0001471
     110       0       0       1       0                               0D0001472
     144     778       0       0       0       0       0       000020000D0001473
     144       0       0       1       0                               0D0001474
     108     779       0       0       0       0       0       000010000D0001475
     108       0       0       1       0                               0D0001476
     142     780       0       0       0       0       0       000010500D0001477
     142       0       0       1       0                               0D0001478
     102     781       0       0       0       0       0       000010000D0001479
     102       0       0       1       0                               0D0001480
     110     782       0       0       0       0       0       000010000D0001481
     110       0       0       1       0                               0D0001482
     110     783       0       0       0       0       0       000010000D0001483
     110       0       0       1       0                               0D0001484
     110     784       0       0       0       0       0       000010000D0001485
     110       0       0       1       0                               0D0001486
     110     785       0       0       0       0       0       000010000D0001487
     110       0       0       1       0                               0D0001488
     144     786       0       0       0       0       0       000020000D0001489
     144       0       0       1       0                               0D0001490
     108     787       0       0       0       0       0       000010000D0001491
     108       0       0       1       0                               0D0001492
     142     788       0       0       0       0       0       000010500D0001493
     142       0       0       1       0                               0D0001494
     102     789       0       0       0       0       0       000010000D0001495
     102       0       0       1       0                               0D0001496
     110     790       0       0       0       0       0       000010000D0001497
     110       0       0       1       0                               0D0001498
     110     791       0       0       0       0       0       000010000D0001499
     110       0       0       1       0                               0D0001500
     110     792       0       0       0       0       0       000010000D0001501
     110       0       0       1       0                               0D0001502
     110     793       0       0       0       0       0       000010000D0001503
     110       0       0       1       0                               0D0001504
     144     794       0       0       0       0       0       000020000D0001505
     144       0       0       1       0                               0D0001506
     108     795       0       0       0       0       0       000010000D0001507
     108       0       0       1       0                               0D0001508
     142     796       0       0       0       0       0       000010500D0001509
     142       0       0       1       0                               0D0001510
     102     797       0       0       0       0       0       000010000D0001511
     102       0       0       1       0                               0D0001512
     110     798       0       0       0       0       0       000010000D0001513
     110       0       0       1       0                               0D0001514
     110     799       0       0       0       0       0       000010000D0001515
     110       0       0       1       0                               0D0001516
     110     800       0       0       0       0       0       000010000D0001517
     110       0       0       1       0                               0D0001518
     110     801       0       0       0       0       0       000010000D0001519
     110       0       0       1       0                               0D0001520
     402     802       0       0       0       0       0       000020000D0001521
     402       0       0       2       1                               0D0001522
     144     804       0       0       0       0       0       000020000D0001523
     144       0       0       1       0                               0D0001524
     108     805       0       0       0       0       0       000010000D0001525
     108       0       0       1       0                               0D0001526
     142     806       0       0       0       0       0       000010500D0001527
     142       0       0       1       0                               0D0001528
     102     807       0       0       0       0       0       000010000D0001529
     102       0       0       1       0                               0D0001530
     110     808       0       0       0       0       0       000010000D0001531
     110       0       0       1       0                               0D0001532
     110     809       0       0       0       0       0       000010000D0001533
     110       0       0       1       0                               0D0001534
     110     810       0       0       0       0       0       000010000D0001535
     110       0       0       1       0                               0D0001536
     110     811       0       0       0       0       0       000010000D0001537
     110       0       0       1       0                               0D0001538
     100     812       0       0       0       0    1541       000010000D0001539
     100       0       0       1       0                               0D0001540
     124     813       0       0       0       0       0       000000000D0001541
     124       0       0       1       0                               0D0001542
     110     814       0       0       0       0       0       000010000D0001543
     110       0       0       1       0                               0D0001544
     110     815       0       0       0       0       0       000010000D0001545
     110       0       0       1       0                               0D0001546
     110     816       0       0       0       0       0       000010000D0001547
     110       0       0       2       0                               0D0001548
     100     818       0       0       0       0    1551       000010000D0001549
     100       0       0       1       0                               0D0001550
     124     819       0       0       0       0       0       000000000D0001551
     124       0       0       2       0                               0D0001552
     110     821       0       0       0       0       0       000010000D0001553
     110       0       0       1       0                               0D0001554
     144     822       0       0       0       0       0       000020000D0001555
     144       0       0       1       0                               0D0001556
     108     823       0       0       0       0       0       000010000D0001557
     108       0       0       1       0                               0D0001558
     142     824       0       0       0       0       0       000010500D0001559
     142       0       0       1       0                               0D0001560
     102     825       0       0       0       0       0       000010000D0001561
     102       0       0       1       0                               0D0001562
     110     826       0       0       0       0       0       000010000D0001563
     110       0       0       1       0                               0D0001564
     110     827       0       0       0       0       0       000010000D0001565
     110       0       0       1       0                               0D0001566
     110     828       0       0       0       0       0       000010000D0001567
     110       0       0       1       0                               0D0001568
     110     829       0       0       0       0       0       000010000D0001569
     110       0       0       1       0                               0D0001570
     144     830       0       0       0       0       0       000020000D0001571
     144       0       0       1       0                               0D0001572
     120     831       0       0       0       0    1575       000010000D0001573
     120       0       0       1       0                               0D0001574
     124     832       0       0       0       0       0       000000000D0001575
     124       0       0       1       0                               0D0001576
     110     833       0       0       0       0       0       000010000D0001577
     110       0       0       1       0                               0D0001578
     110     834       0       0       0       0       0       000010000D0001579
     110       0       0       1       0                               0D0001580
     142     835       0       0       0       0       0       000010500D0001581
     142       0       0       1       0                               0D0001582
     102     836       0       0       0       0       0       000010000D0001583
     102       0       0       1       0                               0D0001584
     100     837       0       0       0       0    1587       000010000D0001585
     100       0       0       1       0                               0D0001586
     124     838       0       0       0       0       0       000000000D0001587
     124       0       0       1       0                               0D0001588
     110     839       0       0       0       0       0       000010000D0001589
     110       0       0       1       0                               0D0001590
     104     840       0       0       0       0    1593       000010000D0001591
     104       0       0       1       1                               0D0001592
     124     841       0       0       0       0       0       000000000D0001593
     124       0       0       2       0                               0D0001594
     110     843       0       0       0       0       0       000010000D0001595
     110       0       0       1       0                               0D0001596
     144     844       0       0       0       0       0       000020000D0001597
     144       0       0       1       0                               0D0001598
     108     845       0       0       0       0       0       000010000D0001599
     108       0       0       1       0                               0D0001600
     142     846       0       0       0       0       0       000010500D0001601
     142       0       0       1       0                               0D0001602
     102     847       0       0       0       0       0       000010000D0001603
     102       0       0       1       0                               0D0001604
     110     848       0       0       0       0       0       000010000D0001605
     110       0       0       1       0                               0D0001606
     110     849       0       0       0       0       0       000010000D0001607
     110       0       0       1       0                               0D0001608
     110     850       0       0       0       0       0       000010000D0001609
     110       0       0       1       0                               0D0001610
     110     851       0       0       0       0       0       000010000D0001611
     110       0       0       1       0                               0D0001612
     110     852       0       0       0       0       0       000010000D0001613
     110       0       0       1       0                               0D0001614
     110     853       0       0       0       0       0       000010000D0001615
     110       0       0       1       0                               0D0001616
     110     854       0       0       0       0       0       000010000D0001617
     110       0       0       1       0                               0D0001618
     110     855       0       0       0       0       0       000010000D0001619
     110       0       0       1       0                               0D0001620
     144     856       0       0       0       0       0       000020000D0001621
     144       0       0       1       0                               0D0001622
     108     857       0       0       0       0       0       000010000D0001623
     108       0       0       1       0                               0D0001624
     142     858       0       0       0       0       0       000010500D0001625
     142       0       0       1       0                               0D0001626
     102     859       0       0       0       0       0       000010000D0001627
     102       0       0       1       0                               0D0001628
     110     860       0       0       0       0       0       000010000D0001629
     110       0       0       1       0                               0D0001630
     110     861       0       0       0       0       0       000010000D0001631
     110       0       0       1       0                               0D0001632
     110     862       0       0       0       0       0       000010000D0001633
     110       0       0       1       0                               0D0001634
     110     863       0       0       0       0       0       000010000D0001635
     110       0       0       1       0                               0D0001636
     110     864       0       0       0       0       0       000010000D0001637
     110       0       0       1       0                               0D0001638
     110     865       0       0       0       0       0       000010000D0001639
     110       0       0       1       0                               0D0001640
     144     866       0       0       0       0       0       000020000D0001641
     144       0       0       1       0                               0D0001642
     108     867       0       0       0       0       0       000010000D0001643
     108       0       0       1       0                               0D0001644
     142     868       0       0       0       0       0       000010500D0001645
     142       0       0       1       0                               0D0001646
     102     869       0       0       0       0       0       000010000D0001647
     102       0       0       1       0                               0D0001648
     110     870       0       0       0       0       0       000010000D0001649
     110       0       0       2       0                               0D0001650
     110     872       0       0       0       0       0       000010000D0001651
     110       0       0       1       0                               0D0001652
     110     873       0       0       0       0       0       000010000D0001653
     110       0       0       2       0                               0D0001654
     110     875       0       0       0       0       0       000010000D0001655
     110       0       0       1       0                               0D0001656
     144     876       0       0       0       0       0       000020000D0001657
     144       0       0       1       0                               0D0001658
     108     877       0       0       0       0       0       000010000D0001659
     108       0       0       2       0                               0D0001660
     142     879       0       0       0       0       0       000010500D0001661
     142       0       0       1       0                               0D0001662
     102     880       0       0       0       0       0       000010000D0001663
     102       0       0       1       0                               0D0001664
     110     881       0       0       0       0       0       000010000D0001665
     110       0       0       1       0                               0D0001666
     110     882       0       0       0       0       0       000010000D0001667
     110       0       0       1       0                               0D0001668
     110     883       0       0       0       0       0       000010000D0001669
     110       0       0       1       0                               0D0001670
     110     884       0       0       0       0       0       000010000D0001671
     110       0       0       1       0                               0D0001672
     144     885       0       0       0       0       0       000020000D0001673
     144       0       0       1       0                               0D0001674
     120     886       0       0       0       0    1677       000010000D0001675
     120       0       0       1       0                               0D0001676
     124     887       0       0       0       0       0       000000000D0001677
     124       0       0       2       0                               0D0001678
     110     889       0       0       0       0       0       000010000D0001679
     110       0       0       1       0                               0D0001680
     110     890       0       0       0       0       0       000010000D0001681
     110       0       0       1       0                               0D0001682
     142     891       0       0       0       0       0       000010500D0001683
     142       0       0       1       0                               0D0001684
     102     892       0       0       0       0       0       000010000D0001685
     102       0       0       1       0                               0D0001686
     100     893       0       0       0       0    1689       000010000D0001687
     100       0       0       1       0                               0D0001688
     124     894       0       0       0       0       0       000000000D0001689
     124       0       0       2       0                               0D0001690
     110     896       0       0       0       0       0       000010000D0001691
     110       0       0       1       0                               0D0001692
     100     897       0       0       0       0    1695       000010000D0001693
     100       0       0       1       0                               0D0001694
     124     898       0       0       0       0       0       000000000D0001695
     124       0       0       2       0                               0D0001696
     110     900       0       0       0       0       0       000010000D0001697
     110       0       0       1       0                               0D0001698
     104     901       0       0       0       0    1701       000010000D0001699
     104       0       0       1       1                               0D0001700
     124     902       0       0       0       0       0       000000000D0001701
     124       0       0       2       0                               0D0001702
     110     904       0       0       0       0       0       000010000D0001703
     110       0       0       1       0                               0D0001704
     144     905       0       0       0       0       0       000020000D0001705
     144       0       0       1       0                               0D0001706
     108     906       0       0       0       0       0       000010000D0001707
     108       0       0       1       0                               0D0001708
     142     907       0       0       0       0       0       000010500D0001709
     142       0       0       1       0                               0D0001710
     102     908       0       0       0       0       0       000010000D0001711
     102       0       0       1       0                               0D0001712
     110     909       0       0       0       0       0       000010000D0001713
     110       0       0       1       0                               0D0001714
     110     910       0       0       0       0       0       000010000D0001715
     110       0       0       1       0                               0D0001716
     110     911       0       0       0       0       0       000010000D0001717
     110       0       0       1       0                               0D0001718
     110     912       0       0       0       0       0       000010000D0001719
     110       0       0       1       0                               0D0001720
     110     913       0       0       0       0       0       000010000D0001721
     110       0       0       1       0                               0D0001722
     110     914       0       0       0       0       0       000010000D0001723
     110       0       0       1       0                               0D0001724
     144     915       0       0       0       0       0       000020000D0001725
     144       0       0       1       0                               0D0001726
     108     916       0       0       0       0       0       000010000D0001727
     108       0       0       1       0                               0D0001728
     142     917       0       0       0       0       0       000010500D0001729
     142       0       0       1       0                               0D0001730
     102     918       0       0       0       0       0       000010000D0001731
     102       0       0       1       0                               0D0001732
     110     919       0       0       0       0       0       000010000D0001733
     110       0       0       1       0                               0D0001734
     110     920       0       0       0       0       0       000010000D0001735
     110       0       0       1       0                               0D0001736
     110     921       0       0       0       0       0       000010000D0001737
     110       0       0       1       0                               0D0001738
     110     922       0       0       0       0       0       000010000D0001739
     110       0       0       1       0                               0D0001740
     110     923       0       0       0       0       0       000010000D0001741
     110       0       0       1       0                               0D0001742
     110     924       0       0       0       0       0       000010000D0001743
     110       0       0       1       0                               0D0001744
     144     925       0       0       0       0       0       000020000D0001745
     144       0       0       1       0                               0D0001746
     108     926       0       0       0       0       0       000010000D0001747
     108       0       0       1       0                               0D0001748
     142     927       0       0       0       0       0       000010500D0001749
     142       0       0       1       0                               0D0001750
     102     928       0       0       0       0       0       000010000D0001751
     102       0       0       1       0                               0D0001752
     110     929       0       0       0       0       0       000010000D0001753
     110       0       0       1       0                               0D0001754
     110     930       0       0       0       0       0       000010000D0001755
     110       0       0       1       0                               0D0001756
     110     931       0       0       0       0       0       000010000D0001757
     110       0       0       1       0                               0D0001758
     110     932       0       0       0       0       0       000010000D0001759
     110       0       0       1       0                               0D0001760
     144     933       0       0       0       0       0       000020000D0001761
     144       0       0       1       0                               0D0001762
     108     934       0       0       0       0       0       000010000D0001763
     108       0       0       1       0                               0D0001764
     142     935       0       0       0       0       0       000010500D0001765
     142       0       0       1       0                               0D0001766
     102     936       0       0       0       0       0       000010000D0001767
     102       0       0       1       0                               0D0001768
     110     937       0       0       0       0       0       000010000D0001769
     110       0       0       1       0                               0D0001770
     110     938       0       0       0       0       0       000010000D0001771
     110       0       0       1       0                               0D0001772
     110     939       0       0       0       0       0       000010000D0001773
     110       0       0       1       0                               0D0001774
     110     940       0       0       0       0       0       000010000D0001775
     110       0       0       1       0                               0D0001776
     144     941       0       0       0       0       0       000020000D0001777
     144       0       0       1       0                               0D0001778
     120     942       0       0       0       0    1781       000010000D0001779
     120       0       0       1       0                               0D0001780
     124     943       0       0       0       0       0       000000000D0001781
     124       0       0       1       0                               0D0001782
     110     944       0       0       0       0       0       000010000D0001783
     110       0       0       1       0                               0D0001784
     110     945       0       0       0       0       0       000010000D0001785
     110       0       0       1       0                               0D0001786
     142     946       0       0       0       0       0       000010500D0001787
     142       0       0       1       0                               0D0001788
     102     947       0       0       0       0       0       000010000D0001789
     102       0       0       1       0                               0D0001790
     100     948       0       0       0       0    1793       000010000D0001791
     100       0       0       1       0                               0D0001792
     124     949       0       0       0       0       0       000000000D0001793
     124       0       0       1       0                               0D0001794
     110     950       0       0       0       0       0       000010000D0001795
     110       0       0       1       0                               0D0001796
     104     951       0       0       0       0    1799       000010000D0001797
     104       0       0       1       1                               0D0001798
     124     952       0       0       0       0       0       000000000D0001799
     124       0       0       2       0                               0D0001800
     110     954       0       0       0       0       0       000010000D0001801
     110       0       0       1       0                               0D0001802
     144     955       0       0       0       0       0       000020000D0001803
     144       0       0       1       0                               0D0001804
     108     956       0       0       0       0       0       000010000D0001805
     108       0       0       1       0                               0D0001806
     142     957       0       0       0       0       0       000010500D0001807
     142       0       0       1       0                               0D0001808
     102     958       0       0       0       0       0       000010000D0001809
     102       0       0       1       0                               0D0001810
     110     959       0       0       0       0       0       000010000D0001811
     110       0       0       1       0                               0D0001812
     100     960       0       0       0       0    1815       000010000D0001813
     100       0       0       1       0                               0D0001814
     124     961       0       0       0       0       0       000000000D0001815
     124       0       0       2       0                               0D0001816
     110     963       0       0       0       0       0       000010000D0001817
     110       0       0       2       0                               0D0001818
     110     965       0       0       0       0       0       000010000D0001819
     110       0       0       1       0                               0D0001820
     144     966       0       0       0       0       0       000020000D0001821
     144       0       0       1       0                               0D0001822
     108     967       0       0       0       0       0       000010000D0001823
     108       0       0       2       0                               0D0001824
     142     969       0       0       0       0       0       000010500D0001825
     142       0       0       1       0                               0D0001826
     102     970       0       0       0       0       0       000010000D0001827
     102       0       0       1       0                               0D0001828
     110     971       0       0       0       0       0       000010000D0001829
     110       0       0       1       0                               0D0001830
     110     972       0       0       0       0       0       000010000D0001831
     110       0       0       1       0                               0D0001832
     110     973       0       0       0       0       0       000010000D0001833
     110       0       0       1       0                               0D0001834
     110     974       0       0       0       0       0       000010000D0001835
     110       0       0       1       0                               0D0001836
     144     975       0       0       0       0       0       000020000D0001837
     144       0       0       1       0                               0D0001838
     108     976       0       0       0       0       0       000010000D0001839
     108       0       0       1       0                               0D0001840
     142     977       0       0       0       0       0       000010500D0001841
     142       0       0       1       0                               0D0001842
     102     978       0       0       0       0       0       000010000D0001843
     102       0       0       1       0                               0D0001844
     110     979       0       0       0       0       0       000010000D0001845
     110       0       0       1       0                               0D0001846
     110     980       0       0       0       0       0       000010000D0001847
     110       0       0       1       0                               0D0001848
     110     981       0       0       0       0       0       000010000D0001849
     110       0       0       1       0                               0D0001850
     110     982       0       0       0       0       0       000010000D0001851
     110       0       0       1       0                               0D0001852
     144     983       0       0       0       0       0       000020000D0001853
     144       0       0       1       0                               0D0001854
     108     984       0       0       0       0       0       000010000D0001855
     108       0       0       2       0                               0D0001856
     142     986       0       0       0       0       0       000010500D0001857
     142       0       0       1       0                               0D0001858
     102     987       0       0       0       0       0       000010000D0001859
     102       0       0       1       0                               0D0001860
     110     988       0       0       0       0       0       000010000D0001861
     110       0       0       1       0                               0D0001862
     110     989       0       0       0       0       0       000010000D0001863
     110       0       0       1       0                               0D0001864
     100     990       0       0       0       0    1867       000010000D0001865
     100       0       0       1       0                               0D0001866
     124     991       0       0       0       0       0       000000000D0001867
     124       0       0       1       0                               0D0001868
     110     992       0       0       0       0       0       000010000D0001869
     110       0       0       1       0                               0D0001870
     110     993       0       0       0       0       0       000010000D0001871
     110       0       0       1       0                               0D0001872
     110     994       0       0       0       0       0       000010000D0001873
     110       0       0       1       0                               0D0001874
     100     995       0       0       0       0    1877       000010000D0001875
     100       0       0       1       0                               0D0001876
     124     996       0       0       0       0       0       000000000D0001877
     124       0       0       1       0                               0D0001878
     110     997       0       0       0       0       0       000010000D0001879
     110       0       0       1       0                               0D0001880
     110     998       0       0       0       0       0       000010000D0001881
     110       0       0       1       0                               0D0001882
     110     999       0       0       0       0       0       000010000D0001883
     110       0       0       1       0                               0D0001884
     144    1000       0       0       0       0       0       000020000D0001885
     144       0       0       1       0                               0D0001886
     108    1001       0       0       0       0       0       000010000D0001887
     108       0       0       1       0                               0D0001888
     142    1002       0       0       0       0       0       000010500D0001889
     142       0       0       1       0                               0D0001890
     102    1003       0       0       0       0       0       000010000D0001891
     102       0       0       1       0                               0D0001892
     110    1004       0       0       0       0       0       000010000D0001893
     110       0       0       1       0                               0D0001894
     110    1005       0       0       0       0       0       000010000D0001895
     110       0       0       1       0                               0D0001896
     110    1006       0       0       0       0       0       000010000D0001897
     110       0       0       1       0                               0D0001898
     110    1007       0       0       0       0       0       000010000D0001899
     110       0       0       1       0                               0D0001900
     144    1008       0       0       0       0       0       000020000D0001901
     144       0       0       1       0                               0D0001902
     120    1009       0       0       0       0    1905       000010000D0001903
     120       0       0       1       0                               0D0001904
     124    1010       0       0       0       0       0       000000000D0001905
     124       0       0       1       0                               0D0001906
     110    1011       0       0       0       0       0       000010000D0001907
     110       0       0       1       0                               0D0001908
     110    1012       0       0       0       0       0       000010000D0001909
     110       0       0       1       0                               0D0001910
     142    1013       0       0       0       0       0       000010500D0001911
     142       0       0       1       0                               0D0001912
     102    1014       0       0       0       0       0       000010000D0001913
     102       0       0       1       0                               0D0001914
     104    1015       0       0       0       0    1917       000010000D0001915
     104       0       0       1       1                               0D0001916
     124    1016       0       0       0       0       0       000000000D0001917
     124       0       0       2       0                               0D0001918
     110    1018       0       0       0       0       0       000010000D0001919
     110       0       0       1       0                               0D0001920
     100    1019       0       0       0       0    1923       000010000D0001921
     100       0       0       1       0                               0D0001922
     124    1020       0       0       0       0       0       000000000D0001923
     124       0       0       1       0                               0D0001924
     110    1021       0       0       0       0       0       000010000D0001925
     110       0       0       1       0                               0D0001926
     144    1022       0       0       0       0       0       000020000D0001927
     144       0       0       1       0                               0D0001928
     108    1023       0       0       0       0       0       000010000D0001929
     108       0       0       1       0                               0D0001930
     142    1024       0       0       0       0       0       000010500D0001931
     142       0       0       1       0                               0D0001932
     102    1025       0       0       0       0       0       000010000D0001933
     102       0       0       1       0                               0D0001934
     110    1026       0       0       0       0       0       000010000D0001935
     110       0       0       1       0                               0D0001936
     110    1027       0       0       0       0       0       000010000D0001937
     110       0       0       1       0                               0D0001938
     110    1028       0       0       0       0       0       000010000D0001939
     110       0       0       1       0                               0D0001940
     110    1029       0       0       0       0       0       000010000D0001941
     110       0       0       1       0                               0D0001942
     144    1030       0       0       0       0       0       000020000D0001943
     144       0       0       1       0                XY-plane        D0001944
     108    1031       0       0       0       0       0       000010000D0001945
     108       0       0       1       0                               0D0001946
     142    1032       0       0       0       0       0       000010500D0001947
     142       0       0       1       0                               0D0001948
     144    1033       0       0       0       0       0       000020000D0001949
     144       0       0       1       0                XZ-plane        D0001950
     108    1034       0       0       0       0       0       000010000D0001951
     108       0       0       1       0                               0D0001952
     142    1035       0       0       0       0       0       000010500D0001953
     142       0       0       1       0                               0D0001954
     144    1036       0       0       0       0       0       000020000D0001955
     144       0       0       1       0                YZ-plane        D0001956
     108    1037       0       0       0       0       0       000010000D0001957
     108       0       0       1       0                               0D0001958
     142    1038       0       0       0       0       0       000010500D0001959
     142       0       0       1       0                               0D0001960
     102    1039       0       0       0       0       0       000020000D0001961
     102       0       0       1       0                  Sketch        D0001962
     110    1040       0       0       0       0       0       000010000D0001963
     110       0       0       1       0                               0D0001964
     110    1041       0       0       0       0       0       000010000D0001965
     110       0       0       1       0                               0D0001966
     110    1042       0       0       0       0       0       000010000D0001967
     110       0       0       1       0                               0D0001968
     110    1043       0       0       0       0       0       000010000D0001969
     110       0       0       1       0                               0D0001970
     110    1044       0       0       0       0       0       000010000D0001971
     110       0       0       1       0                               0D0001972
     110    1045       0       0       0       0       0       000010000D0001973
     110       0       0       1       0                               0D0001974
     110    1046       0       0       0       0       0       000010000D0001975
     110       0       0       1       0                               0D0001976
     110    1047       0       0       0       0       0       000010000D0001977
     110       0       0       1       0                               0D0001978
     102    1048       0       0       0       0       0       000020000D0001979
     102       0       0       1       0                Sketch00        D0001980
     110    1049       0       0       0       0       0       000010000D0001981
     110       0       0       1       0                               0D0001982
     110    1050       0       0       0       0       0       000010000D0001983
     110       0       0       1       0                               0D0001984
     110    1051       0       0       0       0       0       000010000D0001985
     110       0       0       1       0                               0D0001986
     110    1052       0       0       0       0       0       000010000D0001987
     110       0       0       2       0                               0D0001988
     102    1054       0       0       0       0       0       000020000D0001989
     102       0       0       1       0                Sketch00        D0001990
     110    1055       0       0       0       0       0       000010000D0001991
     110       0       0       1       0                               0D0001992
     110    1056       0       0       0       0       0       000010000D0001993
     110       0       0       1       0                               0D0001994
     110    1057       0       0       0       0       0       000010000D0001995
     110       0       0       1       0                               0D0001996
     110    1058       0       0       0       0       0       000010000D0001997
     110       0       0       2       0                               0D0001998
     110    1060       0       0       0       0       0       000020000D0001999
     110       0       0       1       0                  X-axis        D0002000
     110    1061       0       0       0       0       0       000020000D0002001
     110       0       0       2       0                  Y-axis        D0002002
     110    1063       0       0       0       0       0       000020000D0002003
     110       0       0       2       0                  Z-axis        D0002004
     116    1065       0       0       0       0       0       000020400D0002005
     116       0       0       1       0                               0D0002006
     406    1066       0       0       0       0       0       000000000D0002007
     406       0       0       1      15                               0D0002008
     406    1067       0       0       0       0       0       000000000D0002009
     406       0       0       1      15                               0D0002010
     406    1068       0       0       0       0       0       000000000D0002011
     406       0       0       1      15                               0D0002012
     406    1069       0       0       0       0       0       000000000D0002013
     406       0       0       1      15                               0D0002014
     406    1070       0       0       0       0       0       000000000D0002015
     406       0       0       1      15                               0D0002016
     406    1071       0       0       0       0       0       000000000D0002017
     406       0       0       1      15                               0D0002018
     406    1072       0       0       0       0       0       000000000D0002019
     406       0       0       1      15                               0D0002020
     406    1073       0       0       0       0       0       000000000D0002021
     406       0       0       1      15                               0D0002022
     406    1074       0       0       0       0       0       000000000D0002023
     406       0       0       1      15                               0D0002024
     406    1075       0       0       0       0       0       000000000D0002025
     406       0       0       1      15                               0D0002026
     406    1076       0       0       0       0       0       000000000D0002027
     406       0       0       1      15                               0D0002028
402,16,3,425,603,861,1159,1521,1943,1949,1955,1961,1979,1989,    0000001P0000001
1999,2001,2003,2005,0,1,2009;                                    0000001P0000002
402,20,5,37,53,79,103,123,139,155,187,207,227,243,259,285,303,   0000003P0000003
319,335,367,383,409;                                             0000003P0000004
144,7,1,0,9;                                                     0000005P0000005
108,1.,-0.,-0.,-6.917415,0,-6.917415,17.648917816,0.,0.;         0000007P0000006
142,0,7,0,11,2;                                                  0000009P0000007
102,10,13,15,17,19,21,25,27,29,31,35;                            0000011P0000008
110,-6.917415,25.148917816,30.,-6.917415,25.148917816,5.;        0000013P0000009
110,-6.917415,25.148917816,5.,-6.917415,20.148917816,5.;         0000015P0000010
110,-6.917415,20.148917816,5.,-6.917415,20.148917816,30.;        0000017P0000011
110,-6.917415,20.148917816,30.,-6.917415,18.648917816,30.;       0000019P0000012
100,0.,0.,0.,1.,0.,0.,1.;                                        0000021P0000013
124,0.,0.,1.,-6.917415,0.,-1.,-0.,18.648917816,1.,0.,0.,29.;     0000023P0000014
110,-6.917415,17.648917816,29.,-6.917415,17.648917816,0.;        0000025P0000015
110,-6.917415,17.648917816,0.,-6.917415,27.648917816,0.;         0000027P0000016
110,-6.917415,27.648917816,0.,-6.917415,27.648917816,            0000029P0000017
29.000607384;                                                    0000029P0000018
100,0.,0.,0.,-0.999999816,-6.073836722E-04,0.,-1.;               0000031P0000019
124,3.552713679E-16,0.,1.,-6.917415,-1.,-0.,3.552713679E-16,     0000033P0000020
26.648918,0.,-1.,0.,29.;                                         0000033P0000021
110,-6.917415,26.648918,30.,-6.917415,25.148917816,30.;          0000035P0000022
144,39,1,0,41;                                                   0000037P0000023
108,-0.,-1.,-0.,-17.648917816,0,-46.917415,17.648917816,0.,0.;   0000039P0000024
142,0,39,0,43,2;                                                 0000041P0000025
102,4,45,47,49,51;                                               0000043P0000026
110,-6.917415,17.648917816,0.,-6.917415,17.648917816,29.;        0000045P0000027
110,-6.917415,17.648917816,29.,-46.917415,17.648917816,29.;      0000047P0000028
110,-46.917415,17.648917816,29.,-46.917415,17.648917816,0.;      0000049P0000029
110,-46.917415,17.648917816,0.,-6.917415,17.648917816,0.;        0000051P0000030
144,55,1,0,63;                                                   0000053P0000031
120,59,61,6.283185307,7.853981634;                               0000055P0000032
124,0.,0.,1.,-46.917415,-1.,0.,0.,18.648917816,0.,-1.,0.,29.;    0000057P0000033
110,0.,0.,1.,0.,0.,0.;                                           0000059P0000034
110,1.,0.,-1.,1.,0.,40.;                                         0000061P0000035
142,0,55,0,65,2;                                                 0000063P0000036
102,4,67,71,73,77;                                               0000065P0000037
100,0.,0.,0.,0.,-1.,1.,0.;                                       0000067P0000038
124,0.,0.,-1.,-6.917415,0.,1.,0.,18.648917816,1.,0.,0.,29.;      0000069P0000039
110,-6.917415,18.648917816,30.,-47.917415,18.648917816,30.;      0000071P0000040
104,0.5,0.,1.,0.,-0.,-1.,0.,0.,-1.,1.414213562,0.;               0000073P0000041
124,0.707106781,0.,0.707106781,-47.917415,-0.707106781,-0.,      0000075P0000042
0.707106781,18.648917816,0.,-1.,0.,29.;                          0000075P0000043
110,-46.917415,17.648917816,29.,-6.917415,17.648917816,29.;      0000077P0000044
144,81,1,0,83;                                                   0000079P0000045
108,-0.,-0.,-1.,0.,0,-38.584081667,14.315584585,0.,0.;           0000081P0000046
142,0,81,0,85,2;                                                 0000083P0000047
102,8,87,89,91,93,95,97,99,101;                                  0000085P0000048
110,-46.917415,17.648917816,0.,-46.917415,-12.351082,0.;         0000087P0000049
110,-46.917415,-12.351082,0.,-56.917415,-12.351082,0.;           0000089P0000050
110,-56.917415,-12.351082,0.,-56.917415,27.648918,0.;            0000091P0000051
110,-56.917415,27.648918,0.,-46.917415,27.648918,0.;             0000093P0000052
110,-46.917415,27.648918,0.,-46.917415,27.648917816,0.;          0000095P0000053
110,-46.917415,27.648917816,0.,-6.917415,27.648917816,0.;        0000097P0000054
110,-6.917415,27.648917816,0.,-6.917415,17.648917816,0.;         0000099P0000055
110,-6.917415,17.648917816,0.,-46.917415,17.648917816,0.;        0000101P0000056
144,105,1,0,107;                                                 0000103P0000057
108,0.,0.,1.,30.,0,-38.584081667,14.315584585,30.,0.;            0000105P0000058
142,0,105,0,109,2;                                               0000107P0000059
102,6,111,113,115,117,119,121;                                   0000109P0000060
110,-49.417415,-12.351082,30.,-47.917415,-12.351082,30.;         0000111P0000061
110,-47.917415,-12.351082,30.,-47.917415,18.648917816,30.;       0000113P0000062
110,-47.917415,18.648917816,30.,-6.917415,18.648917816,30.;      0000115P0000063
110,-6.917415,18.648917816,30.,-6.917415,20.148917816,30.;       0000117P0000064
110,-6.917415,20.148917816,30.,-49.417415,20.148917816,30.;      0000119P0000065
110,-49.417415,20.148917816,30.,-49.417415,-12.351082,30.;       0000121P0000066
144,125,1,0,127;                                                 0000123P0000067
108,-0.,1.,-0.,27.648917816,0,-6.917415,27.648917816,0.,0.;      0000125P0000068
142,0,125,0,129,2;                                               0000127P0000069
102,4,131,133,135,137;                                           0000129P0000070
110,-46.917415,27.648917816,0.,-46.917415,27.648917816,          0000131P0000071
29.000607384;                                                    0000131P0000072
110,-46.917415,27.648917816,29.,-6.917415,27.648917816,29.;      0000133P0000073
110,-6.917415,27.648917816,29.000607384,-6.917415,27.648917816,  0000135P0000074
0.;                                                              0000135P0000075
110,-6.917415,27.648917816,0.,-46.917415,27.648917816,0.;        0000137P0000076
144,141,1,0,143;                                                 0000139P0000077
108,-0.,1.,-0.,20.148917816,0,-6.917415,20.148917816,32.833289,  0000141P0000078
0.;                                                              0000141P0000079
142,0,141,0,145,2;                                               0000143P0000080
102,4,147,149,151,153;                                           0000145P0000081
110,-49.417415,20.148917816,30.,-6.917415,20.148917816,30.;      0000147P0000082
110,-6.917415,20.148917816,30.,-6.917415,20.148917816,5.;        0000149P0000083
110,-6.917415,20.148917816,5.,-49.417415,20.148917816,5.;        0000151P0000084
110,-49.417415,20.148917816,5.,-49.417415,20.148917816,30.;      0000153P0000085
144,157,1,0,165;                                                 0000155P0000086
120,161,163,4.71238898,6.283185307;                              0000157P0000087
124,0.,-3.552713679E-16,-1.,-46.917415,0.,1.,-3.552713679E-16,   0000159P0000088
26.648918,1.,0.,0.,29.;                                          0000159P0000089
110,0.,0.,1.,0.,0.,0.;                                           0000161P0000090
110,1.,0.,-40.,1.,0.,10.;                                        0000163P0000091
142,0,157,0,167,2;                                               0000165P0000092
102,6,169,173,175,179,181,185;                                   0000167P0000093
100,0.,0.,0.,0.,1.,-0.999999816,6.073836722E-04;                 0000169P0000094
124,3.552713679E-16,0.,-1.,-6.917415,-1.,0.,-3.552713679E-16,    0000171P0000095
26.648918,0.,1.,0.,29.;                                          0000171P0000096
110,-6.917415,27.648917816,29.,-46.917415,27.648917816,29.;      0000173P0000097
100,0.,0.,0.,-0.999999816,6.073836722E-04,-1.,0.;                0000175P0000098
124,3.552713679E-16,0.,-1.,-46.917415,-1.,0.,-3.552713679E-16,   0000177P0000099
26.648918,0.,1.,0.,29.;                                          0000177P0000100
110,-46.917415,27.648918,29.,-56.917415,27.648918,29.;           0000179P0000101
104,0.5,0.,1.,0.,-0.,-1.,0.,1.414213562,0.,0.,1.;                0000181P0000102
124,-0.707106781,0.,0.707106781,-55.917415,0.707106781,0.,       0000183P0000103
0.707106781,26.648918,0.,1.,0.,29.;                              0000183P0000104
110,-55.917415,26.648918,30.,-6.917415,26.648918,30.;            0000185P0000105
144,189,1,0,191;                                                 0000187P0000106
108,0.,0.,1.,5.,0,-38.792414972,14.523917879,5.,0.;              0000189P0000107
142,0,189,0,193,2;                                               0000191P0000108
102,6,195,197,199,201,203,205;                                   0000193P0000109
110,-6.917415,20.148917816,5.,-6.917415,25.148917816,5.;         0000195P0000110
110,-6.917415,25.148917816,5.,-54.417415,25.148917816,5.;        0000197P0000111
110,-54.417415,25.148917816,5.,-54.417415,-12.351082,5.;         0000199P0000112
110,-54.417415,-12.351082,5.,-49.417415,-12.351082,5.;           0000201P0000113
110,-49.417415,-12.351082,5.,-49.417415,20.148917816,5.;         0000203P0000114
110,-49.417415,20.148917816,5.,-6.917415,20.148917816,5.;        0000205P0000115
144,209,1,0,211;                                                 0000207P0000116
108,0.,0.,1.,30.,0,-38.584081667,14.315584585,30.,0.;            0000209P0000117
142,0,209,0,213,2;                                               0000211P0000118
102,6,215,217,219,221,223,225;                                   0000213P0000119
110,-55.917415,-12.351082,30.,-54.417415,-12.351082,30.;         0000215P0000120
110,-54.417415,-12.351082,30.,-54.417415,25.148917816,30.;       0000217P0000121
110,-54.417415,25.148917816,30.,-6.917415,25.148917816,30.;      0000219P0000122
110,-6.917415,25.148917816,30.,-6.917415,26.648918,30.;          0000221P0000123
110,-6.917415,26.648918,30.,-55.917415,26.648918,30.;            0000223P0000124
110,-55.917415,26.648918,30.,-55.917415,-12.351082,30.;          0000225P0000125
144,229,1,0,231;                                                 0000227P0000126
108,-0.,-1.,-0.,-25.148917816,0,-6.917415,25.148917816,5.,0.;    0000229P0000127
142,0,229,0,233,2;                                               0000231P0000128
102,4,235,237,239,241;                                           0000233P0000129
110,-54.417415,25.148917816,5.,-6.917415,25.148917816,5.;        0000235P0000130
110,-6.917415,25.148917816,5.,-6.917415,25.148917816,30.;        0000237P0000131
110,-6.917415,25.148917816,30.,-54.417415,25.148917816,30.;      0000239P0000132
110,-54.417415,25.148917816,30.,-54.417415,25.148917816,5.;      0000241P0000133
144,245,1,0,247;                                                 0000243P0000134
108,1.,-0.,-0.,-46.917415,0,-46.917415,-12.351082,0.,0.;         0000245P0000135
142,0,245,0,249,2;                                               0000247P0000136
102,4,251,253,255,257;                                           0000249P0000137
110,-46.917415,17.648917816,0.,-46.917415,17.648917816,29.;      0000251P0000138
110,-46.917415,17.648917816,29.,-46.917415,-12.351082,29.;       0000253P0000139
110,-46.917415,-12.351082,29.,-46.917415,-12.351082,0.;          0000255P0000140
110,-46.917415,-12.351082,0.,-46.917415,17.648917816,0.;         0000257P0000141
144,261,1,0,269;                                                 0000259P0000142
120,265,267,4.71238898,6.283185307;                              0000261P0000143
124,0.,1.,0.,-47.917415,0.,0.,1.,-12.351082,1.,0.,0.,29.;        0000263P0000144
110,0.,0.,1.,0.,0.,0.;                                           0000265P0000145
110,1.,0.,-1.953992523E-15,1.,0.,30.999999816;                   0000267P0000146
142,0,261,0,271,2;                                               0000269P0000147
102,4,273,277,279,283;                                           0000271P0000148
100,0.,0.,0.,1.,0.,0.,1.;                                        0000273P0000149
124,0.,1.,0.,-47.917415,0.,0.,1.,-12.351082,1.,0.,0.,29.;        0000275P0000150
110,-46.917415,-12.351082,29.,-46.917415,17.648917816,29.;       0000277P0000151
104,0.5,0.,1.,0.,-0.,-1.,0.,1.414213562,0.,0.,1.;                0000279P0000152
124,0.707106781,0.,-0.707106781,-47.917415,-0.707106781,0.,      0000281P0000153
-0.707106781,18.648917816,0.,1.,0.,29.;                          0000281P0000154
110,-47.917415,18.648917816,30.,-47.917415,-12.351082,30.;       0000283P0000155
144,287,1,0,289;                                                 0000285P0000156
108,1.,-0.,-0.,-46.917415,0,-46.917415,27.648917816,0.,0.;       0000287P0000157
142,0,287,0,291,2;                                               0000289P0000158
102,4,293,295,299,301;                                           0000291P0000159
110,-46.917415,27.648918,0.,-46.917415,27.648918,29.;            0000293P0000160
100,0.,0.,0.,-1.,0.,-0.999999816,-6.073836722E-04;               0000295P0000161
124,3.552713679E-16,0.,1.,-46.917415,-1.,-0.,3.552713679E-16,    0000297P0000162
26.648918,0.,-1.,0.,29.;                                         0000297P0000163
110,-46.917415,27.648917816,29.000607384,-46.917415,             0000299P0000164
27.648917816,0.;                                                 0000299P0000165
110,-46.917415,27.648917816,0.,-46.917415,27.648918,0.;          0000301P0000166
144,305,1,0,307;                                                 0000303P0000167
108,-3.552713679E-16,1.,-0.,27.648918,0,-46.917415,27.648918,0., 0000305P0000168
0.;                                                              0000305P0000169
142,0,305,0,309,2;                                               0000307P0000170
102,4,311,313,315,317;                                           0000309P0000171
110,-56.917415,27.648918,0.,-56.917415,27.648918,29.;            0000311P0000172
110,-56.917415,27.648918,29.,-46.917415,27.648918,29.;           0000313P0000173
110,-46.917415,27.648918,29.,-46.917415,27.648918,0.;            0000315P0000174
110,-46.917415,27.648918,0.,-56.917415,27.648918,0.;             0000317P0000175
144,321,1,0,323;                                                 0000319P0000176
108,-1.,-0.,-0.,56.917415,0,-56.917415,27.648918,0.,0.;          0000321P0000177
142,0,321,0,325,2;                                               0000323P0000178
102,4,327,329,331,333;                                           0000325P0000179
110,-56.917415,-12.351082,0.,-56.917415,-12.351082,29.;          0000327P0000180
110,-56.917415,-12.351082,29.,-56.917415,27.648918,29.;          0000329P0000181
110,-56.917415,27.648918,29.,-56.917415,27.648918,0.;            0000331P0000182
110,-56.917415,27.648918,0.,-56.917415,-12.351082,0.;            0000333P0000183
144,337,1,0,339;                                                 0000335P0000184
108,1.776356839E-16,-1.,-0.,12.351082,0,-56.917415,-12.351082,   0000337P0000185
0.,0.;                                                           0000337P0000186
142,0,337,0,341,2;                                               0000339P0000187
102,10,343,345,347,351,353,355,357,361,363,365;                  0000341P0000188
110,-54.417415,-12.351082,5.,-54.417415,-12.351082,30.;          0000343P0000189
110,-54.417415,-12.351082,30.,-55.917415,-12.351082,30.;         0000345P0000190
100,0.,0.,0.,-1.,0.,0.,-1.;                                      0000347P0000191
124,0.,1.,0.,-55.917415,0.,0.,-1.,-12.351082,-1.,0.,0.,29.;      0000349P0000192
110,-56.917415,-12.351082,29.,-56.917415,-12.351082,0.;          0000351P0000193
110,-56.917415,-12.351082,0.,-46.917415,-12.351082,0.;           0000353P0000194
110,-46.917415,-12.351082,0.,-46.917415,-12.351082,29.;          0000355P0000195
100,0.,0.,0.,0.,-1.,1.,0.;                                       0000357P0000196
124,0.,-1.,0.,-47.917415,0.,0.,-1.,-12.351082,1.,0.,-0.,29.;     0000359P0000197
110,-47.917415,-12.351082,30.,-49.417415,-12.351082,30.;         0000361P0000198
110,-49.417415,-12.351082,30.,-49.417415,-12.351082,5.;          0000363P0000199
110,-49.417415,-12.351082,5.,-54.417415,-12.351082,5.;           0000365P0000200
144,369,1,0,371;                                                 0000367P0000201
108,-1.,-0.,-0.,49.417415,0,-49.417415,-12.351082,5.,0.;         0000369P0000202
142,0,369,0,373,2;                                               0000371P0000203
102,4,375,377,379,381;                                           0000373P0000204
110,-49.417415,20.148917816,5.,-49.417415,-12.351082,5.;         0000375P0000205
110,-49.417415,-12.351082,5.,-49.417415,-12.351082,30.;          0000377P0000206
110,-49.417415,-12.351082,30.,-49.417415,20.148917816,30.;       0000379P0000207
110,-49.417415,20.148917816,30.,-49.417415,20.148917816,5.;      0000381P0000208
144,385,1,0,393;                                                 0000383P0000209
120,389,391,4.71238898,6.283185307;                              0000385P0000210
124,0.,-1.,0.,-55.917415,0.,0.,-1.,27.648918,1.,0.,0.,29.;       0000387P0000211
110,0.,0.,1.,0.,0.,0.;                                           0000389P0000212
110,1.,0.,-3.552713679E-15,1.,0.,40.;                            0000391P0000213
142,0,385,0,395,2;                                               0000393P0000214
102,4,397,401,403,407;                                           0000395P0000215
104,0.5,0.,1.,0.,-0.,-1.,0.,0.,-1.,1.414213562,0.;               0000397P0000216
124,-0.707106781,0.,-0.707106781,-55.917415,0.707106781,0.,      0000399P0000217
-0.707106781,26.648918,0.,-1.,-0.,29.;                           0000399P0000218
110,-56.917415,27.648918,29.,-56.917415,-12.351082,29.;          0000401P0000219
100,0.,0.,0.,0.,1.,-1.,0.;                                       0000403P0000220
124,0.,-1.,0.,-55.917415,0.,0.,1.,-12.351082,-1.,-0.,0.,29.;     0000405P0000221
110,-55.917415,-12.351082,30.,-55.917415,26.648918,30.;          0000407P0000222
144,411,1,0,413;                                                 0000409P0000223
108,1.,0.,0.,-54.417415,0,-54.417415,6.398917908,17.5,0.;        0000411P0000224
142,0,411,0,415,2;                                               0000413P0000225
102,4,417,419,421,423;                                           0000415P0000226
110,-54.417415,-12.351082,30.,-54.417415,-12.351082,5.;          0000417P0000227
110,-54.417415,-12.351082,5.,-54.417415,25.148917816,5.;         0000419P0000228
110,-54.417415,25.148917816,5.,-54.417415,25.148917816,30.;      0000421P0000229
110,-54.417415,25.148917816,30.,-54.417415,-12.351082,30.;       0000423P0000230
402,10,427,443,459,475,491,507,523,539,555,579,0,1,2025;         0000425P0000231
144,429,1,0,431;                                                 0000427P0000232
108,-0.,-1.,-0.,-17.648917816,0,-46.917415,17.648917816,0.,0.;   0000429P0000233
142,0,429,0,433,2;                                               0000431P0000234
102,4,435,437,439,441;                                           0000433P0000235
110,-6.917415,17.648917816,30.,-46.917415,17.648917816,30.;      0000435P0000236
110,-46.917415,17.648917816,30.,-46.917415,17.648917816,0.;      0000437P0000237
110,-46.917415,17.648917816,0.,-6.917415,17.648917816,0.;        0000439P0000238
110,-6.917415,17.648917816,0.,-6.917415,17.648917816,30.;        0000441P0000239
144,445,1,0,447;                                                 0000443P0000240
108,1.,-0.,-0.,-6.917415,0,-6.917415,17.648917816,0.,0.;         0000445P0000241
142,0,445,0,449,2;                                               0000447P0000242
102,4,451,453,455,457;                                           0000449P0000243
110,-6.917415,27.648917816,30.,-6.917415,17.648917816,30.;       0000451P0000244
110,-6.917415,17.648917816,30.,-6.917415,17.648917816,0.;        0000453P0000245
110,-6.917415,17.648917816,0.,-6.917415,27.648917816,0.;         0000455P0000246
110,-6.917415,27.648917816,0.,-6.917415,27.648917816,30.;        0000457P0000247
144,461,1,0,463;                                                 0000459P0000248
108,-0.,1.,-0.,27.648917816,0,-6.917415,27.648917816,0.,0.;      0000461P0000249
142,0,461,0,465,2;                                               0000463P0000250
102,4,467,469,471,473;                                           0000465P0000251
110,-46.917415,27.648917816,30.,-6.917415,27.648917816,30.;      0000467P0000252
110,-6.917415,27.648917816,30.,-6.917415,27.648917816,0.;        0000469P0000253
110,-6.917415,27.648917816,0.,-46.917415,27.648917816,0.;        0000471P0000254
110,-46.917415,27.648917816,0.,-46.917415,27.648917816,30.;      0000473P0000255
144,477,1,0,479;                                                 0000475P0000256
108,1.,-0.,-0.,-46.917415,0,-46.917415,27.648917816,0.,0.;       0000477P0000257
142,0,477,0,481,2;                                               0000479P0000258
102,4,483,485,487,489;                                           0000481P0000259
110,-46.917415,27.648918,30.,-46.917415,27.648917816,30.;        0000483P0000260
110,-46.917415,27.648917816,30.,-46.917415,27.648917816,0.;      0000485P0000261
110,-46.917415,27.648917816,0.,-46.917415,27.648918,0.;          0000487P0000262
110,-46.917415,27.648918,0.,-46.917415,27.648918,30.;            0000489P0000263
144,493,1,0,495;                                                 0000491P0000264
108,-3.552713679E-16,1.,-0.,27.648918,0,-46.917415,27.648918,0., 0000493P0000265
0.;                                                              0000493P0000266
142,0,493,0,497,2;                                               0000495P0000267
102,4,499,501,503,505;                                           0000497P0000268
110,-56.917415,27.648918,30.,-46.917415,27.648918,30.;           0000499P0000269
110,-46.917415,27.648918,30.,-46.917415,27.648918,0.;            0000501P0000270
110,-46.917415,27.648918,0.,-56.917415,27.648918,0.;             0000503P0000271
110,-56.917415,27.648918,0.,-56.917415,27.648918,30.;            0000505P0000272
144,509,1,0,511;                                                 0000507P0000273
108,-1.,-0.,-0.,56.917415,0,-56.917415,27.648918,0.,0.;          0000509P0000274
142,0,509,0,513,2;                                               0000511P0000275
102,4,515,517,519,521;                                           0000513P0000276
110,-56.917415,-12.351082,30.,-56.917415,27.648918,30.;          0000515P0000277
110,-56.917415,27.648918,30.,-56.917415,27.648918,0.;            0000517P0000278
110,-56.917415,27.648918,0.,-56.917415,-12.351082,0.;            0000519P0000279
110,-56.917415,-12.351082,0.,-56.917415,-12.351082,30.;          0000521P0000280
144,525,1,0,527;                                                 0000523P0000281
108,1.776356839E-16,-1.,-0.,12.351082,0,-56.917415,-12.351082,   0000525P0000282
0.,0.;                                                           0000525P0000283
142,0,525,0,529,2;                                               0000527P0000284
102,4,531,533,535,537;                                           0000529P0000285
110,-46.917415,-12.351082,30.,-56.917415,-12.351082,30.;         0000531P0000286
110,-56.917415,-12.351082,30.,-56.917415,-12.351082,0.;          0000533P0000287
110,-56.917415,-12.351082,0.,-46.917415,-12.351082,0.;           0000535P0000288
110,-46.917415,-12.351082,0.,-46.917415,-12.351082,30.;          0000537P0000289
144,541,1,0,543;                                                 0000539P0000290
108,1.,-0.,-0.,-46.917415,0,-46.917415,-12.351082,0.,0.;         0000541P0000291
142,0,541,0,545,2;                                               0000543P0000292
102,4,547,549,551,553;                                           0000545P0000293
110,-46.917415,17.648917816,30.,-46.917415,-12.351082,30.;       0000547P0000294
110,-46.917415,-12.351082,30.,-46.917415,-12.351082,0.;          0000549P0000295
110,-46.917415,-12.351082,0.,-46.917415,17.648917816,0.;         0000551P0000296
110,-46.917415,17.648917816,0.,-46.917415,17.648917816,30.;      0000553P0000297
144,557,1,0,559;                                                 0000555P0000298
108,-0.,-0.,-1.,0.,0,-38.584081667,14.315584585,0.,0.;           0000557P0000299
142,0,557,0,561,2;                                               0000559P0000300
102,8,563,565,567,569,571,573,575,577;                           0000561P0000301
110,-46.917415,17.648917816,0.,-46.917415,-12.351082,0.;         0000563P0000302
110,-46.917415,-12.351082,0.,-56.917415,-12.351082,0.;           0000565P0000303
110,-56.917415,-12.351082,0.,-56.917415,27.648918,0.;            0000567P0000304
110,-56.917415,27.648918,0.,-46.917415,27.648918,0.;             0000569P0000305
110,-46.917415,27.648918,0.,-46.917415,27.648917816,0.;          0000571P0000306
110,-46.917415,27.648917816,0.,-6.917415,27.648917816,0.;        0000573P0000307
110,-6.917415,27.648917816,0.,-6.917415,17.648917816,0.;         0000575P0000308
110,-6.917415,17.648917816,0.,-46.917415,17.648917816,0.;        0000577P0000309
144,581,1,0,583;                                                 0000579P0000310
108,0.,0.,1.,30.,0,-38.584081667,14.315584585,30.,0.;            0000581P0000311
142,0,581,0,585,2;                                               0000583P0000312
102,8,587,589,591,593,595,597,599,601;                           0000585P0000313
110,-46.917415,17.648917816,30.,-6.917415,17.648917816,30.;      0000587P0000314
110,-6.917415,17.648917816,30.,-6.917415,27.648917816,30.;       0000589P0000315
110,-6.917415,27.648917816,30.,-46.917415,27.648917816,30.;      0000591P0000316
110,-46.917415,27.648917816,30.,-46.917415,27.648918,30.;        0000593P0000317
110,-46.917415,27.648918,30.,-56.917415,27.648918,30.;           0000595P0000318
110,-56.917415,27.648918,30.,-56.917415,-12.351082,30.;          0000597P0000319
110,-56.917415,-12.351082,30.,-46.917415,-12.351082,30.;         0000599P0000320
110,-46.917415,-12.351082,30.,-46.917415,17.648917816,30.;       0000601P0000321
402,14,605,621,637,653,677,709,733,749,765,781,797,813,829,845;  0000603P0000322
144,607,1,0,609;                                                 0000605P0000323
108,-0.,-1.,-0.,-17.648917816,0,-46.917415,17.648917816,0.,0.;   0000607P0000324
142,0,607,0,611,2;                                               0000609P0000325
102,4,613,615,617,619;                                           0000611P0000326
110,-6.917415,17.648917816,30.,-46.917415,17.648917816,30.;      0000613P0000327
110,-46.917415,17.648917816,30.,-46.917415,17.648917816,0.;      0000615P0000328
110,-46.917415,17.648917816,0.,-6.917415,17.648917816,0.;        0000617P0000329
110,-6.917415,17.648917816,0.,-6.917415,17.648917816,30.;        0000619P0000330
144,623,1,0,625;                                                 0000621P0000331
108,1.,-0.,-0.,-46.917415,0,-46.917415,-12.351082,0.,0.;         0000623P0000332
142,0,623,0,627,2;                                               0000625P0000333
102,4,629,631,633,635;                                           0000627P0000334
110,-46.917415,17.648917816,30.,-46.917415,-12.351082,30.;       0000629P0000335
110,-46.917415,-12.351082,30.,-46.917415,-12.351082,0.;          0000631P0000336
110,-46.917415,-12.351082,0.,-46.917415,17.648917816,0.;         0000633P0000337
110,-46.917415,17.648917816,0.,-46.917415,17.648917816,30.;      0000635P0000338
144,639,1,0,641;                                                 0000637P0000339
108,1.,-0.,-0.,-6.917415,0,-6.917415,17.648917816,0.,0.;         0000639P0000340
142,0,639,0,643,2;                                               0000641P0000341
102,4,645,647,649,651;                                           0000643P0000342
110,-6.917415,27.648917816,30.,-6.917415,17.648917816,30.;       0000645P0000343
110,-6.917415,17.648917816,30.,-6.917415,17.648917816,0.;        0000647P0000344
110,-6.917415,17.648917816,0.,-6.917415,27.648917816,0.;         0000649P0000345
110,-6.917415,27.648917816,0.,-6.917415,27.648917816,30.;        0000651P0000346
144,655,1,0,657;                                                 0000653P0000347
108,-0.,-0.,-1.,0.,0,-38.584081667,14.315584585,0.,0.;           0000655P0000348
142,0,655,0,659,2;                                               0000657P0000349
102,8,661,663,665,667,669,671,673,675;                           0000659P0000350
110,-46.917415,17.648917816,0.,-46.917415,-12.351082,0.;         0000661P0000351
110,-46.917415,-12.351082,0.,-56.917415,-12.351082,0.;           0000663P0000352
110,-56.917415,-12.351082,0.,-56.917415,27.648918,0.;            0000665P0000353
110,-56.917415,27.648918,0.,-46.917415,27.648918,0.;             0000667P0000354
110,-46.917415,27.648918,0.,-46.917415,27.648917816,0.;          0000669P0000355
110,-46.917415,27.648917816,0.,-6.917415,27.648917816,0.;        0000671P0000356
110,-6.917415,27.648917816,0.,-6.917415,17.648917816,0.;         0000673P0000357
110,-6.917415,17.648917816,0.,-46.917415,17.648917816,0.;        0000675P0000358
144,679,1,0,681;                                                 0000677P0000359
108,0.,0.,1.,30.,0,-38.584081667,14.315584585,30.,0.;            0000679P0000360
142,0,679,0,683,2;                                               0000681P0000361
102,12,685,687,689,691,693,695,697,699,701,703,705,707;          0000683P0000362
110,-46.917415,-12.351082,30.,-46.917415,17.648917816,30.;       0000685P0000363
110,-46.917415,17.648917816,30.,-6.917415,17.648917816,30.;      0000687P0000364
110,-6.917415,17.648917816,30.,-6.917415,27.648917816,30.;       0000689P0000365
110,-6.917415,27.648917816,30.,-46.917415,27.648917816,30.;      0000691P0000366
110,-46.917415,27.648917816,30.,-46.917415,27.648918,30.;        0000693P0000367
110,-46.917415,27.648918,30.,-56.917415,27.648918,30.;           0000695P0000368
110,-56.917415,27.648918,30.,-56.917415,-12.351082,30.;          0000697P0000369
110,-56.917415,-12.351082,30.,-54.417415,-12.351082,30.;         0000699P0000370
110,-54.417415,-12.351082,30.,-54.417415,24.648918,30.;          0000701P0000371
110,-54.417415,24.648918,30.,-49.417415,24.648918,30.;           0000703P0000372
110,-49.417415,24.648918,30.,-49.417415,-12.351082,30.;          0000705P0000373
110,-49.417415,-12.351082,30.,-46.917415,-12.351082,30.;         0000707P0000374
144,711,1,0,713;                                                 0000709P0000375
108,1.776356839E-16,-1.,-0.,12.351082,0,-56.917415,-12.351082,   0000711P0000376
0.,0.;                                                           0000711P0000377
142,0,711,0,715,2;                                               0000713P0000378
102,8,717,719,721,723,725,727,729,731;                           0000715P0000379
110,-56.917415,-12.351082,30.,-56.917415,-12.351082,0.;          0000717P0000380
110,-56.917415,-12.351082,0.,-46.917415,-12.351082,0.;           0000719P0000381
110,-46.917415,-12.351082,0.,-46.917415,-12.351082,30.;          0000721P0000382
110,-46.917415,-12.351082,30.,-49.417415,-12.351082,30.;         0000723P0000383
110,-49.417415,-12.351082,30.,-49.417415,-12.351082,5.;          0000725P0000384
110,-49.417415,-12.351082,5.,-54.417415,-12.351082,5.;           0000727P0000385
110,-54.417415,-12.351082,5.,-54.417415,-12.351082,30.;          0000729P0000386
110,-54.417415,-12.351082,30.,-56.917415,-12.351082,30.;         0000731P0000387
144,735,1,0,737;                                                 0000733P0000388
108,-0.,1.,-0.,27.648917816,0,-6.917415,27.648917816,0.,0.;      0000735P0000389
142,0,735,0,739,2;                                               0000737P0000390
102,4,741,743,745,747;                                           0000739P0000391
110,-46.917415,27.648917816,30.,-6.917415,27.648917816,30.;      0000741P0000392
110,-6.917415,27.648917816,30.,-6.917415,27.648917816,0.;        0000743P0000393
110,-6.917415,27.648917816,0.,-46.917415,27.648917816,0.;        0000745P0000394
110,-46.917415,27.648917816,0.,-46.917415,27.648917816,30.;      0000747P0000395
144,751,1,0,753;                                                 0000749P0000396
108,1.,-0.,-0.,-46.917415,0,-46.917415,27.648917816,0.,0.;       0000751P0000397
142,0,751,0,755,2;                                               0000753P0000398
102,4,757,759,761,763;                                           0000755P0000399
110,-46.917415,27.648918,30.,-46.917415,27.648917816,30.;        0000757P0000400
110,-46.917415,27.648917816,30.,-46.917415,27.648917816,0.;      0000759P0000401
110,-46.917415,27.648917816,0.,-46.917415,27.648918,0.;          0000761P0000402
110,-46.917415,27.648918,0.,-46.917415,27.648918,30.;            0000763P0000403
144,767,1,0,769;                                                 0000765P0000404
108,-3.552713679E-16,1.,-0.,27.648918,0,-46.917415,27.648918,0., 0000767P0000405
0.;                                                              0000767P0000406
142,0,767,0,771,2;                                               0000769P0000407
102,4,773,775,777,779;                                           0000771P0000408
110,-56.917415,27.648918,30.,-46.917415,27.648918,30.;           0000773P0000409
110,-46.917415,27.648918,30.,-46.917415,27.648918,0.;            0000775P0000410
110,-46.917415,27.648918,0.,-56.917415,27.648918,0.;             0000777P0000411
110,-56.917415,27.648918,0.,-56.917415,27.648918,30.;            0000779P0000412
144,783,1,0,785;                                                 0000781P0000413
108,-1.,-0.,-0.,56.917415,0,-56.917415,27.648918,0.,0.;          0000783P0000414
142,0,783,0,787,2;                                               0000785P0000415
102,4,789,791,793,795;                                           0000787P0000416
110,-56.917415,-12.351082,30.,-56.917415,27.648918,30.;          0000789P0000417
110,-56.917415,27.648918,30.,-56.917415,27.648918,0.;            0000791P0000418
110,-56.917415,27.648918,0.,-56.917415,-12.351082,0.;            0000793P0000419
110,-56.917415,-12.351082,0.,-56.917415,-12.351082,30.;          0000795P0000420
144,799,1,0,801;                                                 0000797P0000421
108,-1.,-0.,-0.,49.417415,0,-49.417415,-12.351082,5.,0.;         0000799P0000422
142,0,799,0,803,2;                                               0000801P0000423
102,4,805,807,809,811;                                           0000803P0000424
110,-49.417415,24.648918,5.,-49.417415,-12.351082,5.;            0000805P0000425
110,-49.417415,-12.351082,5.,-49.417415,-12.351082,30.;          0000807P0000426
110,-49.417415,-12.351082,30.,-49.417415,24.648918,30.;          0000809P0000427
110,-49.417415,24.648918,30.,-49.417415,24.648918,5.;            0000811P0000428
144,815,1,0,817;                                                 0000813P0000429
108,-0.,-1.,-0.,-24.648918,0,-51.917415,24.648918,21.4306095,0.; 0000815P0000430
142,0,815,0,819,2;                                               0000817P0000431
102,4,821,823,825,827;                                           0000819P0000432
110,-49.417415,24.648918,30.,-54.417415,24.648918,30.;           0000821P0000433
110,-54.417415,24.648918,30.,-54.417415,24.648918,5.;            0000823P0000434
110,-54.417415,24.648918,5.,-49.417415,24.648918,5.;             0000825P0000435
110,-49.417415,24.648918,5.,-49.417415,24.648918,30.;            0000827P0000436
144,831,1,0,833;                                                 0000829P0000437
108,1.,-0.,-0.,-54.417415,0,-54.417415,-12.351082,37.861219,0.;  0000831P0000438
142,0,831,0,835,2;                                               0000833P0000439
102,4,837,839,841,843;                                           0000835P0000440
110,-54.417415,24.648918,30.,-54.417415,-12.351082,30.;          0000837P0000441
110,-54.417415,-12.351082,30.,-54.417415,-12.351082,5.;          0000839P0000442
110,-54.417415,-12.351082,5.,-54.417415,24.648918,5.;            0000841P0000443
110,-54.417415,24.648918,5.,-54.417415,24.648918,30.;            0000843P0000444
144,847,1,0,849;                                                 0000845P0000445
108,-0.,2.220446049E-16,1.,5.,0,-54.417415,-12.351082,5.,0.;     0000847P0000446
142,0,847,0,851,2;                                               0000849P0000447
102,4,853,855,857,859;                                           0000851P0000448
110,-49.417415,24.648918,5.,-54.417415,24.648918,5.;             0000853P0000449
110,-54.417415,24.648918,5.,-54.417415,-12.351082,5.;            0000855P0000450
110,-54.417415,-12.351082,5.,-49.417415,-12.351082,5.;           0000857P0000451
110,-49.417415,-12.351082,5.,-49.417415,24.648918,5.;            0000859P0000452
402,16,863,879,895,919,943,963,987,1003,1027,1043,1059,1075,     0000861P0000453
1091,1107,1123,1143;                                             0000861P0000454
144,865,1,0,867;                                                 0000863P0000455
108,-0.,-1.,-0.,-17.648917816,0,-46.917415,17.648917816,0.,0.;   0000865P0000456
142,0,865,0,869,2;                                               0000867P0000457
102,4,871,873,875,877;                                           0000869P0000458
110,-6.917415,17.648917816,30.,-46.917415,17.648917816,30.;      0000871P0000459
110,-46.917415,17.648917816,30.,-46.917415,17.648917816,0.;      0000873P0000460
110,-46.917415,17.648917816,0.,-6.917415,17.648917816,0.;        0000875P0000461
110,-6.917415,17.648917816,0.,-6.917415,17.648917816,30.;        0000877P0000462
144,881,1,0,883;                                                 0000879P0000463
108,1.,-0.,-0.,-46.917415,0,-46.917415,-12.351082,0.,0.;         0000881P0000464
142,0,881,0,885,2;                                               0000883P0000465
102,4,887,889,891,893;                                           0000885P0000466
110,-46.917415,17.648917816,30.,-46.917415,-12.351082,30.;       0000887P0000467
110,-46.917415,-12.351082,30.,-46.917415,-12.351082,0.;          0000889P0000468
110,-46.917415,-12.351082,0.,-46.917415,17.648917816,0.;         0000891P0000469
110,-46.917415,17.648917816,0.,-46.917415,17.648917816,30.;      0000893P0000470
144,897,1,0,899;                                                 0000895P0000471
108,1.,-0.,-0.,-6.917415,0,-6.917415,17.648917816,0.,0.;         0000897P0000472
142,0,897,0,901,2;                                               0000899P0000473
102,8,903,905,907,909,911,913,915,917;                           0000901P0000474
110,-6.917415,17.648917816,30.,-6.917415,17.648917816,0.;        0000903P0000475
110,-6.917415,17.648917816,0.,-6.917415,27.648917816,0.;         0000905P0000476
110,-6.917415,27.648917816,0.,-6.917415,27.648917816,30.;        0000907P0000477
110,-6.917415,27.648917816,30.,-6.917415,25.148917816,30.;       0000909P0000478
110,-6.917415,25.148917816,30.,-6.917415,25.148917816,5.;        0000911P0000479
110,-6.917415,25.148917816,5.,-6.917415,20.148917816,5.;         0000913P0000480
110,-6.917415,20.148917816,5.,-6.917415,20.148917816,30.;        0000915P0000481
110,-6.917415,20.148917816,30.,-6.917415,17.648917816,30.;       0000917P0000482
144,921,1,0,923;                                                 0000919P0000483
108,-0.,-0.,-1.,0.,0,-38.584081667,14.315584585,0.,0.;           0000921P0000484
142,0,921,0,925,2;                                               0000923P0000485
102,8,927,929,931,933,935,937,939,941;                           0000925P0000486
110,-46.917415,17.648917816,0.,-46.917415,-12.351082,0.;         0000927P0000487
110,-46.917415,-12.351082,0.,-56.917415,-12.351082,0.;           0000929P0000488
110,-56.917415,-12.351082,0.,-56.917415,27.648918,0.;            0000931P0000489
110,-56.917415,27.648918,0.,-46.917415,27.648918,0.;             0000933P0000490
110,-46.917415,27.648918,0.,-46.917415,27.648917816,0.;          0000935P0000491
110,-46.917415,27.648917816,0.,-6.917415,27.648917816,0.;        0000937P0000492
110,-6.917415,27.648917816,0.,-6.917415,17.648917816,0.;         0000939P0000493
110,-6.917415,17.648917816,0.,-46.917415,17.648917816,0.;        0000941P0000494
144,945,1,0,947;                                                 0000943P0000495
108,0.,0.,1.,30.,0,-38.584081667,14.315584585,30.,0.;            0000945P0000496
142,0,945,0,949,2;                                               0000947P0000497
102,6,951,953,955,957,959,961;                                   0000949P0000498
110,-49.417415,-12.351082,30.,-46.917415,-12.351082,30.;         0000951P0000499
110,-46.917415,-12.351082,30.,-46.917415,17.648917816,30.;       0000953P0000500
110,-46.917415,17.648917816,30.,-6.917415,17.648917816,30.;      0000955P0000501
110,-6.917415,17.648917816,30.,-6.917415,20.148917816,30.;       0000957P0000502
110,-6.917415,20.148917816,30.,-49.417415,20.148917816,30.;      0000959P0000503
110,-49.417415,20.148917816,30.,-49.417415,-12.351082,30.;       0000961P0000504
144,965,1,0,967;                                                 0000963P0000505
108,1.776356839E-16,-1.,-0.,12.351082,0,-56.917415,-12.351082,   0000965P0000506
0.,0.;                                                           0000965P0000507
142,0,965,0,969,2;                                               0000967P0000508
102,8,971,973,975,977,979,981,983,985;                           0000969P0000509
110,-56.917415,-12.351082,30.,-56.917415,-12.351082,0.;          0000971P0000510
110,-56.917415,-12.351082,0.,-46.917415,-12.351082,0.;           0000973P0000511
110,-46.917415,-12.351082,0.,-46.917415,-12.351082,30.;          0000975P0000512
110,-46.917415,-12.351082,30.,-49.417415,-12.351082,30.;         0000977P0000513
110,-49.417415,-12.351082,30.,-49.417415,-12.351082,5.;          0000979P0000514
110,-49.417415,-12.351082,5.,-54.417415,-12.351082,5.;           0000981P0000515
110,-54.417415,-12.351082,5.,-54.417415,-12.351082,30.;          0000983P0000516
110,-54.417415,-12.351082,30.,-56.917415,-12.351082,30.;         0000985P0000517
144,989,1,0,991;                                                 0000987P0000518
108,-0.,1.,-0.,27.648917816,0,-6.917415,27.648917816,0.,0.;      0000989P0000519
142,0,989,0,993,2;                                               0000991P0000520
102,4,995,997,999,1001;                                          0000993P0000521
110,-46.917415,27.648917816,30.,-6.917415,27.648917816,30.;      0000995P0000522
110,-6.917415,27.648917816,30.,-6.917415,27.648917816,0.;        0000997P0000523
110,-6.917415,27.648917816,0.,-46.917415,27.648917816,0.;        0000999P0000524
110,-46.917415,27.648917816,0.,-46.917415,27.648917816,30.;      0001001P0000525
144,1005,1,0,1007;                                               0001003P0000526
108,0.,0.,1.,30.,0,-38.584081667,14.315584585,30.,0.;            0001005P0000527
142,0,1005,0,1009,2;                                             0001007P0000528
102,8,1011,1013,1015,1017,1019,1021,1023,1025;                   0001009P0000529
110,-54.417415,25.148917816,30.,-6.917415,25.148917816,30.;      0001011P0000530
110,-6.917415,25.148917816,30.,-6.917415,27.648917816,30.;       0001013P0000531
110,-6.917415,27.648917816,30.,-46.917415,27.648917816,30.;      0001015P0000532
110,-46.917415,27.648917816,30.,-46.917415,27.648918,30.;        0001017P0000533
110,-46.917415,27.648918,30.,-56.917415,27.648918,30.;           0001019P0000534
110,-56.917415,27.648918,30.,-56.917415,-12.351082,30.;          0001021P0000535
110,-56.917415,-12.351082,30.,-54.417415,-12.351082,30.;         0001023P0000536
110,-54.417415,-12.351082,30.,-54.417415,25.148917816,30.;       0001025P0000537
144,1029,1,0,1031;                                               0001027P0000538
108,-0.,-1.,-0.,-25.148917816,0,-6.917415,25.148917816,5.,0.;    0001029P0000539
142,0,1029,0,1033,2;                                             0001031P0000540
102,4,1035,1037,1039,1041;                                       0001033P0000541
110,-54.417415,25.148917816,5.,-6.917415,25.148917816,5.;        0001035P0000542
110,-6.917415,25.148917816,5.,-6.917415,25.148917816,30.;        0001037P0000543
110,-6.917415,25.148917816,30.,-54.417415,25.148917816,30.;      0001039P0000544
110,-54.417415,25.148917816,30.,-54.417415,25.148917816,5.;      0001041P0000545
144,1045,1,0,1047;                                               0001043P0000546
108,-0.,1.,-0.,20.148917816,0,-6.917415,20.148917816,32.833289,  0001045P0000547
0.;                                                              0001045P0000548
142,0,1045,0,1049,2;                                             0001047P0000549
102,4,1051,1053,1055,1057;                                       0001049P0000550
110,-49.417415,20.148917816,30.,-6.917415,20.148917816,30.;      0001051P0000551
110,-6.917415,20.148917816,30.,-6.917415,20.148917816,5.;        0001053P0000552
110,-6.917415,20.148917816,5.,-49.417415,20.148917816,5.;        0001055P0000553
110,-49.417415,20.148917816,5.,-49.417415,20.148917816,30.;      0001057P0000554
144,1061,1,0,1063;                                               0001059P0000555
108,1.,-0.,-0.,-46.917415,0,-46.917415,27.648917816,0.,0.;       0001061P0000556
142,0,1061,0,1065,2;                                             0001063P0000557
102,4,1067,1069,1071,1073;                                       0001065P0000558
110,-46.917415,27.648918,30.,-46.917415,27.648917816,30.;        0001067P0000559
110,-46.917415,27.648917816,30.,-46.917415,27.648917816,0.;      0001069P0000560
110,-46.917415,27.648917816,0.,-46.917415,27.648918,0.;          0001071P0000561
110,-46.917415,27.648918,0.,-46.917415,27.648918,30.;            0001073P0000562
144,1077,1,0,1079;                                               0001075P0000563
108,-3.552713679E-16,1.,-0.,27.648918,0,-46.917415,27.648918,0., 0001077P0000564
0.;                                                              0001077P0000565
142,0,1077,0,1081,2;                                             0001079P0000566
102,4,1083,1085,1087,1089;                                       0001081P0000567
110,-56.917415,27.648918,30.,-46.917415,27.648918,30.;           0001083P0000568
110,-46.917415,27.648918,30.,-46.917415,27.648918,0.;            0001085P0000569
110,-46.917415,27.648918,0.,-56.917415,27.648918,0.;             0001087P0000570
110,-56.917415,27.648918,0.,-56.917415,27.648918,30.;            0001089P0000571
144,1093,1,0,1095;                                               0001091P0000572
108,-1.,-0.,-0.,56.917415,0,-56.917415,27.648918,0.,0.;          0001093P0000573
142,0,1093,0,1097,2;                                             0001095P0000574
102,4,1099,1101,1103,1105;                                       0001097P0000575
110,-56.917415,-12.351082,30.,-56.917415,27.648918,30.;          0001099P0000576
110,-56.917415,27.648918,30.,-56.917415,27.648918,0.;            0001101P0000577
110,-56.917415,27.648918,0.,-56.917415,-12.351082,0.;            0001103P0000578
110,-56.917415,-12.351082,0.,-56.917415,-12.351082,30.;          0001105P0000579
144,1109,1,0,1111;                                               0001107P0000580
108,-1.,-0.,-0.,49.417415,0,-49.417415,-12.351082,5.,0.;         0001109P0000581
142,0,1109,0,1113,2;                                             0001111P0000582
102,4,1115,1117,1119,1121;                                       0001113P0000583
110,-49.417415,20.148917816,5.,-49.417415,-12.351082,5.;         0001115P0000584
110,-49.417415,-12.351082,5.,-49.417415,-12.351082,30.;          0001117P0000585
110,-49.417415,-12.351082,30.,-49.417415,20.148917816,30.;       0001119P0000586
110,-49.417415,20.148917816,30.,-49.417415,20.148917816,5.;      0001121P0000587
144,1125,1,0,1127;                                               0001123P0000588
108,0.,0.,1.,5.,0,-38.792414972,14.523917879,5.,0.;              0001125P0000589
142,0,1125,0,1129,2;                                             0001127P0000590
102,6,1131,1133,1135,1137,1139,1141;                             0001129P0000591
110,-6.917415,20.148917816,5.,-6.917415,25.148917816,5.;         0001131P0000592
110,-6.917415,25.148917816,5.,-54.417415,25.148917816,5.;        0001133P0000593
110,-54.417415,25.148917816,5.,-54.417415,-12.351082,5.;         0001135P0000594
110,-54.417415,-12.351082,5.,-49.417415,-12.351082,5.;           0001137P0000595
110,-49.417415,-12.351082,5.,-49.417415,20.148917816,5.;         0001139P0000596
110,-49.417415,20.148917816,5.,-6.917415,20.148917816,5.;        0001141P0000597
144,1145,1,0,1147;                                               0001143P0000598
108,1.,0.,0.,-54.417415,0,-54.417415,6.398917908,17.5,0.;        0001145P0000599
142,0,1145,0,1149,2;                                             0001147P0000600
102,4,1151,1153,1155,1157;                                       0001149P0000601
110,-54.417415,-12.351082,30.,-54.417415,-12.351082,5.;          0001151P0000602
110,-54.417415,-12.351082,5.,-54.417415,25.148917816,5.;         0001153P0000603
110,-54.417415,25.148917816,5.,-54.417415,25.148917816,30.;      0001155P0000604
110,-54.417415,25.148917816,30.,-54.417415,-12.351082,30.;       0001157P0000605
402,18,1161,1189,1205,1237,1261,1281,1297,1313,1333,1353,1369,   0001159P0000606
1387,1413,1429,1445,1473,1489,1505;                              0001159P0000607
144,1163,1,0,1165;                                               0001161P0000608
108,1.,-0.,-0.,-6.917415,0,-6.917415,17.648917816,0.,0.;         0001163P0000609
142,0,1163,0,1167,2;                                             0001165P0000610
102,9,1169,1171,1173,1175,1177,1179,1183,1185,1187;              0001167P0000611
110,-6.917415,20.148917816,5.,-6.917415,20.148917816,30.;        0001169P0000612
110,-6.917415,20.148917816,30.,-6.917415,17.648917816,30.;       0001171P0000613
110,-6.917415,17.648917816,30.,-6.917415,17.648917816,0.;        0001173P0000614
110,-6.917415,17.648917816,0.,-6.917415,27.648917816,0.;         0001175P0000615
110,-6.917415,27.648917816,0.,-6.917415,27.648917816,            0001177P0000616
29.000607384;                                                    0001177P0000617
100,0.,0.,0.,-0.999999816,-6.073836722E-04,0.,-1.;               0001179P0000618
124,3.552713679E-16,0.,1.,-6.917415,-1.,-0.,3.552713679E-16,     0001181P0000619
26.648918,0.,-1.,0.,29.;                                         0001181P0000620
110,-6.917415,26.648918,30.,-6.917415,25.148917816,30.;          0001183P0000621
110,-6.917415,25.148917816,30.,-6.917415,25.148917816,5.;        0001185P0000622
110,-6.917415,25.148917816,5.,-6.917415,20.148917816,5.;         0001187P0000623
144,1191,1,0,1193;                                               0001189P0000624
108,-0.,1.,-0.,27.648917816,0,-6.917415,27.648917816,0.,0.;      0001191P0000625
142,0,1191,0,1195,2;                                             0001193P0000626
102,4,1197,1199,1201,1203;                                       0001195P0000627
110,-46.917415,27.648917816,0.,-46.917415,27.648917816,          0001197P0000628
29.000607384;                                                    0001197P0000629
110,-46.917415,27.648917816,29.,-6.917415,27.648917816,29.;      0001199P0000630
110,-6.917415,27.648917816,29.000607384,-6.917415,27.648917816,  0001201P0000631
0.;                                                              0001201P0000632
110,-6.917415,27.648917816,0.,-46.917415,27.648917816,0.;        0001203P0000633
144,1207,1,0,1215;                                               0001205P0000634
120,1211,1213,4.71238898,6.283185307;                            0001207P0000635
124,0.,-3.552713679E-16,-1.,-46.917415,0.,1.,-3.552713679E-16,   0001209P0000636
26.648918,1.,0.,0.,29.;                                          0001209P0000637
110,0.,0.,1.,0.,0.,0.;                                           0001211P0000638
110,1.,0.,-40.,1.,0.,10.;                                        0001213P0000639
142,0,1207,0,1217,2;                                             0001215P0000640
102,6,1219,1223,1225,1229,1231,1235;                             0001217P0000641
100,0.,0.,0.,0.,1.,-0.999999816,6.073836722E-04;                 0001219P0000642
124,3.552713679E-16,0.,-1.,-6.917415,-1.,0.,-3.552713679E-16,    0001221P0000643
26.648918,0.,1.,0.,29.;                                          0001221P0000644
110,-6.917415,27.648917816,29.,-46.917415,27.648917816,29.;      0001223P0000645
100,0.,0.,0.,-0.999999816,6.073836722E-04,-1.,0.;                0001225P0000646
124,3.552713679E-16,0.,-1.,-46.917415,-1.,0.,-3.552713679E-16,   0001227P0000647
26.648918,0.,1.,0.,29.;                                          0001227P0000648
110,-46.917415,27.648918,29.,-56.917415,27.648918,29.;           0001229P0000649
104,0.5,0.,1.,0.,-0.,-1.,0.,1.414213562,0.,0.,1.;                0001231P0000650
124,-0.707106781,0.,0.707106781,-55.917415,0.707106781,0.,       0001233P0000651
0.707106781,26.648918,0.,1.,0.,29.;                              0001233P0000652
110,-55.917415,26.648918,30.,-6.917415,26.648918,30.;            0001235P0000653
144,1239,1,0,1241;                                               0001237P0000654
108,-0.,-0.,-1.,0.,0,-38.584081667,14.315584585,0.,0.;           0001239P0000655
142,0,1239,0,1243,2;                                             0001241P0000656
102,8,1245,1247,1249,1251,1253,1255,1257,1259;                   0001243P0000657
110,-46.917415,17.648917816,0.,-46.917415,-12.351082,0.;         0001245P0000658
110,-46.917415,-12.351082,0.,-56.917415,-12.351082,0.;           0001247P0000659
110,-56.917415,-12.351082,0.,-56.917415,27.648918,0.;            0001249P0000660
110,-56.917415,27.648918,0.,-46.917415,27.648918,0.;             0001251P0000661
110,-46.917415,27.648918,0.,-46.917415,27.648917816,0.;          0001253P0000662
110,-46.917415,27.648917816,0.,-6.917415,27.648917816,0.;        0001255P0000663
110,-6.917415,27.648917816,0.,-6.917415,17.648917816,0.;         0001257P0000664
110,-6.917415,17.648917816,0.,-46.917415,17.648917816,0.;        0001259P0000665
144,1263,1,0,1265;                                               0001261P0000666
108,0.,0.,1.,30.,0,-38.584081667,14.315584585,30.,0.;            0001263P0000667
142,0,1263,0,1267,2;                                             0001265P0000668
102,6,1269,1271,1273,1275,1277,1279;                             0001267P0000669
110,-55.917415,-12.351082,30.,-54.417415,-12.351082,30.;         0001269P0000670
110,-54.417415,-12.351082,30.,-54.417415,25.148917816,30.;       0001271P0000671
110,-54.417415,25.148917816,30.,-6.917415,25.148917816,30.;      0001273P0000672
110,-6.917415,25.148917816,30.,-6.917415,26.648918,30.;          0001275P0000673
110,-6.917415,26.648918,30.,-55.917415,26.648918,30.;            0001277P0000674
110,-55.917415,26.648918,30.,-55.917415,-12.351082,30.;          0001279P0000675
144,1283,1,0,1285;                                               0001281P0000676
108,-0.,-1.,-0.,-17.648917816,0,-46.917415,17.648917816,0.,0.;   0001283P0000677
142,0,1283,0,1287,2;                                             0001285P0000678
102,4,1289,1291,1293,1295;                                       0001287P0000679
110,-6.917415,17.648917816,30.,-46.917415,17.648917816,30.;      0001289P0000680
110,-46.917415,17.648917816,30.,-46.917415,17.648917816,0.;      0001291P0000681
110,-46.917415,17.648917816,0.,-6.917415,17.648917816,0.;        0001293P0000682
110,-6.917415,17.648917816,0.,-6.917415,17.648917816,30.;        0001295P0000683
144,1299,1,0,1301;                                               0001297P0000684
108,-0.,-1.,-0.,-25.148917816,0,-6.917415,25.148917816,5.,0.;    0001299P0000685
142,0,1299,0,1303,2;                                             0001301P0000686
102,4,1305,1307,1309,1311;                                       0001303P0000687
110,-54.417415,25.148917816,5.,-6.917415,25.148917816,5.;        0001305P0000688
110,-6.917415,25.148917816,5.,-6.917415,25.148917816,30.;        0001307P0000689
110,-6.917415,25.148917816,30.,-54.417415,25.148917816,30.;      0001309P0000690
110,-54.417415,25.148917816,30.,-54.417415,25.148917816,5.;      0001311P0000691
144,1315,1,0,1317;                                               0001313P0000692
108,0.,0.,1.,30.,0,-38.584081667,14.315584585,30.,0.;            0001315P0000693
142,0,1315,0,1319,2;                                             0001317P0000694
102,6,1321,1323,1325,1327,1329,1331;                             0001319P0000695
110,-49.417415,-12.351082,30.,-46.917415,-12.351082,30.;         0001321P0000696
110,-46.917415,-12.351082,30.,-46.917415,17.648917816,30.;       0001323P0000697
110,-46.917415,17.648917816,30.,-6.917415,17.648917816,30.;      0001325P0000698
110,-6.917415,17.648917816,30.,-6.917415,20.148917816,30.;       0001327P0000699
110,-6.917415,20.148917816,30.,-49.417415,20.148917816,30.;      0001329P0000700
110,-49.417415,20.148917816,30.,-49.417415,-12.351082,30.;       0001331P0000701
144,1335,1,0,1337;                                               0001333P0000702
108,0.,0.,1.,5.,0,-38.792414972,14.523917879,5.,0.;              0001335P0000703
142,0,1335,0,1339,2;                                             0001337P0000704
102,6,1341,1343,1345,1347,1349,1351;                             0001339P0000705
110,-6.917415,20.148917816,5.,-6.917415,25.148917816,5.;         0001341P0000706
110,-6.917415,25.148917816,5.,-54.417415,25.148917816,5.;        0001343P0000707
110,-54.417415,25.148917816,5.,-54.417415,-12.351082,5.;         0001345P0000708
110,-54.417415,-12.351082,5.,-49.417415,-12.351082,5.;           0001347P0000709
110,-49.417415,-12.351082,5.,-49.417415,20.148917816,5.;         0001349P0000710
110,-49.417415,20.148917816,5.,-6.917415,20.148917816,5.;        0001351P0000711
144,1355,1,0,1357;                                               0001353P0000712
108,-0.,1.,-0.,20.148917816,0,-6.917415,20.148917816,32.833289,  0001355P0000713
0.;                                                              0001355P0000714
142,0,1355,0,1359,2;                                             0001357P0000715
102,4,1361,1363,1365,1367;                                       0001359P0000716
110,-49.417415,20.148917816,30.,-6.917415,20.148917816,30.;      0001361P0000717
110,-6.917415,20.148917816,30.,-6.917415,20.148917816,5.;        0001363P0000718
110,-6.917415,20.148917816,5.,-49.417415,20.148917816,5.;        0001365P0000719
110,-49.417415,20.148917816,5.,-49.417415,20.148917816,30.;      0001367P0000720
144,1371,1,0,1373;                                               0001369P0000721
108,1.,-0.,-0.,-46.917415,0,-46.917415,27.648917816,0.,0.;       0001371P0000722
142,0,1371,0,1375,2;                                             0001373P0000723
102,4,1377,1379,1383,1385;                                       0001375P0000724
110,-46.917415,27.648918,0.,-46.917415,27.648918,29.;            0001377P0000725
100,0.,0.,0.,-1.,0.,-0.999999816,-6.073836722E-04;               0001379P0000726
124,3.552713679E-16,0.,1.,-46.917415,-1.,-0.,3.552713679E-16,    0001381P0000727
26.648918,0.,-1.,0.,29.;                                         0001381P0000728
110,-46.917415,27.648917816,29.000607384,-46.917415,             0001383P0000729
27.648917816,0.;                                                 0001383P0000730
110,-46.917415,27.648917816,0.,-46.917415,27.648918,0.;          0001385P0000731
144,1389,1,0,1397;                                               0001387P0000732
120,1393,1395,4.71238898,6.283185307;                            0001389P0000733
124,0.,-1.,0.,-55.917415,0.,0.,-1.,27.648918,1.,0.,0.,29.;       0001391P0000734
110,0.,0.,1.,0.,0.,0.;                                           0001393P0000735
110,1.,0.,-3.552713679E-15,1.,0.,40.;                            0001395P0000736
142,0,1389,0,1399,2;                                             0001397P0000737
102,4,1401,1405,1407,1411;                                       0001399P0000738
104,0.5,0.,1.,0.,-0.,-1.,0.,0.,-1.,1.414213562,0.;               0001401P0000739
124,-0.707106781,0.,-0.707106781,-55.917415,0.707106781,0.,      0001403P0000740
-0.707106781,26.648918,0.,-1.,-0.,29.;                           0001403P0000741
110,-56.917415,27.648918,29.,-56.917415,-12.351082,29.;          0001405P0000742
100,0.,0.,0.,0.,1.,-1.,0.;                                       0001407P0000743
124,0.,-1.,0.,-55.917415,0.,0.,1.,-12.351082,-1.,-0.,0.,29.;     0001409P0000744
110,-55.917415,-12.351082,30.,-55.917415,26.648918,30.;          0001411P0000745
144,1415,1,0,1417;                                               0001413P0000746
108,-3.552713679E-16,1.,-0.,27.648918,0,-46.917415,27.648918,0., 0001415P0000747
0.;                                                              0001415P0000748
142,0,1415,0,1419,2;                                             0001417P0000749
102,4,1421,1423,1425,1427;                                       0001419P0000750
110,-56.917415,27.648918,0.,-56.917415,27.648918,29.;            0001421P0000751
110,-56.917415,27.648918,29.,-46.917415,27.648918,29.;           0001423P0000752
110,-46.917415,27.648918,29.,-46.917415,27.648918,0.;            0001425P0000753
110,-46.917415,27.648918,0.,-56.917415,27.648918,0.;             0001427P0000754
144,1431,1,0,1433;                                               0001429P0000755
108,-1.,-0.,-0.,56.917415,0,-56.917415,27.648918,0.,0.;          0001431P0000756
142,0,1431,0,1435,2;                                             0001433P0000757
102,4,1437,1439,1441,1443;                                       0001435P0000758
110,-56.917415,-12.351082,0.,-56.917415,-12.351082,29.;          0001437P0000759
110,-56.917415,-12.351082,29.,-56.917415,27.648918,29.;          0001439P0000760
110,-56.917415,27.648918,29.,-56.917415,27.648918,0.;            0001441P0000761
110,-56.917415,27.648918,0.,-56.917415,-12.351082,0.;            0001443P0000762
144,1447,1,0,1449;                                               0001445P0000763
108,1.776356839E-16,-1.,-0.,12.351082,0,-56.917415,-12.351082,   0001447P0000764
0.,0.;                                                           0001447P0000765
142,0,1447,0,1451,2;                                             0001449P0000766
102,9,1453,1455,1457,1459,1461,1463,1467,1469,1471;              0001451P0000767
110,-46.917415,-12.351082,30.,-49.417415,-12.351082,30.;         0001453P0000768
110,-49.417415,-12.351082,30.,-49.417415,-12.351082,5.;          0001455P0000769
110,-49.417415,-12.351082,5.,-54.417415,-12.351082,5.;           0001457P0000770
110,-54.417415,-12.351082,5.,-54.417415,-12.351082,30.;          0001459P0000771
110,-54.417415,-12.351082,30.,-55.917415,-12.351082,30.;         0001461P0000772
100,0.,0.,0.,-1.,0.,0.,-1.;                                      0001463P0000773
124,0.,1.,0.,-55.917415,0.,0.,-1.,-12.351082,-1.,0.,0.,29.;      0001465P0000774
110,-56.917415,-12.351082,29.,-56.917415,-12.351082,0.;          0001467P0000775
110,-56.917415,-12.351082,0.,-46.917415,-12.351082,0.;           0001469P0000776
110,-46.917415,-12.351082,0.,-46.917415,-12.351082,30.;          0001471P0000777
144,1475,1,0,1477;                                               0001473P0000778
108,1.,-0.,-0.,-46.917415,0,-46.917415,-12.351082,0.,0.;         0001475P0000779
142,0,1475,0,1479,2;                                             0001477P0000780
102,4,1481,1483,1485,1487;                                       0001479P0000781
110,-46.917415,17.648917816,30.,-46.917415,-12.351082,30.;       0001481P0000782
110,-46.917415,-12.351082,30.,-46.917415,-12.351082,0.;          0001483P0000783
110,-46.917415,-12.351082,0.,-46.917415,17.648917816,0.;         0001485P0000784
110,-46.917415,17.648917816,0.,-46.917415,17.648917816,30.;      0001487P0000785
144,1491,1,0,1493;                                               0001489P0000786
108,1.,0.,0.,-54.417415,0,-54.417415,6.398917908,17.5,0.;        0001491P0000787
142,0,1491,0,1495,2;                                             0001493P0000788
102,4,1497,1499,1501,1503;                                       0001495P0000789
110,-54.417415,-12.351082,30.,-54.417415,-12.351082,5.;          0001497P0000790
110,-54.417415,-12.351082,5.,-54.417415,25.148917816,5.;         0001499P0000791
110,-54.417415,25.148917816,5.,-54.417415,25.148917816,30.;      0001501P0000792
110,-54.417415,25.148917816,30.,-54.417415,-12.351082,30.;       0001503P0000793
144,1507,1,0,1509;                                               0001505P0000794
108,-1.,-0.,-0.,49.417415,0,-49.417415,-12.351082,5.,0.;         0001507P0000795
142,0,1507,0,1511,2;                                             0001509P0000796
102,4,1513,1515,1517,1519;                                       0001511P0000797
110,-49.417415,20.148917816,5.,-49.417415,-12.351082,5.;         0001513P0000798
110,-49.417415,-12.351082,5.,-49.417415,-12.351082,30.;          0001515P0000799
110,-49.417415,-12.351082,30.,-49.417415,20.148917816,30.;       0001517P0000800
110,-49.417415,20.148917816,30.,-49.417415,20.148917816,5.;      0001519P0000801
402,20,1523,1555,1571,1597,1621,1641,1657,1673,1705,1725,1745,   0001521P0000802
1761,1777,1803,1821,1837,1853,1885,1901,1927;                    0001521P0000803
144,1525,1,0,1527;                                               0001523P0000804
108,1.,-0.,-0.,-6.917415,0,-6.917415,17.648917816,0.,0.;         0001525P0000805
142,0,1525,0,1529,2;                                             0001527P0000806
102,10,1531,1533,1535,1537,1539,1543,1545,1547,1549,1553;        0001529P0000807
110,-6.917415,25.148917816,30.,-6.917415,25.148917816,5.;        0001531P0000808
110,-6.917415,25.148917816,5.,-6.917415,20.148917816,5.;         0001533P0000809
110,-6.917415,20.148917816,5.,-6.917415,20.148917816,30.;        0001535P0000810
110,-6.917415,20.148917816,30.,-6.917415,18.648917816,30.;       0001537P0000811
100,0.,0.,0.,1.,0.,0.,1.;                                        0001539P0000812
124,0.,0.,1.,-6.917415,0.,-1.,-0.,18.648917816,1.,0.,0.,29.;     0001541P0000813
110,-6.917415,17.648917816,29.,-6.917415,17.648917816,0.;        0001543P0000814
110,-6.917415,17.648917816,0.,-6.917415,27.648917816,0.;         0001545P0000815
110,-6.917415,27.648917816,0.,-6.917415,27.648917816,            0001547P0000816
29.000607384;                                                    0001547P0000817
100,0.,0.,0.,-0.999999816,-6.073836722E-04,0.,-1.;               0001549P0000818
124,3.552713679E-16,0.,1.,-6.917415,-1.,-0.,3.552713679E-16,     0001551P0000819
26.648918,0.,-1.,0.,29.;                                         0001551P0000820
110,-6.917415,26.648918,30.,-6.917415,25.148917816,30.;          0001553P0000821
144,1557,1,0,1559;                                               0001555P0000822
108,-0.,-1.,-0.,-17.648917816,0,-46.917415,17.648917816,0.,0.;   0001557P0000823
142,0,1557,0,1561,2;                                             0001559P0000824
102,4,1563,1565,1567,1569;                                       0001561P0000825
110,-6.917415,17.648917816,0.,-6.917415,17.648917816,29.;        0001563P0000826
110,-6.917415,17.648917816,29.,-46.917415,17.648917816,29.;      0001565P0000827
110,-46.917415,17.648917816,29.,-46.917415,17.648917816,0.;      0001567P0000828
110,-46.917415,17.648917816,0.,-6.917415,17.648917816,0.;        0001569P0000829
144,1573,1,0,1581;                                               0001571P0000830
120,1577,1579,6.283185307,7.853981634;                           0001573P0000831
124,0.,0.,1.,-46.917415,-1.,0.,0.,18.648917816,0.,-1.,0.,29.;    0001575P0000832
110,0.,0.,1.,0.,0.,0.;                                           0001577P0000833
110,1.,0.,-1.,1.,0.,40.;                                         0001579P0000834
142,0,1573,0,1583,2;                                             0001581P0000835
102,4,1585,1589,1591,1595;                                       0001583P0000836
100,0.,0.,0.,0.,-1.,1.,0.;                                       0001585P0000837
124,0.,0.,-1.,-6.917415,0.,1.,0.,18.648917816,1.,0.,0.,29.;      0001587P0000838
110,-6.917415,18.648917816,30.,-47.917415,18.648917816,30.;      0001589P0000839
104,0.5,0.,1.,0.,-0.,-1.,0.,0.,-1.,1.414213562,0.;               0001591P0000840
124,0.707106781,0.,0.707106781,-47.917415,-0.707106781,-0.,      0001593P0000841
0.707106781,18.648917816,0.,-1.,0.,29.;                          0001593P0000842
110,-46.917415,17.648917816,29.,-6.917415,17.648917816,29.;      0001595P0000843
144,1599,1,0,1601;                                               0001597P0000844
108,-0.,-0.,-1.,0.,0,-38.584081667,14.315584585,0.,0.;           0001599P0000845
142,0,1599,0,1603,2;                                             0001601P0000846
102,8,1605,1607,1609,1611,1613,1615,1617,1619;                   0001603P0000847
110,-46.917415,17.648917816,0.,-46.917415,-12.351082,0.;         0001605P0000848
110,-46.917415,-12.351082,0.,-56.917415,-12.351082,0.;           0001607P0000849
110,-56.917415,-12.351082,0.,-56.917415,27.648918,0.;            0001609P0000850
110,-56.917415,27.648918,0.,-46.917415,27.648918,0.;             0001611P0000851
110,-46.917415,27.648918,0.,-46.917415,27.648917816,0.;          0001613P0000852
110,-46.917415,27.648917816,0.,-6.917415,27.648917816,0.;        0001615P0000853
110,-6.917415,27.648917816,0.,-6.917415,17.648917816,0.;         0001617P0000854
110,-6.917415,17.648917816,0.,-46.917415,17.648917816,0.;        0001619P0000855
144,1623,1,0,1625;                                               0001621P0000856
108,0.,0.,1.,30.,0,-38.584081667,14.315584585,30.,0.;            0001623P0000857
142,0,1623,0,1627,2;                                             0001625P0000858
102,6,1629,1631,1633,1635,1637,1639;                             0001627P0000859
110,-49.417415,-12.351082,30.,-47.917415,-12.351082,30.;         0001629P0000860
110,-47.917415,-12.351082,30.,-47.917415,18.648917816,30.;       0001631P0000861
110,-47.917415,18.648917816,30.,-6.917415,18.648917816,30.;      0001633P0000862
110,-6.917415,18.648917816,30.,-6.917415,20.148917816,30.;       0001635P0000863
110,-6.917415,20.148917816,30.,-49.417415,20.148917816,30.;      0001637P0000864
110,-49.417415,20.148917816,30.,-49.417415,-12.351082,30.;       0001639P0000865
144,1643,1,0,1645;                                               0001641P0000866
108,-0.,1.,-0.,27.648917816,0,-6.917415,27.648917816,0.,0.;      0001643P0000867
142,0,1643,0,1647,2;                                             0001645P0000868
102,4,1649,1651,1653,1655;                                       0001647P0000869
110,-46.917415,27.648917816,0.,-46.917415,27.648917816,          0001649P0000870
29.000607384;                                                    0001649P0000871
110,-46.917415,27.648917816,29.,-6.917415,27.648917816,29.;      0001651P0000872
110,-6.917415,27.648917816,29.000607384,-6.917415,27.648917816,  0001653P0000873
0.;                                                              0001653P0000874
110,-6.917415,27.648917816,0.,-46.917415,27.648917816,0.;        0001655P0000875
144,1659,1,0,1661;                                               0001657P0000876
108,-0.,1.,-0.,20.148917816,0,-6.917415,20.148917816,32.833289,  0001659P0000877
0.;                                                              0001659P0000878
142,0,1659,0,1663,2;                                             0001661P0000879
102,4,1665,1667,1669,1671;                                       0001663P0000880
110,-49.417415,20.148917816,30.,-6.917415,20.148917816,30.;      0001665P0000881
110,-6.917415,20.148917816,30.,-6.917415,20.148917816,5.;        0001667P0000882
110,-6.917415,20.148917816,5.,-49.417415,20.148917816,5.;        0001669P0000883
110,-49.417415,20.148917816,5.,-49.417415,20.148917816,30.;      0001671P0000884
144,1675,1,0,1683;                                               0001673P0000885
120,1679,1681,4.71238898,6.283185307;                            0001675P0000886
124,0.,-3.552713679E-16,-1.,-46.917415,0.,1.,-3.552713679E-16,   0001677P0000887
26.648918,1.,0.,0.,29.;                                          0001677P0000888
110,0.,0.,1.,0.,0.,0.;                                           0001679P0000889
110,1.,0.,-40.,1.,0.,10.;                                        0001681P0000890
142,0,1675,0,1685,2;                                             0001683P0000891
102,6,1687,1691,1693,1697,1699,1703;                             0001685P0000892
100,0.,0.,0.,0.,1.,-0.999999816,6.073836722E-04;                 0001687P0000893
124,3.552713679E-16,0.,-1.,-6.917415,-1.,0.,-3.552713679E-16,    0001689P0000894
26.648918,0.,1.,0.,29.;                                          0001689P0000895
110,-6.917415,27.648917816,29.,-46.917415,27.648917816,29.;      0001691P0000896
100,0.,0.,0.,-0.999999816,6.073836722E-04,-1.,0.;                0001693P0000897
124,3.552713679E-16,0.,-1.,-46.917415,-1.,0.,-3.552713679E-16,   0001695P0000898
26.648918,0.,1.,0.,29.;                                          0001695P0000899
110,-46.917415,27.648918,29.,-56.917415,27.648918,29.;           0001697P0000900
104,0.5,0.,1.,0.,-0.,-1.,0.,1.414213562,0.,0.,1.;                0001699P0000901
124,-0.707106781,0.,0.707106781,-55.917415,0.707106781,0.,       0001701P0000902
0.707106781,26.648918,0.,1.,0.,29.;                              0001701P0000903
110,-55.917415,26.648918,30.,-6.917415,26.648918,30.;            0001703P0000904
144,1707,1,0,1709;                                               0001705P0000905
108,0.,0.,1.,5.,0,-38.792414972,14.523917879,5.,0.;              0001707P0000906
142,0,1707,0,1711,2;                                             0001709P0000907
102,6,1713,1715,1717,1719,1721,1723;                             0001711P0000908
110,-6.917415,20.148917816,5.,-6.917415,25.148917816,5.;         0001713P0000909
110,-6.917415,25.148917816,5.,-54.417415,25.148917816,5.;        0001715P0000910
110,-54.417415,25.148917816,5.,-54.417415,-12.351082,5.;         0001717P0000911
110,-54.417415,-12.351082,5.,-49.417415,-12.351082,5.;           0001719P0000912
110,-49.417415,-12.351082,5.,-49.417415,20.148917816,5.;         0001721P0000913
110,-49.417415,20.148917816,5.,-6.917415,20.148917816,5.;        0001723P0000914
144,1727,1,0,1729;                                               0001725P0000915
108,0.,0.,1.,30.,0,-38.584081667,14.315584585,30.,0.;            0001727P0000916
142,0,1727,0,1731,2;                                             0001729P0000917
102,6,1733,1735,1737,1739,1741,1743;                             0001731P0000918
110,-55.917415,-12.351082,30.,-54.417415,-12.351082,30.;         0001733P0000919
110,-54.417415,-12.351082,30.,-54.417415,25.148917816,30.;       0001735P0000920
110,-54.417415,25.148917816,30.,-6.917415,25.148917816,30.;      0001737P0000921
110,-6.917415,25.148917816,30.,-6.917415,26.648918,30.;          0001739P0000922
110,-6.917415,26.648918,30.,-55.917415,26.648918,30.;            0001741P0000923
110,-55.917415,26.648918,30.,-55.917415,-12.351082,30.;          0001743P0000924
144,1747,1,0,1749;                                               0001745P0000925
108,-0.,-1.,-0.,-25.148917816,0,-6.917415,25.148917816,5.,0.;    0001747P0000926
142,0,1747,0,1751,2;                                             0001749P0000927
102,4,1753,1755,1757,1759;                                       0001751P0000928
110,-54.417415,25.148917816,5.,-6.917415,25.148917816,5.;        0001753P0000929
110,-6.917415,25.148917816,5.,-6.917415,25.148917816,30.;        0001755P0000930
110,-6.917415,25.148917816,30.,-54.417415,25.148917816,30.;      0001757P0000931
110,-54.417415,25.148917816,30.,-54.417415,25.148917816,5.;      0001759P0000932
144,1763,1,0,1765;                                               0001761P0000933
108,1.,-0.,-0.,-46.917415,0,-46.917415,-12.351082,0.,0.;         0001763P0000934
142,0,1763,0,1767,2;                                             0001765P0000935
102,4,1769,1771,1773,1775;                                       0001767P0000936
110,-46.917415,17.648917816,0.,-46.917415,17.648917816,29.;      0001769P0000937
110,-46.917415,17.648917816,29.,-46.917415,-12.351082,29.;       0001771P0000938
110,-46.917415,-12.351082,29.,-46.917415,-12.351082,0.;          0001773P0000939
110,-46.917415,-12.351082,0.,-46.917415,17.648917816,0.;         0001775P0000940
144,1779,1,0,1787;                                               0001777P0000941
120,1783,1785,4.71238898,6.283185307;                            0001779P0000942
124,0.,1.,0.,-47.917415,0.,0.,1.,-12.351082,1.,0.,0.,29.;        0001781P0000943
110,0.,0.,1.,0.,0.,0.;                                           0001783P0000944
110,1.,0.,-1.953992523E-15,1.,0.,30.999999816;                   0001785P0000945
142,0,1779,0,1789,2;                                             0001787P0000946
102,4,1791,1795,1797,1801;                                       0001789P0000947
100,0.,0.,0.,1.,0.,0.,1.;                                        0001791P0000948
124,0.,1.,0.,-47.917415,0.,0.,1.,-12.351082,1.,0.,0.,29.;        0001793P0000949
110,-46.917415,-12.351082,29.,-46.917415,17.648917816,29.;       0001795P0000950
104,0.5,0.,1.,0.,-0.,-1.,0.,1.414213562,0.,0.,1.;                0001797P0000951
124,0.707106781,0.,-0.707106781,-47.917415,-0.707106781,0.,      0001799P0000952
-0.707106781,18.648917816,0.,1.,0.,29.;                          0001799P0000953
110,-47.917415,18.648917816,30.,-47.917415,-12.351082,30.;       0001801P0000954
144,1805,1,0,1807;                                               0001803P0000955
108,1.,-0.,-0.,-46.917415,0,-46.917415,27.648917816,0.,0.;       0001805P0000956
142,0,1805,0,1809,2;                                             0001807P0000957
102,4,1811,1813,1817,1819;                                       0001809P0000958
110,-46.917415,27.648918,0.,-46.917415,27.648918,29.;            0001811P0000959
100,0.,0.,0.,-1.,0.,-0.999999816,-6.073836722E-04;               0001813P0000960
124,3.552713679E-16,0.,1.,-46.917415,-1.,-0.,3.552713679E-16,    0001815P0000961
26.648918,0.,-1.,0.,29.;                                         0001815P0000962
110,-46.917415,27.648917816,29.000607384,-46.917415,             0001817P0000963
27.648917816,0.;                                                 0001817P0000964
110,-46.917415,27.648917816,0.,-46.917415,27.648918,0.;          0001819P0000965
144,1823,1,0,1825;                                               0001821P0000966
108,-3.552713679E-16,1.,-0.,27.648918,0,-46.917415,27.648918,0., 0001823P0000967
0.;                                                              0001823P0000968
142,0,1823,0,1827,2;                                             0001825P0000969
102,4,1829,1831,1833,1835;                                       0001827P0000970
110,-56.917415,27.648918,0.,-56.917415,27.648918,29.;            0001829P0000971
110,-56.917415,27.648918,29.,-46.917415,27.648918,29.;           0001831P0000972
110,-46.917415,27.648918,29.,-46.917415,27.648918,0.;            0001833P0000973
110,-46.917415,27.648918,0.,-56.917415,27.648918,0.;             0001835P0000974
144,1839,1,0,1841;                                               0001837P0000975
108,-1.,-0.,-0.,56.917415,0,-56.917415,27.648918,0.,0.;          0001839P0000976
142,0,1839,0,1843,2;                                             0001841P0000977
102,4,1845,1847,1849,1851;                                       0001843P0000978
110,-56.917415,-12.351082,0.,-56.917415,-12.351082,29.;          0001845P0000979
110,-56.917415,-12.351082,29.,-56.917415,27.648918,29.;          0001847P0000980
110,-56.917415,27.648918,29.,-56.917415,27.648918,0.;            0001849P0000981
110,-56.917415,27.648918,0.,-56.917415,-12.351082,0.;            0001851P0000982
144,1855,1,0,1857;                                               0001853P0000983
108,1.776356839E-16,-1.,-0.,12.351082,0,-56.917415,-12.351082,   0001855P0000984
0.,0.;                                                           0001855P0000985
142,0,1855,0,1859,2;                                             0001857P0000986
102,10,1861,1863,1865,1869,1871,1873,1875,1879,1881,1883;        0001859P0000987
110,-54.417415,-12.351082,5.,-54.417415,-12.351082,30.;          0001861P0000988
110,-54.417415,-12.351082,30.,-55.917415,-12.351082,30.;         0001863P0000989
100,0.,0.,0.,-1.,0.,0.,-1.;                                      0001865P0000990
124,0.,1.,0.,-55.917415,0.,0.,-1.,-12.351082,-1.,0.,0.,29.;      0001867P0000991
110,-56.917415,-12.351082,29.,-56.917415,-12.351082,0.;          0001869P0000992
110,-56.917415,-12.351082,0.,-46.917415,-12.351082,0.;           0001871P0000993
110,-46.917415,-12.351082,0.,-46.917415,-12.351082,29.;          0001873P0000994
100,0.,0.,0.,0.,-1.,1.,0.;                                       0001875P0000995
124,0.,-1.,0.,-47.917415,0.,0.,-1.,-12.351082,1.,0.,-0.,29.;     0001877P0000996
110,-47.917415,-12.351082,30.,-49.417415,-12.351082,30.;         0001879P0000997
110,-49.417415,-12.351082,30.,-49.417415,-12.351082,5.;          0001881P0000998
110,-49.417415,-12.351082,5.,-54.417415,-12.351082,5.;           0001883P0000999
144,1887,1,0,1889;                                               0001885P0001000
108,-1.,-0.,-0.,49.417415,0,-49.417415,-12.351082,5.,0.;         0001887P0001001
142,0,1887,0,1891,2;                                             0001889P0001002
102,4,1893,1895,1897,1899;                                       0001891P0001003
110,-49.417415,20.148917816,5.,-49.417415,-12.351082,5.;         0001893P0001004
110,-49.417415,-12.351082,5.,-49.417415,-12.351082,30.;          0001895P0001005
110,-49.417415,-12.351082,30.,-49.417415,20.148917816,30.;       0001897P0001006
110,-49.417415,20.148917816,30.,-49.417415,20.148917816,5.;      0001899P0001007
144,1903,1,0,1911;                                               0001901P0001008
120,1907,1909,4.71238898,6.283185307;                            0001903P0001009
124,0.,-1.,0.,-55.917415,0.,0.,-1.,27.648918,1.,0.,0.,29.;       0001905P0001010
110,0.,0.,1.,0.,0.,0.;                                           0001907P0001011
110,1.,0.,-3.552713679E-15,1.,0.,40.;                            0001909P0001012
142,0,1903,0,1913,2;                                             0001911P0001013
102,4,1915,1919,1921,1925;                                       0001913P0001014
104,0.5,0.,1.,0.,-0.,-1.,0.,0.,-1.,1.414213562,0.;               0001915P0001015
124,-0.707106781,0.,-0.707106781,-55.917415,0.707106781,0.,      0001917P0001016
-0.707106781,26.648918,0.,-1.,-0.,29.;                           0001917P0001017
110,-56.917415,27.648918,29.,-56.917415,-12.351082,29.;          0001919P0001018
100,0.,0.,0.,0.,1.,-1.,0.;                                       0001921P0001019
124,0.,-1.,0.,-55.917415,0.,0.,1.,-12.351082,-1.,-0.,0.,29.;     0001923P0001020
110,-55.917415,-12.351082,30.,-55.917415,26.648918,30.;          0001925P0001021
144,1929,1,0,1931;                                               0001927P0001022
108,1.,0.,0.,-54.417415,0,-54.417415,6.398917908,17.5,0.;        0001929P0001023
142,0,1929,0,1933,2;                                             0001931P0001024
102,4,1935,1937,1939,1941;                                       0001933P0001025
110,-54.417415,-12.351082,30.,-54.417415,-12.351082,5.;          0001935P0001026
110,-54.417415,-12.351082,5.,-54.417415,25.148917816,5.;         0001937P0001027
110,-54.417415,25.148917816,5.,-54.417415,25.148917816,30.;      0001939P0001028
110,-54.417415,25.148917816,30.,-54.417415,-12.351082,30.;       0001941P0001029
144,1945,1,0,1947,0,1,2017;                                      0001943P0001030
108,0.,0.,1.,0.,0,0.,0.,0.,0.;                                   0001945P0001031
142,0,0,0,0,0;                                                   0001947P0001032
144,1951,1,0,1953,0,1,2015;                                      0001949P0001033
108,0.,-1.,-2.220446049E-16,0.,0,0.,0.,0.,0.;                    0001951P0001034
142,0,0,0,0,0;                                                   0001953P0001035
144,1957,1,0,1959,0,1,2007;                                      0001955P0001036
108,1.,1.232595164E-32,1.110223025E-16,0.,0,0.,0.,0.,0.;         0001957P0001037
142,0,0,0,0,0;                                                   0001959P0001038
102,8,1963,1965,1967,1969,1971,1973,1975,1977,0,1,2027;          0001961P0001039
110,-46.917415,17.648917816,0.,-6.917415,17.648917816,0.;        0001963P0001040
110,-6.917415,17.648917816,0.,-6.917415,27.648917816,0.;         0001965P0001041
110,-6.917415,27.648917816,0.,-46.917415,27.648917816,0.;        0001967P0001042
110,-46.917415,27.648917816,0.,-46.917415,27.648918,0.;          0001969P0001043
110,-46.917415,27.648918,0.,-56.917415,27.648918,0.;             0001971P0001044
110,-56.917415,27.648918,0.,-56.917415,-12.351082,0.;            0001973P0001045
110,-56.917415,-12.351082,0.,-46.917415,-12.351082,0.;           0001975P0001046
110,-46.917415,-12.351082,0.,-46.917415,17.648917816,0.;         0001977P0001047
102,4,1981,1983,1985,1987,0,1,2013;                              0001979P0001048
110,-54.417415,-12.351082,37.861219,-54.417415,-12.351082,5.;    0001981P0001049
110,-54.417415,-12.351082,5.,-49.417415,-12.351082,5.;           0001983P0001050
110,-49.417415,-12.351082,5.,-49.417415,-12.351082,37.861219;    0001985P0001051
110,-49.417415,-12.351082,37.861219,-54.417415,-12.351082,       0001987P0001052
37.861219;                                                       0001987P0001053
102,4,1991,1993,1995,1997,0,1,2021;                              0001989P0001054
110,-6.917415,20.148917816,32.833289,-6.917415,20.148917816,5.;  0001991P0001055
110,-6.917415,20.148917816,5.,-6.917415,25.148917816,5.;         0001993P0001056
110,-6.917415,25.148917816,5.,-6.917415,25.148917816,32.833289;  0001995P0001057
110,-6.917415,25.148917816,32.833289,-6.917415,20.148917816,     0001997P0001058
32.833289;                                                       0001997P0001059
110,-2.E+100,0.,0.,2.E+100,0.,0.,0,1,2011;                       0001999P0001060
110,0.,-2.E+100,2.220446049E+84,0.,2.E+100,-2.220446049E+84,0,1, 0002001P0001061
2019;                                                            0002001P0001062
110,0.,-2.220446049E+84,-2.E+100,0.,2.220446049E+84,2.E+100,0,1, 0002003P0001063
2023;                                                            0002003P0001064
116,0.,0.,0.,0;                                                  0002005P0001065
406,1,8HYZ-plane;                                                0002007P0001066
406,1,18Hright_angle_pliers;                                     0002009P0001067
406,1,6HX-axis;                                                  0002011P0001068
406,1,9HSketch001;                                               0002013P0001069
406,1,8HXZ-plane;                                                0002015P0001070
406,1,8HXY-plane;                                                0002017P0001071
406,1,6HY-axis;                                                  0002019P0001072
406,1,9HSketch002;                                               0002021P0001073
406,1,6HZ-axis;                                                  0002023P0001074
406,1,3HPad;                                                     0002025P0001075
406,1,6HSketch;                                                  0002027P0001076
S      1G      4D   2028P   1076                                        T0000001
