ISO-10303-21;
HEADER;
FILE_DESCRIPTION(('FreeCAD Model'),'2;1');
FILE_NAME('Open CASCADE Shape Model','2026-07-27T10:30:45',(''),(''),
  'Open CASCADE STEP processor 7.8','FreeCAD','Unknown');
FILE_SCHEMA(('AUTOMOTIVE_DESIGN { 1 0 10303 214 1 1 1 1 }'));
ENDSEC;
DATA;
#1 = APPLICATION_PROTOCOL_DEFINITION('international standard',
  'automotive_design',2000,#2);
#2 = APPLICATION_CONTEXT(
  'core data for automotive mechanical design processes');
#3 = SHAPE_DEFINITION_REPRESENTATION(#4,#10);
#4 = PRODUCT_DEFINITION_SHAPE('','',#5);
#5 = PRODUCT_DEFINITION('design','',#6,#9);
#6 = PRODUCT_DEFINITION_FORMATION('','',#7);
#7 = PRODUCT('hook_1','hook_1','',(#8));
#8 = PRODUCT_CONTEXT('',#2,'mechanical');
#9 = PRODUCT_DEFINITION_CONTEXT('part definition',#2,'design');
#10 = SHAPE_REPRESENTATION('',(#11,#15,#19,#23,#27,#31,#35,#39,#43,#47,
    #51,#55,#59,#63,#67,#71,#75,#79,#83,#87,#91,#95,#99,#103,#107,#111,
    #115,#119,#123,#127,#131,#135,#139,#143,#147,#151,#155,#159,#163,
    #167,#171,#175,#179,#183,#187,#191,#195,#199,#203,#207,#211,#215),
  #219);
#11 = AXIS2_PLACEMENT_3D('',#12,#13,#14);
#12 = CARTESIAN_POINT('',(0.,0.,0.));
#13 = DIRECTION('',(0.,0.,1.));
#14 = DIRECTION('',(1.,0.,-0.));
#15 = AXIS2_PLACEMENT_3D('',#16,#17,#18);
#16 = CARTESIAN_POINT('',(0.,0.,0.));
#17 = DIRECTION('',(0.,0.,1.));
#18 = DIRECTION('',(1.,0.,0.));
#19 = AXIS2_PLACEMENT_3D('',#20,#21,#22);
#20 = CARTESIAN_POINT('',(0.,0.,0.));
#21 = DIRECTION('',(0.,0.,1.));
#22 = DIRECTION('',(1.,0.,0.));
#23 = AXIS2_PLACEMENT_3D('',#24,#25,#26);
#24 = CARTESIAN_POINT('',(0.,0.,0.));
#25 = DIRECTION('',(1.,1.232595164408E-32,1.110223024625E-16));
#26 = DIRECTION('',(0.,1.,-1.110223024625E-16));
#27 = AXIS2_PLACEMENT_3D('',#28,#29,#30);
#28 = CARTESIAN_POINT('',(0.,0.,0.));
#29 = DIRECTION('',(0.,-1.,1.110223024625E-16));
#30 = DIRECTION('',(0.,1.110223024625E-16,1.));
#31 = AXIS2_PLACEMENT_3D('',#32,#33,#34);
#32 = CARTESIAN_POINT('',(0.,0.,0.));
#33 = DIRECTION('',(0.,0.,1.));
#34 = DIRECTION('',(1.,0.,0.));
#35 = AXIS2_PLACEMENT_3D('',#36,#37,#38);
#36 = CARTESIAN_POINT('',(0.,0.,0.));
#37 = DIRECTION('',(0.,-1.,-2.22044604925E-16));
#38 = DIRECTION('',(1.,0.,0.));
#39 = AXIS2_PLACEMENT_3D('',#40,#41,#42);
#40 = CARTESIAN_POINT('',(0.,0.,0.));
#41 = DIRECTION('',(1.,1.232595164408E-32,1.110223024625E-16));
#42 = DIRECTION('',(0.,1.,-1.110223024625E-16));
#43 = AXIS2_PLACEMENT_3D('',#44,#45,#46);
#44 = CARTESIAN_POINT('',(0.,0.,0.));
#45 = DIRECTION('',(0.,0.,1.));
#46 = DIRECTION('',(1.,0.,0.));
#47 = AXIS2_PLACEMENT_3D('',#48,#49,#50);
#48 = CARTESIAN_POINT('',(0.,0.,0.));
#49 = DIRECTION('',(0.,0.,1.));
#50 = DIRECTION('',(1.,0.,0.));
#51 = AXIS2_PLACEMENT_3D('',#52,#53,#54);
#52 = CARTESIAN_POINT('',(0.,0.,0.));
#53 = DIRECTION('',(0.,0.,1.));
#54 = DIRECTION('',(1.,0.,0.));
#55 = AXIS2_PLACEMENT_3D('',#56,#57,#58);
#56 = CARTESIAN_POINT('',(0.,0.,0.));
#57 = DIRECTION('',(0.,0.,1.));
#58 = DIRECTION('',(1.,0.,0.));
#59 = AXIS2_PLACEMENT_3D('',#60,#61,#62);
#60 = CARTESIAN_POINT('',(55.,0.,0.));
#61 = DIRECTION('',(1.,0.,0.));
#62 = DIRECTION('',(0.,1.,0.));
#63 = AXIS2_PLACEMENT_3D('',#64,#65,#66);
#64 = CARTESIAN_POINT('',(0.,0.,0.));
#65 = DIRECTION('',(0.,0.,1.));
#66 = DIRECTION('',(1.,0.,0.));
#67 = AXIS2_PLACEMENT_3D('',#68,#69,#70);
#68 = CARTESIAN_POINT('',(0.,0.,0.));
#69 = DIRECTION('',(0.,0.,1.));
#70 = DIRECTION('',(1.,0.,0.));
#71 = AXIS2_PLACEMENT_3D('',#72,#73,#74);
#72 = CARTESIAN_POINT('',(0.,-30.,0.));
#73 = DIRECTION('',(0.,-1.,2.22044604925E-16));
#74 = DIRECTION('',(1.,0.,0.));
#75 = AXIS2_PLACEMENT_3D('',#76,#77,#78);
#76 = CARTESIAN_POINT('',(0.,0.,0.));
#77 = DIRECTION('',(0.,0.,1.));
#78 = DIRECTION('',(1.,0.,0.));
#79 = AXIS2_PLACEMENT_3D('',#80,#81,#82);
#80 = CARTESIAN_POINT('',(0.,0.,0.));
#81 = DIRECTION('',(0.,0.,1.));
#82 = DIRECTION('',(1.,0.,0.));
#83 = AXIS2_PLACEMENT_3D('',#84,#85,#86);
#84 = CARTESIAN_POINT('',(0.,0.,0.));
#85 = DIRECTION('',(0.,0.,1.));
#86 = DIRECTION('',(1.,0.,0.));
#87 = AXIS2_PLACEMENT_3D('',#88,#89,#90);
#88 = CARTESIAN_POINT('',(0.,0.,0.));
#89 = DIRECTION('',(1.,1.232595164408E-32,1.110223024625E-16));
#90 = DIRECTION('',(0.,1.,-1.110223024625E-16));
#91 = AXIS2_PLACEMENT_3D('',#92,#93,#94);
#92 = CARTESIAN_POINT('',(0.,0.,0.));
#93 = DIRECTION('',(0.,-1.,1.110223024625E-16));
#94 = DIRECTION('',(0.,1.110223024625E-16,1.));
#95 = AXIS2_PLACEMENT_3D('',#96,#97,#98);
#96 = CARTESIAN_POINT('',(0.,0.,0.));
#97 = DIRECTION('',(0.,0.,1.));
#98 = DIRECTION('',(1.,0.,0.));
#99 = AXIS2_PLACEMENT_3D('',#100,#101,#102);
#100 = CARTESIAN_POINT('',(0.,0.,0.));
#101 = DIRECTION('',(0.,-1.,-2.22044604925E-16));
#102 = DIRECTION('',(1.,0.,0.));
#103 = AXIS2_PLACEMENT_3D('',#104,#105,#106);
#104 = CARTESIAN_POINT('',(0.,0.,0.));
#105 = DIRECTION('',(1.,1.232595164408E-32,1.110223024625E-16));
#106 = DIRECTION('',(0.,1.,-1.110223024625E-16));
#107 = AXIS2_PLACEMENT_3D('',#108,#109,#110);
#108 = CARTESIAN_POINT('',(0.,0.,0.));
#109 = DIRECTION('',(0.,0.,1.));
#110 = DIRECTION('',(1.,0.,0.));
#111 = AXIS2_PLACEMENT_3D('',#112,#113,#114);
#112 = CARTESIAN_POINT('',(0.,0.,0.));
#113 = DIRECTION('',(0.,0.,1.));
#114 = DIRECTION('',(1.,0.,0.));
#115 = AXIS2_PLACEMENT_3D('',#116,#117,#118);
#116 = CARTESIAN_POINT('',(-79.,0.,0.));
#117 = DIRECTION('',(-1.,0.,0.));
#118 = DIRECTION('',(0.,-1.,0.));
#119 = AXIS2_PLACEMENT_3D('',#120,#121,#122);
#120 = CARTESIAN_POINT('',(0.,0.,0.));
#121 = DIRECTION('',(0.,0.,1.));
#122 = DIRECTION('',(1.,0.,0.));
#123 = AXIS2_PLACEMENT_3D('',#124,#125,#126);
#124 = CARTESIAN_POINT('',(0.,0.,0.));
#125 = DIRECTION('',(0.,0.,1.));
#126 = DIRECTION('',(1.,0.,0.));
#127 = AXIS2_PLACEMENT_3D('',#128,#129,#130);
#128 = CARTESIAN_POINT('',(0.,0.,0.));
#129 = DIRECTION('',(0.,0.,1.));
#130 = DIRECTION('',(1.,0.,0.));
#131 = AXIS2_PLACEMENT_3D('',#132,#133,#134);
#132 = CARTESIAN_POINT('',(0.,0.,0.));
#133 = DIRECTION('',(1.,1.232595164408E-32,1.110223024625E-16));
#134 = DIRECTION('',(0.,1.,-1.110223024625E-16));
#135 = AXIS2_PLACEMENT_3D('',#136,#137,#138);
#136 = CARTESIAN_POINT('',(0.,0.,0.));
#137 = DIRECTION('',(0.,-1.,1.110223024625E-16));
#138 = DIRECTION('',(0.,1.110223024625E-16,1.));
#139 = AXIS2_PLACEMENT_3D('',#140,#141,#142);
#140 = CARTESIAN_POINT('',(0.,0.,0.));
#141 = DIRECTION('',(0.,0.,1.));
#142 = DIRECTION('',(1.,0.,0.));
#143 = AXIS2_PLACEMENT_3D('',#144,#145,#146);
#144 = CARTESIAN_POINT('',(0.,0.,0.));
#145 = DIRECTION('',(0.,-1.,-2.22044604925E-16));
#146 = DIRECTION('',(1.,0.,0.));
#147 = AXIS2_PLACEMENT_3D('',#148,#149,#150);
#148 = CARTESIAN_POINT('',(0.,0.,0.));
#149 = DIRECTION('',(1.,1.232595164408E-32,1.110223024625E-16));
#150 = DIRECTION('',(0.,1.,-1.110223024625E-16));
#151 = AXIS2_PLACEMENT_3D('',#152,#153,#154);
#152 = CARTESIAN_POINT('',(63.361095702939,109.3710012724,
    72.351495696555));
#153 = DIRECTION('',(-6.381048086267E-07,-8.715574274764E-02,
    -0.996194698092));
#154 = DIRECTION('',(-1.,5.561449851962E-08,6.356766271831E-07));
#155 = AXIS2_PLACEMENT_3D('',#156,#157,#158);
#156 = CARTESIAN_POINT('',(103.99938803895,115.88853321417,
    -20.75089054085));
#157 = DIRECTION('',(0.,-8.715574274766E-02,-0.996194698092));
#158 = DIRECTION('',(1.,0.,0.));
#159 = AXIS2_PLACEMENT_3D('',#160,#161,#162);
#160 = CARTESIAN_POINT('',(0.,0.,0.));
#161 = DIRECTION('',(0.,0.,1.));
#162 = DIRECTION('',(1.,0.,0.));
#163 = AXIS2_PLACEMENT_3D('',#164,#165,#166);
#164 = CARTESIAN_POINT('',(0.,0.,0.));
#165 = DIRECTION('',(0.,0.,1.));
#166 = DIRECTION('',(1.,0.,0.));
#167 = AXIS2_PLACEMENT_3D('',#168,#169,#170);
#168 = CARTESIAN_POINT('',(0.,0.,0.));
#169 = DIRECTION('',(1.,1.232595164408E-32,1.110223024625E-16));
#170 = DIRECTION('',(0.,1.,-1.110223024625E-16));
#171 = AXIS2_PLACEMENT_3D('',#172,#173,#174);
#172 = CARTESIAN_POINT('',(0.,0.,0.));
#173 = DIRECTION('',(0.,-1.,1.110223024625E-16));
#174 = DIRECTION('',(0.,1.110223024625E-16,1.));
#175 = AXIS2_PLACEMENT_3D('',#176,#177,#178);
#176 = CARTESIAN_POINT('',(0.,0.,0.));
#177 = DIRECTION('',(0.,0.,1.));
#178 = DIRECTION('',(1.,0.,0.));
#179 = AXIS2_PLACEMENT_3D('',#180,#181,#182);
#180 = CARTESIAN_POINT('',(0.,0.,0.));
#181 = DIRECTION('',(0.,-1.,-2.22044604925E-16));
#182 = DIRECTION('',(1.,0.,0.));
#183 = AXIS2_PLACEMENT_3D('',#184,#185,#186);
#184 = CARTESIAN_POINT('',(0.,0.,0.));
#185 = DIRECTION('',(1.,1.232595164408E-32,1.110223024625E-16));
#186 = DIRECTION('',(0.,1.,-1.110223024625E-16));
#187 = AXIS2_PLACEMENT_3D('',#188,#189,#190);
#188 = CARTESIAN_POINT('',(0.,0.,0.));
#189 = DIRECTION('',(0.,0.,1.));
#190 = DIRECTION('',(1.,0.,0.));
#191 = AXIS2_PLACEMENT_3D('',#192,#193,#194);
#192 = CARTESIAN_POINT('',(0.,0.,0.));
#193 = DIRECTION('',(0.,0.,1.));
#194 = DIRECTION('',(1.,0.,0.));
#195 = AXIS2_PLACEMENT_3D('',#196,#197,#198);
#196 = CARTESIAN_POINT('',(85.738689662302,158.32566577225,
    57.681795836028));
#197 = DIRECTION('',(-1.638508422817E-15,8.715574814549E-02,
    0.996194697619));
#198 = DIRECTION('',(-1.,-8.709009392782E-08,7.619394754831E-09));
#199 = AXIS2_PLACEMENT_3D('',#200,#201,#202);
#200 = CARTESIAN_POINT('',(0.,0.,0.));
#201 = DIRECTION('',(0.,0.,1.));
#202 = DIRECTION('',(1.,0.,0.));
#203 = AXIS2_PLACEMENT_3D('',#204,#205,#206);
#204 = CARTESIAN_POINT('',(0.,0.564191,0.));
#205 = DIRECTION('',(0.,-1.,2.22044604925E-16));
#206 = DIRECTION('',(1.,0.,0.));
#207 = AXIS2_PLACEMENT_3D('',#208,#209,#210);
#208 = CARTESIAN_POINT('',(0.,0.,0.));
#209 = DIRECTION('',(0.,0.,1.));
#210 = DIRECTION('',(1.,0.,0.));
#211 = AXIS2_PLACEMENT_3D('',#212,#213,#214);
#212 = CARTESIAN_POINT('',(0.,0.,0.));
#213 = DIRECTION('',(0.,0.,1.));
#214 = DIRECTION('',(1.,0.,0.));
#215 = AXIS2_PLACEMENT_3D('',#216,#217,#218);
#216 = CARTESIAN_POINT('',(0.,0.,0.));
#217 = DIRECTION('',(0.,0.,1.));
#218 = DIRECTION('',(1.,0.,-0.));
#219 = ( GEOMETRIC_REPRESENTATION_CONTEXT(3) 
GLOBAL_UNCERTAINTY_ASSIGNED_CONTEXT((#223)) GLOBAL_UNIT_ASSIGNED_CONTEXT
((#220,#221,#222)) REPRESENTATION_CONTEXT('Context #1',
  '3D Context with UNIT and UNCERTAINTY') );
#220 = ( LENGTH_UNIT() NAMED_UNIT(*) SI_UNIT(.MILLI.,.METRE.) );
#221 = ( NAMED_UNIT(*) PLANE_ANGLE_UNIT() SI_UNIT($,.RADIAN.) );
#222 = ( NAMED_UNIT(*) SI_UNIT($,.STERADIAN.) SOLID_ANGLE_UNIT() );
#223 = UNCERTAINTY_MEASURE_WITH_UNIT(LENGTH_MEASURE(2.E-05),#220,
  'distance_accuracy_value','confusion accuracy');
#224 = PRODUCT_RELATED_PRODUCT_CATEGORY('part',$,(#7));
#225 = SHAPE_DEFINITION_REPRESENTATION(#226,#232);
#226 = PRODUCT_DEFINITION_SHAPE('','',#227);
#227 = PRODUCT_DEFINITION('design','',#228,#231);
#228 = PRODUCT_DEFINITION_FORMATION('','',#229);
#229 = PRODUCT('主体背板','主体背板','',(#230));
#230 = PRODUCT_CONTEXT('',#2,'mechanical');
#231 = PRODUCT_DEFINITION_CONTEXT('part definition',#2,'design');
#232 = ADVANCED_BREP_SHAPE_REPRESENTATION('',(#11,#233),#2958);
#233 = MANIFOLD_SOLID_BREP('',#234);
#234 = CLOSED_SHELL('',(#235,#300,#331,#364,#650,#801,#826,#850,#1017,
    #1042,#1073,#1098,#1251,#1466,#1484,#1501,#1711,#1742,#1766,#1790,
    #1807,#1838,#1862,#1886,#1903,#1934,#1958,#1982,#1999,#2030,#2054,
    #2078,#2095,#2112,#2129,#2146,#2158,#2183,#2208,#2233,#2258,#2283,
    #2308,#2333,#2358,#2385,#2412,#2437,#2462,#2487,#2512,#2537,#2562,
    #2574,#2598,#2616,#2634,#2646,#2670,#2688,#2706,#2718,#2742,#2760,
    #2778,#2790,#2814,#2832,#2850,#2862,#2874,#2886,#2898,#2910,#2922,
    #2934,#2946));
#235 = ADVANCED_FACE('',(#236),#295,.T.);
#236 = FACE_BOUND('',#237,.T.);
#237 = EDGE_LOOP('',(#238,#248,#256,#265,#273,#281,#289));
#238 = ORIENTED_EDGE('',*,*,#239,.T.);
#239 = EDGE_CURVE('',#240,#242,#244,.T.);
#240 = VERTEX_POINT('',#241);
#241 = CARTESIAN_POINT('',(55.,-28.,-100.));
#242 = VERTEX_POINT('',#243);
#243 = CARTESIAN_POINT('',(55.,-20.,-100.));
#244 = LINE('',#245,#246);
#245 = CARTESIAN_POINT('',(55.,-30.,-100.));
#246 = VECTOR('',#247,1.);
#247 = DIRECTION('',(0.,1.,0.));
#248 = ORIENTED_EDGE('',*,*,#249,.T.);
#249 = EDGE_CURVE('',#242,#250,#252,.T.);
#250 = VERTEX_POINT('',#251);
#251 = CARTESIAN_POINT('',(55.,-20.,-4.));
#252 = LINE('',#253,#254);
#253 = CARTESIAN_POINT('',(55.,-20.,-100.));
#254 = VECTOR('',#255,1.);
#255 = DIRECTION('',(0.,0.,1.));
#256 = ORIENTED_EDGE('',*,*,#257,.F.);
#257 = EDGE_CURVE('',#258,#250,#260,.T.);
#258 = VERTEX_POINT('',#259);
#259 = CARTESIAN_POINT('',(55.,-16.,1.E-15));
#260 = CIRCLE('',#261,4.);
#261 = AXIS2_PLACEMENT_3D('',#262,#263,#264);
#262 = CARTESIAN_POINT('',(55.,-16.,-4.));
#263 = DIRECTION('',(1.,-0.,0.));
#264 = DIRECTION('',(0.,0.,-1.));
#265 = ORIENTED_EDGE('',*,*,#266,.T.);
#266 = EDGE_CURVE('',#258,#267,#269,.T.);
#267 = VERTEX_POINT('',#268);
#268 = CARTESIAN_POINT('',(55.,40.,0.));
#269 = LINE('',#270,#271);
#270 = CARTESIAN_POINT('',(55.,-30.,0.));
#271 = VECTOR('',#272,1.);
#272 = DIRECTION('',(0.,1.,0.));
#273 = ORIENTED_EDGE('',*,*,#274,.T.);
#274 = EDGE_CURVE('',#267,#275,#277,.T.);
#275 = VERTEX_POINT('',#276);
#276 = CARTESIAN_POINT('',(55.,40.,5.));
#277 = LINE('',#278,#279);
#278 = CARTESIAN_POINT('',(55.,40.,0.));
#279 = VECTOR('',#280,1.);
#280 = DIRECTION('',(0.,0.,1.));
#281 = ORIENTED_EDGE('',*,*,#282,.F.);
#282 = EDGE_CURVE('',#283,#275,#285,.T.);
#283 = VERTEX_POINT('',#284);
#284 = CARTESIAN_POINT('',(55.,-28.,5.));
#285 = LINE('',#286,#287);
#286 = CARTESIAN_POINT('',(55.,-30.,5.));
#287 = VECTOR('',#288,1.);
#288 = DIRECTION('',(0.,1.,0.));
#289 = ORIENTED_EDGE('',*,*,#290,.T.);
#290 = EDGE_CURVE('',#283,#240,#291,.T.);
#291 = LINE('',#292,#293);
#292 = CARTESIAN_POINT('',(55.,-28.,5.));
#293 = VECTOR('',#294,1.);
#294 = DIRECTION('',(0.,0.,-1.));
#295 = PLANE('',#296);
#296 = AXIS2_PLACEMENT_3D('',#297,#298,#299);
#297 = CARTESIAN_POINT('',(55.,-12.14285714285,-30.35714285714));
#298 = DIRECTION('',(1.,0.,0.));
#299 = DIRECTION('',(0.,0.,1.));
#300 = ADVANCED_FACE('',(#301),#326,.T.);
#301 = FACE_BOUND('',#302,.T.);
#302 = EDGE_LOOP('',(#303,#304,#312,#320));
#303 = ORIENTED_EDGE('',*,*,#239,.F.);
#304 = ORIENTED_EDGE('',*,*,#305,.T.);
#305 = EDGE_CURVE('',#240,#306,#308,.T.);
#306 = VERTEX_POINT('',#307);
#307 = CARTESIAN_POINT('',(-55.,-28.,-100.));
#308 = LINE('',#309,#310);
#309 = CARTESIAN_POINT('',(55.,-28.,-100.));
#310 = VECTOR('',#311,1.);
#311 = DIRECTION('',(-1.,-0.,-0.));
#312 = ORIENTED_EDGE('',*,*,#313,.T.);
#313 = EDGE_CURVE('',#306,#314,#316,.T.);
#314 = VERTEX_POINT('',#315);
#315 = CARTESIAN_POINT('',(-55.,-20.,-100.));
#316 = LINE('',#317,#318);
#317 = CARTESIAN_POINT('',(-55.,-30.,-100.));
#318 = VECTOR('',#319,1.);
#319 = DIRECTION('',(0.,1.,0.));
#320 = ORIENTED_EDGE('',*,*,#321,.F.);
#321 = EDGE_CURVE('',#242,#314,#322,.T.);
#322 = LINE('',#323,#324);
#323 = CARTESIAN_POINT('',(55.,-20.,-100.));
#324 = VECTOR('',#325,1.);
#325 = DIRECTION('',(-1.,-0.,-0.));
#326 = PLANE('',#327);
#327 = AXIS2_PLACEMENT_3D('',#328,#329,#330);
#328 = CARTESIAN_POINT('',(55.,-30.,-100.));
#329 = DIRECTION('',(0.,0.,-1.));
#330 = DIRECTION('',(0.,1.,0.));
#331 = ADVANCED_FACE('',(#332),#359,.T.);
#332 = FACE_BOUND('',#333,.T.);
#333 = EDGE_LOOP('',(#334,#343,#351,#358));
#334 = ORIENTED_EDGE('',*,*,#335,.F.);
#335 = EDGE_CURVE('',#336,#283,#338,.T.);
#336 = VERTEX_POINT('',#337);
#337 = CARTESIAN_POINT('',(53.,-30.,3.));
#338 = ELLIPSE('',#339,2.828427124746,2.);
#339 = AXIS2_PLACEMENT_3D('',#340,#341,#342);
#340 = CARTESIAN_POINT('',(53.,-28.,3.));
#341 = DIRECTION('',(-0.707106781187,0.,0.707106781187));
#342 = DIRECTION('',(0.707106781187,0.,0.707106781187));
#343 = ORIENTED_EDGE('',*,*,#344,.T.);
#344 = EDGE_CURVE('',#336,#345,#347,.T.);
#345 = VERTEX_POINT('',#346);
#346 = CARTESIAN_POINT('',(53.,-30.,-98.));
#347 = LINE('',#348,#349);
#348 = CARTESIAN_POINT('',(53.,-30.,5.));
#349 = VECTOR('',#350,1.);
#350 = DIRECTION('',(0.,0.,-1.));
#351 = ORIENTED_EDGE('',*,*,#352,.F.);
#352 = EDGE_CURVE('',#240,#345,#353,.T.);
#353 = ELLIPSE('',#354,2.828427124746,2.);
#354 = AXIS2_PLACEMENT_3D('',#355,#356,#357);
#355 = CARTESIAN_POINT('',(53.,-28.,-98.));
#356 = DIRECTION('',(-0.707106781187,0.,-0.707106781187));
#357 = DIRECTION('',(-0.707106781187,0.,0.707106781187));
#358 = ORIENTED_EDGE('',*,*,#290,.F.);
#359 = CYLINDRICAL_SURFACE('',#360,2.);
#360 = AXIS2_PLACEMENT_3D('',#361,#362,#363);
#361 = CARTESIAN_POINT('',(53.,-28.,5.));
#362 = DIRECTION('',(0.,0.,-1.));
#363 = DIRECTION('',(1.,0.,0.));
#364 = ADVANCED_FACE('',(#365,#509,#543,#577,#611),#645,.T.);
#365 = FACE_BOUND('',#366,.T.);
#366 = EDGE_LOOP('',(#367,#368,#369,#377,#385,#440,#448,#503));
#367 = ORIENTED_EDGE('',*,*,#249,.F.);
#368 = ORIENTED_EDGE('',*,*,#321,.T.);
#369 = ORIENTED_EDGE('',*,*,#370,.T.);
#370 = EDGE_CURVE('',#314,#371,#373,.T.);
#371 = VERTEX_POINT('',#372);
#372 = CARTESIAN_POINT('',(-55.,-20.,-4.));
#373 = LINE('',#374,#375);
#374 = CARTESIAN_POINT('',(-55.,-20.,-100.));
#375 = VECTOR('',#376,1.);
#376 = DIRECTION('',(0.,0.,1.));
#377 = ORIENTED_EDGE('',*,*,#378,.F.);
#378 = EDGE_CURVE('',#379,#371,#381,.T.);
#379 = VERTEX_POINT('',#380);
#380 = CARTESIAN_POINT('',(-40.34832913387,-20.,-4.));
#381 = LINE('',#382,#383);
#382 = CARTESIAN_POINT('',(55.,-20.,-4.));
#383 = VECTOR('',#384,1.);
#384 = DIRECTION('',(-1.,-0.,-0.));
#385 = ORIENTED_EDGE('',*,*,#386,.F.);
#386 = EDGE_CURVE('',#387,#379,#389,.T.);
#387 = VERTEX_POINT('',#388);
#388 = CARTESIAN_POINT('',(-34.65167086612,-20.,-4.));
#389 = ( BOUNDED_CURVE() B_SPLINE_CURVE(9,(#390,#391,#392,#393,#394,#395
    ,#396,#397,#398,#399,#400,#401,#402,#403,#404,#405,#406,#407,#408,
    #409,#410,#411,#412,#413,#414,#415,#416,#417,#418,#419,#420,#421,
    #422,#423,#424,#425,#426,#427,#428,#429,#430,#431,#432,#433,#434,
    #435,#436,#437,#438,#439),.UNSPECIFIED.,.F.,.F.) 
B_SPLINE_CURVE_WITH_KNOTS((10,8,8,8,8,8,10),(89.651670866126,
    90.363753149594,91.075835433063,92.5,93.924164566937,94.636246850406
,95.348329133874),.UNSPECIFIED.) CURVE() GEOMETRIC_REPRESENTATION_ITEM()
 RATIONAL_B_SPLINE_CURVE((1.,1.,1.,1.,1.,1.,1.,1.,1.,1.,1.,1.,1.,1.,1.,
    1.,1.,1.,1.,1.,1.,1.,1.,1.,1.,1.,1.,1.,1.,1.,1.,1.,1.,1.,1.,1.,1.,1.
,1.,1.,1.,1.,1.,1.,1.,1.,1.,1.,1.,1.)) REPRESENTATION_ITEM('') );
#390 = CARTESIAN_POINT('',(-34.65167086612,-20.,-4.));
#391 = CARTESIAN_POINT('',(-34.73079111984,-20.,-4.));
#392 = CARTESIAN_POINT('',(-34.80991137356,-20.,-3.984052697086));
#393 = CARTESIAN_POINT('',(-34.88903162728,-20.,-3.968021909571));
#394 = CARTESIAN_POINT('',(-34.968151881,-20.,-3.944920806808));
#395 = CARTESIAN_POINT('',(-35.04727213471,-20.,-3.923984798245));
#396 = CARTESIAN_POINT('',(-35.12639238843,-20.,-3.899485651105));
#397 = CARTESIAN_POINT('',(-35.20551264215,-20.,-3.875634576973));
#398 = CARTESIAN_POINT('',(-35.28463289587,-20.,-3.85116774351));
#399 = CARTESIAN_POINT('',(-35.44287340331,-20.,-3.802330666503));
#400 = CARTESIAN_POINT('',(-35.52199365703,-20.,-3.77791240162));
#401 = CARTESIAN_POINT('',(-35.60111391075,-20.,-3.753725599795));
#402 = CARTESIAN_POINT('',(-35.68023416446,-20.,-3.729952038121));
#403 = CARTESIAN_POINT('',(-35.75935441818,-20.,-3.706733992712));
#404 = CARTESIAN_POINT('',(-35.8384746719,-20.,-3.684184150065));
#405 = CARTESIAN_POINT('',(-35.91759492562,-20.,-3.662395518432));
#406 = CARTESIAN_POINT('',(-35.99671517934,-20.,-3.64145133918));
#407 = CARTESIAN_POINT('',(-36.2340759405,-20.,-3.581402316124));
#408 = CARTESIAN_POINT('',(-36.39231644793,-20.,-3.545076979384));
#409 = CARTESIAN_POINT('',(-36.55055695537,-20.,-3.513037095475));
#410 = CARTESIAN_POINT('',(-36.70879746281,-20.,-3.485747658796));
#411 = CARTESIAN_POINT('',(-36.86703797025,-20.,-3.463567996956));
#412 = CARTESIAN_POINT('',(-37.02527847768,-20.,-3.446759217122));
#413 = CARTESIAN_POINT('',(-37.18351898512,-20.,-3.435491652369));
#414 = CARTESIAN_POINT('',(-37.34175949256,-20.,-3.429852308027));
#415 = CARTESIAN_POINT('',(-37.65824050743,-20.,-3.429852308027));
#416 = CARTESIAN_POINT('',(-37.81648101487,-20.,-3.435491652369));
#417 = CARTESIAN_POINT('',(-37.97472152231,-20.,-3.446759217122));
#418 = CARTESIAN_POINT('',(-38.13296202975,-20.,-3.463567996956));
#419 = CARTESIAN_POINT('',(-38.29120253718,-20.,-3.485747658796));
#420 = CARTESIAN_POINT('',(-38.44944304462,-20.,-3.513037095475));
#421 = CARTESIAN_POINT('',(-38.60768355206,-20.,-3.545076979384));
#422 = CARTESIAN_POINT('',(-38.7659240595,-20.,-3.581402316124));
#423 = CARTESIAN_POINT('',(-39.00328482065,-20.,-3.64145133918));
#424 = CARTESIAN_POINT('',(-39.08240507437,-20.,-3.662395518432));
#425 = CARTESIAN_POINT('',(-39.16152532809,-20.,-3.684184150065));
#426 = CARTESIAN_POINT('',(-39.24064558181,-20.,-3.706733992712));
#427 = CARTESIAN_POINT('',(-39.31976583553,-20.,-3.729952038121));
#428 = CARTESIAN_POINT('',(-39.39888608924,-20.,-3.753725599795));
#429 = CARTESIAN_POINT('',(-39.47800634296,-20.,-3.77791240162));
#430 = CARTESIAN_POINT('',(-39.55712659668,-20.,-3.802330666503));
#431 = CARTESIAN_POINT('',(-39.71536710412,-20.,-3.85116774351));
#432 = CARTESIAN_POINT('',(-39.79448735784,-20.,-3.875634576973));
#433 = CARTESIAN_POINT('',(-39.87360761156,-20.,-3.899485651105));
#434 = CARTESIAN_POINT('',(-39.95272786528,-20.,-3.923984798245));
#435 = CARTESIAN_POINT('',(-40.03184811899,-20.,-3.94492080681));
#436 = CARTESIAN_POINT('',(-40.11096837271,-20.,-3.968021909569));
#437 = CARTESIAN_POINT('',(-40.19008862643,-20.,-3.984052697087));
#438 = CARTESIAN_POINT('',(-40.26920888015,-20.,-4.));
#439 = CARTESIAN_POINT('',(-40.34832913387,-20.,-4.));
#440 = ORIENTED_EDGE('',*,*,#441,.F.);
#441 = EDGE_CURVE('',#442,#387,#444,.T.);
#442 = VERTEX_POINT('',#443);
#443 = CARTESIAN_POINT('',(34.651670866126,-20.,-4.));
#444 = LINE('',#445,#446);
#445 = CARTESIAN_POINT('',(55.,-20.,-4.));
#446 = VECTOR('',#447,1.);
#447 = DIRECTION('',(-1.,-0.,-0.));
#448 = ORIENTED_EDGE('',*,*,#449,.F.);
#449 = EDGE_CURVE('',#450,#442,#452,.T.);
#450 = VERTEX_POINT('',#451);
#451 = CARTESIAN_POINT('',(40.348329133874,-20.,-4.));
#452 = ( BOUNDED_CURVE() B_SPLINE_CURVE(9,(#453,#454,#455,#456,#457,#458
    ,#459,#460,#461,#462,#463,#464,#465,#466,#467,#468,#469,#470,#471,
    #472,#473,#474,#475,#476,#477,#478,#479,#480,#481,#482,#483,#484,
    #485,#486,#487,#488,#489,#490,#491,#492,#493,#494,#495,#496,#497,
    #498,#499,#500,#501,#502),.UNSPECIFIED.,.F.,.F.) 
B_SPLINE_CURVE_WITH_KNOTS((10,8,8,8,8,8,10),(14.651670866126,
    15.363753149594,16.075835433063,17.5,18.924164566937,19.636246850406
,20.348329133874),.UNSPECIFIED.) CURVE() GEOMETRIC_REPRESENTATION_ITEM()
 RATIONAL_B_SPLINE_CURVE((1.,1.,1.,1.,1.,1.,1.,1.,1.,1.,1.,1.,1.,1.,1.,
    1.,1.,1.,1.,1.,1.,1.,1.,1.,1.,1.,1.,1.,1.,1.,1.,1.,1.,1.,1.,1.,1.,1.
,1.,1.,1.,1.,1.,1.,1.,1.,1.,1.,1.,1.)) REPRESENTATION_ITEM('') );
#453 = CARTESIAN_POINT('',(40.348329133874,-20.,-4.));
#454 = CARTESIAN_POINT('',(40.269208880155,-20.,-4.));
#455 = CARTESIAN_POINT('',(40.190088626437,-20.,-3.984052697086));
#456 = CARTESIAN_POINT('',(40.110968372718,-20.,-3.968021909571));
#457 = CARTESIAN_POINT('',(40.031848118999,-20.,-3.944920806808));
#458 = CARTESIAN_POINT('',(39.952727865281,-20.,-3.923984798245));
#459 = CARTESIAN_POINT('',(39.873607611562,-20.,-3.899485651105));
#460 = CARTESIAN_POINT('',(39.794487357843,-20.,-3.875634576973));
#461 = CARTESIAN_POINT('',(39.715367104124,-20.,-3.85116774351));
#462 = CARTESIAN_POINT('',(39.557126596687,-20.,-3.802330666503));
#463 = CARTESIAN_POINT('',(39.478006342968,-20.,-3.77791240162));
#464 = CARTESIAN_POINT('',(39.398886089249,-20.,-3.753725599795));
#465 = CARTESIAN_POINT('',(39.319765835531,-20.,-3.729952038121));
#466 = CARTESIAN_POINT('',(39.240645581812,-20.,-3.706733992712));
#467 = CARTESIAN_POINT('',(39.161525328093,-20.,-3.684184150065));
#468 = CARTESIAN_POINT('',(39.082405074375,-20.,-3.662395518432));
#469 = CARTESIAN_POINT('',(39.003284820656,-20.,-3.64145133918));
#470 = CARTESIAN_POINT('',(38.7659240595,-20.,-3.581402316124));
#471 = CARTESIAN_POINT('',(38.607683552062,-20.,-3.545076979384));
#472 = CARTESIAN_POINT('',(38.449443044625,-20.,-3.513037095475));
#473 = CARTESIAN_POINT('',(38.291202537187,-20.,-3.485747658796));
#474 = CARTESIAN_POINT('',(38.13296202975,-20.,-3.463567996956));
#475 = CARTESIAN_POINT('',(37.974721522312,-20.,-3.446759217122));
#476 = CARTESIAN_POINT('',(37.816481014875,-20.,-3.435491652369));
#477 = CARTESIAN_POINT('',(37.658240507437,-20.,-3.429852308027));
#478 = CARTESIAN_POINT('',(37.341759492563,-20.,-3.429852308027));
#479 = CARTESIAN_POINT('',(37.183518985125,-20.,-3.435491652369));
#480 = CARTESIAN_POINT('',(37.025278477688,-20.,-3.446759217122));
#481 = CARTESIAN_POINT('',(36.86703797025,-20.,-3.463567996956));
#482 = CARTESIAN_POINT('',(36.708797462813,-20.,-3.485747658796));
#483 = CARTESIAN_POINT('',(36.550556955375,-20.,-3.513037095475));
#484 = CARTESIAN_POINT('',(36.392316447938,-20.,-3.545076979384));
#485 = CARTESIAN_POINT('',(36.2340759405,-20.,-3.581402316124));
#486 = CARTESIAN_POINT('',(35.996715179344,-20.,-3.64145133918));
#487 = CARTESIAN_POINT('',(35.917594925626,-20.,-3.662395518432));
#488 = CARTESIAN_POINT('',(35.838474671907,-20.,-3.684184150065));
#489 = CARTESIAN_POINT('',(35.759354418188,-20.,-3.706733992712));
#490 = CARTESIAN_POINT('',(35.680234164469,-20.,-3.729952038121));
#491 = CARTESIAN_POINT('',(35.601113910751,-20.,-3.753725599795));
#492 = CARTESIAN_POINT('',(35.521993657032,-20.,-3.77791240162));
#493 = CARTESIAN_POINT('',(35.442873403313,-20.,-3.802330666503));
#494 = CARTESIAN_POINT('',(35.284632895876,-20.,-3.85116774351));
#495 = CARTESIAN_POINT('',(35.205512642157,-20.,-3.875634576973));
#496 = CARTESIAN_POINT('',(35.126392388438,-20.,-3.899485651105));
#497 = CARTESIAN_POINT('',(35.047272134719,-20.,-3.923984798244));
#498 = CARTESIAN_POINT('',(34.968151881001,-20.,-3.94492080681));
#499 = CARTESIAN_POINT('',(34.889031627282,-20.,-3.968021909568));
#500 = CARTESIAN_POINT('',(34.809911373563,-20.,-3.984052697087));
#501 = CARTESIAN_POINT('',(34.730791119845,-20.,-4.));
#502 = CARTESIAN_POINT('',(34.651670866126,-20.,-4.));
#503 = ORIENTED_EDGE('',*,*,#504,.F.);
#504 = EDGE_CURVE('',#250,#450,#505,.T.);
#505 = LINE('',#506,#507);
#506 = CARTESIAN_POINT('',(55.,-20.,-4.));
#507 = VECTOR('',#508,1.);
#508 = DIRECTION('',(-1.,-0.,-0.));
#509 = FACE_BOUND('',#510,.T.);
#510 = EDGE_LOOP('',(#511,#521,#529,#537));
#511 = ORIENTED_EDGE('',*,*,#512,.F.);
#512 = EDGE_CURVE('',#513,#515,#517,.T.);
#513 = VERTEX_POINT('',#514);
#514 = CARTESIAN_POINT('',(-41.1802872707,-20.,-56.44736000291));
#515 = VERTEX_POINT('',#516);
#516 = CARTESIAN_POINT('',(-41.1802872707,-20.,-51.44736000291));
#517 = LINE('',#518,#519);
#518 = CARTESIAN_POINT('',(-41.1802872707,-20.,-75.72368000145));
#519 = VECTOR('',#520,1.);
#520 = DIRECTION('',(0.,0.,1.));
#521 = ORIENTED_EDGE('',*,*,#522,.F.);
#522 = EDGE_CURVE('',#523,#513,#525,.T.);
#523 = VERTEX_POINT('',#524);
#524 = CARTESIAN_POINT('',(38.819712729295,-20.,-56.44736000291));
#525 = LINE('',#526,#527);
#526 = CARTESIAN_POINT('',(6.909856364647,-20.,-56.44736000291));
#527 = VECTOR('',#528,1.);
#528 = DIRECTION('',(-1.,0.,0.));
#529 = ORIENTED_EDGE('',*,*,#530,.F.);
#530 = EDGE_CURVE('',#531,#523,#533,.T.);
#531 = VERTEX_POINT('',#532);
#532 = CARTESIAN_POINT('',(38.819712729295,-20.,-51.44736000291));
#533 = LINE('',#534,#535);
#534 = CARTESIAN_POINT('',(38.819712729295,-20.,-78.22368000145));
#535 = VECTOR('',#536,1.);
#536 = DIRECTION('',(0.,0.,-1.));
#537 = ORIENTED_EDGE('',*,*,#538,.F.);
#538 = EDGE_CURVE('',#515,#531,#539,.T.);
#539 = LINE('',#540,#541);
#540 = CARTESIAN_POINT('',(46.909856364647,-20.,-51.44736000291));
#541 = VECTOR('',#542,1.);
#542 = DIRECTION('',(1.,0.,0.));
#543 = FACE_BOUND('',#544,.T.);
#544 = EDGE_LOOP('',(#545,#555,#563,#571));
#545 = ORIENTED_EDGE('',*,*,#546,.F.);
#546 = EDGE_CURVE('',#547,#549,#551,.T.);
#547 = VERTEX_POINT('',#548);
#548 = CARTESIAN_POINT('',(-41.180287,-20.,-92.399086));
#549 = VERTEX_POINT('',#550);
#550 = CARTESIAN_POINT('',(-41.180287,-20.,-87.399086));
#551 = LINE('',#552,#553);
#552 = CARTESIAN_POINT('',(-41.180287,-20.,-93.699543));
#553 = VECTOR('',#554,1.);
#554 = DIRECTION('',(0.,0.,1.));
#555 = ORIENTED_EDGE('',*,*,#556,.F.);
#556 = EDGE_CURVE('',#557,#547,#559,.T.);
#557 = VERTEX_POINT('',#558);
#558 = CARTESIAN_POINT('',(38.819713,-20.,-92.399086));
#559 = LINE('',#560,#561);
#560 = CARTESIAN_POINT('',(6.9098565,-20.,-92.399086));
#561 = VECTOR('',#562,1.);
#562 = DIRECTION('',(-1.,0.,0.));
#563 = ORIENTED_EDGE('',*,*,#564,.F.);
#564 = EDGE_CURVE('',#565,#557,#567,.T.);
#565 = VERTEX_POINT('',#566);
#566 = CARTESIAN_POINT('',(38.819713,-20.,-87.399086));
#567 = LINE('',#568,#569);
#568 = CARTESIAN_POINT('',(38.819713,-20.,-96.199543));
#569 = VECTOR('',#570,1.);
#570 = DIRECTION('',(0.,0.,-1.));
#571 = ORIENTED_EDGE('',*,*,#572,.F.);
#572 = EDGE_CURVE('',#549,#565,#573,.T.);
#573 = LINE('',#574,#575);
#574 = CARTESIAN_POINT('',(46.9098565,-20.,-87.399086));
#575 = VECTOR('',#576,1.);
#576 = DIRECTION('',(1.,0.,0.));
#577 = FACE_BOUND('',#578,.T.);
#578 = EDGE_LOOP('',(#579,#589,#597,#605));
#579 = ORIENTED_EDGE('',*,*,#580,.F.);
#580 = EDGE_CURVE('',#581,#583,#585,.T.);
#581 = VERTEX_POINT('',#582);
#582 = CARTESIAN_POINT('',(-41.180287,-20.,-74.423223));
#583 = VERTEX_POINT('',#584);
#584 = CARTESIAN_POINT('',(-41.180287,-20.,-69.423223));
#585 = LINE('',#586,#587);
#586 = CARTESIAN_POINT('',(-41.180287,-20.,-84.7116115));
#587 = VECTOR('',#588,1.);
#588 = DIRECTION('',(0.,0.,1.));
#589 = ORIENTED_EDGE('',*,*,#590,.F.);
#590 = EDGE_CURVE('',#591,#581,#593,.T.);
#591 = VERTEX_POINT('',#592);
#592 = CARTESIAN_POINT('',(38.819713,-20.,-74.423223));
#593 = LINE('',#594,#595);
#594 = CARTESIAN_POINT('',(6.9098565,-20.,-74.423223));
#595 = VECTOR('',#596,1.);
#596 = DIRECTION('',(-1.,0.,0.));
#597 = ORIENTED_EDGE('',*,*,#598,.F.);
#598 = EDGE_CURVE('',#599,#591,#601,.T.);
#599 = VERTEX_POINT('',#600);
#600 = CARTESIAN_POINT('',(38.819713,-20.,-69.423223));
#601 = LINE('',#602,#603);
#602 = CARTESIAN_POINT('',(38.819713,-20.,-87.2116115));
#603 = VECTOR('',#604,1.);
#604 = DIRECTION('',(0.,0.,-1.));
#605 = ORIENTED_EDGE('',*,*,#606,.F.);
#606 = EDGE_CURVE('',#583,#599,#607,.T.);
#607 = LINE('',#608,#609);
#608 = CARTESIAN_POINT('',(46.9098565,-20.,-69.423223));
#609 = VECTOR('',#610,1.);
#610 = DIRECTION('',(1.,0.,0.));
#611 = FACE_BOUND('',#612,.T.);
#612 = EDGE_LOOP('',(#613,#623,#631,#639));
#613 = ORIENTED_EDGE('',*,*,#614,.F.);
#614 = EDGE_CURVE('',#615,#617,#619,.T.);
#615 = VERTEX_POINT('',#616);
#616 = CARTESIAN_POINT('',(-41.180287,-20.,-42.650993));
#617 = VERTEX_POINT('',#618);
#618 = CARTESIAN_POINT('',(-41.180287,-20.,-37.650993));
#619 = LINE('',#620,#621);
#620 = CARTESIAN_POINT('',(-41.180287,-20.,-68.8254965));
#621 = VECTOR('',#622,1.);
#622 = DIRECTION('',(0.,0.,1.));
#623 = ORIENTED_EDGE('',*,*,#624,.F.);
#624 = EDGE_CURVE('',#625,#615,#627,.T.);
#625 = VERTEX_POINT('',#626);
#626 = CARTESIAN_POINT('',(38.819713,-20.,-42.650993));
#627 = LINE('',#628,#629);
#628 = CARTESIAN_POINT('',(6.9098565,-20.,-42.650993));
#629 = VECTOR('',#630,1.);
#630 = DIRECTION('',(-1.,0.,0.));
#631 = ORIENTED_EDGE('',*,*,#632,.F.);
#632 = EDGE_CURVE('',#633,#625,#635,.T.);
#633 = VERTEX_POINT('',#634);
#634 = CARTESIAN_POINT('',(38.819713,-20.,-37.650993));
#635 = LINE('',#636,#637);
#636 = CARTESIAN_POINT('',(38.819713,-20.,-71.3254965));
#637 = VECTOR('',#638,1.);
#638 = DIRECTION('',(0.,0.,-1.));
#639 = ORIENTED_EDGE('',*,*,#640,.F.);
#640 = EDGE_CURVE('',#617,#633,#641,.T.);
#641 = LINE('',#642,#643);
#642 = CARTESIAN_POINT('',(46.9098565,-20.,-37.650993));
#643 = VECTOR('',#644,1.);
#644 = DIRECTION('',(1.,0.,0.));
#645 = PLANE('',#646);
#646 = AXIS2_PLACEMENT_3D('',#647,#648,#649);
#647 = CARTESIAN_POINT('',(55.,-20.,-100.));
#648 = DIRECTION('',(0.,1.,0.));
#649 = DIRECTION('',(0.,0.,1.));
#650 = ADVANCED_FACE('',(#651,#708,#719,#730,#741,#752,#763,#774,#785),
  #796,.T.);
#651 = FACE_BOUND('',#652,.T.);
#652 = EDGE_LOOP('',(#653,#663,#669,#670,#678,#686,#694,#702));
#653 = ORIENTED_EDGE('',*,*,#654,.T.);
#654 = EDGE_CURVE('',#655,#657,#659,.T.);
#655 = VERTEX_POINT('',#656);
#656 = CARTESIAN_POINT('',(-55.,40.,5.));
#657 = VERTEX_POINT('',#658);
#658 = CARTESIAN_POINT('',(-55.,-28.,5.));
#659 = LINE('',#660,#661);
#660 = CARTESIAN_POINT('',(-55.,40.,5.));
#661 = VECTOR('',#662,1.);
#662 = DIRECTION('',(0.,-1.,0.));
#663 = ORIENTED_EDGE('',*,*,#664,.T.);
#664 = EDGE_CURVE('',#657,#283,#665,.T.);
#665 = LINE('',#666,#667);
#666 = CARTESIAN_POINT('',(-55.,-28.,5.));
#667 = VECTOR('',#668,1.);
#668 = DIRECTION('',(1.,0.,0.));
#669 = ORIENTED_EDGE('',*,*,#282,.T.);
#670 = ORIENTED_EDGE('',*,*,#671,.T.);
#671 = EDGE_CURVE('',#275,#672,#674,.T.);
#672 = VERTEX_POINT('',#673);
#673 = CARTESIAN_POINT('',(17.5,40.,5.));
#674 = LINE('',#675,#676);
#675 = CARTESIAN_POINT('',(55.,40.,5.));
#676 = VECTOR('',#677,1.);
#677 = DIRECTION('',(-1.,0.,0.));
#678 = ORIENTED_EDGE('',*,*,#679,.T.);
#679 = EDGE_CURVE('',#672,#680,#682,.T.);
#680 = VERTEX_POINT('',#681);
#681 = CARTESIAN_POINT('',(17.5,-9.659887,5.));
#682 = LINE('',#683,#684);
#683 = CARTESIAN_POINT('',(17.5,40.,5.));
#684 = VECTOR('',#685,1.);
#685 = DIRECTION('',(0.,-1.,0.));
#686 = ORIENTED_EDGE('',*,*,#687,.T.);
#687 = EDGE_CURVE('',#680,#688,#690,.T.);
#688 = VERTEX_POINT('',#689);
#689 = CARTESIAN_POINT('',(-17.5,-9.659887,5.));
#690 = LINE('',#691,#692);
#691 = CARTESIAN_POINT('',(17.5,-9.659887,5.));
#692 = VECTOR('',#693,1.);
#693 = DIRECTION('',(-1.,1.E-16,0.));
#694 = ORIENTED_EDGE('',*,*,#695,.T.);
#695 = EDGE_CURVE('',#688,#696,#698,.T.);
#696 = VERTEX_POINT('',#697);
#697 = CARTESIAN_POINT('',(-17.5,40.,5.));
#698 = LINE('',#699,#700);
#699 = CARTESIAN_POINT('',(-17.5,-9.659887,5.));
#700 = VECTOR('',#701,1.);
#701 = DIRECTION('',(0.,1.,0.));
#702 = ORIENTED_EDGE('',*,*,#703,.T.);
#703 = EDGE_CURVE('',#696,#655,#704,.T.);
#704 = LINE('',#705,#706);
#705 = CARTESIAN_POINT('',(-17.5,40.,5.));
#706 = VECTOR('',#707,1.);
#707 = DIRECTION('',(-1.,0.,0.));
#708 = FACE_BOUND('',#709,.F.);
#709 = EDGE_LOOP('',(#710));
#710 = ORIENTED_EDGE('',*,*,#711,.T.);
#711 = EDGE_CURVE('',#712,#712,#714,.T.);
#712 = VERTEX_POINT('',#713);
#713 = CARTESIAN_POINT('',(-35.25,0.,5.));
#714 = CIRCLE('',#715,2.25);
#715 = AXIS2_PLACEMENT_3D('',#716,#717,#718);
#716 = CARTESIAN_POINT('',(-37.5,0.,5.));
#717 = DIRECTION('',(0.,0.,1.));
#718 = DIRECTION('',(1.,0.,0.));
#719 = FACE_BOUND('',#720,.F.);
#720 = EDGE_LOOP('',(#721));
#721 = ORIENTED_EDGE('',*,*,#722,.T.);
#722 = EDGE_CURVE('',#723,#723,#725,.T.);
#723 = VERTEX_POINT('',#724);
#724 = CARTESIAN_POINT('',(39.75,0.,5.));
#725 = CIRCLE('',#726,2.25);
#726 = AXIS2_PLACEMENT_3D('',#727,#728,#729);
#727 = CARTESIAN_POINT('',(37.5,0.,5.));
#728 = DIRECTION('',(0.,0.,1.));
#729 = DIRECTION('',(1.,0.,0.));
#730 = FACE_BOUND('',#731,.F.);
#731 = EDGE_LOOP('',(#732));
#732 = ORIENTED_EDGE('',*,*,#733,.T.);
#733 = EDGE_CURVE('',#734,#734,#736,.T.);
#734 = VERTEX_POINT('',#735);
#735 = CARTESIAN_POINT('',(-35.25,14.09116,5.));
#736 = CIRCLE('',#737,2.25);
#737 = AXIS2_PLACEMENT_3D('',#738,#739,#740);
#738 = CARTESIAN_POINT('',(-37.5,14.09116,5.));
#739 = DIRECTION('',(0.,0.,1.));
#740 = DIRECTION('',(1.,0.,0.));
#741 = FACE_BOUND('',#742,.F.);
#742 = EDGE_LOOP('',(#743));
#743 = ORIENTED_EDGE('',*,*,#744,.T.);
#744 = EDGE_CURVE('',#745,#745,#747,.T.);
#745 = VERTEX_POINT('',#746);
#746 = CARTESIAN_POINT('',(39.75,14.09116,5.));
#747 = CIRCLE('',#748,2.25);
#748 = AXIS2_PLACEMENT_3D('',#749,#750,#751);
#749 = CARTESIAN_POINT('',(37.5,14.09116,5.));
#750 = DIRECTION('',(0.,0.,1.));
#751 = DIRECTION('',(1.,0.,0.));
#752 = FACE_BOUND('',#753,.F.);
#753 = EDGE_LOOP('',(#754));
#754 = ORIENTED_EDGE('',*,*,#755,.T.);
#755 = EDGE_CURVE('',#756,#756,#758,.T.);
#756 = VERTEX_POINT('',#757);
#757 = CARTESIAN_POINT('',(-35.25,-15.058182,5.));
#758 = CIRCLE('',#759,2.25);
#759 = AXIS2_PLACEMENT_3D('',#760,#761,#762);
#760 = CARTESIAN_POINT('',(-37.5,-15.058182,5.));
#761 = DIRECTION('',(0.,0.,1.));
#762 = DIRECTION('',(1.,0.,0.));
#763 = FACE_BOUND('',#764,.F.);
#764 = EDGE_LOOP('',(#765));
#765 = ORIENTED_EDGE('',*,*,#766,.T.);
#766 = EDGE_CURVE('',#767,#767,#769,.T.);
#767 = VERTEX_POINT('',#768);
#768 = CARTESIAN_POINT('',(39.75,-15.058182,5.));
#769 = CIRCLE('',#770,2.25);
#770 = AXIS2_PLACEMENT_3D('',#771,#772,#773);
#771 = CARTESIAN_POINT('',(37.5,-15.058182,5.));
#772 = DIRECTION('',(0.,0.,1.));
#773 = DIRECTION('',(1.,0.,0.));
#774 = FACE_BOUND('',#775,.F.);
#775 = EDGE_LOOP('',(#776));
#776 = ORIENTED_EDGE('',*,*,#777,.T.);
#777 = EDGE_CURVE('',#778,#778,#780,.T.);
#778 = VERTEX_POINT('',#779);
#779 = CARTESIAN_POINT('',(-35.25,28.008329,5.));
#780 = CIRCLE('',#781,2.25);
#781 = AXIS2_PLACEMENT_3D('',#782,#783,#784);
#782 = CARTESIAN_POINT('',(-37.5,28.008329,5.));
#783 = DIRECTION('',(0.,0.,1.));
#784 = DIRECTION('',(1.,0.,0.));
#785 = FACE_BOUND('',#786,.F.);
#786 = EDGE_LOOP('',(#787));
#787 = ORIENTED_EDGE('',*,*,#788,.T.);
#788 = EDGE_CURVE('',#789,#789,#791,.T.);
#789 = VERTEX_POINT('',#790);
#790 = CARTESIAN_POINT('',(39.75,28.008329,5.));
#791 = CIRCLE('',#792,2.25);
#792 = AXIS2_PLACEMENT_3D('',#793,#794,#795);
#793 = CARTESIAN_POINT('',(37.5,28.008329,5.));
#794 = DIRECTION('',(0.,0.,1.));
#795 = DIRECTION('',(1.,0.,0.));
#796 = PLANE('',#797);
#797 = AXIS2_PLACEMENT_3D('',#798,#799,#800);
#798 = CARTESIAN_POINT('',(-5.E-17,3.980983748794,5.));
#799 = DIRECTION('',(0.,0.,1.));
#800 = DIRECTION('',(1.,0.,0.));
#801 = ADVANCED_FACE('',(#802),#821,.F.);
#802 = FACE_BOUND('',#803,.T.);
#803 = EDGE_LOOP('',(#804,#805,#806,#815));
#804 = ORIENTED_EDGE('',*,*,#257,.T.);
#805 = ORIENTED_EDGE('',*,*,#504,.T.);
#806 = ORIENTED_EDGE('',*,*,#807,.F.);
#807 = EDGE_CURVE('',#808,#450,#810,.T.);
#808 = VERTEX_POINT('',#809);
#809 = CARTESIAN_POINT('',(40.348329133874,-16.,1.E-15));
#810 = CIRCLE('',#811,4.);
#811 = AXIS2_PLACEMENT_3D('',#812,#813,#814);
#812 = CARTESIAN_POINT('',(40.348329133874,-16.,-4.));
#813 = DIRECTION('',(1.,0.,-0.));
#814 = DIRECTION('',(0.,0.,1.));
#815 = ORIENTED_EDGE('',*,*,#816,.F.);
#816 = EDGE_CURVE('',#258,#808,#817,.T.);
#817 = LINE('',#818,#819);
#818 = CARTESIAN_POINT('',(55.,-16.,8.9E-16));
#819 = VECTOR('',#820,1.);
#820 = DIRECTION('',(-1.,-0.,-0.));
#821 = CYLINDRICAL_SURFACE('',#822,4.);
#822 = AXIS2_PLACEMENT_3D('',#823,#824,#825);
#823 = CARTESIAN_POINT('',(55.,-16.,-4.));
#824 = DIRECTION('',(-1.,-0.,-0.));
#825 = DIRECTION('',(0.,0.,1.));
#826 = ADVANCED_FACE('',(#827),#845,.F.);
#827 = FACE_BOUND('',#828,.F.);
#828 = EDGE_LOOP('',(#829,#830,#831,#839));
#829 = ORIENTED_EDGE('',*,*,#274,.T.);
#830 = ORIENTED_EDGE('',*,*,#671,.T.);
#831 = ORIENTED_EDGE('',*,*,#832,.F.);
#832 = EDGE_CURVE('',#833,#672,#835,.T.);
#833 = VERTEX_POINT('',#834);
#834 = CARTESIAN_POINT('',(17.5,40.,0.));
#835 = LINE('',#836,#837);
#836 = CARTESIAN_POINT('',(17.5,40.,0.));
#837 = VECTOR('',#838,1.);
#838 = DIRECTION('',(0.,0.,1.));
#839 = ORIENTED_EDGE('',*,*,#840,.F.);
#840 = EDGE_CURVE('',#267,#833,#841,.T.);
#841 = LINE('',#842,#843);
#842 = CARTESIAN_POINT('',(55.,40.,0.));
#843 = VECTOR('',#844,1.);
#844 = DIRECTION('',(-1.,0.,0.));
#845 = PLANE('',#846);
#846 = AXIS2_PLACEMENT_3D('',#847,#848,#849);
#847 = CARTESIAN_POINT('',(55.,40.,0.));
#848 = DIRECTION('',(0.,-1.,0.));
#849 = DIRECTION('',(-1.,0.,0.));
#850 = ADVANCED_FACE('',(#851,#946,#957,#968,#979,#990,#1001),#1012,.F.
  );
#851 = FACE_BOUND('',#852,.F.);
#852 = EDGE_LOOP('',(#853,#854,#855,#863,#871,#879,#887,#895,#903,#912,
    #921,#929,#938,#945));
#853 = ORIENTED_EDGE('',*,*,#266,.T.);
#854 = ORIENTED_EDGE('',*,*,#840,.T.);
#855 = ORIENTED_EDGE('',*,*,#856,.T.);
#856 = EDGE_CURVE('',#833,#857,#859,.T.);
#857 = VERTEX_POINT('',#858);
#858 = CARTESIAN_POINT('',(17.5,-9.659887,0.));
#859 = LINE('',#860,#861);
#860 = CARTESIAN_POINT('',(17.5,40.,0.));
#861 = VECTOR('',#862,1.);
#862 = DIRECTION('',(0.,-1.,0.));
#863 = ORIENTED_EDGE('',*,*,#864,.T.);
#864 = EDGE_CURVE('',#857,#865,#867,.T.);
#865 = VERTEX_POINT('',#866);
#866 = CARTESIAN_POINT('',(-17.5,-9.659887,0.));
#867 = LINE('',#868,#869);
#868 = CARTESIAN_POINT('',(17.5,-9.659887,0.));
#869 = VECTOR('',#870,1.);
#870 = DIRECTION('',(-1.,1.E-16,0.));
#871 = ORIENTED_EDGE('',*,*,#872,.T.);
#872 = EDGE_CURVE('',#865,#873,#875,.T.);
#873 = VERTEX_POINT('',#874);
#874 = CARTESIAN_POINT('',(-17.5,40.,0.));
#875 = LINE('',#876,#877);
#876 = CARTESIAN_POINT('',(-17.5,-9.659887,0.));
#877 = VECTOR('',#878,1.);
#878 = DIRECTION('',(0.,1.,0.));
#879 = ORIENTED_EDGE('',*,*,#880,.T.);
#880 = EDGE_CURVE('',#873,#881,#883,.T.);
#881 = VERTEX_POINT('',#882);
#882 = CARTESIAN_POINT('',(-55.,40.,0.));
#883 = LINE('',#884,#885);
#884 = CARTESIAN_POINT('',(-17.5,40.,0.));
#885 = VECTOR('',#886,1.);
#886 = DIRECTION('',(-1.,0.,0.));
#887 = ORIENTED_EDGE('',*,*,#888,.T.);
#888 = EDGE_CURVE('',#881,#889,#891,.T.);
#889 = VERTEX_POINT('',#890);
#890 = CARTESIAN_POINT('',(-55.,-16.,1.E-15));
#891 = LINE('',#892,#893);
#892 = CARTESIAN_POINT('',(-55.,40.,0.));
#893 = VECTOR('',#894,1.);
#894 = DIRECTION('',(0.,-1.,0.));
#895 = ORIENTED_EDGE('',*,*,#896,.F.);
#896 = EDGE_CURVE('',#897,#889,#899,.T.);
#897 = VERTEX_POINT('',#898);
#898 = CARTESIAN_POINT('',(-40.34832913387,-16.,0.));
#899 = LINE('',#900,#901);
#900 = CARTESIAN_POINT('',(55.,-16.,8.9E-16));
#901 = VECTOR('',#902,1.);
#902 = DIRECTION('',(-1.,-0.,-0.));
#903 = ORIENTED_EDGE('',*,*,#904,.F.);
#904 = EDGE_CURVE('',#905,#897,#907,.T.);
#905 = VERTEX_POINT('',#906);
#906 = CARTESIAN_POINT('',(-34.5,-15.058182,0.));
#907 = CIRCLE('',#908,3.);
#908 = AXIS2_PLACEMENT_3D('',#909,#910,#911);
#909 = CARTESIAN_POINT('',(-37.5,-15.058182,0.));
#910 = DIRECTION('',(0.,0.,1.));
#911 = DIRECTION('',(1.,0.,0.));
#912 = ORIENTED_EDGE('',*,*,#913,.F.);
#913 = EDGE_CURVE('',#914,#905,#916,.T.);
#914 = VERTEX_POINT('',#915);
#915 = CARTESIAN_POINT('',(-34.65167086612,-16.,1.E-15));
#916 = CIRCLE('',#917,3.);
#917 = AXIS2_PLACEMENT_3D('',#918,#919,#920);
#918 = CARTESIAN_POINT('',(-37.5,-15.058182,0.));
#919 = DIRECTION('',(0.,0.,1.));
#920 = DIRECTION('',(1.,0.,0.));
#921 = ORIENTED_EDGE('',*,*,#922,.F.);
#922 = EDGE_CURVE('',#923,#914,#925,.T.);
#923 = VERTEX_POINT('',#924);
#924 = CARTESIAN_POINT('',(34.651670866126,-16.,0.));
#925 = LINE('',#926,#927);
#926 = CARTESIAN_POINT('',(55.,-16.,8.9E-16));
#927 = VECTOR('',#928,1.);
#928 = DIRECTION('',(-1.,-0.,-0.));
#929 = ORIENTED_EDGE('',*,*,#930,.F.);
#930 = EDGE_CURVE('',#931,#923,#933,.T.);
#931 = VERTEX_POINT('',#932);
#932 = CARTESIAN_POINT('',(40.5,-15.058182,0.));
#933 = CIRCLE('',#934,3.);
#934 = AXIS2_PLACEMENT_3D('',#935,#936,#937);
#935 = CARTESIAN_POINT('',(37.5,-15.058182,0.));
#936 = DIRECTION('',(0.,0.,1.));
#937 = DIRECTION('',(1.,0.,0.));
#938 = ORIENTED_EDGE('',*,*,#939,.F.);
#939 = EDGE_CURVE('',#808,#931,#940,.T.);
#940 = CIRCLE('',#941,3.);
#941 = AXIS2_PLACEMENT_3D('',#942,#943,#944);
#942 = CARTESIAN_POINT('',(37.5,-15.058182,0.));
#943 = DIRECTION('',(0.,0.,1.));
#944 = DIRECTION('',(1.,0.,0.));
#945 = ORIENTED_EDGE('',*,*,#816,.F.);
#946 = FACE_BOUND('',#947,.F.);
#947 = EDGE_LOOP('',(#948));
#948 = ORIENTED_EDGE('',*,*,#949,.F.);
#949 = EDGE_CURVE('',#950,#950,#952,.T.);
#950 = VERTEX_POINT('',#951);
#951 = CARTESIAN_POINT('',(-34.5,0.,0.));
#952 = CIRCLE('',#953,3.);
#953 = AXIS2_PLACEMENT_3D('',#954,#955,#956);
#954 = CARTESIAN_POINT('',(-37.5,0.,0.));
#955 = DIRECTION('',(0.,0.,1.));
#956 = DIRECTION('',(1.,0.,0.));
#957 = FACE_BOUND('',#958,.F.);
#958 = EDGE_LOOP('',(#959));
#959 = ORIENTED_EDGE('',*,*,#960,.F.);
#960 = EDGE_CURVE('',#961,#961,#963,.T.);
#961 = VERTEX_POINT('',#962);
#962 = CARTESIAN_POINT('',(40.5,0.,0.));
#963 = CIRCLE('',#964,3.);
#964 = AXIS2_PLACEMENT_3D('',#965,#966,#967);
#965 = CARTESIAN_POINT('',(37.5,0.,0.));
#966 = DIRECTION('',(0.,0.,1.));
#967 = DIRECTION('',(1.,0.,0.));
#968 = FACE_BOUND('',#969,.F.);
#969 = EDGE_LOOP('',(#970));
#970 = ORIENTED_EDGE('',*,*,#971,.F.);
#971 = EDGE_CURVE('',#972,#972,#974,.T.);
#972 = VERTEX_POINT('',#973);
#973 = CARTESIAN_POINT('',(-34.5,14.09116,0.));
#974 = CIRCLE('',#975,3.);
#975 = AXIS2_PLACEMENT_3D('',#976,#977,#978);
#976 = CARTESIAN_POINT('',(-37.5,14.09116,0.));
#977 = DIRECTION('',(0.,0.,1.));
#978 = DIRECTION('',(1.,0.,0.));
#979 = FACE_BOUND('',#980,.F.);
#980 = EDGE_LOOP('',(#981));
#981 = ORIENTED_EDGE('',*,*,#982,.F.);
#982 = EDGE_CURVE('',#983,#983,#985,.T.);
#983 = VERTEX_POINT('',#984);
#984 = CARTESIAN_POINT('',(-34.5,28.008329,0.));
#985 = CIRCLE('',#986,3.);
#986 = AXIS2_PLACEMENT_3D('',#987,#988,#989);
#987 = CARTESIAN_POINT('',(-37.5,28.008329,0.));
#988 = DIRECTION('',(0.,0.,1.));
#989 = DIRECTION('',(1.,0.,0.));
#990 = FACE_BOUND('',#991,.F.);
#991 = EDGE_LOOP('',(#992));
#992 = ORIENTED_EDGE('',*,*,#993,.F.);
#993 = EDGE_CURVE('',#994,#994,#996,.T.);
#994 = VERTEX_POINT('',#995);
#995 = CARTESIAN_POINT('',(40.5,14.09116,0.));
#996 = CIRCLE('',#997,3.);
#997 = AXIS2_PLACEMENT_3D('',#998,#999,#1000);
#998 = CARTESIAN_POINT('',(37.5,14.09116,0.));
#999 = DIRECTION('',(0.,0.,1.));
#1000 = DIRECTION('',(1.,0.,0.));
#1001 = FACE_BOUND('',#1002,.F.);
#1002 = EDGE_LOOP('',(#1003));
#1003 = ORIENTED_EDGE('',*,*,#1004,.F.);
#1004 = EDGE_CURVE('',#1005,#1005,#1007,.T.);
#1005 = VERTEX_POINT('',#1006);
#1006 = CARTESIAN_POINT('',(40.5,28.008329,0.));
#1007 = CIRCLE('',#1008,3.);
#1008 = AXIS2_PLACEMENT_3D('',#1009,#1010,#1011);
#1009 = CARTESIAN_POINT('',(37.5,28.008329,0.));
#1010 = DIRECTION('',(0.,0.,1.));
#1011 = DIRECTION('',(1.,0.,0.));
#1012 = PLANE('',#1013);
#1013 = AXIS2_PLACEMENT_3D('',#1014,#1015,#1016);
#1014 = CARTESIAN_POINT('',(-5.E-17,3.980983748794,0.));
#1015 = DIRECTION('',(0.,0.,1.));
#1016 = DIRECTION('',(1.,0.,0.));
#1017 = ADVANCED_FACE('',(#1018),#1037,.T.);
#1018 = FACE_BOUND('',#1019,.T.);
#1019 = EDGE_LOOP('',(#1020,#1021,#1029,#1036));
#1020 = ORIENTED_EDGE('',*,*,#352,.T.);
#1021 = ORIENTED_EDGE('',*,*,#1022,.T.);
#1022 = EDGE_CURVE('',#345,#1023,#1025,.T.);
#1023 = VERTEX_POINT('',#1024);
#1024 = CARTESIAN_POINT('',(-53.,-30.,-98.));
#1025 = LINE('',#1026,#1027);
#1026 = CARTESIAN_POINT('',(55.,-30.,-98.));
#1027 = VECTOR('',#1028,1.);
#1028 = DIRECTION('',(-1.,-0.,-0.));
#1029 = ORIENTED_EDGE('',*,*,#1030,.F.);
#1030 = EDGE_CURVE('',#306,#1023,#1031,.T.);
#1031 = ELLIPSE('',#1032,2.828427124746,2.);
#1032 = AXIS2_PLACEMENT_3D('',#1033,#1034,#1035);
#1033 = CARTESIAN_POINT('',(-53.,-28.,-98.));
#1034 = DIRECTION('',(-0.707106781187,0.,0.707106781187));
#1035 = DIRECTION('',(-0.707106781187,0.,-0.707106781187));
#1036 = ORIENTED_EDGE('',*,*,#305,.F.);
#1037 = CYLINDRICAL_SURFACE('',#1038,2.);
#1038 = AXIS2_PLACEMENT_3D('',#1039,#1040,#1041);
#1039 = CARTESIAN_POINT('',(55.,-28.,-98.));
#1040 = DIRECTION('',(-1.,-0.,-0.));
#1041 = DIRECTION('',(0.,0.,-1.));
#1042 = ADVANCED_FACE('',(#1043),#1068,.T.);
#1043 = FACE_BOUND('',#1044,.T.);
#1044 = EDGE_LOOP('',(#1045,#1046,#1052,#1053,#1060,#1061,#1062));
#1045 = ORIENTED_EDGE('',*,*,#654,.F.);
#1046 = ORIENTED_EDGE('',*,*,#1047,.F.);
#1047 = EDGE_CURVE('',#881,#655,#1048,.T.);
#1048 = LINE('',#1049,#1050);
#1049 = CARTESIAN_POINT('',(-55.,40.,0.));
#1050 = VECTOR('',#1051,1.);
#1051 = DIRECTION('',(0.,0.,1.));
#1052 = ORIENTED_EDGE('',*,*,#888,.T.);
#1053 = ORIENTED_EDGE('',*,*,#1054,.T.);
#1054 = EDGE_CURVE('',#889,#371,#1055,.T.);
#1055 = CIRCLE('',#1056,4.);
#1056 = AXIS2_PLACEMENT_3D('',#1057,#1058,#1059);
#1057 = CARTESIAN_POINT('',(-55.,-16.,-4.));
#1058 = DIRECTION('',(1.,-0.,0.));
#1059 = DIRECTION('',(0.,0.,-1.));
#1060 = ORIENTED_EDGE('',*,*,#370,.F.);
#1061 = ORIENTED_EDGE('',*,*,#313,.F.);
#1062 = ORIENTED_EDGE('',*,*,#1063,.F.);
#1063 = EDGE_CURVE('',#657,#306,#1064,.T.);
#1064 = LINE('',#1065,#1066);
#1065 = CARTESIAN_POINT('',(-55.,-28.,5.));
#1066 = VECTOR('',#1067,1.);
#1067 = DIRECTION('',(0.,0.,-1.));
#1068 = PLANE('',#1069);
#1069 = AXIS2_PLACEMENT_3D('',#1070,#1071,#1072);
#1070 = CARTESIAN_POINT('',(-55.,-12.14285714285,-30.35714285714));
#1071 = DIRECTION('',(-1.,-0.,-0.));
#1072 = DIRECTION('',(0.,0.,-1.));
#1073 = ADVANCED_FACE('',(#1074),#1093,.T.);
#1074 = FACE_BOUND('',#1075,.F.);
#1075 = EDGE_LOOP('',(#1076,#1085,#1086,#1087));
#1076 = ORIENTED_EDGE('',*,*,#1077,.F.);
#1077 = EDGE_CURVE('',#657,#1078,#1080,.T.);
#1078 = VERTEX_POINT('',#1079);
#1079 = CARTESIAN_POINT('',(-53.,-30.,3.));
#1080 = ELLIPSE('',#1081,2.828427124746,2.);
#1081 = AXIS2_PLACEMENT_3D('',#1082,#1083,#1084);
#1082 = CARTESIAN_POINT('',(-53.,-28.,3.));
#1083 = DIRECTION('',(0.707106781187,-0.,0.707106781187));
#1084 = DIRECTION('',(0.707106781187,0.,-0.707106781187));
#1085 = ORIENTED_EDGE('',*,*,#664,.T.);
#1086 = ORIENTED_EDGE('',*,*,#335,.F.);
#1087 = ORIENTED_EDGE('',*,*,#1088,.F.);
#1088 = EDGE_CURVE('',#1078,#336,#1089,.T.);
#1089 = LINE('',#1090,#1091);
#1090 = CARTESIAN_POINT('',(-55.,-30.,3.));
#1091 = VECTOR('',#1092,1.);
#1092 = DIRECTION('',(1.,0.,0.));
#1093 = CYLINDRICAL_SURFACE('',#1094,2.);
#1094 = AXIS2_PLACEMENT_3D('',#1095,#1096,#1097);
#1095 = CARTESIAN_POINT('',(-55.,-28.,3.));
#1096 = DIRECTION('',(1.,0.,0.));
#1097 = DIRECTION('',(0.,-1.,0.));
#1098 = ADVANCED_FACE('',(#1099,#1110,#1144,#1178,#1212),#1246,.T.);
#1099 = FACE_BOUND('',#1100,.T.);
#1100 = EDGE_LOOP('',(#1101,#1107,#1108,#1109));
#1101 = ORIENTED_EDGE('',*,*,#1102,.T.);
#1102 = EDGE_CURVE('',#1078,#1023,#1103,.T.);
#1103 = LINE('',#1104,#1105);
#1104 = CARTESIAN_POINT('',(-53.,-30.,5.));
#1105 = VECTOR('',#1106,1.);
#1106 = DIRECTION('',(0.,0.,-1.));
#1107 = ORIENTED_EDGE('',*,*,#1022,.F.);
#1108 = ORIENTED_EDGE('',*,*,#344,.F.);
#1109 = ORIENTED_EDGE('',*,*,#1088,.F.);
#1110 = FACE_BOUND('',#1111,.T.);
#1111 = EDGE_LOOP('',(#1112,#1122,#1130,#1138));
#1112 = ORIENTED_EDGE('',*,*,#1113,.F.);
#1113 = EDGE_CURVE('',#1114,#1116,#1118,.T.);
#1114 = VERTEX_POINT('',#1115);
#1115 = CARTESIAN_POINT('',(-43.1802872707,-30.,-49.44736000291));
#1116 = VERTEX_POINT('',#1117);
#1117 = CARTESIAN_POINT('',(-43.1802872707,-30.,-58.44736000291));
#1118 = LINE('',#1119,#1120);
#1119 = CARTESIAN_POINT('',(-43.1802872707,-30.,-51.44736000291));
#1120 = VECTOR('',#1121,1.);
#1121 = DIRECTION('',(0.,-2.2E-16,-1.));
#1122 = ORIENTED_EDGE('',*,*,#1123,.F.);
#1123 = EDGE_CURVE('',#1124,#1114,#1126,.T.);
#1124 = VERTEX_POINT('',#1125);
#1125 = CARTESIAN_POINT('',(40.819712729295,-30.,-49.44736000291));
#1126 = LINE('',#1127,#1128);
#1127 = CARTESIAN_POINT('',(38.819712729295,-30.,-49.44736000291));
#1128 = VECTOR('',#1129,1.);
#1129 = DIRECTION('',(-1.,0.,0.));
#1130 = ORIENTED_EDGE('',*,*,#1131,.F.);
#1131 = EDGE_CURVE('',#1132,#1124,#1134,.T.);
#1132 = VERTEX_POINT('',#1133);
#1133 = CARTESIAN_POINT('',(40.819712729295,-30.,-58.44736000291));
#1134 = LINE('',#1135,#1136);
#1135 = CARTESIAN_POINT('',(40.819712729295,-30.,-56.44736000291));
#1136 = VECTOR('',#1137,1.);
#1137 = DIRECTION('',(0.,2.2E-16,1.));
#1138 = ORIENTED_EDGE('',*,*,#1139,.F.);
#1139 = EDGE_CURVE('',#1116,#1132,#1140,.T.);
#1140 = LINE('',#1141,#1142);
#1141 = CARTESIAN_POINT('',(-41.1802872707,-30.,-58.44736000291));
#1142 = VECTOR('',#1143,1.);
#1143 = DIRECTION('',(1.,0.,0.));
#1144 = FACE_BOUND('',#1145,.T.);
#1145 = EDGE_LOOP('',(#1146,#1156,#1164,#1172));
#1146 = ORIENTED_EDGE('',*,*,#1147,.F.);
#1147 = EDGE_CURVE('',#1148,#1150,#1152,.T.);
#1148 = VERTEX_POINT('',#1149);
#1149 = CARTESIAN_POINT('',(-43.180287,-30.,-35.650993));
#1150 = VERTEX_POINT('',#1151);
#1151 = CARTESIAN_POINT('',(-43.180287,-30.,-44.650993));
#1152 = LINE('',#1153,#1154);
#1153 = CARTESIAN_POINT('',(-43.180287,-30.,-37.650993));
#1154 = VECTOR('',#1155,1.);
#1155 = DIRECTION('',(0.,-2.2E-16,-1.));
#1156 = ORIENTED_EDGE('',*,*,#1157,.F.);
#1157 = EDGE_CURVE('',#1158,#1148,#1160,.T.);
#1158 = VERTEX_POINT('',#1159);
#1159 = CARTESIAN_POINT('',(40.819713,-30.,-35.650993));
#1160 = LINE('',#1161,#1162);
#1161 = CARTESIAN_POINT('',(38.819713,-30.,-35.650993));
#1162 = VECTOR('',#1163,1.);
#1163 = DIRECTION('',(-1.,0.,0.));
#1164 = ORIENTED_EDGE('',*,*,#1165,.F.);
#1165 = EDGE_CURVE('',#1166,#1158,#1168,.T.);
#1166 = VERTEX_POINT('',#1167);
#1167 = CARTESIAN_POINT('',(40.819713,-30.,-44.650993));
#1168 = LINE('',#1169,#1170);
#1169 = CARTESIAN_POINT('',(40.819713,-30.,-42.650993));
#1170 = VECTOR('',#1171,1.);
#1171 = DIRECTION('',(0.,2.2E-16,1.));
#1172 = ORIENTED_EDGE('',*,*,#1173,.F.);
#1173 = EDGE_CURVE('',#1150,#1166,#1174,.T.);
#1174 = LINE('',#1175,#1176);
#1175 = CARTESIAN_POINT('',(-41.180287,-30.,-44.650993));
#1176 = VECTOR('',#1177,1.);
#1177 = DIRECTION('',(1.,0.,0.));
#1178 = FACE_BOUND('',#1179,.T.);
#1179 = EDGE_LOOP('',(#1180,#1190,#1198,#1206));
#1180 = ORIENTED_EDGE('',*,*,#1181,.F.);
#1181 = EDGE_CURVE('',#1182,#1184,#1186,.T.);
#1182 = VERTEX_POINT('',#1183);
#1183 = CARTESIAN_POINT('',(-43.180287,-30.,-67.423223));
#1184 = VERTEX_POINT('',#1185);
#1185 = CARTESIAN_POINT('',(-43.180287,-30.,-76.423223));
#1186 = LINE('',#1187,#1188);
#1187 = CARTESIAN_POINT('',(-43.180287,-30.,-69.423223));
#1188 = VECTOR('',#1189,1.);
#1189 = DIRECTION('',(0.,-2.2E-16,-1.));
#1190 = ORIENTED_EDGE('',*,*,#1191,.F.);
#1191 = EDGE_CURVE('',#1192,#1182,#1194,.T.);
#1192 = VERTEX_POINT('',#1193);
#1193 = CARTESIAN_POINT('',(40.819713,-30.,-67.423223));
#1194 = LINE('',#1195,#1196);
#1195 = CARTESIAN_POINT('',(38.819713,-30.,-67.423223));
#1196 = VECTOR('',#1197,1.);
#1197 = DIRECTION('',(-1.,0.,0.));
#1198 = ORIENTED_EDGE('',*,*,#1199,.F.);
#1199 = EDGE_CURVE('',#1200,#1192,#1202,.T.);
#1200 = VERTEX_POINT('',#1201);
#1201 = CARTESIAN_POINT('',(40.819713,-30.,-76.423223));
#1202 = LINE('',#1203,#1204);
#1203 = CARTESIAN_POINT('',(40.819713,-30.,-74.423223));
#1204 = VECTOR('',#1205,1.);
#1205 = DIRECTION('',(0.,2.2E-16,1.));
#1206 = ORIENTED_EDGE('',*,*,#1207,.F.);
#1207 = EDGE_CURVE('',#1184,#1200,#1208,.T.);
#1208 = LINE('',#1209,#1210);
#1209 = CARTESIAN_POINT('',(-41.180287,-30.,-76.423223));
#1210 = VECTOR('',#1211,1.);
#1211 = DIRECTION('',(1.,0.,0.));
#1212 = FACE_BOUND('',#1213,.T.);
#1213 = EDGE_LOOP('',(#1214,#1224,#1232,#1240));
#1214 = ORIENTED_EDGE('',*,*,#1215,.F.);
#1215 = EDGE_CURVE('',#1216,#1218,#1220,.T.);
#1216 = VERTEX_POINT('',#1217);
#1217 = CARTESIAN_POINT('',(-43.180287,-30.,-85.399086));
#1218 = VERTEX_POINT('',#1219);
#1219 = CARTESIAN_POINT('',(-43.180287,-30.,-94.399086));
#1220 = LINE('',#1221,#1222);
#1221 = CARTESIAN_POINT('',(-43.180287,-30.,-87.399086));
#1222 = VECTOR('',#1223,1.);
#1223 = DIRECTION('',(0.,-2.2E-16,-1.));
#1224 = ORIENTED_EDGE('',*,*,#1225,.F.);
#1225 = EDGE_CURVE('',#1226,#1216,#1228,.T.);
#1226 = VERTEX_POINT('',#1227);
#1227 = CARTESIAN_POINT('',(40.819713,-30.,-85.399086));
#1228 = LINE('',#1229,#1230);
#1229 = CARTESIAN_POINT('',(38.819713,-30.,-85.399086));
#1230 = VECTOR('',#1231,1.);
#1231 = DIRECTION('',(-1.,0.,0.));
#1232 = ORIENTED_EDGE('',*,*,#1233,.F.);
#1233 = EDGE_CURVE('',#1234,#1226,#1236,.T.);
#1234 = VERTEX_POINT('',#1235);
#1235 = CARTESIAN_POINT('',(40.819713,-30.,-94.399086));
#1236 = LINE('',#1237,#1238);
#1237 = CARTESIAN_POINT('',(40.819713,-30.,-92.399086));
#1238 = VECTOR('',#1239,1.);
#1239 = DIRECTION('',(0.,2.2E-16,1.));
#1240 = ORIENTED_EDGE('',*,*,#1241,.F.);
#1241 = EDGE_CURVE('',#1218,#1234,#1242,.T.);
#1242 = LINE('',#1243,#1244);
#1243 = CARTESIAN_POINT('',(-41.180287,-30.,-94.399086));
#1244 = VECTOR('',#1245,1.);
#1245 = DIRECTION('',(1.,0.,0.));
#1246 = PLANE('',#1247);
#1247 = AXIS2_PLACEMENT_3D('',#1248,#1249,#1250);
#1248 = CARTESIAN_POINT('',(0.,-30.,-47.5));
#1249 = DIRECTION('',(-0.,-1.,-0.));
#1250 = DIRECTION('',(0.,0.,-1.));
#1251 = ADVANCED_FACE('',(#1252),#1315,.F.);
#1252 = FACE_BOUND('',#1253,.F.);
#1253 = EDGE_LOOP('',(#1254,#1255,#1308,#1314));
#1254 = ORIENTED_EDGE('',*,*,#807,.F.);
#1255 = ORIENTED_EDGE('',*,*,#1256,.T.);
#1256 = EDGE_CURVE('',#808,#923,#1257,.T.);
#1257 = ( BOUNDED_CURVE() B_SPLINE_CURVE(9,(#1258,#1259,#1260,#1261,
    #1262,#1263,#1264,#1265,#1266,#1267,#1268,#1269,#1270,#1271,#1272,
    #1273,#1274,#1275,#1276,#1277,#1278,#1279,#1280,#1281,#1282,#1283,
    #1284,#1285,#1286,#1287,#1288,#1289,#1290,#1291,#1292,#1293,#1294,
    #1295,#1296,#1297,#1298,#1299,#1300,#1301,#1302,#1303,#1304,#1305,
#1306,#1307),.UNSPECIFIED.,.F.,.F.) B_SPLINE_CURVE_WITH_KNOTS((10,8,8,8,
    8,8,10),(14.651670866126,15.363753149594,16.075835433063,17.5,
    18.924164566937,19.636246850406,20.348329133874),.UNSPECIFIED.) 
CURVE() GEOMETRIC_REPRESENTATION_ITEM() RATIONAL_B_SPLINE_CURVE((1.,1.,
    1.,1.,1.,1.,1.,1.,1.,1.,1.,1.,1.,1.,1.,1.,1.,1.,1.,1.,1.,1.,1.,1.,1.
    ,1.,1.,1.,1.,1.,1.,1.,1.,1.,1.,1.,1.,1.,1.,1.,1.,1.,1.,1.,1.,1.,1.,
1.,1.,1.)) REPRESENTATION_ITEM('') );
#1258 = CARTESIAN_POINT('',(40.348329133874,-16.,0.));
#1259 = CARTESIAN_POINT('',(40.269208880155,-16.23928245557,0.));
#1260 = CARTESIAN_POINT('',(40.190088626436,-16.403346923,0.));
#1261 = CARTESIAN_POINT('',(40.110968372719,-16.55968237081,0.));
#1262 = CARTESIAN_POINT('',(40.031848118998,-16.6793165574,0.));
#1263 = CARTESIAN_POINT('',(39.952727865282,-16.80115390975,0.));
#1264 = CARTESIAN_POINT('',(39.873607611561,-16.90129494571,0.));
#1265 = CARTESIAN_POINT('',(39.794487357843,-16.99741620173,0.));
#1266 = CARTESIAN_POINT('',(39.715367104124,-17.08422443987,0.));
#1267 = CARTESIAN_POINT('',(39.557126596687,-17.24471568128,0.));
#1268 = CARTESIAN_POINT('',(39.478006342968,-17.31819874164,0.));
#1269 = CARTESIAN_POINT('',(39.398886089249,-17.38585401896,0.));
#1270 = CARTESIAN_POINT('',(39.31976583553,-17.44838608612,0.));
#1271 = CARTESIAN_POINT('',(39.240645581812,-17.50631570959,0.));
#1272 = CARTESIAN_POINT('',(39.161525328093,-17.5600262476,0.));
#1273 = CARTESIAN_POINT('',(39.082405074375,-17.60981004816,0.));
#1274 = CARTESIAN_POINT('',(39.003284820656,-17.6559148472,0.));
#1275 = CARTESIAN_POINT('',(38.7659240595,-17.78394080541,0.));
#1276 = CARTESIAN_POINT('',(38.607683552062,-17.85556431746,0.));
#1277 = CARTESIAN_POINT('',(38.449443044625,-17.91503915544,0.));
#1278 = CARTESIAN_POINT('',(38.291202537187,-17.96348889749,0.));
#1279 = CARTESIAN_POINT('',(38.13296202975,-18.00166428543,0.));
#1280 = CARTESIAN_POINT('',(37.974721522312,-18.03002526296,0.));
#1281 = CARTESIAN_POINT('',(37.816481014875,-18.04882301381,0.));
#1282 = CARTESIAN_POINT('',(37.658240507437,-18.058182,0.));
#1283 = CARTESIAN_POINT('',(37.341759492563,-18.058182,0.));
#1284 = CARTESIAN_POINT('',(37.183518985125,-18.04882301381,0.));
#1285 = CARTESIAN_POINT('',(37.025278477688,-18.03002526296,0.));
#1286 = CARTESIAN_POINT('',(36.86703797025,-18.00166428543,0.));
#1287 = CARTESIAN_POINT('',(36.708797462813,-17.96348889749,0.));
#1288 = CARTESIAN_POINT('',(36.550556955375,-17.91503915544,0.));
#1289 = CARTESIAN_POINT('',(36.392316447938,-17.85556431746,0.));
#1290 = CARTESIAN_POINT('',(36.2340759405,-17.78394080541,0.));
#1291 = CARTESIAN_POINT('',(35.996715179344,-17.6559148472,0.));
#1292 = CARTESIAN_POINT('',(35.917594925626,-17.60981004816,0.));
#1293 = CARTESIAN_POINT('',(35.838474671907,-17.5600262476,0.));
#1294 = CARTESIAN_POINT('',(35.759354418188,-17.50631570959,0.));
#1295 = CARTESIAN_POINT('',(35.680234164469,-17.44838608612,0.));
#1296 = CARTESIAN_POINT('',(35.601113910751,-17.38585401896,0.));
#1297 = CARTESIAN_POINT('',(35.521993657032,-17.31819874164,0.));
#1298 = CARTESIAN_POINT('',(35.442873403313,-17.24471568128,0.));
#1299 = CARTESIAN_POINT('',(35.284632895876,-17.08422443987,0.));
#1300 = CARTESIAN_POINT('',(35.205512642158,-16.99741620173,0.));
#1301 = CARTESIAN_POINT('',(35.126392388438,-16.90129494571,0.));
#1302 = CARTESIAN_POINT('',(35.047272134718,-16.80115390975,0.));
#1303 = CARTESIAN_POINT('',(34.968151881005,-16.6793165574,0.));
#1304 = CARTESIAN_POINT('',(34.889031627279,-16.5596823708,0.));
#1305 = CARTESIAN_POINT('',(34.809911373565,-16.403346923,0.));
#1306 = CARTESIAN_POINT('',(34.730791119845,-16.23928245557,0.));
#1307 = CARTESIAN_POINT('',(34.651670866126,-16.,0.));
#1308 = ORIENTED_EDGE('',*,*,#1309,.T.);
#1309 = EDGE_CURVE('',#923,#442,#1310,.T.);
#1310 = ( BOUNDED_CURVE() B_SPLINE_CURVE(2,(#1311,#1312,#1313),
.UNSPECIFIED.,.F.,.F.) B_SPLINE_CURVE_WITH_KNOTS((3,3),(0.,
5.696658267748),.PIECEWISE_BEZIER_KNOTS.) CURVE() 
GEOMETRIC_REPRESENTATION_ITEM() RATIONAL_B_SPLINE_CURVE((1.,
0.707106781187,1.)) REPRESENTATION_ITEM('') );
#1311 = CARTESIAN_POINT('',(34.651670866126,-16.,0.));
#1312 = CARTESIAN_POINT('',(34.651670866126,-20.,3.11E-15));
#1313 = CARTESIAN_POINT('',(34.651670866126,-20.,-4.));
#1314 = ORIENTED_EDGE('',*,*,#449,.F.);
#1315 = ( BOUNDED_SURFACE() B_SPLINE_SURFACE(2,9,(
    (#1316,#1317,#1318,#1319,#1320,#1321,#1322,#1323,#1324,#1325,#1326
      ,#1327,#1328,#1329,#1330,#1331,#1332,#1333,#1334,#1335,#1336,#1337
      ,#1338,#1339,#1340,#1341,#1342,#1343,#1344,#1345,#1346,#1347,#1348
      ,#1349,#1350,#1351,#1352,#1353,#1354,#1355,#1356,#1357,#1358,#1359
      ,#1360,#1361,#1362,#1363,#1364,#1365)
    ,(#1366,#1367,#1368,#1369,#1370,#1371,#1372,#1373,#1374,#1375,#1376
      ,#1377,#1378,#1379,#1380,#1381,#1382,#1383,#1384,#1385,#1386,#1387
      ,#1388,#1389,#1390,#1391,#1392,#1393,#1394,#1395,#1396,#1397,#1398
      ,#1399,#1400,#1401,#1402,#1403,#1404,#1405,#1406,#1407,#1408,#1409
      ,#1410,#1411,#1412,#1413,#1414,#1415)
    ,(#1416,#1417,#1418,#1419,#1420,#1421,#1422,#1423,#1424,#1425,#1426
      ,#1427,#1428,#1429,#1430,#1431,#1432,#1433,#1434,#1435,#1436,#1437
      ,#1438,#1439,#1440,#1441,#1442,#1443,#1444,#1445,#1446,#1447,#1448
      ,#1449,#1450,#1451,#1452,#1453,#1454,#1455,#1456,#1457,#1458,#1459
      ,#1460,#1461,#1462,#1463,#1464,#1465
)),.UNSPECIFIED.,.F.,.F.,.F.) B_SPLINE_SURFACE_WITH_KNOTS((3,3),(10,8,8,
    8,8,8,10),(0.,5.696658267748),(14.651670866126,15.363753149594,
    16.075835433063,17.5,18.924164566937,19.636246850406,20.348329133874
),.UNSPECIFIED.) GEOMETRIC_REPRESENTATION_ITEM() 
RATIONAL_B_SPLINE_SURFACE((
    (1.,1.,1.,1.,1.,1.,1.,1.,1.,1.,1.,1.,1.,1.,1.,1.,1.,1.,1.,1.,1.,1.
      ,1.,1.,1.,1.,1.,1.,1.,1.,1.,1.,1.,1.,1.,1.,1.,1.,1.,1.,1.,1.,1.,1.
      ,1.,1.,1.,1.,1.,1.)
    ,(0.707106781187,0.728256562056,0.742054242209,0.755236907444
      ,0.764874433953,0.774862576542,0.782788894753,0.790422396304
      ,0.797224572683,0.809708851666,0.815370804524,0.820541461733
      ,0.825287473281,0.829657764266,0.833688051001,0.837405357114
      ,0.840832529655,0.850313206283,0.855564867865,0.859892589145
      ,0.863398882613,0.866151708949,0.868192261926,0.86954275331
      ,0.87021419777,0.87021419777,0.86954275331,0.868192261926
      ,0.866151708949,0.863398882613,0.859892589145,0.855564867865
      ,0.850313206283,0.840832529655,0.837405357114,0.833688051001
      ,0.829657764266,0.825287473281,0.820541461733,0.815370804524
      ,0.809708851666,0.797224572683,0.790422396304,0.782788894753
      ,0.774862576542,0.764874433954,0.755236907443,0.742054242209
      ,0.728256562056,0.707106781187)
    ,(1.,1.,1.,1.,1.,1.,1.,1.,1.,1.,1.,1.,1.,1.,1.,1.,1.,1.,1.,1.,1.,1.
      ,1.,1.,1.,1.,1.,1.,1.,1.,1.,1.,1.,1.,1.,1.,1.,1.,1.,1.,1.,1.,1.,1.
,1.,1.,1.,1.,1.,1.))) REPRESENTATION_ITEM('') SURFACE() );
#1316 = CARTESIAN_POINT('',(40.348329133874,-20.,-4.));
#1317 = CARTESIAN_POINT('',(40.269208880155,-20.,-4.));
#1318 = CARTESIAN_POINT('',(40.190088626437,-20.,-3.984052697086));
#1319 = CARTESIAN_POINT('',(40.110968372718,-20.,-3.968021909571));
#1320 = CARTESIAN_POINT('',(40.031848118999,-20.,-3.944920806808));
#1321 = CARTESIAN_POINT('',(39.952727865281,-20.,-3.923984798245));
#1322 = CARTESIAN_POINT('',(39.873607611562,-20.,-3.899485651105));
#1323 = CARTESIAN_POINT('',(39.794487357843,-20.,-3.875634576973));
#1324 = CARTESIAN_POINT('',(39.715367104124,-20.,-3.85116774351));
#1325 = CARTESIAN_POINT('',(39.557126596687,-20.,-3.802330666503));
#1326 = CARTESIAN_POINT('',(39.478006342968,-20.,-3.77791240162));
#1327 = CARTESIAN_POINT('',(39.398886089249,-20.,-3.753725599795));
#1328 = CARTESIAN_POINT('',(39.319765835531,-20.,-3.729952038121));
#1329 = CARTESIAN_POINT('',(39.240645581812,-20.,-3.706733992712));
#1330 = CARTESIAN_POINT('',(39.161525328093,-20.,-3.684184150065));
#1331 = CARTESIAN_POINT('',(39.082405074375,-20.,-3.662395518432));
#1332 = CARTESIAN_POINT('',(39.003284820656,-20.,-3.64145133918));
#1333 = CARTESIAN_POINT('',(38.7659240595,-20.,-3.581402316124));
#1334 = CARTESIAN_POINT('',(38.607683552062,-20.,-3.545076979384));
#1335 = CARTESIAN_POINT('',(38.449443044625,-20.,-3.513037095475));
#1336 = CARTESIAN_POINT('',(38.291202537187,-20.,-3.485747658796));
#1337 = CARTESIAN_POINT('',(38.13296202975,-20.,-3.463567996956));
#1338 = CARTESIAN_POINT('',(37.974721522312,-20.,-3.446759217122));
#1339 = CARTESIAN_POINT('',(37.816481014875,-20.,-3.435491652369));
#1340 = CARTESIAN_POINT('',(37.658240507437,-20.,-3.429852308027));
#1341 = CARTESIAN_POINT('',(37.341759492563,-20.,-3.429852308027));
#1342 = CARTESIAN_POINT('',(37.183518985125,-20.,-3.435491652369));
#1343 = CARTESIAN_POINT('',(37.025278477688,-20.,-3.446759217122));
#1344 = CARTESIAN_POINT('',(36.86703797025,-20.,-3.463567996956));
#1345 = CARTESIAN_POINT('',(36.708797462813,-20.,-3.485747658796));
#1346 = CARTESIAN_POINT('',(36.550556955375,-20.,-3.513037095475));
#1347 = CARTESIAN_POINT('',(36.392316447938,-20.,-3.545076979384));
#1348 = CARTESIAN_POINT('',(36.2340759405,-20.,-3.581402316124));
#1349 = CARTESIAN_POINT('',(35.996715179344,-20.,-3.64145133918));
#1350 = CARTESIAN_POINT('',(35.917594925626,-20.,-3.662395518432));
#1351 = CARTESIAN_POINT('',(35.838474671907,-20.,-3.684184150065));
#1352 = CARTESIAN_POINT('',(35.759354418188,-20.,-3.706733992712));
#1353 = CARTESIAN_POINT('',(35.680234164469,-20.,-3.729952038121));
#1354 = CARTESIAN_POINT('',(35.601113910751,-20.,-3.753725599795));
#1355 = CARTESIAN_POINT('',(35.521993657032,-20.,-3.77791240162));
#1356 = CARTESIAN_POINT('',(35.442873403313,-20.,-3.802330666503));
#1357 = CARTESIAN_POINT('',(35.284632895876,-20.,-3.85116774351));
#1358 = CARTESIAN_POINT('',(35.205512642157,-20.,-3.875634576973));
#1359 = CARTESIAN_POINT('',(35.126392388438,-20.,-3.899485651105));
#1360 = CARTESIAN_POINT('',(35.047272134719,-20.,-3.923984798244));
#1361 = CARTESIAN_POINT('',(34.968151881001,-20.,-3.94492080681));
#1362 = CARTESIAN_POINT('',(34.889031627282,-20.,-3.968021909568));
#1363 = CARTESIAN_POINT('',(34.809911373563,-20.,-3.984052697087));
#1364 = CARTESIAN_POINT('',(34.730791119845,-20.,-4.));
#1365 = CARTESIAN_POINT('',(34.651670866126,-20.,-4.));
#1366 = CARTESIAN_POINT('',(40.348329133874,-20.,3.55E-15));
#1367 = CARTESIAN_POINT('',(40.271506663815,-20.,-0.232333295398));
#1368 = CARTESIAN_POINT('',(40.192485870824,-20.,-0.369142421084));
#1369 = CARTESIAN_POINT('',(40.113999875078,-20.,-0.493297400667));
#1370 = CARTESIAN_POINT('',(40.034111447826,-20.,-0.575518824282));
#1371 = CARTESIAN_POINT('',(39.955156731673,-20.,-0.65880692317));
#1372 = CARTESIAN_POINT('',(39.875261071394,-20.,-0.719050781578));
#1373 = CARTESIAN_POINT('',(39.79571903988,-20.,-0.775081455268));
#1374 = CARTESIAN_POINT('',(39.715986602917,-20.,-0.821979700663));
#1375 = CARTESIAN_POINT('',(39.557736543903,-20.,-0.903079348349));
#1376 = CARTESIAN_POINT('',(39.478956769961,-20.,-0.93739845704));
#1377 = CARTESIAN_POINT('',(39.399979017252,-20.,-0.966932884584));
#1378 = CARTESIAN_POINT('',(39.320858951272,-20.,-0.992535116761));
#1379 = CARTESIAN_POINT('',(39.241636448628,-20.,-1.014843268024));
#1380 = CARTESIAN_POINT('',(39.162337960015,-20.,-1.034337979402));
#1381 = CARTESIAN_POINT('',(39.082981204104,-20.,-1.051394193434));
#1382 = CARTESIAN_POINT('',(39.003582190034,-20.,-1.066329256329));
#1383 = CARTESIAN_POINT('',(38.767100274781,-20.,-1.105394056198));
#1384 = CARTESIAN_POINT('',(38.60934379829,-20.,-1.124323332343));
#1385 = CARTESIAN_POINT('',(38.451130566666,-20.,-1.138127314688));
#1386 = CARTESIAN_POINT('',(38.29264434887,-20.,-1.14817423196));
#1387 = CARTESIAN_POINT('',(38.134020802776,-20.,-1.155412126119));
#1388 = CARTESIAN_POINT('',(37.975358245207,-20.,-1.160457233066));
#1389 = CARTESIAN_POINT('',(37.816735979683,-20.,-1.163673143808));
#1390 = CARTESIAN_POINT('',(37.658240507437,-20.,-1.165244009348));
#1391 = CARTESIAN_POINT('',(37.341759492563,-20.,-1.165244009348));
#1392 = CARTESIAN_POINT('',(37.183264020317,-20.,-1.163673143808));
#1393 = CARTESIAN_POINT('',(37.024641754793,-20.,-1.160457233066));
#1394 = CARTESIAN_POINT('',(36.865979197224,-20.,-1.155412126119));
#1395 = CARTESIAN_POINT('',(36.70735565113,-20.,-1.14817423196));
#1396 = CARTESIAN_POINT('',(36.548869433334,-20.,-1.138127314688));
#1397 = CARTESIAN_POINT('',(36.39065620171,-20.,-1.124323332343));
#1398 = CARTESIAN_POINT('',(36.232899725219,-20.,-1.105394056198));
#1399 = CARTESIAN_POINT('',(35.996417809966,-20.,-1.066329256329));
#1400 = CARTESIAN_POINT('',(35.917018795895,-20.,-1.051394193434));
#1401 = CARTESIAN_POINT('',(35.837662039986,-20.,-1.034337979402));
#1402 = CARTESIAN_POINT('',(35.758363551371,-20.,-1.014843268024));
#1403 = CARTESIAN_POINT('',(35.679141048728,-20.,-0.992535116762));
#1404 = CARTESIAN_POINT('',(35.600020982747,-20.,-0.966932884584));
#1405 = CARTESIAN_POINT('',(35.52104323004,-20.,-0.93739845704));
#1406 = CARTESIAN_POINT('',(35.442263456097,-20.,-0.903079348349));
#1407 = CARTESIAN_POINT('',(35.284013397083,-20.,-0.821979700663));
#1408 = CARTESIAN_POINT('',(35.204280960121,-20.,-0.775081455268));
#1409 = CARTESIAN_POINT('',(35.124738928605,-20.,-0.719050781579));
#1410 = CARTESIAN_POINT('',(35.044843268327,-20.,-0.658806923167));
#1411 = CARTESIAN_POINT('',(34.965888552176,-20.,-0.575518824289));
#1412 = CARTESIAN_POINT('',(34.88600012492,-20.,-0.493297400661));
#1413 = CARTESIAN_POINT('',(34.807514129177,-20.,-0.369142421086));
#1414 = CARTESIAN_POINT('',(34.728493336185,-20.,-0.232333295398));
#1415 = CARTESIAN_POINT('',(34.651670866126,-20.,3.11E-15));
#1416 = CARTESIAN_POINT('',(40.348329133874,-16.,0.));
#1417 = CARTESIAN_POINT('',(40.269208880155,-16.23928245557,0.));
#1418 = CARTESIAN_POINT('',(40.190088626436,-16.403346923,0.));
#1419 = CARTESIAN_POINT('',(40.110968372719,-16.55968237081,0.));
#1420 = CARTESIAN_POINT('',(40.031848118998,-16.6793165574,0.));
#1421 = CARTESIAN_POINT('',(39.952727865282,-16.80115390975,0.));
#1422 = CARTESIAN_POINT('',(39.873607611561,-16.90129494571,0.));
#1423 = CARTESIAN_POINT('',(39.794487357843,-16.99741620173,0.));
#1424 = CARTESIAN_POINT('',(39.715367104124,-17.08422443987,0.));
#1425 = CARTESIAN_POINT('',(39.557126596687,-17.24471568128,0.));
#1426 = CARTESIAN_POINT('',(39.478006342968,-17.31819874164,0.));
#1427 = CARTESIAN_POINT('',(39.398886089249,-17.38585401896,0.));
#1428 = CARTESIAN_POINT('',(39.31976583553,-17.44838608612,0.));
#1429 = CARTESIAN_POINT('',(39.240645581812,-17.50631570959,0.));
#1430 = CARTESIAN_POINT('',(39.161525328093,-17.5600262476,0.));
#1431 = CARTESIAN_POINT('',(39.082405074375,-17.60981004816,0.));
#1432 = CARTESIAN_POINT('',(39.003284820656,-17.6559148472,0.));
#1433 = CARTESIAN_POINT('',(38.7659240595,-17.78394080541,0.));
#1434 = CARTESIAN_POINT('',(38.607683552062,-17.85556431746,0.));
#1435 = CARTESIAN_POINT('',(38.449443044625,-17.91503915544,0.));
#1436 = CARTESIAN_POINT('',(38.291202537187,-17.96348889749,0.));
#1437 = CARTESIAN_POINT('',(38.13296202975,-18.00166428543,0.));
#1438 = CARTESIAN_POINT('',(37.974721522312,-18.03002526296,0.));
#1439 = CARTESIAN_POINT('',(37.816481014875,-18.04882301381,0.));
#1440 = CARTESIAN_POINT('',(37.658240507437,-18.058182,0.));
#1441 = CARTESIAN_POINT('',(37.341759492563,-18.058182,0.));
#1442 = CARTESIAN_POINT('',(37.183518985125,-18.04882301381,0.));
#1443 = CARTESIAN_POINT('',(37.025278477688,-18.03002526296,0.));
#1444 = CARTESIAN_POINT('',(36.86703797025,-18.00166428543,0.));
#1445 = CARTESIAN_POINT('',(36.708797462813,-17.96348889749,0.));
#1446 = CARTESIAN_POINT('',(36.550556955375,-17.91503915544,0.));
#1447 = CARTESIAN_POINT('',(36.392316447938,-17.85556431746,0.));
#1448 = CARTESIAN_POINT('',(36.2340759405,-17.78394080541,0.));
#1449 = CARTESIAN_POINT('',(35.996715179344,-17.6559148472,0.));
#1450 = CARTESIAN_POINT('',(35.917594925626,-17.60981004816,0.));
#1451 = CARTESIAN_POINT('',(35.838474671907,-17.5600262476,0.));
#1452 = CARTESIAN_POINT('',(35.759354418188,-17.50631570959,0.));
#1453 = CARTESIAN_POINT('',(35.680234164469,-17.44838608612,0.));
#1454 = CARTESIAN_POINT('',(35.601113910751,-17.38585401896,0.));
#1455 = CARTESIAN_POINT('',(35.521993657032,-17.31819874164,0.));
#1456 = CARTESIAN_POINT('',(35.442873403313,-17.24471568128,0.));
#1457 = CARTESIAN_POINT('',(35.284632895876,-17.08422443987,0.));
#1458 = CARTESIAN_POINT('',(35.205512642158,-16.99741620173,0.));
#1459 = CARTESIAN_POINT('',(35.126392388438,-16.90129494571,0.));
#1460 = CARTESIAN_POINT('',(35.047272134718,-16.80115390975,0.));
#1461 = CARTESIAN_POINT('',(34.968151881005,-16.6793165574,0.));
#1462 = CARTESIAN_POINT('',(34.889031627279,-16.5596823708,0.));
#1463 = CARTESIAN_POINT('',(34.809911373565,-16.403346923,0.));
#1464 = CARTESIAN_POINT('',(34.730791119845,-16.23928245557,0.));
#1465 = CARTESIAN_POINT('',(34.651670866126,-16.,0.));
#1466 = ADVANCED_FACE('',(#1467),#1479,.F.);
#1467 = FACE_BOUND('',#1468,.T.);
#1468 = EDGE_LOOP('',(#1469,#1470,#1471,#1478));
#1469 = ORIENTED_EDGE('',*,*,#1309,.T.);
#1470 = ORIENTED_EDGE('',*,*,#441,.T.);
#1471 = ORIENTED_EDGE('',*,*,#1472,.F.);
#1472 = EDGE_CURVE('',#914,#387,#1473,.T.);
#1473 = CIRCLE('',#1474,4.);
#1474 = AXIS2_PLACEMENT_3D('',#1475,#1476,#1477);
#1475 = CARTESIAN_POINT('',(-34.65167086612,-16.,-4.));
#1476 = DIRECTION('',(1.,0.,-0.));
#1477 = DIRECTION('',(0.,0.,1.));
#1478 = ORIENTED_EDGE('',*,*,#922,.F.);
#1479 = CYLINDRICAL_SURFACE('',#1480,4.);
#1480 = AXIS2_PLACEMENT_3D('',#1481,#1482,#1483);
#1481 = CARTESIAN_POINT('',(55.,-16.,-4.));
#1482 = DIRECTION('',(-1.,-0.,-0.));
#1483 = DIRECTION('',(0.,0.,1.));
#1484 = ADVANCED_FACE('',(#1485),#1496,.F.);
#1485 = FACE_BOUND('',#1486,.T.);
#1486 = EDGE_LOOP('',(#1487,#1493,#1494,#1495));
#1487 = ORIENTED_EDGE('',*,*,#1488,.T.);
#1488 = EDGE_CURVE('',#897,#379,#1489,.T.);
#1489 = ( BOUNDED_CURVE() B_SPLINE_CURVE(2,(#1490,#1491,#1492),
.UNSPECIFIED.,.F.,.F.) B_SPLINE_CURVE_WITH_KNOTS((3,3),(0.,
5.696658267748),.PIECEWISE_BEZIER_KNOTS.) CURVE() 
GEOMETRIC_REPRESENTATION_ITEM() RATIONAL_B_SPLINE_CURVE((1.,
0.707106781187,1.)) REPRESENTATION_ITEM('') );
#1490 = CARTESIAN_POINT('',(-40.34832913387,-16.,0.));
#1491 = CARTESIAN_POINT('',(-40.34832913387,-20.,3.55E-15));
#1492 = CARTESIAN_POINT('',(-40.34832913387,-20.,-4.));
#1493 = ORIENTED_EDGE('',*,*,#378,.T.);
#1494 = ORIENTED_EDGE('',*,*,#1054,.F.);
#1495 = ORIENTED_EDGE('',*,*,#896,.F.);
#1496 = CYLINDRICAL_SURFACE('',#1497,4.);
#1497 = AXIS2_PLACEMENT_3D('',#1498,#1499,#1500);
#1498 = CARTESIAN_POINT('',(55.,-16.,-4.));
#1499 = DIRECTION('',(-1.,-0.,-0.));
#1500 = DIRECTION('',(0.,0.,1.));
#1501 = ADVANCED_FACE('',(#1502),#1560,.F.);
#1502 = FACE_BOUND('',#1503,.F.);
#1503 = EDGE_LOOP('',(#1504,#1505,#1558,#1559));
#1504 = ORIENTED_EDGE('',*,*,#1472,.F.);
#1505 = ORIENTED_EDGE('',*,*,#1506,.T.);
#1506 = EDGE_CURVE('',#914,#897,#1507,.T.);
#1507 = ( BOUNDED_CURVE() B_SPLINE_CURVE(9,(#1508,#1509,#1510,#1511,
    #1512,#1513,#1514,#1515,#1516,#1517,#1518,#1519,#1520,#1521,#1522,
    #1523,#1524,#1525,#1526,#1527,#1528,#1529,#1530,#1531,#1532,#1533,
    #1534,#1535,#1536,#1537,#1538,#1539,#1540,#1541,#1542,#1543,#1544,
    #1545,#1546,#1547,#1548,#1549,#1550,#1551,#1552,#1553,#1554,#1555,
#1556,#1557),.UNSPECIFIED.,.F.,.F.) B_SPLINE_CURVE_WITH_KNOTS((10,8,8,8,
    8,8,10),(89.651670866126,90.363753149594,91.075835433063,92.5,
    93.924164566937,94.636246850406,95.348329133874),.UNSPECIFIED.) 
CURVE() GEOMETRIC_REPRESENTATION_ITEM() RATIONAL_B_SPLINE_CURVE((1.,1.,
    1.,1.,1.,1.,1.,1.,1.,1.,1.,1.,1.,1.,1.,1.,1.,1.,1.,1.,1.,1.,1.,1.,1.
    ,1.,1.,1.,1.,1.,1.,1.,1.,1.,1.,1.,1.,1.,1.,1.,1.,1.,1.,1.,1.,1.,1.,
1.,1.,1.)) REPRESENTATION_ITEM('') );
#1508 = CARTESIAN_POINT('',(-34.65167086612,-16.,0.));
#1509 = CARTESIAN_POINT('',(-34.73079111984,-16.23928245557,0.));
#1510 = CARTESIAN_POINT('',(-34.80991137356,-16.403346923,0.));
#1511 = CARTESIAN_POINT('',(-34.88903162728,-16.55968237081,0.));
#1512 = CARTESIAN_POINT('',(-34.968151881,-16.6793165574,0.));
#1513 = CARTESIAN_POINT('',(-35.04727213471,-16.80115390975,0.));
#1514 = CARTESIAN_POINT('',(-35.12639238843,-16.90129494571,0.));
#1515 = CARTESIAN_POINT('',(-35.20551264215,-16.99741620173,0.));
#1516 = CARTESIAN_POINT('',(-35.28463289587,-17.08422443987,0.));
#1517 = CARTESIAN_POINT('',(-35.44287340331,-17.24471568128,0.));
#1518 = CARTESIAN_POINT('',(-35.52199365703,-17.31819874164,0.));
#1519 = CARTESIAN_POINT('',(-35.60111391075,-17.38585401896,0.));
#1520 = CARTESIAN_POINT('',(-35.68023416446,-17.44838608612,0.));
#1521 = CARTESIAN_POINT('',(-35.75935441818,-17.50631570959,0.));
#1522 = CARTESIAN_POINT('',(-35.8384746719,-17.5600262476,0.));
#1523 = CARTESIAN_POINT('',(-35.91759492562,-17.60981004816,0.));
#1524 = CARTESIAN_POINT('',(-35.99671517934,-17.6559148472,0.));
#1525 = CARTESIAN_POINT('',(-36.2340759405,-17.78394080541,0.));
#1526 = CARTESIAN_POINT('',(-36.39231644793,-17.85556431746,0.));
#1527 = CARTESIAN_POINT('',(-36.55055695537,-17.91503915544,0.));
#1528 = CARTESIAN_POINT('',(-36.70879746281,-17.96348889749,0.));
#1529 = CARTESIAN_POINT('',(-36.86703797025,-18.00166428543,0.));
#1530 = CARTESIAN_POINT('',(-37.02527847768,-18.03002526296,0.));
#1531 = CARTESIAN_POINT('',(-37.18351898512,-18.04882301381,0.));
#1532 = CARTESIAN_POINT('',(-37.34175949256,-18.058182,0.));
#1533 = CARTESIAN_POINT('',(-37.65824050743,-18.058182,0.));
#1534 = CARTESIAN_POINT('',(-37.81648101487,-18.04882301381,0.));
#1535 = CARTESIAN_POINT('',(-37.97472152231,-18.03002526296,0.));
#1536 = CARTESIAN_POINT('',(-38.13296202975,-18.00166428543,0.));
#1537 = CARTESIAN_POINT('',(-38.29120253718,-17.96348889749,0.));
#1538 = CARTESIAN_POINT('',(-38.44944304462,-17.91503915544,0.));
#1539 = CARTESIAN_POINT('',(-38.60768355206,-17.85556431746,0.));
#1540 = CARTESIAN_POINT('',(-38.7659240595,-17.78394080541,0.));
#1541 = CARTESIAN_POINT('',(-39.00328482065,-17.6559148472,0.));
#1542 = CARTESIAN_POINT('',(-39.08240507437,-17.60981004816,0.));
#1543 = CARTESIAN_POINT('',(-39.16152532809,-17.5600262476,0.));
#1544 = CARTESIAN_POINT('',(-39.24064558181,-17.50631570959,0.));
#1545 = CARTESIAN_POINT('',(-39.31976583553,-17.44838608612,0.));
#1546 = CARTESIAN_POINT('',(-39.39888608924,-17.38585401896,0.));
#1547 = CARTESIAN_POINT('',(-39.47800634296,-17.31819874164,0.));
#1548 = CARTESIAN_POINT('',(-39.55712659668,-17.24471568128,0.));
#1549 = CARTESIAN_POINT('',(-39.71536710412,-17.08422443987,0.));
#1550 = CARTESIAN_POINT('',(-39.79448735784,-16.99741620173,0.));
#1551 = CARTESIAN_POINT('',(-39.87360761156,-16.90129494571,0.));
#1552 = CARTESIAN_POINT('',(-39.95272786528,-16.80115390975,0.));
#1553 = CARTESIAN_POINT('',(-40.03184811899,-16.6793165574,0.));
#1554 = CARTESIAN_POINT('',(-40.11096837272,-16.55968237081,0.));
#1555 = CARTESIAN_POINT('',(-40.19008862643,-16.403346923,0.));
#1556 = CARTESIAN_POINT('',(-40.26920888015,-16.23928245557,0.));
#1557 = CARTESIAN_POINT('',(-40.34832913387,-16.,0.));
#1558 = ORIENTED_EDGE('',*,*,#1488,.T.);
#1559 = ORIENTED_EDGE('',*,*,#386,.F.);
#1560 = ( BOUNDED_SURFACE() B_SPLINE_SURFACE(2,9,(
    (#1561,#1562,#1563,#1564,#1565,#1566,#1567,#1568,#1569,#1570,#1571
      ,#1572,#1573,#1574,#1575,#1576,#1577,#1578,#1579,#1580,#1581,#1582
      ,#1583,#1584,#1585,#1586,#1587,#1588,#1589,#1590,#1591,#1592,#1593
      ,#1594,#1595,#1596,#1597,#1598,#1599,#1600,#1601,#1602,#1603,#1604
      ,#1605,#1606,#1607,#1608,#1609,#1610)
    ,(#1611,#1612,#1613,#1614,#1615,#1616,#1617,#1618,#1619,#1620,#1621
      ,#1622,#1623,#1624,#1625,#1626,#1627,#1628,#1629,#1630,#1631,#1632
      ,#1633,#1634,#1635,#1636,#1637,#1638,#1639,#1640,#1641,#1642,#1643
      ,#1644,#1645,#1646,#1647,#1648,#1649,#1650,#1651,#1652,#1653,#1654
      ,#1655,#1656,#1657,#1658,#1659,#1660)
    ,(#1661,#1662,#1663,#1664,#1665,#1666,#1667,#1668,#1669,#1670,#1671
      ,#1672,#1673,#1674,#1675,#1676,#1677,#1678,#1679,#1680,#1681,#1682
      ,#1683,#1684,#1685,#1686,#1687,#1688,#1689,#1690,#1691,#1692,#1693
      ,#1694,#1695,#1696,#1697,#1698,#1699,#1700,#1701,#1702,#1703,#1704
      ,#1705,#1706,#1707,#1708,#1709,#1710
)),.UNSPECIFIED.,.F.,.F.,.F.) B_SPLINE_SURFACE_WITH_KNOTS((3,3),(10,8,8,
    8,8,8,10),(0.,5.696658267748),(89.651670866126,90.363753149594,
    91.075835433063,92.5,93.924164566937,94.636246850406,95.348329133874
),.UNSPECIFIED.) GEOMETRIC_REPRESENTATION_ITEM() 
RATIONAL_B_SPLINE_SURFACE((
    (1.,1.,1.,1.,1.,1.,1.,1.,1.,1.,1.,1.,1.,1.,1.,1.,1.,1.,1.,1.,1.,1.
      ,1.,1.,1.,1.,1.,1.,1.,1.,1.,1.,1.,1.,1.,1.,1.,1.,1.,1.,1.,1.,1.,1.
      ,1.,1.,1.,1.,1.,1.)
    ,(0.707106781187,0.728256562056,0.742054242209,0.755236907443
      ,0.764874433953,0.774862576542,0.782788894753,0.790422396304
      ,0.797224572683,0.809708851666,0.815370804524,0.820541461733
      ,0.825287473281,0.829657764266,0.833688051001,0.837405357114
      ,0.840832529655,0.850313206283,0.855564867865,0.859892589145
      ,0.863398882613,0.866151708949,0.868192261926,0.86954275331
      ,0.87021419777,0.87021419777,0.86954275331,0.868192261925
      ,0.866151708949,0.863398882613,0.859892589145,0.855564867865
      ,0.850313206283,0.840832529655,0.837405357114,0.833688051001
      ,0.829657764266,0.825287473281,0.820541461733,0.815370804524
      ,0.809708851666,0.797224572683,0.790422396304,0.782788894753
      ,0.774862576542,0.764874433954,0.755236907443,0.742054242209
      ,0.728256562056,0.707106781187)
    ,(1.,1.,1.,1.,1.,1.,1.,1.,1.,1.,1.,1.,1.,1.,1.,1.,1.,1.,1.,1.,1.,1.
      ,1.,1.,1.,1.,1.,1.,1.,1.,1.,1.,1.,1.,1.,1.,1.,1.,1.,1.,1.,1.,1.,1.
,1.,1.,1.,1.,1.,1.))) REPRESENTATION_ITEM('') SURFACE() );
#1561 = CARTESIAN_POINT('',(-34.65167086612,-20.,-4.));
#1562 = CARTESIAN_POINT('',(-34.73079111984,-20.,-4.));
#1563 = CARTESIAN_POINT('',(-34.80991137356,-20.,-3.984052697086));
#1564 = CARTESIAN_POINT('',(-34.88903162728,-20.,-3.968021909571));
#1565 = CARTESIAN_POINT('',(-34.968151881,-20.,-3.944920806808));
#1566 = CARTESIAN_POINT('',(-35.04727213471,-20.,-3.923984798245));
#1567 = CARTESIAN_POINT('',(-35.12639238843,-20.,-3.899485651105));
#1568 = CARTESIAN_POINT('',(-35.20551264215,-20.,-3.875634576973));
#1569 = CARTESIAN_POINT('',(-35.28463289587,-20.,-3.85116774351));
#1570 = CARTESIAN_POINT('',(-35.44287340331,-20.,-3.802330666503));
#1571 = CARTESIAN_POINT('',(-35.52199365703,-20.,-3.77791240162));
#1572 = CARTESIAN_POINT('',(-35.60111391075,-20.,-3.753725599795));
#1573 = CARTESIAN_POINT('',(-35.68023416446,-20.,-3.729952038121));
#1574 = CARTESIAN_POINT('',(-35.75935441818,-20.,-3.706733992712));
#1575 = CARTESIAN_POINT('',(-35.8384746719,-20.,-3.684184150065));
#1576 = CARTESIAN_POINT('',(-35.91759492562,-20.,-3.662395518432));
#1577 = CARTESIAN_POINT('',(-35.99671517934,-20.,-3.64145133918));
#1578 = CARTESIAN_POINT('',(-36.2340759405,-20.,-3.581402316124));
#1579 = CARTESIAN_POINT('',(-36.39231644793,-20.,-3.545076979384));
#1580 = CARTESIAN_POINT('',(-36.55055695537,-20.,-3.513037095475));
#1581 = CARTESIAN_POINT('',(-36.70879746281,-20.,-3.485747658796));
#1582 = CARTESIAN_POINT('',(-36.86703797025,-20.,-3.463567996956));
#1583 = CARTESIAN_POINT('',(-37.02527847768,-20.,-3.446759217122));
#1584 = CARTESIAN_POINT('',(-37.18351898512,-20.,-3.435491652369));
#1585 = CARTESIAN_POINT('',(-37.34175949256,-20.,-3.429852308027));
#1586 = CARTESIAN_POINT('',(-37.65824050743,-20.,-3.429852308027));
#1587 = CARTESIAN_POINT('',(-37.81648101487,-20.,-3.435491652369));
#1588 = CARTESIAN_POINT('',(-37.97472152231,-20.,-3.446759217122));
#1589 = CARTESIAN_POINT('',(-38.13296202975,-20.,-3.463567996956));
#1590 = CARTESIAN_POINT('',(-38.29120253718,-20.,-3.485747658796));
#1591 = CARTESIAN_POINT('',(-38.44944304462,-20.,-3.513037095475));
#1592 = CARTESIAN_POINT('',(-38.60768355206,-20.,-3.545076979384));
#1593 = CARTESIAN_POINT('',(-38.7659240595,-20.,-3.581402316124));
#1594 = CARTESIAN_POINT('',(-39.00328482065,-20.,-3.64145133918));
#1595 = CARTESIAN_POINT('',(-39.08240507437,-20.,-3.662395518432));
#1596 = CARTESIAN_POINT('',(-39.16152532809,-20.,-3.684184150065));
#1597 = CARTESIAN_POINT('',(-39.24064558181,-20.,-3.706733992712));
#1598 = CARTESIAN_POINT('',(-39.31976583553,-20.,-3.729952038121));
#1599 = CARTESIAN_POINT('',(-39.39888608924,-20.,-3.753725599795));
#1600 = CARTESIAN_POINT('',(-39.47800634296,-20.,-3.77791240162));
#1601 = CARTESIAN_POINT('',(-39.55712659668,-20.,-3.802330666503));
#1602 = CARTESIAN_POINT('',(-39.71536710412,-20.,-3.85116774351));
#1603 = CARTESIAN_POINT('',(-39.79448735784,-20.,-3.875634576973));
#1604 = CARTESIAN_POINT('',(-39.87360761156,-20.,-3.899485651105));
#1605 = CARTESIAN_POINT('',(-39.95272786528,-20.,-3.923984798245));
#1606 = CARTESIAN_POINT('',(-40.03184811899,-20.,-3.94492080681));
#1607 = CARTESIAN_POINT('',(-40.11096837271,-20.,-3.968021909569));
#1608 = CARTESIAN_POINT('',(-40.19008862643,-20.,-3.984052697087));
#1609 = CARTESIAN_POINT('',(-40.26920888015,-20.,-4.));
#1610 = CARTESIAN_POINT('',(-40.34832913387,-20.,-4.));
#1611 = CARTESIAN_POINT('',(-34.65167086612,-20.,3.55E-15));
#1612 = CARTESIAN_POINT('',(-34.72849333618,-20.,-0.232333295398));
#1613 = CARTESIAN_POINT('',(-34.80751412917,-20.,-0.369142421084));
#1614 = CARTESIAN_POINT('',(-34.88600012492,-20.,-0.493297400667));
#1615 = CARTESIAN_POINT('',(-34.96588855217,-20.,-0.575518824282));
#1616 = CARTESIAN_POINT('',(-35.04484326832,-20.,-0.65880692317));
#1617 = CARTESIAN_POINT('',(-35.1247389286,-20.,-0.719050781579));
#1618 = CARTESIAN_POINT('',(-35.20428096012,-20.,-0.775081455268));
#1619 = CARTESIAN_POINT('',(-35.28401339708,-20.,-0.821979700663));
#1620 = CARTESIAN_POINT('',(-35.44226345609,-20.,-0.903079348349));
#1621 = CARTESIAN_POINT('',(-35.52104323004,-20.,-0.93739845704));
#1622 = CARTESIAN_POINT('',(-35.60002098274,-20.,-0.966932884584));
#1623 = CARTESIAN_POINT('',(-35.67914104872,-20.,-0.992535116761));
#1624 = CARTESIAN_POINT('',(-35.75836355137,-20.,-1.014843268024));
#1625 = CARTESIAN_POINT('',(-35.83766203998,-20.,-1.034337979402));
#1626 = CARTESIAN_POINT('',(-35.91701879589,-20.,-1.051394193434));
#1627 = CARTESIAN_POINT('',(-35.99641780996,-20.,-1.066329256329));
#1628 = CARTESIAN_POINT('',(-36.23289972521,-20.,-1.105394056198));
#1629 = CARTESIAN_POINT('',(-36.39065620171,-20.,-1.124323332343));
#1630 = CARTESIAN_POINT('',(-36.54886943333,-20.,-1.138127314688));
#1631 = CARTESIAN_POINT('',(-36.70735565113,-20.,-1.14817423196));
#1632 = CARTESIAN_POINT('',(-36.86597919722,-20.,-1.155412126119));
#1633 = CARTESIAN_POINT('',(-37.02464175479,-20.,-1.160457233066));
#1634 = CARTESIAN_POINT('',(-37.18326402031,-20.,-1.163673143808));
#1635 = CARTESIAN_POINT('',(-37.34175949256,-20.,-1.165244009348));
#1636 = CARTESIAN_POINT('',(-37.65824050743,-20.,-1.165244009348));
#1637 = CARTESIAN_POINT('',(-37.81673597968,-20.,-1.163673143808));
#1638 = CARTESIAN_POINT('',(-37.9753582452,-20.,-1.160457233066));
#1639 = CARTESIAN_POINT('',(-38.13402080277,-20.,-1.155412126119));
#1640 = CARTESIAN_POINT('',(-38.29264434887,-20.,-1.14817423196));
#1641 = CARTESIAN_POINT('',(-38.45113056666,-20.,-1.138127314688));
#1642 = CARTESIAN_POINT('',(-38.60934379829,-20.,-1.124323332343));
#1643 = CARTESIAN_POINT('',(-38.76710027478,-20.,-1.105394056198));
#1644 = CARTESIAN_POINT('',(-39.00358219003,-20.,-1.066329256329));
#1645 = CARTESIAN_POINT('',(-39.0829812041,-20.,-1.051394193434));
#1646 = CARTESIAN_POINT('',(-39.16233796001,-20.,-1.034337979402));
#1647 = CARTESIAN_POINT('',(-39.24163644862,-20.,-1.014843268024));
#1648 = CARTESIAN_POINT('',(-39.32085895127,-20.,-0.992535116761));
#1649 = CARTESIAN_POINT('',(-39.39997901725,-20.,-0.966932884584));
#1650 = CARTESIAN_POINT('',(-39.47895676996,-20.,-0.93739845704));
#1651 = CARTESIAN_POINT('',(-39.5577365439,-20.,-0.903079348349));
#1652 = CARTESIAN_POINT('',(-39.71598660291,-20.,-0.821979700663));
#1653 = CARTESIAN_POINT('',(-39.79571903987,-20.,-0.775081455268));
#1654 = CARTESIAN_POINT('',(-39.87526107139,-20.,-0.719050781578));
#1655 = CARTESIAN_POINT('',(-39.95515673167,-20.,-0.658806923167));
#1656 = CARTESIAN_POINT('',(-40.03411144782,-20.,-0.575518824288));
#1657 = CARTESIAN_POINT('',(-40.11399987508,-20.,-0.493297400661));
#1658 = CARTESIAN_POINT('',(-40.19248587082,-20.,-0.369142421086));
#1659 = CARTESIAN_POINT('',(-40.27150666381,-20.,-0.232333295398));
#1660 = CARTESIAN_POINT('',(-40.34832913387,-20.,3.55E-15));
#1661 = CARTESIAN_POINT('',(-34.65167086612,-16.,0.));
#1662 = CARTESIAN_POINT('',(-34.73079111984,-16.23928245557,0.));
#1663 = CARTESIAN_POINT('',(-34.80991137356,-16.403346923,0.));
#1664 = CARTESIAN_POINT('',(-34.88903162728,-16.55968237081,0.));
#1665 = CARTESIAN_POINT('',(-34.968151881,-16.6793165574,0.));
#1666 = CARTESIAN_POINT('',(-35.04727213471,-16.80115390975,0.));
#1667 = CARTESIAN_POINT('',(-35.12639238843,-16.90129494571,0.));
#1668 = CARTESIAN_POINT('',(-35.20551264215,-16.99741620173,0.));
#1669 = CARTESIAN_POINT('',(-35.28463289587,-17.08422443987,0.));
#1670 = CARTESIAN_POINT('',(-35.44287340331,-17.24471568128,0.));
#1671 = CARTESIAN_POINT('',(-35.52199365703,-17.31819874164,0.));
#1672 = CARTESIAN_POINT('',(-35.60111391075,-17.38585401896,0.));
#1673 = CARTESIAN_POINT('',(-35.68023416446,-17.44838608612,0.));
#1674 = CARTESIAN_POINT('',(-35.75935441818,-17.50631570959,0.));
#1675 = CARTESIAN_POINT('',(-35.8384746719,-17.5600262476,0.));
#1676 = CARTESIAN_POINT('',(-35.91759492562,-17.60981004816,0.));
#1677 = CARTESIAN_POINT('',(-35.99671517934,-17.6559148472,0.));
#1678 = CARTESIAN_POINT('',(-36.2340759405,-17.78394080541,0.));
#1679 = CARTESIAN_POINT('',(-36.39231644793,-17.85556431746,0.));
#1680 = CARTESIAN_POINT('',(-36.55055695537,-17.91503915544,0.));
#1681 = CARTESIAN_POINT('',(-36.70879746281,-17.96348889749,0.));
#1682 = CARTESIAN_POINT('',(-36.86703797025,-18.00166428543,0.));
#1683 = CARTESIAN_POINT('',(-37.02527847768,-18.03002526296,0.));
#1684 = CARTESIAN_POINT('',(-37.18351898512,-18.04882301381,0.));
#1685 = CARTESIAN_POINT('',(-37.34175949256,-18.058182,0.));
#1686 = CARTESIAN_POINT('',(-37.65824050743,-18.058182,0.));
#1687 = CARTESIAN_POINT('',(-37.81648101487,-18.04882301381,0.));
#1688 = CARTESIAN_POINT('',(-37.97472152231,-18.03002526296,0.));
#1689 = CARTESIAN_POINT('',(-38.13296202975,-18.00166428543,0.));
#1690 = CARTESIAN_POINT('',(-38.29120253718,-17.96348889749,0.));
#1691 = CARTESIAN_POINT('',(-38.44944304462,-17.91503915544,0.));
#1692 = CARTESIAN_POINT('',(-38.60768355206,-17.85556431746,0.));
#1693 = CARTESIAN_POINT('',(-38.7659240595,-17.78394080541,0.));
#1694 = CARTESIAN_POINT('',(-39.00328482065,-17.6559148472,0.));
#1695 = CARTESIAN_POINT('',(-39.08240507437,-17.60981004816,0.));
#1696 = CARTESIAN_POINT('',(-39.16152532809,-17.5600262476,0.));
#1697 = CARTESIAN_POINT('',(-39.24064558181,-17.50631570959,0.));
#1698 = CARTESIAN_POINT('',(-39.31976583553,-17.44838608612,0.));
#1699 = CARTESIAN_POINT('',(-39.39888608924,-17.38585401896,0.));
#1700 = CARTESIAN_POINT('',(-39.47800634296,-17.31819874164,0.));
#1701 = CARTESIAN_POINT('',(-39.55712659668,-17.24471568128,0.));
#1702 = CARTESIAN_POINT('',(-39.71536710412,-17.08422443987,0.));
#1703 = CARTESIAN_POINT('',(-39.79448735784,-16.99741620173,0.));
#1704 = CARTESIAN_POINT('',(-39.87360761156,-16.90129494571,0.));
#1705 = CARTESIAN_POINT('',(-39.95272786528,-16.80115390975,0.));
#1706 = CARTESIAN_POINT('',(-40.03184811899,-16.6793165574,0.));
#1707 = CARTESIAN_POINT('',(-40.11096837272,-16.55968237081,0.));
#1708 = CARTESIAN_POINT('',(-40.19008862643,-16.403346923,0.));
#1709 = CARTESIAN_POINT('',(-40.26920888015,-16.23928245557,0.));
#1710 = CARTESIAN_POINT('',(-40.34832913387,-16.,0.));
#1711 = ADVANCED_FACE('',(#1712),#1737,.F.);
#1712 = FACE_BOUND('',#1713,.F.);
#1713 = EDGE_LOOP('',(#1714,#1722,#1730,#1736));
#1714 = ORIENTED_EDGE('',*,*,#1715,.F.);
#1715 = EDGE_CURVE('',#1716,#513,#1718,.T.);
#1716 = VERTEX_POINT('',#1717);
#1717 = CARTESIAN_POINT('',(-41.1802872707,-28.,-56.44736000291));
#1718 = LINE('',#1719,#1720);
#1719 = CARTESIAN_POINT('',(-41.1802872707,-30.,-56.44736000291));
#1720 = VECTOR('',#1721,1.);
#1721 = DIRECTION('',(0.,1.,-2.2E-16));
#1722 = ORIENTED_EDGE('',*,*,#1723,.F.);
#1723 = EDGE_CURVE('',#1724,#1716,#1726,.T.);
#1724 = VERTEX_POINT('',#1725);
#1725 = CARTESIAN_POINT('',(-41.1802872707,-28.,-51.44736000291));
#1726 = LINE('',#1727,#1728);
#1727 = CARTESIAN_POINT('',(-41.1802872707,-28.,-51.44736000291));
#1728 = VECTOR('',#1729,1.);
#1729 = DIRECTION('',(0.,-2.2E-16,-1.));
#1730 = ORIENTED_EDGE('',*,*,#1731,.T.);
#1731 = EDGE_CURVE('',#1724,#515,#1732,.T.);
#1732 = LINE('',#1733,#1734);
#1733 = CARTESIAN_POINT('',(-41.1802872707,-30.,-51.44736000291));
#1734 = VECTOR('',#1735,1.);
#1735 = DIRECTION('',(0.,1.,-2.2E-16));
#1736 = ORIENTED_EDGE('',*,*,#512,.F.);
#1737 = PLANE('',#1738);
#1738 = AXIS2_PLACEMENT_3D('',#1739,#1740,#1741);
#1739 = CARTESIAN_POINT('',(-41.1802872707,-30.,-51.44736000291));
#1740 = DIRECTION('',(-1.,0.,0.));
#1741 = DIRECTION('',(-0.,-2.2E-16,-1.));
#1742 = ADVANCED_FACE('',(#1743),#1761,.F.);
#1743 = FACE_BOUND('',#1744,.F.);
#1744 = EDGE_LOOP('',(#1745,#1746,#1754,#1760));
#1745 = ORIENTED_EDGE('',*,*,#1731,.F.);
#1746 = ORIENTED_EDGE('',*,*,#1747,.F.);
#1747 = EDGE_CURVE('',#1748,#1724,#1750,.T.);
#1748 = VERTEX_POINT('',#1749);
#1749 = CARTESIAN_POINT('',(38.819712729295,-28.,-51.44736000291));
#1750 = LINE('',#1751,#1752);
#1751 = CARTESIAN_POINT('',(38.819712729295,-28.,-51.44736000291));
#1752 = VECTOR('',#1753,1.);
#1753 = DIRECTION('',(-1.,0.,0.));
#1754 = ORIENTED_EDGE('',*,*,#1755,.T.);
#1755 = EDGE_CURVE('',#1748,#531,#1756,.T.);
#1756 = LINE('',#1757,#1758);
#1757 = CARTESIAN_POINT('',(38.819712729295,-30.,-51.44736000291));
#1758 = VECTOR('',#1759,1.);
#1759 = DIRECTION('',(0.,1.,-2.2E-16));
#1760 = ORIENTED_EDGE('',*,*,#538,.F.);
#1761 = PLANE('',#1762);
#1762 = AXIS2_PLACEMENT_3D('',#1763,#1764,#1765);
#1763 = CARTESIAN_POINT('',(38.819712729295,-30.,-51.44736000291));
#1764 = DIRECTION('',(0.,2.2E-16,1.));
#1765 = DIRECTION('',(-1.,0.,0.));
#1766 = ADVANCED_FACE('',(#1767),#1785,.F.);
#1767 = FACE_BOUND('',#1768,.F.);
#1768 = EDGE_LOOP('',(#1769,#1770,#1778,#1784));
#1769 = ORIENTED_EDGE('',*,*,#1755,.F.);
#1770 = ORIENTED_EDGE('',*,*,#1771,.F.);
#1771 = EDGE_CURVE('',#1772,#1748,#1774,.T.);
#1772 = VERTEX_POINT('',#1773);
#1773 = CARTESIAN_POINT('',(38.819712729295,-28.,-56.44736000291));
#1774 = LINE('',#1775,#1776);
#1775 = CARTESIAN_POINT('',(38.819712729295,-28.,-56.44736000291));
#1776 = VECTOR('',#1777,1.);
#1777 = DIRECTION('',(0.,2.2E-16,1.));
#1778 = ORIENTED_EDGE('',*,*,#1779,.T.);
#1779 = EDGE_CURVE('',#1772,#523,#1780,.T.);
#1780 = LINE('',#1781,#1782);
#1781 = CARTESIAN_POINT('',(38.819712729295,-30.,-56.44736000291));
#1782 = VECTOR('',#1783,1.);
#1783 = DIRECTION('',(0.,1.,-2.2E-16));
#1784 = ORIENTED_EDGE('',*,*,#530,.F.);
#1785 = PLANE('',#1786);
#1786 = AXIS2_PLACEMENT_3D('',#1787,#1788,#1789);
#1787 = CARTESIAN_POINT('',(38.819712729295,-30.,-56.44736000291));
#1788 = DIRECTION('',(1.,0.,0.));
#1789 = DIRECTION('',(0.,2.2E-16,1.));
#1790 = ADVANCED_FACE('',(#1791),#1802,.F.);
#1791 = FACE_BOUND('',#1792,.F.);
#1792 = EDGE_LOOP('',(#1793,#1794,#1800,#1801));
#1793 = ORIENTED_EDGE('',*,*,#1779,.F.);
#1794 = ORIENTED_EDGE('',*,*,#1795,.F.);
#1795 = EDGE_CURVE('',#1716,#1772,#1796,.T.);
#1796 = LINE('',#1797,#1798);
#1797 = CARTESIAN_POINT('',(-41.1802872707,-28.,-56.44736000291));
#1798 = VECTOR('',#1799,1.);
#1799 = DIRECTION('',(1.,0.,0.));
#1800 = ORIENTED_EDGE('',*,*,#1715,.T.);
#1801 = ORIENTED_EDGE('',*,*,#522,.F.);
#1802 = PLANE('',#1803);
#1803 = AXIS2_PLACEMENT_3D('',#1804,#1805,#1806);
#1804 = CARTESIAN_POINT('',(-41.1802872707,-30.,-56.44736000291));
#1805 = DIRECTION('',(0.,-2.2E-16,-1.));
#1806 = DIRECTION('',(1.,0.,0.));
#1807 = ADVANCED_FACE('',(#1808),#1833,.F.);
#1808 = FACE_BOUND('',#1809,.F.);
#1809 = EDGE_LOOP('',(#1810,#1818,#1826,#1832));
#1810 = ORIENTED_EDGE('',*,*,#1811,.F.);
#1811 = EDGE_CURVE('',#1812,#547,#1814,.T.);
#1812 = VERTEX_POINT('',#1813);
#1813 = CARTESIAN_POINT('',(-41.180287,-28.,-92.399086));
#1814 = LINE('',#1815,#1816);
#1815 = CARTESIAN_POINT('',(-41.180287,-30.,-92.399086));
#1816 = VECTOR('',#1817,1.);
#1817 = DIRECTION('',(0.,1.,-2.2E-16));
#1818 = ORIENTED_EDGE('',*,*,#1819,.F.);
#1819 = EDGE_CURVE('',#1820,#1812,#1822,.T.);
#1820 = VERTEX_POINT('',#1821);
#1821 = CARTESIAN_POINT('',(-41.180287,-28.,-87.399086));
#1822 = LINE('',#1823,#1824);
#1823 = CARTESIAN_POINT('',(-41.180287,-28.,-87.399086));
#1824 = VECTOR('',#1825,1.);
#1825 = DIRECTION('',(0.,-2.2E-16,-1.));
#1826 = ORIENTED_EDGE('',*,*,#1827,.T.);
#1827 = EDGE_CURVE('',#1820,#549,#1828,.T.);
#1828 = LINE('',#1829,#1830);
#1829 = CARTESIAN_POINT('',(-41.180287,-30.,-87.399086));
#1830 = VECTOR('',#1831,1.);
#1831 = DIRECTION('',(0.,1.,-2.2E-16));
#1832 = ORIENTED_EDGE('',*,*,#546,.F.);
#1833 = PLANE('',#1834);
#1834 = AXIS2_PLACEMENT_3D('',#1835,#1836,#1837);
#1835 = CARTESIAN_POINT('',(-41.180287,-30.,-87.399086));
#1836 = DIRECTION('',(-1.,0.,0.));
#1837 = DIRECTION('',(-0.,-2.2E-16,-1.));
#1838 = ADVANCED_FACE('',(#1839),#1857,.F.);
#1839 = FACE_BOUND('',#1840,.F.);
#1840 = EDGE_LOOP('',(#1841,#1842,#1850,#1856));
#1841 = ORIENTED_EDGE('',*,*,#1827,.F.);
#1842 = ORIENTED_EDGE('',*,*,#1843,.F.);
#1843 = EDGE_CURVE('',#1844,#1820,#1846,.T.);
#1844 = VERTEX_POINT('',#1845);
#1845 = CARTESIAN_POINT('',(38.819713,-28.,-87.399086));
#1846 = LINE('',#1847,#1848);
#1847 = CARTESIAN_POINT('',(38.819713,-28.,-87.399086));
#1848 = VECTOR('',#1849,1.);
#1849 = DIRECTION('',(-1.,0.,0.));
#1850 = ORIENTED_EDGE('',*,*,#1851,.T.);
#1851 = EDGE_CURVE('',#1844,#565,#1852,.T.);
#1852 = LINE('',#1853,#1854);
#1853 = CARTESIAN_POINT('',(38.819713,-30.,-87.399086));
#1854 = VECTOR('',#1855,1.);
#1855 = DIRECTION('',(0.,1.,-2.2E-16));
#1856 = ORIENTED_EDGE('',*,*,#572,.F.);
#1857 = PLANE('',#1858);
#1858 = AXIS2_PLACEMENT_3D('',#1859,#1860,#1861);
#1859 = CARTESIAN_POINT('',(38.819713,-30.,-87.399086));
#1860 = DIRECTION('',(0.,2.2E-16,1.));
#1861 = DIRECTION('',(-1.,0.,0.));
#1862 = ADVANCED_FACE('',(#1863),#1881,.F.);
#1863 = FACE_BOUND('',#1864,.F.);
#1864 = EDGE_LOOP('',(#1865,#1866,#1874,#1880));
#1865 = ORIENTED_EDGE('',*,*,#1851,.F.);
#1866 = ORIENTED_EDGE('',*,*,#1867,.F.);
#1867 = EDGE_CURVE('',#1868,#1844,#1870,.T.);
#1868 = VERTEX_POINT('',#1869);
#1869 = CARTESIAN_POINT('',(38.819713,-28.,-92.399086));
#1870 = LINE('',#1871,#1872);
#1871 = CARTESIAN_POINT('',(38.819713,-28.,-92.399086));
#1872 = VECTOR('',#1873,1.);
#1873 = DIRECTION('',(0.,2.2E-16,1.));
#1874 = ORIENTED_EDGE('',*,*,#1875,.T.);
#1875 = EDGE_CURVE('',#1868,#557,#1876,.T.);
#1876 = LINE('',#1877,#1878);
#1877 = CARTESIAN_POINT('',(38.819713,-30.,-92.399086));
#1878 = VECTOR('',#1879,1.);
#1879 = DIRECTION('',(0.,1.,-2.2E-16));
#1880 = ORIENTED_EDGE('',*,*,#564,.F.);
#1881 = PLANE('',#1882);
#1882 = AXIS2_PLACEMENT_3D('',#1883,#1884,#1885);
#1883 = CARTESIAN_POINT('',(38.819713,-30.,-92.399086));
#1884 = DIRECTION('',(1.,0.,0.));
#1885 = DIRECTION('',(0.,2.2E-16,1.));
#1886 = ADVANCED_FACE('',(#1887),#1898,.F.);
#1887 = FACE_BOUND('',#1888,.F.);
#1888 = EDGE_LOOP('',(#1889,#1890,#1896,#1897));
#1889 = ORIENTED_EDGE('',*,*,#1875,.F.);
#1890 = ORIENTED_EDGE('',*,*,#1891,.F.);
#1891 = EDGE_CURVE('',#1812,#1868,#1892,.T.);
#1892 = LINE('',#1893,#1894);
#1893 = CARTESIAN_POINT('',(-41.180287,-28.,-92.399086));
#1894 = VECTOR('',#1895,1.);
#1895 = DIRECTION('',(1.,0.,0.));
#1896 = ORIENTED_EDGE('',*,*,#1811,.T.);
#1897 = ORIENTED_EDGE('',*,*,#556,.F.);
#1898 = PLANE('',#1899);
#1899 = AXIS2_PLACEMENT_3D('',#1900,#1901,#1902);
#1900 = CARTESIAN_POINT('',(-41.180287,-30.,-92.399086));
#1901 = DIRECTION('',(0.,-2.2E-16,-1.));
#1902 = DIRECTION('',(1.,0.,0.));
#1903 = ADVANCED_FACE('',(#1904),#1929,.F.);
#1904 = FACE_BOUND('',#1905,.F.);
#1905 = EDGE_LOOP('',(#1906,#1914,#1922,#1928));
#1906 = ORIENTED_EDGE('',*,*,#1907,.F.);
#1907 = EDGE_CURVE('',#1908,#581,#1910,.T.);
#1908 = VERTEX_POINT('',#1909);
#1909 = CARTESIAN_POINT('',(-41.180287,-28.,-74.423223));
#1910 = LINE('',#1911,#1912);
#1911 = CARTESIAN_POINT('',(-41.180287,-30.,-74.423223));
#1912 = VECTOR('',#1913,1.);
#1913 = DIRECTION('',(0.,1.,-2.2E-16));
#1914 = ORIENTED_EDGE('',*,*,#1915,.F.);
#1915 = EDGE_CURVE('',#1916,#1908,#1918,.T.);
#1916 = VERTEX_POINT('',#1917);
#1917 = CARTESIAN_POINT('',(-41.180287,-28.,-69.423223));
#1918 = LINE('',#1919,#1920);
#1919 = CARTESIAN_POINT('',(-41.180287,-28.,-69.423223));
#1920 = VECTOR('',#1921,1.);
#1921 = DIRECTION('',(0.,-2.2E-16,-1.));
#1922 = ORIENTED_EDGE('',*,*,#1923,.T.);
#1923 = EDGE_CURVE('',#1916,#583,#1924,.T.);
#1924 = LINE('',#1925,#1926);
#1925 = CARTESIAN_POINT('',(-41.180287,-30.,-69.423223));
#1926 = VECTOR('',#1927,1.);
#1927 = DIRECTION('',(0.,1.,-2.2E-16));
#1928 = ORIENTED_EDGE('',*,*,#580,.F.);
#1929 = PLANE('',#1930);
#1930 = AXIS2_PLACEMENT_3D('',#1931,#1932,#1933);
#1931 = CARTESIAN_POINT('',(-41.180287,-30.,-69.423223));
#1932 = DIRECTION('',(-1.,0.,0.));
#1933 = DIRECTION('',(-0.,-2.2E-16,-1.));
#1934 = ADVANCED_FACE('',(#1935),#1953,.F.);
#1935 = FACE_BOUND('',#1936,.F.);
#1936 = EDGE_LOOP('',(#1937,#1938,#1946,#1952));
#1937 = ORIENTED_EDGE('',*,*,#1923,.F.);
#1938 = ORIENTED_EDGE('',*,*,#1939,.F.);
#1939 = EDGE_CURVE('',#1940,#1916,#1942,.T.);
#1940 = VERTEX_POINT('',#1941);
#1941 = CARTESIAN_POINT('',(38.819713,-28.,-69.423223));
#1942 = LINE('',#1943,#1944);
#1943 = CARTESIAN_POINT('',(38.819713,-28.,-69.423223));
#1944 = VECTOR('',#1945,1.);
#1945 = DIRECTION('',(-1.,0.,0.));
#1946 = ORIENTED_EDGE('',*,*,#1947,.T.);
#1947 = EDGE_CURVE('',#1940,#599,#1948,.T.);
#1948 = LINE('',#1949,#1950);
#1949 = CARTESIAN_POINT('',(38.819713,-30.,-69.423223));
#1950 = VECTOR('',#1951,1.);
#1951 = DIRECTION('',(0.,1.,-2.2E-16));
#1952 = ORIENTED_EDGE('',*,*,#606,.F.);
#1953 = PLANE('',#1954);
#1954 = AXIS2_PLACEMENT_3D('',#1955,#1956,#1957);
#1955 = CARTESIAN_POINT('',(38.819713,-30.,-69.423223));
#1956 = DIRECTION('',(0.,2.2E-16,1.));
#1957 = DIRECTION('',(-1.,0.,0.));
#1958 = ADVANCED_FACE('',(#1959),#1977,.F.);
#1959 = FACE_BOUND('',#1960,.F.);
#1960 = EDGE_LOOP('',(#1961,#1962,#1970,#1976));
#1961 = ORIENTED_EDGE('',*,*,#1947,.F.);
#1962 = ORIENTED_EDGE('',*,*,#1963,.F.);
#1963 = EDGE_CURVE('',#1964,#1940,#1966,.T.);
#1964 = VERTEX_POINT('',#1965);
#1965 = CARTESIAN_POINT('',(38.819713,-28.,-74.423223));
#1966 = LINE('',#1967,#1968);
#1967 = CARTESIAN_POINT('',(38.819713,-28.,-74.423223));
#1968 = VECTOR('',#1969,1.);
#1969 = DIRECTION('',(0.,2.2E-16,1.));
#1970 = ORIENTED_EDGE('',*,*,#1971,.T.);
#1971 = EDGE_CURVE('',#1964,#591,#1972,.T.);
#1972 = LINE('',#1973,#1974);
#1973 = CARTESIAN_POINT('',(38.819713,-30.,-74.423223));
#1974 = VECTOR('',#1975,1.);
#1975 = DIRECTION('',(0.,1.,-2.2E-16));
#1976 = ORIENTED_EDGE('',*,*,#598,.F.);
#1977 = PLANE('',#1978);
#1978 = AXIS2_PLACEMENT_3D('',#1979,#1980,#1981);
#1979 = CARTESIAN_POINT('',(38.819713,-30.,-74.423223));
#1980 = DIRECTION('',(1.,0.,0.));
#1981 = DIRECTION('',(0.,2.2E-16,1.));
#1982 = ADVANCED_FACE('',(#1983),#1994,.F.);
#1983 = FACE_BOUND('',#1984,.F.);
#1984 = EDGE_LOOP('',(#1985,#1986,#1992,#1993));
#1985 = ORIENTED_EDGE('',*,*,#1971,.F.);
#1986 = ORIENTED_EDGE('',*,*,#1987,.F.);
#1987 = EDGE_CURVE('',#1908,#1964,#1988,.T.);
#1988 = LINE('',#1989,#1990);
#1989 = CARTESIAN_POINT('',(-41.180287,-28.,-74.423223));
#1990 = VECTOR('',#1991,1.);
#1991 = DIRECTION('',(1.,0.,0.));
#1992 = ORIENTED_EDGE('',*,*,#1907,.T.);
#1993 = ORIENTED_EDGE('',*,*,#590,.F.);
#1994 = PLANE('',#1995);
#1995 = AXIS2_PLACEMENT_3D('',#1996,#1997,#1998);
#1996 = CARTESIAN_POINT('',(-41.180287,-30.,-74.423223));
#1997 = DIRECTION('',(0.,-2.2E-16,-1.));
#1998 = DIRECTION('',(1.,0.,0.));
#1999 = ADVANCED_FACE('',(#2000),#2025,.F.);
#2000 = FACE_BOUND('',#2001,.F.);
#2001 = EDGE_LOOP('',(#2002,#2010,#2018,#2024));
#2002 = ORIENTED_EDGE('',*,*,#2003,.F.);
#2003 = EDGE_CURVE('',#2004,#615,#2006,.T.);
#2004 = VERTEX_POINT('',#2005);
#2005 = CARTESIAN_POINT('',(-41.180287,-28.,-42.650993));
#2006 = LINE('',#2007,#2008);
#2007 = CARTESIAN_POINT('',(-41.180287,-30.,-42.650993));
#2008 = VECTOR('',#2009,1.);
#2009 = DIRECTION('',(0.,1.,-2.2E-16));
#2010 = ORIENTED_EDGE('',*,*,#2011,.F.);
#2011 = EDGE_CURVE('',#2012,#2004,#2014,.T.);
#2012 = VERTEX_POINT('',#2013);
#2013 = CARTESIAN_POINT('',(-41.180287,-28.,-37.650993));
#2014 = LINE('',#2015,#2016);
#2015 = CARTESIAN_POINT('',(-41.180287,-28.,-37.650993));
#2016 = VECTOR('',#2017,1.);
#2017 = DIRECTION('',(0.,-2.2E-16,-1.));
#2018 = ORIENTED_EDGE('',*,*,#2019,.T.);
#2019 = EDGE_CURVE('',#2012,#617,#2020,.T.);
#2020 = LINE('',#2021,#2022);
#2021 = CARTESIAN_POINT('',(-41.180287,-30.,-37.650993));
#2022 = VECTOR('',#2023,1.);
#2023 = DIRECTION('',(0.,1.,-2.2E-16));
#2024 = ORIENTED_EDGE('',*,*,#614,.F.);
#2025 = PLANE('',#2026);
#2026 = AXIS2_PLACEMENT_3D('',#2027,#2028,#2029);
#2027 = CARTESIAN_POINT('',(-41.180287,-30.,-37.650993));
#2028 = DIRECTION('',(-1.,0.,0.));
#2029 = DIRECTION('',(-0.,-2.2E-16,-1.));
#2030 = ADVANCED_FACE('',(#2031),#2049,.F.);
#2031 = FACE_BOUND('',#2032,.F.);
#2032 = EDGE_LOOP('',(#2033,#2034,#2042,#2048));
#2033 = ORIENTED_EDGE('',*,*,#2019,.F.);
#2034 = ORIENTED_EDGE('',*,*,#2035,.F.);
#2035 = EDGE_CURVE('',#2036,#2012,#2038,.T.);
#2036 = VERTEX_POINT('',#2037);
#2037 = CARTESIAN_POINT('',(38.819713,-28.,-37.650993));
#2038 = LINE('',#2039,#2040);
#2039 = CARTESIAN_POINT('',(38.819713,-28.,-37.650993));
#2040 = VECTOR('',#2041,1.);
#2041 = DIRECTION('',(-1.,0.,0.));
#2042 = ORIENTED_EDGE('',*,*,#2043,.T.);
#2043 = EDGE_CURVE('',#2036,#633,#2044,.T.);
#2044 = LINE('',#2045,#2046);
#2045 = CARTESIAN_POINT('',(38.819713,-30.,-37.650993));
#2046 = VECTOR('',#2047,1.);
#2047 = DIRECTION('',(0.,1.,-2.2E-16));
#2048 = ORIENTED_EDGE('',*,*,#640,.F.);
#2049 = PLANE('',#2050);
#2050 = AXIS2_PLACEMENT_3D('',#2051,#2052,#2053);
#2051 = CARTESIAN_POINT('',(38.819713,-30.,-37.650993));
#2052 = DIRECTION('',(0.,2.2E-16,1.));
#2053 = DIRECTION('',(-1.,0.,0.));
#2054 = ADVANCED_FACE('',(#2055),#2073,.F.);
#2055 = FACE_BOUND('',#2056,.F.);
#2056 = EDGE_LOOP('',(#2057,#2058,#2066,#2072));
#2057 = ORIENTED_EDGE('',*,*,#2043,.F.);
#2058 = ORIENTED_EDGE('',*,*,#2059,.F.);
#2059 = EDGE_CURVE('',#2060,#2036,#2062,.T.);
#2060 = VERTEX_POINT('',#2061);
#2061 = CARTESIAN_POINT('',(38.819713,-28.,-42.650993));
#2062 = LINE('',#2063,#2064);
#2063 = CARTESIAN_POINT('',(38.819713,-28.,-42.650993));
#2064 = VECTOR('',#2065,1.);
#2065 = DIRECTION('',(0.,2.2E-16,1.));
#2066 = ORIENTED_EDGE('',*,*,#2067,.T.);
#2067 = EDGE_CURVE('',#2060,#625,#2068,.T.);
#2068 = LINE('',#2069,#2070);
#2069 = CARTESIAN_POINT('',(38.819713,-30.,-42.650993));
#2070 = VECTOR('',#2071,1.);
#2071 = DIRECTION('',(0.,1.,-2.2E-16));
#2072 = ORIENTED_EDGE('',*,*,#632,.F.);
#2073 = PLANE('',#2074);
#2074 = AXIS2_PLACEMENT_3D('',#2075,#2076,#2077);
#2075 = CARTESIAN_POINT('',(38.819713,-30.,-42.650993));
#2076 = DIRECTION('',(1.,0.,0.));
#2077 = DIRECTION('',(0.,2.2E-16,1.));
#2078 = ADVANCED_FACE('',(#2079),#2090,.F.);
#2079 = FACE_BOUND('',#2080,.F.);
#2080 = EDGE_LOOP('',(#2081,#2082,#2088,#2089));
#2081 = ORIENTED_EDGE('',*,*,#2067,.F.);
#2082 = ORIENTED_EDGE('',*,*,#2083,.F.);
#2083 = EDGE_CURVE('',#2004,#2060,#2084,.T.);
#2084 = LINE('',#2085,#2086);
#2085 = CARTESIAN_POINT('',(-41.180287,-28.,-42.650993));
#2086 = VECTOR('',#2087,1.);
#2087 = DIRECTION('',(1.,0.,0.));
#2088 = ORIENTED_EDGE('',*,*,#2003,.T.);
#2089 = ORIENTED_EDGE('',*,*,#624,.F.);
#2090 = PLANE('',#2091);
#2091 = AXIS2_PLACEMENT_3D('',#2092,#2093,#2094);
#2092 = CARTESIAN_POINT('',(-41.180287,-30.,-42.650993));
#2093 = DIRECTION('',(0.,-2.2E-16,-1.));
#2094 = DIRECTION('',(1.,0.,0.));
#2095 = ADVANCED_FACE('',(#2096),#2107,.F.);
#2096 = FACE_BOUND('',#2097,.F.);
#2097 = EDGE_LOOP('',(#2098,#2104,#2105,#2106));
#2098 = ORIENTED_EDGE('',*,*,#2099,.T.);
#2099 = EDGE_CURVE('',#873,#696,#2100,.T.);
#2100 = LINE('',#2101,#2102);
#2101 = CARTESIAN_POINT('',(-17.5,40.,0.));
#2102 = VECTOR('',#2103,1.);
#2103 = DIRECTION('',(0.,0.,1.));
#2104 = ORIENTED_EDGE('',*,*,#703,.T.);
#2105 = ORIENTED_EDGE('',*,*,#1047,.F.);
#2106 = ORIENTED_EDGE('',*,*,#880,.F.);
#2107 = PLANE('',#2108);
#2108 = AXIS2_PLACEMENT_3D('',#2109,#2110,#2111);
#2109 = CARTESIAN_POINT('',(-17.5,40.,0.));
#2110 = DIRECTION('',(0.,-1.,0.));
#2111 = DIRECTION('',(-1.,0.,0.));
#2112 = ADVANCED_FACE('',(#2113),#2124,.F.);
#2113 = FACE_BOUND('',#2114,.F.);
#2114 = EDGE_LOOP('',(#2115,#2121,#2122,#2123));
#2115 = ORIENTED_EDGE('',*,*,#2116,.T.);
#2116 = EDGE_CURVE('',#865,#688,#2117,.T.);
#2117 = LINE('',#2118,#2119);
#2118 = CARTESIAN_POINT('',(-17.5,-9.659887,0.));
#2119 = VECTOR('',#2120,1.);
#2120 = DIRECTION('',(0.,0.,1.));
#2121 = ORIENTED_EDGE('',*,*,#695,.T.);
#2122 = ORIENTED_EDGE('',*,*,#2099,.F.);
#2123 = ORIENTED_EDGE('',*,*,#872,.F.);
#2124 = PLANE('',#2125);
#2125 = AXIS2_PLACEMENT_3D('',#2126,#2127,#2128);
#2126 = CARTESIAN_POINT('',(-17.5,-9.659887,0.));
#2127 = DIRECTION('',(-1.,0.,0.));
#2128 = DIRECTION('',(0.,1.,0.));
#2129 = ADVANCED_FACE('',(#2130),#2141,.F.);
#2130 = FACE_BOUND('',#2131,.F.);
#2131 = EDGE_LOOP('',(#2132,#2138,#2139,#2140));
#2132 = ORIENTED_EDGE('',*,*,#2133,.T.);
#2133 = EDGE_CURVE('',#857,#680,#2134,.T.);
#2134 = LINE('',#2135,#2136);
#2135 = CARTESIAN_POINT('',(17.5,-9.659887,0.));
#2136 = VECTOR('',#2137,1.);
#2137 = DIRECTION('',(0.,0.,1.));
#2138 = ORIENTED_EDGE('',*,*,#687,.T.);
#2139 = ORIENTED_EDGE('',*,*,#2116,.F.);
#2140 = ORIENTED_EDGE('',*,*,#864,.F.);
#2141 = PLANE('',#2142);
#2142 = AXIS2_PLACEMENT_3D('',#2143,#2144,#2145);
#2143 = CARTESIAN_POINT('',(17.5,-9.659887,0.));
#2144 = DIRECTION('',(-1.E-16,-1.,0.));
#2145 = DIRECTION('',(-1.,1.E-16,0.));
#2146 = ADVANCED_FACE('',(#2147),#2153,.F.);
#2147 = FACE_BOUND('',#2148,.F.);
#2148 = EDGE_LOOP('',(#2149,#2150,#2151,#2152));
#2149 = ORIENTED_EDGE('',*,*,#832,.T.);
#2150 = ORIENTED_EDGE('',*,*,#679,.T.);
#2151 = ORIENTED_EDGE('',*,*,#2133,.F.);
#2152 = ORIENTED_EDGE('',*,*,#856,.F.);
#2153 = PLANE('',#2154);
#2154 = AXIS2_PLACEMENT_3D('',#2155,#2156,#2157);
#2155 = CARTESIAN_POINT('',(17.5,40.,0.));
#2156 = DIRECTION('',(1.,0.,0.));
#2157 = DIRECTION('',(0.,-1.,0.));
#2158 = ADVANCED_FACE('',(#2159),#2178,.F.);
#2159 = FACE_BOUND('',#2160,.T.);
#2160 = EDGE_LOOP('',(#2161,#2170,#2176,#2177));
#2161 = ORIENTED_EDGE('',*,*,#2162,.F.);
#2162 = EDGE_CURVE('',#2163,#2163,#2165,.T.);
#2163 = VERTEX_POINT('',#2164);
#2164 = CARTESIAN_POINT('',(-35.25,0.,2.));
#2165 = CIRCLE('',#2166,2.25);
#2166 = AXIS2_PLACEMENT_3D('',#2167,#2168,#2169);
#2167 = CARTESIAN_POINT('',(-37.5,0.,2.));
#2168 = DIRECTION('',(0.,0.,1.));
#2169 = DIRECTION('',(1.,0.,0.));
#2170 = ORIENTED_EDGE('',*,*,#2171,.T.);
#2171 = EDGE_CURVE('',#2163,#712,#2172,.T.);
#2172 = LINE('',#2173,#2174);
#2173 = CARTESIAN_POINT('',(-35.25,0.,0.));
#2174 = VECTOR('',#2175,1.);
#2175 = DIRECTION('',(0.,0.,1.));
#2176 = ORIENTED_EDGE('',*,*,#711,.T.);
#2177 = ORIENTED_EDGE('',*,*,#2171,.F.);
#2178 = CYLINDRICAL_SURFACE('',#2179,2.25);
#2179 = AXIS2_PLACEMENT_3D('',#2180,#2181,#2182);
#2180 = CARTESIAN_POINT('',(-37.5,0.,0.));
#2181 = DIRECTION('',(-0.,-0.,-1.));
#2182 = DIRECTION('',(1.,0.,0.));
#2183 = ADVANCED_FACE('',(#2184),#2203,.F.);
#2184 = FACE_BOUND('',#2185,.T.);
#2185 = EDGE_LOOP('',(#2186,#2195,#2201,#2202));
#2186 = ORIENTED_EDGE('',*,*,#2187,.F.);
#2187 = EDGE_CURVE('',#2188,#2188,#2190,.T.);
#2188 = VERTEX_POINT('',#2189);
#2189 = CARTESIAN_POINT('',(39.75,0.,2.));
#2190 = CIRCLE('',#2191,2.25);
#2191 = AXIS2_PLACEMENT_3D('',#2192,#2193,#2194);
#2192 = CARTESIAN_POINT('',(37.5,0.,2.));
#2193 = DIRECTION('',(0.,0.,1.));
#2194 = DIRECTION('',(1.,0.,0.));
#2195 = ORIENTED_EDGE('',*,*,#2196,.T.);
#2196 = EDGE_CURVE('',#2188,#723,#2197,.T.);
#2197 = LINE('',#2198,#2199);
#2198 = CARTESIAN_POINT('',(39.75,0.,0.));
#2199 = VECTOR('',#2200,1.);
#2200 = DIRECTION('',(0.,0.,1.));
#2201 = ORIENTED_EDGE('',*,*,#722,.T.);
#2202 = ORIENTED_EDGE('',*,*,#2196,.F.);
#2203 = CYLINDRICAL_SURFACE('',#2204,2.25);
#2204 = AXIS2_PLACEMENT_3D('',#2205,#2206,#2207);
#2205 = CARTESIAN_POINT('',(37.5,0.,0.));
#2206 = DIRECTION('',(-0.,-0.,-1.));
#2207 = DIRECTION('',(1.,0.,0.));
#2208 = ADVANCED_FACE('',(#2209),#2228,.F.);
#2209 = FACE_BOUND('',#2210,.T.);
#2210 = EDGE_LOOP('',(#2211,#2220,#2226,#2227));
#2211 = ORIENTED_EDGE('',*,*,#2212,.F.);
#2212 = EDGE_CURVE('',#2213,#2213,#2215,.T.);
#2213 = VERTEX_POINT('',#2214);
#2214 = CARTESIAN_POINT('',(-35.25,14.09116,2.));
#2215 = CIRCLE('',#2216,2.25);
#2216 = AXIS2_PLACEMENT_3D('',#2217,#2218,#2219);
#2217 = CARTESIAN_POINT('',(-37.5,14.09116,2.));
#2218 = DIRECTION('',(0.,0.,1.));
#2219 = DIRECTION('',(1.,0.,0.));
#2220 = ORIENTED_EDGE('',*,*,#2221,.T.);
#2221 = EDGE_CURVE('',#2213,#734,#2222,.T.);
#2222 = LINE('',#2223,#2224);
#2223 = CARTESIAN_POINT('',(-35.25,14.09116,0.));
#2224 = VECTOR('',#2225,1.);
#2225 = DIRECTION('',(0.,0.,1.));
#2226 = ORIENTED_EDGE('',*,*,#733,.T.);
#2227 = ORIENTED_EDGE('',*,*,#2221,.F.);
#2228 = CYLINDRICAL_SURFACE('',#2229,2.25);
#2229 = AXIS2_PLACEMENT_3D('',#2230,#2231,#2232);
#2230 = CARTESIAN_POINT('',(-37.5,14.09116,0.));
#2231 = DIRECTION('',(-0.,-0.,-1.));
#2232 = DIRECTION('',(1.,0.,0.));
#2233 = ADVANCED_FACE('',(#2234),#2253,.F.);
#2234 = FACE_BOUND('',#2235,.T.);
#2235 = EDGE_LOOP('',(#2236,#2245,#2251,#2252));
#2236 = ORIENTED_EDGE('',*,*,#2237,.F.);
#2237 = EDGE_CURVE('',#2238,#2238,#2240,.T.);
#2238 = VERTEX_POINT('',#2239);
#2239 = CARTESIAN_POINT('',(39.75,14.09116,2.));
#2240 = CIRCLE('',#2241,2.25);
#2241 = AXIS2_PLACEMENT_3D('',#2242,#2243,#2244);
#2242 = CARTESIAN_POINT('',(37.5,14.09116,2.));
#2243 = DIRECTION('',(0.,0.,1.));
#2244 = DIRECTION('',(1.,0.,0.));
#2245 = ORIENTED_EDGE('',*,*,#2246,.T.);
#2246 = EDGE_CURVE('',#2238,#745,#2247,.T.);
#2247 = LINE('',#2248,#2249);
#2248 = CARTESIAN_POINT('',(39.75,14.09116,0.));
#2249 = VECTOR('',#2250,1.);
#2250 = DIRECTION('',(0.,0.,1.));
#2251 = ORIENTED_EDGE('',*,*,#744,.T.);
#2252 = ORIENTED_EDGE('',*,*,#2246,.F.);
#2253 = CYLINDRICAL_SURFACE('',#2254,2.25);
#2254 = AXIS2_PLACEMENT_3D('',#2255,#2256,#2257);
#2255 = CARTESIAN_POINT('',(37.5,14.09116,0.));
#2256 = DIRECTION('',(-0.,-0.,-1.));
#2257 = DIRECTION('',(1.,0.,0.));
#2258 = ADVANCED_FACE('',(#2259),#2278,.F.);
#2259 = FACE_BOUND('',#2260,.T.);
#2260 = EDGE_LOOP('',(#2261,#2270,#2276,#2277));
#2261 = ORIENTED_EDGE('',*,*,#2262,.F.);
#2262 = EDGE_CURVE('',#2263,#2263,#2265,.T.);
#2263 = VERTEX_POINT('',#2264);
#2264 = CARTESIAN_POINT('',(-35.25,-15.058182,2.));
#2265 = CIRCLE('',#2266,2.25);
#2266 = AXIS2_PLACEMENT_3D('',#2267,#2268,#2269);
#2267 = CARTESIAN_POINT('',(-37.5,-15.058182,2.));
#2268 = DIRECTION('',(0.,0.,1.));
#2269 = DIRECTION('',(1.,0.,0.));
#2270 = ORIENTED_EDGE('',*,*,#2271,.T.);
#2271 = EDGE_CURVE('',#2263,#756,#2272,.T.);
#2272 = LINE('',#2273,#2274);
#2273 = CARTESIAN_POINT('',(-35.25,-15.058182,0.));
#2274 = VECTOR('',#2275,1.);
#2275 = DIRECTION('',(0.,0.,1.));
#2276 = ORIENTED_EDGE('',*,*,#755,.T.);
#2277 = ORIENTED_EDGE('',*,*,#2271,.F.);
#2278 = CYLINDRICAL_SURFACE('',#2279,2.25);
#2279 = AXIS2_PLACEMENT_3D('',#2280,#2281,#2282);
#2280 = CARTESIAN_POINT('',(-37.5,-15.058182,0.));
#2281 = DIRECTION('',(-0.,-0.,-1.));
#2282 = DIRECTION('',(1.,0.,0.));
#2283 = ADVANCED_FACE('',(#2284),#2303,.F.);
#2284 = FACE_BOUND('',#2285,.T.);
#2285 = EDGE_LOOP('',(#2286,#2295,#2301,#2302));
#2286 = ORIENTED_EDGE('',*,*,#2287,.F.);
#2287 = EDGE_CURVE('',#2288,#2288,#2290,.T.);
#2288 = VERTEX_POINT('',#2289);
#2289 = CARTESIAN_POINT('',(39.75,-15.058182,2.));
#2290 = CIRCLE('',#2291,2.25);
#2291 = AXIS2_PLACEMENT_3D('',#2292,#2293,#2294);
#2292 = CARTESIAN_POINT('',(37.5,-15.058182,2.));
#2293 = DIRECTION('',(0.,0.,1.));
#2294 = DIRECTION('',(1.,0.,0.));
#2295 = ORIENTED_EDGE('',*,*,#2296,.T.);
#2296 = EDGE_CURVE('',#2288,#767,#2297,.T.);
#2297 = LINE('',#2298,#2299);
#2298 = CARTESIAN_POINT('',(39.75,-15.058182,0.));
#2299 = VECTOR('',#2300,1.);
#2300 = DIRECTION('',(0.,0.,1.));
#2301 = ORIENTED_EDGE('',*,*,#766,.T.);
#2302 = ORIENTED_EDGE('',*,*,#2296,.F.);
#2303 = CYLINDRICAL_SURFACE('',#2304,2.25);
#2304 = AXIS2_PLACEMENT_3D('',#2305,#2306,#2307);
#2305 = CARTESIAN_POINT('',(37.5,-15.058182,0.));
#2306 = DIRECTION('',(-0.,-0.,-1.));
#2307 = DIRECTION('',(1.,0.,0.));
#2308 = ADVANCED_FACE('',(#2309),#2328,.F.);
#2309 = FACE_BOUND('',#2310,.T.);
#2310 = EDGE_LOOP('',(#2311,#2320,#2326,#2327));
#2311 = ORIENTED_EDGE('',*,*,#2312,.F.);
#2312 = EDGE_CURVE('',#2313,#2313,#2315,.T.);
#2313 = VERTEX_POINT('',#2314);
#2314 = CARTESIAN_POINT('',(-35.25,28.008329,2.));
#2315 = CIRCLE('',#2316,2.25);
#2316 = AXIS2_PLACEMENT_3D('',#2317,#2318,#2319);
#2317 = CARTESIAN_POINT('',(-37.5,28.008329,2.));
#2318 = DIRECTION('',(0.,0.,1.));
#2319 = DIRECTION('',(1.,0.,0.));
#2320 = ORIENTED_EDGE('',*,*,#2321,.T.);
#2321 = EDGE_CURVE('',#2313,#778,#2322,.T.);
#2322 = LINE('',#2323,#2324);
#2323 = CARTESIAN_POINT('',(-35.25,28.008329,0.));
#2324 = VECTOR('',#2325,1.);
#2325 = DIRECTION('',(0.,0.,1.));
#2326 = ORIENTED_EDGE('',*,*,#777,.T.);
#2327 = ORIENTED_EDGE('',*,*,#2321,.F.);
#2328 = CYLINDRICAL_SURFACE('',#2329,2.25);
#2329 = AXIS2_PLACEMENT_3D('',#2330,#2331,#2332);
#2330 = CARTESIAN_POINT('',(-37.5,28.008329,0.));
#2331 = DIRECTION('',(-0.,-0.,-1.));
#2332 = DIRECTION('',(1.,0.,0.));
#2333 = ADVANCED_FACE('',(#2334),#2353,.F.);
#2334 = FACE_BOUND('',#2335,.T.);
#2335 = EDGE_LOOP('',(#2336,#2345,#2351,#2352));
#2336 = ORIENTED_EDGE('',*,*,#2337,.F.);
#2337 = EDGE_CURVE('',#2338,#2338,#2340,.T.);
#2338 = VERTEX_POINT('',#2339);
#2339 = CARTESIAN_POINT('',(39.75,28.008329,2.));
#2340 = CIRCLE('',#2341,2.25);
#2341 = AXIS2_PLACEMENT_3D('',#2342,#2343,#2344);
#2342 = CARTESIAN_POINT('',(37.5,28.008329,2.));
#2343 = DIRECTION('',(0.,0.,1.));
#2344 = DIRECTION('',(1.,0.,0.));
#2345 = ORIENTED_EDGE('',*,*,#2346,.T.);
#2346 = EDGE_CURVE('',#2338,#789,#2347,.T.);
#2347 = LINE('',#2348,#2349);
#2348 = CARTESIAN_POINT('',(39.75,28.008329,0.));
#2349 = VECTOR('',#2350,1.);
#2350 = DIRECTION('',(0.,0.,1.));
#2351 = ORIENTED_EDGE('',*,*,#788,.T.);
#2352 = ORIENTED_EDGE('',*,*,#2346,.F.);
#2353 = CYLINDRICAL_SURFACE('',#2354,2.25);
#2354 = AXIS2_PLACEMENT_3D('',#2355,#2356,#2357);
#2355 = CARTESIAN_POINT('',(37.5,28.008329,0.));
#2356 = DIRECTION('',(-0.,-0.,-1.));
#2357 = DIRECTION('',(1.,0.,0.));
#2358 = ADVANCED_FACE('',(#2359),#2380,.F.);
#2359 = FACE_BOUND('',#2360,.T.);
#2360 = EDGE_LOOP('',(#2361,#2362,#2370,#2377,#2378,#2379));
#2361 = ORIENTED_EDGE('',*,*,#930,.F.);
#2362 = ORIENTED_EDGE('',*,*,#2363,.T.);
#2363 = EDGE_CURVE('',#931,#2364,#2366,.T.);
#2364 = VERTEX_POINT('',#2365);
#2365 = CARTESIAN_POINT('',(40.5,-15.058182,2.));
#2366 = LINE('',#2367,#2368);
#2367 = CARTESIAN_POINT('',(40.5,-15.058182,0.));
#2368 = VECTOR('',#2369,1.);
#2369 = DIRECTION('',(0.,0.,1.));
#2370 = ORIENTED_EDGE('',*,*,#2371,.T.);
#2371 = EDGE_CURVE('',#2364,#2364,#2372,.T.);
#2372 = CIRCLE('',#2373,3.);
#2373 = AXIS2_PLACEMENT_3D('',#2374,#2375,#2376);
#2374 = CARTESIAN_POINT('',(37.5,-15.058182,2.));
#2375 = DIRECTION('',(0.,0.,1.));
#2376 = DIRECTION('',(1.,0.,0.));
#2377 = ORIENTED_EDGE('',*,*,#2363,.F.);
#2378 = ORIENTED_EDGE('',*,*,#939,.F.);
#2379 = ORIENTED_EDGE('',*,*,#1256,.T.);
#2380 = CYLINDRICAL_SURFACE('',#2381,3.);
#2381 = AXIS2_PLACEMENT_3D('',#2382,#2383,#2384);
#2382 = CARTESIAN_POINT('',(37.5,-15.058182,0.));
#2383 = DIRECTION('',(-0.,-0.,-1.));
#2384 = DIRECTION('',(1.,0.,0.));
#2385 = ADVANCED_FACE('',(#2386),#2407,.F.);
#2386 = FACE_BOUND('',#2387,.T.);
#2387 = EDGE_LOOP('',(#2388,#2389,#2397,#2404,#2405,#2406));
#2388 = ORIENTED_EDGE('',*,*,#904,.F.);
#2389 = ORIENTED_EDGE('',*,*,#2390,.T.);
#2390 = EDGE_CURVE('',#905,#2391,#2393,.T.);
#2391 = VERTEX_POINT('',#2392);
#2392 = CARTESIAN_POINT('',(-34.5,-15.058182,2.));
#2393 = LINE('',#2394,#2395);
#2394 = CARTESIAN_POINT('',(-34.5,-15.058182,0.));
#2395 = VECTOR('',#2396,1.);
#2396 = DIRECTION('',(0.,0.,1.));
#2397 = ORIENTED_EDGE('',*,*,#2398,.T.);
#2398 = EDGE_CURVE('',#2391,#2391,#2399,.T.);
#2399 = CIRCLE('',#2400,3.);
#2400 = AXIS2_PLACEMENT_3D('',#2401,#2402,#2403);
#2401 = CARTESIAN_POINT('',(-37.5,-15.058182,2.));
#2402 = DIRECTION('',(0.,0.,1.));
#2403 = DIRECTION('',(1.,0.,0.));
#2404 = ORIENTED_EDGE('',*,*,#2390,.F.);
#2405 = ORIENTED_EDGE('',*,*,#913,.F.);
#2406 = ORIENTED_EDGE('',*,*,#1506,.T.);
#2407 = CYLINDRICAL_SURFACE('',#2408,3.);
#2408 = AXIS2_PLACEMENT_3D('',#2409,#2410,#2411);
#2409 = CARTESIAN_POINT('',(-37.5,-15.058182,0.));
#2410 = DIRECTION('',(-0.,-0.,-1.));
#2411 = DIRECTION('',(1.,0.,0.));
#2412 = ADVANCED_FACE('',(#2413),#2432,.F.);
#2413 = FACE_BOUND('',#2414,.T.);
#2414 = EDGE_LOOP('',(#2415,#2423,#2430,#2431));
#2415 = ORIENTED_EDGE('',*,*,#2416,.T.);
#2416 = EDGE_CURVE('',#950,#2417,#2419,.T.);
#2417 = VERTEX_POINT('',#2418);
#2418 = CARTESIAN_POINT('',(-34.5,0.,2.));
#2419 = LINE('',#2420,#2421);
#2420 = CARTESIAN_POINT('',(-34.5,0.,0.));
#2421 = VECTOR('',#2422,1.);
#2422 = DIRECTION('',(0.,0.,1.));
#2423 = ORIENTED_EDGE('',*,*,#2424,.T.);
#2424 = EDGE_CURVE('',#2417,#2417,#2425,.T.);
#2425 = CIRCLE('',#2426,3.);
#2426 = AXIS2_PLACEMENT_3D('',#2427,#2428,#2429);
#2427 = CARTESIAN_POINT('',(-37.5,0.,2.));
#2428 = DIRECTION('',(0.,0.,1.));
#2429 = DIRECTION('',(1.,0.,0.));
#2430 = ORIENTED_EDGE('',*,*,#2416,.F.);
#2431 = ORIENTED_EDGE('',*,*,#949,.F.);
#2432 = CYLINDRICAL_SURFACE('',#2433,3.);
#2433 = AXIS2_PLACEMENT_3D('',#2434,#2435,#2436);
#2434 = CARTESIAN_POINT('',(-37.5,0.,0.));
#2435 = DIRECTION('',(-0.,-0.,-1.));
#2436 = DIRECTION('',(1.,0.,0.));
#2437 = ADVANCED_FACE('',(#2438),#2457,.F.);
#2438 = FACE_BOUND('',#2439,.T.);
#2439 = EDGE_LOOP('',(#2440,#2448,#2455,#2456));
#2440 = ORIENTED_EDGE('',*,*,#2441,.T.);
#2441 = EDGE_CURVE('',#961,#2442,#2444,.T.);
#2442 = VERTEX_POINT('',#2443);
#2443 = CARTESIAN_POINT('',(40.5,0.,2.));
#2444 = LINE('',#2445,#2446);
#2445 = CARTESIAN_POINT('',(40.5,0.,0.));
#2446 = VECTOR('',#2447,1.);
#2447 = DIRECTION('',(0.,0.,1.));
#2448 = ORIENTED_EDGE('',*,*,#2449,.T.);
#2449 = EDGE_CURVE('',#2442,#2442,#2450,.T.);
#2450 = CIRCLE('',#2451,3.);
#2451 = AXIS2_PLACEMENT_3D('',#2452,#2453,#2454);
#2452 = CARTESIAN_POINT('',(37.5,0.,2.));
#2453 = DIRECTION('',(0.,0.,1.));
#2454 = DIRECTION('',(1.,0.,0.));
#2455 = ORIENTED_EDGE('',*,*,#2441,.F.);
#2456 = ORIENTED_EDGE('',*,*,#960,.F.);
#2457 = CYLINDRICAL_SURFACE('',#2458,3.);
#2458 = AXIS2_PLACEMENT_3D('',#2459,#2460,#2461);
#2459 = CARTESIAN_POINT('',(37.5,0.,0.));
#2460 = DIRECTION('',(-0.,-0.,-1.));
#2461 = DIRECTION('',(1.,0.,0.));
#2462 = ADVANCED_FACE('',(#2463),#2482,.F.);
#2463 = FACE_BOUND('',#2464,.T.);
#2464 = EDGE_LOOP('',(#2465,#2473,#2480,#2481));
#2465 = ORIENTED_EDGE('',*,*,#2466,.T.);
#2466 = EDGE_CURVE('',#972,#2467,#2469,.T.);
#2467 = VERTEX_POINT('',#2468);
#2468 = CARTESIAN_POINT('',(-34.5,14.09116,2.));
#2469 = LINE('',#2470,#2471);
#2470 = CARTESIAN_POINT('',(-34.5,14.09116,0.));
#2471 = VECTOR('',#2472,1.);
#2472 = DIRECTION('',(0.,0.,1.));
#2473 = ORIENTED_EDGE('',*,*,#2474,.T.);
#2474 = EDGE_CURVE('',#2467,#2467,#2475,.T.);
#2475 = CIRCLE('',#2476,3.);
#2476 = AXIS2_PLACEMENT_3D('',#2477,#2478,#2479);
#2477 = CARTESIAN_POINT('',(-37.5,14.09116,2.));
#2478 = DIRECTION('',(0.,0.,1.));
#2479 = DIRECTION('',(1.,0.,0.));
#2480 = ORIENTED_EDGE('',*,*,#2466,.F.);
#2481 = ORIENTED_EDGE('',*,*,#971,.F.);
#2482 = CYLINDRICAL_SURFACE('',#2483,3.);
#2483 = AXIS2_PLACEMENT_3D('',#2484,#2485,#2486);
#2484 = CARTESIAN_POINT('',(-37.5,14.09116,0.));
#2485 = DIRECTION('',(-0.,-0.,-1.));
#2486 = DIRECTION('',(1.,0.,0.));
#2487 = ADVANCED_FACE('',(#2488),#2507,.F.);
#2488 = FACE_BOUND('',#2489,.T.);
#2489 = EDGE_LOOP('',(#2490,#2498,#2505,#2506));
#2490 = ORIENTED_EDGE('',*,*,#2491,.T.);
#2491 = EDGE_CURVE('',#983,#2492,#2494,.T.);
#2492 = VERTEX_POINT('',#2493);
#2493 = CARTESIAN_POINT('',(-34.5,28.008329,2.));
#2494 = LINE('',#2495,#2496);
#2495 = CARTESIAN_POINT('',(-34.5,28.008329,0.));
#2496 = VECTOR('',#2497,1.);
#2497 = DIRECTION('',(0.,0.,1.));
#2498 = ORIENTED_EDGE('',*,*,#2499,.T.);
#2499 = EDGE_CURVE('',#2492,#2492,#2500,.T.);
#2500 = CIRCLE('',#2501,3.);
#2501 = AXIS2_PLACEMENT_3D('',#2502,#2503,#2504);
#2502 = CARTESIAN_POINT('',(-37.5,28.008329,2.));
#2503 = DIRECTION('',(0.,0.,1.));
#2504 = DIRECTION('',(1.,0.,0.));
#2505 = ORIENTED_EDGE('',*,*,#2491,.F.);
#2506 = ORIENTED_EDGE('',*,*,#982,.F.);
#2507 = CYLINDRICAL_SURFACE('',#2508,3.);
#2508 = AXIS2_PLACEMENT_3D('',#2509,#2510,#2511);
#2509 = CARTESIAN_POINT('',(-37.5,28.008329,0.));
#2510 = DIRECTION('',(-0.,-0.,-1.));
#2511 = DIRECTION('',(1.,0.,0.));
#2512 = ADVANCED_FACE('',(#2513),#2532,.F.);
#2513 = FACE_BOUND('',#2514,.T.);
#2514 = EDGE_LOOP('',(#2515,#2523,#2530,#2531));
#2515 = ORIENTED_EDGE('',*,*,#2516,.T.);
#2516 = EDGE_CURVE('',#994,#2517,#2519,.T.);
#2517 = VERTEX_POINT('',#2518);
#2518 = CARTESIAN_POINT('',(40.5,14.09116,2.));
#2519 = LINE('',#2520,#2521);
#2520 = CARTESIAN_POINT('',(40.5,14.09116,0.));
#2521 = VECTOR('',#2522,1.);
#2522 = DIRECTION('',(0.,0.,1.));
#2523 = ORIENTED_EDGE('',*,*,#2524,.T.);
#2524 = EDGE_CURVE('',#2517,#2517,#2525,.T.);
#2525 = CIRCLE('',#2526,3.);
#2526 = AXIS2_PLACEMENT_3D('',#2527,#2528,#2529);
#2527 = CARTESIAN_POINT('',(37.5,14.09116,2.));
#2528 = DIRECTION('',(0.,0.,1.));
#2529 = DIRECTION('',(1.,0.,0.));
#2530 = ORIENTED_EDGE('',*,*,#2516,.F.);
#2531 = ORIENTED_EDGE('',*,*,#993,.F.);
#2532 = CYLINDRICAL_SURFACE('',#2533,3.);
#2533 = AXIS2_PLACEMENT_3D('',#2534,#2535,#2536);
#2534 = CARTESIAN_POINT('',(37.5,14.09116,0.));
#2535 = DIRECTION('',(-0.,-0.,-1.));
#2536 = DIRECTION('',(1.,0.,0.));
#2537 = ADVANCED_FACE('',(#2538),#2557,.F.);
#2538 = FACE_BOUND('',#2539,.T.);
#2539 = EDGE_LOOP('',(#2540,#2548,#2555,#2556));
#2540 = ORIENTED_EDGE('',*,*,#2541,.T.);
#2541 = EDGE_CURVE('',#1005,#2542,#2544,.T.);
#2542 = VERTEX_POINT('',#2543);
#2543 = CARTESIAN_POINT('',(40.5,28.008329,2.));
#2544 = LINE('',#2545,#2546);
#2545 = CARTESIAN_POINT('',(40.5,28.008329,0.));
#2546 = VECTOR('',#2547,1.);
#2547 = DIRECTION('',(0.,0.,1.));
#2548 = ORIENTED_EDGE('',*,*,#2549,.T.);
#2549 = EDGE_CURVE('',#2542,#2542,#2550,.T.);
#2550 = CIRCLE('',#2551,3.);
#2551 = AXIS2_PLACEMENT_3D('',#2552,#2553,#2554);
#2552 = CARTESIAN_POINT('',(37.5,28.008329,2.));
#2553 = DIRECTION('',(0.,0.,1.));
#2554 = DIRECTION('',(1.,0.,0.));
#2555 = ORIENTED_EDGE('',*,*,#2541,.F.);
#2556 = ORIENTED_EDGE('',*,*,#1004,.F.);
#2557 = CYLINDRICAL_SURFACE('',#2558,3.);
#2558 = AXIS2_PLACEMENT_3D('',#2559,#2560,#2561);
#2559 = CARTESIAN_POINT('',(37.5,28.008329,0.));
#2560 = DIRECTION('',(-0.,-0.,-1.));
#2561 = DIRECTION('',(1.,0.,0.));
#2562 = ADVANCED_FACE('',(#2563),#2569,.T.);
#2563 = FACE_BOUND('',#2564,.F.);
#2564 = EDGE_LOOP('',(#2565,#2566,#2567,#2568));
#2565 = ORIENTED_EDGE('',*,*,#1077,.T.);
#2566 = ORIENTED_EDGE('',*,*,#1102,.T.);
#2567 = ORIENTED_EDGE('',*,*,#1030,.F.);
#2568 = ORIENTED_EDGE('',*,*,#1063,.F.);
#2569 = CYLINDRICAL_SURFACE('',#2570,2.);
#2570 = AXIS2_PLACEMENT_3D('',#2571,#2572,#2573);
#2571 = CARTESIAN_POINT('',(-53.,-28.,5.));
#2572 = DIRECTION('',(0.,0.,-1.));
#2573 = DIRECTION('',(-1.,-0.,-0.));
#2574 = ADVANCED_FACE('',(#2575),#2593,.T.);
#2575 = FACE_BOUND('',#2576,.F.);
#2576 = EDGE_LOOP('',(#2577,#2584,#2585,#2592));
#2577 = ORIENTED_EDGE('',*,*,#2578,.T.);
#2578 = EDGE_CURVE('',#1114,#1724,#2579,.T.);
#2579 = ELLIPSE('',#2580,2.828427124746,2.);
#2580 = AXIS2_PLACEMENT_3D('',#2581,#2582,#2583);
#2581 = CARTESIAN_POINT('',(-43.1802872707,-28.,-49.44736000291));
#2582 = DIRECTION('',(0.707106781187,1.6E-16,0.707106781187));
#2583 = DIRECTION('',(0.707106781187,-1.6E-16,-0.707106781187));
#2584 = ORIENTED_EDGE('',*,*,#1723,.T.);
#2585 = ORIENTED_EDGE('',*,*,#2586,.F.);
#2586 = EDGE_CURVE('',#1116,#1716,#2587,.T.);
#2587 = ELLIPSE('',#2588,2.828427124746,2.);
#2588 = AXIS2_PLACEMENT_3D('',#2589,#2590,#2591);
#2589 = CARTESIAN_POINT('',(-43.1802872707,-28.,-58.44736000291));
#2590 = DIRECTION('',(-0.707106781187,1.6E-16,0.707106781187));
#2591 = DIRECTION('',(-0.707106781187,-1.6E-16,-0.707106781187));
#2592 = ORIENTED_EDGE('',*,*,#1113,.F.);
#2593 = CYLINDRICAL_SURFACE('',#2594,2.);
#2594 = AXIS2_PLACEMENT_3D('',#2595,#2596,#2597);
#2595 = CARTESIAN_POINT('',(-43.1802872707,-28.,-51.44736000291));
#2596 = DIRECTION('',(0.,-2.2E-16,-1.));
#2597 = DIRECTION('',(0.,-1.,2.2E-16));
#2598 = ADVANCED_FACE('',(#2599),#2611,.T.);
#2599 = FACE_BOUND('',#2600,.F.);
#2600 = EDGE_LOOP('',(#2601,#2608,#2609,#2610));
#2601 = ORIENTED_EDGE('',*,*,#2602,.T.);
#2602 = EDGE_CURVE('',#1124,#1748,#2603,.T.);
#2603 = ELLIPSE('',#2604,2.828427124746,2.);
#2604 = AXIS2_PLACEMENT_3D('',#2605,#2606,#2607);
#2605 = CARTESIAN_POINT('',(40.819712729295,-28.,-49.44736000291));
#2606 = DIRECTION('',(0.707106781187,-1.6E-16,-0.707106781187));
#2607 = DIRECTION('',(0.707106781187,1.6E-16,0.707106781187));
#2608 = ORIENTED_EDGE('',*,*,#1747,.T.);
#2609 = ORIENTED_EDGE('',*,*,#2578,.F.);
#2610 = ORIENTED_EDGE('',*,*,#1123,.F.);
#2611 = CYLINDRICAL_SURFACE('',#2612,2.);
#2612 = AXIS2_PLACEMENT_3D('',#2613,#2614,#2615);
#2613 = CARTESIAN_POINT('',(38.819712729295,-28.,-49.44736000291));
#2614 = DIRECTION('',(-1.,0.,0.));
#2615 = DIRECTION('',(0.,-1.,0.));
#2616 = ADVANCED_FACE('',(#2617),#2629,.T.);
#2617 = FACE_BOUND('',#2618,.F.);
#2618 = EDGE_LOOP('',(#2619,#2620,#2621,#2628));
#2619 = ORIENTED_EDGE('',*,*,#2586,.T.);
#2620 = ORIENTED_EDGE('',*,*,#1795,.T.);
#2621 = ORIENTED_EDGE('',*,*,#2622,.F.);
#2622 = EDGE_CURVE('',#1132,#1772,#2623,.T.);
#2623 = ELLIPSE('',#2624,2.828427124746,2.);
#2624 = AXIS2_PLACEMENT_3D('',#2625,#2626,#2627);
#2625 = CARTESIAN_POINT('',(40.819712729295,-28.,-58.44736000291));
#2626 = DIRECTION('',(-0.707106781187,-1.6E-16,-0.707106781187));
#2627 = DIRECTION('',(0.707106781187,-1.6E-16,-0.707106781187));
#2628 = ORIENTED_EDGE('',*,*,#1139,.F.);
#2629 = CYLINDRICAL_SURFACE('',#2630,2.);
#2630 = AXIS2_PLACEMENT_3D('',#2631,#2632,#2633);
#2631 = CARTESIAN_POINT('',(-41.1802872707,-28.,-58.44736000291));
#2632 = DIRECTION('',(1.,0.,0.));
#2633 = DIRECTION('',(0.,-1.,0.));
#2634 = ADVANCED_FACE('',(#2635),#2641,.T.);
#2635 = FACE_BOUND('',#2636,.F.);
#2636 = EDGE_LOOP('',(#2637,#2638,#2639,#2640));
#2637 = ORIENTED_EDGE('',*,*,#2622,.T.);
#2638 = ORIENTED_EDGE('',*,*,#1771,.T.);
#2639 = ORIENTED_EDGE('',*,*,#2602,.F.);
#2640 = ORIENTED_EDGE('',*,*,#1131,.F.);
#2641 = CYLINDRICAL_SURFACE('',#2642,2.);
#2642 = AXIS2_PLACEMENT_3D('',#2643,#2644,#2645);
#2643 = CARTESIAN_POINT('',(40.819712729295,-28.,-56.44736000291));
#2644 = DIRECTION('',(0.,2.2E-16,1.));
#2645 = DIRECTION('',(0.,-1.,2.2E-16));
#2646 = ADVANCED_FACE('',(#2647),#2665,.T.);
#2647 = FACE_BOUND('',#2648,.F.);
#2648 = EDGE_LOOP('',(#2649,#2656,#2657,#2664));
#2649 = ORIENTED_EDGE('',*,*,#2650,.T.);
#2650 = EDGE_CURVE('',#1148,#2012,#2651,.T.);
#2651 = ELLIPSE('',#2652,2.828427124746,2.);
#2652 = AXIS2_PLACEMENT_3D('',#2653,#2654,#2655);
#2653 = CARTESIAN_POINT('',(-43.180287,-28.,-35.650993));
#2654 = DIRECTION('',(0.707106781187,1.6E-16,0.707106781187));
#2655 = DIRECTION('',(0.707106781187,-1.6E-16,-0.707106781187));
#2656 = ORIENTED_EDGE('',*,*,#2011,.T.);
#2657 = ORIENTED_EDGE('',*,*,#2658,.F.);
#2658 = EDGE_CURVE('',#1150,#2004,#2659,.T.);
#2659 = ELLIPSE('',#2660,2.828427124746,2.);
#2660 = AXIS2_PLACEMENT_3D('',#2661,#2662,#2663);
#2661 = CARTESIAN_POINT('',(-43.180287,-28.,-44.650993));
#2662 = DIRECTION('',(-0.707106781187,1.6E-16,0.707106781187));
#2663 = DIRECTION('',(-0.707106781187,-1.6E-16,-0.707106781187));
#2664 = ORIENTED_EDGE('',*,*,#1147,.F.);
#2665 = CYLINDRICAL_SURFACE('',#2666,2.);
#2666 = AXIS2_PLACEMENT_3D('',#2667,#2668,#2669);
#2667 = CARTESIAN_POINT('',(-43.180287,-28.,-37.650993));
#2668 = DIRECTION('',(0.,-2.2E-16,-1.));
#2669 = DIRECTION('',(0.,-1.,2.2E-16));
#2670 = ADVANCED_FACE('',(#2671),#2683,.T.);
#2671 = FACE_BOUND('',#2672,.F.);
#2672 = EDGE_LOOP('',(#2673,#2680,#2681,#2682));
#2673 = ORIENTED_EDGE('',*,*,#2674,.T.);
#2674 = EDGE_CURVE('',#1158,#2036,#2675,.T.);
#2675 = ELLIPSE('',#2676,2.828427124746,2.);
#2676 = AXIS2_PLACEMENT_3D('',#2677,#2678,#2679);
#2677 = CARTESIAN_POINT('',(40.819713,-28.,-35.650993));
#2678 = DIRECTION('',(0.707106781187,-1.6E-16,-0.707106781187));
#2679 = DIRECTION('',(0.707106781187,1.6E-16,0.707106781187));
#2680 = ORIENTED_EDGE('',*,*,#2035,.T.);
#2681 = ORIENTED_EDGE('',*,*,#2650,.F.);
#2682 = ORIENTED_EDGE('',*,*,#1157,.F.);
#2683 = CYLINDRICAL_SURFACE('',#2684,2.);
#2684 = AXIS2_PLACEMENT_3D('',#2685,#2686,#2687);
#2685 = CARTESIAN_POINT('',(38.819713,-28.,-35.650993));
#2686 = DIRECTION('',(-1.,0.,0.));
#2687 = DIRECTION('',(0.,-1.,0.));
#2688 = ADVANCED_FACE('',(#2689),#2701,.T.);
#2689 = FACE_BOUND('',#2690,.F.);
#2690 = EDGE_LOOP('',(#2691,#2692,#2693,#2700));
#2691 = ORIENTED_EDGE('',*,*,#2658,.T.);
#2692 = ORIENTED_EDGE('',*,*,#2083,.T.);
#2693 = ORIENTED_EDGE('',*,*,#2694,.F.);
#2694 = EDGE_CURVE('',#1166,#2060,#2695,.T.);
#2695 = ELLIPSE('',#2696,2.828427124746,2.);
#2696 = AXIS2_PLACEMENT_3D('',#2697,#2698,#2699);
#2697 = CARTESIAN_POINT('',(40.819713,-28.,-44.650993));
#2698 = DIRECTION('',(-0.707106781187,-1.6E-16,-0.707106781187));
#2699 = DIRECTION('',(0.707106781187,-1.6E-16,-0.707106781187));
#2700 = ORIENTED_EDGE('',*,*,#1173,.F.);
#2701 = CYLINDRICAL_SURFACE('',#2702,2.);
#2702 = AXIS2_PLACEMENT_3D('',#2703,#2704,#2705);
#2703 = CARTESIAN_POINT('',(-41.180287,-28.,-44.650993));
#2704 = DIRECTION('',(1.,0.,0.));
#2705 = DIRECTION('',(0.,-1.,0.));
#2706 = ADVANCED_FACE('',(#2707),#2713,.T.);
#2707 = FACE_BOUND('',#2708,.F.);
#2708 = EDGE_LOOP('',(#2709,#2710,#2711,#2712));
#2709 = ORIENTED_EDGE('',*,*,#2694,.T.);
#2710 = ORIENTED_EDGE('',*,*,#2059,.T.);
#2711 = ORIENTED_EDGE('',*,*,#2674,.F.);
#2712 = ORIENTED_EDGE('',*,*,#1165,.F.);
#2713 = CYLINDRICAL_SURFACE('',#2714,2.);
#2714 = AXIS2_PLACEMENT_3D('',#2715,#2716,#2717);
#2715 = CARTESIAN_POINT('',(40.819713,-28.,-42.650993));
#2716 = DIRECTION('',(0.,2.2E-16,1.));
#2717 = DIRECTION('',(0.,-1.,2.2E-16));
#2718 = ADVANCED_FACE('',(#2719),#2737,.T.);
#2719 = FACE_BOUND('',#2720,.F.);
#2720 = EDGE_LOOP('',(#2721,#2728,#2729,#2736));
#2721 = ORIENTED_EDGE('',*,*,#2722,.T.);
#2722 = EDGE_CURVE('',#1182,#1916,#2723,.T.);
#2723 = ELLIPSE('',#2724,2.828427124746,2.);
#2724 = AXIS2_PLACEMENT_3D('',#2725,#2726,#2727);
#2725 = CARTESIAN_POINT('',(-43.180287,-28.,-67.423223));
#2726 = DIRECTION('',(0.707106781187,1.6E-16,0.707106781187));
#2727 = DIRECTION('',(0.707106781187,-1.6E-16,-0.707106781187));
#2728 = ORIENTED_EDGE('',*,*,#1915,.T.);
#2729 = ORIENTED_EDGE('',*,*,#2730,.F.);
#2730 = EDGE_CURVE('',#1184,#1908,#2731,.T.);
#2731 = ELLIPSE('',#2732,2.828427124746,2.);
#2732 = AXIS2_PLACEMENT_3D('',#2733,#2734,#2735);
#2733 = CARTESIAN_POINT('',(-43.180287,-28.,-76.423223));
#2734 = DIRECTION('',(-0.707106781187,1.6E-16,0.707106781187));
#2735 = DIRECTION('',(-0.707106781187,-1.6E-16,-0.707106781187));
#2736 = ORIENTED_EDGE('',*,*,#1181,.F.);
#2737 = CYLINDRICAL_SURFACE('',#2738,2.);
#2738 = AXIS2_PLACEMENT_3D('',#2739,#2740,#2741);
#2739 = CARTESIAN_POINT('',(-43.180287,-28.,-69.423223));
#2740 = DIRECTION('',(0.,-2.2E-16,-1.));
#2741 = DIRECTION('',(0.,-1.,2.2E-16));
#2742 = ADVANCED_FACE('',(#2743),#2755,.T.);
#2743 = FACE_BOUND('',#2744,.F.);
#2744 = EDGE_LOOP('',(#2745,#2752,#2753,#2754));
#2745 = ORIENTED_EDGE('',*,*,#2746,.T.);
#2746 = EDGE_CURVE('',#1192,#1940,#2747,.T.);
#2747 = ELLIPSE('',#2748,2.828427124746,2.);
#2748 = AXIS2_PLACEMENT_3D('',#2749,#2750,#2751);
#2749 = CARTESIAN_POINT('',(40.819713,-28.,-67.423223));
#2750 = DIRECTION('',(0.707106781187,-1.6E-16,-0.707106781187));
#2751 = DIRECTION('',(0.707106781187,1.6E-16,0.707106781187));
#2752 = ORIENTED_EDGE('',*,*,#1939,.T.);
#2753 = ORIENTED_EDGE('',*,*,#2722,.F.);
#2754 = ORIENTED_EDGE('',*,*,#1191,.F.);
#2755 = CYLINDRICAL_SURFACE('',#2756,2.);
#2756 = AXIS2_PLACEMENT_3D('',#2757,#2758,#2759);
#2757 = CARTESIAN_POINT('',(38.819713,-28.,-67.423223));
#2758 = DIRECTION('',(-1.,0.,0.));
#2759 = DIRECTION('',(0.,-1.,0.));
#2760 = ADVANCED_FACE('',(#2761),#2773,.T.);
#2761 = FACE_BOUND('',#2762,.F.);
#2762 = EDGE_LOOP('',(#2763,#2764,#2765,#2772));
#2763 = ORIENTED_EDGE('',*,*,#2730,.T.);
#2764 = ORIENTED_EDGE('',*,*,#1987,.T.);
#2765 = ORIENTED_EDGE('',*,*,#2766,.F.);
#2766 = EDGE_CURVE('',#1200,#1964,#2767,.T.);
#2767 = ELLIPSE('',#2768,2.828427124746,2.);
#2768 = AXIS2_PLACEMENT_3D('',#2769,#2770,#2771);
#2769 = CARTESIAN_POINT('',(40.819713,-28.,-76.423223));
#2770 = DIRECTION('',(-0.707106781187,-1.6E-16,-0.707106781187));
#2771 = DIRECTION('',(0.707106781187,-1.6E-16,-0.707106781187));
#2772 = ORIENTED_EDGE('',*,*,#1207,.F.);
#2773 = CYLINDRICAL_SURFACE('',#2774,2.);
#2774 = AXIS2_PLACEMENT_3D('',#2775,#2776,#2777);
#2775 = CARTESIAN_POINT('',(-41.180287,-28.,-76.423223));
#2776 = DIRECTION('',(1.,0.,0.));
#2777 = DIRECTION('',(0.,-1.,0.));
#2778 = ADVANCED_FACE('',(#2779),#2785,.T.);
#2779 = FACE_BOUND('',#2780,.F.);
#2780 = EDGE_LOOP('',(#2781,#2782,#2783,#2784));
#2781 = ORIENTED_EDGE('',*,*,#2766,.T.);
#2782 = ORIENTED_EDGE('',*,*,#1963,.T.);
#2783 = ORIENTED_EDGE('',*,*,#2746,.F.);
#2784 = ORIENTED_EDGE('',*,*,#1199,.F.);
#2785 = CYLINDRICAL_SURFACE('',#2786,2.);
#2786 = AXIS2_PLACEMENT_3D('',#2787,#2788,#2789);
#2787 = CARTESIAN_POINT('',(40.819713,-28.,-74.423223));
#2788 = DIRECTION('',(0.,2.2E-16,1.));
#2789 = DIRECTION('',(0.,-1.,2.2E-16));
#2790 = ADVANCED_FACE('',(#2791),#2809,.T.);
#2791 = FACE_BOUND('',#2792,.F.);
#2792 = EDGE_LOOP('',(#2793,#2800,#2801,#2808));
#2793 = ORIENTED_EDGE('',*,*,#2794,.T.);
#2794 = EDGE_CURVE('',#1216,#1820,#2795,.T.);
#2795 = ELLIPSE('',#2796,2.828427124746,2.);
#2796 = AXIS2_PLACEMENT_3D('',#2797,#2798,#2799);
#2797 = CARTESIAN_POINT('',(-43.180287,-28.,-85.399086));
#2798 = DIRECTION('',(0.707106781187,1.6E-16,0.707106781187));
#2799 = DIRECTION('',(0.707106781187,-1.6E-16,-0.707106781187));
#2800 = ORIENTED_EDGE('',*,*,#1819,.T.);
#2801 = ORIENTED_EDGE('',*,*,#2802,.F.);
#2802 = EDGE_CURVE('',#1218,#1812,#2803,.T.);
#2803 = ELLIPSE('',#2804,2.828427124746,2.);
#2804 = AXIS2_PLACEMENT_3D('',#2805,#2806,#2807);
#2805 = CARTESIAN_POINT('',(-43.180287,-28.,-94.399086));
#2806 = DIRECTION('',(-0.707106781187,1.6E-16,0.707106781187));
#2807 = DIRECTION('',(-0.707106781187,-1.6E-16,-0.707106781187));
#2808 = ORIENTED_EDGE('',*,*,#1215,.F.);
#2809 = CYLINDRICAL_SURFACE('',#2810,2.);
#2810 = AXIS2_PLACEMENT_3D('',#2811,#2812,#2813);
#2811 = CARTESIAN_POINT('',(-43.180287,-28.,-87.399086));
#2812 = DIRECTION('',(0.,-2.2E-16,-1.));
#2813 = DIRECTION('',(0.,-1.,2.2E-16));
#2814 = ADVANCED_FACE('',(#2815),#2827,.T.);
#2815 = FACE_BOUND('',#2816,.F.);
#2816 = EDGE_LOOP('',(#2817,#2824,#2825,#2826));
#2817 = ORIENTED_EDGE('',*,*,#2818,.T.);
#2818 = EDGE_CURVE('',#1226,#1844,#2819,.T.);
#2819 = ELLIPSE('',#2820,2.828427124746,2.);
#2820 = AXIS2_PLACEMENT_3D('',#2821,#2822,#2823);
#2821 = CARTESIAN_POINT('',(40.819713,-28.,-85.399086));
#2822 = DIRECTION('',(0.707106781187,-1.6E-16,-0.707106781187));
#2823 = DIRECTION('',(0.707106781187,1.6E-16,0.707106781187));
#2824 = ORIENTED_EDGE('',*,*,#1843,.T.);
#2825 = ORIENTED_EDGE('',*,*,#2794,.F.);
#2826 = ORIENTED_EDGE('',*,*,#1225,.F.);
#2827 = CYLINDRICAL_SURFACE('',#2828,2.);
#2828 = AXIS2_PLACEMENT_3D('',#2829,#2830,#2831);
#2829 = CARTESIAN_POINT('',(38.819713,-28.,-85.399086));
#2830 = DIRECTION('',(-1.,0.,0.));
#2831 = DIRECTION('',(0.,-1.,0.));
#2832 = ADVANCED_FACE('',(#2833),#2845,.T.);
#2833 = FACE_BOUND('',#2834,.F.);
#2834 = EDGE_LOOP('',(#2835,#2836,#2837,#2844));
#2835 = ORIENTED_EDGE('',*,*,#2802,.T.);
#2836 = ORIENTED_EDGE('',*,*,#1891,.T.);
#2837 = ORIENTED_EDGE('',*,*,#2838,.F.);
#2838 = EDGE_CURVE('',#1234,#1868,#2839,.T.);
#2839 = ELLIPSE('',#2840,2.828427124746,2.);
#2840 = AXIS2_PLACEMENT_3D('',#2841,#2842,#2843);
#2841 = CARTESIAN_POINT('',(40.819713,-28.,-94.399086));
#2842 = DIRECTION('',(-0.707106781187,-1.6E-16,-0.707106781187));
#2843 = DIRECTION('',(0.707106781187,-1.6E-16,-0.707106781187));
#2844 = ORIENTED_EDGE('',*,*,#1241,.F.);
#2845 = CYLINDRICAL_SURFACE('',#2846,2.);
#2846 = AXIS2_PLACEMENT_3D('',#2847,#2848,#2849);
#2847 = CARTESIAN_POINT('',(-41.180287,-28.,-94.399086));
#2848 = DIRECTION('',(1.,0.,0.));
#2849 = DIRECTION('',(0.,-1.,0.));
#2850 = ADVANCED_FACE('',(#2851),#2857,.T.);
#2851 = FACE_BOUND('',#2852,.F.);
#2852 = EDGE_LOOP('',(#2853,#2854,#2855,#2856));
#2853 = ORIENTED_EDGE('',*,*,#2838,.T.);
#2854 = ORIENTED_EDGE('',*,*,#1867,.T.);
#2855 = ORIENTED_EDGE('',*,*,#2818,.F.);
#2856 = ORIENTED_EDGE('',*,*,#1233,.F.);
#2857 = CYLINDRICAL_SURFACE('',#2858,2.);
#2858 = AXIS2_PLACEMENT_3D('',#2859,#2860,#2861);
#2859 = CARTESIAN_POINT('',(40.819713,-28.,-92.399086));
#2860 = DIRECTION('',(0.,2.2E-16,1.));
#2861 = DIRECTION('',(0.,-1.,2.2E-16));
#2862 = ADVANCED_FACE('',(#2863,#2866),#2869,.F.);
#2863 = FACE_BOUND('',#2864,.F.);
#2864 = EDGE_LOOP('',(#2865));
#2865 = ORIENTED_EDGE('',*,*,#2424,.T.);
#2866 = FACE_BOUND('',#2867,.T.);
#2867 = EDGE_LOOP('',(#2868));
#2868 = ORIENTED_EDGE('',*,*,#2162,.T.);
#2869 = PLANE('',#2870);
#2870 = AXIS2_PLACEMENT_3D('',#2871,#2872,#2873);
#2871 = CARTESIAN_POINT('',(-1.3E-16,6.76032675,2.));
#2872 = DIRECTION('',(0.,0.,1.));
#2873 = DIRECTION('',(1.,0.,0.));
#2874 = ADVANCED_FACE('',(#2875,#2878),#2881,.F.);
#2875 = FACE_BOUND('',#2876,.F.);
#2876 = EDGE_LOOP('',(#2877));
#2877 = ORIENTED_EDGE('',*,*,#2449,.T.);
#2878 = FACE_BOUND('',#2879,.T.);
#2879 = EDGE_LOOP('',(#2880));
#2880 = ORIENTED_EDGE('',*,*,#2187,.T.);
#2881 = PLANE('',#2882);
#2882 = AXIS2_PLACEMENT_3D('',#2883,#2884,#2885);
#2883 = CARTESIAN_POINT('',(-1.3E-16,6.76032675,2.));
#2884 = DIRECTION('',(0.,0.,1.));
#2885 = DIRECTION('',(1.,0.,0.));
#2886 = ADVANCED_FACE('',(#2887,#2890),#2893,.F.);
#2887 = FACE_BOUND('',#2888,.F.);
#2888 = EDGE_LOOP('',(#2889));
#2889 = ORIENTED_EDGE('',*,*,#2474,.T.);
#2890 = FACE_BOUND('',#2891,.T.);
#2891 = EDGE_LOOP('',(#2892));
#2892 = ORIENTED_EDGE('',*,*,#2212,.T.);
#2893 = PLANE('',#2894);
#2894 = AXIS2_PLACEMENT_3D('',#2895,#2896,#2897);
#2895 = CARTESIAN_POINT('',(-1.3E-16,6.76032675,2.));
#2896 = DIRECTION('',(0.,0.,1.));
#2897 = DIRECTION('',(1.,0.,0.));
#2898 = ADVANCED_FACE('',(#2899,#2902),#2905,.F.);
#2899 = FACE_BOUND('',#2900,.F.);
#2900 = EDGE_LOOP('',(#2901));
#2901 = ORIENTED_EDGE('',*,*,#2524,.T.);
#2902 = FACE_BOUND('',#2903,.T.);
#2903 = EDGE_LOOP('',(#2904));
#2904 = ORIENTED_EDGE('',*,*,#2237,.T.);
#2905 = PLANE('',#2906);
#2906 = AXIS2_PLACEMENT_3D('',#2907,#2908,#2909);
#2907 = CARTESIAN_POINT('',(-1.3E-16,6.76032675,2.));
#2908 = DIRECTION('',(0.,0.,1.));
#2909 = DIRECTION('',(1.,0.,0.));
#2910 = ADVANCED_FACE('',(#2911,#2914),#2917,.F.);
#2911 = FACE_BOUND('',#2912,.F.);
#2912 = EDGE_LOOP('',(#2913));
#2913 = ORIENTED_EDGE('',*,*,#2398,.T.);
#2914 = FACE_BOUND('',#2915,.T.);
#2915 = EDGE_LOOP('',(#2916));
#2916 = ORIENTED_EDGE('',*,*,#2262,.T.);
#2917 = PLANE('',#2918);
#2918 = AXIS2_PLACEMENT_3D('',#2919,#2920,#2921);
#2919 = CARTESIAN_POINT('',(-1.3E-16,6.76032675,2.));
#2920 = DIRECTION('',(0.,0.,1.));
#2921 = DIRECTION('',(1.,0.,0.));
#2922 = ADVANCED_FACE('',(#2923,#2926),#2929,.F.);
#2923 = FACE_BOUND('',#2924,.F.);
#2924 = EDGE_LOOP('',(#2925));
#2925 = ORIENTED_EDGE('',*,*,#2371,.T.);
#2926 = FACE_BOUND('',#2927,.T.);
#2927 = EDGE_LOOP('',(#2928));
#2928 = ORIENTED_EDGE('',*,*,#2287,.T.);
#2929 = PLANE('',#2930);
#2930 = AXIS2_PLACEMENT_3D('',#2931,#2932,#2933);
#2931 = CARTESIAN_POINT('',(-1.3E-16,6.76032675,2.));
#2932 = DIRECTION('',(0.,0.,1.));
#2933 = DIRECTION('',(1.,0.,0.));
#2934 = ADVANCED_FACE('',(#2935,#2938),#2941,.F.);
#2935 = FACE_BOUND('',#2936,.F.);
#2936 = EDGE_LOOP('',(#2937));
#2937 = ORIENTED_EDGE('',*,*,#2499,.T.);
#2938 = FACE_BOUND('',#2939,.T.);
#2939 = EDGE_LOOP('',(#2940));
#2940 = ORIENTED_EDGE('',*,*,#2312,.T.);
#2941 = PLANE('',#2942);
#2942 = AXIS2_PLACEMENT_3D('',#2943,#2944,#2945);
#2943 = CARTESIAN_POINT('',(-1.3E-16,6.76032675,2.));
#2944 = DIRECTION('',(0.,0.,1.));
#2945 = DIRECTION('',(1.,0.,0.));
#2946 = ADVANCED_FACE('',(#2947,#2950),#2953,.F.);
#2947 = FACE_BOUND('',#2948,.F.);
#2948 = EDGE_LOOP('',(#2949));
#2949 = ORIENTED_EDGE('',*,*,#2549,.T.);
#2950 = FACE_BOUND('',#2951,.T.);
#2951 = EDGE_LOOP('',(#2952));
#2952 = ORIENTED_EDGE('',*,*,#2337,.T.);
#2953 = PLANE('',#2954);
#2954 = AXIS2_PLACEMENT_3D('',#2955,#2956,#2957);
#2955 = CARTESIAN_POINT('',(-1.3E-16,6.76032675,2.));
#2956 = DIRECTION('',(0.,0.,1.));
#2957 = DIRECTION('',(1.,0.,0.));
#2958 = ( GEOMETRIC_REPRESENTATION_CONTEXT(3) 
GLOBAL_UNCERTAINTY_ASSIGNED_CONTEXT((#2962)) 
GLOBAL_UNIT_ASSIGNED_CONTEXT((#2959,#2960,#2961)) REPRESENTATION_CONTEXT
('Context #1','3D Context with UNIT and UNCERTAINTY') );
#2959 = ( LENGTH_UNIT() NAMED_UNIT(*) SI_UNIT(.MILLI.,.METRE.) );
#2960 = ( NAMED_UNIT(*) PLANE_ANGLE_UNIT() SI_UNIT($,.RADIAN.) );
#2961 = ( NAMED_UNIT(*) SI_UNIT($,.STERADIAN.) SOLID_ANGLE_UNIT() );
#2962 = UNCERTAINTY_MEASURE_WITH_UNIT(LENGTH_MEASURE(2.E-05),#2959,
  'distance_accuracy_value','confusion accuracy');
#2963 = CONTEXT_DEPENDENT_SHAPE_REPRESENTATION(#2964,#2966);
#2964 = ( REPRESENTATION_RELATIONSHIP('','',#232,#10) 
REPRESENTATION_RELATIONSHIP_WITH_TRANSFORMATION(#2965) 
SHAPE_REPRESENTATION_RELATIONSHIP() );
#2965 = ITEM_DEFINED_TRANSFORMATION('','',#11,#15);
#2966 = PRODUCT_DEFINITION_SHAPE('Placement','Placement of an item',
  #2967);
#2967 = NEXT_ASSEMBLY_USAGE_OCCURRENCE('246','主体背板','',#5,#227,$
  );
#2968 = PRODUCT_RELATED_PRODUCT_CATEGORY('part',$,(#229));
#2969 = SHAPE_DEFINITION_REPRESENTATION(#2970,#2976);
#2970 = PRODUCT_DEFINITION_SHAPE('','',#2971);
#2971 = PRODUCT_DEFINITION('design','',#2972,#2975);
#2972 = PRODUCT_DEFINITION_FORMATION('','',#2973);
#2973 = PRODUCT('X轴','X轴','',(#2974));
#2974 = PRODUCT_CONTEXT('',#2,'mechanical');
#2975 = PRODUCT_DEFINITION_CONTEXT('part definition',#2,'design');
#2976 = GEOMETRICALLY_BOUNDED_WIREFRAME_SHAPE_REPRESENTATION('',(#11,
    #2977),#2982);
#2977 = GEOMETRIC_CURVE_SET('',(#2978));
#2978 = LINE('',#2979,#2980);
#2979 = CARTESIAN_POINT('',(0.,0.,0.));
#2980 = VECTOR('',#2981,1.);
#2981 = DIRECTION('',(1.,0.,0.));
#2982 = ( GEOMETRIC_REPRESENTATION_CONTEXT(3) 
GLOBAL_UNCERTAINTY_ASSIGNED_CONTEXT((#2986)) 
GLOBAL_UNIT_ASSIGNED_CONTEXT((#2983,#2984,#2985)) REPRESENTATION_CONTEXT
('Context #1','3D Context with UNIT and UNCERTAINTY') );
#2983 = ( LENGTH_UNIT() NAMED_UNIT(*) SI_UNIT(.MILLI.,.METRE.) );
#2984 = ( NAMED_UNIT(*) PLANE_ANGLE_UNIT() SI_UNIT($,.RADIAN.) );
#2985 = ( NAMED_UNIT(*) SI_UNIT($,.STERADIAN.) SOLID_ANGLE_UNIT() );
#2986 = UNCERTAINTY_MEASURE_WITH_UNIT(LENGTH_MEASURE(1.E-07),#2983,
  'distance_accuracy_value','confusion accuracy');
#2987 = CONTEXT_DEPENDENT_SHAPE_REPRESENTATION(#2988,#2990);
#2988 = ( REPRESENTATION_RELATIONSHIP('','',#2976,#10) 
REPRESENTATION_RELATIONSHIP_WITH_TRANSFORMATION(#2989) 
SHAPE_REPRESENTATION_RELATIONSHIP() );
#2989 = ITEM_DEFINED_TRANSFORMATION('','',#11,#19);
#2990 = PRODUCT_DEFINITION_SHAPE('Placement','Placement of an item',
  #2991);
#2991 = NEXT_ASSEMBLY_USAGE_OCCURRENCE('247','X轴','',#5,#2971,$);
#2992 = PRODUCT_RELATED_PRODUCT_CATEGORY('part',$,(#2973));
#2993 = CONTEXT_DEPENDENT_SHAPE_REPRESENTATION(#2994,#2996);
#2994 = ( REPRESENTATION_RELATIONSHIP('','',#2976,#10) 
REPRESENTATION_RELATIONSHIP_WITH_TRANSFORMATION(#2995) 
SHAPE_REPRESENTATION_RELATIONSHIP() );
#2995 = ITEM_DEFINED_TRANSFORMATION('','',#11,#23);
#2996 = PRODUCT_DEFINITION_SHAPE('Placement','Placement of an item',
  #2997);
#2997 = NEXT_ASSEMBLY_USAGE_OCCURRENCE('248','Y轴','',#5,#2971,$);
#2998 = CONTEXT_DEPENDENT_SHAPE_REPRESENTATION(#2999,#3001);
#2999 = ( REPRESENTATION_RELATIONSHIP('','',#2976,#10) 
REPRESENTATION_RELATIONSHIP_WITH_TRANSFORMATION(#3000) 
SHAPE_REPRESENTATION_RELATIONSHIP() );
#3000 = ITEM_DEFINED_TRANSFORMATION('','',#11,#27);
#3001 = PRODUCT_DEFINITION_SHAPE('Placement','Placement of an item',
  #3002);
#3002 = NEXT_ASSEMBLY_USAGE_OCCURRENCE('249','Z轴','',#5,#2971,$);
#3003 = SHAPE_DEFINITION_REPRESENTATION(#3004,#3010);
#3004 = PRODUCT_DEFINITION_SHAPE('','',#3005);
#3005 = PRODUCT_DEFINITION('design','',#3006,#3009);
#3006 = PRODUCT_DEFINITION_FORMATION('','',#3007);
#3007 = PRODUCT('XY平面','XY平面','',(#3008));
#3008 = PRODUCT_CONTEXT('',#2,'mechanical');
#3009 = PRODUCT_DEFINITION_CONTEXT('part definition',#2,'design');
#3010 = MANIFOLD_SURFACE_SHAPE_REPRESENTATION('',(#11),#3011);
#3011 = ( GEOMETRIC_REPRESENTATION_CONTEXT(3) 
GLOBAL_UNCERTAINTY_ASSIGNED_CONTEXT((#3015)) 
GLOBAL_UNIT_ASSIGNED_CONTEXT((#3012,#3013,#3014)) REPRESENTATION_CONTEXT
('Context #1','3D Context with UNIT and UNCERTAINTY') );
#3012 = ( LENGTH_UNIT() NAMED_UNIT(*) SI_UNIT(.MILLI.,.METRE.) );
#3013 = ( NAMED_UNIT(*) PLANE_ANGLE_UNIT() SI_UNIT($,.RADIAN.) );
#3014 = ( NAMED_UNIT(*) SI_UNIT($,.STERADIAN.) SOLID_ANGLE_UNIT() );
#3015 = UNCERTAINTY_MEASURE_WITH_UNIT(LENGTH_MEASURE(1.E-07),#3012,
  'distance_accuracy_value','confusion accuracy');
#3016 = CONTEXT_DEPENDENT_SHAPE_REPRESENTATION(#3017,#3019);
#3017 = ( REPRESENTATION_RELATIONSHIP('','',#3010,#10) 
REPRESENTATION_RELATIONSHIP_WITH_TRANSFORMATION(#3018) 
SHAPE_REPRESENTATION_RELATIONSHIP() );
#3018 = ITEM_DEFINED_TRANSFORMATION('','',#11,#31);
#3019 = PRODUCT_DEFINITION_SHAPE('Placement','Placement of an item',
  #3020);
#3020 = NEXT_ASSEMBLY_USAGE_OCCURRENCE('250','XY平面','',#5,#3005,$);
#3021 = PRODUCT_RELATED_PRODUCT_CATEGORY('part',$,(#3007));
#3022 = CONTEXT_DEPENDENT_SHAPE_REPRESENTATION(#3023,#3025);
#3023 = ( REPRESENTATION_RELATIONSHIP('','',#3010,#10) 
REPRESENTATION_RELATIONSHIP_WITH_TRANSFORMATION(#3024) 
SHAPE_REPRESENTATION_RELATIONSHIP() );
#3024 = ITEM_DEFINED_TRANSFORMATION('','',#11,#35);
#3025 = PRODUCT_DEFINITION_SHAPE('Placement','Placement of an item',
  #3026);
#3026 = NEXT_ASSEMBLY_USAGE_OCCURRENCE('251','XZ平面','',#5,#3005,$);
#3027 = CONTEXT_DEPENDENT_SHAPE_REPRESENTATION(#3028,#3030);
#3028 = ( REPRESENTATION_RELATIONSHIP('','',#3010,#10) 
REPRESENTATION_RELATIONSHIP_WITH_TRANSFORMATION(#3029) 
SHAPE_REPRESENTATION_RELATIONSHIP() );
#3029 = ITEM_DEFINED_TRANSFORMATION('','',#11,#39);
#3030 = PRODUCT_DEFINITION_SHAPE('Placement','Placement of an item',
  #3031);
#3031 = NEXT_ASSEMBLY_USAGE_OCCURRENCE('252','YZ平面','',#5,#3005,$);
#3032 = SHAPE_DEFINITION_REPRESENTATION(#3033,#3039);
#3033 = PRODUCT_DEFINITION_SHAPE('','',#3034);
#3034 = PRODUCT_DEFINITION('design','',#3035,#3038);
#3035 = PRODUCT_DEFINITION_FORMATION('','',#3036);
#3036 = PRODUCT('Sketch','Sketch','',(#3037));
#3037 = PRODUCT_CONTEXT('',#2,'mechanical');
#3038 = PRODUCT_DEFINITION_CONTEXT('part definition',#2,'design');
#3039 = SHAPE_REPRESENTATION('',(#11,#3040,#3097,#3106,#3115,#3124,#3133
    ,#3142,#3151,#3160),#3169);
#3040 = GEOMETRIC_CURVE_SET('',(#3041,#3048,#3055,#3062,#3069,#3076,
    #3083,#3090));
#3041 = TRIMMED_CURVE('',#3042,(#3046,PARAMETER_VALUE(0.)),(#3047,
    PARAMETER_VALUE(70.)),.T.,.PARAMETER.);
#3042 = LINE('',#3043,#3044);
#3043 = CARTESIAN_POINT('',(-55.,40.,0.));
#3044 = VECTOR('',#3045,1.);
#3045 = DIRECTION('',(0.,-1.,0.));
#3046 = CARTESIAN_POINT('',(-55.,40.,0.));
#3047 = CARTESIAN_POINT('',(-55.,-30.,0.));
#3048 = TRIMMED_CURVE('',#3049,(#3053,PARAMETER_VALUE(0.)),(#3054,
    PARAMETER_VALUE(110.)),.T.,.PARAMETER.);
#3049 = LINE('',#3050,#3051);
#3050 = CARTESIAN_POINT('',(-55.,-30.,0.));
#3051 = VECTOR('',#3052,1.);
#3052 = DIRECTION('',(1.,0.,0.));
#3053 = CARTESIAN_POINT('',(-55.,-30.,0.));
#3054 = CARTESIAN_POINT('',(55.,-30.,0.));
#3055 = TRIMMED_CURVE('',#3056,(#3060,PARAMETER_VALUE(0.)),(#3061,
    PARAMETER_VALUE(70.)),.T.,.PARAMETER.);
#3056 = LINE('',#3057,#3058);
#3057 = CARTESIAN_POINT('',(55.,-30.,0.));
#3058 = VECTOR('',#3059,1.);
#3059 = DIRECTION('',(0.,1.,0.));
#3060 = CARTESIAN_POINT('',(55.,-30.,0.));
#3061 = CARTESIAN_POINT('',(55.,40.,0.));
#3062 = TRIMMED_CURVE('',#3063,(#3067,PARAMETER_VALUE(0.)),(#3068,
    PARAMETER_VALUE(37.5)),.T.,.PARAMETER.);
#3063 = LINE('',#3064,#3065);
#3064 = CARTESIAN_POINT('',(55.,40.,0.));
#3065 = VECTOR('',#3066,1.);
#3066 = DIRECTION('',(-1.,0.,0.));
#3067 = CARTESIAN_POINT('',(55.,40.,0.));
#3068 = CARTESIAN_POINT('',(17.5,40.,0.));
#3069 = TRIMMED_CURVE('',#3070,(#3074,PARAMETER_VALUE(0.)),(#3075,
    PARAMETER_VALUE(49.659887)),.T.,.PARAMETER.);
#3070 = LINE('',#3071,#3072);
#3071 = CARTESIAN_POINT('',(17.5,40.,0.));
#3072 = VECTOR('',#3073,1.);
#3073 = DIRECTION('',(0.,-1.,0.));
#3074 = CARTESIAN_POINT('',(17.5,40.,0.));
#3075 = CARTESIAN_POINT('',(17.5,-9.659887,0.));
#3076 = TRIMMED_CURVE('',#3077,(#3081,PARAMETER_VALUE(0.)),(#3082,
    PARAMETER_VALUE(35.)),.T.,.PARAMETER.);
#3077 = LINE('',#3078,#3079);
#3078 = CARTESIAN_POINT('',(17.5,-9.659887,0.));
#3079 = VECTOR('',#3080,1.);
#3080 = DIRECTION('',(-1.,1.E-16,0.));
#3081 = CARTESIAN_POINT('',(17.5,-9.659887,0.));
#3082 = CARTESIAN_POINT('',(-17.5,-9.659887,0.));
#3083 = TRIMMED_CURVE('',#3084,(#3088,PARAMETER_VALUE(0.)),(#3089,
    PARAMETER_VALUE(49.659887)),.T.,.PARAMETER.);
#3084 = LINE('',#3085,#3086);
#3085 = CARTESIAN_POINT('',(-17.5,-9.659887,0.));
#3086 = VECTOR('',#3087,1.);
#3087 = DIRECTION('',(0.,1.,0.));
#3088 = CARTESIAN_POINT('',(-17.5,-9.659887,0.));
#3089 = CARTESIAN_POINT('',(-17.5,40.,0.));
#3090 = TRIMMED_CURVE('',#3091,(#3095,PARAMETER_VALUE(0.)),(#3096,
    PARAMETER_VALUE(37.5)),.T.,.PARAMETER.);
#3091 = LINE('',#3092,#3093);
#3092 = CARTESIAN_POINT('',(-17.5,40.,0.));
#3093 = VECTOR('',#3094,1.);
#3094 = DIRECTION('',(-1.,0.,0.));
#3095 = CARTESIAN_POINT('',(-17.5,40.,0.));
#3096 = CARTESIAN_POINT('',(-55.,40.,0.));
#3097 = GEOMETRIC_CURVE_SET('',(#3098));
#3098 = TRIMMED_CURVE('',#3099,(#3104,PARAMETER_VALUE(0.)),(#3105,
    PARAMETER_VALUE(6.28318530718)),.T.,.PARAMETER.);
#3099 = CIRCLE('',#3100,2.25);
#3100 = AXIS2_PLACEMENT_3D('',#3101,#3102,#3103);
#3101 = CARTESIAN_POINT('',(-37.5,0.,0.));
#3102 = DIRECTION('',(0.,0.,1.));
#3103 = DIRECTION('',(1.,0.,-0.));
#3104 = CARTESIAN_POINT('',(-35.25,0.,0.));
#3105 = CARTESIAN_POINT('',(-35.25,0.,0.));
#3106 = GEOMETRIC_CURVE_SET('',(#3107));
#3107 = TRIMMED_CURVE('',#3108,(#3113,PARAMETER_VALUE(0.)),(#3114,
    PARAMETER_VALUE(6.28318530718)),.T.,.PARAMETER.);
#3108 = CIRCLE('',#3109,2.25);
#3109 = AXIS2_PLACEMENT_3D('',#3110,#3111,#3112);
#3110 = CARTESIAN_POINT('',(37.5,0.,0.));
#3111 = DIRECTION('',(0.,0.,1.));
#3112 = DIRECTION('',(1.,0.,-0.));
#3113 = CARTESIAN_POINT('',(39.75,0.,0.));
#3114 = CARTESIAN_POINT('',(39.75,0.,0.));
#3115 = GEOMETRIC_CURVE_SET('',(#3116));
#3116 = TRIMMED_CURVE('',#3117,(#3122,PARAMETER_VALUE(0.)),(#3123,
    PARAMETER_VALUE(6.28318530718)),.T.,.PARAMETER.);
#3117 = CIRCLE('',#3118,2.25);
#3118 = AXIS2_PLACEMENT_3D('',#3119,#3120,#3121);
#3119 = CARTESIAN_POINT('',(-37.5,14.09116,0.));
#3120 = DIRECTION('',(0.,0.,1.));
#3121 = DIRECTION('',(1.,0.,-0.));
#3122 = CARTESIAN_POINT('',(-35.25,14.09116,0.));
#3123 = CARTESIAN_POINT('',(-35.25,14.09116,0.));
#3124 = GEOMETRIC_CURVE_SET('',(#3125));
#3125 = TRIMMED_CURVE('',#3126,(#3131,PARAMETER_VALUE(0.)),(#3132,
    PARAMETER_VALUE(6.28318530718)),.T.,.PARAMETER.);
#3126 = CIRCLE('',#3127,2.25);
#3127 = AXIS2_PLACEMENT_3D('',#3128,#3129,#3130);
#3128 = CARTESIAN_POINT('',(37.5,14.09116,0.));
#3129 = DIRECTION('',(0.,0.,1.));
#3130 = DIRECTION('',(1.,0.,-0.));
#3131 = CARTESIAN_POINT('',(39.75,14.09116,0.));
#3132 = CARTESIAN_POINT('',(39.75,14.09116,0.));
#3133 = GEOMETRIC_CURVE_SET('',(#3134));
#3134 = TRIMMED_CURVE('',#3135,(#3140,PARAMETER_VALUE(0.)),(#3141,
    PARAMETER_VALUE(6.28318530718)),.T.,.PARAMETER.);
#3135 = CIRCLE('',#3136,2.25);
#3136 = AXIS2_PLACEMENT_3D('',#3137,#3138,#3139);
#3137 = CARTESIAN_POINT('',(-37.5,-15.058182,0.));
#3138 = DIRECTION('',(0.,0.,1.));
#3139 = DIRECTION('',(1.,0.,-0.));
#3140 = CARTESIAN_POINT('',(-35.25,-15.058182,0.));
#3141 = CARTESIAN_POINT('',(-35.25,-15.058182,0.));
#3142 = GEOMETRIC_CURVE_SET('',(#3143));
#3143 = TRIMMED_CURVE('',#3144,(#3149,PARAMETER_VALUE(0.)),(#3150,
    PARAMETER_VALUE(6.28318530718)),.T.,.PARAMETER.);
#3144 = CIRCLE('',#3145,2.25);
#3145 = AXIS2_PLACEMENT_3D('',#3146,#3147,#3148);
#3146 = CARTESIAN_POINT('',(37.5,-15.058182,0.));
#3147 = DIRECTION('',(0.,0.,1.));
#3148 = DIRECTION('',(1.,0.,-0.));
#3149 = CARTESIAN_POINT('',(39.75,-15.058182,0.));
#3150 = CARTESIAN_POINT('',(39.75,-15.058182,0.));
#3151 = GEOMETRIC_CURVE_SET('',(#3152));
#3152 = TRIMMED_CURVE('',#3153,(#3158,PARAMETER_VALUE(0.)),(#3159,
    PARAMETER_VALUE(6.28318530718)),.T.,.PARAMETER.);
#3153 = CIRCLE('',#3154,2.25);
#3154 = AXIS2_PLACEMENT_3D('',#3155,#3156,#3157);
#3155 = CARTESIAN_POINT('',(-37.5,28.008329,0.));
#3156 = DIRECTION('',(0.,0.,1.));
#3157 = DIRECTION('',(1.,0.,-0.));
#3158 = CARTESIAN_POINT('',(-35.25,28.008329,0.));
#3159 = CARTESIAN_POINT('',(-35.25,28.008329,0.));
#3160 = GEOMETRIC_CURVE_SET('',(#3161));
#3161 = TRIMMED_CURVE('',#3162,(#3167,PARAMETER_VALUE(0.)),(#3168,
    PARAMETER_VALUE(6.28318530718)),.T.,.PARAMETER.);
#3162 = CIRCLE('',#3163,2.25);
#3163 = AXIS2_PLACEMENT_3D('',#3164,#3165,#3166);
#3164 = CARTESIAN_POINT('',(37.5,28.008329,0.));
#3165 = DIRECTION('',(0.,0.,1.));
#3166 = DIRECTION('',(1.,0.,-0.));
#3167 = CARTESIAN_POINT('',(39.75,28.008329,0.));
#3168 = CARTESIAN_POINT('',(39.75,28.008329,0.));
#3169 = ( GEOMETRIC_REPRESENTATION_CONTEXT(3) 
GLOBAL_UNCERTAINTY_ASSIGNED_CONTEXT((#3173)) 
GLOBAL_UNIT_ASSIGNED_CONTEXT((#3170,#3171,#3172)) REPRESENTATION_CONTEXT
('Context #1','3D Context with UNIT and UNCERTAINTY') );
#3170 = ( LENGTH_UNIT() NAMED_UNIT(*) SI_UNIT(.MILLI.,.METRE.) );
#3171 = ( NAMED_UNIT(*) PLANE_ANGLE_UNIT() SI_UNIT($,.RADIAN.) );
#3172 = ( NAMED_UNIT(*) SI_UNIT($,.STERADIAN.) SOLID_ANGLE_UNIT() );
#3173 = UNCERTAINTY_MEASURE_WITH_UNIT(LENGTH_MEASURE(1.E-07),#3170,
  'distance_accuracy_value','confusion accuracy');
#3174 = CONTEXT_DEPENDENT_SHAPE_REPRESENTATION(#3175,#3177);
#3175 = ( REPRESENTATION_RELATIONSHIP('','',#3039,#10) 
REPRESENTATION_RELATIONSHIP_WITH_TRANSFORMATION(#3176) 
SHAPE_REPRESENTATION_RELATIONSHIP() );
#3176 = ITEM_DEFINED_TRANSFORMATION('','',#11,#43);
#3177 = PRODUCT_DEFINITION_SHAPE('Placement','Placement of an item',
  #3178);
#3178 = NEXT_ASSEMBLY_USAGE_OCCURRENCE('253','Sketch','',#5,#3034,$);
#3179 = PRODUCT_RELATED_PRODUCT_CATEGORY('part',$,(#3036));
#3180 = SHAPE_DEFINITION_REPRESENTATION(#3181,#3187);
#3181 = PRODUCT_DEFINITION_SHAPE('','',#3182);
#3182 = PRODUCT_DEFINITION('design','',#3183,#3186);
#3183 = PRODUCT_DEFINITION_FORMATION('','',#3184);
#3184 = PRODUCT('Pad','Pad','',(#3185));
#3185 = PRODUCT_CONTEXT('',#2,'mechanical');
#3186 = PRODUCT_DEFINITION_CONTEXT('part definition',#2,'design');
#3187 = ADVANCED_BREP_SHAPE_REPRESENTATION('',(#11,#3188),#3782);
#3188 = MANIFOLD_SOLID_BREP('',#3189);
#3189 = CLOSED_SHELL('',(#3190,#3230,#3261,#3292,#3323,#3354,#3385,#3416
    ,#3438,#3471,#3504,#3537,#3570,#3603,#3636,#3669,#3702,#3742));
#3190 = ADVANCED_FACE('',(#3191),#3225,.F.);
#3191 = FACE_BOUND('',#3192,.F.);
#3192 = EDGE_LOOP('',(#3193,#3203,#3211,#3219));
#3193 = ORIENTED_EDGE('',*,*,#3194,.T.);
#3194 = EDGE_CURVE('',#3195,#3197,#3199,.T.);
#3195 = VERTEX_POINT('',#3196);
#3196 = CARTESIAN_POINT('',(-55.,40.,0.));
#3197 = VERTEX_POINT('',#3198);
#3198 = CARTESIAN_POINT('',(-55.,40.,5.));
#3199 = LINE('',#3200,#3201);
#3200 = CARTESIAN_POINT('',(-55.,40.,0.));
#3201 = VECTOR('',#3202,1.);
#3202 = DIRECTION('',(0.,0.,1.));
#3203 = ORIENTED_EDGE('',*,*,#3204,.T.);
#3204 = EDGE_CURVE('',#3197,#3205,#3207,.T.);
#3205 = VERTEX_POINT('',#3206);
#3206 = CARTESIAN_POINT('',(-55.,-30.,5.));
#3207 = LINE('',#3208,#3209);
#3208 = CARTESIAN_POINT('',(-55.,40.,5.));
#3209 = VECTOR('',#3210,1.);
#3210 = DIRECTION('',(0.,-1.,0.));
#3211 = ORIENTED_EDGE('',*,*,#3212,.F.);
#3212 = EDGE_CURVE('',#3213,#3205,#3215,.T.);
#3213 = VERTEX_POINT('',#3214);
#3214 = CARTESIAN_POINT('',(-55.,-30.,0.));
#3215 = LINE('',#3216,#3217);
#3216 = CARTESIAN_POINT('',(-55.,-30.,0.));
#3217 = VECTOR('',#3218,1.);
#3218 = DIRECTION('',(0.,0.,1.));
#3219 = ORIENTED_EDGE('',*,*,#3220,.F.);
#3220 = EDGE_CURVE('',#3195,#3213,#3221,.T.);
#3221 = LINE('',#3222,#3223);
#3222 = CARTESIAN_POINT('',(-55.,40.,0.));
#3223 = VECTOR('',#3224,1.);
#3224 = DIRECTION('',(0.,-1.,0.));
#3225 = PLANE('',#3226);
#3226 = AXIS2_PLACEMENT_3D('',#3227,#3228,#3229);
#3227 = CARTESIAN_POINT('',(-55.,40.,0.));
#3228 = DIRECTION('',(1.,0.,-0.));
#3229 = DIRECTION('',(0.,-1.,0.));
#3230 = ADVANCED_FACE('',(#3231),#3256,.F.);
#3231 = FACE_BOUND('',#3232,.F.);
#3232 = EDGE_LOOP('',(#3233,#3234,#3242,#3250));
#3233 = ORIENTED_EDGE('',*,*,#3212,.T.);
#3234 = ORIENTED_EDGE('',*,*,#3235,.T.);
#3235 = EDGE_CURVE('',#3205,#3236,#3238,.T.);
#3236 = VERTEX_POINT('',#3237);
#3237 = CARTESIAN_POINT('',(55.,-30.,5.));
#3238 = LINE('',#3239,#3240);
#3239 = CARTESIAN_POINT('',(-55.,-30.,5.));
#3240 = VECTOR('',#3241,1.);
#3241 = DIRECTION('',(1.,0.,0.));
#3242 = ORIENTED_EDGE('',*,*,#3243,.F.);
#3243 = EDGE_CURVE('',#3244,#3236,#3246,.T.);
#3244 = VERTEX_POINT('',#3245);
#3245 = CARTESIAN_POINT('',(55.,-30.,0.));
#3246 = LINE('',#3247,#3248);
#3247 = CARTESIAN_POINT('',(55.,-30.,0.));
#3248 = VECTOR('',#3249,1.);
#3249 = DIRECTION('',(0.,0.,1.));
#3250 = ORIENTED_EDGE('',*,*,#3251,.F.);
#3251 = EDGE_CURVE('',#3213,#3244,#3252,.T.);
#3252 = LINE('',#3253,#3254);
#3253 = CARTESIAN_POINT('',(-55.,-30.,0.));
#3254 = VECTOR('',#3255,1.);
#3255 = DIRECTION('',(1.,0.,0.));
#3256 = PLANE('',#3257);
#3257 = AXIS2_PLACEMENT_3D('',#3258,#3259,#3260);
#3258 = CARTESIAN_POINT('',(-55.,-30.,0.));
#3259 = DIRECTION('',(0.,1.,0.));
#3260 = DIRECTION('',(1.,0.,0.));
#3261 = ADVANCED_FACE('',(#3262),#3287,.F.);
#3262 = FACE_BOUND('',#3263,.F.);
#3263 = EDGE_LOOP('',(#3264,#3265,#3273,#3281));
#3264 = ORIENTED_EDGE('',*,*,#3243,.T.);
#3265 = ORIENTED_EDGE('',*,*,#3266,.T.);
#3266 = EDGE_CURVE('',#3236,#3267,#3269,.T.);
#3267 = VERTEX_POINT('',#3268);
#3268 = CARTESIAN_POINT('',(55.,40.,5.));
#3269 = LINE('',#3270,#3271);
#3270 = CARTESIAN_POINT('',(55.,-30.,5.));
#3271 = VECTOR('',#3272,1.);
#3272 = DIRECTION('',(0.,1.,0.));
#3273 = ORIENTED_EDGE('',*,*,#3274,.F.);
#3274 = EDGE_CURVE('',#3275,#3267,#3277,.T.);
#3275 = VERTEX_POINT('',#3276);
#3276 = CARTESIAN_POINT('',(55.,40.,0.));
#3277 = LINE('',#3278,#3279);
#3278 = CARTESIAN_POINT('',(55.,40.,0.));
#3279 = VECTOR('',#3280,1.);
#3280 = DIRECTION('',(0.,0.,1.));
#3281 = ORIENTED_EDGE('',*,*,#3282,.F.);
#3282 = EDGE_CURVE('',#3244,#3275,#3283,.T.);
#3283 = LINE('',#3284,#3285);
#3284 = CARTESIAN_POINT('',(55.,-30.,0.));
#3285 = VECTOR('',#3286,1.);
#3286 = DIRECTION('',(0.,1.,0.));
#3287 = PLANE('',#3288);
#3288 = AXIS2_PLACEMENT_3D('',#3289,#3290,#3291);
#3289 = CARTESIAN_POINT('',(55.,-30.,0.));
#3290 = DIRECTION('',(-1.,0.,0.));
#3291 = DIRECTION('',(0.,1.,0.));
#3292 = ADVANCED_FACE('',(#3293),#3318,.F.);
#3293 = FACE_BOUND('',#3294,.F.);
#3294 = EDGE_LOOP('',(#3295,#3296,#3304,#3312));
#3295 = ORIENTED_EDGE('',*,*,#3274,.T.);
#3296 = ORIENTED_EDGE('',*,*,#3297,.T.);
#3297 = EDGE_CURVE('',#3267,#3298,#3300,.T.);
#3298 = VERTEX_POINT('',#3299);
#3299 = CARTESIAN_POINT('',(17.5,40.,5.));
#3300 = LINE('',#3301,#3302);
#3301 = CARTESIAN_POINT('',(55.,40.,5.));
#3302 = VECTOR('',#3303,1.);
#3303 = DIRECTION('',(-1.,0.,0.));
#3304 = ORIENTED_EDGE('',*,*,#3305,.F.);
#3305 = EDGE_CURVE('',#3306,#3298,#3308,.T.);
#3306 = VERTEX_POINT('',#3307);
#3307 = CARTESIAN_POINT('',(17.5,40.,0.));
#3308 = LINE('',#3309,#3310);
#3309 = CARTESIAN_POINT('',(17.5,40.,0.));
#3310 = VECTOR('',#3311,1.);
#3311 = DIRECTION('',(0.,0.,1.));
#3312 = ORIENTED_EDGE('',*,*,#3313,.F.);
#3313 = EDGE_CURVE('',#3275,#3306,#3314,.T.);
#3314 = LINE('',#3315,#3316);
#3315 = CARTESIAN_POINT('',(55.,40.,0.));
#3316 = VECTOR('',#3317,1.);
#3317 = DIRECTION('',(-1.,0.,0.));
#3318 = PLANE('',#3319);
#3319 = AXIS2_PLACEMENT_3D('',#3320,#3321,#3322);
#3320 = CARTESIAN_POINT('',(55.,40.,0.));
#3321 = DIRECTION('',(0.,-1.,0.));
#3322 = DIRECTION('',(-1.,0.,0.));
#3323 = ADVANCED_FACE('',(#3324),#3349,.F.);
#3324 = FACE_BOUND('',#3325,.F.);
#3325 = EDGE_LOOP('',(#3326,#3327,#3335,#3343));
#3326 = ORIENTED_EDGE('',*,*,#3305,.T.);
#3327 = ORIENTED_EDGE('',*,*,#3328,.T.);
#3328 = EDGE_CURVE('',#3298,#3329,#3331,.T.);
#3329 = VERTEX_POINT('',#3330);
#3330 = CARTESIAN_POINT('',(17.5,-9.659887,5.));
#3331 = LINE('',#3332,#3333);
#3332 = CARTESIAN_POINT('',(17.5,40.,5.));
#3333 = VECTOR('',#3334,1.);
#3334 = DIRECTION('',(0.,-1.,0.));
#3335 = ORIENTED_EDGE('',*,*,#3336,.F.);
#3336 = EDGE_CURVE('',#3337,#3329,#3339,.T.);
#3337 = VERTEX_POINT('',#3338);
#3338 = CARTESIAN_POINT('',(17.5,-9.659887,0.));
#3339 = LINE('',#3340,#3341);
#3340 = CARTESIAN_POINT('',(17.5,-9.659887,0.));
#3341 = VECTOR('',#3342,1.);
#3342 = DIRECTION('',(0.,0.,1.));
#3343 = ORIENTED_EDGE('',*,*,#3344,.F.);
#3344 = EDGE_CURVE('',#3306,#3337,#3345,.T.);
#3345 = LINE('',#3346,#3347);
#3346 = CARTESIAN_POINT('',(17.5,40.,0.));
#3347 = VECTOR('',#3348,1.);
#3348 = DIRECTION('',(0.,-1.,0.));
#3349 = PLANE('',#3350);
#3350 = AXIS2_PLACEMENT_3D('',#3351,#3352,#3353);
#3351 = CARTESIAN_POINT('',(17.5,40.,0.));
#3352 = DIRECTION('',(1.,0.,-0.));
#3353 = DIRECTION('',(0.,-1.,0.));
#3354 = ADVANCED_FACE('',(#3355),#3380,.F.);
#3355 = FACE_BOUND('',#3356,.F.);
#3356 = EDGE_LOOP('',(#3357,#3358,#3366,#3374));
#3357 = ORIENTED_EDGE('',*,*,#3336,.T.);
#3358 = ORIENTED_EDGE('',*,*,#3359,.T.);
#3359 = EDGE_CURVE('',#3329,#3360,#3362,.T.);
#3360 = VERTEX_POINT('',#3361);
#3361 = CARTESIAN_POINT('',(-17.5,-9.659887,5.));
#3362 = LINE('',#3363,#3364);
#3363 = CARTESIAN_POINT('',(17.5,-9.659887,5.));
#3364 = VECTOR('',#3365,1.);
#3365 = DIRECTION('',(-1.,1.E-16,0.));
#3366 = ORIENTED_EDGE('',*,*,#3367,.F.);
#3367 = EDGE_CURVE('',#3368,#3360,#3370,.T.);
#3368 = VERTEX_POINT('',#3369);
#3369 = CARTESIAN_POINT('',(-17.5,-9.659887,0.));
#3370 = LINE('',#3371,#3372);
#3371 = CARTESIAN_POINT('',(-17.5,-9.659887,0.));
#3372 = VECTOR('',#3373,1.);
#3373 = DIRECTION('',(0.,0.,1.));
#3374 = ORIENTED_EDGE('',*,*,#3375,.F.);
#3375 = EDGE_CURVE('',#3337,#3368,#3376,.T.);
#3376 = LINE('',#3377,#3378);
#3377 = CARTESIAN_POINT('',(17.5,-9.659887,0.));
#3378 = VECTOR('',#3379,1.);
#3379 = DIRECTION('',(-1.,1.E-16,0.));
#3380 = PLANE('',#3381);
#3381 = AXIS2_PLACEMENT_3D('',#3382,#3383,#3384);
#3382 = CARTESIAN_POINT('',(17.5,-9.659887,0.));
#3383 = DIRECTION('',(-1.E-16,-1.,0.));
#3384 = DIRECTION('',(-1.,1.E-16,0.));
#3385 = ADVANCED_FACE('',(#3386),#3411,.F.);
#3386 = FACE_BOUND('',#3387,.F.);
#3387 = EDGE_LOOP('',(#3388,#3389,#3397,#3405));
#3388 = ORIENTED_EDGE('',*,*,#3367,.T.);
#3389 = ORIENTED_EDGE('',*,*,#3390,.T.);
#3390 = EDGE_CURVE('',#3360,#3391,#3393,.T.);
#3391 = VERTEX_POINT('',#3392);
#3392 = CARTESIAN_POINT('',(-17.5,40.,5.));
#3393 = LINE('',#3394,#3395);
#3394 = CARTESIAN_POINT('',(-17.5,-9.659887,5.));
#3395 = VECTOR('',#3396,1.);
#3396 = DIRECTION('',(0.,1.,0.));
#3397 = ORIENTED_EDGE('',*,*,#3398,.F.);
#3398 = EDGE_CURVE('',#3399,#3391,#3401,.T.);
#3399 = VERTEX_POINT('',#3400);
#3400 = CARTESIAN_POINT('',(-17.5,40.,0.));
#3401 = LINE('',#3402,#3403);
#3402 = CARTESIAN_POINT('',(-17.5,40.,0.));
#3403 = VECTOR('',#3404,1.);
#3404 = DIRECTION('',(0.,0.,1.));
#3405 = ORIENTED_EDGE('',*,*,#3406,.F.);
#3406 = EDGE_CURVE('',#3368,#3399,#3407,.T.);
#3407 = LINE('',#3408,#3409);
#3408 = CARTESIAN_POINT('',(-17.5,-9.659887,0.));
#3409 = VECTOR('',#3410,1.);
#3410 = DIRECTION('',(0.,1.,0.));
#3411 = PLANE('',#3412);
#3412 = AXIS2_PLACEMENT_3D('',#3413,#3414,#3415);
#3413 = CARTESIAN_POINT('',(-17.5,-9.659887,0.));
#3414 = DIRECTION('',(-1.,0.,0.));
#3415 = DIRECTION('',(0.,1.,0.));
#3416 = ADVANCED_FACE('',(#3417),#3433,.F.);
#3417 = FACE_BOUND('',#3418,.F.);
#3418 = EDGE_LOOP('',(#3419,#3420,#3426,#3427));
#3419 = ORIENTED_EDGE('',*,*,#3398,.T.);
#3420 = ORIENTED_EDGE('',*,*,#3421,.T.);
#3421 = EDGE_CURVE('',#3391,#3197,#3422,.T.);
#3422 = LINE('',#3423,#3424);
#3423 = CARTESIAN_POINT('',(-17.5,40.,5.));
#3424 = VECTOR('',#3425,1.);
#3425 = DIRECTION('',(-1.,0.,0.));
#3426 = ORIENTED_EDGE('',*,*,#3194,.F.);
#3427 = ORIENTED_EDGE('',*,*,#3428,.F.);
#3428 = EDGE_CURVE('',#3399,#3195,#3429,.T.);
#3429 = LINE('',#3430,#3431);
#3430 = CARTESIAN_POINT('',(-17.5,40.,0.));
#3431 = VECTOR('',#3432,1.);
#3432 = DIRECTION('',(-1.,0.,0.));
#3433 = PLANE('',#3434);
#3434 = AXIS2_PLACEMENT_3D('',#3435,#3436,#3437);
#3435 = CARTESIAN_POINT('',(-17.5,40.,0.));
#3436 = DIRECTION('',(0.,-1.,0.));
#3437 = DIRECTION('',(-1.,0.,0.));
#3438 = ADVANCED_FACE('',(#3439),#3466,.F.);
#3439 = FACE_BOUND('',#3440,.T.);
#3440 = EDGE_LOOP('',(#3441,#3451,#3458,#3459));
#3441 = ORIENTED_EDGE('',*,*,#3442,.T.);
#3442 = EDGE_CURVE('',#3443,#3445,#3447,.T.);
#3443 = VERTEX_POINT('',#3444);
#3444 = CARTESIAN_POINT('',(-35.25,0.,0.));
#3445 = VERTEX_POINT('',#3446);
#3446 = CARTESIAN_POINT('',(-35.25,0.,5.));
#3447 = LINE('',#3448,#3449);
#3448 = CARTESIAN_POINT('',(-35.25,0.,0.));
#3449 = VECTOR('',#3450,1.);
#3450 = DIRECTION('',(0.,0.,1.));
#3451 = ORIENTED_EDGE('',*,*,#3452,.T.);
#3452 = EDGE_CURVE('',#3445,#3445,#3453,.T.);
#3453 = CIRCLE('',#3454,2.25);
#3454 = AXIS2_PLACEMENT_3D('',#3455,#3456,#3457);
#3455 = CARTESIAN_POINT('',(-37.5,0.,5.));
#3456 = DIRECTION('',(0.,0.,1.));
#3457 = DIRECTION('',(1.,0.,0.));
#3458 = ORIENTED_EDGE('',*,*,#3442,.F.);
#3459 = ORIENTED_EDGE('',*,*,#3460,.F.);
#3460 = EDGE_CURVE('',#3443,#3443,#3461,.T.);
#3461 = CIRCLE('',#3462,2.25);
#3462 = AXIS2_PLACEMENT_3D('',#3463,#3464,#3465);
#3463 = CARTESIAN_POINT('',(-37.5,0.,0.));
#3464 = DIRECTION('',(0.,0.,1.));
#3465 = DIRECTION('',(1.,0.,0.));
#3466 = CYLINDRICAL_SURFACE('',#3467,2.25);
#3467 = AXIS2_PLACEMENT_3D('',#3468,#3469,#3470);
#3468 = CARTESIAN_POINT('',(-37.5,0.,0.));
#3469 = DIRECTION('',(-0.,-0.,-1.));
#3470 = DIRECTION('',(1.,0.,0.));
#3471 = ADVANCED_FACE('',(#3472),#3499,.F.);
#3472 = FACE_BOUND('',#3473,.T.);
#3473 = EDGE_LOOP('',(#3474,#3484,#3491,#3492));
#3474 = ORIENTED_EDGE('',*,*,#3475,.T.);
#3475 = EDGE_CURVE('',#3476,#3478,#3480,.T.);
#3476 = VERTEX_POINT('',#3477);
#3477 = CARTESIAN_POINT('',(39.75,0.,0.));
#3478 = VERTEX_POINT('',#3479);
#3479 = CARTESIAN_POINT('',(39.75,0.,5.));
#3480 = LINE('',#3481,#3482);
#3481 = CARTESIAN_POINT('',(39.75,0.,0.));
#3482 = VECTOR('',#3483,1.);
#3483 = DIRECTION('',(0.,0.,1.));
#3484 = ORIENTED_EDGE('',*,*,#3485,.T.);
#3485 = EDGE_CURVE('',#3478,#3478,#3486,.T.);
#3486 = CIRCLE('',#3487,2.25);
#3487 = AXIS2_PLACEMENT_3D('',#3488,#3489,#3490);
#3488 = CARTESIAN_POINT('',(37.5,0.,5.));
#3489 = DIRECTION('',(0.,0.,1.));
#3490 = DIRECTION('',(1.,0.,0.));
#3491 = ORIENTED_EDGE('',*,*,#3475,.F.);
#3492 = ORIENTED_EDGE('',*,*,#3493,.F.);
#3493 = EDGE_CURVE('',#3476,#3476,#3494,.T.);
#3494 = CIRCLE('',#3495,2.25);
#3495 = AXIS2_PLACEMENT_3D('',#3496,#3497,#3498);
#3496 = CARTESIAN_POINT('',(37.5,0.,0.));
#3497 = DIRECTION('',(0.,0.,1.));
#3498 = DIRECTION('',(1.,0.,0.));
#3499 = CYLINDRICAL_SURFACE('',#3500,2.25);
#3500 = AXIS2_PLACEMENT_3D('',#3501,#3502,#3503);
#3501 = CARTESIAN_POINT('',(37.5,0.,0.));
#3502 = DIRECTION('',(-0.,-0.,-1.));
#3503 = DIRECTION('',(1.,0.,0.));
#3504 = ADVANCED_FACE('',(#3505),#3532,.F.);
#3505 = FACE_BOUND('',#3506,.T.);
#3506 = EDGE_LOOP('',(#3507,#3517,#3524,#3525));
#3507 = ORIENTED_EDGE('',*,*,#3508,.T.);
#3508 = EDGE_CURVE('',#3509,#3511,#3513,.T.);
#3509 = VERTEX_POINT('',#3510);
#3510 = CARTESIAN_POINT('',(-35.25,14.09116,0.));
#3511 = VERTEX_POINT('',#3512);
#3512 = CARTESIAN_POINT('',(-35.25,14.09116,5.));
#3513 = LINE('',#3514,#3515);
#3514 = CARTESIAN_POINT('',(-35.25,14.09116,0.));
#3515 = VECTOR('',#3516,1.);
#3516 = DIRECTION('',(0.,0.,1.));
#3517 = ORIENTED_EDGE('',*,*,#3518,.T.);
#3518 = EDGE_CURVE('',#3511,#3511,#3519,.T.);
#3519 = CIRCLE('',#3520,2.25);
#3520 = AXIS2_PLACEMENT_3D('',#3521,#3522,#3523);
#3521 = CARTESIAN_POINT('',(-37.5,14.09116,5.));
#3522 = DIRECTION('',(0.,0.,1.));
#3523 = DIRECTION('',(1.,0.,0.));
#3524 = ORIENTED_EDGE('',*,*,#3508,.F.);
#3525 = ORIENTED_EDGE('',*,*,#3526,.F.);
#3526 = EDGE_CURVE('',#3509,#3509,#3527,.T.);
#3527 = CIRCLE('',#3528,2.25);
#3528 = AXIS2_PLACEMENT_3D('',#3529,#3530,#3531);
#3529 = CARTESIAN_POINT('',(-37.5,14.09116,0.));
#3530 = DIRECTION('',(0.,0.,1.));
#3531 = DIRECTION('',(1.,0.,0.));
#3532 = CYLINDRICAL_SURFACE('',#3533,2.25);
#3533 = AXIS2_PLACEMENT_3D('',#3534,#3535,#3536);
#3534 = CARTESIAN_POINT('',(-37.5,14.09116,0.));
#3535 = DIRECTION('',(-0.,-0.,-1.));
#3536 = DIRECTION('',(1.,0.,0.));
#3537 = ADVANCED_FACE('',(#3538),#3565,.F.);
#3538 = FACE_BOUND('',#3539,.T.);
#3539 = EDGE_LOOP('',(#3540,#3550,#3557,#3558));
#3540 = ORIENTED_EDGE('',*,*,#3541,.T.);
#3541 = EDGE_CURVE('',#3542,#3544,#3546,.T.);
#3542 = VERTEX_POINT('',#3543);
#3543 = CARTESIAN_POINT('',(39.75,14.09116,0.));
#3544 = VERTEX_POINT('',#3545);
#3545 = CARTESIAN_POINT('',(39.75,14.09116,5.));
#3546 = LINE('',#3547,#3548);
#3547 = CARTESIAN_POINT('',(39.75,14.09116,0.));
#3548 = VECTOR('',#3549,1.);
#3549 = DIRECTION('',(0.,0.,1.));
#3550 = ORIENTED_EDGE('',*,*,#3551,.T.);
#3551 = EDGE_CURVE('',#3544,#3544,#3552,.T.);
#3552 = CIRCLE('',#3553,2.25);
#3553 = AXIS2_PLACEMENT_3D('',#3554,#3555,#3556);
#3554 = CARTESIAN_POINT('',(37.5,14.09116,5.));
#3555 = DIRECTION('',(0.,0.,1.));
#3556 = DIRECTION('',(1.,0.,0.));
#3557 = ORIENTED_EDGE('',*,*,#3541,.F.);
#3558 = ORIENTED_EDGE('',*,*,#3559,.F.);
#3559 = EDGE_CURVE('',#3542,#3542,#3560,.T.);
#3560 = CIRCLE('',#3561,2.25);
#3561 = AXIS2_PLACEMENT_3D('',#3562,#3563,#3564);
#3562 = CARTESIAN_POINT('',(37.5,14.09116,0.));
#3563 = DIRECTION('',(0.,0.,1.));
#3564 = DIRECTION('',(1.,0.,0.));
#3565 = CYLINDRICAL_SURFACE('',#3566,2.25);
#3566 = AXIS2_PLACEMENT_3D('',#3567,#3568,#3569);
#3567 = CARTESIAN_POINT('',(37.5,14.09116,0.));
#3568 = DIRECTION('',(-0.,-0.,-1.));
#3569 = DIRECTION('',(1.,0.,0.));
#3570 = ADVANCED_FACE('',(#3571),#3598,.F.);
#3571 = FACE_BOUND('',#3572,.T.);
#3572 = EDGE_LOOP('',(#3573,#3583,#3590,#3591));
#3573 = ORIENTED_EDGE('',*,*,#3574,.T.);
#3574 = EDGE_CURVE('',#3575,#3577,#3579,.T.);
#3575 = VERTEX_POINT('',#3576);
#3576 = CARTESIAN_POINT('',(-35.25,-15.058182,0.));
#3577 = VERTEX_POINT('',#3578);
#3578 = CARTESIAN_POINT('',(-35.25,-15.058182,5.));
#3579 = LINE('',#3580,#3581);
#3580 = CARTESIAN_POINT('',(-35.25,-15.058182,0.));
#3581 = VECTOR('',#3582,1.);
#3582 = DIRECTION('',(0.,0.,1.));
#3583 = ORIENTED_EDGE('',*,*,#3584,.T.);
#3584 = EDGE_CURVE('',#3577,#3577,#3585,.T.);
#3585 = CIRCLE('',#3586,2.25);
#3586 = AXIS2_PLACEMENT_3D('',#3587,#3588,#3589);
#3587 = CARTESIAN_POINT('',(-37.5,-15.058182,5.));
#3588 = DIRECTION('',(0.,0.,1.));
#3589 = DIRECTION('',(1.,0.,0.));
#3590 = ORIENTED_EDGE('',*,*,#3574,.F.);
#3591 = ORIENTED_EDGE('',*,*,#3592,.F.);
#3592 = EDGE_CURVE('',#3575,#3575,#3593,.T.);
#3593 = CIRCLE('',#3594,2.25);
#3594 = AXIS2_PLACEMENT_3D('',#3595,#3596,#3597);
#3595 = CARTESIAN_POINT('',(-37.5,-15.058182,0.));
#3596 = DIRECTION('',(0.,0.,1.));
#3597 = DIRECTION('',(1.,0.,0.));
#3598 = CYLINDRICAL_SURFACE('',#3599,2.25);
#3599 = AXIS2_PLACEMENT_3D('',#3600,#3601,#3602);
#3600 = CARTESIAN_POINT('',(-37.5,-15.058182,0.));
#3601 = DIRECTION('',(-0.,-0.,-1.));
#3602 = DIRECTION('',(1.,0.,0.));
#3603 = ADVANCED_FACE('',(#3604),#3631,.F.);
#3604 = FACE_BOUND('',#3605,.T.);
#3605 = EDGE_LOOP('',(#3606,#3616,#3623,#3624));
#3606 = ORIENTED_EDGE('',*,*,#3607,.T.);
#3607 = EDGE_CURVE('',#3608,#3610,#3612,.T.);
#3608 = VERTEX_POINT('',#3609);
#3609 = CARTESIAN_POINT('',(39.75,-15.058182,0.));
#3610 = VERTEX_POINT('',#3611);
#3611 = CARTESIAN_POINT('',(39.75,-15.058182,5.));
#3612 = LINE('',#3613,#3614);
#3613 = CARTESIAN_POINT('',(39.75,-15.058182,0.));
#3614 = VECTOR('',#3615,1.);
#3615 = DIRECTION('',(0.,0.,1.));
#3616 = ORIENTED_EDGE('',*,*,#3617,.T.);
#3617 = EDGE_CURVE('',#3610,#3610,#3618,.T.);
#3618 = CIRCLE('',#3619,2.25);
#3619 = AXIS2_PLACEMENT_3D('',#3620,#3621,#3622);
#3620 = CARTESIAN_POINT('',(37.5,-15.058182,5.));
#3621 = DIRECTION('',(0.,0.,1.));
#3622 = DIRECTION('',(1.,0.,0.));
#3623 = ORIENTED_EDGE('',*,*,#3607,.F.);
#3624 = ORIENTED_EDGE('',*,*,#3625,.F.);
#3625 = EDGE_CURVE('',#3608,#3608,#3626,.T.);
#3626 = CIRCLE('',#3627,2.25);
#3627 = AXIS2_PLACEMENT_3D('',#3628,#3629,#3630);
#3628 = CARTESIAN_POINT('',(37.5,-15.058182,0.));
#3629 = DIRECTION('',(0.,0.,1.));
#3630 = DIRECTION('',(1.,0.,0.));
#3631 = CYLINDRICAL_SURFACE('',#3632,2.25);
#3632 = AXIS2_PLACEMENT_3D('',#3633,#3634,#3635);
#3633 = CARTESIAN_POINT('',(37.5,-15.058182,0.));
#3634 = DIRECTION('',(-0.,-0.,-1.));
#3635 = DIRECTION('',(1.,0.,0.));
#3636 = ADVANCED_FACE('',(#3637),#3664,.F.);
#3637 = FACE_BOUND('',#3638,.T.);
#3638 = EDGE_LOOP('',(#3639,#3649,#3656,#3657));
#3639 = ORIENTED_EDGE('',*,*,#3640,.T.);
#3640 = EDGE_CURVE('',#3641,#3643,#3645,.T.);
#3641 = VERTEX_POINT('',#3642);
#3642 = CARTESIAN_POINT('',(-35.25,28.008329,0.));
#3643 = VERTEX_POINT('',#3644);
#3644 = CARTESIAN_POINT('',(-35.25,28.008329,5.));
#3645 = LINE('',#3646,#3647);
#3646 = CARTESIAN_POINT('',(-35.25,28.008329,0.));
#3647 = VECTOR('',#3648,1.);
#3648 = DIRECTION('',(0.,0.,1.));
#3649 = ORIENTED_EDGE('',*,*,#3650,.T.);
#3650 = EDGE_CURVE('',#3643,#3643,#3651,.T.);
#3651 = CIRCLE('',#3652,2.25);
#3652 = AXIS2_PLACEMENT_3D('',#3653,#3654,#3655);
#3653 = CARTESIAN_POINT('',(-37.5,28.008329,5.));
#3654 = DIRECTION('',(0.,0.,1.));
#3655 = DIRECTION('',(1.,0.,0.));
#3656 = ORIENTED_EDGE('',*,*,#3640,.F.);
#3657 = ORIENTED_EDGE('',*,*,#3658,.F.);
#3658 = EDGE_CURVE('',#3641,#3641,#3659,.T.);
#3659 = CIRCLE('',#3660,2.25);
#3660 = AXIS2_PLACEMENT_3D('',#3661,#3662,#3663);
#3661 = CARTESIAN_POINT('',(-37.5,28.008329,0.));
#3662 = DIRECTION('',(0.,0.,1.));
#3663 = DIRECTION('',(1.,0.,0.));
#3664 = CYLINDRICAL_SURFACE('',#3665,2.25);
#3665 = AXIS2_PLACEMENT_3D('',#3666,#3667,#3668);
#3666 = CARTESIAN_POINT('',(-37.5,28.008329,0.));
#3667 = DIRECTION('',(-0.,-0.,-1.));
#3668 = DIRECTION('',(1.,0.,0.));
#3669 = ADVANCED_FACE('',(#3670),#3697,.F.);
#3670 = FACE_BOUND('',#3671,.T.);
#3671 = EDGE_LOOP('',(#3672,#3682,#3689,#3690));
#3672 = ORIENTED_EDGE('',*,*,#3673,.T.);
#3673 = EDGE_CURVE('',#3674,#3676,#3678,.T.);
#3674 = VERTEX_POINT('',#3675);
#3675 = CARTESIAN_POINT('',(39.75,28.008329,0.));
#3676 = VERTEX_POINT('',#3677);
#3677 = CARTESIAN_POINT('',(39.75,28.008329,5.));
#3678 = LINE('',#3679,#3680);
#3679 = CARTESIAN_POINT('',(39.75,28.008329,0.));
#3680 = VECTOR('',#3681,1.);
#3681 = DIRECTION('',(0.,0.,1.));
#3682 = ORIENTED_EDGE('',*,*,#3683,.T.);
#3683 = EDGE_CURVE('',#3676,#3676,#3684,.T.);
#3684 = CIRCLE('',#3685,2.25);
#3685 = AXIS2_PLACEMENT_3D('',#3686,#3687,#3688);
#3686 = CARTESIAN_POINT('',(37.5,28.008329,5.));
#3687 = DIRECTION('',(0.,0.,1.));
#3688 = DIRECTION('',(1.,0.,0.));
#3689 = ORIENTED_EDGE('',*,*,#3673,.F.);
#3690 = ORIENTED_EDGE('',*,*,#3691,.F.);
#3691 = EDGE_CURVE('',#3674,#3674,#3692,.T.);
#3692 = CIRCLE('',#3693,2.25);
#3693 = AXIS2_PLACEMENT_3D('',#3694,#3695,#3696);
#3694 = CARTESIAN_POINT('',(37.5,28.008329,0.));
#3695 = DIRECTION('',(0.,0.,1.));
#3696 = DIRECTION('',(1.,0.,0.));
#3697 = CYLINDRICAL_SURFACE('',#3698,2.25);
#3698 = AXIS2_PLACEMENT_3D('',#3699,#3700,#3701);
#3699 = CARTESIAN_POINT('',(37.5,28.008329,0.));
#3700 = DIRECTION('',(-0.,-0.,-1.));
#3701 = DIRECTION('',(1.,0.,0.));
#3702 = ADVANCED_FACE('',(#3703,#3713,#3716,#3719,#3722,#3725,#3728,
    #3731,#3734),#3737,.F.);
#3703 = FACE_BOUND('',#3704,.F.);
#3704 = EDGE_LOOP('',(#3705,#3706,#3707,#3708,#3709,#3710,#3711,#3712));
#3705 = ORIENTED_EDGE('',*,*,#3220,.T.);
#3706 = ORIENTED_EDGE('',*,*,#3251,.T.);
#3707 = ORIENTED_EDGE('',*,*,#3282,.T.);
#3708 = ORIENTED_EDGE('',*,*,#3313,.T.);
#3709 = ORIENTED_EDGE('',*,*,#3344,.T.);
#3710 = ORIENTED_EDGE('',*,*,#3375,.T.);
#3711 = ORIENTED_EDGE('',*,*,#3406,.T.);
#3712 = ORIENTED_EDGE('',*,*,#3428,.T.);
#3713 = FACE_BOUND('',#3714,.T.);
#3714 = EDGE_LOOP('',(#3715));
#3715 = ORIENTED_EDGE('',*,*,#3460,.T.);
#3716 = FACE_BOUND('',#3717,.T.);
#3717 = EDGE_LOOP('',(#3718));
#3718 = ORIENTED_EDGE('',*,*,#3493,.T.);
#3719 = FACE_BOUND('',#3720,.T.);
#3720 = EDGE_LOOP('',(#3721));
#3721 = ORIENTED_EDGE('',*,*,#3526,.T.);
#3722 = FACE_BOUND('',#3723,.T.);
#3723 = EDGE_LOOP('',(#3724));
#3724 = ORIENTED_EDGE('',*,*,#3559,.T.);
#3725 = FACE_BOUND('',#3726,.T.);
#3726 = EDGE_LOOP('',(#3727));
#3727 = ORIENTED_EDGE('',*,*,#3592,.T.);
#3728 = FACE_BOUND('',#3729,.T.);
#3729 = EDGE_LOOP('',(#3730));
#3730 = ORIENTED_EDGE('',*,*,#3625,.T.);
#3731 = FACE_BOUND('',#3732,.T.);
#3732 = EDGE_LOOP('',(#3733));
#3733 = ORIENTED_EDGE('',*,*,#3658,.T.);
#3734 = FACE_BOUND('',#3735,.T.);
#3735 = EDGE_LOOP('',(#3736));
#3736 = ORIENTED_EDGE('',*,*,#3691,.T.);
#3737 = PLANE('',#3738);
#3738 = AXIS2_PLACEMENT_3D('',#3739,#3740,#3741);
#3739 = CARTESIAN_POINT('',(-5.E-17,3.980983748794,0.));
#3740 = DIRECTION('',(0.,0.,1.));
#3741 = DIRECTION('',(1.,0.,0.));
#3742 = ADVANCED_FACE('',(#3743,#3753,#3756,#3759,#3762,#3765,#3768,
    #3771,#3774),#3777,.T.);
#3743 = FACE_BOUND('',#3744,.T.);
#3744 = EDGE_LOOP('',(#3745,#3746,#3747,#3748,#3749,#3750,#3751,#3752));
#3745 = ORIENTED_EDGE('',*,*,#3204,.T.);
#3746 = ORIENTED_EDGE('',*,*,#3235,.T.);
#3747 = ORIENTED_EDGE('',*,*,#3266,.T.);
#3748 = ORIENTED_EDGE('',*,*,#3297,.T.);
#3749 = ORIENTED_EDGE('',*,*,#3328,.T.);
#3750 = ORIENTED_EDGE('',*,*,#3359,.T.);
#3751 = ORIENTED_EDGE('',*,*,#3390,.T.);
#3752 = ORIENTED_EDGE('',*,*,#3421,.T.);
#3753 = FACE_BOUND('',#3754,.F.);
#3754 = EDGE_LOOP('',(#3755));
#3755 = ORIENTED_EDGE('',*,*,#3452,.T.);
#3756 = FACE_BOUND('',#3757,.F.);
#3757 = EDGE_LOOP('',(#3758));
#3758 = ORIENTED_EDGE('',*,*,#3485,.T.);
#3759 = FACE_BOUND('',#3760,.F.);
#3760 = EDGE_LOOP('',(#3761));
#3761 = ORIENTED_EDGE('',*,*,#3518,.T.);
#3762 = FACE_BOUND('',#3763,.F.);
#3763 = EDGE_LOOP('',(#3764));
#3764 = ORIENTED_EDGE('',*,*,#3551,.T.);
#3765 = FACE_BOUND('',#3766,.F.);
#3766 = EDGE_LOOP('',(#3767));
#3767 = ORIENTED_EDGE('',*,*,#3584,.T.);
#3768 = FACE_BOUND('',#3769,.F.);
#3769 = EDGE_LOOP('',(#3770));
#3770 = ORIENTED_EDGE('',*,*,#3617,.T.);
#3771 = FACE_BOUND('',#3772,.F.);
#3772 = EDGE_LOOP('',(#3773));
#3773 = ORIENTED_EDGE('',*,*,#3650,.T.);
#3774 = FACE_BOUND('',#3775,.F.);
#3775 = EDGE_LOOP('',(#3776));
#3776 = ORIENTED_EDGE('',*,*,#3683,.T.);
#3777 = PLANE('',#3778);
#3778 = AXIS2_PLACEMENT_3D('',#3779,#3780,#3781);
#3779 = CARTESIAN_POINT('',(-5.E-17,3.980983748794,5.));
#3780 = DIRECTION('',(0.,0.,1.));
#3781 = DIRECTION('',(1.,0.,0.));
#3782 = ( GEOMETRIC_REPRESENTATION_CONTEXT(3) 
GLOBAL_UNCERTAINTY_ASSIGNED_CONTEXT((#3786)) 
GLOBAL_UNIT_ASSIGNED_CONTEXT((#3783,#3784,#3785)) REPRESENTATION_CONTEXT
('Context #1','3D Context with UNIT and UNCERTAINTY') );
#3783 = ( LENGTH_UNIT() NAMED_UNIT(*) SI_UNIT(.MILLI.,.METRE.) );
#3784 = ( NAMED_UNIT(*) PLANE_ANGLE_UNIT() SI_UNIT($,.RADIAN.) );
#3785 = ( NAMED_UNIT(*) SI_UNIT($,.STERADIAN.) SOLID_ANGLE_UNIT() );
#3786 = UNCERTAINTY_MEASURE_WITH_UNIT(LENGTH_MEASURE(1.E-07),#3783,
  'distance_accuracy_value','confusion accuracy');
#3787 = CONTEXT_DEPENDENT_SHAPE_REPRESENTATION(#3788,#3790);
#3788 = ( REPRESENTATION_RELATIONSHIP('','',#3187,#10) 
REPRESENTATION_RELATIONSHIP_WITH_TRANSFORMATION(#3789) 
SHAPE_REPRESENTATION_RELATIONSHIP() );
#3789 = ITEM_DEFINED_TRANSFORMATION('','',#11,#47);
#3790 = PRODUCT_DEFINITION_SHAPE('Placement','Placement of an item',
  #3791);
#3791 = NEXT_ASSEMBLY_USAGE_OCCURRENCE('254','Pad','',#5,#3182,$);
#3792 = PRODUCT_RELATED_PRODUCT_CATEGORY('part',$,(#3184));
#3793 = SHAPE_DEFINITION_REPRESENTATION(#3794,#3800);
#3794 = PRODUCT_DEFINITION_SHAPE('','',#3795);
#3795 = PRODUCT_DEFINITION('design','',#3796,#3799);
#3796 = PRODUCT_DEFINITION_FORMATION('','',#3797);
#3797 = PRODUCT('Sketch001','Sketch001','',(#3798));
#3798 = PRODUCT_CONTEXT('',#2,'mechanical');
#3799 = PRODUCT_DEFINITION_CONTEXT('part definition',#2,'design');
#3800 = SHAPE_REPRESENTATION('',(#11,#3801,#3810,#3819,#3828,#3837,#3846
    ,#3855,#3864,#3873,#3882,#3891,#3900,#3909,#3918,#3927,#3936),#3945
  );
#3801 = GEOMETRIC_CURVE_SET('',(#3802));
#3802 = TRIMMED_CURVE('',#3803,(#3808,PARAMETER_VALUE(0.)),(#3809,
    PARAMETER_VALUE(6.28318530718)),.T.,.PARAMETER.);
#3803 = CIRCLE('',#3804,3.);
#3804 = AXIS2_PLACEMENT_3D('',#3805,#3806,#3807);
#3805 = CARTESIAN_POINT('',(-37.5,14.09116,0.));
#3806 = DIRECTION('',(0.,0.,1.));
#3807 = DIRECTION('',(1.,0.,-0.));
#3808 = CARTESIAN_POINT('',(-34.5,14.09116,0.));
#3809 = CARTESIAN_POINT('',(-34.5,14.09116,0.));
#3810 = GEOMETRIC_CURVE_SET('',(#3811));
#3811 = TRIMMED_CURVE('',#3812,(#3817,PARAMETER_VALUE(0.)),(#3818,
    PARAMETER_VALUE(6.28318530718)),.T.,.PARAMETER.);
#3812 = CIRCLE('',#3813,3.);
#3813 = AXIS2_PLACEMENT_3D('',#3814,#3815,#3816);
#3814 = CARTESIAN_POINT('',(-37.5,0.,0.));
#3815 = DIRECTION('',(0.,0.,1.));
#3816 = DIRECTION('',(1.,0.,-0.));
#3817 = CARTESIAN_POINT('',(-34.5,0.,0.));
#3818 = CARTESIAN_POINT('',(-34.5,0.,0.));
#3819 = GEOMETRIC_CURVE_SET('',(#3820));
#3820 = TRIMMED_CURVE('',#3821,(#3826,PARAMETER_VALUE(0.)),(#3827,
    PARAMETER_VALUE(6.28318530718)),.T.,.PARAMETER.);
#3821 = CIRCLE('',#3822,3.);
#3822 = AXIS2_PLACEMENT_3D('',#3823,#3824,#3825);
#3823 = CARTESIAN_POINT('',(-37.5,-15.058182,0.));
#3824 = DIRECTION('',(0.,0.,1.));
#3825 = DIRECTION('',(1.,0.,-0.));
#3826 = CARTESIAN_POINT('',(-34.5,-15.058182,0.));
#3827 = CARTESIAN_POINT('',(-34.5,-15.058182,0.));
#3828 = GEOMETRIC_CURVE_SET('',(#3829));
#3829 = TRIMMED_CURVE('',#3830,(#3835,PARAMETER_VALUE(0.)),(#3836,
    PARAMETER_VALUE(6.28318530718)),.T.,.PARAMETER.);
#3830 = CIRCLE('',#3831,3.);
#3831 = AXIS2_PLACEMENT_3D('',#3832,#3833,#3834);
#3832 = CARTESIAN_POINT('',(37.5,14.09116,0.));
#3833 = DIRECTION('',(0.,0.,1.));
#3834 = DIRECTION('',(1.,0.,-0.));
#3835 = CARTESIAN_POINT('',(40.5,14.09116,0.));
#3836 = CARTESIAN_POINT('',(40.5,14.09116,0.));
#3837 = GEOMETRIC_CURVE_SET('',(#3838));
#3838 = TRIMMED_CURVE('',#3839,(#3844,PARAMETER_VALUE(0.)),(#3845,
    PARAMETER_VALUE(6.28318530718)),.T.,.PARAMETER.);
#3839 = CIRCLE('',#3840,3.);
#3840 = AXIS2_PLACEMENT_3D('',#3841,#3842,#3843);
#3841 = CARTESIAN_POINT('',(37.5,0.,0.));
#3842 = DIRECTION('',(0.,0.,1.));
#3843 = DIRECTION('',(1.,0.,-0.));
#3844 = CARTESIAN_POINT('',(40.5,0.,0.));
#3845 = CARTESIAN_POINT('',(40.5,0.,0.));
#3846 = GEOMETRIC_CURVE_SET('',(#3847));
#3847 = TRIMMED_CURVE('',#3848,(#3853,PARAMETER_VALUE(0.)),(#3854,
    PARAMETER_VALUE(6.28318530718)),.T.,.PARAMETER.);
#3848 = CIRCLE('',#3849,3.);
#3849 = AXIS2_PLACEMENT_3D('',#3850,#3851,#3852);
#3850 = CARTESIAN_POINT('',(37.5,-15.058182,0.));
#3851 = DIRECTION('',(0.,0.,1.));
#3852 = DIRECTION('',(1.,0.,-0.));
#3853 = CARTESIAN_POINT('',(40.5,-15.058182,0.));
#3854 = CARTESIAN_POINT('',(40.5,-15.058182,0.));
#3855 = GEOMETRIC_CURVE_SET('',(#3856));
#3856 = TRIMMED_CURVE('',#3857,(#3862,PARAMETER_VALUE(0.)),(#3863,
    PARAMETER_VALUE(6.28318530718)),.T.,.PARAMETER.);
#3857 = CIRCLE('',#3858,3.);
#3858 = AXIS2_PLACEMENT_3D('',#3859,#3860,#3861);
#3859 = CARTESIAN_POINT('',(-37.5,28.008329,0.));
#3860 = DIRECTION('',(0.,0.,1.));
#3861 = DIRECTION('',(1.,0.,-0.));
#3862 = CARTESIAN_POINT('',(-34.5,28.008329,0.));
#3863 = CARTESIAN_POINT('',(-34.5,28.008329,0.));
#3864 = GEOMETRIC_CURVE_SET('',(#3865));
#3865 = TRIMMED_CURVE('',#3866,(#3871,PARAMETER_VALUE(0.)),(#3872,
    PARAMETER_VALUE(6.28318530718)),.T.,.PARAMETER.);
#3866 = CIRCLE('',#3867,3.);
#3867 = AXIS2_PLACEMENT_3D('',#3868,#3869,#3870);
#3868 = CARTESIAN_POINT('',(37.5,28.008329,0.));
#3869 = DIRECTION('',(0.,0.,1.));
#3870 = DIRECTION('',(1.,0.,-0.));
#3871 = CARTESIAN_POINT('',(40.5,28.008329,0.));
#3872 = CARTESIAN_POINT('',(40.5,28.008329,0.));
#3873 = GEOMETRIC_CURVE_SET('',(#3874));
#3874 = TRIMMED_CURVE('',#3875,(#3880,PARAMETER_VALUE(0.)),(#3881,
    PARAMETER_VALUE(6.28318530718)),.T.,.PARAMETER.);
#3875 = CIRCLE('',#3876,2.25);
#3876 = AXIS2_PLACEMENT_3D('',#3877,#3878,#3879);
#3877 = CARTESIAN_POINT('',(-37.5,14.09116,0.));
#3878 = DIRECTION('',(0.,0.,1.));
#3879 = DIRECTION('',(1.,0.,-0.));
#3880 = CARTESIAN_POINT('',(-35.25,14.09116,0.));
#3881 = CARTESIAN_POINT('',(-35.25,14.09116,0.));
#3882 = GEOMETRIC_CURVE_SET('',(#3883));
#3883 = TRIMMED_CURVE('',#3884,(#3889,PARAMETER_VALUE(0.)),(#3890,
    PARAMETER_VALUE(6.28318530718)),.T.,.PARAMETER.);
#3884 = CIRCLE('',#3885,2.25);
#3885 = AXIS2_PLACEMENT_3D('',#3886,#3887,#3888);
#3886 = CARTESIAN_POINT('',(-37.5,0.,0.));
#3887 = DIRECTION('',(0.,0.,1.));
#3888 = DIRECTION('',(1.,0.,-0.));
#3889 = CARTESIAN_POINT('',(-35.25,0.,0.));
#3890 = CARTESIAN_POINT('',(-35.25,0.,0.));
#3891 = GEOMETRIC_CURVE_SET('',(#3892));
#3892 = TRIMMED_CURVE('',#3893,(#3898,PARAMETER_VALUE(0.)),(#3899,
    PARAMETER_VALUE(6.28318530718)),.T.,.PARAMETER.);
#3893 = CIRCLE('',#3894,2.25);
#3894 = AXIS2_PLACEMENT_3D('',#3895,#3896,#3897);
#3895 = CARTESIAN_POINT('',(-37.5,-15.058182,0.));
#3896 = DIRECTION('',(0.,0.,1.));
#3897 = DIRECTION('',(1.,0.,-0.));
#3898 = CARTESIAN_POINT('',(-35.25,-15.058182,0.));
#3899 = CARTESIAN_POINT('',(-35.25,-15.058182,0.));
#3900 = GEOMETRIC_CURVE_SET('',(#3901));
#3901 = TRIMMED_CURVE('',#3902,(#3907,PARAMETER_VALUE(0.)),(#3908,
    PARAMETER_VALUE(6.28318530718)),.T.,.PARAMETER.);
#3902 = CIRCLE('',#3903,2.25);
#3903 = AXIS2_PLACEMENT_3D('',#3904,#3905,#3906);
#3904 = CARTESIAN_POINT('',(37.5,14.09116,0.));
#3905 = DIRECTION('',(0.,0.,1.));
#3906 = DIRECTION('',(1.,0.,-0.));
#3907 = CARTESIAN_POINT('',(39.75,14.09116,0.));
#3908 = CARTESIAN_POINT('',(39.75,14.09116,0.));
#3909 = GEOMETRIC_CURVE_SET('',(#3910));
#3910 = TRIMMED_CURVE('',#3911,(#3916,PARAMETER_VALUE(0.)),(#3917,
    PARAMETER_VALUE(6.28318530718)),.T.,.PARAMETER.);
#3911 = CIRCLE('',#3912,2.25);
#3912 = AXIS2_PLACEMENT_3D('',#3913,#3914,#3915);
#3913 = CARTESIAN_POINT('',(37.5,0.,0.));
#3914 = DIRECTION('',(0.,0.,1.));
#3915 = DIRECTION('',(1.,0.,-0.));
#3916 = CARTESIAN_POINT('',(39.75,0.,0.));
#3917 = CARTESIAN_POINT('',(39.75,0.,0.));
#3918 = GEOMETRIC_CURVE_SET('',(#3919));
#3919 = TRIMMED_CURVE('',#3920,(#3925,PARAMETER_VALUE(0.)),(#3926,
    PARAMETER_VALUE(6.28318530718)),.T.,.PARAMETER.);
#3920 = CIRCLE('',#3921,2.25);
#3921 = AXIS2_PLACEMENT_3D('',#3922,#3923,#3924);
#3922 = CARTESIAN_POINT('',(37.5,-15.058182,0.));
#3923 = DIRECTION('',(0.,0.,1.));
#3924 = DIRECTION('',(1.,0.,-0.));
#3925 = CARTESIAN_POINT('',(39.75,-15.058182,0.));
#3926 = CARTESIAN_POINT('',(39.75,-15.058182,0.));
#3927 = GEOMETRIC_CURVE_SET('',(#3928));
#3928 = TRIMMED_CURVE('',#3929,(#3934,PARAMETER_VALUE(0.)),(#3935,
    PARAMETER_VALUE(6.28318530718)),.T.,.PARAMETER.);
#3929 = CIRCLE('',#3930,2.25);
#3930 = AXIS2_PLACEMENT_3D('',#3931,#3932,#3933);
#3931 = CARTESIAN_POINT('',(-37.5,28.008329,0.));
#3932 = DIRECTION('',(0.,0.,1.));
#3933 = DIRECTION('',(1.,0.,-0.));
#3934 = CARTESIAN_POINT('',(-35.25,28.008329,0.));
#3935 = CARTESIAN_POINT('',(-35.25,28.008329,0.));
#3936 = GEOMETRIC_CURVE_SET('',(#3937));
#3937 = TRIMMED_CURVE('',#3938,(#3943,PARAMETER_VALUE(0.)),(#3944,
    PARAMETER_VALUE(6.28318530718)),.T.,.PARAMETER.);
#3938 = CIRCLE('',#3939,2.25);
#3939 = AXIS2_PLACEMENT_3D('',#3940,#3941,#3942);
#3940 = CARTESIAN_POINT('',(37.5,28.008329,0.));
#3941 = DIRECTION('',(0.,0.,1.));
#3942 = DIRECTION('',(1.,0.,-0.));
#3943 = CARTESIAN_POINT('',(39.75,28.008329,0.));
#3944 = CARTESIAN_POINT('',(39.75,28.008329,0.));
#3945 = ( GEOMETRIC_REPRESENTATION_CONTEXT(3) 
GLOBAL_UNCERTAINTY_ASSIGNED_CONTEXT((#3949)) 
GLOBAL_UNIT_ASSIGNED_CONTEXT((#3946,#3947,#3948)) REPRESENTATION_CONTEXT
('Context #1','3D Context with UNIT and UNCERTAINTY') );
#3946 = ( LENGTH_UNIT() NAMED_UNIT(*) SI_UNIT(.MILLI.,.METRE.) );
#3947 = ( NAMED_UNIT(*) PLANE_ANGLE_UNIT() SI_UNIT($,.RADIAN.) );
#3948 = ( NAMED_UNIT(*) SI_UNIT($,.STERADIAN.) SOLID_ANGLE_UNIT() );
#3949 = UNCERTAINTY_MEASURE_WITH_UNIT(LENGTH_MEASURE(1.E-07),#3946,
  'distance_accuracy_value','confusion accuracy');
#3950 = CONTEXT_DEPENDENT_SHAPE_REPRESENTATION(#3951,#3953);
#3951 = ( REPRESENTATION_RELATIONSHIP('','',#3800,#10) 
REPRESENTATION_RELATIONSHIP_WITH_TRANSFORMATION(#3952) 
SHAPE_REPRESENTATION_RELATIONSHIP() );
#3952 = ITEM_DEFINED_TRANSFORMATION('','',#11,#51);
#3953 = PRODUCT_DEFINITION_SHAPE('Placement','Placement of an item',
  #3954);
#3954 = NEXT_ASSEMBLY_USAGE_OCCURRENCE('255','Sketch001','',#5,#3795,$);
#3955 = PRODUCT_RELATED_PRODUCT_CATEGORY('part',$,(#3797));
#3956 = SHAPE_DEFINITION_REPRESENTATION(#3957,#3963);
#3957 = PRODUCT_DEFINITION_SHAPE('','',#3958);
#3958 = PRODUCT_DEFINITION('design','',#3959,#3962);
#3959 = PRODUCT_DEFINITION_FORMATION('','',#3960);
#3960 = PRODUCT('Pocket','Pocket','',(#3961));
#3961 = PRODUCT_CONTEXT('',#2,'mechanical');
#3962 = PRODUCT_DEFINITION_CONTEXT('part definition',#2,'design');
#3963 = ADVANCED_BREP_SHAPE_REPRESENTATION('',(#11,#3964),#4918);
#3964 = MANIFOLD_SOLID_BREP('',#3965);
#3965 = CLOSED_SHELL('',(#3966,#4006,#4037,#4068,#4205,#4342,#4359,#4376
    ,#4393,#4410,#4422,#4447,#4472,#4497,#4522,#4547,#4572,#4597,#4622,
    #4647,#4672,#4697,#4722,#4747,#4772,#4797,#4822,#4834,#4846,#4858,
    #4870,#4882,#4894,#4906));
#3966 = ADVANCED_FACE('',(#3967),#4001,.F.);
#3967 = FACE_BOUND('',#3968,.F.);
#3968 = EDGE_LOOP('',(#3969,#3979,#3987,#3995));
#3969 = ORIENTED_EDGE('',*,*,#3970,.T.);
#3970 = EDGE_CURVE('',#3971,#3973,#3975,.T.);
#3971 = VERTEX_POINT('',#3972);
#3972 = CARTESIAN_POINT('',(-55.,40.,0.));
#3973 = VERTEX_POINT('',#3974);
#3974 = CARTESIAN_POINT('',(-55.,40.,5.));
#3975 = LINE('',#3976,#3977);
#3976 = CARTESIAN_POINT('',(-55.,40.,0.));
#3977 = VECTOR('',#3978,1.);
#3978 = DIRECTION('',(0.,0.,1.));
#3979 = ORIENTED_EDGE('',*,*,#3980,.T.);
#3980 = EDGE_CURVE('',#3973,#3981,#3983,.T.);
#3981 = VERTEX_POINT('',#3982);
#3982 = CARTESIAN_POINT('',(-55.,-30.,5.));
#3983 = LINE('',#3984,#3985);
#3984 = CARTESIAN_POINT('',(-55.,40.,5.));
#3985 = VECTOR('',#3986,1.);
#3986 = DIRECTION('',(0.,-1.,0.));
#3987 = ORIENTED_EDGE('',*,*,#3988,.F.);
#3988 = EDGE_CURVE('',#3989,#3981,#3991,.T.);
#3989 = VERTEX_POINT('',#3990);
#3990 = CARTESIAN_POINT('',(-55.,-30.,0.));
#3991 = LINE('',#3992,#3993);
#3992 = CARTESIAN_POINT('',(-55.,-30.,0.));
#3993 = VECTOR('',#3994,1.);
#3994 = DIRECTION('',(0.,0.,1.));
#3995 = ORIENTED_EDGE('',*,*,#3996,.F.);
#3996 = EDGE_CURVE('',#3971,#3989,#3997,.T.);
#3997 = LINE('',#3998,#3999);
#3998 = CARTESIAN_POINT('',(-55.,40.,0.));
#3999 = VECTOR('',#4000,1.);
#4000 = DIRECTION('',(0.,-1.,0.));
#4001 = PLANE('',#4002);
#4002 = AXIS2_PLACEMENT_3D('',#4003,#4004,#4005);
#4003 = CARTESIAN_POINT('',(-55.,40.,0.));
#4004 = DIRECTION('',(1.,0.,0.));
#4005 = DIRECTION('',(0.,-1.,0.));
#4006 = ADVANCED_FACE('',(#4007),#4032,.F.);
#4007 = FACE_BOUND('',#4008,.F.);
#4008 = EDGE_LOOP('',(#4009,#4019,#4025,#4026));
#4009 = ORIENTED_EDGE('',*,*,#4010,.T.);
#4010 = EDGE_CURVE('',#4011,#4013,#4015,.T.);
#4011 = VERTEX_POINT('',#4012);
#4012 = CARTESIAN_POINT('',(-17.5,40.,0.));
#4013 = VERTEX_POINT('',#4014);
#4014 = CARTESIAN_POINT('',(-17.5,40.,5.));
#4015 = LINE('',#4016,#4017);
#4016 = CARTESIAN_POINT('',(-17.5,40.,0.));
#4017 = VECTOR('',#4018,1.);
#4018 = DIRECTION('',(0.,0.,1.));
#4019 = ORIENTED_EDGE('',*,*,#4020,.T.);
#4020 = EDGE_CURVE('',#4013,#3973,#4021,.T.);
#4021 = LINE('',#4022,#4023);
#4022 = CARTESIAN_POINT('',(-17.5,40.,5.));
#4023 = VECTOR('',#4024,1.);
#4024 = DIRECTION('',(-1.,0.,0.));
#4025 = ORIENTED_EDGE('',*,*,#3970,.F.);
#4026 = ORIENTED_EDGE('',*,*,#4027,.F.);
#4027 = EDGE_CURVE('',#4011,#3971,#4028,.T.);
#4028 = LINE('',#4029,#4030);
#4029 = CARTESIAN_POINT('',(-17.5,40.,0.));
#4030 = VECTOR('',#4031,1.);
#4031 = DIRECTION('',(-1.,0.,0.));
#4032 = PLANE('',#4033);
#4033 = AXIS2_PLACEMENT_3D('',#4034,#4035,#4036);
#4034 = CARTESIAN_POINT('',(-17.5,40.,0.));
#4035 = DIRECTION('',(0.,-1.,0.));
#4036 = DIRECTION('',(-1.,0.,0.));
#4037 = ADVANCED_FACE('',(#4038),#4063,.F.);
#4038 = FACE_BOUND('',#4039,.F.);
#4039 = EDGE_LOOP('',(#4040,#4041,#4049,#4057));
#4040 = ORIENTED_EDGE('',*,*,#3988,.T.);
#4041 = ORIENTED_EDGE('',*,*,#4042,.T.);
#4042 = EDGE_CURVE('',#3981,#4043,#4045,.T.);
#4043 = VERTEX_POINT('',#4044);
#4044 = CARTESIAN_POINT('',(55.,-30.,5.));
#4045 = LINE('',#4046,#4047);
#4046 = CARTESIAN_POINT('',(-55.,-30.,5.));
#4047 = VECTOR('',#4048,1.);
#4048 = DIRECTION('',(1.,0.,0.));
#4049 = ORIENTED_EDGE('',*,*,#4050,.F.);
#4050 = EDGE_CURVE('',#4051,#4043,#4053,.T.);
#4051 = VERTEX_POINT('',#4052);
#4052 = CARTESIAN_POINT('',(55.,-30.,0.));
#4053 = LINE('',#4054,#4055);
#4054 = CARTESIAN_POINT('',(55.,-30.,0.));
#4055 = VECTOR('',#4056,1.);
#4056 = DIRECTION('',(0.,0.,1.));
#4057 = ORIENTED_EDGE('',*,*,#4058,.F.);
#4058 = EDGE_CURVE('',#3989,#4051,#4059,.T.);
#4059 = LINE('',#4060,#4061);
#4060 = CARTESIAN_POINT('',(-55.,-30.,0.));
#4061 = VECTOR('',#4062,1.);
#4062 = DIRECTION('',(1.,0.,0.));
#4063 = PLANE('',#4064);
#4064 = AXIS2_PLACEMENT_3D('',#4065,#4066,#4067);
#4065 = CARTESIAN_POINT('',(-55.,-30.,0.));
#4066 = DIRECTION('',(0.,1.,0.));
#4067 = DIRECTION('',(1.,0.,0.));
#4068 = ADVANCED_FACE('',(#4069,#4112,#4123,#4134,#4145,#4156,#4167,
    #4178,#4189),#4200,.F.);
#4069 = FACE_BOUND('',#4070,.F.);
#4070 = EDGE_LOOP('',(#4071,#4072,#4073,#4081,#4089,#4097,#4105,#4111));
#4071 = ORIENTED_EDGE('',*,*,#3996,.T.);
#4072 = ORIENTED_EDGE('',*,*,#4058,.T.);
#4073 = ORIENTED_EDGE('',*,*,#4074,.T.);
#4074 = EDGE_CURVE('',#4051,#4075,#4077,.T.);
#4075 = VERTEX_POINT('',#4076);
#4076 = CARTESIAN_POINT('',(55.,40.,0.));
#4077 = LINE('',#4078,#4079);
#4078 = CARTESIAN_POINT('',(55.,-30.,0.));
#4079 = VECTOR('',#4080,1.);
#4080 = DIRECTION('',(0.,1.,0.));
#4081 = ORIENTED_EDGE('',*,*,#4082,.T.);
#4082 = EDGE_CURVE('',#4075,#4083,#4085,.T.);
#4083 = VERTEX_POINT('',#4084);
#4084 = CARTESIAN_POINT('',(17.5,40.,0.));
#4085 = LINE('',#4086,#4087);
#4086 = CARTESIAN_POINT('',(55.,40.,0.));
#4087 = VECTOR('',#4088,1.);
#4088 = DIRECTION('',(-1.,0.,0.));
#4089 = ORIENTED_EDGE('',*,*,#4090,.T.);
#4090 = EDGE_CURVE('',#4083,#4091,#4093,.T.);
#4091 = VERTEX_POINT('',#4092);
#4092 = CARTESIAN_POINT('',(17.5,-9.659887,0.));
#4093 = LINE('',#4094,#4095);
#4094 = CARTESIAN_POINT('',(17.5,40.,0.));
#4095 = VECTOR('',#4096,1.);
#4096 = DIRECTION('',(0.,-1.,0.));
#4097 = ORIENTED_EDGE('',*,*,#4098,.T.);
#4098 = EDGE_CURVE('',#4091,#4099,#4101,.T.);
#4099 = VERTEX_POINT('',#4100);
#4100 = CARTESIAN_POINT('',(-17.5,-9.659887,0.));
#4101 = LINE('',#4102,#4103);
#4102 = CARTESIAN_POINT('',(17.5,-9.659887,0.));
#4103 = VECTOR('',#4104,1.);
#4104 = DIRECTION('',(-1.,1.E-16,0.));
#4105 = ORIENTED_EDGE('',*,*,#4106,.T.);
#4106 = EDGE_CURVE('',#4099,#4011,#4107,.T.);
#4107 = LINE('',#4108,#4109);
#4108 = CARTESIAN_POINT('',(-17.5,-9.659887,0.));
#4109 = VECTOR('',#4110,1.);
#4110 = DIRECTION('',(0.,1.,0.));
#4111 = ORIENTED_EDGE('',*,*,#4027,.T.);
#4112 = FACE_BOUND('',#4113,.F.);
#4113 = EDGE_LOOP('',(#4114));
#4114 = ORIENTED_EDGE('',*,*,#4115,.F.);
#4115 = EDGE_CURVE('',#4116,#4116,#4118,.T.);
#4116 = VERTEX_POINT('',#4117);
#4117 = CARTESIAN_POINT('',(-34.5,-15.058182,0.));
#4118 = CIRCLE('',#4119,3.);
#4119 = AXIS2_PLACEMENT_3D('',#4120,#4121,#4122);
#4120 = CARTESIAN_POINT('',(-37.5,-15.058182,0.));
#4121 = DIRECTION('',(0.,0.,1.));
#4122 = DIRECTION('',(1.,0.,0.));
#4123 = FACE_BOUND('',#4124,.F.);
#4124 = EDGE_LOOP('',(#4125));
#4125 = ORIENTED_EDGE('',*,*,#4126,.F.);
#4126 = EDGE_CURVE('',#4127,#4127,#4129,.T.);
#4127 = VERTEX_POINT('',#4128);
#4128 = CARTESIAN_POINT('',(-34.5,0.,0.));
#4129 = CIRCLE('',#4130,3.);
#4130 = AXIS2_PLACEMENT_3D('',#4131,#4132,#4133);
#4131 = CARTESIAN_POINT('',(-37.5,0.,0.));
#4132 = DIRECTION('',(0.,0.,1.));
#4133 = DIRECTION('',(1.,0.,0.));
#4134 = FACE_BOUND('',#4135,.F.);
#4135 = EDGE_LOOP('',(#4136));
#4136 = ORIENTED_EDGE('',*,*,#4137,.F.);
#4137 = EDGE_CURVE('',#4138,#4138,#4140,.T.);
#4138 = VERTEX_POINT('',#4139);
#4139 = CARTESIAN_POINT('',(40.5,-15.058182,0.));
#4140 = CIRCLE('',#4141,3.);
#4141 = AXIS2_PLACEMENT_3D('',#4142,#4143,#4144);
#4142 = CARTESIAN_POINT('',(37.5,-15.058182,0.));
#4143 = DIRECTION('',(0.,0.,1.));
#4144 = DIRECTION('',(1.,0.,0.));
#4145 = FACE_BOUND('',#4146,.F.);
#4146 = EDGE_LOOP('',(#4147));
#4147 = ORIENTED_EDGE('',*,*,#4148,.F.);
#4148 = EDGE_CURVE('',#4149,#4149,#4151,.T.);
#4149 = VERTEX_POINT('',#4150);
#4150 = CARTESIAN_POINT('',(40.5,0.,0.));
#4151 = CIRCLE('',#4152,3.);
#4152 = AXIS2_PLACEMENT_3D('',#4153,#4154,#4155);
#4153 = CARTESIAN_POINT('',(37.5,0.,0.));
#4154 = DIRECTION('',(0.,0.,1.));
#4155 = DIRECTION('',(1.,0.,0.));
#4156 = FACE_BOUND('',#4157,.F.);
#4157 = EDGE_LOOP('',(#4158));
#4158 = ORIENTED_EDGE('',*,*,#4159,.F.);
#4159 = EDGE_CURVE('',#4160,#4160,#4162,.T.);
#4160 = VERTEX_POINT('',#4161);
#4161 = CARTESIAN_POINT('',(-34.5,14.09116,0.));
#4162 = CIRCLE('',#4163,3.);
#4163 = AXIS2_PLACEMENT_3D('',#4164,#4165,#4166);
#4164 = CARTESIAN_POINT('',(-37.5,14.09116,0.));
#4165 = DIRECTION('',(0.,0.,1.));
#4166 = DIRECTION('',(1.,0.,0.));
#4167 = FACE_BOUND('',#4168,.F.);
#4168 = EDGE_LOOP('',(#4169));
#4169 = ORIENTED_EDGE('',*,*,#4170,.F.);
#4170 = EDGE_CURVE('',#4171,#4171,#4173,.T.);
#4171 = VERTEX_POINT('',#4172);
#4172 = CARTESIAN_POINT('',(-34.5,28.008329,0.));
#4173 = CIRCLE('',#4174,3.);
#4174 = AXIS2_PLACEMENT_3D('',#4175,#4176,#4177);
#4175 = CARTESIAN_POINT('',(-37.5,28.008329,0.));
#4176 = DIRECTION('',(0.,0.,1.));
#4177 = DIRECTION('',(1.,0.,0.));
#4178 = FACE_BOUND('',#4179,.F.);
#4179 = EDGE_LOOP('',(#4180));
#4180 = ORIENTED_EDGE('',*,*,#4181,.F.);
#4181 = EDGE_CURVE('',#4182,#4182,#4184,.T.);
#4182 = VERTEX_POINT('',#4183);
#4183 = CARTESIAN_POINT('',(40.5,14.09116,0.));
#4184 = CIRCLE('',#4185,3.);
#4185 = AXIS2_PLACEMENT_3D('',#4186,#4187,#4188);
#4186 = CARTESIAN_POINT('',(37.5,14.09116,0.));
#4187 = DIRECTION('',(0.,0.,1.));
#4188 = DIRECTION('',(1.,0.,0.));
#4189 = FACE_BOUND('',#4190,.F.);
#4190 = EDGE_LOOP('',(#4191));
#4191 = ORIENTED_EDGE('',*,*,#4192,.F.);
#4192 = EDGE_CURVE('',#4193,#4193,#4195,.T.);
#4193 = VERTEX_POINT('',#4194);
#4194 = CARTESIAN_POINT('',(40.5,28.008329,0.));
#4195 = CIRCLE('',#4196,3.);
#4196 = AXIS2_PLACEMENT_3D('',#4197,#4198,#4199);
#4197 = CARTESIAN_POINT('',(37.5,28.008329,0.));
#4198 = DIRECTION('',(0.,0.,1.));
#4199 = DIRECTION('',(1.,0.,0.));
#4200 = PLANE('',#4201);
#4201 = AXIS2_PLACEMENT_3D('',#4202,#4203,#4204);
#4202 = CARTESIAN_POINT('',(-5.E-17,3.980983748794,0.));
#4203 = DIRECTION('',(0.,0.,1.));
#4204 = DIRECTION('',(1.,0.,0.));
#4205 = ADVANCED_FACE('',(#4206,#4249,#4260,#4271,#4282,#4293,#4304,
    #4315,#4326),#4337,.T.);
#4206 = FACE_BOUND('',#4207,.T.);
#4207 = EDGE_LOOP('',(#4208,#4209,#4210,#4218,#4226,#4234,#4242,#4248));
#4208 = ORIENTED_EDGE('',*,*,#3980,.T.);
#4209 = ORIENTED_EDGE('',*,*,#4042,.T.);
#4210 = ORIENTED_EDGE('',*,*,#4211,.T.);
#4211 = EDGE_CURVE('',#4043,#4212,#4214,.T.);
#4212 = VERTEX_POINT('',#4213);
#4213 = CARTESIAN_POINT('',(55.,40.,5.));
#4214 = LINE('',#4215,#4216);
#4215 = CARTESIAN_POINT('',(55.,-30.,5.));
#4216 = VECTOR('',#4217,1.);
#4217 = DIRECTION('',(0.,1.,0.));
#4218 = ORIENTED_EDGE('',*,*,#4219,.T.);
#4219 = EDGE_CURVE('',#4212,#4220,#4222,.T.);
#4220 = VERTEX_POINT('',#4221);
#4221 = CARTESIAN_POINT('',(17.5,40.,5.));
#4222 = LINE('',#4223,#4224);
#4223 = CARTESIAN_POINT('',(55.,40.,5.));
#4224 = VECTOR('',#4225,1.);
#4225 = DIRECTION('',(-1.,0.,0.));
#4226 = ORIENTED_EDGE('',*,*,#4227,.T.);
#4227 = EDGE_CURVE('',#4220,#4228,#4230,.T.);
#4228 = VERTEX_POINT('',#4229);
#4229 = CARTESIAN_POINT('',(17.5,-9.659887,5.));
#4230 = LINE('',#4231,#4232);
#4231 = CARTESIAN_POINT('',(17.5,40.,5.));
#4232 = VECTOR('',#4233,1.);
#4233 = DIRECTION('',(0.,-1.,0.));
#4234 = ORIENTED_EDGE('',*,*,#4235,.T.);
#4235 = EDGE_CURVE('',#4228,#4236,#4238,.T.);
#4236 = VERTEX_POINT('',#4237);
#4237 = CARTESIAN_POINT('',(-17.5,-9.659887,5.));
#4238 = LINE('',#4239,#4240);
#4239 = CARTESIAN_POINT('',(17.5,-9.659887,5.));
#4240 = VECTOR('',#4241,1.);
#4241 = DIRECTION('',(-1.,1.E-16,0.));
#4242 = ORIENTED_EDGE('',*,*,#4243,.T.);
#4243 = EDGE_CURVE('',#4236,#4013,#4244,.T.);
#4244 = LINE('',#4245,#4246);
#4245 = CARTESIAN_POINT('',(-17.5,-9.659887,5.));
#4246 = VECTOR('',#4247,1.);
#4247 = DIRECTION('',(0.,1.,0.));
#4248 = ORIENTED_EDGE('',*,*,#4020,.T.);
#4249 = FACE_BOUND('',#4250,.F.);
#4250 = EDGE_LOOP('',(#4251));
#4251 = ORIENTED_EDGE('',*,*,#4252,.T.);
#4252 = EDGE_CURVE('',#4253,#4253,#4255,.T.);
#4253 = VERTEX_POINT('',#4254);
#4254 = CARTESIAN_POINT('',(-35.25,0.,5.));
#4255 = CIRCLE('',#4256,2.25);
#4256 = AXIS2_PLACEMENT_3D('',#4257,#4258,#4259);
#4257 = CARTESIAN_POINT('',(-37.5,0.,5.));
#4258 = DIRECTION('',(0.,0.,1.));
#4259 = DIRECTION('',(1.,0.,0.));
#4260 = FACE_BOUND('',#4261,.F.);
#4261 = EDGE_LOOP('',(#4262));
#4262 = ORIENTED_EDGE('',*,*,#4263,.T.);
#4263 = EDGE_CURVE('',#4264,#4264,#4266,.T.);
#4264 = VERTEX_POINT('',#4265);
#4265 = CARTESIAN_POINT('',(39.75,0.,5.));
#4266 = CIRCLE('',#4267,2.25);
#4267 = AXIS2_PLACEMENT_3D('',#4268,#4269,#4270);
#4268 = CARTESIAN_POINT('',(37.5,0.,5.));
#4269 = DIRECTION('',(0.,0.,1.));
#4270 = DIRECTION('',(1.,0.,0.));
#4271 = FACE_BOUND('',#4272,.F.);
#4272 = EDGE_LOOP('',(#4273));
#4273 = ORIENTED_EDGE('',*,*,#4274,.T.);
#4274 = EDGE_CURVE('',#4275,#4275,#4277,.T.);
#4275 = VERTEX_POINT('',#4276);
#4276 = CARTESIAN_POINT('',(-35.25,14.09116,5.));
#4277 = CIRCLE('',#4278,2.25);
#4278 = AXIS2_PLACEMENT_3D('',#4279,#4280,#4281);
#4279 = CARTESIAN_POINT('',(-37.5,14.09116,5.));
#4280 = DIRECTION('',(0.,0.,1.));
#4281 = DIRECTION('',(1.,0.,0.));
#4282 = FACE_BOUND('',#4283,.F.);
#4283 = EDGE_LOOP('',(#4284));
#4284 = ORIENTED_EDGE('',*,*,#4285,.T.);
#4285 = EDGE_CURVE('',#4286,#4286,#4288,.T.);
#4286 = VERTEX_POINT('',#4287);
#4287 = CARTESIAN_POINT('',(39.75,14.09116,5.));
#4288 = CIRCLE('',#4289,2.25);
#4289 = AXIS2_PLACEMENT_3D('',#4290,#4291,#4292);
#4290 = CARTESIAN_POINT('',(37.5,14.09116,5.));
#4291 = DIRECTION('',(0.,0.,1.));
#4292 = DIRECTION('',(1.,0.,0.));
#4293 = FACE_BOUND('',#4294,.F.);
#4294 = EDGE_LOOP('',(#4295));
#4295 = ORIENTED_EDGE('',*,*,#4296,.T.);
#4296 = EDGE_CURVE('',#4297,#4297,#4299,.T.);
#4297 = VERTEX_POINT('',#4298);
#4298 = CARTESIAN_POINT('',(-35.25,-15.058182,5.));
#4299 = CIRCLE('',#4300,2.25);
#4300 = AXIS2_PLACEMENT_3D('',#4301,#4302,#4303);
#4301 = CARTESIAN_POINT('',(-37.5,-15.058182,5.));
#4302 = DIRECTION('',(0.,0.,1.));
#4303 = DIRECTION('',(1.,0.,0.));
#4304 = FACE_BOUND('',#4305,.F.);
#4305 = EDGE_LOOP('',(#4306));
#4306 = ORIENTED_EDGE('',*,*,#4307,.T.);
#4307 = EDGE_CURVE('',#4308,#4308,#4310,.T.);
#4308 = VERTEX_POINT('',#4309);
#4309 = CARTESIAN_POINT('',(39.75,-15.058182,5.));
#4310 = CIRCLE('',#4311,2.25);
#4311 = AXIS2_PLACEMENT_3D('',#4312,#4313,#4314);
#4312 = CARTESIAN_POINT('',(37.5,-15.058182,5.));
#4313 = DIRECTION('',(0.,0.,1.));
#4314 = DIRECTION('',(1.,0.,0.));
#4315 = FACE_BOUND('',#4316,.F.);
#4316 = EDGE_LOOP('',(#4317));
#4317 = ORIENTED_EDGE('',*,*,#4318,.T.);
#4318 = EDGE_CURVE('',#4319,#4319,#4321,.T.);
#4319 = VERTEX_POINT('',#4320);
#4320 = CARTESIAN_POINT('',(-35.25,28.008329,5.));
#4321 = CIRCLE('',#4322,2.25);
#4322 = AXIS2_PLACEMENT_3D('',#4323,#4324,#4325);
#4323 = CARTESIAN_POINT('',(-37.5,28.008329,5.));
#4324 = DIRECTION('',(0.,0.,1.));
#4325 = DIRECTION('',(1.,0.,0.));
#4326 = FACE_BOUND('',#4327,.F.);
#4327 = EDGE_LOOP('',(#4328));
#4328 = ORIENTED_EDGE('',*,*,#4329,.T.);
#4329 = EDGE_CURVE('',#4330,#4330,#4332,.T.);
#4330 = VERTEX_POINT('',#4331);
#4331 = CARTESIAN_POINT('',(39.75,28.008329,5.));
#4332 = CIRCLE('',#4333,2.25);
#4333 = AXIS2_PLACEMENT_3D('',#4334,#4335,#4336);
#4334 = CARTESIAN_POINT('',(37.5,28.008329,5.));
#4335 = DIRECTION('',(0.,0.,1.));
#4336 = DIRECTION('',(1.,0.,0.));
#4337 = PLANE('',#4338);
#4338 = AXIS2_PLACEMENT_3D('',#4339,#4340,#4341);
#4339 = CARTESIAN_POINT('',(-5.E-17,3.980983748794,5.));
#4340 = DIRECTION('',(0.,0.,1.));
#4341 = DIRECTION('',(1.,0.,0.));
#4342 = ADVANCED_FACE('',(#4343),#4354,.F.);
#4343 = FACE_BOUND('',#4344,.F.);
#4344 = EDGE_LOOP('',(#4345,#4351,#4352,#4353));
#4345 = ORIENTED_EDGE('',*,*,#4346,.T.);
#4346 = EDGE_CURVE('',#4099,#4236,#4347,.T.);
#4347 = LINE('',#4348,#4349);
#4348 = CARTESIAN_POINT('',(-17.5,-9.659887,0.));
#4349 = VECTOR('',#4350,1.);
#4350 = DIRECTION('',(0.,0.,1.));
#4351 = ORIENTED_EDGE('',*,*,#4243,.T.);
#4352 = ORIENTED_EDGE('',*,*,#4010,.F.);
#4353 = ORIENTED_EDGE('',*,*,#4106,.F.);
#4354 = PLANE('',#4355);
#4355 = AXIS2_PLACEMENT_3D('',#4356,#4357,#4358);
#4356 = CARTESIAN_POINT('',(-17.5,-9.659887,0.));
#4357 = DIRECTION('',(-1.,0.,0.));
#4358 = DIRECTION('',(0.,1.,0.));
#4359 = ADVANCED_FACE('',(#4360),#4371,.F.);
#4360 = FACE_BOUND('',#4361,.F.);
#4361 = EDGE_LOOP('',(#4362,#4363,#4364,#4370));
#4362 = ORIENTED_EDGE('',*,*,#4050,.T.);
#4363 = ORIENTED_EDGE('',*,*,#4211,.T.);
#4364 = ORIENTED_EDGE('',*,*,#4365,.F.);
#4365 = EDGE_CURVE('',#4075,#4212,#4366,.T.);
#4366 = LINE('',#4367,#4368);
#4367 = CARTESIAN_POINT('',(55.,40.,0.));
#4368 = VECTOR('',#4369,1.);
#4369 = DIRECTION('',(0.,0.,1.));
#4370 = ORIENTED_EDGE('',*,*,#4074,.F.);
#4371 = PLANE('',#4372);
#4372 = AXIS2_PLACEMENT_3D('',#4373,#4374,#4375);
#4373 = CARTESIAN_POINT('',(55.,-30.,0.));
#4374 = DIRECTION('',(-1.,0.,0.));
#4375 = DIRECTION('',(0.,1.,0.));
#4376 = ADVANCED_FACE('',(#4377),#4388,.F.);
#4377 = FACE_BOUND('',#4378,.F.);
#4378 = EDGE_LOOP('',(#4379,#4385,#4386,#4387));
#4379 = ORIENTED_EDGE('',*,*,#4380,.T.);
#4380 = EDGE_CURVE('',#4091,#4228,#4381,.T.);
#4381 = LINE('',#4382,#4383);
#4382 = CARTESIAN_POINT('',(17.5,-9.659887,0.));
#4383 = VECTOR('',#4384,1.);
#4384 = DIRECTION('',(0.,0.,1.));
#4385 = ORIENTED_EDGE('',*,*,#4235,.T.);
#4386 = ORIENTED_EDGE('',*,*,#4346,.F.);
#4387 = ORIENTED_EDGE('',*,*,#4098,.F.);
#4388 = PLANE('',#4389);
#4389 = AXIS2_PLACEMENT_3D('',#4390,#4391,#4392);
#4390 = CARTESIAN_POINT('',(17.5,-9.659887,0.));
#4391 = DIRECTION('',(-1.E-16,-1.,0.));
#4392 = DIRECTION('',(-1.,1.E-16,0.));
#4393 = ADVANCED_FACE('',(#4394),#4405,.F.);
#4394 = FACE_BOUND('',#4395,.F.);
#4395 = EDGE_LOOP('',(#4396,#4397,#4398,#4404));
#4396 = ORIENTED_EDGE('',*,*,#4365,.T.);
#4397 = ORIENTED_EDGE('',*,*,#4219,.T.);
#4398 = ORIENTED_EDGE('',*,*,#4399,.F.);
#4399 = EDGE_CURVE('',#4083,#4220,#4400,.T.);
#4400 = LINE('',#4401,#4402);
#4401 = CARTESIAN_POINT('',(17.5,40.,0.));
#4402 = VECTOR('',#4403,1.);
#4403 = DIRECTION('',(0.,0.,1.));
#4404 = ORIENTED_EDGE('',*,*,#4082,.F.);
#4405 = PLANE('',#4406);
#4406 = AXIS2_PLACEMENT_3D('',#4407,#4408,#4409);
#4407 = CARTESIAN_POINT('',(55.,40.,0.));
#4408 = DIRECTION('',(0.,-1.,0.));
#4409 = DIRECTION('',(-1.,0.,0.));
#4410 = ADVANCED_FACE('',(#4411),#4417,.F.);
#4411 = FACE_BOUND('',#4412,.F.);
#4412 = EDGE_LOOP('',(#4413,#4414,#4415,#4416));
#4413 = ORIENTED_EDGE('',*,*,#4399,.T.);
#4414 = ORIENTED_EDGE('',*,*,#4227,.T.);
#4415 = ORIENTED_EDGE('',*,*,#4380,.F.);
#4416 = ORIENTED_EDGE('',*,*,#4090,.F.);
#4417 = PLANE('',#4418);
#4418 = AXIS2_PLACEMENT_3D('',#4419,#4420,#4421);
#4419 = CARTESIAN_POINT('',(17.5,40.,0.));
#4420 = DIRECTION('',(1.,0.,0.));
#4421 = DIRECTION('',(0.,-1.,0.));
#4422 = ADVANCED_FACE('',(#4423),#4442,.F.);
#4423 = FACE_BOUND('',#4424,.T.);
#4424 = EDGE_LOOP('',(#4425,#4433,#4440,#4441));
#4425 = ORIENTED_EDGE('',*,*,#4426,.T.);
#4426 = EDGE_CURVE('',#4116,#4427,#4429,.T.);
#4427 = VERTEX_POINT('',#4428);
#4428 = CARTESIAN_POINT('',(-34.5,-15.058182,2.));
#4429 = LINE('',#4430,#4431);
#4430 = CARTESIAN_POINT('',(-34.5,-15.058182,0.));
#4431 = VECTOR('',#4432,1.);
#4432 = DIRECTION('',(0.,0.,1.));
#4433 = ORIENTED_EDGE('',*,*,#4434,.T.);
#4434 = EDGE_CURVE('',#4427,#4427,#4435,.T.);
#4435 = CIRCLE('',#4436,3.);
#4436 = AXIS2_PLACEMENT_3D('',#4437,#4438,#4439);
#4437 = CARTESIAN_POINT('',(-37.5,-15.058182,2.));
#4438 = DIRECTION('',(0.,0.,1.));
#4439 = DIRECTION('',(1.,0.,0.));
#4440 = ORIENTED_EDGE('',*,*,#4426,.F.);
#4441 = ORIENTED_EDGE('',*,*,#4115,.F.);
#4442 = CYLINDRICAL_SURFACE('',#4443,3.);
#4443 = AXIS2_PLACEMENT_3D('',#4444,#4445,#4446);
#4444 = CARTESIAN_POINT('',(-37.5,-15.058182,0.));
#4445 = DIRECTION('',(-0.,-0.,-1.));
#4446 = DIRECTION('',(1.,0.,0.));
#4447 = ADVANCED_FACE('',(#4448),#4467,.F.);
#4448 = FACE_BOUND('',#4449,.T.);
#4449 = EDGE_LOOP('',(#4450,#4458,#4465,#4466));
#4450 = ORIENTED_EDGE('',*,*,#4451,.T.);
#4451 = EDGE_CURVE('',#4127,#4452,#4454,.T.);
#4452 = VERTEX_POINT('',#4453);
#4453 = CARTESIAN_POINT('',(-34.5,0.,2.));
#4454 = LINE('',#4455,#4456);
#4455 = CARTESIAN_POINT('',(-34.5,0.,0.));
#4456 = VECTOR('',#4457,1.);
#4457 = DIRECTION('',(0.,0.,1.));
#4458 = ORIENTED_EDGE('',*,*,#4459,.T.);
#4459 = EDGE_CURVE('',#4452,#4452,#4460,.T.);
#4460 = CIRCLE('',#4461,3.);
#4461 = AXIS2_PLACEMENT_3D('',#4462,#4463,#4464);
#4462 = CARTESIAN_POINT('',(-37.5,0.,2.));
#4463 = DIRECTION('',(0.,0.,1.));
#4464 = DIRECTION('',(1.,0.,0.));
#4465 = ORIENTED_EDGE('',*,*,#4451,.F.);
#4466 = ORIENTED_EDGE('',*,*,#4126,.F.);
#4467 = CYLINDRICAL_SURFACE('',#4468,3.);
#4468 = AXIS2_PLACEMENT_3D('',#4469,#4470,#4471);
#4469 = CARTESIAN_POINT('',(-37.5,0.,0.));
#4470 = DIRECTION('',(-0.,-0.,-1.));
#4471 = DIRECTION('',(1.,0.,0.));
#4472 = ADVANCED_FACE('',(#4473),#4492,.F.);
#4473 = FACE_BOUND('',#4474,.T.);
#4474 = EDGE_LOOP('',(#4475,#4483,#4490,#4491));
#4475 = ORIENTED_EDGE('',*,*,#4476,.T.);
#4476 = EDGE_CURVE('',#4138,#4477,#4479,.T.);
#4477 = VERTEX_POINT('',#4478);
#4478 = CARTESIAN_POINT('',(40.5,-15.058182,2.));
#4479 = LINE('',#4480,#4481);
#4480 = CARTESIAN_POINT('',(40.5,-15.058182,0.));
#4481 = VECTOR('',#4482,1.);
#4482 = DIRECTION('',(0.,0.,1.));
#4483 = ORIENTED_EDGE('',*,*,#4484,.T.);
#4484 = EDGE_CURVE('',#4477,#4477,#4485,.T.);
#4485 = CIRCLE('',#4486,3.);
#4486 = AXIS2_PLACEMENT_3D('',#4487,#4488,#4489);
#4487 = CARTESIAN_POINT('',(37.5,-15.058182,2.));
#4488 = DIRECTION('',(0.,0.,1.));
#4489 = DIRECTION('',(1.,0.,0.));
#4490 = ORIENTED_EDGE('',*,*,#4476,.F.);
#4491 = ORIENTED_EDGE('',*,*,#4137,.F.);
#4492 = CYLINDRICAL_SURFACE('',#4493,3.);
#4493 = AXIS2_PLACEMENT_3D('',#4494,#4495,#4496);
#4494 = CARTESIAN_POINT('',(37.5,-15.058182,0.));
#4495 = DIRECTION('',(-0.,-0.,-1.));
#4496 = DIRECTION('',(1.,0.,0.));
#4497 = ADVANCED_FACE('',(#4498),#4517,.F.);
#4498 = FACE_BOUND('',#4499,.T.);
#4499 = EDGE_LOOP('',(#4500,#4508,#4515,#4516));
#4500 = ORIENTED_EDGE('',*,*,#4501,.T.);
#4501 = EDGE_CURVE('',#4149,#4502,#4504,.T.);
#4502 = VERTEX_POINT('',#4503);
#4503 = CARTESIAN_POINT('',(40.5,0.,2.));
#4504 = LINE('',#4505,#4506);
#4505 = CARTESIAN_POINT('',(40.5,0.,0.));
#4506 = VECTOR('',#4507,1.);
#4507 = DIRECTION('',(0.,0.,1.));
#4508 = ORIENTED_EDGE('',*,*,#4509,.T.);
#4509 = EDGE_CURVE('',#4502,#4502,#4510,.T.);
#4510 = CIRCLE('',#4511,3.);
#4511 = AXIS2_PLACEMENT_3D('',#4512,#4513,#4514);
#4512 = CARTESIAN_POINT('',(37.5,0.,2.));
#4513 = DIRECTION('',(0.,0.,1.));
#4514 = DIRECTION('',(1.,0.,0.));
#4515 = ORIENTED_EDGE('',*,*,#4501,.F.);
#4516 = ORIENTED_EDGE('',*,*,#4148,.F.);
#4517 = CYLINDRICAL_SURFACE('',#4518,3.);
#4518 = AXIS2_PLACEMENT_3D('',#4519,#4520,#4521);
#4519 = CARTESIAN_POINT('',(37.5,0.,0.));
#4520 = DIRECTION('',(-0.,-0.,-1.));
#4521 = DIRECTION('',(1.,0.,0.));
#4522 = ADVANCED_FACE('',(#4523),#4542,.F.);
#4523 = FACE_BOUND('',#4524,.T.);
#4524 = EDGE_LOOP('',(#4525,#4533,#4540,#4541));
#4525 = ORIENTED_EDGE('',*,*,#4526,.T.);
#4526 = EDGE_CURVE('',#4160,#4527,#4529,.T.);
#4527 = VERTEX_POINT('',#4528);
#4528 = CARTESIAN_POINT('',(-34.5,14.09116,2.));
#4529 = LINE('',#4530,#4531);
#4530 = CARTESIAN_POINT('',(-34.5,14.09116,0.));
#4531 = VECTOR('',#4532,1.);
#4532 = DIRECTION('',(0.,0.,1.));
#4533 = ORIENTED_EDGE('',*,*,#4534,.T.);
#4534 = EDGE_CURVE('',#4527,#4527,#4535,.T.);
#4535 = CIRCLE('',#4536,3.);
#4536 = AXIS2_PLACEMENT_3D('',#4537,#4538,#4539);
#4537 = CARTESIAN_POINT('',(-37.5,14.09116,2.));
#4538 = DIRECTION('',(0.,0.,1.));
#4539 = DIRECTION('',(1.,0.,0.));
#4540 = ORIENTED_EDGE('',*,*,#4526,.F.);
#4541 = ORIENTED_EDGE('',*,*,#4159,.F.);
#4542 = CYLINDRICAL_SURFACE('',#4543,3.);
#4543 = AXIS2_PLACEMENT_3D('',#4544,#4545,#4546);
#4544 = CARTESIAN_POINT('',(-37.5,14.09116,0.));
#4545 = DIRECTION('',(-0.,-0.,-1.));
#4546 = DIRECTION('',(1.,0.,0.));
#4547 = ADVANCED_FACE('',(#4548),#4567,.F.);
#4548 = FACE_BOUND('',#4549,.T.);
#4549 = EDGE_LOOP('',(#4550,#4558,#4565,#4566));
#4550 = ORIENTED_EDGE('',*,*,#4551,.T.);
#4551 = EDGE_CURVE('',#4171,#4552,#4554,.T.);
#4552 = VERTEX_POINT('',#4553);
#4553 = CARTESIAN_POINT('',(-34.5,28.008329,2.));
#4554 = LINE('',#4555,#4556);
#4555 = CARTESIAN_POINT('',(-34.5,28.008329,0.));
#4556 = VECTOR('',#4557,1.);
#4557 = DIRECTION('',(0.,0.,1.));
#4558 = ORIENTED_EDGE('',*,*,#4559,.T.);
#4559 = EDGE_CURVE('',#4552,#4552,#4560,.T.);
#4560 = CIRCLE('',#4561,3.);
#4561 = AXIS2_PLACEMENT_3D('',#4562,#4563,#4564);
#4562 = CARTESIAN_POINT('',(-37.5,28.008329,2.));
#4563 = DIRECTION('',(0.,0.,1.));
#4564 = DIRECTION('',(1.,0.,0.));
#4565 = ORIENTED_EDGE('',*,*,#4551,.F.);
#4566 = ORIENTED_EDGE('',*,*,#4170,.F.);
#4567 = CYLINDRICAL_SURFACE('',#4568,3.);
#4568 = AXIS2_PLACEMENT_3D('',#4569,#4570,#4571);
#4569 = CARTESIAN_POINT('',(-37.5,28.008329,0.));
#4570 = DIRECTION('',(-0.,-0.,-1.));
#4571 = DIRECTION('',(1.,0.,0.));
#4572 = ADVANCED_FACE('',(#4573),#4592,.F.);
#4573 = FACE_BOUND('',#4574,.T.);
#4574 = EDGE_LOOP('',(#4575,#4583,#4590,#4591));
#4575 = ORIENTED_EDGE('',*,*,#4576,.T.);
#4576 = EDGE_CURVE('',#4182,#4577,#4579,.T.);
#4577 = VERTEX_POINT('',#4578);
#4578 = CARTESIAN_POINT('',(40.5,14.09116,2.));
#4579 = LINE('',#4580,#4581);
#4580 = CARTESIAN_POINT('',(40.5,14.09116,0.));
#4581 = VECTOR('',#4582,1.);
#4582 = DIRECTION('',(0.,0.,1.));
#4583 = ORIENTED_EDGE('',*,*,#4584,.T.);
#4584 = EDGE_CURVE('',#4577,#4577,#4585,.T.);
#4585 = CIRCLE('',#4586,3.);
#4586 = AXIS2_PLACEMENT_3D('',#4587,#4588,#4589);
#4587 = CARTESIAN_POINT('',(37.5,14.09116,2.));
#4588 = DIRECTION('',(0.,0.,1.));
#4589 = DIRECTION('',(1.,0.,0.));
#4590 = ORIENTED_EDGE('',*,*,#4576,.F.);
#4591 = ORIENTED_EDGE('',*,*,#4181,.F.);
#4592 = CYLINDRICAL_SURFACE('',#4593,3.);
#4593 = AXIS2_PLACEMENT_3D('',#4594,#4595,#4596);
#4594 = CARTESIAN_POINT('',(37.5,14.09116,0.));
#4595 = DIRECTION('',(-0.,-0.,-1.));
#4596 = DIRECTION('',(1.,0.,0.));
#4597 = ADVANCED_FACE('',(#4598),#4617,.F.);
#4598 = FACE_BOUND('',#4599,.T.);
#4599 = EDGE_LOOP('',(#4600,#4608,#4615,#4616));
#4600 = ORIENTED_EDGE('',*,*,#4601,.T.);
#4601 = EDGE_CURVE('',#4193,#4602,#4604,.T.);
#4602 = VERTEX_POINT('',#4603);
#4603 = CARTESIAN_POINT('',(40.5,28.008329,2.));
#4604 = LINE('',#4605,#4606);
#4605 = CARTESIAN_POINT('',(40.5,28.008329,0.));
#4606 = VECTOR('',#4607,1.);
#4607 = DIRECTION('',(0.,0.,1.));
#4608 = ORIENTED_EDGE('',*,*,#4609,.T.);
#4609 = EDGE_CURVE('',#4602,#4602,#4610,.T.);
#4610 = CIRCLE('',#4611,3.);
#4611 = AXIS2_PLACEMENT_3D('',#4612,#4613,#4614);
#4612 = CARTESIAN_POINT('',(37.5,28.008329,2.));
#4613 = DIRECTION('',(0.,0.,1.));
#4614 = DIRECTION('',(1.,0.,0.));
#4615 = ORIENTED_EDGE('',*,*,#4601,.F.);
#4616 = ORIENTED_EDGE('',*,*,#4192,.F.);
#4617 = CYLINDRICAL_SURFACE('',#4618,3.);
#4618 = AXIS2_PLACEMENT_3D('',#4619,#4620,#4621);
#4619 = CARTESIAN_POINT('',(37.5,28.008329,0.));
#4620 = DIRECTION('',(-0.,-0.,-1.));
#4621 = DIRECTION('',(1.,0.,0.));
#4622 = ADVANCED_FACE('',(#4623),#4642,.F.);
#4623 = FACE_BOUND('',#4624,.T.);
#4624 = EDGE_LOOP('',(#4625,#4634,#4640,#4641));
#4625 = ORIENTED_EDGE('',*,*,#4626,.F.);
#4626 = EDGE_CURVE('',#4627,#4627,#4629,.T.);
#4627 = VERTEX_POINT('',#4628);
#4628 = CARTESIAN_POINT('',(-35.25,0.,2.));
#4629 = CIRCLE('',#4630,2.25);
#4630 = AXIS2_PLACEMENT_3D('',#4631,#4632,#4633);
#4631 = CARTESIAN_POINT('',(-37.5,0.,2.));
#4632 = DIRECTION('',(0.,0.,1.));
#4633 = DIRECTION('',(1.,0.,0.));
#4634 = ORIENTED_EDGE('',*,*,#4635,.T.);
#4635 = EDGE_CURVE('',#4627,#4253,#4636,.T.);
#4636 = LINE('',#4637,#4638);
#4637 = CARTESIAN_POINT('',(-35.25,0.,0.));
#4638 = VECTOR('',#4639,1.);
#4639 = DIRECTION('',(0.,0.,1.));
#4640 = ORIENTED_EDGE('',*,*,#4252,.T.);
#4641 = ORIENTED_EDGE('',*,*,#4635,.F.);
#4642 = CYLINDRICAL_SURFACE('',#4643,2.25);
#4643 = AXIS2_PLACEMENT_3D('',#4644,#4645,#4646);
#4644 = CARTESIAN_POINT('',(-37.5,0.,0.));
#4645 = DIRECTION('',(-0.,-0.,-1.));
#4646 = DIRECTION('',(1.,0.,0.));
#4647 = ADVANCED_FACE('',(#4648),#4667,.F.);
#4648 = FACE_BOUND('',#4649,.T.);
#4649 = EDGE_LOOP('',(#4650,#4659,#4665,#4666));
#4650 = ORIENTED_EDGE('',*,*,#4651,.F.);
#4651 = EDGE_CURVE('',#4652,#4652,#4654,.T.);
#4652 = VERTEX_POINT('',#4653);
#4653 = CARTESIAN_POINT('',(39.75,0.,2.));
#4654 = CIRCLE('',#4655,2.25);
#4655 = AXIS2_PLACEMENT_3D('',#4656,#4657,#4658);
#4656 = CARTESIAN_POINT('',(37.5,0.,2.));
#4657 = DIRECTION('',(0.,0.,1.));
#4658 = DIRECTION('',(1.,0.,0.));
#4659 = ORIENTED_EDGE('',*,*,#4660,.T.);
#4660 = EDGE_CURVE('',#4652,#4264,#4661,.T.);
#4661 = LINE('',#4662,#4663);
#4662 = CARTESIAN_POINT('',(39.75,0.,0.));
#4663 = VECTOR('',#4664,1.);
#4664 = DIRECTION('',(0.,0.,1.));
#4665 = ORIENTED_EDGE('',*,*,#4263,.T.);
#4666 = ORIENTED_EDGE('',*,*,#4660,.F.);
#4667 = CYLINDRICAL_SURFACE('',#4668,2.25);
#4668 = AXIS2_PLACEMENT_3D('',#4669,#4670,#4671);
#4669 = CARTESIAN_POINT('',(37.5,0.,0.));
#4670 = DIRECTION('',(-0.,-0.,-1.));
#4671 = DIRECTION('',(1.,0.,0.));
#4672 = ADVANCED_FACE('',(#4673),#4692,.F.);
#4673 = FACE_BOUND('',#4674,.T.);
#4674 = EDGE_LOOP('',(#4675,#4684,#4690,#4691));
#4675 = ORIENTED_EDGE('',*,*,#4676,.F.);
#4676 = EDGE_CURVE('',#4677,#4677,#4679,.T.);
#4677 = VERTEX_POINT('',#4678);
#4678 = CARTESIAN_POINT('',(-35.25,14.09116,2.));
#4679 = CIRCLE('',#4680,2.25);
#4680 = AXIS2_PLACEMENT_3D('',#4681,#4682,#4683);
#4681 = CARTESIAN_POINT('',(-37.5,14.09116,2.));
#4682 = DIRECTION('',(0.,0.,1.));
#4683 = DIRECTION('',(1.,0.,0.));
#4684 = ORIENTED_EDGE('',*,*,#4685,.T.);
#4685 = EDGE_CURVE('',#4677,#4275,#4686,.T.);
#4686 = LINE('',#4687,#4688);
#4687 = CARTESIAN_POINT('',(-35.25,14.09116,0.));
#4688 = VECTOR('',#4689,1.);
#4689 = DIRECTION('',(0.,0.,1.));
#4690 = ORIENTED_EDGE('',*,*,#4274,.T.);
#4691 = ORIENTED_EDGE('',*,*,#4685,.F.);
#4692 = CYLINDRICAL_SURFACE('',#4693,2.25);
#4693 = AXIS2_PLACEMENT_3D('',#4694,#4695,#4696);
#4694 = CARTESIAN_POINT('',(-37.5,14.09116,0.));
#4695 = DIRECTION('',(-0.,-0.,-1.));
#4696 = DIRECTION('',(1.,0.,0.));
#4697 = ADVANCED_FACE('',(#4698),#4717,.F.);
#4698 = FACE_BOUND('',#4699,.T.);
#4699 = EDGE_LOOP('',(#4700,#4709,#4715,#4716));
#4700 = ORIENTED_EDGE('',*,*,#4701,.F.);
#4701 = EDGE_CURVE('',#4702,#4702,#4704,.T.);
#4702 = VERTEX_POINT('',#4703);
#4703 = CARTESIAN_POINT('',(39.75,14.09116,2.));
#4704 = CIRCLE('',#4705,2.25);
#4705 = AXIS2_PLACEMENT_3D('',#4706,#4707,#4708);
#4706 = CARTESIAN_POINT('',(37.5,14.09116,2.));
#4707 = DIRECTION('',(0.,0.,1.));
#4708 = DIRECTION('',(1.,0.,0.));
#4709 = ORIENTED_EDGE('',*,*,#4710,.T.);
#4710 = EDGE_CURVE('',#4702,#4286,#4711,.T.);
#4711 = LINE('',#4712,#4713);
#4712 = CARTESIAN_POINT('',(39.75,14.09116,0.));
#4713 = VECTOR('',#4714,1.);
#4714 = DIRECTION('',(0.,0.,1.));
#4715 = ORIENTED_EDGE('',*,*,#4285,.T.);
#4716 = ORIENTED_EDGE('',*,*,#4710,.F.);
#4717 = CYLINDRICAL_SURFACE('',#4718,2.25);
#4718 = AXIS2_PLACEMENT_3D('',#4719,#4720,#4721);
#4719 = CARTESIAN_POINT('',(37.5,14.09116,0.));
#4720 = DIRECTION('',(-0.,-0.,-1.));
#4721 = DIRECTION('',(1.,0.,0.));
#4722 = ADVANCED_FACE('',(#4723),#4742,.F.);
#4723 = FACE_BOUND('',#4724,.T.);
#4724 = EDGE_LOOP('',(#4725,#4734,#4740,#4741));
#4725 = ORIENTED_EDGE('',*,*,#4726,.F.);
#4726 = EDGE_CURVE('',#4727,#4727,#4729,.T.);
#4727 = VERTEX_POINT('',#4728);
#4728 = CARTESIAN_POINT('',(-35.25,-15.058182,2.));
#4729 = CIRCLE('',#4730,2.25);
#4730 = AXIS2_PLACEMENT_3D('',#4731,#4732,#4733);
#4731 = CARTESIAN_POINT('',(-37.5,-15.058182,2.));
#4732 = DIRECTION('',(0.,0.,1.));
#4733 = DIRECTION('',(1.,0.,0.));
#4734 = ORIENTED_EDGE('',*,*,#4735,.T.);
#4735 = EDGE_CURVE('',#4727,#4297,#4736,.T.);
#4736 = LINE('',#4737,#4738);
#4737 = CARTESIAN_POINT('',(-35.25,-15.058182,0.));
#4738 = VECTOR('',#4739,1.);
#4739 = DIRECTION('',(0.,0.,1.));
#4740 = ORIENTED_EDGE('',*,*,#4296,.T.);
#4741 = ORIENTED_EDGE('',*,*,#4735,.F.);
#4742 = CYLINDRICAL_SURFACE('',#4743,2.25);
#4743 = AXIS2_PLACEMENT_3D('',#4744,#4745,#4746);
#4744 = CARTESIAN_POINT('',(-37.5,-15.058182,0.));
#4745 = DIRECTION('',(-0.,-0.,-1.));
#4746 = DIRECTION('',(1.,0.,0.));
#4747 = ADVANCED_FACE('',(#4748),#4767,.F.);
#4748 = FACE_BOUND('',#4749,.T.);
#4749 = EDGE_LOOP('',(#4750,#4759,#4765,#4766));
#4750 = ORIENTED_EDGE('',*,*,#4751,.F.);
#4751 = EDGE_CURVE('',#4752,#4752,#4754,.T.);
#4752 = VERTEX_POINT('',#4753);
#4753 = CARTESIAN_POINT('',(39.75,-15.058182,2.));
#4754 = CIRCLE('',#4755,2.25);
#4755 = AXIS2_PLACEMENT_3D('',#4756,#4757,#4758);
#4756 = CARTESIAN_POINT('',(37.5,-15.058182,2.));
#4757 = DIRECTION('',(0.,0.,1.));
#4758 = DIRECTION('',(1.,0.,0.));
#4759 = ORIENTED_EDGE('',*,*,#4760,.T.);
#4760 = EDGE_CURVE('',#4752,#4308,#4761,.T.);
#4761 = LINE('',#4762,#4763);
#4762 = CARTESIAN_POINT('',(39.75,-15.058182,0.));
#4763 = VECTOR('',#4764,1.);
#4764 = DIRECTION('',(0.,0.,1.));
#4765 = ORIENTED_EDGE('',*,*,#4307,.T.);
#4766 = ORIENTED_EDGE('',*,*,#4760,.F.);
#4767 = CYLINDRICAL_SURFACE('',#4768,2.25);
#4768 = AXIS2_PLACEMENT_3D('',#4769,#4770,#4771);
#4769 = CARTESIAN_POINT('',(37.5,-15.058182,0.));
#4770 = DIRECTION('',(-0.,-0.,-1.));
#4771 = DIRECTION('',(1.,0.,0.));
#4772 = ADVANCED_FACE('',(#4773),#4792,.F.);
#4773 = FACE_BOUND('',#4774,.T.);
#4774 = EDGE_LOOP('',(#4775,#4784,#4790,#4791));
#4775 = ORIENTED_EDGE('',*,*,#4776,.F.);
#4776 = EDGE_CURVE('',#4777,#4777,#4779,.T.);
#4777 = VERTEX_POINT('',#4778);
#4778 = CARTESIAN_POINT('',(-35.25,28.008329,2.));
#4779 = CIRCLE('',#4780,2.25);
#4780 = AXIS2_PLACEMENT_3D('',#4781,#4782,#4783);
#4781 = CARTESIAN_POINT('',(-37.5,28.008329,2.));
#4782 = DIRECTION('',(0.,0.,1.));
#4783 = DIRECTION('',(1.,0.,0.));
#4784 = ORIENTED_EDGE('',*,*,#4785,.T.);
#4785 = EDGE_CURVE('',#4777,#4319,#4786,.T.);
#4786 = LINE('',#4787,#4788);
#4787 = CARTESIAN_POINT('',(-35.25,28.008329,0.));
#4788 = VECTOR('',#4789,1.);
#4789 = DIRECTION('',(0.,0.,1.));
#4790 = ORIENTED_EDGE('',*,*,#4318,.T.);
#4791 = ORIENTED_EDGE('',*,*,#4785,.F.);
#4792 = CYLINDRICAL_SURFACE('',#4793,2.25);
#4793 = AXIS2_PLACEMENT_3D('',#4794,#4795,#4796);
#4794 = CARTESIAN_POINT('',(-37.5,28.008329,0.));
#4795 = DIRECTION('',(-0.,-0.,-1.));
#4796 = DIRECTION('',(1.,0.,0.));
#4797 = ADVANCED_FACE('',(#4798),#4817,.F.);
#4798 = FACE_BOUND('',#4799,.T.);
#4799 = EDGE_LOOP('',(#4800,#4809,#4815,#4816));
#4800 = ORIENTED_EDGE('',*,*,#4801,.F.);
#4801 = EDGE_CURVE('',#4802,#4802,#4804,.T.);
#4802 = VERTEX_POINT('',#4803);
#4803 = CARTESIAN_POINT('',(39.75,28.008329,2.));
#4804 = CIRCLE('',#4805,2.25);
#4805 = AXIS2_PLACEMENT_3D('',#4806,#4807,#4808);
#4806 = CARTESIAN_POINT('',(37.5,28.008329,2.));
#4807 = DIRECTION('',(0.,0.,1.));
#4808 = DIRECTION('',(1.,0.,0.));
#4809 = ORIENTED_EDGE('',*,*,#4810,.T.);
#4810 = EDGE_CURVE('',#4802,#4330,#4811,.T.);
#4811 = LINE('',#4812,#4813);
#4812 = CARTESIAN_POINT('',(39.75,28.008329,0.));
#4813 = VECTOR('',#4814,1.);
#4814 = DIRECTION('',(0.,0.,1.));
#4815 = ORIENTED_EDGE('',*,*,#4329,.T.);
#4816 = ORIENTED_EDGE('',*,*,#4810,.F.);
#4817 = CYLINDRICAL_SURFACE('',#4818,2.25);
#4818 = AXIS2_PLACEMENT_3D('',#4819,#4820,#4821);
#4819 = CARTESIAN_POINT('',(37.5,28.008329,0.));
#4820 = DIRECTION('',(-0.,-0.,-1.));
#4821 = DIRECTION('',(1.,0.,0.));
#4822 = ADVANCED_FACE('',(#4823,#4826),#4829,.F.);
#4823 = FACE_BOUND('',#4824,.F.);
#4824 = EDGE_LOOP('',(#4825));
#4825 = ORIENTED_EDGE('',*,*,#4434,.T.);
#4826 = FACE_BOUND('',#4827,.T.);
#4827 = EDGE_LOOP('',(#4828));
#4828 = ORIENTED_EDGE('',*,*,#4726,.T.);
#4829 = PLANE('',#4830);
#4830 = AXIS2_PLACEMENT_3D('',#4831,#4832,#4833);
#4831 = CARTESIAN_POINT('',(-1.3E-16,6.76032675,2.));
#4832 = DIRECTION('',(0.,0.,1.));
#4833 = DIRECTION('',(1.,0.,0.));
#4834 = ADVANCED_FACE('',(#4835,#4838),#4841,.F.);
#4835 = FACE_BOUND('',#4836,.F.);
#4836 = EDGE_LOOP('',(#4837));
#4837 = ORIENTED_EDGE('',*,*,#4459,.T.);
#4838 = FACE_BOUND('',#4839,.T.);
#4839 = EDGE_LOOP('',(#4840));
#4840 = ORIENTED_EDGE('',*,*,#4626,.T.);
#4841 = PLANE('',#4842);
#4842 = AXIS2_PLACEMENT_3D('',#4843,#4844,#4845);
#4843 = CARTESIAN_POINT('',(-1.3E-16,6.76032675,2.));
#4844 = DIRECTION('',(0.,0.,1.));
#4845 = DIRECTION('',(1.,0.,0.));
#4846 = ADVANCED_FACE('',(#4847,#4850),#4853,.F.);
#4847 = FACE_BOUND('',#4848,.F.);
#4848 = EDGE_LOOP('',(#4849));
#4849 = ORIENTED_EDGE('',*,*,#4484,.T.);
#4850 = FACE_BOUND('',#4851,.T.);
#4851 = EDGE_LOOP('',(#4852));
#4852 = ORIENTED_EDGE('',*,*,#4751,.T.);
#4853 = PLANE('',#4854);
#4854 = AXIS2_PLACEMENT_3D('',#4855,#4856,#4857);
#4855 = CARTESIAN_POINT('',(-1.3E-16,6.76032675,2.));
#4856 = DIRECTION('',(0.,0.,1.));
#4857 = DIRECTION('',(1.,0.,0.));
#4858 = ADVANCED_FACE('',(#4859,#4862),#4865,.F.);
#4859 = FACE_BOUND('',#4860,.F.);
#4860 = EDGE_LOOP('',(#4861));
#4861 = ORIENTED_EDGE('',*,*,#4509,.T.);
#4862 = FACE_BOUND('',#4863,.T.);
#4863 = EDGE_LOOP('',(#4864));
#4864 = ORIENTED_EDGE('',*,*,#4651,.T.);
#4865 = PLANE('',#4866);
#4866 = AXIS2_PLACEMENT_3D('',#4867,#4868,#4869);
#4867 = CARTESIAN_POINT('',(-1.3E-16,6.76032675,2.));
#4868 = DIRECTION('',(0.,0.,1.));
#4869 = DIRECTION('',(1.,0.,0.));
#4870 = ADVANCED_FACE('',(#4871,#4874),#4877,.F.);
#4871 = FACE_BOUND('',#4872,.F.);
#4872 = EDGE_LOOP('',(#4873));
#4873 = ORIENTED_EDGE('',*,*,#4534,.T.);
#4874 = FACE_BOUND('',#4875,.T.);
#4875 = EDGE_LOOP('',(#4876));
#4876 = ORIENTED_EDGE('',*,*,#4676,.T.);
#4877 = PLANE('',#4878);
#4878 = AXIS2_PLACEMENT_3D('',#4879,#4880,#4881);
#4879 = CARTESIAN_POINT('',(-1.3E-16,6.76032675,2.));
#4880 = DIRECTION('',(0.,0.,1.));
#4881 = DIRECTION('',(1.,0.,0.));
#4882 = ADVANCED_FACE('',(#4883,#4886),#4889,.F.);
#4883 = FACE_BOUND('',#4884,.F.);
#4884 = EDGE_LOOP('',(#4885));
#4885 = ORIENTED_EDGE('',*,*,#4559,.T.);
#4886 = FACE_BOUND('',#4887,.T.);
#4887 = EDGE_LOOP('',(#4888));
#4888 = ORIENTED_EDGE('',*,*,#4776,.T.);
#4889 = PLANE('',#4890);
#4890 = AXIS2_PLACEMENT_3D('',#4891,#4892,#4893);
#4891 = CARTESIAN_POINT('',(-1.3E-16,6.76032675,2.));
#4892 = DIRECTION('',(0.,0.,1.));
#4893 = DIRECTION('',(1.,0.,0.));
#4894 = ADVANCED_FACE('',(#4895,#4898),#4901,.F.);
#4895 = FACE_BOUND('',#4896,.F.);
#4896 = EDGE_LOOP('',(#4897));
#4897 = ORIENTED_EDGE('',*,*,#4584,.T.);
#4898 = FACE_BOUND('',#4899,.T.);
#4899 = EDGE_LOOP('',(#4900));
#4900 = ORIENTED_EDGE('',*,*,#4701,.T.);
#4901 = PLANE('',#4902);
#4902 = AXIS2_PLACEMENT_3D('',#4903,#4904,#4905);
#4903 = CARTESIAN_POINT('',(-1.3E-16,6.76032675,2.));
#4904 = DIRECTION('',(0.,0.,1.));
#4905 = DIRECTION('',(1.,0.,0.));
#4906 = ADVANCED_FACE('',(#4907,#4910),#4913,.F.);
#4907 = FACE_BOUND('',#4908,.F.);
#4908 = EDGE_LOOP('',(#4909));
#4909 = ORIENTED_EDGE('',*,*,#4609,.T.);
#4910 = FACE_BOUND('',#4911,.T.);
#4911 = EDGE_LOOP('',(#4912));
#4912 = ORIENTED_EDGE('',*,*,#4801,.T.);
#4913 = PLANE('',#4914);
#4914 = AXIS2_PLACEMENT_3D('',#4915,#4916,#4917);
#4915 = CARTESIAN_POINT('',(-1.3E-16,6.76032675,2.));
#4916 = DIRECTION('',(0.,0.,1.));
#4917 = DIRECTION('',(1.,0.,0.));
#4918 = ( GEOMETRIC_REPRESENTATION_CONTEXT(3) 
GLOBAL_UNCERTAINTY_ASSIGNED_CONTEXT((#4922)) 
GLOBAL_UNIT_ASSIGNED_CONTEXT((#4919,#4920,#4921)) REPRESENTATION_CONTEXT
('Context #1','3D Context with UNIT and UNCERTAINTY') );
#4919 = ( LENGTH_UNIT() NAMED_UNIT(*) SI_UNIT(.MILLI.,.METRE.) );
#4920 = ( NAMED_UNIT(*) PLANE_ANGLE_UNIT() SI_UNIT($,.RADIAN.) );
#4921 = ( NAMED_UNIT(*) SI_UNIT($,.STERADIAN.) SOLID_ANGLE_UNIT() );
#4922 = UNCERTAINTY_MEASURE_WITH_UNIT(LENGTH_MEASURE(1.E-07),#4919,
  'distance_accuracy_value','confusion accuracy');
#4923 = CONTEXT_DEPENDENT_SHAPE_REPRESENTATION(#4924,#4926);
#4924 = ( REPRESENTATION_RELATIONSHIP('','',#3963,#10) 
REPRESENTATION_RELATIONSHIP_WITH_TRANSFORMATION(#4925) 
SHAPE_REPRESENTATION_RELATIONSHIP() );
#4925 = ITEM_DEFINED_TRANSFORMATION('','',#11,#55);
#4926 = PRODUCT_DEFINITION_SHAPE('Placement','Placement of an item',
  #4927);
#4927 = NEXT_ASSEMBLY_USAGE_OCCURRENCE('256','Pocket','',#5,#3958,$);
#4928 = PRODUCT_RELATED_PRODUCT_CATEGORY('part',$,(#3960));
#4929 = SHAPE_DEFINITION_REPRESENTATION(#4930,#4936);
#4930 = PRODUCT_DEFINITION_SHAPE('','',#4931);
#4931 = PRODUCT_DEFINITION('design','',#4932,#4935);
#4932 = PRODUCT_DEFINITION_FORMATION('','',#4933);
#4933 = PRODUCT('Sketch002','Sketch002','',(#4934));
#4934 = PRODUCT_CONTEXT('',#2,'mechanical');
#4935 = PRODUCT_DEFINITION_CONTEXT('part definition',#2,'design');
#4936 = GEOMETRICALLY_BOUNDED_WIREFRAME_SHAPE_REPRESENTATION('',(#11,
    #4937),#4966);
#4937 = GEOMETRIC_CURVE_SET('',(#4938,#4945,#4952,#4959));
#4938 = TRIMMED_CURVE('',#4939,(#4943,PARAMETER_VALUE(0.)),(#4944,
    PARAMETER_VALUE(100.)),.T.,.PARAMETER.);
#4939 = LINE('',#4940,#4941);
#4940 = CARTESIAN_POINT('',(-30.,-3.4E-15,0.));
#4941 = VECTOR('',#4942,1.);
#4942 = DIRECTION('',(0.,-1.,0.));
#4943 = CARTESIAN_POINT('',(-30.,-3.E-15,0.));
#4944 = CARTESIAN_POINT('',(-30.,-100.,0.));
#4945 = TRIMMED_CURVE('',#4946,(#4950,PARAMETER_VALUE(0.)),(#4951,
    PARAMETER_VALUE(10.)),.T.,.PARAMETER.);
#4946 = LINE('',#4947,#4948);
#4947 = CARTESIAN_POINT('',(-30.,-100.,0.));
#4948 = VECTOR('',#4949,1.);
#4949 = DIRECTION('',(1.,0.,0.));
#4950 = CARTESIAN_POINT('',(-30.,-100.,0.));
#4951 = CARTESIAN_POINT('',(-20.,-100.,0.));
#4952 = TRIMMED_CURVE('',#4953,(#4957,PARAMETER_VALUE(0.)),(#4958,
    PARAMETER_VALUE(100.)),.T.,.PARAMETER.);
#4953 = LINE('',#4954,#4955);
#4954 = CARTESIAN_POINT('',(-20.,-100.,0.));
#4955 = VECTOR('',#4956,1.);
#4956 = DIRECTION('',(0.,1.,0.));
#4957 = CARTESIAN_POINT('',(-20.,-100.,0.));
#4958 = CARTESIAN_POINT('',(-20.,0.,0.));
#4959 = TRIMMED_CURVE('',#4960,(#4964,PARAMETER_VALUE(0.)),(#4965,
    PARAMETER_VALUE(10.)),.T.,.PARAMETER.);
#4960 = LINE('',#4961,#4962);
#4961 = CARTESIAN_POINT('',(-20.,0.,0.));
#4962 = VECTOR('',#4963,1.);
#4963 = DIRECTION('',(-1.,-3.4E-16,0.));
#4964 = CARTESIAN_POINT('',(-20.,0.,0.));
#4965 = CARTESIAN_POINT('',(-30.,-3.E-15,0.));
#4966 = ( GEOMETRIC_REPRESENTATION_CONTEXT(3) 
GLOBAL_UNCERTAINTY_ASSIGNED_CONTEXT((#4970)) 
GLOBAL_UNIT_ASSIGNED_CONTEXT((#4967,#4968,#4969)) REPRESENTATION_CONTEXT
('Context #1','3D Context with UNIT and UNCERTAINTY') );
#4967 = ( LENGTH_UNIT() NAMED_UNIT(*) SI_UNIT(.MILLI.,.METRE.) );
#4968 = ( NAMED_UNIT(*) PLANE_ANGLE_UNIT() SI_UNIT($,.RADIAN.) );
#4969 = ( NAMED_UNIT(*) SI_UNIT($,.STERADIAN.) SOLID_ANGLE_UNIT() );
#4970 = UNCERTAINTY_MEASURE_WITH_UNIT(LENGTH_MEASURE(1.E-07),#4967,
  'distance_accuracy_value','confusion accuracy');
#4971 = CONTEXT_DEPENDENT_SHAPE_REPRESENTATION(#4972,#4974);
#4972 = ( REPRESENTATION_RELATIONSHIP('','',#4936,#10) 
REPRESENTATION_RELATIONSHIP_WITH_TRANSFORMATION(#4973) 
SHAPE_REPRESENTATION_RELATIONSHIP() );
#4973 = ITEM_DEFINED_TRANSFORMATION('','',#11,#59);
#4974 = PRODUCT_DEFINITION_SHAPE('Placement','Placement of an item',
  #4975);
#4975 = NEXT_ASSEMBLY_USAGE_OCCURRENCE('257','Sketch002','',#5,#4931,$);
#4976 = PRODUCT_RELATED_PRODUCT_CATEGORY('part',$,(#4933));
#4977 = SHAPE_DEFINITION_REPRESENTATION(#4978,#4984);
#4978 = PRODUCT_DEFINITION_SHAPE('','',#4979);
#4979 = PRODUCT_DEFINITION('design','',#4980,#4983);
#4980 = PRODUCT_DEFINITION_FORMATION('','',#4981);
#4981 = PRODUCT('Pad001','Pad001','',(#4982));
#4982 = PRODUCT_CONTEXT('',#2,'mechanical');
#4983 = PRODUCT_DEFINITION_CONTEXT('part definition',#2,'design');
#4984 = ADVANCED_BREP_SHAPE_REPRESENTATION('',(#11,#4985),#6005);
#4985 = MANIFOLD_SOLID_BREP('',#4986);
#4986 = CLOSED_SHELL('',(#4987,#5027,#5178,#5329,#5346,#5363,#5380,#5397
    ,#5428,#5453,#5478,#5503,#5528,#5553,#5578,#5603,#5628,#5659,#5684,
    #5709,#5734,#5759,#5784,#5809,#5834,#5859,#5871,#5883,#5895,#5907,
    #5919,#5931,#5943,#5955,#5974,#5991));
#4987 = ADVANCED_FACE('',(#4988),#5022,.F.);
#4988 = FACE_BOUND('',#4989,.F.);
#4989 = EDGE_LOOP('',(#4990,#5000,#5008,#5016));
#4990 = ORIENTED_EDGE('',*,*,#4991,.T.);
#4991 = EDGE_CURVE('',#4992,#4994,#4996,.T.);
#4992 = VERTEX_POINT('',#4993);
#4993 = CARTESIAN_POINT('',(-17.5,40.,0.));
#4994 = VERTEX_POINT('',#4995);
#4995 = CARTESIAN_POINT('',(-17.5,40.,5.));
#4996 = LINE('',#4997,#4998);
#4997 = CARTESIAN_POINT('',(-17.5,40.,0.));
#4998 = VECTOR('',#4999,1.);
#4999 = DIRECTION('',(0.,0.,1.));
#5000 = ORIENTED_EDGE('',*,*,#5001,.T.);
#5001 = EDGE_CURVE('',#4994,#5002,#5004,.T.);
#5002 = VERTEX_POINT('',#5003);
#5003 = CARTESIAN_POINT('',(-55.,40.,5.));
#5004 = LINE('',#5005,#5006);
#5005 = CARTESIAN_POINT('',(-17.5,40.,5.));
#5006 = VECTOR('',#5007,1.);
#5007 = DIRECTION('',(-1.,0.,0.));
#5008 = ORIENTED_EDGE('',*,*,#5009,.F.);
#5009 = EDGE_CURVE('',#5010,#5002,#5012,.T.);
#5010 = VERTEX_POINT('',#5011);
#5011 = CARTESIAN_POINT('',(-55.,40.,0.));
#5012 = LINE('',#5013,#5014);
#5013 = CARTESIAN_POINT('',(-55.,40.,0.));
#5014 = VECTOR('',#5015,1.);
#5015 = DIRECTION('',(0.,0.,1.));
#5016 = ORIENTED_EDGE('',*,*,#5017,.F.);
#5017 = EDGE_CURVE('',#4992,#5010,#5018,.T.);
#5018 = LINE('',#5019,#5020);
#5019 = CARTESIAN_POINT('',(-17.5,40.,0.));
#5020 = VECTOR('',#5021,1.);
#5021 = DIRECTION('',(-1.,0.,0.));
#5022 = PLANE('',#5023);
#5023 = AXIS2_PLACEMENT_3D('',#5024,#5025,#5026);
#5024 = CARTESIAN_POINT('',(-17.5,40.,0.));
#5025 = DIRECTION('',(0.,-1.,0.));
#5026 = DIRECTION('',(-1.,0.,0.));
#5027 = ADVANCED_FACE('',(#5028,#5085,#5096,#5107,#5118,#5129,#5140,
    #5151,#5162),#5173,.F.);
#5028 = FACE_BOUND('',#5029,.F.);
#5029 = EDGE_LOOP('',(#5030,#5031,#5039,#5047,#5055,#5063,#5071,#5079));
#5030 = ORIENTED_EDGE('',*,*,#5017,.T.);
#5031 = ORIENTED_EDGE('',*,*,#5032,.T.);
#5032 = EDGE_CURVE('',#5010,#5033,#5035,.T.);
#5033 = VERTEX_POINT('',#5034);
#5034 = CARTESIAN_POINT('',(-55.,-20.,0.));
#5035 = LINE('',#5036,#5037);
#5036 = CARTESIAN_POINT('',(-55.,40.,0.));
#5037 = VECTOR('',#5038,1.);
#5038 = DIRECTION('',(0.,-1.,0.));
#5039 = ORIENTED_EDGE('',*,*,#5040,.F.);
#5040 = EDGE_CURVE('',#5041,#5033,#5043,.T.);
#5041 = VERTEX_POINT('',#5042);
#5042 = CARTESIAN_POINT('',(55.,-20.,0.));
#5043 = LINE('',#5044,#5045);
#5044 = CARTESIAN_POINT('',(55.,-20.,0.));
#5045 = VECTOR('',#5046,1.);
#5046 = DIRECTION('',(-1.,-0.,-0.));
#5047 = ORIENTED_EDGE('',*,*,#5048,.T.);
#5048 = EDGE_CURVE('',#5041,#5049,#5051,.T.);
#5049 = VERTEX_POINT('',#5050);
#5050 = CARTESIAN_POINT('',(55.,40.,0.));
#5051 = LINE('',#5052,#5053);
#5052 = CARTESIAN_POINT('',(55.,-30.,0.));
#5053 = VECTOR('',#5054,1.);
#5054 = DIRECTION('',(0.,1.,0.));
#5055 = ORIENTED_EDGE('',*,*,#5056,.T.);
#5056 = EDGE_CURVE('',#5049,#5057,#5059,.T.);
#5057 = VERTEX_POINT('',#5058);
#5058 = CARTESIAN_POINT('',(17.5,40.,0.));
#5059 = LINE('',#5060,#5061);
#5060 = CARTESIAN_POINT('',(55.,40.,0.));
#5061 = VECTOR('',#5062,1.);
#5062 = DIRECTION('',(-1.,0.,0.));
#5063 = ORIENTED_EDGE('',*,*,#5064,.T.);
#5064 = EDGE_CURVE('',#5057,#5065,#5067,.T.);
#5065 = VERTEX_POINT('',#5066);
#5066 = CARTESIAN_POINT('',(17.5,-9.659887,0.));
#5067 = LINE('',#5068,#5069);
#5068 = CARTESIAN_POINT('',(17.5,40.,0.));
#5069 = VECTOR('',#5070,1.);
#5070 = DIRECTION('',(0.,-1.,0.));
#5071 = ORIENTED_EDGE('',*,*,#5072,.T.);
#5072 = EDGE_CURVE('',#5065,#5073,#5075,.T.);
#5073 = VERTEX_POINT('',#5074);
#5074 = CARTESIAN_POINT('',(-17.5,-9.659887,0.));
#5075 = LINE('',#5076,#5077);
#5076 = CARTESIAN_POINT('',(17.5,-9.659887,0.));
#5077 = VECTOR('',#5078,1.);
#5078 = DIRECTION('',(-1.,1.E-16,0.));
#5079 = ORIENTED_EDGE('',*,*,#5080,.T.);
#5080 = EDGE_CURVE('',#5073,#4992,#5081,.T.);
#5081 = LINE('',#5082,#5083);
#5082 = CARTESIAN_POINT('',(-17.5,-9.659887,0.));
#5083 = VECTOR('',#5084,1.);
#5084 = DIRECTION('',(0.,1.,0.));
#5085 = FACE_BOUND('',#5086,.F.);
#5086 = EDGE_LOOP('',(#5087));
#5087 = ORIENTED_EDGE('',*,*,#5088,.F.);
#5088 = EDGE_CURVE('',#5089,#5089,#5091,.T.);
#5089 = VERTEX_POINT('',#5090);
#5090 = CARTESIAN_POINT('',(-34.5,-15.058182,0.));
#5091 = CIRCLE('',#5092,3.);
#5092 = AXIS2_PLACEMENT_3D('',#5093,#5094,#5095);
#5093 = CARTESIAN_POINT('',(-37.5,-15.058182,0.));
#5094 = DIRECTION('',(0.,0.,1.));
#5095 = DIRECTION('',(1.,0.,0.));
#5096 = FACE_BOUND('',#5097,.F.);
#5097 = EDGE_LOOP('',(#5098));
#5098 = ORIENTED_EDGE('',*,*,#5099,.F.);
#5099 = EDGE_CURVE('',#5100,#5100,#5102,.T.);
#5100 = VERTEX_POINT('',#5101);
#5101 = CARTESIAN_POINT('',(-34.5,0.,0.));
#5102 = CIRCLE('',#5103,3.);
#5103 = AXIS2_PLACEMENT_3D('',#5104,#5105,#5106);
#5104 = CARTESIAN_POINT('',(-37.5,0.,0.));
#5105 = DIRECTION('',(0.,0.,1.));
#5106 = DIRECTION('',(1.,0.,0.));
#5107 = FACE_BOUND('',#5108,.F.);
#5108 = EDGE_LOOP('',(#5109));
#5109 = ORIENTED_EDGE('',*,*,#5110,.F.);
#5110 = EDGE_CURVE('',#5111,#5111,#5113,.T.);
#5111 = VERTEX_POINT('',#5112);
#5112 = CARTESIAN_POINT('',(40.5,-15.058182,0.));
#5113 = CIRCLE('',#5114,3.);
#5114 = AXIS2_PLACEMENT_3D('',#5115,#5116,#5117);
#5115 = CARTESIAN_POINT('',(37.5,-15.058182,0.));
#5116 = DIRECTION('',(0.,0.,1.));
#5117 = DIRECTION('',(1.,0.,0.));
#5118 = FACE_BOUND('',#5119,.F.);
#5119 = EDGE_LOOP('',(#5120));
#5120 = ORIENTED_EDGE('',*,*,#5121,.F.);
#5121 = EDGE_CURVE('',#5122,#5122,#5124,.T.);
#5122 = VERTEX_POINT('',#5123);
#5123 = CARTESIAN_POINT('',(40.5,0.,0.));
#5124 = CIRCLE('',#5125,3.);
#5125 = AXIS2_PLACEMENT_3D('',#5126,#5127,#5128);
#5126 = CARTESIAN_POINT('',(37.5,0.,0.));
#5127 = DIRECTION('',(0.,0.,1.));
#5128 = DIRECTION('',(1.,0.,0.));
#5129 = FACE_BOUND('',#5130,.F.);
#5130 = EDGE_LOOP('',(#5131));
#5131 = ORIENTED_EDGE('',*,*,#5132,.F.);
#5132 = EDGE_CURVE('',#5133,#5133,#5135,.T.);
#5133 = VERTEX_POINT('',#5134);
#5134 = CARTESIAN_POINT('',(-34.5,14.09116,0.));
#5135 = CIRCLE('',#5136,3.);
#5136 = AXIS2_PLACEMENT_3D('',#5137,#5138,#5139);
#5137 = CARTESIAN_POINT('',(-37.5,14.09116,0.));
#5138 = DIRECTION('',(0.,0.,1.));
#5139 = DIRECTION('',(1.,0.,0.));
#5140 = FACE_BOUND('',#5141,.F.);
#5141 = EDGE_LOOP('',(#5142));
#5142 = ORIENTED_EDGE('',*,*,#5143,.F.);
#5143 = EDGE_CURVE('',#5144,#5144,#5146,.T.);
#5144 = VERTEX_POINT('',#5145);
#5145 = CARTESIAN_POINT('',(-34.5,28.008329,0.));
#5146 = CIRCLE('',#5147,3.);
#5147 = AXIS2_PLACEMENT_3D('',#5148,#5149,#5150);
#5148 = CARTESIAN_POINT('',(-37.5,28.008329,0.));
#5149 = DIRECTION('',(0.,0.,1.));
#5150 = DIRECTION('',(1.,0.,0.));
#5151 = FACE_BOUND('',#5152,.F.);
#5152 = EDGE_LOOP('',(#5153));
#5153 = ORIENTED_EDGE('',*,*,#5154,.F.);
#5154 = EDGE_CURVE('',#5155,#5155,#5157,.T.);
#5155 = VERTEX_POINT('',#5156);
#5156 = CARTESIAN_POINT('',(40.5,14.09116,0.));
#5157 = CIRCLE('',#5158,3.);
#5158 = AXIS2_PLACEMENT_3D('',#5159,#5160,#5161);
#5159 = CARTESIAN_POINT('',(37.5,14.09116,0.));
#5160 = DIRECTION('',(0.,0.,1.));
#5161 = DIRECTION('',(1.,0.,0.));
#5162 = FACE_BOUND('',#5163,.F.);
#5163 = EDGE_LOOP('',(#5164));
#5164 = ORIENTED_EDGE('',*,*,#5165,.F.);
#5165 = EDGE_CURVE('',#5166,#5166,#5168,.T.);
#5166 = VERTEX_POINT('',#5167);
#5167 = CARTESIAN_POINT('',(40.5,28.008329,0.));
#5168 = CIRCLE('',#5169,3.);
#5169 = AXIS2_PLACEMENT_3D('',#5170,#5171,#5172);
#5170 = CARTESIAN_POINT('',(37.5,28.008329,0.));
#5171 = DIRECTION('',(0.,0.,1.));
#5172 = DIRECTION('',(1.,0.,0.));
#5173 = PLANE('',#5174);
#5174 = AXIS2_PLACEMENT_3D('',#5175,#5176,#5177);
#5175 = CARTESIAN_POINT('',(-5.E-17,3.980983748794,0.));
#5176 = DIRECTION('',(0.,0.,1.));
#5177 = DIRECTION('',(1.,0.,0.));
#5178 = ADVANCED_FACE('',(#5179,#5236,#5247,#5258,#5269,#5280,#5291,
    #5302,#5313),#5324,.T.);
#5179 = FACE_BOUND('',#5180,.T.);
#5180 = EDGE_LOOP('',(#5181,#5189,#5197,#5205,#5213,#5221,#5229,#5235));
#5181 = ORIENTED_EDGE('',*,*,#5182,.T.);
#5182 = EDGE_CURVE('',#5002,#5183,#5185,.T.);
#5183 = VERTEX_POINT('',#5184);
#5184 = CARTESIAN_POINT('',(-55.,-30.,5.));
#5185 = LINE('',#5186,#5187);
#5186 = CARTESIAN_POINT('',(-55.,40.,5.));
#5187 = VECTOR('',#5188,1.);
#5188 = DIRECTION('',(0.,-1.,0.));
#5189 = ORIENTED_EDGE('',*,*,#5190,.T.);
#5190 = EDGE_CURVE('',#5183,#5191,#5193,.T.);
#5191 = VERTEX_POINT('',#5192);
#5192 = CARTESIAN_POINT('',(55.,-30.,5.));
#5193 = LINE('',#5194,#5195);
#5194 = CARTESIAN_POINT('',(-55.,-30.,5.));
#5195 = VECTOR('',#5196,1.);
#5196 = DIRECTION('',(1.,0.,0.));
#5197 = ORIENTED_EDGE('',*,*,#5198,.T.);
#5198 = EDGE_CURVE('',#5191,#5199,#5201,.T.);
#5199 = VERTEX_POINT('',#5200);
#5200 = CARTESIAN_POINT('',(55.,40.,5.));
#5201 = LINE('',#5202,#5203);
#5202 = CARTESIAN_POINT('',(55.,-30.,5.));
#5203 = VECTOR('',#5204,1.);
#5204 = DIRECTION('',(0.,1.,0.));
#5205 = ORIENTED_EDGE('',*,*,#5206,.T.);
#5206 = EDGE_CURVE('',#5199,#5207,#5209,.T.);
#5207 = VERTEX_POINT('',#5208);
#5208 = CARTESIAN_POINT('',(17.5,40.,5.));
#5209 = LINE('',#5210,#5211);
#5210 = CARTESIAN_POINT('',(55.,40.,5.));
#5211 = VECTOR('',#5212,1.);
#5212 = DIRECTION('',(-1.,0.,0.));
#5213 = ORIENTED_EDGE('',*,*,#5214,.T.);
#5214 = EDGE_CURVE('',#5207,#5215,#5217,.T.);
#5215 = VERTEX_POINT('',#5216);
#5216 = CARTESIAN_POINT('',(17.5,-9.659887,5.));
#5217 = LINE('',#5218,#5219);
#5218 = CARTESIAN_POINT('',(17.5,40.,5.));
#5219 = VECTOR('',#5220,1.);
#5220 = DIRECTION('',(0.,-1.,0.));
#5221 = ORIENTED_EDGE('',*,*,#5222,.T.);
#5222 = EDGE_CURVE('',#5215,#5223,#5225,.T.);
#5223 = VERTEX_POINT('',#5224);
#5224 = CARTESIAN_POINT('',(-17.5,-9.659887,5.));
#5225 = LINE('',#5226,#5227);
#5226 = CARTESIAN_POINT('',(17.5,-9.659887,5.));
#5227 = VECTOR('',#5228,1.);
#5228 = DIRECTION('',(-1.,1.E-16,0.));
#5229 = ORIENTED_EDGE('',*,*,#5230,.T.);
#5230 = EDGE_CURVE('',#5223,#4994,#5231,.T.);
#5231 = LINE('',#5232,#5233);
#5232 = CARTESIAN_POINT('',(-17.5,-9.659887,5.));
#5233 = VECTOR('',#5234,1.);
#5234 = DIRECTION('',(0.,1.,0.));
#5235 = ORIENTED_EDGE('',*,*,#5001,.T.);
#5236 = FACE_BOUND('',#5237,.F.);
#5237 = EDGE_LOOP('',(#5238));
#5238 = ORIENTED_EDGE('',*,*,#5239,.T.);
#5239 = EDGE_CURVE('',#5240,#5240,#5242,.T.);
#5240 = VERTEX_POINT('',#5241);
#5241 = CARTESIAN_POINT('',(-35.25,0.,5.));
#5242 = CIRCLE('',#5243,2.25);
#5243 = AXIS2_PLACEMENT_3D('',#5244,#5245,#5246);
#5244 = CARTESIAN_POINT('',(-37.5,0.,5.));
#5245 = DIRECTION('',(0.,0.,1.));
#5246 = DIRECTION('',(1.,0.,0.));
#5247 = FACE_BOUND('',#5248,.F.);
#5248 = EDGE_LOOP('',(#5249));
#5249 = ORIENTED_EDGE('',*,*,#5250,.T.);
#5250 = EDGE_CURVE('',#5251,#5251,#5253,.T.);
#5251 = VERTEX_POINT('',#5252);
#5252 = CARTESIAN_POINT('',(39.75,0.,5.));
#5253 = CIRCLE('',#5254,2.25);
#5254 = AXIS2_PLACEMENT_3D('',#5255,#5256,#5257);
#5255 = CARTESIAN_POINT('',(37.5,0.,5.));
#5256 = DIRECTION('',(0.,0.,1.));
#5257 = DIRECTION('',(1.,0.,0.));
#5258 = FACE_BOUND('',#5259,.F.);
#5259 = EDGE_LOOP('',(#5260));
#5260 = ORIENTED_EDGE('',*,*,#5261,.T.);
#5261 = EDGE_CURVE('',#5262,#5262,#5264,.T.);
#5262 = VERTEX_POINT('',#5263);
#5263 = CARTESIAN_POINT('',(-35.25,14.09116,5.));
#5264 = CIRCLE('',#5265,2.25);
#5265 = AXIS2_PLACEMENT_3D('',#5266,#5267,#5268);
#5266 = CARTESIAN_POINT('',(-37.5,14.09116,5.));
#5267 = DIRECTION('',(0.,0.,1.));
#5268 = DIRECTION('',(1.,0.,0.));
#5269 = FACE_BOUND('',#5270,.F.);
#5270 = EDGE_LOOP('',(#5271));
#5271 = ORIENTED_EDGE('',*,*,#5272,.T.);
#5272 = EDGE_CURVE('',#5273,#5273,#5275,.T.);
#5273 = VERTEX_POINT('',#5274);
#5274 = CARTESIAN_POINT('',(39.75,14.09116,5.));
#5275 = CIRCLE('',#5276,2.25);
#5276 = AXIS2_PLACEMENT_3D('',#5277,#5278,#5279);
#5277 = CARTESIAN_POINT('',(37.5,14.09116,5.));
#5278 = DIRECTION('',(0.,0.,1.));
#5279 = DIRECTION('',(1.,0.,0.));
#5280 = FACE_BOUND('',#5281,.F.);
#5281 = EDGE_LOOP('',(#5282));
#5282 = ORIENTED_EDGE('',*,*,#5283,.T.);
#5283 = EDGE_CURVE('',#5284,#5284,#5286,.T.);
#5284 = VERTEX_POINT('',#5285);
#5285 = CARTESIAN_POINT('',(-35.25,-15.058182,5.));
#5286 = CIRCLE('',#5287,2.25);
#5287 = AXIS2_PLACEMENT_3D('',#5288,#5289,#5290);
#5288 = CARTESIAN_POINT('',(-37.5,-15.058182,5.));
#5289 = DIRECTION('',(0.,0.,1.));
#5290 = DIRECTION('',(1.,0.,0.));
#5291 = FACE_BOUND('',#5292,.F.);
#5292 = EDGE_LOOP('',(#5293));
#5293 = ORIENTED_EDGE('',*,*,#5294,.T.);
#5294 = EDGE_CURVE('',#5295,#5295,#5297,.T.);
#5295 = VERTEX_POINT('',#5296);
#5296 = CARTESIAN_POINT('',(39.75,-15.058182,5.));
#5297 = CIRCLE('',#5298,2.25);
#5298 = AXIS2_PLACEMENT_3D('',#5299,#5300,#5301);
#5299 = CARTESIAN_POINT('',(37.5,-15.058182,5.));
#5300 = DIRECTION('',(0.,0.,1.));
#5301 = DIRECTION('',(1.,0.,0.));
#5302 = FACE_BOUND('',#5303,.F.);
#5303 = EDGE_LOOP('',(#5304));
#5304 = ORIENTED_EDGE('',*,*,#5305,.T.);
#5305 = EDGE_CURVE('',#5306,#5306,#5308,.T.);
#5306 = VERTEX_POINT('',#5307);
#5307 = CARTESIAN_POINT('',(-35.25,28.008329,5.));
#5308 = CIRCLE('',#5309,2.25);
#5309 = AXIS2_PLACEMENT_3D('',#5310,#5311,#5312);
#5310 = CARTESIAN_POINT('',(-37.5,28.008329,5.));
#5311 = DIRECTION('',(0.,0.,1.));
#5312 = DIRECTION('',(1.,0.,0.));
#5313 = FACE_BOUND('',#5314,.F.);
#5314 = EDGE_LOOP('',(#5315));
#5315 = ORIENTED_EDGE('',*,*,#5316,.T.);
#5316 = EDGE_CURVE('',#5317,#5317,#5319,.T.);
#5317 = VERTEX_POINT('',#5318);
#5318 = CARTESIAN_POINT('',(39.75,28.008329,5.));
#5319 = CIRCLE('',#5320,2.25);
#5320 = AXIS2_PLACEMENT_3D('',#5321,#5322,#5323);
#5321 = CARTESIAN_POINT('',(37.5,28.008329,5.));
#5322 = DIRECTION('',(0.,0.,1.));
#5323 = DIRECTION('',(1.,0.,0.));
#5324 = PLANE('',#5325);
#5325 = AXIS2_PLACEMENT_3D('',#5326,#5327,#5328);
#5326 = CARTESIAN_POINT('',(-5.E-17,3.980983748794,5.));
#5327 = DIRECTION('',(0.,0.,1.));
#5328 = DIRECTION('',(1.,0.,0.));
#5329 = ADVANCED_FACE('',(#5330),#5341,.F.);
#5330 = FACE_BOUND('',#5331,.F.);
#5331 = EDGE_LOOP('',(#5332,#5338,#5339,#5340));
#5332 = ORIENTED_EDGE('',*,*,#5333,.T.);
#5333 = EDGE_CURVE('',#5073,#5223,#5334,.T.);
#5334 = LINE('',#5335,#5336);
#5335 = CARTESIAN_POINT('',(-17.5,-9.659887,0.));
#5336 = VECTOR('',#5337,1.);
#5337 = DIRECTION('',(0.,0.,1.));
#5338 = ORIENTED_EDGE('',*,*,#5230,.T.);
#5339 = ORIENTED_EDGE('',*,*,#4991,.F.);
#5340 = ORIENTED_EDGE('',*,*,#5080,.F.);
#5341 = PLANE('',#5342);
#5342 = AXIS2_PLACEMENT_3D('',#5343,#5344,#5345);
#5343 = CARTESIAN_POINT('',(-17.5,-9.659887,0.));
#5344 = DIRECTION('',(-1.,0.,0.));
#5345 = DIRECTION('',(0.,1.,0.));
#5346 = ADVANCED_FACE('',(#5347),#5358,.F.);
#5347 = FACE_BOUND('',#5348,.F.);
#5348 = EDGE_LOOP('',(#5349,#5355,#5356,#5357));
#5349 = ORIENTED_EDGE('',*,*,#5350,.T.);
#5350 = EDGE_CURVE('',#5065,#5215,#5351,.T.);
#5351 = LINE('',#5352,#5353);
#5352 = CARTESIAN_POINT('',(17.5,-9.659887,0.));
#5353 = VECTOR('',#5354,1.);
#5354 = DIRECTION('',(0.,0.,1.));
#5355 = ORIENTED_EDGE('',*,*,#5222,.T.);
#5356 = ORIENTED_EDGE('',*,*,#5333,.F.);
#5357 = ORIENTED_EDGE('',*,*,#5072,.F.);
#5358 = PLANE('',#5359);
#5359 = AXIS2_PLACEMENT_3D('',#5360,#5361,#5362);
#5360 = CARTESIAN_POINT('',(17.5,-9.659887,0.));
#5361 = DIRECTION('',(-1.E-16,-1.,0.));
#5362 = DIRECTION('',(-1.,1.E-16,0.));
#5363 = ADVANCED_FACE('',(#5364),#5375,.F.);
#5364 = FACE_BOUND('',#5365,.F.);
#5365 = EDGE_LOOP('',(#5366,#5372,#5373,#5374));
#5366 = ORIENTED_EDGE('',*,*,#5367,.T.);
#5367 = EDGE_CURVE('',#5057,#5207,#5368,.T.);
#5368 = LINE('',#5369,#5370);
#5369 = CARTESIAN_POINT('',(17.5,40.,0.));
#5370 = VECTOR('',#5371,1.);
#5371 = DIRECTION('',(0.,0.,1.));
#5372 = ORIENTED_EDGE('',*,*,#5214,.T.);
#5373 = ORIENTED_EDGE('',*,*,#5350,.F.);
#5374 = ORIENTED_EDGE('',*,*,#5064,.F.);
#5375 = PLANE('',#5376);
#5376 = AXIS2_PLACEMENT_3D('',#5377,#5378,#5379);
#5377 = CARTESIAN_POINT('',(17.5,40.,0.));
#5378 = DIRECTION('',(1.,0.,0.));
#5379 = DIRECTION('',(0.,-1.,0.));
#5380 = ADVANCED_FACE('',(#5381),#5392,.F.);
#5381 = FACE_BOUND('',#5382,.F.);
#5382 = EDGE_LOOP('',(#5383,#5389,#5390,#5391));
#5383 = ORIENTED_EDGE('',*,*,#5384,.T.);
#5384 = EDGE_CURVE('',#5049,#5199,#5385,.T.);
#5385 = LINE('',#5386,#5387);
#5386 = CARTESIAN_POINT('',(55.,40.,0.));
#5387 = VECTOR('',#5388,1.);
#5388 = DIRECTION('',(0.,0.,1.));
#5389 = ORIENTED_EDGE('',*,*,#5206,.T.);
#5390 = ORIENTED_EDGE('',*,*,#5367,.F.);
#5391 = ORIENTED_EDGE('',*,*,#5056,.F.);
#5392 = PLANE('',#5393);
#5393 = AXIS2_PLACEMENT_3D('',#5394,#5395,#5396);
#5394 = CARTESIAN_POINT('',(55.,40.,0.));
#5395 = DIRECTION('',(0.,-1.,0.));
#5396 = DIRECTION('',(-1.,0.,0.));
#5397 = ADVANCED_FACE('',(#5398),#5423,.T.);
#5398 = FACE_BOUND('',#5399,.T.);
#5399 = EDGE_LOOP('',(#5400,#5410,#5416,#5417));
#5400 = ORIENTED_EDGE('',*,*,#5401,.T.);
#5401 = EDGE_CURVE('',#5402,#5404,#5406,.T.);
#5402 = VERTEX_POINT('',#5403);
#5403 = CARTESIAN_POINT('',(55.,-20.,-100.));
#5404 = VERTEX_POINT('',#5405);
#5405 = CARTESIAN_POINT('',(-55.,-20.,-100.));
#5406 = LINE('',#5407,#5408);
#5407 = CARTESIAN_POINT('',(55.,-20.,-100.));
#5408 = VECTOR('',#5409,1.);
#5409 = DIRECTION('',(-1.,-0.,-0.));
#5410 = ORIENTED_EDGE('',*,*,#5411,.T.);
#5411 = EDGE_CURVE('',#5404,#5033,#5412,.T.);
#5412 = LINE('',#5413,#5414);
#5413 = CARTESIAN_POINT('',(-55.,-20.,-100.));
#5414 = VECTOR('',#5415,1.);
#5415 = DIRECTION('',(0.,0.,1.));
#5416 = ORIENTED_EDGE('',*,*,#5040,.F.);
#5417 = ORIENTED_EDGE('',*,*,#5418,.F.);
#5418 = EDGE_CURVE('',#5402,#5041,#5419,.T.);
#5419 = LINE('',#5420,#5421);
#5420 = CARTESIAN_POINT('',(55.,-20.,-100.));
#5421 = VECTOR('',#5422,1.);
#5422 = DIRECTION('',(0.,0.,1.));
#5423 = PLANE('',#5424);
#5424 = AXIS2_PLACEMENT_3D('',#5425,#5426,#5427);
#5425 = CARTESIAN_POINT('',(55.,-20.,-100.));
#5426 = DIRECTION('',(0.,1.,0.));
#5427 = DIRECTION('',(0.,-0.,1.));
#5428 = ADVANCED_FACE('',(#5429),#5448,.F.);
#5429 = FACE_BOUND('',#5430,.T.);
#5430 = EDGE_LOOP('',(#5431,#5439,#5446,#5447));
#5431 = ORIENTED_EDGE('',*,*,#5432,.T.);
#5432 = EDGE_CURVE('',#5089,#5433,#5435,.T.);
#5433 = VERTEX_POINT('',#5434);
#5434 = CARTESIAN_POINT('',(-34.5,-15.058182,2.));
#5435 = LINE('',#5436,#5437);
#5436 = CARTESIAN_POINT('',(-34.5,-15.058182,0.));
#5437 = VECTOR('',#5438,1.);
#5438 = DIRECTION('',(0.,0.,1.));
#5439 = ORIENTED_EDGE('',*,*,#5440,.T.);
#5440 = EDGE_CURVE('',#5433,#5433,#5441,.T.);
#5441 = CIRCLE('',#5442,3.);
#5442 = AXIS2_PLACEMENT_3D('',#5443,#5444,#5445);
#5443 = CARTESIAN_POINT('',(-37.5,-15.058182,2.));
#5444 = DIRECTION('',(0.,0.,1.));
#5445 = DIRECTION('',(1.,0.,0.));
#5446 = ORIENTED_EDGE('',*,*,#5432,.F.);
#5447 = ORIENTED_EDGE('',*,*,#5088,.F.);
#5448 = CYLINDRICAL_SURFACE('',#5449,3.);
#5449 = AXIS2_PLACEMENT_3D('',#5450,#5451,#5452);
#5450 = CARTESIAN_POINT('',(-37.5,-15.058182,0.));
#5451 = DIRECTION('',(-0.,-0.,-1.));
#5452 = DIRECTION('',(1.,0.,0.));
#5453 = ADVANCED_FACE('',(#5454),#5473,.F.);
#5454 = FACE_BOUND('',#5455,.T.);
#5455 = EDGE_LOOP('',(#5456,#5464,#5471,#5472));
#5456 = ORIENTED_EDGE('',*,*,#5457,.T.);
#5457 = EDGE_CURVE('',#5100,#5458,#5460,.T.);
#5458 = VERTEX_POINT('',#5459);
#5459 = CARTESIAN_POINT('',(-34.5,0.,2.));
#5460 = LINE('',#5461,#5462);
#5461 = CARTESIAN_POINT('',(-34.5,0.,0.));
#5462 = VECTOR('',#5463,1.);
#5463 = DIRECTION('',(0.,0.,1.));
#5464 = ORIENTED_EDGE('',*,*,#5465,.T.);
#5465 = EDGE_CURVE('',#5458,#5458,#5466,.T.);
#5466 = CIRCLE('',#5467,3.);
#5467 = AXIS2_PLACEMENT_3D('',#5468,#5469,#5470);
#5468 = CARTESIAN_POINT('',(-37.5,0.,2.));
#5469 = DIRECTION('',(0.,0.,1.));
#5470 = DIRECTION('',(1.,0.,0.));
#5471 = ORIENTED_EDGE('',*,*,#5457,.F.);
#5472 = ORIENTED_EDGE('',*,*,#5099,.F.);
#5473 = CYLINDRICAL_SURFACE('',#5474,3.);
#5474 = AXIS2_PLACEMENT_3D('',#5475,#5476,#5477);
#5475 = CARTESIAN_POINT('',(-37.5,0.,0.));
#5476 = DIRECTION('',(-0.,-0.,-1.));
#5477 = DIRECTION('',(1.,0.,0.));
#5478 = ADVANCED_FACE('',(#5479),#5498,.F.);
#5479 = FACE_BOUND('',#5480,.T.);
#5480 = EDGE_LOOP('',(#5481,#5489,#5496,#5497));
#5481 = ORIENTED_EDGE('',*,*,#5482,.T.);
#5482 = EDGE_CURVE('',#5111,#5483,#5485,.T.);
#5483 = VERTEX_POINT('',#5484);
#5484 = CARTESIAN_POINT('',(40.5,-15.058182,2.));
#5485 = LINE('',#5486,#5487);
#5486 = CARTESIAN_POINT('',(40.5,-15.058182,0.));
#5487 = VECTOR('',#5488,1.);
#5488 = DIRECTION('',(0.,0.,1.));
#5489 = ORIENTED_EDGE('',*,*,#5490,.T.);
#5490 = EDGE_CURVE('',#5483,#5483,#5491,.T.);
#5491 = CIRCLE('',#5492,3.);
#5492 = AXIS2_PLACEMENT_3D('',#5493,#5494,#5495);
#5493 = CARTESIAN_POINT('',(37.5,-15.058182,2.));
#5494 = DIRECTION('',(0.,0.,1.));
#5495 = DIRECTION('',(1.,0.,0.));
#5496 = ORIENTED_EDGE('',*,*,#5482,.F.);
#5497 = ORIENTED_EDGE('',*,*,#5110,.F.);
#5498 = CYLINDRICAL_SURFACE('',#5499,3.);
#5499 = AXIS2_PLACEMENT_3D('',#5500,#5501,#5502);
#5500 = CARTESIAN_POINT('',(37.5,-15.058182,0.));
#5501 = DIRECTION('',(-0.,-0.,-1.));
#5502 = DIRECTION('',(1.,0.,0.));
#5503 = ADVANCED_FACE('',(#5504),#5523,.F.);
#5504 = FACE_BOUND('',#5505,.T.);
#5505 = EDGE_LOOP('',(#5506,#5514,#5521,#5522));
#5506 = ORIENTED_EDGE('',*,*,#5507,.T.);
#5507 = EDGE_CURVE('',#5122,#5508,#5510,.T.);
#5508 = VERTEX_POINT('',#5509);
#5509 = CARTESIAN_POINT('',(40.5,0.,2.));
#5510 = LINE('',#5511,#5512);
#5511 = CARTESIAN_POINT('',(40.5,0.,0.));
#5512 = VECTOR('',#5513,1.);
#5513 = DIRECTION('',(0.,0.,1.));
#5514 = ORIENTED_EDGE('',*,*,#5515,.T.);
#5515 = EDGE_CURVE('',#5508,#5508,#5516,.T.);
#5516 = CIRCLE('',#5517,3.);
#5517 = AXIS2_PLACEMENT_3D('',#5518,#5519,#5520);
#5518 = CARTESIAN_POINT('',(37.5,0.,2.));
#5519 = DIRECTION('',(0.,0.,1.));
#5520 = DIRECTION('',(1.,0.,0.));
#5521 = ORIENTED_EDGE('',*,*,#5507,.F.);
#5522 = ORIENTED_EDGE('',*,*,#5121,.F.);
#5523 = CYLINDRICAL_SURFACE('',#5524,3.);
#5524 = AXIS2_PLACEMENT_3D('',#5525,#5526,#5527);
#5525 = CARTESIAN_POINT('',(37.5,0.,0.));
#5526 = DIRECTION('',(-0.,-0.,-1.));
#5527 = DIRECTION('',(1.,0.,0.));
#5528 = ADVANCED_FACE('',(#5529),#5548,.F.);
#5529 = FACE_BOUND('',#5530,.T.);
#5530 = EDGE_LOOP('',(#5531,#5539,#5546,#5547));
#5531 = ORIENTED_EDGE('',*,*,#5532,.T.);
#5532 = EDGE_CURVE('',#5133,#5533,#5535,.T.);
#5533 = VERTEX_POINT('',#5534);
#5534 = CARTESIAN_POINT('',(-34.5,14.09116,2.));
#5535 = LINE('',#5536,#5537);
#5536 = CARTESIAN_POINT('',(-34.5,14.09116,0.));
#5537 = VECTOR('',#5538,1.);
#5538 = DIRECTION('',(0.,0.,1.));
#5539 = ORIENTED_EDGE('',*,*,#5540,.T.);
#5540 = EDGE_CURVE('',#5533,#5533,#5541,.T.);
#5541 = CIRCLE('',#5542,3.);
#5542 = AXIS2_PLACEMENT_3D('',#5543,#5544,#5545);
#5543 = CARTESIAN_POINT('',(-37.5,14.09116,2.));
#5544 = DIRECTION('',(0.,0.,1.));
#5545 = DIRECTION('',(1.,0.,0.));
#5546 = ORIENTED_EDGE('',*,*,#5532,.F.);
#5547 = ORIENTED_EDGE('',*,*,#5132,.F.);
#5548 = CYLINDRICAL_SURFACE('',#5549,3.);
#5549 = AXIS2_PLACEMENT_3D('',#5550,#5551,#5552);
#5550 = CARTESIAN_POINT('',(-37.5,14.09116,0.));
#5551 = DIRECTION('',(-0.,-0.,-1.));
#5552 = DIRECTION('',(1.,0.,0.));
#5553 = ADVANCED_FACE('',(#5554),#5573,.F.);
#5554 = FACE_BOUND('',#5555,.T.);
#5555 = EDGE_LOOP('',(#5556,#5564,#5571,#5572));
#5556 = ORIENTED_EDGE('',*,*,#5557,.T.);
#5557 = EDGE_CURVE('',#5144,#5558,#5560,.T.);
#5558 = VERTEX_POINT('',#5559);
#5559 = CARTESIAN_POINT('',(-34.5,28.008329,2.));
#5560 = LINE('',#5561,#5562);
#5561 = CARTESIAN_POINT('',(-34.5,28.008329,0.));
#5562 = VECTOR('',#5563,1.);
#5563 = DIRECTION('',(0.,0.,1.));
#5564 = ORIENTED_EDGE('',*,*,#5565,.T.);
#5565 = EDGE_CURVE('',#5558,#5558,#5566,.T.);
#5566 = CIRCLE('',#5567,3.);
#5567 = AXIS2_PLACEMENT_3D('',#5568,#5569,#5570);
#5568 = CARTESIAN_POINT('',(-37.5,28.008329,2.));
#5569 = DIRECTION('',(0.,0.,1.));
#5570 = DIRECTION('',(1.,0.,0.));
#5571 = ORIENTED_EDGE('',*,*,#5557,.F.);
#5572 = ORIENTED_EDGE('',*,*,#5143,.F.);
#5573 = CYLINDRICAL_SURFACE('',#5574,3.);
#5574 = AXIS2_PLACEMENT_3D('',#5575,#5576,#5577);
#5575 = CARTESIAN_POINT('',(-37.5,28.008329,0.));
#5576 = DIRECTION('',(-0.,-0.,-1.));
#5577 = DIRECTION('',(1.,0.,0.));
#5578 = ADVANCED_FACE('',(#5579),#5598,.F.);
#5579 = FACE_BOUND('',#5580,.T.);
#5580 = EDGE_LOOP('',(#5581,#5589,#5596,#5597));
#5581 = ORIENTED_EDGE('',*,*,#5582,.T.);
#5582 = EDGE_CURVE('',#5155,#5583,#5585,.T.);
#5583 = VERTEX_POINT('',#5584);
#5584 = CARTESIAN_POINT('',(40.5,14.09116,2.));
#5585 = LINE('',#5586,#5587);
#5586 = CARTESIAN_POINT('',(40.5,14.09116,0.));
#5587 = VECTOR('',#5588,1.);
#5588 = DIRECTION('',(0.,0.,1.));
#5589 = ORIENTED_EDGE('',*,*,#5590,.T.);
#5590 = EDGE_CURVE('',#5583,#5583,#5591,.T.);
#5591 = CIRCLE('',#5592,3.);
#5592 = AXIS2_PLACEMENT_3D('',#5593,#5594,#5595);
#5593 = CARTESIAN_POINT('',(37.5,14.09116,2.));
#5594 = DIRECTION('',(0.,0.,1.));
#5595 = DIRECTION('',(1.,0.,0.));
#5596 = ORIENTED_EDGE('',*,*,#5582,.F.);
#5597 = ORIENTED_EDGE('',*,*,#5154,.F.);
#5598 = CYLINDRICAL_SURFACE('',#5599,3.);
#5599 = AXIS2_PLACEMENT_3D('',#5600,#5601,#5602);
#5600 = CARTESIAN_POINT('',(37.5,14.09116,0.));
#5601 = DIRECTION('',(-0.,-0.,-1.));
#5602 = DIRECTION('',(1.,0.,0.));
#5603 = ADVANCED_FACE('',(#5604),#5623,.F.);
#5604 = FACE_BOUND('',#5605,.T.);
#5605 = EDGE_LOOP('',(#5606,#5614,#5621,#5622));
#5606 = ORIENTED_EDGE('',*,*,#5607,.T.);
#5607 = EDGE_CURVE('',#5166,#5608,#5610,.T.);
#5608 = VERTEX_POINT('',#5609);
#5609 = CARTESIAN_POINT('',(40.5,28.008329,2.));
#5610 = LINE('',#5611,#5612);
#5611 = CARTESIAN_POINT('',(40.5,28.008329,0.));
#5612 = VECTOR('',#5613,1.);
#5613 = DIRECTION('',(0.,0.,1.));
#5614 = ORIENTED_EDGE('',*,*,#5615,.T.);
#5615 = EDGE_CURVE('',#5608,#5608,#5616,.T.);
#5616 = CIRCLE('',#5617,3.);
#5617 = AXIS2_PLACEMENT_3D('',#5618,#5619,#5620);
#5618 = CARTESIAN_POINT('',(37.5,28.008329,2.));
#5619 = DIRECTION('',(0.,0.,1.));
#5620 = DIRECTION('',(1.,0.,0.));
#5621 = ORIENTED_EDGE('',*,*,#5607,.F.);
#5622 = ORIENTED_EDGE('',*,*,#5165,.F.);
#5623 = CYLINDRICAL_SURFACE('',#5624,3.);
#5624 = AXIS2_PLACEMENT_3D('',#5625,#5626,#5627);
#5625 = CARTESIAN_POINT('',(37.5,28.008329,0.));
#5626 = DIRECTION('',(-0.,-0.,-1.));
#5627 = DIRECTION('',(1.,0.,0.));
#5628 = ADVANCED_FACE('',(#5629),#5654,.T.);
#5629 = FACE_BOUND('',#5630,.T.);
#5630 = EDGE_LOOP('',(#5631,#5641,#5647,#5648));
#5631 = ORIENTED_EDGE('',*,*,#5632,.T.);
#5632 = EDGE_CURVE('',#5633,#5635,#5637,.T.);
#5633 = VERTEX_POINT('',#5634);
#5634 = CARTESIAN_POINT('',(55.,-30.,-100.));
#5635 = VERTEX_POINT('',#5636);
#5636 = CARTESIAN_POINT('',(-55.,-30.,-100.));
#5637 = LINE('',#5638,#5639);
#5638 = CARTESIAN_POINT('',(55.,-30.,-100.));
#5639 = VECTOR('',#5640,1.);
#5640 = DIRECTION('',(-1.,-0.,-0.));
#5641 = ORIENTED_EDGE('',*,*,#5642,.T.);
#5642 = EDGE_CURVE('',#5635,#5404,#5643,.T.);
#5643 = LINE('',#5644,#5645);
#5644 = CARTESIAN_POINT('',(-55.,-30.,-100.));
#5645 = VECTOR('',#5646,1.);
#5646 = DIRECTION('',(0.,1.,0.));
#5647 = ORIENTED_EDGE('',*,*,#5401,.F.);
#5648 = ORIENTED_EDGE('',*,*,#5649,.F.);
#5649 = EDGE_CURVE('',#5633,#5402,#5650,.T.);
#5650 = LINE('',#5651,#5652);
#5651 = CARTESIAN_POINT('',(55.,-30.,-100.));
#5652 = VECTOR('',#5653,1.);
#5653 = DIRECTION('',(0.,1.,0.));
#5654 = PLANE('',#5655);
#5655 = AXIS2_PLACEMENT_3D('',#5656,#5657,#5658);
#5656 = CARTESIAN_POINT('',(55.,-30.,-100.));
#5657 = DIRECTION('',(0.,0.,-1.));
#5658 = DIRECTION('',(0.,1.,0.));
#5659 = ADVANCED_FACE('',(#5660),#5679,.F.);
#5660 = FACE_BOUND('',#5661,.T.);
#5661 = EDGE_LOOP('',(#5662,#5671,#5677,#5678));
#5662 = ORIENTED_EDGE('',*,*,#5663,.F.);
#5663 = EDGE_CURVE('',#5664,#5664,#5666,.T.);
#5664 = VERTEX_POINT('',#5665);
#5665 = CARTESIAN_POINT('',(-35.25,0.,2.));
#5666 = CIRCLE('',#5667,2.25);
#5667 = AXIS2_PLACEMENT_3D('',#5668,#5669,#5670);
#5668 = CARTESIAN_POINT('',(-37.5,0.,2.));
#5669 = DIRECTION('',(0.,0.,1.));
#5670 = DIRECTION('',(1.,0.,0.));
#5671 = ORIENTED_EDGE('',*,*,#5672,.T.);
#5672 = EDGE_CURVE('',#5664,#5240,#5673,.T.);
#5673 = LINE('',#5674,#5675);
#5674 = CARTESIAN_POINT('',(-35.25,0.,0.));
#5675 = VECTOR('',#5676,1.);
#5676 = DIRECTION('',(0.,0.,1.));
#5677 = ORIENTED_EDGE('',*,*,#5239,.T.);
#5678 = ORIENTED_EDGE('',*,*,#5672,.F.);
#5679 = CYLINDRICAL_SURFACE('',#5680,2.25);
#5680 = AXIS2_PLACEMENT_3D('',#5681,#5682,#5683);
#5681 = CARTESIAN_POINT('',(-37.5,0.,0.));
#5682 = DIRECTION('',(-0.,-0.,-1.));
#5683 = DIRECTION('',(1.,0.,0.));
#5684 = ADVANCED_FACE('',(#5685),#5704,.F.);
#5685 = FACE_BOUND('',#5686,.T.);
#5686 = EDGE_LOOP('',(#5687,#5696,#5702,#5703));
#5687 = ORIENTED_EDGE('',*,*,#5688,.F.);
#5688 = EDGE_CURVE('',#5689,#5689,#5691,.T.);
#5689 = VERTEX_POINT('',#5690);
#5690 = CARTESIAN_POINT('',(39.75,0.,2.));
#5691 = CIRCLE('',#5692,2.25);
#5692 = AXIS2_PLACEMENT_3D('',#5693,#5694,#5695);
#5693 = CARTESIAN_POINT('',(37.5,0.,2.));
#5694 = DIRECTION('',(0.,0.,1.));
#5695 = DIRECTION('',(1.,0.,0.));
#5696 = ORIENTED_EDGE('',*,*,#5697,.T.);
#5697 = EDGE_CURVE('',#5689,#5251,#5698,.T.);
#5698 = LINE('',#5699,#5700);
#5699 = CARTESIAN_POINT('',(39.75,0.,0.));
#5700 = VECTOR('',#5701,1.);
#5701 = DIRECTION('',(0.,0.,1.));
#5702 = ORIENTED_EDGE('',*,*,#5250,.T.);
#5703 = ORIENTED_EDGE('',*,*,#5697,.F.);
#5704 = CYLINDRICAL_SURFACE('',#5705,2.25);
#5705 = AXIS2_PLACEMENT_3D('',#5706,#5707,#5708);
#5706 = CARTESIAN_POINT('',(37.5,0.,0.));
#5707 = DIRECTION('',(-0.,-0.,-1.));
#5708 = DIRECTION('',(1.,0.,0.));
#5709 = ADVANCED_FACE('',(#5710),#5729,.F.);
#5710 = FACE_BOUND('',#5711,.T.);
#5711 = EDGE_LOOP('',(#5712,#5721,#5727,#5728));
#5712 = ORIENTED_EDGE('',*,*,#5713,.F.);
#5713 = EDGE_CURVE('',#5714,#5714,#5716,.T.);
#5714 = VERTEX_POINT('',#5715);
#5715 = CARTESIAN_POINT('',(-35.25,14.09116,2.));
#5716 = CIRCLE('',#5717,2.25);
#5717 = AXIS2_PLACEMENT_3D('',#5718,#5719,#5720);
#5718 = CARTESIAN_POINT('',(-37.5,14.09116,2.));
#5719 = DIRECTION('',(0.,0.,1.));
#5720 = DIRECTION('',(1.,0.,0.));
#5721 = ORIENTED_EDGE('',*,*,#5722,.T.);
#5722 = EDGE_CURVE('',#5714,#5262,#5723,.T.);
#5723 = LINE('',#5724,#5725);
#5724 = CARTESIAN_POINT('',(-35.25,14.09116,0.));
#5725 = VECTOR('',#5726,1.);
#5726 = DIRECTION('',(0.,0.,1.));
#5727 = ORIENTED_EDGE('',*,*,#5261,.T.);
#5728 = ORIENTED_EDGE('',*,*,#5722,.F.);
#5729 = CYLINDRICAL_SURFACE('',#5730,2.25);
#5730 = AXIS2_PLACEMENT_3D('',#5731,#5732,#5733);
#5731 = CARTESIAN_POINT('',(-37.5,14.09116,0.));
#5732 = DIRECTION('',(-0.,-0.,-1.));
#5733 = DIRECTION('',(1.,0.,0.));
#5734 = ADVANCED_FACE('',(#5735),#5754,.F.);
#5735 = FACE_BOUND('',#5736,.T.);
#5736 = EDGE_LOOP('',(#5737,#5746,#5752,#5753));
#5737 = ORIENTED_EDGE('',*,*,#5738,.F.);
#5738 = EDGE_CURVE('',#5739,#5739,#5741,.T.);
#5739 = VERTEX_POINT('',#5740);
#5740 = CARTESIAN_POINT('',(39.75,14.09116,2.));
#5741 = CIRCLE('',#5742,2.25);
#5742 = AXIS2_PLACEMENT_3D('',#5743,#5744,#5745);
#5743 = CARTESIAN_POINT('',(37.5,14.09116,2.));
#5744 = DIRECTION('',(0.,0.,1.));
#5745 = DIRECTION('',(1.,0.,0.));
#5746 = ORIENTED_EDGE('',*,*,#5747,.T.);
#5747 = EDGE_CURVE('',#5739,#5273,#5748,.T.);
#5748 = LINE('',#5749,#5750);
#5749 = CARTESIAN_POINT('',(39.75,14.09116,0.));
#5750 = VECTOR('',#5751,1.);
#5751 = DIRECTION('',(0.,0.,1.));
#5752 = ORIENTED_EDGE('',*,*,#5272,.T.);
#5753 = ORIENTED_EDGE('',*,*,#5747,.F.);
#5754 = CYLINDRICAL_SURFACE('',#5755,2.25);
#5755 = AXIS2_PLACEMENT_3D('',#5756,#5757,#5758);
#5756 = CARTESIAN_POINT('',(37.5,14.09116,0.));
#5757 = DIRECTION('',(-0.,-0.,-1.));
#5758 = DIRECTION('',(1.,0.,0.));
#5759 = ADVANCED_FACE('',(#5760),#5779,.F.);
#5760 = FACE_BOUND('',#5761,.T.);
#5761 = EDGE_LOOP('',(#5762,#5771,#5777,#5778));
#5762 = ORIENTED_EDGE('',*,*,#5763,.F.);
#5763 = EDGE_CURVE('',#5764,#5764,#5766,.T.);
#5764 = VERTEX_POINT('',#5765);
#5765 = CARTESIAN_POINT('',(-35.25,-15.058182,2.));
#5766 = CIRCLE('',#5767,2.25);
#5767 = AXIS2_PLACEMENT_3D('',#5768,#5769,#5770);
#5768 = CARTESIAN_POINT('',(-37.5,-15.058182,2.));
#5769 = DIRECTION('',(0.,0.,1.));
#5770 = DIRECTION('',(1.,0.,0.));
#5771 = ORIENTED_EDGE('',*,*,#5772,.T.);
#5772 = EDGE_CURVE('',#5764,#5284,#5773,.T.);
#5773 = LINE('',#5774,#5775);
#5774 = CARTESIAN_POINT('',(-35.25,-15.058182,0.));
#5775 = VECTOR('',#5776,1.);
#5776 = DIRECTION('',(0.,0.,1.));
#5777 = ORIENTED_EDGE('',*,*,#5283,.T.);
#5778 = ORIENTED_EDGE('',*,*,#5772,.F.);
#5779 = CYLINDRICAL_SURFACE('',#5780,2.25);
#5780 = AXIS2_PLACEMENT_3D('',#5781,#5782,#5783);
#5781 = CARTESIAN_POINT('',(-37.5,-15.058182,0.));
#5782 = DIRECTION('',(-0.,-0.,-1.));
#5783 = DIRECTION('',(1.,0.,0.));
#5784 = ADVANCED_FACE('',(#5785),#5804,.F.);
#5785 = FACE_BOUND('',#5786,.T.);
#5786 = EDGE_LOOP('',(#5787,#5796,#5802,#5803));
#5787 = ORIENTED_EDGE('',*,*,#5788,.F.);
#5788 = EDGE_CURVE('',#5789,#5789,#5791,.T.);
#5789 = VERTEX_POINT('',#5790);
#5790 = CARTESIAN_POINT('',(39.75,-15.058182,2.));
#5791 = CIRCLE('',#5792,2.25);
#5792 = AXIS2_PLACEMENT_3D('',#5793,#5794,#5795);
#5793 = CARTESIAN_POINT('',(37.5,-15.058182,2.));
#5794 = DIRECTION('',(0.,0.,1.));
#5795 = DIRECTION('',(1.,0.,0.));
#5796 = ORIENTED_EDGE('',*,*,#5797,.T.);
#5797 = EDGE_CURVE('',#5789,#5295,#5798,.T.);
#5798 = LINE('',#5799,#5800);
#5799 = CARTESIAN_POINT('',(39.75,-15.058182,0.));
#5800 = VECTOR('',#5801,1.);
#5801 = DIRECTION('',(0.,0.,1.));
#5802 = ORIENTED_EDGE('',*,*,#5294,.T.);
#5803 = ORIENTED_EDGE('',*,*,#5797,.F.);
#5804 = CYLINDRICAL_SURFACE('',#5805,2.25);
#5805 = AXIS2_PLACEMENT_3D('',#5806,#5807,#5808);
#5806 = CARTESIAN_POINT('',(37.5,-15.058182,0.));
#5807 = DIRECTION('',(-0.,-0.,-1.));
#5808 = DIRECTION('',(1.,0.,0.));
#5809 = ADVANCED_FACE('',(#5810),#5829,.F.);
#5810 = FACE_BOUND('',#5811,.T.);
#5811 = EDGE_LOOP('',(#5812,#5821,#5827,#5828));
#5812 = ORIENTED_EDGE('',*,*,#5813,.F.);
#5813 = EDGE_CURVE('',#5814,#5814,#5816,.T.);
#5814 = VERTEX_POINT('',#5815);
#5815 = CARTESIAN_POINT('',(-35.25,28.008329,2.));
#5816 = CIRCLE('',#5817,2.25);
#5817 = AXIS2_PLACEMENT_3D('',#5818,#5819,#5820);
#5818 = CARTESIAN_POINT('',(-37.5,28.008329,2.));
#5819 = DIRECTION('',(0.,0.,1.));
#5820 = DIRECTION('',(1.,0.,0.));
#5821 = ORIENTED_EDGE('',*,*,#5822,.T.);
#5822 = EDGE_CURVE('',#5814,#5306,#5823,.T.);
#5823 = LINE('',#5824,#5825);
#5824 = CARTESIAN_POINT('',(-35.25,28.008329,0.));
#5825 = VECTOR('',#5826,1.);
#5826 = DIRECTION('',(0.,0.,1.));
#5827 = ORIENTED_EDGE('',*,*,#5305,.T.);
#5828 = ORIENTED_EDGE('',*,*,#5822,.F.);
#5829 = CYLINDRICAL_SURFACE('',#5830,2.25);
#5830 = AXIS2_PLACEMENT_3D('',#5831,#5832,#5833);
#5831 = CARTESIAN_POINT('',(-37.5,28.008329,0.));
#5832 = DIRECTION('',(-0.,-0.,-1.));
#5833 = DIRECTION('',(1.,0.,0.));
#5834 = ADVANCED_FACE('',(#5835),#5854,.F.);
#5835 = FACE_BOUND('',#5836,.T.);
#5836 = EDGE_LOOP('',(#5837,#5846,#5852,#5853));
#5837 = ORIENTED_EDGE('',*,*,#5838,.F.);
#5838 = EDGE_CURVE('',#5839,#5839,#5841,.T.);
#5839 = VERTEX_POINT('',#5840);
#5840 = CARTESIAN_POINT('',(39.75,28.008329,2.));
#5841 = CIRCLE('',#5842,2.25);
#5842 = AXIS2_PLACEMENT_3D('',#5843,#5844,#5845);
#5843 = CARTESIAN_POINT('',(37.5,28.008329,2.));
#5844 = DIRECTION('',(0.,0.,1.));
#5845 = DIRECTION('',(1.,0.,0.));
#5846 = ORIENTED_EDGE('',*,*,#5847,.T.);
#5847 = EDGE_CURVE('',#5839,#5317,#5848,.T.);
#5848 = LINE('',#5849,#5850);
#5849 = CARTESIAN_POINT('',(39.75,28.008329,0.));
#5850 = VECTOR('',#5851,1.);
#5851 = DIRECTION('',(0.,0.,1.));
#5852 = ORIENTED_EDGE('',*,*,#5316,.T.);
#5853 = ORIENTED_EDGE('',*,*,#5847,.F.);
#5854 = CYLINDRICAL_SURFACE('',#5855,2.25);
#5855 = AXIS2_PLACEMENT_3D('',#5856,#5857,#5858);
#5856 = CARTESIAN_POINT('',(37.5,28.008329,0.));
#5857 = DIRECTION('',(-0.,-0.,-1.));
#5858 = DIRECTION('',(1.,0.,0.));
#5859 = ADVANCED_FACE('',(#5860,#5863),#5866,.F.);
#5860 = FACE_BOUND('',#5861,.F.);
#5861 = EDGE_LOOP('',(#5862));
#5862 = ORIENTED_EDGE('',*,*,#5440,.T.);
#5863 = FACE_BOUND('',#5864,.T.);
#5864 = EDGE_LOOP('',(#5865));
#5865 = ORIENTED_EDGE('',*,*,#5763,.T.);
#5866 = PLANE('',#5867);
#5867 = AXIS2_PLACEMENT_3D('',#5868,#5869,#5870);
#5868 = CARTESIAN_POINT('',(-1.3E-16,6.76032675,2.));
#5869 = DIRECTION('',(0.,0.,1.));
#5870 = DIRECTION('',(1.,0.,0.));
#5871 = ADVANCED_FACE('',(#5872,#5875),#5878,.F.);
#5872 = FACE_BOUND('',#5873,.F.);
#5873 = EDGE_LOOP('',(#5874));
#5874 = ORIENTED_EDGE('',*,*,#5465,.T.);
#5875 = FACE_BOUND('',#5876,.T.);
#5876 = EDGE_LOOP('',(#5877));
#5877 = ORIENTED_EDGE('',*,*,#5663,.T.);
#5878 = PLANE('',#5879);
#5879 = AXIS2_PLACEMENT_3D('',#5880,#5881,#5882);
#5880 = CARTESIAN_POINT('',(-1.3E-16,6.76032675,2.));
#5881 = DIRECTION('',(0.,0.,1.));
#5882 = DIRECTION('',(1.,0.,0.));
#5883 = ADVANCED_FACE('',(#5884,#5887),#5890,.F.);
#5884 = FACE_BOUND('',#5885,.F.);
#5885 = EDGE_LOOP('',(#5886));
#5886 = ORIENTED_EDGE('',*,*,#5490,.T.);
#5887 = FACE_BOUND('',#5888,.T.);
#5888 = EDGE_LOOP('',(#5889));
#5889 = ORIENTED_EDGE('',*,*,#5788,.T.);
#5890 = PLANE('',#5891);
#5891 = AXIS2_PLACEMENT_3D('',#5892,#5893,#5894);
#5892 = CARTESIAN_POINT('',(-1.3E-16,6.76032675,2.));
#5893 = DIRECTION('',(0.,0.,1.));
#5894 = DIRECTION('',(1.,0.,0.));
#5895 = ADVANCED_FACE('',(#5896,#5899),#5902,.F.);
#5896 = FACE_BOUND('',#5897,.F.);
#5897 = EDGE_LOOP('',(#5898));
#5898 = ORIENTED_EDGE('',*,*,#5515,.T.);
#5899 = FACE_BOUND('',#5900,.T.);
#5900 = EDGE_LOOP('',(#5901));
#5901 = ORIENTED_EDGE('',*,*,#5688,.T.);
#5902 = PLANE('',#5903);
#5903 = AXIS2_PLACEMENT_3D('',#5904,#5905,#5906);
#5904 = CARTESIAN_POINT('',(-1.3E-16,6.76032675,2.));
#5905 = DIRECTION('',(0.,0.,1.));
#5906 = DIRECTION('',(1.,0.,0.));
#5907 = ADVANCED_FACE('',(#5908,#5911),#5914,.F.);
#5908 = FACE_BOUND('',#5909,.F.);
#5909 = EDGE_LOOP('',(#5910));
#5910 = ORIENTED_EDGE('',*,*,#5540,.T.);
#5911 = FACE_BOUND('',#5912,.T.);
#5912 = EDGE_LOOP('',(#5913));
#5913 = ORIENTED_EDGE('',*,*,#5713,.T.);
#5914 = PLANE('',#5915);
#5915 = AXIS2_PLACEMENT_3D('',#5916,#5917,#5918);
#5916 = CARTESIAN_POINT('',(-1.3E-16,6.76032675,2.));
#5917 = DIRECTION('',(0.,0.,1.));
#5918 = DIRECTION('',(1.,0.,0.));
#5919 = ADVANCED_FACE('',(#5920,#5923),#5926,.F.);
#5920 = FACE_BOUND('',#5921,.F.);
#5921 = EDGE_LOOP('',(#5922));
#5922 = ORIENTED_EDGE('',*,*,#5565,.T.);
#5923 = FACE_BOUND('',#5924,.T.);
#5924 = EDGE_LOOP('',(#5925));
#5925 = ORIENTED_EDGE('',*,*,#5813,.T.);
#5926 = PLANE('',#5927);
#5927 = AXIS2_PLACEMENT_3D('',#5928,#5929,#5930);
#5928 = CARTESIAN_POINT('',(-1.3E-16,6.76032675,2.));
#5929 = DIRECTION('',(0.,0.,1.));
#5930 = DIRECTION('',(1.,0.,0.));
#5931 = ADVANCED_FACE('',(#5932,#5935),#5938,.F.);
#5932 = FACE_BOUND('',#5933,.F.);
#5933 = EDGE_LOOP('',(#5934));
#5934 = ORIENTED_EDGE('',*,*,#5590,.T.);
#5935 = FACE_BOUND('',#5936,.T.);
#5936 = EDGE_LOOP('',(#5937));
#5937 = ORIENTED_EDGE('',*,*,#5738,.T.);
#5938 = PLANE('',#5939);
#5939 = AXIS2_PLACEMENT_3D('',#5940,#5941,#5942);
#5940 = CARTESIAN_POINT('',(-1.3E-16,6.76032675,2.));
#5941 = DIRECTION('',(0.,0.,1.));
#5942 = DIRECTION('',(1.,0.,0.));
#5943 = ADVANCED_FACE('',(#5944,#5947),#5950,.F.);
#5944 = FACE_BOUND('',#5945,.F.);
#5945 = EDGE_LOOP('',(#5946));
#5946 = ORIENTED_EDGE('',*,*,#5615,.T.);
#5947 = FACE_BOUND('',#5948,.T.);
#5948 = EDGE_LOOP('',(#5949));
#5949 = ORIENTED_EDGE('',*,*,#5838,.T.);
#5950 = PLANE('',#5951);
#5951 = AXIS2_PLACEMENT_3D('',#5952,#5953,#5954);
#5952 = CARTESIAN_POINT('',(-1.3E-16,6.76032675,2.));
#5953 = DIRECTION('',(0.,0.,1.));
#5954 = DIRECTION('',(1.,0.,0.));
#5955 = ADVANCED_FACE('',(#5956),#5969,.T.);
#5956 = FACE_BOUND('',#5957,.T.);
#5957 = EDGE_LOOP('',(#5958,#5959,#5960,#5961,#5962,#5968));
#5958 = ORIENTED_EDGE('',*,*,#5009,.F.);
#5959 = ORIENTED_EDGE('',*,*,#5032,.T.);
#5960 = ORIENTED_EDGE('',*,*,#5411,.F.);
#5961 = ORIENTED_EDGE('',*,*,#5642,.F.);
#5962 = ORIENTED_EDGE('',*,*,#5963,.F.);
#5963 = EDGE_CURVE('',#5183,#5635,#5964,.T.);
#5964 = LINE('',#5965,#5966);
#5965 = CARTESIAN_POINT('',(-55.,-30.,-3.4E-15));
#5966 = VECTOR('',#5967,1.);
#5967 = DIRECTION('',(0.,0.,-1.));
#5968 = ORIENTED_EDGE('',*,*,#5182,.F.);
#5969 = PLANE('',#5970);
#5970 = AXIS2_PLACEMENT_3D('',#5971,#5972,#5973);
#5971 = CARTESIAN_POINT('',(-55.,-12.14285714285,-30.35714285714));
#5972 = DIRECTION('',(-1.,-0.,-0.));
#5973 = DIRECTION('',(0.,0.,-1.));
#5974 = ADVANCED_FACE('',(#5975),#5986,.T.);
#5975 = FACE_BOUND('',#5976,.T.);
#5976 = EDGE_LOOP('',(#5977,#5978,#5979,#5985));
#5977 = ORIENTED_EDGE('',*,*,#5963,.T.);
#5978 = ORIENTED_EDGE('',*,*,#5632,.F.);
#5979 = ORIENTED_EDGE('',*,*,#5980,.F.);
#5980 = EDGE_CURVE('',#5191,#5633,#5981,.T.);
#5981 = LINE('',#5982,#5983);
#5982 = CARTESIAN_POINT('',(55.,-30.,-3.4E-15));
#5983 = VECTOR('',#5984,1.);
#5984 = DIRECTION('',(0.,0.,-1.));
#5985 = ORIENTED_EDGE('',*,*,#5190,.F.);
#5986 = PLANE('',#5987);
#5987 = AXIS2_PLACEMENT_3D('',#5988,#5989,#5990);
#5988 = CARTESIAN_POINT('',(0.,-30.,-47.5));
#5989 = DIRECTION('',(-0.,-1.,-0.));
#5990 = DIRECTION('',(0.,0.,-1.));
#5991 = ADVANCED_FACE('',(#5992),#6000,.T.);
#5992 = FACE_BOUND('',#5993,.T.);
#5993 = EDGE_LOOP('',(#5994,#5995,#5996,#5997,#5998,#5999));
#5994 = ORIENTED_EDGE('',*,*,#5980,.T.);
#5995 = ORIENTED_EDGE('',*,*,#5649,.T.);
#5996 = ORIENTED_EDGE('',*,*,#5418,.T.);
#5997 = ORIENTED_EDGE('',*,*,#5048,.T.);
#5998 = ORIENTED_EDGE('',*,*,#5384,.T.);
#5999 = ORIENTED_EDGE('',*,*,#5198,.F.);
#6000 = PLANE('',#6001);
#6001 = AXIS2_PLACEMENT_3D('',#6002,#6003,#6004);
#6002 = CARTESIAN_POINT('',(55.,-12.14285714285,-30.35714285714));
#6003 = DIRECTION('',(1.,0.,0.));
#6004 = DIRECTION('',(-0.,0.,1.));
#6005 = ( GEOMETRIC_REPRESENTATION_CONTEXT(3) 
GLOBAL_UNCERTAINTY_ASSIGNED_CONTEXT((#6009)) 
GLOBAL_UNIT_ASSIGNED_CONTEXT((#6006,#6007,#6008)) REPRESENTATION_CONTEXT
('Context #1','3D Context with UNIT and UNCERTAINTY') );
#6006 = ( LENGTH_UNIT() NAMED_UNIT(*) SI_UNIT(.MILLI.,.METRE.) );
#6007 = ( NAMED_UNIT(*) PLANE_ANGLE_UNIT() SI_UNIT($,.RADIAN.) );
#6008 = ( NAMED_UNIT(*) SI_UNIT($,.STERADIAN.) SOLID_ANGLE_UNIT() );
#6009 = UNCERTAINTY_MEASURE_WITH_UNIT(LENGTH_MEASURE(1.E-07),#6006,
  'distance_accuracy_value','confusion accuracy');
#6010 = CONTEXT_DEPENDENT_SHAPE_REPRESENTATION(#6011,#6013);
#6011 = ( REPRESENTATION_RELATIONSHIP('','',#4984,#10) 
REPRESENTATION_RELATIONSHIP_WITH_TRANSFORMATION(#6012) 
SHAPE_REPRESENTATION_RELATIONSHIP() );
#6012 = ITEM_DEFINED_TRANSFORMATION('','',#11,#63);
#6013 = PRODUCT_DEFINITION_SHAPE('Placement','Placement of an item',
  #6014);
#6014 = NEXT_ASSEMBLY_USAGE_OCCURRENCE('258','Pad001','',#5,#4979,$);
#6015 = PRODUCT_RELATED_PRODUCT_CATEGORY('part',$,(#4981));
#6016 = SHAPE_DEFINITION_REPRESENTATION(#6017,#6023);
#6017 = PRODUCT_DEFINITION_SHAPE('','',#6018);
#6018 = PRODUCT_DEFINITION('design','',#6019,#6022);
#6019 = PRODUCT_DEFINITION_FORMATION('','',#6020);
#6020 = PRODUCT('Fillet','Fillet','',(#6021));
#6021 = PRODUCT_CONTEXT('',#2,'mechanical');
#6022 = PRODUCT_DEFINITION_CONTEXT('part definition',#2,'design');
#6023 = ADVANCED_BREP_SHAPE_REPRESENTATION('',(#11,#6024),#7705);
#6024 = MANIFOLD_SOLID_BREP('',#6025);
#6025 = CLOSED_SHELL('',(#6026,#6216,#6272,#6297,#6321,#6400,#6424,#6448
    ,#6480,#6504,#6583,#6607,#6656,#6680,#6705,#6730,#6755,#6780,#6805,
    #6830,#6955,#6972,#6989,#7093,#7251,#7271,#7429,#7449,#7469,#7489,
    #7509,#7529,#7549,#7569,#7586,#7603,#7620,#7637,#7654,#7671,#7688));
#6026 = ADVANCED_FACE('',(#6027,#6145,#6156,#6167,#6178,#6189,#6200),
  #6211,.F.);
#6027 = FACE_BOUND('',#6028,.F.);
#6028 = EDGE_LOOP('',(#6029,#6039,#6047,#6055,#6063,#6071,#6079,#6087,
    #6095,#6104,#6113,#6121,#6130,#6139));
#6029 = ORIENTED_EDGE('',*,*,#6030,.T.);
#6030 = EDGE_CURVE('',#6031,#6033,#6035,.T.);
#6031 = VERTEX_POINT('',#6032);
#6032 = CARTESIAN_POINT('',(55.,-16.,1.E-15));
#6033 = VERTEX_POINT('',#6034);
#6034 = CARTESIAN_POINT('',(55.,40.,0.));
#6035 = LINE('',#6036,#6037);
#6036 = CARTESIAN_POINT('',(55.,-30.,0.));
#6037 = VECTOR('',#6038,1.);
#6038 = DIRECTION('',(0.,1.,0.));
#6039 = ORIENTED_EDGE('',*,*,#6040,.T.);
#6040 = EDGE_CURVE('',#6033,#6041,#6043,.T.);
#6041 = VERTEX_POINT('',#6042);
#6042 = CARTESIAN_POINT('',(17.5,40.,0.));
#6043 = LINE('',#6044,#6045);
#6044 = CARTESIAN_POINT('',(55.,40.,0.));
#6045 = VECTOR('',#6046,1.);
#6046 = DIRECTION('',(-1.,0.,0.));
#6047 = ORIENTED_EDGE('',*,*,#6048,.T.);
#6048 = EDGE_CURVE('',#6041,#6049,#6051,.T.);
#6049 = VERTEX_POINT('',#6050);
#6050 = CARTESIAN_POINT('',(17.5,-9.659887,0.));
#6051 = LINE('',#6052,#6053);
#6052 = CARTESIAN_POINT('',(17.5,40.,0.));
#6053 = VECTOR('',#6054,1.);
#6054 = DIRECTION('',(0.,-1.,0.));
#6055 = ORIENTED_EDGE('',*,*,#6056,.T.);
#6056 = EDGE_CURVE('',#6049,#6057,#6059,.T.);
#6057 = VERTEX_POINT('',#6058);
#6058 = CARTESIAN_POINT('',(-17.5,-9.659887,0.));
#6059 = LINE('',#6060,#6061);
#6060 = CARTESIAN_POINT('',(17.5,-9.659887,0.));
#6061 = VECTOR('',#6062,1.);
#6062 = DIRECTION('',(-1.,1.E-16,0.));
#6063 = ORIENTED_EDGE('',*,*,#6064,.T.);
#6064 = EDGE_CURVE('',#6057,#6065,#6067,.T.);
#6065 = VERTEX_POINT('',#6066);
#6066 = CARTESIAN_POINT('',(-17.5,40.,0.));
#6067 = LINE('',#6068,#6069);
#6068 = CARTESIAN_POINT('',(-17.5,-9.659887,0.));
#6069 = VECTOR('',#6070,1.);
#6070 = DIRECTION('',(0.,1.,0.));
#6071 = ORIENTED_EDGE('',*,*,#6072,.T.);
#6072 = EDGE_CURVE('',#6065,#6073,#6075,.T.);
#6073 = VERTEX_POINT('',#6074);
#6074 = CARTESIAN_POINT('',(-55.,40.,0.));
#6075 = LINE('',#6076,#6077);
#6076 = CARTESIAN_POINT('',(-17.5,40.,0.));
#6077 = VECTOR('',#6078,1.);
#6078 = DIRECTION('',(-1.,0.,0.));
#6079 = ORIENTED_EDGE('',*,*,#6080,.T.);
#6080 = EDGE_CURVE('',#6073,#6081,#6083,.T.);
#6081 = VERTEX_POINT('',#6082);
#6082 = CARTESIAN_POINT('',(-55.,-16.,1.E-15));
#6083 = LINE('',#6084,#6085);
#6084 = CARTESIAN_POINT('',(-55.,40.,0.));
#6085 = VECTOR('',#6086,1.);
#6086 = DIRECTION('',(0.,-1.,0.));
#6087 = ORIENTED_EDGE('',*,*,#6088,.F.);
#6088 = EDGE_CURVE('',#6089,#6081,#6091,.T.);
#6089 = VERTEX_POINT('',#6090);
#6090 = CARTESIAN_POINT('',(-40.34832913387,-16.,0.));
#6091 = LINE('',#6092,#6093);
#6092 = CARTESIAN_POINT('',(55.,-16.,8.9E-16));
#6093 = VECTOR('',#6094,1.);
#6094 = DIRECTION('',(-1.,-0.,-0.));
#6095 = ORIENTED_EDGE('',*,*,#6096,.F.);
#6096 = EDGE_CURVE('',#6097,#6089,#6099,.T.);
#6097 = VERTEX_POINT('',#6098);
#6098 = CARTESIAN_POINT('',(-34.5,-15.058182,0.));
#6099 = CIRCLE('',#6100,3.);
#6100 = AXIS2_PLACEMENT_3D('',#6101,#6102,#6103);
#6101 = CARTESIAN_POINT('',(-37.5,-15.058182,0.));
#6102 = DIRECTION('',(0.,0.,1.));
#6103 = DIRECTION('',(1.,0.,0.));
#6104 = ORIENTED_EDGE('',*,*,#6105,.F.);
#6105 = EDGE_CURVE('',#6106,#6097,#6108,.T.);
#6106 = VERTEX_POINT('',#6107);
#6107 = CARTESIAN_POINT('',(-34.65167086612,-16.,1.E-15));
#6108 = CIRCLE('',#6109,3.);
#6109 = AXIS2_PLACEMENT_3D('',#6110,#6111,#6112);
#6110 = CARTESIAN_POINT('',(-37.5,-15.058182,0.));
#6111 = DIRECTION('',(0.,0.,1.));
#6112 = DIRECTION('',(1.,0.,0.));
#6113 = ORIENTED_EDGE('',*,*,#6114,.F.);
#6114 = EDGE_CURVE('',#6115,#6106,#6117,.T.);
#6115 = VERTEX_POINT('',#6116);
#6116 = CARTESIAN_POINT('',(34.651670866126,-16.,0.));
#6117 = LINE('',#6118,#6119);
#6118 = CARTESIAN_POINT('',(55.,-16.,8.9E-16));
#6119 = VECTOR('',#6120,1.);
#6120 = DIRECTION('',(-1.,-0.,-0.));
#6121 = ORIENTED_EDGE('',*,*,#6122,.F.);
#6122 = EDGE_CURVE('',#6123,#6115,#6125,.T.);
#6123 = VERTEX_POINT('',#6124);
#6124 = CARTESIAN_POINT('',(40.5,-15.058182,0.));
#6125 = CIRCLE('',#6126,3.);
#6126 = AXIS2_PLACEMENT_3D('',#6127,#6128,#6129);
#6127 = CARTESIAN_POINT('',(37.5,-15.058182,0.));
#6128 = DIRECTION('',(0.,0.,1.));
#6129 = DIRECTION('',(1.,0.,0.));
#6130 = ORIENTED_EDGE('',*,*,#6131,.F.);
#6131 = EDGE_CURVE('',#6132,#6123,#6134,.T.);
#6132 = VERTEX_POINT('',#6133);
#6133 = CARTESIAN_POINT('',(40.348329133874,-16.,1.E-15));
#6134 = CIRCLE('',#6135,3.);
#6135 = AXIS2_PLACEMENT_3D('',#6136,#6137,#6138);
#6136 = CARTESIAN_POINT('',(37.5,-15.058182,0.));
#6137 = DIRECTION('',(0.,0.,1.));
#6138 = DIRECTION('',(1.,0.,0.));
#6139 = ORIENTED_EDGE('',*,*,#6140,.F.);
#6140 = EDGE_CURVE('',#6031,#6132,#6141,.T.);
#6141 = LINE('',#6142,#6143);
#6142 = CARTESIAN_POINT('',(55.,-16.,8.9E-16));
#6143 = VECTOR('',#6144,1.);
#6144 = DIRECTION('',(-1.,-0.,-0.));
#6145 = FACE_BOUND('',#6146,.F.);
#6146 = EDGE_LOOP('',(#6147));
#6147 = ORIENTED_EDGE('',*,*,#6148,.F.);
#6148 = EDGE_CURVE('',#6149,#6149,#6151,.T.);
#6149 = VERTEX_POINT('',#6150);
#6150 = CARTESIAN_POINT('',(-34.5,0.,0.));
#6151 = CIRCLE('',#6152,3.);
#6152 = AXIS2_PLACEMENT_3D('',#6153,#6154,#6155);
#6153 = CARTESIAN_POINT('',(-37.5,0.,0.));
#6154 = DIRECTION('',(0.,0.,1.));
#6155 = DIRECTION('',(1.,0.,0.));
#6156 = FACE_BOUND('',#6157,.F.);
#6157 = EDGE_LOOP('',(#6158));
#6158 = ORIENTED_EDGE('',*,*,#6159,.F.);
#6159 = EDGE_CURVE('',#6160,#6160,#6162,.T.);
#6160 = VERTEX_POINT('',#6161);
#6161 = CARTESIAN_POINT('',(40.5,0.,0.));
#6162 = CIRCLE('',#6163,3.);
#6163 = AXIS2_PLACEMENT_3D('',#6164,#6165,#6166);
#6164 = CARTESIAN_POINT('',(37.5,0.,0.));
#6165 = DIRECTION('',(0.,0.,1.));
#6166 = DIRECTION('',(1.,0.,0.));
#6167 = FACE_BOUND('',#6168,.F.);
#6168 = EDGE_LOOP('',(#6169));
#6169 = ORIENTED_EDGE('',*,*,#6170,.F.);
#6170 = EDGE_CURVE('',#6171,#6171,#6173,.T.);
#6171 = VERTEX_POINT('',#6172);
#6172 = CARTESIAN_POINT('',(-34.5,14.09116,0.));
#6173 = CIRCLE('',#6174,3.);
#6174 = AXIS2_PLACEMENT_3D('',#6175,#6176,#6177);
#6175 = CARTESIAN_POINT('',(-37.5,14.09116,0.));
#6176 = DIRECTION('',(0.,0.,1.));
#6177 = DIRECTION('',(1.,0.,0.));
#6178 = FACE_BOUND('',#6179,.F.);
#6179 = EDGE_LOOP('',(#6180));
#6180 = ORIENTED_EDGE('',*,*,#6181,.F.);
#6181 = EDGE_CURVE('',#6182,#6182,#6184,.T.);
#6182 = VERTEX_POINT('',#6183);
#6183 = CARTESIAN_POINT('',(-34.5,28.008329,0.));
#6184 = CIRCLE('',#6185,3.);
#6185 = AXIS2_PLACEMENT_3D('',#6186,#6187,#6188);
#6186 = CARTESIAN_POINT('',(-37.5,28.008329,0.));
#6187 = DIRECTION('',(0.,0.,1.));
#6188 = DIRECTION('',(1.,0.,0.));
#6189 = FACE_BOUND('',#6190,.F.);
#6190 = EDGE_LOOP('',(#6191));
#6191 = ORIENTED_EDGE('',*,*,#6192,.F.);
#6192 = EDGE_CURVE('',#6193,#6193,#6195,.T.);
#6193 = VERTEX_POINT('',#6194);
#6194 = CARTESIAN_POINT('',(40.5,14.09116,0.));
#6195 = CIRCLE('',#6196,3.);
#6196 = AXIS2_PLACEMENT_3D('',#6197,#6198,#6199);
#6197 = CARTESIAN_POINT('',(37.5,14.09116,0.));
#6198 = DIRECTION('',(0.,0.,1.));
#6199 = DIRECTION('',(1.,0.,0.));
#6200 = FACE_BOUND('',#6201,.F.);
#6201 = EDGE_LOOP('',(#6202));
#6202 = ORIENTED_EDGE('',*,*,#6203,.F.);
#6203 = EDGE_CURVE('',#6204,#6204,#6206,.T.);
#6204 = VERTEX_POINT('',#6205);
#6205 = CARTESIAN_POINT('',(40.5,28.008329,0.));
#6206 = CIRCLE('',#6207,3.);
#6207 = AXIS2_PLACEMENT_3D('',#6208,#6209,#6210);
#6208 = CARTESIAN_POINT('',(37.5,28.008329,0.));
#6209 = DIRECTION('',(0.,0.,1.));
#6210 = DIRECTION('',(1.,0.,0.));
#6211 = PLANE('',#6212);
#6212 = AXIS2_PLACEMENT_3D('',#6213,#6214,#6215);
#6213 = CARTESIAN_POINT('',(-5.E-17,3.980983748794,0.));
#6214 = DIRECTION('',(0.,0.,1.));
#6215 = DIRECTION('',(1.,0.,0.));
#6216 = ADVANCED_FACE('',(#6217),#6267,.T.);
#6217 = FACE_BOUND('',#6218,.T.);
#6218 = EDGE_LOOP('',(#6219,#6229,#6236,#6237,#6245,#6253,#6261));
#6219 = ORIENTED_EDGE('',*,*,#6220,.T.);
#6220 = EDGE_CURVE('',#6221,#6223,#6225,.T.);
#6221 = VERTEX_POINT('',#6222);
#6222 = CARTESIAN_POINT('',(55.,-20.,-100.));
#6223 = VERTEX_POINT('',#6224);
#6224 = CARTESIAN_POINT('',(55.,-20.,-4.));
#6225 = LINE('',#6226,#6227);
#6226 = CARTESIAN_POINT('',(55.,-20.,-100.));
#6227 = VECTOR('',#6228,1.);
#6228 = DIRECTION('',(0.,0.,1.));
#6229 = ORIENTED_EDGE('',*,*,#6230,.F.);
#6230 = EDGE_CURVE('',#6031,#6223,#6231,.T.);
#6231 = CIRCLE('',#6232,4.);
#6232 = AXIS2_PLACEMENT_3D('',#6233,#6234,#6235);
#6233 = CARTESIAN_POINT('',(55.,-16.,-4.));
#6234 = DIRECTION('',(1.,0.,0.));
#6235 = DIRECTION('',(0.,0.,-1.));
#6236 = ORIENTED_EDGE('',*,*,#6030,.T.);
#6237 = ORIENTED_EDGE('',*,*,#6238,.T.);
#6238 = EDGE_CURVE('',#6033,#6239,#6241,.T.);
#6239 = VERTEX_POINT('',#6240);
#6240 = CARTESIAN_POINT('',(55.,40.,5.));
#6241 = LINE('',#6242,#6243);
#6242 = CARTESIAN_POINT('',(55.,40.,0.));
#6243 = VECTOR('',#6244,1.);
#6244 = DIRECTION('',(0.,0.,1.));
#6245 = ORIENTED_EDGE('',*,*,#6246,.F.);
#6246 = EDGE_CURVE('',#6247,#6239,#6249,.T.);
#6247 = VERTEX_POINT('',#6248);
#6248 = CARTESIAN_POINT('',(55.,-30.,5.));
#6249 = LINE('',#6250,#6251);
#6250 = CARTESIAN_POINT('',(55.,-30.,5.));
#6251 = VECTOR('',#6252,1.);
#6252 = DIRECTION('',(0.,1.,0.));
#6253 = ORIENTED_EDGE('',*,*,#6254,.T.);
#6254 = EDGE_CURVE('',#6247,#6255,#6257,.T.);
#6255 = VERTEX_POINT('',#6256);
#6256 = CARTESIAN_POINT('',(55.,-30.,-100.));
#6257 = LINE('',#6258,#6259);
#6258 = CARTESIAN_POINT('',(55.,-30.,-3.4E-15));
#6259 = VECTOR('',#6260,1.);
#6260 = DIRECTION('',(0.,0.,-1.));
#6261 = ORIENTED_EDGE('',*,*,#6262,.T.);
#6262 = EDGE_CURVE('',#6255,#6221,#6263,.T.);
#6263 = LINE('',#6264,#6265);
#6264 = CARTESIAN_POINT('',(55.,-30.,-100.));
#6265 = VECTOR('',#6266,1.);
#6266 = DIRECTION('',(0.,1.,0.));
#6267 = PLANE('',#6268);
#6268 = AXIS2_PLACEMENT_3D('',#6269,#6270,#6271);
#6269 = CARTESIAN_POINT('',(55.,-12.14285714285,-30.35714285714));
#6270 = DIRECTION('',(1.,0.,0.));
#6271 = DIRECTION('',(0.,0.,1.));
#6272 = ADVANCED_FACE('',(#6273),#6292,.F.);
#6273 = FACE_BOUND('',#6274,.T.);
#6274 = EDGE_LOOP('',(#6275,#6276,#6284,#6291));
#6275 = ORIENTED_EDGE('',*,*,#6230,.T.);
#6276 = ORIENTED_EDGE('',*,*,#6277,.T.);
#6277 = EDGE_CURVE('',#6223,#6278,#6280,.T.);
#6278 = VERTEX_POINT('',#6279);
#6279 = CARTESIAN_POINT('',(40.348329133874,-20.,-4.));
#6280 = LINE('',#6281,#6282);
#6281 = CARTESIAN_POINT('',(55.,-20.,-4.));
#6282 = VECTOR('',#6283,1.);
#6283 = DIRECTION('',(-1.,-0.,-0.));
#6284 = ORIENTED_EDGE('',*,*,#6285,.F.);
#6285 = EDGE_CURVE('',#6132,#6278,#6286,.T.);
#6286 = CIRCLE('',#6287,4.);
#6287 = AXIS2_PLACEMENT_3D('',#6288,#6289,#6290);
#6288 = CARTESIAN_POINT('',(40.348329133874,-16.,-4.));
#6289 = DIRECTION('',(1.,0.,0.));
#6290 = DIRECTION('',(-0.,0.,1.));
#6291 = ORIENTED_EDGE('',*,*,#6140,.F.);
#6292 = CYLINDRICAL_SURFACE('',#6293,4.);
#6293 = AXIS2_PLACEMENT_3D('',#6294,#6295,#6296);
#6294 = CARTESIAN_POINT('',(55.,-16.,-4.));
#6295 = DIRECTION('',(-1.,-0.,-0.));
#6296 = DIRECTION('',(-0.,0.,1.));
#6297 = ADVANCED_FACE('',(#6298),#6316,.F.);
#6298 = FACE_BOUND('',#6299,.F.);
#6299 = EDGE_LOOP('',(#6300,#6301,#6309,#6315));
#6300 = ORIENTED_EDGE('',*,*,#6238,.T.);
#6301 = ORIENTED_EDGE('',*,*,#6302,.T.);
#6302 = EDGE_CURVE('',#6239,#6303,#6305,.T.);
#6303 = VERTEX_POINT('',#6304);
#6304 = CARTESIAN_POINT('',(17.5,40.,5.));
#6305 = LINE('',#6306,#6307);
#6306 = CARTESIAN_POINT('',(55.,40.,5.));
#6307 = VECTOR('',#6308,1.);
#6308 = DIRECTION('',(-1.,0.,0.));
#6309 = ORIENTED_EDGE('',*,*,#6310,.F.);
#6310 = EDGE_CURVE('',#6041,#6303,#6311,.T.);
#6311 = LINE('',#6312,#6313);
#6312 = CARTESIAN_POINT('',(17.5,40.,0.));
#6313 = VECTOR('',#6314,1.);
#6314 = DIRECTION('',(0.,0.,1.));
#6315 = ORIENTED_EDGE('',*,*,#6040,.F.);
#6316 = PLANE('',#6317);
#6317 = AXIS2_PLACEMENT_3D('',#6318,#6319,#6320);
#6318 = CARTESIAN_POINT('',(55.,40.,0.));
#6319 = DIRECTION('',(0.,-1.,0.));
#6320 = DIRECTION('',(-1.,0.,0.));
#6321 = ADVANCED_FACE('',(#6322),#6395,.F.);
#6322 = FACE_BOUND('',#6323,.T.);
#6323 = EDGE_LOOP('',(#6324,#6325,#6333,#6340,#6341,#6342));
#6324 = ORIENTED_EDGE('',*,*,#6122,.F.);
#6325 = ORIENTED_EDGE('',*,*,#6326,.T.);
#6326 = EDGE_CURVE('',#6123,#6327,#6329,.T.);
#6327 = VERTEX_POINT('',#6328);
#6328 = CARTESIAN_POINT('',(40.5,-15.058182,2.));
#6329 = LINE('',#6330,#6331);
#6330 = CARTESIAN_POINT('',(40.5,-15.058182,0.));
#6331 = VECTOR('',#6332,1.);
#6332 = DIRECTION('',(0.,0.,1.));
#6333 = ORIENTED_EDGE('',*,*,#6334,.T.);
#6334 = EDGE_CURVE('',#6327,#6327,#6335,.T.);
#6335 = CIRCLE('',#6336,3.);
#6336 = AXIS2_PLACEMENT_3D('',#6337,#6338,#6339);
#6337 = CARTESIAN_POINT('',(37.5,-15.058182,2.));
#6338 = DIRECTION('',(0.,0.,1.));
#6339 = DIRECTION('',(1.,0.,0.));
#6340 = ORIENTED_EDGE('',*,*,#6326,.F.);
#6341 = ORIENTED_EDGE('',*,*,#6131,.F.);
#6342 = ORIENTED_EDGE('',*,*,#6343,.T.);
#6343 = EDGE_CURVE('',#6132,#6115,#6344,.T.);
#6344 = ( BOUNDED_CURVE() B_SPLINE_CURVE(9,(#6345,#6346,#6347,#6348,
    #6349,#6350,#6351,#6352,#6353,#6354,#6355,#6356,#6357,#6358,#6359,
    #6360,#6361,#6362,#6363,#6364,#6365,#6366,#6367,#6368,#6369,#6370,
    #6371,#6372,#6373,#6374,#6375,#6376,#6377,#6378,#6379,#6380,#6381,
    #6382,#6383,#6384,#6385,#6386,#6387,#6388,#6389,#6390,#6391,#6392,
#6393,#6394),.UNSPECIFIED.,.F.,.F.) B_SPLINE_CURVE_WITH_KNOTS((10,8,8,8,
    8,8,10),(14.651670866126,15.363753149594,16.075835433063,17.5,
    18.924164566937,19.636246850406,20.348329133874),.UNSPECIFIED.) 
CURVE() GEOMETRIC_REPRESENTATION_ITEM() RATIONAL_B_SPLINE_CURVE((1.,1.,
    1.,1.,1.,1.,1.,1.,1.,1.,1.,1.,1.,1.,1.,1.,1.,1.,1.,1.,1.,1.,1.,1.,1.
    ,1.,1.,1.,1.,1.,1.,1.,1.,1.,1.,1.,1.,1.,1.,1.,1.,1.,1.,1.,1.,1.,1.,
1.,1.,1.)) REPRESENTATION_ITEM('') );
#6345 = CARTESIAN_POINT('',(40.348329133874,-16.,0.));
#6346 = CARTESIAN_POINT('',(40.269208880155,-16.23928245557,0.));
#6347 = CARTESIAN_POINT('',(40.190088626436,-16.403346923,0.));
#6348 = CARTESIAN_POINT('',(40.110968372719,-16.55968237081,0.));
#6349 = CARTESIAN_POINT('',(40.031848118998,-16.6793165574,0.));
#6350 = CARTESIAN_POINT('',(39.952727865282,-16.80115390975,0.));
#6351 = CARTESIAN_POINT('',(39.873607611561,-16.90129494571,0.));
#6352 = CARTESIAN_POINT('',(39.794487357843,-16.99741620173,0.));
#6353 = CARTESIAN_POINT('',(39.715367104124,-17.08422443987,0.));
#6354 = CARTESIAN_POINT('',(39.557126596687,-17.24471568128,0.));
#6355 = CARTESIAN_POINT('',(39.478006342968,-17.31819874164,0.));
#6356 = CARTESIAN_POINT('',(39.398886089249,-17.38585401896,0.));
#6357 = CARTESIAN_POINT('',(39.31976583553,-17.44838608612,0.));
#6358 = CARTESIAN_POINT('',(39.240645581812,-17.50631570959,0.));
#6359 = CARTESIAN_POINT('',(39.161525328093,-17.5600262476,0.));
#6360 = CARTESIAN_POINT('',(39.082405074375,-17.60981004816,0.));
#6361 = CARTESIAN_POINT('',(39.003284820656,-17.6559148472,0.));
#6362 = CARTESIAN_POINT('',(38.7659240595,-17.78394080541,0.));
#6363 = CARTESIAN_POINT('',(38.607683552062,-17.85556431746,0.));
#6364 = CARTESIAN_POINT('',(38.449443044625,-17.91503915544,0.));
#6365 = CARTESIAN_POINT('',(38.291202537187,-17.96348889749,0.));
#6366 = CARTESIAN_POINT('',(38.13296202975,-18.00166428543,0.));
#6367 = CARTESIAN_POINT('',(37.974721522312,-18.03002526296,0.));
#6368 = CARTESIAN_POINT('',(37.816481014875,-18.04882301381,0.));
#6369 = CARTESIAN_POINT('',(37.658240507437,-18.058182,0.));
#6370 = CARTESIAN_POINT('',(37.341759492563,-18.058182,0.));
#6371 = CARTESIAN_POINT('',(37.183518985125,-18.04882301381,0.));
#6372 = CARTESIAN_POINT('',(37.025278477688,-18.03002526296,0.));
#6373 = CARTESIAN_POINT('',(36.86703797025,-18.00166428543,0.));
#6374 = CARTESIAN_POINT('',(36.708797462813,-17.96348889749,0.));
#6375 = CARTESIAN_POINT('',(36.550556955375,-17.91503915544,0.));
#6376 = CARTESIAN_POINT('',(36.392316447938,-17.85556431746,0.));
#6377 = CARTESIAN_POINT('',(36.2340759405,-17.78394080541,0.));
#6378 = CARTESIAN_POINT('',(35.996715179344,-17.6559148472,0.));
#6379 = CARTESIAN_POINT('',(35.917594925626,-17.60981004816,0.));
#6380 = CARTESIAN_POINT('',(35.838474671907,-17.5600262476,0.));
#6381 = CARTESIAN_POINT('',(35.759354418188,-17.50631570959,0.));
#6382 = CARTESIAN_POINT('',(35.680234164469,-17.44838608612,0.));
#6383 = CARTESIAN_POINT('',(35.601113910751,-17.38585401896,0.));
#6384 = CARTESIAN_POINT('',(35.521993657032,-17.31819874164,0.));
#6385 = CARTESIAN_POINT('',(35.442873403313,-17.24471568128,0.));
#6386 = CARTESIAN_POINT('',(35.284632895876,-17.08422443987,0.));
#6387 = CARTESIAN_POINT('',(35.205512642158,-16.99741620173,0.));
#6388 = CARTESIAN_POINT('',(35.126392388438,-16.90129494571,0.));
#6389 = CARTESIAN_POINT('',(35.047272134718,-16.80115390975,0.));
#6390 = CARTESIAN_POINT('',(34.968151881005,-16.6793165574,0.));
#6391 = CARTESIAN_POINT('',(34.889031627279,-16.5596823708,0.));
#6392 = CARTESIAN_POINT('',(34.809911373565,-16.403346923,0.));
#6393 = CARTESIAN_POINT('',(34.730791119845,-16.23928245557,0.));
#6394 = CARTESIAN_POINT('',(34.651670866126,-16.,0.));
#6395 = CYLINDRICAL_SURFACE('',#6396,3.);
#6396 = AXIS2_PLACEMENT_3D('',#6397,#6398,#6399);
#6397 = CARTESIAN_POINT('',(37.5,-15.058182,0.));
#6398 = DIRECTION('',(-0.,-0.,-1.));
#6399 = DIRECTION('',(1.,0.,0.));
#6400 = ADVANCED_FACE('',(#6401),#6419,.F.);
#6401 = FACE_BOUND('',#6402,.F.);
#6402 = EDGE_LOOP('',(#6403,#6404,#6412,#6418));
#6403 = ORIENTED_EDGE('',*,*,#6310,.T.);
#6404 = ORIENTED_EDGE('',*,*,#6405,.T.);
#6405 = EDGE_CURVE('',#6303,#6406,#6408,.T.);
#6406 = VERTEX_POINT('',#6407);
#6407 = CARTESIAN_POINT('',(17.5,-9.659887,5.));
#6408 = LINE('',#6409,#6410);
#6409 = CARTESIAN_POINT('',(17.5,40.,5.));
#6410 = VECTOR('',#6411,1.);
#6411 = DIRECTION('',(0.,-1.,0.));
#6412 = ORIENTED_EDGE('',*,*,#6413,.F.);
#6413 = EDGE_CURVE('',#6049,#6406,#6414,.T.);
#6414 = LINE('',#6415,#6416);
#6415 = CARTESIAN_POINT('',(17.5,-9.659887,0.));
#6416 = VECTOR('',#6417,1.);
#6417 = DIRECTION('',(0.,0.,1.));
#6418 = ORIENTED_EDGE('',*,*,#6048,.F.);
#6419 = PLANE('',#6420);
#6420 = AXIS2_PLACEMENT_3D('',#6421,#6422,#6423);
#6421 = CARTESIAN_POINT('',(17.5,40.,0.));
#6422 = DIRECTION('',(1.,0.,0.));
#6423 = DIRECTION('',(0.,-1.,0.));
#6424 = ADVANCED_FACE('',(#6425),#6443,.F.);
#6425 = FACE_BOUND('',#6426,.F.);
#6426 = EDGE_LOOP('',(#6427,#6428,#6436,#6442));
#6427 = ORIENTED_EDGE('',*,*,#6413,.T.);
#6428 = ORIENTED_EDGE('',*,*,#6429,.T.);
#6429 = EDGE_CURVE('',#6406,#6430,#6432,.T.);
#6430 = VERTEX_POINT('',#6431);
#6431 = CARTESIAN_POINT('',(-17.5,-9.659887,5.));
#6432 = LINE('',#6433,#6434);
#6433 = CARTESIAN_POINT('',(17.5,-9.659887,5.));
#6434 = VECTOR('',#6435,1.);
#6435 = DIRECTION('',(-1.,1.E-16,0.));
#6436 = ORIENTED_EDGE('',*,*,#6437,.F.);
#6437 = EDGE_CURVE('',#6057,#6430,#6438,.T.);
#6438 = LINE('',#6439,#6440);
#6439 = CARTESIAN_POINT('',(-17.5,-9.659887,0.));
#6440 = VECTOR('',#6441,1.);
#6441 = DIRECTION('',(0.,0.,1.));
#6442 = ORIENTED_EDGE('',*,*,#6056,.F.);
#6443 = PLANE('',#6444);
#6444 = AXIS2_PLACEMENT_3D('',#6445,#6446,#6447);
#6445 = CARTESIAN_POINT('',(17.5,-9.659887,0.));
#6446 = DIRECTION('',(-1.E-16,-1.,0.));
#6447 = DIRECTION('',(-1.,1.E-16,0.));
#6448 = ADVANCED_FACE('',(#6449),#6475,.F.);
#6449 = FACE_BOUND('',#6450,.T.);
#6450 = EDGE_LOOP('',(#6451,#6459,#6467,#6474));
#6451 = ORIENTED_EDGE('',*,*,#6452,.T.);
#6452 = EDGE_CURVE('',#6115,#6453,#6455,.T.);
#6453 = VERTEX_POINT('',#6454);
#6454 = CARTESIAN_POINT('',(34.651670866126,-20.,-4.));
#6455 = ( BOUNDED_CURVE() B_SPLINE_CURVE(2,(#6456,#6457,#6458),
.UNSPECIFIED.,.F.,.F.) B_SPLINE_CURVE_WITH_KNOTS((3,3),(0.,
5.696658267748),.PIECEWISE_BEZIER_KNOTS.) CURVE() 
GEOMETRIC_REPRESENTATION_ITEM() RATIONAL_B_SPLINE_CURVE((1.,
0.707106781187,1.)) REPRESENTATION_ITEM('') );
#6456 = CARTESIAN_POINT('',(34.651670866126,-16.,0.));
#6457 = CARTESIAN_POINT('',(34.651670866126,-20.,3.11E-15));
#6458 = CARTESIAN_POINT('',(34.651670866126,-20.,-4.));
#6459 = ORIENTED_EDGE('',*,*,#6460,.T.);
#6460 = EDGE_CURVE('',#6453,#6461,#6463,.T.);
#6461 = VERTEX_POINT('',#6462);
#6462 = CARTESIAN_POINT('',(-34.65167086612,-20.,-4.));
#6463 = LINE('',#6464,#6465);
#6464 = CARTESIAN_POINT('',(55.,-20.,-4.));
#6465 = VECTOR('',#6466,1.);
#6466 = DIRECTION('',(-1.,-0.,-0.));
#6467 = ORIENTED_EDGE('',*,*,#6468,.F.);
#6468 = EDGE_CURVE('',#6106,#6461,#6469,.T.);
#6469 = CIRCLE('',#6470,4.);
#6470 = AXIS2_PLACEMENT_3D('',#6471,#6472,#6473);
#6471 = CARTESIAN_POINT('',(-34.65167086612,-16.,-4.));
#6472 = DIRECTION('',(1.,0.,0.));
#6473 = DIRECTION('',(-0.,0.,1.));
#6474 = ORIENTED_EDGE('',*,*,#6114,.F.);
#6475 = CYLINDRICAL_SURFACE('',#6476,4.);
#6476 = AXIS2_PLACEMENT_3D('',#6477,#6478,#6479);
#6477 = CARTESIAN_POINT('',(55.,-16.,-4.));
#6478 = DIRECTION('',(-1.,-0.,-0.));
#6479 = DIRECTION('',(-0.,0.,1.));
#6480 = ADVANCED_FACE('',(#6481),#6499,.F.);
#6481 = FACE_BOUND('',#6482,.F.);
#6482 = EDGE_LOOP('',(#6483,#6484,#6492,#6498));
#6483 = ORIENTED_EDGE('',*,*,#6437,.T.);
#6484 = ORIENTED_EDGE('',*,*,#6485,.T.);
#6485 = EDGE_CURVE('',#6430,#6486,#6488,.T.);
#6486 = VERTEX_POINT('',#6487);
#6487 = CARTESIAN_POINT('',(-17.5,40.,5.));
#6488 = LINE('',#6489,#6490);
#6489 = CARTESIAN_POINT('',(-17.5,-9.659887,5.));
#6490 = VECTOR('',#6491,1.);
#6491 = DIRECTION('',(0.,1.,0.));
#6492 = ORIENTED_EDGE('',*,*,#6493,.F.);
#6493 = EDGE_CURVE('',#6065,#6486,#6494,.T.);
#6494 = LINE('',#6495,#6496);
#6495 = CARTESIAN_POINT('',(-17.5,40.,0.));
#6496 = VECTOR('',#6497,1.);
#6497 = DIRECTION('',(0.,0.,1.));
#6498 = ORIENTED_EDGE('',*,*,#6064,.F.);
#6499 = PLANE('',#6500);
#6500 = AXIS2_PLACEMENT_3D('',#6501,#6502,#6503);
#6501 = CARTESIAN_POINT('',(-17.5,-9.659887,0.));
#6502 = DIRECTION('',(-1.,0.,0.));
#6503 = DIRECTION('',(0.,1.,0.));
#6504 = ADVANCED_FACE('',(#6505),#6578,.F.);
#6505 = FACE_BOUND('',#6506,.T.);
#6506 = EDGE_LOOP('',(#6507,#6508,#6516,#6523,#6524,#6525));
#6507 = ORIENTED_EDGE('',*,*,#6096,.F.);
#6508 = ORIENTED_EDGE('',*,*,#6509,.T.);
#6509 = EDGE_CURVE('',#6097,#6510,#6512,.T.);
#6510 = VERTEX_POINT('',#6511);
#6511 = CARTESIAN_POINT('',(-34.5,-15.058182,2.));
#6512 = LINE('',#6513,#6514);
#6513 = CARTESIAN_POINT('',(-34.5,-15.058182,0.));
#6514 = VECTOR('',#6515,1.);
#6515 = DIRECTION('',(0.,0.,1.));
#6516 = ORIENTED_EDGE('',*,*,#6517,.T.);
#6517 = EDGE_CURVE('',#6510,#6510,#6518,.T.);
#6518 = CIRCLE('',#6519,3.);
#6519 = AXIS2_PLACEMENT_3D('',#6520,#6521,#6522);
#6520 = CARTESIAN_POINT('',(-37.5,-15.058182,2.));
#6521 = DIRECTION('',(0.,0.,1.));
#6522 = DIRECTION('',(1.,0.,0.));
#6523 = ORIENTED_EDGE('',*,*,#6509,.F.);
#6524 = ORIENTED_EDGE('',*,*,#6105,.F.);
#6525 = ORIENTED_EDGE('',*,*,#6526,.T.);
#6526 = EDGE_CURVE('',#6106,#6089,#6527,.T.);
#6527 = ( BOUNDED_CURVE() B_SPLINE_CURVE(9,(#6528,#6529,#6530,#6531,
    #6532,#6533,#6534,#6535,#6536,#6537,#6538,#6539,#6540,#6541,#6542,
    #6543,#6544,#6545,#6546,#6547,#6548,#6549,#6550,#6551,#6552,#6553,
    #6554,#6555,#6556,#6557,#6558,#6559,#6560,#6561,#6562,#6563,#6564,
    #6565,#6566,#6567,#6568,#6569,#6570,#6571,#6572,#6573,#6574,#6575,
#6576,#6577),.UNSPECIFIED.,.F.,.F.) B_SPLINE_CURVE_WITH_KNOTS((10,8,8,8,
    8,8,10),(89.651670866126,90.363753149594,91.075835433063,92.5,
    93.924164566937,94.636246850406,95.348329133874),.UNSPECIFIED.) 
CURVE() GEOMETRIC_REPRESENTATION_ITEM() RATIONAL_B_SPLINE_CURVE((1.,1.,
    1.,1.,1.,1.,1.,1.,1.,1.,1.,1.,1.,1.,1.,1.,1.,1.,1.,1.,1.,1.,1.,1.,1.
    ,1.,1.,1.,1.,1.,1.,1.,1.,1.,1.,1.,1.,1.,1.,1.,1.,1.,1.,1.,1.,1.,1.,
1.,1.,1.)) REPRESENTATION_ITEM('') );
#6528 = CARTESIAN_POINT('',(-34.65167086612,-16.,0.));
#6529 = CARTESIAN_POINT('',(-34.73079111984,-16.23928245557,0.));
#6530 = CARTESIAN_POINT('',(-34.80991137356,-16.403346923,0.));
#6531 = CARTESIAN_POINT('',(-34.88903162728,-16.55968237081,0.));
#6532 = CARTESIAN_POINT('',(-34.968151881,-16.6793165574,0.));
#6533 = CARTESIAN_POINT('',(-35.04727213471,-16.80115390975,0.));
#6534 = CARTESIAN_POINT('',(-35.12639238843,-16.90129494571,0.));
#6535 = CARTESIAN_POINT('',(-35.20551264215,-16.99741620173,0.));
#6536 = CARTESIAN_POINT('',(-35.28463289587,-17.08422443987,0.));
#6537 = CARTESIAN_POINT('',(-35.44287340331,-17.24471568128,0.));
#6538 = CARTESIAN_POINT('',(-35.52199365703,-17.31819874164,0.));
#6539 = CARTESIAN_POINT('',(-35.60111391075,-17.38585401896,0.));
#6540 = CARTESIAN_POINT('',(-35.68023416446,-17.44838608612,0.));
#6541 = CARTESIAN_POINT('',(-35.75935441818,-17.50631570959,0.));
#6542 = CARTESIAN_POINT('',(-35.8384746719,-17.5600262476,0.));
#6543 = CARTESIAN_POINT('',(-35.91759492562,-17.60981004816,0.));
#6544 = CARTESIAN_POINT('',(-35.99671517934,-17.6559148472,0.));
#6545 = CARTESIAN_POINT('',(-36.2340759405,-17.78394080541,0.));
#6546 = CARTESIAN_POINT('',(-36.39231644793,-17.85556431746,0.));
#6547 = CARTESIAN_POINT('',(-36.55055695537,-17.91503915544,0.));
#6548 = CARTESIAN_POINT('',(-36.70879746281,-17.96348889749,0.));
#6549 = CARTESIAN_POINT('',(-36.86703797025,-18.00166428543,0.));
#6550 = CARTESIAN_POINT('',(-37.02527847768,-18.03002526296,0.));
#6551 = CARTESIAN_POINT('',(-37.18351898512,-18.04882301381,0.));
#6552 = CARTESIAN_POINT('',(-37.34175949256,-18.058182,0.));
#6553 = CARTESIAN_POINT('',(-37.65824050743,-18.058182,0.));
#6554 = CARTESIAN_POINT('',(-37.81648101487,-18.04882301381,0.));
#6555 = CARTESIAN_POINT('',(-37.97472152231,-18.03002526296,0.));
#6556 = CARTESIAN_POINT('',(-38.13296202975,-18.00166428543,0.));
#6557 = CARTESIAN_POINT('',(-38.29120253718,-17.96348889749,0.));
#6558 = CARTESIAN_POINT('',(-38.44944304462,-17.91503915544,0.));
#6559 = CARTESIAN_POINT('',(-38.60768355206,-17.85556431746,0.));
#6560 = CARTESIAN_POINT('',(-38.7659240595,-17.78394080541,0.));
#6561 = CARTESIAN_POINT('',(-39.00328482065,-17.6559148472,0.));
#6562 = CARTESIAN_POINT('',(-39.08240507437,-17.60981004816,0.));
#6563 = CARTESIAN_POINT('',(-39.16152532809,-17.5600262476,0.));
#6564 = CARTESIAN_POINT('',(-39.24064558181,-17.50631570959,0.));
#6565 = CARTESIAN_POINT('',(-39.31976583553,-17.44838608612,0.));
#6566 = CARTESIAN_POINT('',(-39.39888608924,-17.38585401896,0.));
#6567 = CARTESIAN_POINT('',(-39.47800634296,-17.31819874164,0.));
#6568 = CARTESIAN_POINT('',(-39.55712659668,-17.24471568128,0.));
#6569 = CARTESIAN_POINT('',(-39.71536710412,-17.08422443987,0.));
#6570 = CARTESIAN_POINT('',(-39.79448735784,-16.99741620173,0.));
#6571 = CARTESIAN_POINT('',(-39.87360761156,-16.90129494571,0.));
#6572 = CARTESIAN_POINT('',(-39.95272786528,-16.80115390975,0.));
#6573 = CARTESIAN_POINT('',(-40.03184811899,-16.6793165574,0.));
#6574 = CARTESIAN_POINT('',(-40.11096837272,-16.55968237081,0.));
#6575 = CARTESIAN_POINT('',(-40.19008862643,-16.403346923,0.));
#6576 = CARTESIAN_POINT('',(-40.26920888015,-16.23928245557,0.));
#6577 = CARTESIAN_POINT('',(-40.34832913387,-16.,0.));
#6578 = CYLINDRICAL_SURFACE('',#6579,3.);
#6579 = AXIS2_PLACEMENT_3D('',#6580,#6581,#6582);
#6580 = CARTESIAN_POINT('',(-37.5,-15.058182,0.));
#6581 = DIRECTION('',(-0.,-0.,-1.));
#6582 = DIRECTION('',(1.,0.,0.));
#6583 = ADVANCED_FACE('',(#6584),#6602,.F.);
#6584 = FACE_BOUND('',#6585,.F.);
#6585 = EDGE_LOOP('',(#6586,#6587,#6595,#6601));
#6586 = ORIENTED_EDGE('',*,*,#6493,.T.);
#6587 = ORIENTED_EDGE('',*,*,#6588,.T.);
#6588 = EDGE_CURVE('',#6486,#6589,#6591,.T.);
#6589 = VERTEX_POINT('',#6590);
#6590 = CARTESIAN_POINT('',(-55.,40.,5.));
#6591 = LINE('',#6592,#6593);
#6592 = CARTESIAN_POINT('',(-17.5,40.,5.));
#6593 = VECTOR('',#6594,1.);
#6594 = DIRECTION('',(-1.,0.,0.));
#6595 = ORIENTED_EDGE('',*,*,#6596,.F.);
#6596 = EDGE_CURVE('',#6073,#6589,#6597,.T.);
#6597 = LINE('',#6598,#6599);
#6598 = CARTESIAN_POINT('',(-55.,40.,0.));
#6599 = VECTOR('',#6600,1.);
#6600 = DIRECTION('',(0.,0.,1.));
#6601 = ORIENTED_EDGE('',*,*,#6072,.F.);
#6602 = PLANE('',#6603);
#6603 = AXIS2_PLACEMENT_3D('',#6604,#6605,#6606);
#6604 = CARTESIAN_POINT('',(-17.5,40.,0.));
#6605 = DIRECTION('',(0.,-1.,0.));
#6606 = DIRECTION('',(-1.,0.,0.));
#6607 = ADVANCED_FACE('',(#6608),#6651,.T.);
#6608 = FACE_BOUND('',#6609,.T.);
#6609 = EDGE_LOOP('',(#6610,#6611,#6620,#6628,#6636,#6644,#6650));
#6610 = ORIENTED_EDGE('',*,*,#6080,.T.);
#6611 = ORIENTED_EDGE('',*,*,#6612,.T.);
#6612 = EDGE_CURVE('',#6081,#6613,#6615,.T.);
#6613 = VERTEX_POINT('',#6614);
#6614 = CARTESIAN_POINT('',(-55.,-20.,-4.));
#6615 = CIRCLE('',#6616,4.);
#6616 = AXIS2_PLACEMENT_3D('',#6617,#6618,#6619);
#6617 = CARTESIAN_POINT('',(-55.,-16.,-4.));
#6618 = DIRECTION('',(1.,0.,0.));
#6619 = DIRECTION('',(0.,0.,-1.));
#6620 = ORIENTED_EDGE('',*,*,#6621,.F.);
#6621 = EDGE_CURVE('',#6622,#6613,#6624,.T.);
#6622 = VERTEX_POINT('',#6623);
#6623 = CARTESIAN_POINT('',(-55.,-20.,-100.));
#6624 = LINE('',#6625,#6626);
#6625 = CARTESIAN_POINT('',(-55.,-20.,-100.));
#6626 = VECTOR('',#6627,1.);
#6627 = DIRECTION('',(0.,0.,1.));
#6628 = ORIENTED_EDGE('',*,*,#6629,.F.);
#6629 = EDGE_CURVE('',#6630,#6622,#6632,.T.);
#6630 = VERTEX_POINT('',#6631);
#6631 = CARTESIAN_POINT('',(-55.,-30.,-100.));
#6632 = LINE('',#6633,#6634);
#6633 = CARTESIAN_POINT('',(-55.,-30.,-100.));
#6634 = VECTOR('',#6635,1.);
#6635 = DIRECTION('',(0.,1.,0.));
#6636 = ORIENTED_EDGE('',*,*,#6637,.F.);
#6637 = EDGE_CURVE('',#6638,#6630,#6640,.T.);
#6638 = VERTEX_POINT('',#6639);
#6639 = CARTESIAN_POINT('',(-55.,-30.,5.));
#6640 = LINE('',#6641,#6642);
#6641 = CARTESIAN_POINT('',(-55.,-30.,-3.4E-15));
#6642 = VECTOR('',#6643,1.);
#6643 = DIRECTION('',(0.,0.,-1.));
#6644 = ORIENTED_EDGE('',*,*,#6645,.F.);
#6645 = EDGE_CURVE('',#6589,#6638,#6646,.T.);
#6646 = LINE('',#6647,#6648);
#6647 = CARTESIAN_POINT('',(-55.,40.,5.));
#6648 = VECTOR('',#6649,1.);
#6649 = DIRECTION('',(0.,-1.,0.));
#6650 = ORIENTED_EDGE('',*,*,#6596,.F.);
#6651 = PLANE('',#6652);
#6652 = AXIS2_PLACEMENT_3D('',#6653,#6654,#6655);
#6653 = CARTESIAN_POINT('',(-55.,-12.14285714285,-30.35714285714));
#6654 = DIRECTION('',(-1.,-0.,-0.));
#6655 = DIRECTION('',(0.,0.,-1.));
#6656 = ADVANCED_FACE('',(#6657),#6675,.F.);
#6657 = FACE_BOUND('',#6658,.T.);
#6658 = EDGE_LOOP('',(#6659,#6667,#6673,#6674));
#6659 = ORIENTED_EDGE('',*,*,#6660,.T.);
#6660 = EDGE_CURVE('',#6089,#6661,#6663,.T.);
#6661 = VERTEX_POINT('',#6662);
#6662 = CARTESIAN_POINT('',(-40.34832913387,-20.,-4.));
#6663 = ( BOUNDED_CURVE() B_SPLINE_CURVE(2,(#6664,#6665,#6666),
.UNSPECIFIED.,.F.,.F.) B_SPLINE_CURVE_WITH_KNOTS((3,3),(0.,
5.696658267748),.PIECEWISE_BEZIER_KNOTS.) CURVE() 
GEOMETRIC_REPRESENTATION_ITEM() RATIONAL_B_SPLINE_CURVE((1.,
0.707106781187,1.)) REPRESENTATION_ITEM('') );
#6664 = CARTESIAN_POINT('',(-40.34832913387,-16.,0.));
#6665 = CARTESIAN_POINT('',(-40.34832913387,-20.,3.55E-15));
#6666 = CARTESIAN_POINT('',(-40.34832913387,-20.,-4.));
#6667 = ORIENTED_EDGE('',*,*,#6668,.T.);
#6668 = EDGE_CURVE('',#6661,#6613,#6669,.T.);
#6669 = LINE('',#6670,#6671);
#6670 = CARTESIAN_POINT('',(55.,-20.,-4.));
#6671 = VECTOR('',#6672,1.);
#6672 = DIRECTION('',(-1.,-0.,-0.));
#6673 = ORIENTED_EDGE('',*,*,#6612,.F.);
#6674 = ORIENTED_EDGE('',*,*,#6088,.F.);
#6675 = CYLINDRICAL_SURFACE('',#6676,4.);
#6676 = AXIS2_PLACEMENT_3D('',#6677,#6678,#6679);
#6677 = CARTESIAN_POINT('',(55.,-16.,-4.));
#6678 = DIRECTION('',(-1.,-0.,-0.));
#6679 = DIRECTION('',(-0.,0.,1.));
#6680 = ADVANCED_FACE('',(#6681),#6700,.F.);
#6681 = FACE_BOUND('',#6682,.T.);
#6682 = EDGE_LOOP('',(#6683,#6691,#6698,#6699));
#6683 = ORIENTED_EDGE('',*,*,#6684,.T.);
#6684 = EDGE_CURVE('',#6149,#6685,#6687,.T.);
#6685 = VERTEX_POINT('',#6686);
#6686 = CARTESIAN_POINT('',(-34.5,0.,2.));
#6687 = LINE('',#6688,#6689);
#6688 = CARTESIAN_POINT('',(-34.5,0.,0.));
#6689 = VECTOR('',#6690,1.);
#6690 = DIRECTION('',(0.,0.,1.));
#6691 = ORIENTED_EDGE('',*,*,#6692,.T.);
#6692 = EDGE_CURVE('',#6685,#6685,#6693,.T.);
#6693 = CIRCLE('',#6694,3.);
#6694 = AXIS2_PLACEMENT_3D('',#6695,#6696,#6697);
#6695 = CARTESIAN_POINT('',(-37.5,0.,2.));
#6696 = DIRECTION('',(0.,0.,1.));
#6697 = DIRECTION('',(1.,0.,0.));
#6698 = ORIENTED_EDGE('',*,*,#6684,.F.);
#6699 = ORIENTED_EDGE('',*,*,#6148,.F.);
#6700 = CYLINDRICAL_SURFACE('',#6701,3.);
#6701 = AXIS2_PLACEMENT_3D('',#6702,#6703,#6704);
#6702 = CARTESIAN_POINT('',(-37.5,0.,0.));
#6703 = DIRECTION('',(-0.,-0.,-1.));
#6704 = DIRECTION('',(1.,0.,0.));
#6705 = ADVANCED_FACE('',(#6706),#6725,.F.);
#6706 = FACE_BOUND('',#6707,.T.);
#6707 = EDGE_LOOP('',(#6708,#6716,#6723,#6724));
#6708 = ORIENTED_EDGE('',*,*,#6709,.T.);
#6709 = EDGE_CURVE('',#6160,#6710,#6712,.T.);
#6710 = VERTEX_POINT('',#6711);
#6711 = CARTESIAN_POINT('',(40.5,0.,2.));
#6712 = LINE('',#6713,#6714);
#6713 = CARTESIAN_POINT('',(40.5,0.,0.));
#6714 = VECTOR('',#6715,1.);
#6715 = DIRECTION('',(0.,0.,1.));
#6716 = ORIENTED_EDGE('',*,*,#6717,.T.);
#6717 = EDGE_CURVE('',#6710,#6710,#6718,.T.);
#6718 = CIRCLE('',#6719,3.);
#6719 = AXIS2_PLACEMENT_3D('',#6720,#6721,#6722);
#6720 = CARTESIAN_POINT('',(37.5,0.,2.));
#6721 = DIRECTION('',(0.,0.,1.));
#6722 = DIRECTION('',(1.,0.,0.));
#6723 = ORIENTED_EDGE('',*,*,#6709,.F.);
#6724 = ORIENTED_EDGE('',*,*,#6159,.F.);
#6725 = CYLINDRICAL_SURFACE('',#6726,3.);
#6726 = AXIS2_PLACEMENT_3D('',#6727,#6728,#6729);
#6727 = CARTESIAN_POINT('',(37.5,0.,0.));
#6728 = DIRECTION('',(-0.,-0.,-1.));
#6729 = DIRECTION('',(1.,0.,0.));
#6730 = ADVANCED_FACE('',(#6731),#6750,.F.);
#6731 = FACE_BOUND('',#6732,.T.);
#6732 = EDGE_LOOP('',(#6733,#6741,#6748,#6749));
#6733 = ORIENTED_EDGE('',*,*,#6734,.T.);
#6734 = EDGE_CURVE('',#6171,#6735,#6737,.T.);
#6735 = VERTEX_POINT('',#6736);
#6736 = CARTESIAN_POINT('',(-34.5,14.09116,2.));
#6737 = LINE('',#6738,#6739);
#6738 = CARTESIAN_POINT('',(-34.5,14.09116,0.));
#6739 = VECTOR('',#6740,1.);
#6740 = DIRECTION('',(0.,0.,1.));
#6741 = ORIENTED_EDGE('',*,*,#6742,.T.);
#6742 = EDGE_CURVE('',#6735,#6735,#6743,.T.);
#6743 = CIRCLE('',#6744,3.);
#6744 = AXIS2_PLACEMENT_3D('',#6745,#6746,#6747);
#6745 = CARTESIAN_POINT('',(-37.5,14.09116,2.));
#6746 = DIRECTION('',(0.,0.,1.));
#6747 = DIRECTION('',(1.,0.,0.));
#6748 = ORIENTED_EDGE('',*,*,#6734,.F.);
#6749 = ORIENTED_EDGE('',*,*,#6170,.F.);
#6750 = CYLINDRICAL_SURFACE('',#6751,3.);
#6751 = AXIS2_PLACEMENT_3D('',#6752,#6753,#6754);
#6752 = CARTESIAN_POINT('',(-37.5,14.09116,0.));
#6753 = DIRECTION('',(-0.,-0.,-1.));
#6754 = DIRECTION('',(1.,0.,0.));
#6755 = ADVANCED_FACE('',(#6756),#6775,.F.);
#6756 = FACE_BOUND('',#6757,.T.);
#6757 = EDGE_LOOP('',(#6758,#6766,#6773,#6774));
#6758 = ORIENTED_EDGE('',*,*,#6759,.T.);
#6759 = EDGE_CURVE('',#6182,#6760,#6762,.T.);
#6760 = VERTEX_POINT('',#6761);
#6761 = CARTESIAN_POINT('',(-34.5,28.008329,2.));
#6762 = LINE('',#6763,#6764);
#6763 = CARTESIAN_POINT('',(-34.5,28.008329,0.));
#6764 = VECTOR('',#6765,1.);
#6765 = DIRECTION('',(0.,0.,1.));
#6766 = ORIENTED_EDGE('',*,*,#6767,.T.);
#6767 = EDGE_CURVE('',#6760,#6760,#6768,.T.);
#6768 = CIRCLE('',#6769,3.);
#6769 = AXIS2_PLACEMENT_3D('',#6770,#6771,#6772);
#6770 = CARTESIAN_POINT('',(-37.5,28.008329,2.));
#6771 = DIRECTION('',(0.,0.,1.));
#6772 = DIRECTION('',(1.,0.,0.));
#6773 = ORIENTED_EDGE('',*,*,#6759,.F.);
#6774 = ORIENTED_EDGE('',*,*,#6181,.F.);
#6775 = CYLINDRICAL_SURFACE('',#6776,3.);
#6776 = AXIS2_PLACEMENT_3D('',#6777,#6778,#6779);
#6777 = CARTESIAN_POINT('',(-37.5,28.008329,0.));
#6778 = DIRECTION('',(-0.,-0.,-1.));
#6779 = DIRECTION('',(1.,0.,0.));
#6780 = ADVANCED_FACE('',(#6781),#6800,.F.);
#6781 = FACE_BOUND('',#6782,.T.);
#6782 = EDGE_LOOP('',(#6783,#6791,#6798,#6799));
#6783 = ORIENTED_EDGE('',*,*,#6784,.T.);
#6784 = EDGE_CURVE('',#6193,#6785,#6787,.T.);
#6785 = VERTEX_POINT('',#6786);
#6786 = CARTESIAN_POINT('',(40.5,14.09116,2.));
#6787 = LINE('',#6788,#6789);
#6788 = CARTESIAN_POINT('',(40.5,14.09116,0.));
#6789 = VECTOR('',#6790,1.);
#6790 = DIRECTION('',(0.,0.,1.));
#6791 = ORIENTED_EDGE('',*,*,#6792,.T.);
#6792 = EDGE_CURVE('',#6785,#6785,#6793,.T.);
#6793 = CIRCLE('',#6794,3.);
#6794 = AXIS2_PLACEMENT_3D('',#6795,#6796,#6797);
#6795 = CARTESIAN_POINT('',(37.5,14.09116,2.));
#6796 = DIRECTION('',(0.,0.,1.));
#6797 = DIRECTION('',(1.,0.,0.));
#6798 = ORIENTED_EDGE('',*,*,#6784,.F.);
#6799 = ORIENTED_EDGE('',*,*,#6192,.F.);
#6800 = CYLINDRICAL_SURFACE('',#6801,3.);
#6801 = AXIS2_PLACEMENT_3D('',#6802,#6803,#6804);
#6802 = CARTESIAN_POINT('',(37.5,14.09116,0.));
#6803 = DIRECTION('',(-0.,-0.,-1.));
#6804 = DIRECTION('',(1.,0.,0.));
#6805 = ADVANCED_FACE('',(#6806),#6825,.F.);
#6806 = FACE_BOUND('',#6807,.T.);
#6807 = EDGE_LOOP('',(#6808,#6816,#6823,#6824));
#6808 = ORIENTED_EDGE('',*,*,#6809,.T.);
#6809 = EDGE_CURVE('',#6204,#6810,#6812,.T.);
#6810 = VERTEX_POINT('',#6811);
#6811 = CARTESIAN_POINT('',(40.5,28.008329,2.));
#6812 = LINE('',#6813,#6814);
#6813 = CARTESIAN_POINT('',(40.5,28.008329,0.));
#6814 = VECTOR('',#6815,1.);
#6815 = DIRECTION('',(0.,0.,1.));
#6816 = ORIENTED_EDGE('',*,*,#6817,.T.);
#6817 = EDGE_CURVE('',#6810,#6810,#6818,.T.);
#6818 = CIRCLE('',#6819,3.);
#6819 = AXIS2_PLACEMENT_3D('',#6820,#6821,#6822);
#6820 = CARTESIAN_POINT('',(37.5,28.008329,2.));
#6821 = DIRECTION('',(0.,0.,1.));
#6822 = DIRECTION('',(1.,0.,0.));
#6823 = ORIENTED_EDGE('',*,*,#6809,.F.);
#6824 = ORIENTED_EDGE('',*,*,#6203,.F.);
#6825 = CYLINDRICAL_SURFACE('',#6826,3.);
#6826 = AXIS2_PLACEMENT_3D('',#6827,#6828,#6829);
#6827 = CARTESIAN_POINT('',(37.5,28.008329,0.));
#6828 = DIRECTION('',(-0.,-0.,-1.));
#6829 = DIRECTION('',(1.,0.,0.));
#6830 = ADVANCED_FACE('',(#6831),#6950,.T.);
#6831 = FACE_BOUND('',#6832,.T.);
#6832 = EDGE_LOOP('',(#6833,#6834,#6840,#6841,#6842,#6895,#6896,#6949));
#6833 = ORIENTED_EDGE('',*,*,#6220,.F.);
#6834 = ORIENTED_EDGE('',*,*,#6835,.T.);
#6835 = EDGE_CURVE('',#6221,#6622,#6836,.T.);
#6836 = LINE('',#6837,#6838);
#6837 = CARTESIAN_POINT('',(55.,-20.,-100.));
#6838 = VECTOR('',#6839,1.);
#6839 = DIRECTION('',(-1.,-0.,-0.));
#6840 = ORIENTED_EDGE('',*,*,#6621,.T.);
#6841 = ORIENTED_EDGE('',*,*,#6668,.F.);
#6842 = ORIENTED_EDGE('',*,*,#6843,.F.);
#6843 = EDGE_CURVE('',#6461,#6661,#6844,.T.);
#6844 = ( BOUNDED_CURVE() B_SPLINE_CURVE(9,(#6845,#6846,#6847,#6848,
    #6849,#6850,#6851,#6852,#6853,#6854,#6855,#6856,#6857,#6858,#6859,
    #6860,#6861,#6862,#6863,#6864,#6865,#6866,#6867,#6868,#6869,#6870,
    #6871,#6872,#6873,#6874,#6875,#6876,#6877,#6878,#6879,#6880,#6881,
    #6882,#6883,#6884,#6885,#6886,#6887,#6888,#6889,#6890,#6891,#6892,
#6893,#6894),.UNSPECIFIED.,.F.,.F.) B_SPLINE_CURVE_WITH_KNOTS((10,8,8,8,
    8,8,10),(89.651670866126,90.363753149594,91.075835433063,92.5,
    93.924164566937,94.636246850406,95.348329133874),.UNSPECIFIED.) 
CURVE() GEOMETRIC_REPRESENTATION_ITEM() RATIONAL_B_SPLINE_CURVE((1.,1.,
    1.,1.,1.,1.,1.,1.,1.,1.,1.,1.,1.,1.,1.,1.,1.,1.,1.,1.,1.,1.,1.,1.,1.
    ,1.,1.,1.,1.,1.,1.,1.,1.,1.,1.,1.,1.,1.,1.,1.,1.,1.,1.,1.,1.,1.,1.,
1.,1.,1.)) REPRESENTATION_ITEM('') );
#6845 = CARTESIAN_POINT('',(-34.65167086612,-20.,-4.));
#6846 = CARTESIAN_POINT('',(-34.73079111984,-20.,-4.));
#6847 = CARTESIAN_POINT('',(-34.80991137356,-20.,-3.984052697086));
#6848 = CARTESIAN_POINT('',(-34.88903162728,-20.,-3.968021909571));
#6849 = CARTESIAN_POINT('',(-34.968151881,-20.,-3.944920806808));
#6850 = CARTESIAN_POINT('',(-35.04727213471,-20.,-3.923984798245));
#6851 = CARTESIAN_POINT('',(-35.12639238843,-20.,-3.899485651105));
#6852 = CARTESIAN_POINT('',(-35.20551264215,-20.,-3.875634576973));
#6853 = CARTESIAN_POINT('',(-35.28463289587,-20.,-3.85116774351));
#6854 = CARTESIAN_POINT('',(-35.44287340331,-20.,-3.802330666503));
#6855 = CARTESIAN_POINT('',(-35.52199365703,-20.,-3.77791240162));
#6856 = CARTESIAN_POINT('',(-35.60111391075,-20.,-3.753725599795));
#6857 = CARTESIAN_POINT('',(-35.68023416446,-20.,-3.729952038121));
#6858 = CARTESIAN_POINT('',(-35.75935441818,-20.,-3.706733992712));
#6859 = CARTESIAN_POINT('',(-35.8384746719,-20.,-3.684184150065));
#6860 = CARTESIAN_POINT('',(-35.91759492562,-20.,-3.662395518432));
#6861 = CARTESIAN_POINT('',(-35.99671517934,-20.,-3.64145133918));
#6862 = CARTESIAN_POINT('',(-36.2340759405,-20.,-3.581402316124));
#6863 = CARTESIAN_POINT('',(-36.39231644793,-20.,-3.545076979384));
#6864 = CARTESIAN_POINT('',(-36.55055695537,-20.,-3.513037095475));
#6865 = CARTESIAN_POINT('',(-36.70879746281,-20.,-3.485747658796));
#6866 = CARTESIAN_POINT('',(-36.86703797025,-20.,-3.463567996956));
#6867 = CARTESIAN_POINT('',(-37.02527847768,-20.,-3.446759217122));
#6868 = CARTESIAN_POINT('',(-37.18351898512,-20.,-3.435491652369));
#6869 = CARTESIAN_POINT('',(-37.34175949256,-20.,-3.429852308027));
#6870 = CARTESIAN_POINT('',(-37.65824050743,-20.,-3.429852308027));
#6871 = CARTESIAN_POINT('',(-37.81648101487,-20.,-3.435491652369));
#6872 = CARTESIAN_POINT('',(-37.97472152231,-20.,-3.446759217122));
#6873 = CARTESIAN_POINT('',(-38.13296202975,-20.,-3.463567996956));
#6874 = CARTESIAN_POINT('',(-38.29120253718,-20.,-3.485747658796));
#6875 = CARTESIAN_POINT('',(-38.44944304462,-20.,-3.513037095475));
#6876 = CARTESIAN_POINT('',(-38.60768355206,-20.,-3.545076979384));
#6877 = CARTESIAN_POINT('',(-38.7659240595,-20.,-3.581402316124));
#6878 = CARTESIAN_POINT('',(-39.00328482065,-20.,-3.64145133918));
#6879 = CARTESIAN_POINT('',(-39.08240507437,-20.,-3.662395518432));
#6880 = CARTESIAN_POINT('',(-39.16152532809,-20.,-3.684184150065));
#6881 = CARTESIAN_POINT('',(-39.24064558181,-20.,-3.706733992712));
#6882 = CARTESIAN_POINT('',(-39.31976583553,-20.,-3.729952038121));
#6883 = CARTESIAN_POINT('',(-39.39888608924,-20.,-3.753725599795));
#6884 = CARTESIAN_POINT('',(-39.47800634296,-20.,-3.77791240162));
#6885 = CARTESIAN_POINT('',(-39.55712659668,-20.,-3.802330666503));
#6886 = CARTESIAN_POINT('',(-39.71536710412,-20.,-3.85116774351));
#6887 = CARTESIAN_POINT('',(-39.79448735784,-20.,-3.875634576973));
#6888 = CARTESIAN_POINT('',(-39.87360761156,-20.,-3.899485651105));
#6889 = CARTESIAN_POINT('',(-39.95272786528,-20.,-3.923984798245));
#6890 = CARTESIAN_POINT('',(-40.03184811899,-20.,-3.94492080681));
#6891 = CARTESIAN_POINT('',(-40.11096837271,-20.,-3.968021909569));
#6892 = CARTESIAN_POINT('',(-40.19008862643,-20.,-3.984052697087));
#6893 = CARTESIAN_POINT('',(-40.26920888015,-20.,-4.));
#6894 = CARTESIAN_POINT('',(-40.34832913387,-20.,-4.));
#6895 = ORIENTED_EDGE('',*,*,#6460,.F.);
#6896 = ORIENTED_EDGE('',*,*,#6897,.F.);
#6897 = EDGE_CURVE('',#6278,#6453,#6898,.T.);
#6898 = ( BOUNDED_CURVE() B_SPLINE_CURVE(9,(#6899,#6900,#6901,#6902,
    #6903,#6904,#6905,#6906,#6907,#6908,#6909,#6910,#6911,#6912,#6913,
    #6914,#6915,#6916,#6917,#6918,#6919,#6920,#6921,#6922,#6923,#6924,
    #6925,#6926,#6927,#6928,#6929,#6930,#6931,#6932,#6933,#6934,#6935,
    #6936,#6937,#6938,#6939,#6940,#6941,#6942,#6943,#6944,#6945,#6946,
#6947,#6948),.UNSPECIFIED.,.F.,.F.) B_SPLINE_CURVE_WITH_KNOTS((10,8,8,8,
    8,8,10),(14.651670866126,15.363753149594,16.075835433063,17.5,
    18.924164566937,19.636246850406,20.348329133874),.UNSPECIFIED.) 
CURVE() GEOMETRIC_REPRESENTATION_ITEM() RATIONAL_B_SPLINE_CURVE((1.,1.,
    1.,1.,1.,1.,1.,1.,1.,1.,1.,1.,1.,1.,1.,1.,1.,1.,1.,1.,1.,1.,1.,1.,1.
    ,1.,1.,1.,1.,1.,1.,1.,1.,1.,1.,1.,1.,1.,1.,1.,1.,1.,1.,1.,1.,1.,1.,
1.,1.,1.)) REPRESENTATION_ITEM('') );
#6899 = CARTESIAN_POINT('',(40.348329133874,-20.,-4.));
#6900 = CARTESIAN_POINT('',(40.269208880155,-20.,-4.));
#6901 = CARTESIAN_POINT('',(40.190088626437,-20.,-3.984052697086));
#6902 = CARTESIAN_POINT('',(40.110968372718,-20.,-3.968021909571));
#6903 = CARTESIAN_POINT('',(40.031848118999,-20.,-3.944920806808));
#6904 = CARTESIAN_POINT('',(39.952727865281,-20.,-3.923984798245));
#6905 = CARTESIAN_POINT('',(39.873607611562,-20.,-3.899485651105));
#6906 = CARTESIAN_POINT('',(39.794487357843,-20.,-3.875634576973));
#6907 = CARTESIAN_POINT('',(39.715367104124,-20.,-3.85116774351));
#6908 = CARTESIAN_POINT('',(39.557126596687,-20.,-3.802330666503));
#6909 = CARTESIAN_POINT('',(39.478006342968,-20.,-3.77791240162));
#6910 = CARTESIAN_POINT('',(39.398886089249,-20.,-3.753725599795));
#6911 = CARTESIAN_POINT('',(39.319765835531,-20.,-3.729952038121));
#6912 = CARTESIAN_POINT('',(39.240645581812,-20.,-3.706733992712));
#6913 = CARTESIAN_POINT('',(39.161525328093,-20.,-3.684184150065));
#6914 = CARTESIAN_POINT('',(39.082405074375,-20.,-3.662395518432));
#6915 = CARTESIAN_POINT('',(39.003284820656,-20.,-3.64145133918));
#6916 = CARTESIAN_POINT('',(38.7659240595,-20.,-3.581402316124));
#6917 = CARTESIAN_POINT('',(38.607683552062,-20.,-3.545076979384));
#6918 = CARTESIAN_POINT('',(38.449443044625,-20.,-3.513037095475));
#6919 = CARTESIAN_POINT('',(38.291202537187,-20.,-3.485747658796));
#6920 = CARTESIAN_POINT('',(38.13296202975,-20.,-3.463567996956));
#6921 = CARTESIAN_POINT('',(37.974721522312,-20.,-3.446759217122));
#6922 = CARTESIAN_POINT('',(37.816481014875,-20.,-3.435491652369));
#6923 = CARTESIAN_POINT('',(37.658240507437,-20.,-3.429852308027));
#6924 = CARTESIAN_POINT('',(37.341759492563,-20.,-3.429852308027));
#6925 = CARTESIAN_POINT('',(37.183518985125,-20.,-3.435491652369));
#6926 = CARTESIAN_POINT('',(37.025278477688,-20.,-3.446759217122));
#6927 = CARTESIAN_POINT('',(36.86703797025,-20.,-3.463567996956));
#6928 = CARTESIAN_POINT('',(36.708797462813,-20.,-3.485747658796));
#6929 = CARTESIAN_POINT('',(36.550556955375,-20.,-3.513037095475));
#6930 = CARTESIAN_POINT('',(36.392316447938,-20.,-3.545076979384));
#6931 = CARTESIAN_POINT('',(36.2340759405,-20.,-3.581402316124));
#6932 = CARTESIAN_POINT('',(35.996715179344,-20.,-3.64145133918));
#6933 = CARTESIAN_POINT('',(35.917594925626,-20.,-3.662395518432));
#6934 = CARTESIAN_POINT('',(35.838474671907,-20.,-3.684184150065));
#6935 = CARTESIAN_POINT('',(35.759354418188,-20.,-3.706733992712));
#6936 = CARTESIAN_POINT('',(35.680234164469,-20.,-3.729952038121));
#6937 = CARTESIAN_POINT('',(35.601113910751,-20.,-3.753725599795));
#6938 = CARTESIAN_POINT('',(35.521993657032,-20.,-3.77791240162));
#6939 = CARTESIAN_POINT('',(35.442873403313,-20.,-3.802330666503));
#6940 = CARTESIAN_POINT('',(35.284632895876,-20.,-3.85116774351));
#6941 = CARTESIAN_POINT('',(35.205512642157,-20.,-3.875634576973));
#6942 = CARTESIAN_POINT('',(35.126392388438,-20.,-3.899485651105));
#6943 = CARTESIAN_POINT('',(35.047272134719,-20.,-3.923984798244));
#6944 = CARTESIAN_POINT('',(34.968151881001,-20.,-3.94492080681));
#6945 = CARTESIAN_POINT('',(34.889031627282,-20.,-3.968021909568));
#6946 = CARTESIAN_POINT('',(34.809911373563,-20.,-3.984052697087));
#6947 = CARTESIAN_POINT('',(34.730791119845,-20.,-4.));
#6948 = CARTESIAN_POINT('',(34.651670866126,-20.,-4.));
#6949 = ORIENTED_EDGE('',*,*,#6277,.F.);
#6950 = PLANE('',#6951);
#6951 = AXIS2_PLACEMENT_3D('',#6952,#6953,#6954);
#6952 = CARTESIAN_POINT('',(55.,-20.,-100.));
#6953 = DIRECTION('',(0.,1.,0.));
#6954 = DIRECTION('',(0.,0.,1.));
#6955 = ADVANCED_FACE('',(#6956),#6967,.T.);
#6956 = FACE_BOUND('',#6957,.T.);
#6957 = EDGE_LOOP('',(#6958,#6964,#6965,#6966));
#6958 = ORIENTED_EDGE('',*,*,#6959,.T.);
#6959 = EDGE_CURVE('',#6255,#6630,#6960,.T.);
#6960 = LINE('',#6961,#6962);
#6961 = CARTESIAN_POINT('',(55.,-30.,-100.));
#6962 = VECTOR('',#6963,1.);
#6963 = DIRECTION('',(-1.,-0.,-0.));
#6964 = ORIENTED_EDGE('',*,*,#6629,.T.);
#6965 = ORIENTED_EDGE('',*,*,#6835,.F.);
#6966 = ORIENTED_EDGE('',*,*,#6262,.F.);
#6967 = PLANE('',#6968);
#6968 = AXIS2_PLACEMENT_3D('',#6969,#6970,#6971);
#6969 = CARTESIAN_POINT('',(55.,-30.,-100.));
#6970 = DIRECTION('',(0.,0.,-1.));
#6971 = DIRECTION('',(0.,1.,0.));
#6972 = ADVANCED_FACE('',(#6973),#6984,.T.);
#6973 = FACE_BOUND('',#6974,.T.);
#6974 = EDGE_LOOP('',(#6975,#6976,#6977,#6978));
#6975 = ORIENTED_EDGE('',*,*,#6637,.T.);
#6976 = ORIENTED_EDGE('',*,*,#6959,.F.);
#6977 = ORIENTED_EDGE('',*,*,#6254,.F.);
#6978 = ORIENTED_EDGE('',*,*,#6979,.F.);
#6979 = EDGE_CURVE('',#6638,#6247,#6980,.T.);
#6980 = LINE('',#6981,#6982);
#6981 = CARTESIAN_POINT('',(-55.,-30.,5.));
#6982 = VECTOR('',#6983,1.);
#6983 = DIRECTION('',(1.,0.,0.));
#6984 = PLANE('',#6985);
#6985 = AXIS2_PLACEMENT_3D('',#6986,#6987,#6988);
#6986 = CARTESIAN_POINT('',(0.,-30.,-47.5));
#6987 = DIRECTION('',(-0.,-1.,-0.));
#6988 = DIRECTION('',(0.,0.,-1.));
#6989 = ADVANCED_FACE('',(#6990,#7000,#7011,#7022,#7033,#7044,#7055,
    #7066,#7077),#7088,.T.);
#6990 = FACE_BOUND('',#6991,.T.);
#6991 = EDGE_LOOP('',(#6992,#6993,#6994,#6995,#6996,#6997,#6998,#6999));
#6992 = ORIENTED_EDGE('',*,*,#6645,.T.);
#6993 = ORIENTED_EDGE('',*,*,#6979,.T.);
#6994 = ORIENTED_EDGE('',*,*,#6246,.T.);
#6995 = ORIENTED_EDGE('',*,*,#6302,.T.);
#6996 = ORIENTED_EDGE('',*,*,#6405,.T.);
#6997 = ORIENTED_EDGE('',*,*,#6429,.T.);
#6998 = ORIENTED_EDGE('',*,*,#6485,.T.);
#6999 = ORIENTED_EDGE('',*,*,#6588,.T.);
#7000 = FACE_BOUND('',#7001,.F.);
#7001 = EDGE_LOOP('',(#7002));
#7002 = ORIENTED_EDGE('',*,*,#7003,.T.);
#7003 = EDGE_CURVE('',#7004,#7004,#7006,.T.);
#7004 = VERTEX_POINT('',#7005);
#7005 = CARTESIAN_POINT('',(-35.25,0.,5.));
#7006 = CIRCLE('',#7007,2.25);
#7007 = AXIS2_PLACEMENT_3D('',#7008,#7009,#7010);
#7008 = CARTESIAN_POINT('',(-37.5,0.,5.));
#7009 = DIRECTION('',(0.,0.,1.));
#7010 = DIRECTION('',(1.,0.,0.));
#7011 = FACE_BOUND('',#7012,.F.);
#7012 = EDGE_LOOP('',(#7013));
#7013 = ORIENTED_EDGE('',*,*,#7014,.T.);
#7014 = EDGE_CURVE('',#7015,#7015,#7017,.T.);
#7015 = VERTEX_POINT('',#7016);
#7016 = CARTESIAN_POINT('',(39.75,0.,5.));
#7017 = CIRCLE('',#7018,2.25);
#7018 = AXIS2_PLACEMENT_3D('',#7019,#7020,#7021);
#7019 = CARTESIAN_POINT('',(37.5,0.,5.));
#7020 = DIRECTION('',(0.,0.,1.));
#7021 = DIRECTION('',(1.,0.,0.));
#7022 = FACE_BOUND('',#7023,.F.);
#7023 = EDGE_LOOP('',(#7024));
#7024 = ORIENTED_EDGE('',*,*,#7025,.T.);
#7025 = EDGE_CURVE('',#7026,#7026,#7028,.T.);
#7026 = VERTEX_POINT('',#7027);
#7027 = CARTESIAN_POINT('',(-35.25,14.09116,5.));
#7028 = CIRCLE('',#7029,2.25);
#7029 = AXIS2_PLACEMENT_3D('',#7030,#7031,#7032);
#7030 = CARTESIAN_POINT('',(-37.5,14.09116,5.));
#7031 = DIRECTION('',(0.,0.,1.));
#7032 = DIRECTION('',(1.,0.,0.));
#7033 = FACE_BOUND('',#7034,.F.);
#7034 = EDGE_LOOP('',(#7035));
#7035 = ORIENTED_EDGE('',*,*,#7036,.T.);
#7036 = EDGE_CURVE('',#7037,#7037,#7039,.T.);
#7037 = VERTEX_POINT('',#7038);
#7038 = CARTESIAN_POINT('',(39.75,14.09116,5.));
#7039 = CIRCLE('',#7040,2.25);
#7040 = AXIS2_PLACEMENT_3D('',#7041,#7042,#7043);
#7041 = CARTESIAN_POINT('',(37.5,14.09116,5.));
#7042 = DIRECTION('',(0.,0.,1.));
#7043 = DIRECTION('',(1.,0.,0.));
#7044 = FACE_BOUND('',#7045,.F.);
#7045 = EDGE_LOOP('',(#7046));
#7046 = ORIENTED_EDGE('',*,*,#7047,.T.);
#7047 = EDGE_CURVE('',#7048,#7048,#7050,.T.);
#7048 = VERTEX_POINT('',#7049);
#7049 = CARTESIAN_POINT('',(-35.25,-15.058182,5.));
#7050 = CIRCLE('',#7051,2.25);
#7051 = AXIS2_PLACEMENT_3D('',#7052,#7053,#7054);
#7052 = CARTESIAN_POINT('',(-37.5,-15.058182,5.));
#7053 = DIRECTION('',(0.,0.,1.));
#7054 = DIRECTION('',(1.,0.,0.));
#7055 = FACE_BOUND('',#7056,.F.);
#7056 = EDGE_LOOP('',(#7057));
#7057 = ORIENTED_EDGE('',*,*,#7058,.T.);
#7058 = EDGE_CURVE('',#7059,#7059,#7061,.T.);
#7059 = VERTEX_POINT('',#7060);
#7060 = CARTESIAN_POINT('',(39.75,-15.058182,5.));
#7061 = CIRCLE('',#7062,2.25);
#7062 = AXIS2_PLACEMENT_3D('',#7063,#7064,#7065);
#7063 = CARTESIAN_POINT('',(37.5,-15.058182,5.));
#7064 = DIRECTION('',(0.,0.,1.));
#7065 = DIRECTION('',(1.,0.,0.));
#7066 = FACE_BOUND('',#7067,.F.);
#7067 = EDGE_LOOP('',(#7068));
#7068 = ORIENTED_EDGE('',*,*,#7069,.T.);
#7069 = EDGE_CURVE('',#7070,#7070,#7072,.T.);
#7070 = VERTEX_POINT('',#7071);
#7071 = CARTESIAN_POINT('',(-35.25,28.008329,5.));
#7072 = CIRCLE('',#7073,2.25);
#7073 = AXIS2_PLACEMENT_3D('',#7074,#7075,#7076);
#7074 = CARTESIAN_POINT('',(-37.5,28.008329,5.));
#7075 = DIRECTION('',(0.,0.,1.));
#7076 = DIRECTION('',(1.,0.,0.));
#7077 = FACE_BOUND('',#7078,.F.);
#7078 = EDGE_LOOP('',(#7079));
#7079 = ORIENTED_EDGE('',*,*,#7080,.T.);
#7080 = EDGE_CURVE('',#7081,#7081,#7083,.T.);
#7081 = VERTEX_POINT('',#7082);
#7082 = CARTESIAN_POINT('',(39.75,28.008329,5.));
#7083 = CIRCLE('',#7084,2.25);
#7084 = AXIS2_PLACEMENT_3D('',#7085,#7086,#7087);
#7085 = CARTESIAN_POINT('',(37.5,28.008329,5.));
#7086 = DIRECTION('',(0.,0.,1.));
#7087 = DIRECTION('',(1.,0.,0.));
#7088 = PLANE('',#7089);
#7089 = AXIS2_PLACEMENT_3D('',#7090,#7091,#7092);
#7090 = CARTESIAN_POINT('',(-5.E-17,3.980983748794,5.));
#7091 = DIRECTION('',(0.,0.,1.));
#7092 = DIRECTION('',(1.,0.,0.));
#7093 = ADVANCED_FACE('',(#7094),#7100,.F.);
#7094 = FACE_BOUND('',#7095,.F.);
#7095 = EDGE_LOOP('',(#7096,#7097,#7098,#7099));
#7096 = ORIENTED_EDGE('',*,*,#6285,.F.);
#7097 = ORIENTED_EDGE('',*,*,#6343,.T.);
#7098 = ORIENTED_EDGE('',*,*,#6452,.T.);
#7099 = ORIENTED_EDGE('',*,*,#6897,.F.);
#7100 = ( BOUNDED_SURFACE() B_SPLINE_SURFACE(2,9,(
    (#7101,#7102,#7103,#7104,#7105,#7106,#7107,#7108,#7109,#7110,#7111
      ,#7112,#7113,#7114,#7115,#7116,#7117,#7118,#7119,#7120,#7121,#7122
      ,#7123,#7124,#7125,#7126,#7127,#7128,#7129,#7130,#7131,#7132,#7133
      ,#7134,#7135,#7136,#7137,#7138,#7139,#7140,#7141,#7142,#7143,#7144
      ,#7145,#7146,#7147,#7148,#7149,#7150)
    ,(#7151,#7152,#7153,#7154,#7155,#7156,#7157,#7158,#7159,#7160,#7161
      ,#7162,#7163,#7164,#7165,#7166,#7167,#7168,#7169,#7170,#7171,#7172
      ,#7173,#7174,#7175,#7176,#7177,#7178,#7179,#7180,#7181,#7182,#7183
      ,#7184,#7185,#7186,#7187,#7188,#7189,#7190,#7191,#7192,#7193,#7194
      ,#7195,#7196,#7197,#7198,#7199,#7200)
    ,(#7201,#7202,#7203,#7204,#7205,#7206,#7207,#7208,#7209,#7210,#7211
      ,#7212,#7213,#7214,#7215,#7216,#7217,#7218,#7219,#7220,#7221,#7222
      ,#7223,#7224,#7225,#7226,#7227,#7228,#7229,#7230,#7231,#7232,#7233
      ,#7234,#7235,#7236,#7237,#7238,#7239,#7240,#7241,#7242,#7243,#7244
      ,#7245,#7246,#7247,#7248,#7249,#7250
)),.UNSPECIFIED.,.F.,.F.,.F.) B_SPLINE_SURFACE_WITH_KNOTS((3,3),(10,8,8,
    8,8,8,10),(0.,5.696658267748),(14.651670866126,15.363753149594,
    16.075835433063,17.5,18.924164566937,19.636246850406,20.348329133874
),.UNSPECIFIED.) GEOMETRIC_REPRESENTATION_ITEM() 
RATIONAL_B_SPLINE_SURFACE((
    (1.,1.,1.,1.,1.,1.,1.,1.,1.,1.,1.,1.,1.,1.,1.,1.,1.,1.,1.,1.,1.,1.
      ,1.,1.,1.,1.,1.,1.,1.,1.,1.,1.,1.,1.,1.,1.,1.,1.,1.,1.,1.,1.,1.,1.
      ,1.,1.,1.,1.,1.,1.)
    ,(0.707106781187,0.728256562056,0.742054242209,0.755236907444
      ,0.764874433953,0.774862576542,0.782788894753,0.790422396304
      ,0.797224572683,0.809708851666,0.815370804524,0.820541461733
      ,0.825287473281,0.829657764266,0.833688051001,0.837405357114
      ,0.840832529655,0.850313206283,0.855564867865,0.859892589145
      ,0.863398882613,0.866151708949,0.868192261926,0.86954275331
      ,0.87021419777,0.87021419777,0.86954275331,0.868192261926
      ,0.866151708949,0.863398882613,0.859892589145,0.855564867865
      ,0.850313206283,0.840832529655,0.837405357114,0.833688051001
      ,0.829657764266,0.825287473281,0.820541461733,0.815370804524
      ,0.809708851666,0.797224572683,0.790422396304,0.782788894753
      ,0.774862576542,0.764874433954,0.755236907443,0.742054242209
      ,0.728256562056,0.707106781187)
    ,(1.,1.,1.,1.,1.,1.,1.,1.,1.,1.,1.,1.,1.,1.,1.,1.,1.,1.,1.,1.,1.,1.
      ,1.,1.,1.,1.,1.,1.,1.,1.,1.,1.,1.,1.,1.,1.,1.,1.,1.,1.,1.,1.,1.,1.
,1.,1.,1.,1.,1.,1.))) REPRESENTATION_ITEM('') SURFACE() );
#7101 = CARTESIAN_POINT('',(40.348329133874,-20.,-4.));
#7102 = CARTESIAN_POINT('',(40.269208880155,-20.,-4.));
#7103 = CARTESIAN_POINT('',(40.190088626437,-20.,-3.984052697086));
#7104 = CARTESIAN_POINT('',(40.110968372718,-20.,-3.968021909571));
#7105 = CARTESIAN_POINT('',(40.031848118999,-20.,-3.944920806808));
#7106 = CARTESIAN_POINT('',(39.952727865281,-20.,-3.923984798245));
#7107 = CARTESIAN_POINT('',(39.873607611562,-20.,-3.899485651105));
#7108 = CARTESIAN_POINT('',(39.794487357843,-20.,-3.875634576973));
#7109 = CARTESIAN_POINT('',(39.715367104124,-20.,-3.85116774351));
#7110 = CARTESIAN_POINT('',(39.557126596687,-20.,-3.802330666503));
#7111 = CARTESIAN_POINT('',(39.478006342968,-20.,-3.77791240162));
#7112 = CARTESIAN_POINT('',(39.398886089249,-20.,-3.753725599795));
#7113 = CARTESIAN_POINT('',(39.319765835531,-20.,-3.729952038121));
#7114 = CARTESIAN_POINT('',(39.240645581812,-20.,-3.706733992712));
#7115 = CARTESIAN_POINT('',(39.161525328093,-20.,-3.684184150065));
#7116 = CARTESIAN_POINT('',(39.082405074375,-20.,-3.662395518432));
#7117 = CARTESIAN_POINT('',(39.003284820656,-20.,-3.64145133918));
#7118 = CARTESIAN_POINT('',(38.7659240595,-20.,-3.581402316124));
#7119 = CARTESIAN_POINT('',(38.607683552062,-20.,-3.545076979384));
#7120 = CARTESIAN_POINT('',(38.449443044625,-20.,-3.513037095475));
#7121 = CARTESIAN_POINT('',(38.291202537187,-20.,-3.485747658796));
#7122 = CARTESIAN_POINT('',(38.13296202975,-20.,-3.463567996956));
#7123 = CARTESIAN_POINT('',(37.974721522312,-20.,-3.446759217122));
#7124 = CARTESIAN_POINT('',(37.816481014875,-20.,-3.435491652369));
#7125 = CARTESIAN_POINT('',(37.658240507437,-20.,-3.429852308027));
#7126 = CARTESIAN_POINT('',(37.341759492563,-20.,-3.429852308027));
#7127 = CARTESIAN_POINT('',(37.183518985125,-20.,-3.435491652369));
#7128 = CARTESIAN_POINT('',(37.025278477688,-20.,-3.446759217122));
#7129 = CARTESIAN_POINT('',(36.86703797025,-20.,-3.463567996956));
#7130 = CARTESIAN_POINT('',(36.708797462813,-20.,-3.485747658796));
#7131 = CARTESIAN_POINT('',(36.550556955375,-20.,-3.513037095475));
#7132 = CARTESIAN_POINT('',(36.392316447938,-20.,-3.545076979384));
#7133 = CARTESIAN_POINT('',(36.2340759405,-20.,-3.581402316124));
#7134 = CARTESIAN_POINT('',(35.996715179344,-20.,-3.64145133918));
#7135 = CARTESIAN_POINT('',(35.917594925626,-20.,-3.662395518432));
#7136 = CARTESIAN_POINT('',(35.838474671907,-20.,-3.684184150065));
#7137 = CARTESIAN_POINT('',(35.759354418188,-20.,-3.706733992712));
#7138 = CARTESIAN_POINT('',(35.680234164469,-20.,-3.729952038121));
#7139 = CARTESIAN_POINT('',(35.601113910751,-20.,-3.753725599795));
#7140 = CARTESIAN_POINT('',(35.521993657032,-20.,-3.77791240162));
#7141 = CARTESIAN_POINT('',(35.442873403313,-20.,-3.802330666503));
#7142 = CARTESIAN_POINT('',(35.284632895876,-20.,-3.85116774351));
#7143 = CARTESIAN_POINT('',(35.205512642157,-20.,-3.875634576973));
#7144 = CARTESIAN_POINT('',(35.126392388438,-20.,-3.899485651105));
#7145 = CARTESIAN_POINT('',(35.047272134719,-20.,-3.923984798244));
#7146 = CARTESIAN_POINT('',(34.968151881001,-20.,-3.94492080681));
#7147 = CARTESIAN_POINT('',(34.889031627282,-20.,-3.968021909568));
#7148 = CARTESIAN_POINT('',(34.809911373563,-20.,-3.984052697087));
#7149 = CARTESIAN_POINT('',(34.730791119845,-20.,-4.));
#7150 = CARTESIAN_POINT('',(34.651670866126,-20.,-4.));
#7151 = CARTESIAN_POINT('',(40.348329133874,-20.,3.55E-15));
#7152 = CARTESIAN_POINT('',(40.271506663815,-20.,-0.232333295398));
#7153 = CARTESIAN_POINT('',(40.192485870824,-20.,-0.369142421084));
#7154 = CARTESIAN_POINT('',(40.113999875078,-20.,-0.493297400667));
#7155 = CARTESIAN_POINT('',(40.034111447826,-20.,-0.575518824282));
#7156 = CARTESIAN_POINT('',(39.955156731673,-20.,-0.65880692317));
#7157 = CARTESIAN_POINT('',(39.875261071394,-20.,-0.719050781578));
#7158 = CARTESIAN_POINT('',(39.79571903988,-20.,-0.775081455268));
#7159 = CARTESIAN_POINT('',(39.715986602917,-20.,-0.821979700663));
#7160 = CARTESIAN_POINT('',(39.557736543903,-20.,-0.903079348349));
#7161 = CARTESIAN_POINT('',(39.478956769961,-20.,-0.93739845704));
#7162 = CARTESIAN_POINT('',(39.399979017252,-20.,-0.966932884584));
#7163 = CARTESIAN_POINT('',(39.320858951272,-20.,-0.992535116761));
#7164 = CARTESIAN_POINT('',(39.241636448628,-20.,-1.014843268024));
#7165 = CARTESIAN_POINT('',(39.162337960015,-20.,-1.034337979402));
#7166 = CARTESIAN_POINT('',(39.082981204104,-20.,-1.051394193434));
#7167 = CARTESIAN_POINT('',(39.003582190034,-20.,-1.066329256329));
#7168 = CARTESIAN_POINT('',(38.767100274781,-20.,-1.105394056198));
#7169 = CARTESIAN_POINT('',(38.60934379829,-20.,-1.124323332343));
#7170 = CARTESIAN_POINT('',(38.451130566666,-20.,-1.138127314688));
#7171 = CARTESIAN_POINT('',(38.29264434887,-20.,-1.14817423196));
#7172 = CARTESIAN_POINT('',(38.134020802776,-20.,-1.155412126119));
#7173 = CARTESIAN_POINT('',(37.975358245207,-20.,-1.160457233066));
#7174 = CARTESIAN_POINT('',(37.816735979683,-20.,-1.163673143808));
#7175 = CARTESIAN_POINT('',(37.658240507437,-20.,-1.165244009348));
#7176 = CARTESIAN_POINT('',(37.341759492563,-20.,-1.165244009348));
#7177 = CARTESIAN_POINT('',(37.183264020317,-20.,-1.163673143808));
#7178 = CARTESIAN_POINT('',(37.024641754793,-20.,-1.160457233066));
#7179 = CARTESIAN_POINT('',(36.865979197224,-20.,-1.155412126119));
#7180 = CARTESIAN_POINT('',(36.70735565113,-20.,-1.14817423196));
#7181 = CARTESIAN_POINT('',(36.548869433334,-20.,-1.138127314688));
#7182 = CARTESIAN_POINT('',(36.39065620171,-20.,-1.124323332343));
#7183 = CARTESIAN_POINT('',(36.232899725219,-20.,-1.105394056198));
#7184 = CARTESIAN_POINT('',(35.996417809966,-20.,-1.066329256329));
#7185 = CARTESIAN_POINT('',(35.917018795895,-20.,-1.051394193434));
#7186 = CARTESIAN_POINT('',(35.837662039986,-20.,-1.034337979402));
#7187 = CARTESIAN_POINT('',(35.758363551371,-20.,-1.014843268024));
#7188 = CARTESIAN_POINT('',(35.679141048728,-20.,-0.992535116762));
#7189 = CARTESIAN_POINT('',(35.600020982747,-20.,-0.966932884584));
#7190 = CARTESIAN_POINT('',(35.52104323004,-20.,-0.93739845704));
#7191 = CARTESIAN_POINT('',(35.442263456097,-20.,-0.903079348349));
#7192 = CARTESIAN_POINT('',(35.284013397083,-20.,-0.821979700663));
#7193 = CARTESIAN_POINT('',(35.204280960121,-20.,-0.775081455268));
#7194 = CARTESIAN_POINT('',(35.124738928605,-20.,-0.719050781579));
#7195 = CARTESIAN_POINT('',(35.044843268327,-20.,-0.658806923167));
#7196 = CARTESIAN_POINT('',(34.965888552176,-20.,-0.575518824289));
#7197 = CARTESIAN_POINT('',(34.88600012492,-20.,-0.493297400661));
#7198 = CARTESIAN_POINT('',(34.807514129177,-20.,-0.369142421086));
#7199 = CARTESIAN_POINT('',(34.728493336185,-20.,-0.232333295398));
#7200 = CARTESIAN_POINT('',(34.651670866126,-20.,3.11E-15));
#7201 = CARTESIAN_POINT('',(40.348329133874,-16.,0.));
#7202 = CARTESIAN_POINT('',(40.269208880155,-16.23928245557,0.));
#7203 = CARTESIAN_POINT('',(40.190088626436,-16.403346923,0.));
#7204 = CARTESIAN_POINT('',(40.110968372719,-16.55968237081,0.));
#7205 = CARTESIAN_POINT('',(40.031848118998,-16.6793165574,0.));
#7206 = CARTESIAN_POINT('',(39.952727865282,-16.80115390975,0.));
#7207 = CARTESIAN_POINT('',(39.873607611561,-16.90129494571,0.));
#7208 = CARTESIAN_POINT('',(39.794487357843,-16.99741620173,0.));
#7209 = CARTESIAN_POINT('',(39.715367104124,-17.08422443987,0.));
#7210 = CARTESIAN_POINT('',(39.557126596687,-17.24471568128,0.));
#7211 = CARTESIAN_POINT('',(39.478006342968,-17.31819874164,0.));
#7212 = CARTESIAN_POINT('',(39.398886089249,-17.38585401896,0.));
#7213 = CARTESIAN_POINT('',(39.31976583553,-17.44838608612,0.));
#7214 = CARTESIAN_POINT('',(39.240645581812,-17.50631570959,0.));
#7215 = CARTESIAN_POINT('',(39.161525328093,-17.5600262476,0.));
#7216 = CARTESIAN_POINT('',(39.082405074375,-17.60981004816,0.));
#7217 = CARTESIAN_POINT('',(39.003284820656,-17.6559148472,0.));
#7218 = CARTESIAN_POINT('',(38.7659240595,-17.78394080541,0.));
#7219 = CARTESIAN_POINT('',(38.607683552062,-17.85556431746,0.));
#7220 = CARTESIAN_POINT('',(38.449443044625,-17.91503915544,0.));
#7221 = CARTESIAN_POINT('',(38.291202537187,-17.96348889749,0.));
#7222 = CARTESIAN_POINT('',(38.13296202975,-18.00166428543,0.));
#7223 = CARTESIAN_POINT('',(37.974721522312,-18.03002526296,0.));
#7224 = CARTESIAN_POINT('',(37.816481014875,-18.04882301381,0.));
#7225 = CARTESIAN_POINT('',(37.658240507437,-18.058182,0.));
#7226 = CARTESIAN_POINT('',(37.341759492563,-18.058182,0.));
#7227 = CARTESIAN_POINT('',(37.183518985125,-18.04882301381,0.));
#7228 = CARTESIAN_POINT('',(37.025278477688,-18.03002526296,0.));
#7229 = CARTESIAN_POINT('',(36.86703797025,-18.00166428543,0.));
#7230 = CARTESIAN_POINT('',(36.708797462813,-17.96348889749,0.));
#7231 = CARTESIAN_POINT('',(36.550556955375,-17.91503915544,0.));
#7232 = CARTESIAN_POINT('',(36.392316447938,-17.85556431746,0.));
#7233 = CARTESIAN_POINT('',(36.2340759405,-17.78394080541,0.));
#7234 = CARTESIAN_POINT('',(35.996715179344,-17.6559148472,0.));
#7235 = CARTESIAN_POINT('',(35.917594925626,-17.60981004816,0.));
#7236 = CARTESIAN_POINT('',(35.838474671907,-17.5600262476,0.));
#7237 = CARTESIAN_POINT('',(35.759354418188,-17.50631570959,0.));
#7238 = CARTESIAN_POINT('',(35.680234164469,-17.44838608612,0.));
#7239 = CARTESIAN_POINT('',(35.601113910751,-17.38585401896,0.));
#7240 = CARTESIAN_POINT('',(35.521993657032,-17.31819874164,0.));
#7241 = CARTESIAN_POINT('',(35.442873403313,-17.24471568128,0.));
#7242 = CARTESIAN_POINT('',(35.284632895876,-17.08422443987,0.));
#7243 = CARTESIAN_POINT('',(35.205512642158,-16.99741620173,0.));
#7244 = CARTESIAN_POINT('',(35.126392388438,-16.90129494571,0.));
#7245 = CARTESIAN_POINT('',(35.047272134718,-16.80115390975,0.));
#7246 = CARTESIAN_POINT('',(34.968151881005,-16.6793165574,0.));
#7247 = CARTESIAN_POINT('',(34.889031627279,-16.5596823708,0.));
#7248 = CARTESIAN_POINT('',(34.809911373565,-16.403346923,0.));
#7249 = CARTESIAN_POINT('',(34.730791119845,-16.23928245557,0.));
#7250 = CARTESIAN_POINT('',(34.651670866126,-16.,0.));
#7251 = ADVANCED_FACE('',(#7252,#7255),#7266,.F.);
#7252 = FACE_BOUND('',#7253,.F.);
#7253 = EDGE_LOOP('',(#7254));
#7254 = ORIENTED_EDGE('',*,*,#6334,.T.);
#7255 = FACE_BOUND('',#7256,.T.);
#7256 = EDGE_LOOP('',(#7257));
#7257 = ORIENTED_EDGE('',*,*,#7258,.T.);
#7258 = EDGE_CURVE('',#7259,#7259,#7261,.T.);
#7259 = VERTEX_POINT('',#7260);
#7260 = CARTESIAN_POINT('',(39.75,-15.058182,2.));
#7261 = CIRCLE('',#7262,2.25);
#7262 = AXIS2_PLACEMENT_3D('',#7263,#7264,#7265);
#7263 = CARTESIAN_POINT('',(37.5,-15.058182,2.));
#7264 = DIRECTION('',(0.,0.,1.));
#7265 = DIRECTION('',(1.,0.,0.));
#7266 = PLANE('',#7267);
#7267 = AXIS2_PLACEMENT_3D('',#7268,#7269,#7270);
#7268 = CARTESIAN_POINT('',(-1.3E-16,6.76032675,2.));
#7269 = DIRECTION('',(0.,0.,1.));
#7270 = DIRECTION('',(1.,0.,0.));
#7271 = ADVANCED_FACE('',(#7272),#7278,.F.);
#7272 = FACE_BOUND('',#7273,.F.);
#7273 = EDGE_LOOP('',(#7274,#7275,#7276,#7277));
#7274 = ORIENTED_EDGE('',*,*,#6468,.F.);
#7275 = ORIENTED_EDGE('',*,*,#6526,.T.);
#7276 = ORIENTED_EDGE('',*,*,#6660,.T.);
#7277 = ORIENTED_EDGE('',*,*,#6843,.F.);
#7278 = ( BOUNDED_SURFACE() B_SPLINE_SURFACE(2,9,(
    (#7279,#7280,#7281,#7282,#7283,#7284,#7285,#7286,#7287,#7288,#7289
      ,#7290,#7291,#7292,#7293,#7294,#7295,#7296,#7297,#7298,#7299,#7300
      ,#7301,#7302,#7303,#7304,#7305,#7306,#7307,#7308,#7309,#7310,#7311
      ,#7312,#7313,#7314,#7315,#7316,#7317,#7318,#7319,#7320,#7321,#7322
      ,#7323,#7324,#7325,#7326,#7327,#7328)
    ,(#7329,#7330,#7331,#7332,#7333,#7334,#7335,#7336,#7337,#7338,#7339
      ,#7340,#7341,#7342,#7343,#7344,#7345,#7346,#7347,#7348,#7349,#7350
      ,#7351,#7352,#7353,#7354,#7355,#7356,#7357,#7358,#7359,#7360,#7361
      ,#7362,#7363,#7364,#7365,#7366,#7367,#7368,#7369,#7370,#7371,#7372
      ,#7373,#7374,#7375,#7376,#7377,#7378)
    ,(#7379,#7380,#7381,#7382,#7383,#7384,#7385,#7386,#7387,#7388,#7389
      ,#7390,#7391,#7392,#7393,#7394,#7395,#7396,#7397,#7398,#7399,#7400
      ,#7401,#7402,#7403,#7404,#7405,#7406,#7407,#7408,#7409,#7410,#7411
      ,#7412,#7413,#7414,#7415,#7416,#7417,#7418,#7419,#7420,#7421,#7422
      ,#7423,#7424,#7425,#7426,#7427,#7428
)),.UNSPECIFIED.,.F.,.F.,.F.) B_SPLINE_SURFACE_WITH_KNOTS((3,3),(10,8,8,
    8,8,8,10),(0.,5.696658267748),(89.651670866126,90.363753149594,
    91.075835433063,92.5,93.924164566937,94.636246850406,95.348329133874
),.UNSPECIFIED.) GEOMETRIC_REPRESENTATION_ITEM() 
RATIONAL_B_SPLINE_SURFACE((
    (1.,1.,1.,1.,1.,1.,1.,1.,1.,1.,1.,1.,1.,1.,1.,1.,1.,1.,1.,1.,1.,1.
      ,1.,1.,1.,1.,1.,1.,1.,1.,1.,1.,1.,1.,1.,1.,1.,1.,1.,1.,1.,1.,1.,1.
      ,1.,1.,1.,1.,1.,1.)
    ,(0.707106781187,0.728256562056,0.742054242209,0.755236907443
      ,0.764874433953,0.774862576542,0.782788894753,0.790422396304
      ,0.797224572683,0.809708851666,0.815370804524,0.820541461733
      ,0.825287473281,0.829657764266,0.833688051001,0.837405357114
      ,0.840832529655,0.850313206283,0.855564867865,0.859892589145
      ,0.863398882613,0.866151708949,0.868192261926,0.86954275331
      ,0.87021419777,0.87021419777,0.86954275331,0.868192261925
      ,0.866151708949,0.863398882613,0.859892589145,0.855564867865
      ,0.850313206283,0.840832529655,0.837405357114,0.833688051001
      ,0.829657764266,0.825287473281,0.820541461733,0.815370804524
      ,0.809708851666,0.797224572683,0.790422396304,0.782788894753
      ,0.774862576542,0.764874433954,0.755236907443,0.742054242209
      ,0.728256562056,0.707106781187)
    ,(1.,1.,1.,1.,1.,1.,1.,1.,1.,1.,1.,1.,1.,1.,1.,1.,1.,1.,1.,1.,1.,1.
      ,1.,1.,1.,1.,1.,1.,1.,1.,1.,1.,1.,1.,1.,1.,1.,1.,1.,1.,1.,1.,1.,1.
,1.,1.,1.,1.,1.,1.))) REPRESENTATION_ITEM('') SURFACE() );
#7279 = CARTESIAN_POINT('',(-34.65167086612,-20.,-4.));
#7280 = CARTESIAN_POINT('',(-34.73079111984,-20.,-4.));
#7281 = CARTESIAN_POINT('',(-34.80991137356,-20.,-3.984052697086));
#7282 = CARTESIAN_POINT('',(-34.88903162728,-20.,-3.968021909571));
#7283 = CARTESIAN_POINT('',(-34.968151881,-20.,-3.944920806808));
#7284 = CARTESIAN_POINT('',(-35.04727213471,-20.,-3.923984798245));
#7285 = CARTESIAN_POINT('',(-35.12639238843,-20.,-3.899485651105));
#7286 = CARTESIAN_POINT('',(-35.20551264215,-20.,-3.875634576973));
#7287 = CARTESIAN_POINT('',(-35.28463289587,-20.,-3.85116774351));
#7288 = CARTESIAN_POINT('',(-35.44287340331,-20.,-3.802330666503));
#7289 = CARTESIAN_POINT('',(-35.52199365703,-20.,-3.77791240162));
#7290 = CARTESIAN_POINT('',(-35.60111391075,-20.,-3.753725599795));
#7291 = CARTESIAN_POINT('',(-35.68023416446,-20.,-3.729952038121));
#7292 = CARTESIAN_POINT('',(-35.75935441818,-20.,-3.706733992712));
#7293 = CARTESIAN_POINT('',(-35.8384746719,-20.,-3.684184150065));
#7294 = CARTESIAN_POINT('',(-35.91759492562,-20.,-3.662395518432));
#7295 = CARTESIAN_POINT('',(-35.99671517934,-20.,-3.64145133918));
#7296 = CARTESIAN_POINT('',(-36.2340759405,-20.,-3.581402316124));
#7297 = CARTESIAN_POINT('',(-36.39231644793,-20.,-3.545076979384));
#7298 = CARTESIAN_POINT('',(-36.55055695537,-20.,-3.513037095475));
#7299 = CARTESIAN_POINT('',(-36.70879746281,-20.,-3.485747658796));
#7300 = CARTESIAN_POINT('',(-36.86703797025,-20.,-3.463567996956));
#7301 = CARTESIAN_POINT('',(-37.02527847768,-20.,-3.446759217122));
#7302 = CARTESIAN_POINT('',(-37.18351898512,-20.,-3.435491652369));
#7303 = CARTESIAN_POINT('',(-37.34175949256,-20.,-3.429852308027));
#7304 = CARTESIAN_POINT('',(-37.65824050743,-20.,-3.429852308027));
#7305 = CARTESIAN_POINT('',(-37.81648101487,-20.,-3.435491652369));
#7306 = CARTESIAN_POINT('',(-37.97472152231,-20.,-3.446759217122));
#7307 = CARTESIAN_POINT('',(-38.13296202975,-20.,-3.463567996956));
#7308 = CARTESIAN_POINT('',(-38.29120253718,-20.,-3.485747658796));
#7309 = CARTESIAN_POINT('',(-38.44944304462,-20.,-3.513037095475));
#7310 = CARTESIAN_POINT('',(-38.60768355206,-20.,-3.545076979384));
#7311 = CARTESIAN_POINT('',(-38.7659240595,-20.,-3.581402316124));
#7312 = CARTESIAN_POINT('',(-39.00328482065,-20.,-3.64145133918));
#7313 = CARTESIAN_POINT('',(-39.08240507437,-20.,-3.662395518432));
#7314 = CARTESIAN_POINT('',(-39.16152532809,-20.,-3.684184150065));
#7315 = CARTESIAN_POINT('',(-39.24064558181,-20.,-3.706733992712));
#7316 = CARTESIAN_POINT('',(-39.31976583553,-20.,-3.729952038121));
#7317 = CARTESIAN_POINT('',(-39.39888608924,-20.,-3.753725599795));
#7318 = CARTESIAN_POINT('',(-39.47800634296,-20.,-3.77791240162));
#7319 = CARTESIAN_POINT('',(-39.55712659668,-20.,-3.802330666503));
#7320 = CARTESIAN_POINT('',(-39.71536710412,-20.,-3.85116774351));
#7321 = CARTESIAN_POINT('',(-39.79448735784,-20.,-3.875634576973));
#7322 = CARTESIAN_POINT('',(-39.87360761156,-20.,-3.899485651105));
#7323 = CARTESIAN_POINT('',(-39.95272786528,-20.,-3.923984798245));
#7324 = CARTESIAN_POINT('',(-40.03184811899,-20.,-3.94492080681));
#7325 = CARTESIAN_POINT('',(-40.11096837271,-20.,-3.968021909569));
#7326 = CARTESIAN_POINT('',(-40.19008862643,-20.,-3.984052697087));
#7327 = CARTESIAN_POINT('',(-40.26920888015,-20.,-4.));
#7328 = CARTESIAN_POINT('',(-40.34832913387,-20.,-4.));
#7329 = CARTESIAN_POINT('',(-34.65167086612,-20.,3.55E-15));
#7330 = CARTESIAN_POINT('',(-34.72849333618,-20.,-0.232333295398));
#7331 = CARTESIAN_POINT('',(-34.80751412917,-20.,-0.369142421084));
#7332 = CARTESIAN_POINT('',(-34.88600012492,-20.,-0.493297400667));
#7333 = CARTESIAN_POINT('',(-34.96588855217,-20.,-0.575518824282));
#7334 = CARTESIAN_POINT('',(-35.04484326832,-20.,-0.65880692317));
#7335 = CARTESIAN_POINT('',(-35.1247389286,-20.,-0.719050781579));
#7336 = CARTESIAN_POINT('',(-35.20428096012,-20.,-0.775081455268));
#7337 = CARTESIAN_POINT('',(-35.28401339708,-20.,-0.821979700663));
#7338 = CARTESIAN_POINT('',(-35.44226345609,-20.,-0.903079348349));
#7339 = CARTESIAN_POINT('',(-35.52104323004,-20.,-0.93739845704));
#7340 = CARTESIAN_POINT('',(-35.60002098274,-20.,-0.966932884584));
#7341 = CARTESIAN_POINT('',(-35.67914104872,-20.,-0.992535116761));
#7342 = CARTESIAN_POINT('',(-35.75836355137,-20.,-1.014843268024));
#7343 = CARTESIAN_POINT('',(-35.83766203998,-20.,-1.034337979402));
#7344 = CARTESIAN_POINT('',(-35.91701879589,-20.,-1.051394193434));
#7345 = CARTESIAN_POINT('',(-35.99641780996,-20.,-1.066329256329));
#7346 = CARTESIAN_POINT('',(-36.23289972521,-20.,-1.105394056198));
#7347 = CARTESIAN_POINT('',(-36.39065620171,-20.,-1.124323332343));
#7348 = CARTESIAN_POINT('',(-36.54886943333,-20.,-1.138127314688));
#7349 = CARTESIAN_POINT('',(-36.70735565113,-20.,-1.14817423196));
#7350 = CARTESIAN_POINT('',(-36.86597919722,-20.,-1.155412126119));
#7351 = CARTESIAN_POINT('',(-37.02464175479,-20.,-1.160457233066));
#7352 = CARTESIAN_POINT('',(-37.18326402031,-20.,-1.163673143808));
#7353 = CARTESIAN_POINT('',(-37.34175949256,-20.,-1.165244009348));
#7354 = CARTESIAN_POINT('',(-37.65824050743,-20.,-1.165244009348));
#7355 = CARTESIAN_POINT('',(-37.81673597968,-20.,-1.163673143808));
#7356 = CARTESIAN_POINT('',(-37.9753582452,-20.,-1.160457233066));
#7357 = CARTESIAN_POINT('',(-38.13402080277,-20.,-1.155412126119));
#7358 = CARTESIAN_POINT('',(-38.29264434887,-20.,-1.14817423196));
#7359 = CARTESIAN_POINT('',(-38.45113056666,-20.,-1.138127314688));
#7360 = CARTESIAN_POINT('',(-38.60934379829,-20.,-1.124323332343));
#7361 = CARTESIAN_POINT('',(-38.76710027478,-20.,-1.105394056198));
#7362 = CARTESIAN_POINT('',(-39.00358219003,-20.,-1.066329256329));
#7363 = CARTESIAN_POINT('',(-39.0829812041,-20.,-1.051394193434));
#7364 = CARTESIAN_POINT('',(-39.16233796001,-20.,-1.034337979402));
#7365 = CARTESIAN_POINT('',(-39.24163644862,-20.,-1.014843268024));
#7366 = CARTESIAN_POINT('',(-39.32085895127,-20.,-0.992535116761));
#7367 = CARTESIAN_POINT('',(-39.39997901725,-20.,-0.966932884584));
#7368 = CARTESIAN_POINT('',(-39.47895676996,-20.,-0.93739845704));
#7369 = CARTESIAN_POINT('',(-39.5577365439,-20.,-0.903079348349));
#7370 = CARTESIAN_POINT('',(-39.71598660291,-20.,-0.821979700663));
#7371 = CARTESIAN_POINT('',(-39.79571903987,-20.,-0.775081455268));
#7372 = CARTESIAN_POINT('',(-39.87526107139,-20.,-0.719050781578));
#7373 = CARTESIAN_POINT('',(-39.95515673167,-20.,-0.658806923167));
#7374 = CARTESIAN_POINT('',(-40.03411144782,-20.,-0.575518824288));
#7375 = CARTESIAN_POINT('',(-40.11399987508,-20.,-0.493297400661));
#7376 = CARTESIAN_POINT('',(-40.19248587082,-20.,-0.369142421086));
#7377 = CARTESIAN_POINT('',(-40.27150666381,-20.,-0.232333295398));
#7378 = CARTESIAN_POINT('',(-40.34832913387,-20.,3.55E-15));
#7379 = CARTESIAN_POINT('',(-34.65167086612,-16.,0.));
#7380 = CARTESIAN_POINT('',(-34.73079111984,-16.23928245557,0.));
#7381 = CARTESIAN_POINT('',(-34.80991137356,-16.403346923,0.));
#7382 = CARTESIAN_POINT('',(-34.88903162728,-16.55968237081,0.));
#7383 = CARTESIAN_POINT('',(-34.968151881,-16.6793165574,0.));
#7384 = CARTESIAN_POINT('',(-35.04727213471,-16.80115390975,0.));
#7385 = CARTESIAN_POINT('',(-35.12639238843,-16.90129494571,0.));
#7386 = CARTESIAN_POINT('',(-35.20551264215,-16.99741620173,0.));
#7387 = CARTESIAN_POINT('',(-35.28463289587,-17.08422443987,0.));
#7388 = CARTESIAN_POINT('',(-35.44287340331,-17.24471568128,0.));
#7389 = CARTESIAN_POINT('',(-35.52199365703,-17.31819874164,0.));
#7390 = CARTESIAN_POINT('',(-35.60111391075,-17.38585401896,0.));
#7391 = CARTESIAN_POINT('',(-35.68023416446,-17.44838608612,0.));
#7392 = CARTESIAN_POINT('',(-35.75935441818,-17.50631570959,0.));
#7393 = CARTESIAN_POINT('',(-35.8384746719,-17.5600262476,0.));
#7394 = CARTESIAN_POINT('',(-35.91759492562,-17.60981004816,0.));
#7395 = CARTESIAN_POINT('',(-35.99671517934,-17.6559148472,0.));
#7396 = CARTESIAN_POINT('',(-36.2340759405,-17.78394080541,0.));
#7397 = CARTESIAN_POINT('',(-36.39231644793,-17.85556431746,0.));
#7398 = CARTESIAN_POINT('',(-36.55055695537,-17.91503915544,0.));
#7399 = CARTESIAN_POINT('',(-36.70879746281,-17.96348889749,0.));
#7400 = CARTESIAN_POINT('',(-36.86703797025,-18.00166428543,0.));
#7401 = CARTESIAN_POINT('',(-37.02527847768,-18.03002526296,0.));
#7402 = CARTESIAN_POINT('',(-37.18351898512,-18.04882301381,0.));
#7403 = CARTESIAN_POINT('',(-37.34175949256,-18.058182,0.));
#7404 = CARTESIAN_POINT('',(-37.65824050743,-18.058182,0.));
#7405 = CARTESIAN_POINT('',(-37.81648101487,-18.04882301381,0.));
#7406 = CARTESIAN_POINT('',(-37.97472152231,-18.03002526296,0.));
#7407 = CARTESIAN_POINT('',(-38.13296202975,-18.00166428543,0.));
#7408 = CARTESIAN_POINT('',(-38.29120253718,-17.96348889749,0.));
#7409 = CARTESIAN_POINT('',(-38.44944304462,-17.91503915544,0.));
#7410 = CARTESIAN_POINT('',(-38.60768355206,-17.85556431746,0.));
#7411 = CARTESIAN_POINT('',(-38.7659240595,-17.78394080541,0.));
#7412 = CARTESIAN_POINT('',(-39.00328482065,-17.6559148472,0.));
#7413 = CARTESIAN_POINT('',(-39.08240507437,-17.60981004816,0.));
#7414 = CARTESIAN_POINT('',(-39.16152532809,-17.5600262476,0.));
#7415 = CARTESIAN_POINT('',(-39.24064558181,-17.50631570959,0.));
#7416 = CARTESIAN_POINT('',(-39.31976583553,-17.44838608612,0.));
#7417 = CARTESIAN_POINT('',(-39.39888608924,-17.38585401896,0.));
#7418 = CARTESIAN_POINT('',(-39.47800634296,-17.31819874164,0.));
#7419 = CARTESIAN_POINT('',(-39.55712659668,-17.24471568128,0.));
#7420 = CARTESIAN_POINT('',(-39.71536710412,-17.08422443987,0.));
#7421 = CARTESIAN_POINT('',(-39.79448735784,-16.99741620173,0.));
#7422 = CARTESIAN_POINT('',(-39.87360761156,-16.90129494571,0.));
#7423 = CARTESIAN_POINT('',(-39.95272786528,-16.80115390975,0.));
#7424 = CARTESIAN_POINT('',(-40.03184811899,-16.6793165574,0.));
#7425 = CARTESIAN_POINT('',(-40.11096837272,-16.55968237081,0.));
#7426 = CARTESIAN_POINT('',(-40.19008862643,-16.403346923,0.));
#7427 = CARTESIAN_POINT('',(-40.26920888015,-16.23928245557,0.));
#7428 = CARTESIAN_POINT('',(-40.34832913387,-16.,0.));
#7429 = ADVANCED_FACE('',(#7430,#7433),#7444,.F.);
#7430 = FACE_BOUND('',#7431,.F.);
#7431 = EDGE_LOOP('',(#7432));
#7432 = ORIENTED_EDGE('',*,*,#6517,.T.);
#7433 = FACE_BOUND('',#7434,.T.);
#7434 = EDGE_LOOP('',(#7435));
#7435 = ORIENTED_EDGE('',*,*,#7436,.T.);
#7436 = EDGE_CURVE('',#7437,#7437,#7439,.T.);
#7437 = VERTEX_POINT('',#7438);
#7438 = CARTESIAN_POINT('',(-35.25,-15.058182,2.));
#7439 = CIRCLE('',#7440,2.25);
#7440 = AXIS2_PLACEMENT_3D('',#7441,#7442,#7443);
#7441 = CARTESIAN_POINT('',(-37.5,-15.058182,2.));
#7442 = DIRECTION('',(0.,0.,1.));
#7443 = DIRECTION('',(1.,0.,0.));
#7444 = PLANE('',#7445);
#7445 = AXIS2_PLACEMENT_3D('',#7446,#7447,#7448);
#7446 = CARTESIAN_POINT('',(-1.3E-16,6.76032675,2.));
#7447 = DIRECTION('',(0.,0.,1.));
#7448 = DIRECTION('',(1.,0.,0.));
#7449 = ADVANCED_FACE('',(#7450,#7453),#7464,.F.);
#7450 = FACE_BOUND('',#7451,.F.);
#7451 = EDGE_LOOP('',(#7452));
#7452 = ORIENTED_EDGE('',*,*,#6692,.T.);
#7453 = FACE_BOUND('',#7454,.T.);
#7454 = EDGE_LOOP('',(#7455));
#7455 = ORIENTED_EDGE('',*,*,#7456,.T.);
#7456 = EDGE_CURVE('',#7457,#7457,#7459,.T.);
#7457 = VERTEX_POINT('',#7458);
#7458 = CARTESIAN_POINT('',(-35.25,0.,2.));
#7459 = CIRCLE('',#7460,2.25);
#7460 = AXIS2_PLACEMENT_3D('',#7461,#7462,#7463);
#7461 = CARTESIAN_POINT('',(-37.5,0.,2.));
#7462 = DIRECTION('',(0.,0.,1.));
#7463 = DIRECTION('',(1.,0.,0.));
#7464 = PLANE('',#7465);
#7465 = AXIS2_PLACEMENT_3D('',#7466,#7467,#7468);
#7466 = CARTESIAN_POINT('',(-1.3E-16,6.76032675,2.));
#7467 = DIRECTION('',(0.,0.,1.));
#7468 = DIRECTION('',(1.,0.,0.));
#7469 = ADVANCED_FACE('',(#7470,#7473),#7484,.F.);
#7470 = FACE_BOUND('',#7471,.F.);
#7471 = EDGE_LOOP('',(#7472));
#7472 = ORIENTED_EDGE('',*,*,#6717,.T.);
#7473 = FACE_BOUND('',#7474,.T.);
#7474 = EDGE_LOOP('',(#7475));
#7475 = ORIENTED_EDGE('',*,*,#7476,.T.);
#7476 = EDGE_CURVE('',#7477,#7477,#7479,.T.);
#7477 = VERTEX_POINT('',#7478);
#7478 = CARTESIAN_POINT('',(39.75,0.,2.));
#7479 = CIRCLE('',#7480,2.25);
#7480 = AXIS2_PLACEMENT_3D('',#7481,#7482,#7483);
#7481 = CARTESIAN_POINT('',(37.5,0.,2.));
#7482 = DIRECTION('',(0.,0.,1.));
#7483 = DIRECTION('',(1.,0.,0.));
#7484 = PLANE('',#7485);
#7485 = AXIS2_PLACEMENT_3D('',#7486,#7487,#7488);
#7486 = CARTESIAN_POINT('',(-1.3E-16,6.76032675,2.));
#7487 = DIRECTION('',(0.,0.,1.));
#7488 = DIRECTION('',(1.,0.,0.));
#7489 = ADVANCED_FACE('',(#7490,#7493),#7504,.F.);
#7490 = FACE_BOUND('',#7491,.F.);
#7491 = EDGE_LOOP('',(#7492));
#7492 = ORIENTED_EDGE('',*,*,#6742,.T.);
#7493 = FACE_BOUND('',#7494,.T.);
#7494 = EDGE_LOOP('',(#7495));
#7495 = ORIENTED_EDGE('',*,*,#7496,.T.);
#7496 = EDGE_CURVE('',#7497,#7497,#7499,.T.);
#7497 = VERTEX_POINT('',#7498);
#7498 = CARTESIAN_POINT('',(-35.25,14.09116,2.));
#7499 = CIRCLE('',#7500,2.25);
#7500 = AXIS2_PLACEMENT_3D('',#7501,#7502,#7503);
#7501 = CARTESIAN_POINT('',(-37.5,14.09116,2.));
#7502 = DIRECTION('',(0.,0.,1.));
#7503 = DIRECTION('',(1.,0.,0.));
#7504 = PLANE('',#7505);
#7505 = AXIS2_PLACEMENT_3D('',#7506,#7507,#7508);
#7506 = CARTESIAN_POINT('',(-1.3E-16,6.76032675,2.));
#7507 = DIRECTION('',(0.,0.,1.));
#7508 = DIRECTION('',(1.,0.,0.));
#7509 = ADVANCED_FACE('',(#7510,#7513),#7524,.F.);
#7510 = FACE_BOUND('',#7511,.F.);
#7511 = EDGE_LOOP('',(#7512));
#7512 = ORIENTED_EDGE('',*,*,#6767,.T.);
#7513 = FACE_BOUND('',#7514,.T.);
#7514 = EDGE_LOOP('',(#7515));
#7515 = ORIENTED_EDGE('',*,*,#7516,.T.);
#7516 = EDGE_CURVE('',#7517,#7517,#7519,.T.);
#7517 = VERTEX_POINT('',#7518);
#7518 = CARTESIAN_POINT('',(-35.25,28.008329,2.));
#7519 = CIRCLE('',#7520,2.25);
#7520 = AXIS2_PLACEMENT_3D('',#7521,#7522,#7523);
#7521 = CARTESIAN_POINT('',(-37.5,28.008329,2.));
#7522 = DIRECTION('',(0.,0.,1.));
#7523 = DIRECTION('',(1.,0.,0.));
#7524 = PLANE('',#7525);
#7525 = AXIS2_PLACEMENT_3D('',#7526,#7527,#7528);
#7526 = CARTESIAN_POINT('',(-1.3E-16,6.76032675,2.));
#7527 = DIRECTION('',(0.,0.,1.));
#7528 = DIRECTION('',(1.,0.,0.));
#7529 = ADVANCED_FACE('',(#7530,#7533),#7544,.F.);
#7530 = FACE_BOUND('',#7531,.F.);
#7531 = EDGE_LOOP('',(#7532));
#7532 = ORIENTED_EDGE('',*,*,#6792,.T.);
#7533 = FACE_BOUND('',#7534,.T.);
#7534 = EDGE_LOOP('',(#7535));
#7535 = ORIENTED_EDGE('',*,*,#7536,.T.);
#7536 = EDGE_CURVE('',#7537,#7537,#7539,.T.);
#7537 = VERTEX_POINT('',#7538);
#7538 = CARTESIAN_POINT('',(39.75,14.09116,2.));
#7539 = CIRCLE('',#7540,2.25);
#7540 = AXIS2_PLACEMENT_3D('',#7541,#7542,#7543);
#7541 = CARTESIAN_POINT('',(37.5,14.09116,2.));
#7542 = DIRECTION('',(0.,0.,1.));
#7543 = DIRECTION('',(1.,0.,0.));
#7544 = PLANE('',#7545);
#7545 = AXIS2_PLACEMENT_3D('',#7546,#7547,#7548);
#7546 = CARTESIAN_POINT('',(-1.3E-16,6.76032675,2.));
#7547 = DIRECTION('',(0.,0.,1.));
#7548 = DIRECTION('',(1.,0.,0.));
#7549 = ADVANCED_FACE('',(#7550,#7553),#7564,.F.);
#7550 = FACE_BOUND('',#7551,.F.);
#7551 = EDGE_LOOP('',(#7552));
#7552 = ORIENTED_EDGE('',*,*,#6817,.T.);
#7553 = FACE_BOUND('',#7554,.T.);
#7554 = EDGE_LOOP('',(#7555));
#7555 = ORIENTED_EDGE('',*,*,#7556,.T.);
#7556 = EDGE_CURVE('',#7557,#7557,#7559,.T.);
#7557 = VERTEX_POINT('',#7558);
#7558 = CARTESIAN_POINT('',(39.75,28.008329,2.));
#7559 = CIRCLE('',#7560,2.25);
#7560 = AXIS2_PLACEMENT_3D('',#7561,#7562,#7563);
#7561 = CARTESIAN_POINT('',(37.5,28.008329,2.));
#7562 = DIRECTION('',(0.,0.,1.));
#7563 = DIRECTION('',(1.,0.,0.));
#7564 = PLANE('',#7565);
#7565 = AXIS2_PLACEMENT_3D('',#7566,#7567,#7568);
#7566 = CARTESIAN_POINT('',(-1.3E-16,6.76032675,2.));
#7567 = DIRECTION('',(0.,0.,1.));
#7568 = DIRECTION('',(1.,0.,0.));
#7569 = ADVANCED_FACE('',(#7570),#7581,.F.);
#7570 = FACE_BOUND('',#7571,.T.);
#7571 = EDGE_LOOP('',(#7572,#7573,#7579,#7580));
#7572 = ORIENTED_EDGE('',*,*,#7456,.F.);
#7573 = ORIENTED_EDGE('',*,*,#7574,.T.);
#7574 = EDGE_CURVE('',#7457,#7004,#7575,.T.);
#7575 = LINE('',#7576,#7577);
#7576 = CARTESIAN_POINT('',(-35.25,0.,0.));
#7577 = VECTOR('',#7578,1.);
#7578 = DIRECTION('',(0.,0.,1.));
#7579 = ORIENTED_EDGE('',*,*,#7003,.T.);
#7580 = ORIENTED_EDGE('',*,*,#7574,.F.);
#7581 = CYLINDRICAL_SURFACE('',#7582,2.25);
#7582 = AXIS2_PLACEMENT_3D('',#7583,#7584,#7585);
#7583 = CARTESIAN_POINT('',(-37.5,0.,0.));
#7584 = DIRECTION('',(-0.,-0.,-1.));
#7585 = DIRECTION('',(1.,0.,0.));
#7586 = ADVANCED_FACE('',(#7587),#7598,.F.);
#7587 = FACE_BOUND('',#7588,.T.);
#7588 = EDGE_LOOP('',(#7589,#7590,#7596,#7597));
#7589 = ORIENTED_EDGE('',*,*,#7476,.F.);
#7590 = ORIENTED_EDGE('',*,*,#7591,.T.);
#7591 = EDGE_CURVE('',#7477,#7015,#7592,.T.);
#7592 = LINE('',#7593,#7594);
#7593 = CARTESIAN_POINT('',(39.75,0.,0.));
#7594 = VECTOR('',#7595,1.);
#7595 = DIRECTION('',(0.,0.,1.));
#7596 = ORIENTED_EDGE('',*,*,#7014,.T.);
#7597 = ORIENTED_EDGE('',*,*,#7591,.F.);
#7598 = CYLINDRICAL_SURFACE('',#7599,2.25);
#7599 = AXIS2_PLACEMENT_3D('',#7600,#7601,#7602);
#7600 = CARTESIAN_POINT('',(37.5,0.,0.));
#7601 = DIRECTION('',(-0.,-0.,-1.));
#7602 = DIRECTION('',(1.,0.,0.));
#7603 = ADVANCED_FACE('',(#7604),#7615,.F.);
#7604 = FACE_BOUND('',#7605,.T.);
#7605 = EDGE_LOOP('',(#7606,#7607,#7613,#7614));
#7606 = ORIENTED_EDGE('',*,*,#7496,.F.);
#7607 = ORIENTED_EDGE('',*,*,#7608,.T.);
#7608 = EDGE_CURVE('',#7497,#7026,#7609,.T.);
#7609 = LINE('',#7610,#7611);
#7610 = CARTESIAN_POINT('',(-35.25,14.09116,0.));
#7611 = VECTOR('',#7612,1.);
#7612 = DIRECTION('',(0.,0.,1.));
#7613 = ORIENTED_EDGE('',*,*,#7025,.T.);
#7614 = ORIENTED_EDGE('',*,*,#7608,.F.);
#7615 = CYLINDRICAL_SURFACE('',#7616,2.25);
#7616 = AXIS2_PLACEMENT_3D('',#7617,#7618,#7619);
#7617 = CARTESIAN_POINT('',(-37.5,14.09116,0.));
#7618 = DIRECTION('',(-0.,-0.,-1.));
#7619 = DIRECTION('',(1.,0.,0.));
#7620 = ADVANCED_FACE('',(#7621),#7632,.F.);
#7621 = FACE_BOUND('',#7622,.T.);
#7622 = EDGE_LOOP('',(#7623,#7624,#7630,#7631));
#7623 = ORIENTED_EDGE('',*,*,#7536,.F.);
#7624 = ORIENTED_EDGE('',*,*,#7625,.T.);
#7625 = EDGE_CURVE('',#7537,#7037,#7626,.T.);
#7626 = LINE('',#7627,#7628);
#7627 = CARTESIAN_POINT('',(39.75,14.09116,0.));
#7628 = VECTOR('',#7629,1.);
#7629 = DIRECTION('',(0.,0.,1.));
#7630 = ORIENTED_EDGE('',*,*,#7036,.T.);
#7631 = ORIENTED_EDGE('',*,*,#7625,.F.);
#7632 = CYLINDRICAL_SURFACE('',#7633,2.25);
#7633 = AXIS2_PLACEMENT_3D('',#7634,#7635,#7636);
#7634 = CARTESIAN_POINT('',(37.5,14.09116,0.));
#7635 = DIRECTION('',(-0.,-0.,-1.));
#7636 = DIRECTION('',(1.,0.,0.));
#7637 = ADVANCED_FACE('',(#7638),#7649,.F.);
#7638 = FACE_BOUND('',#7639,.T.);
#7639 = EDGE_LOOP('',(#7640,#7641,#7647,#7648));
#7640 = ORIENTED_EDGE('',*,*,#7436,.F.);
#7641 = ORIENTED_EDGE('',*,*,#7642,.T.);
#7642 = EDGE_CURVE('',#7437,#7048,#7643,.T.);
#7643 = LINE('',#7644,#7645);
#7644 = CARTESIAN_POINT('',(-35.25,-15.058182,0.));
#7645 = VECTOR('',#7646,1.);
#7646 = DIRECTION('',(0.,0.,1.));
#7647 = ORIENTED_EDGE('',*,*,#7047,.T.);
#7648 = ORIENTED_EDGE('',*,*,#7642,.F.);
#7649 = CYLINDRICAL_SURFACE('',#7650,2.25);
#7650 = AXIS2_PLACEMENT_3D('',#7651,#7652,#7653);
#7651 = CARTESIAN_POINT('',(-37.5,-15.058182,0.));
#7652 = DIRECTION('',(-0.,-0.,-1.));
#7653 = DIRECTION('',(1.,0.,0.));
#7654 = ADVANCED_FACE('',(#7655),#7666,.F.);
#7655 = FACE_BOUND('',#7656,.T.);
#7656 = EDGE_LOOP('',(#7657,#7658,#7664,#7665));
#7657 = ORIENTED_EDGE('',*,*,#7258,.F.);
#7658 = ORIENTED_EDGE('',*,*,#7659,.T.);
#7659 = EDGE_CURVE('',#7259,#7059,#7660,.T.);
#7660 = LINE('',#7661,#7662);
#7661 = CARTESIAN_POINT('',(39.75,-15.058182,0.));
#7662 = VECTOR('',#7663,1.);
#7663 = DIRECTION('',(0.,0.,1.));
#7664 = ORIENTED_EDGE('',*,*,#7058,.T.);
#7665 = ORIENTED_EDGE('',*,*,#7659,.F.);
#7666 = CYLINDRICAL_SURFACE('',#7667,2.25);
#7667 = AXIS2_PLACEMENT_3D('',#7668,#7669,#7670);
#7668 = CARTESIAN_POINT('',(37.5,-15.058182,0.));
#7669 = DIRECTION('',(-0.,-0.,-1.));
#7670 = DIRECTION('',(1.,0.,0.));
#7671 = ADVANCED_FACE('',(#7672),#7683,.F.);
#7672 = FACE_BOUND('',#7673,.T.);
#7673 = EDGE_LOOP('',(#7674,#7675,#7681,#7682));
#7674 = ORIENTED_EDGE('',*,*,#7516,.F.);
#7675 = ORIENTED_EDGE('',*,*,#7676,.T.);
#7676 = EDGE_CURVE('',#7517,#7070,#7677,.T.);
#7677 = LINE('',#7678,#7679);
#7678 = CARTESIAN_POINT('',(-35.25,28.008329,0.));
#7679 = VECTOR('',#7680,1.);
#7680 = DIRECTION('',(0.,0.,1.));
#7681 = ORIENTED_EDGE('',*,*,#7069,.T.);
#7682 = ORIENTED_EDGE('',*,*,#7676,.F.);
#7683 = CYLINDRICAL_SURFACE('',#7684,2.25);
#7684 = AXIS2_PLACEMENT_3D('',#7685,#7686,#7687);
#7685 = CARTESIAN_POINT('',(-37.5,28.008329,0.));
#7686 = DIRECTION('',(-0.,-0.,-1.));
#7687 = DIRECTION('',(1.,0.,0.));
#7688 = ADVANCED_FACE('',(#7689),#7700,.F.);
#7689 = FACE_BOUND('',#7690,.T.);
#7690 = EDGE_LOOP('',(#7691,#7692,#7698,#7699));
#7691 = ORIENTED_EDGE('',*,*,#7556,.F.);
#7692 = ORIENTED_EDGE('',*,*,#7693,.T.);
#7693 = EDGE_CURVE('',#7557,#7081,#7694,.T.);
#7694 = LINE('',#7695,#7696);
#7695 = CARTESIAN_POINT('',(39.75,28.008329,0.));
#7696 = VECTOR('',#7697,1.);
#7697 = DIRECTION('',(0.,0.,1.));
#7698 = ORIENTED_EDGE('',*,*,#7080,.T.);
#7699 = ORIENTED_EDGE('',*,*,#7693,.F.);
#7700 = CYLINDRICAL_SURFACE('',#7701,2.25);
#7701 = AXIS2_PLACEMENT_3D('',#7702,#7703,#7704);
#7702 = CARTESIAN_POINT('',(37.5,28.008329,0.));
#7703 = DIRECTION('',(-0.,-0.,-1.));
#7704 = DIRECTION('',(1.,0.,0.));
#7705 = ( GEOMETRIC_REPRESENTATION_CONTEXT(3) 
GLOBAL_UNCERTAINTY_ASSIGNED_CONTEXT((#7709)) 
GLOBAL_UNIT_ASSIGNED_CONTEXT((#7706,#7707,#7708)) REPRESENTATION_CONTEXT
('Context #1','3D Context with UNIT and UNCERTAINTY') );
#7706 = ( LENGTH_UNIT() NAMED_UNIT(*) SI_UNIT(.MILLI.,.METRE.) );
#7707 = ( NAMED_UNIT(*) PLANE_ANGLE_UNIT() SI_UNIT($,.RADIAN.) );
#7708 = ( NAMED_UNIT(*) SI_UNIT($,.STERADIAN.) SOLID_ANGLE_UNIT() );
#7709 = UNCERTAINTY_MEASURE_WITH_UNIT(LENGTH_MEASURE(1.E-05),#7706,
  'distance_accuracy_value','confusion accuracy');
#7710 = CONTEXT_DEPENDENT_SHAPE_REPRESENTATION(#7711,#7713);
#7711 = ( REPRESENTATION_RELATIONSHIP('','',#6023,#10) 
REPRESENTATION_RELATIONSHIP_WITH_TRANSFORMATION(#7712) 
SHAPE_REPRESENTATION_RELATIONSHIP() );
#7712 = ITEM_DEFINED_TRANSFORMATION('','',#11,#67);
#7713 = PRODUCT_DEFINITION_SHAPE('Placement','Placement of an item',
  #7714);
#7714 = NEXT_ASSEMBLY_USAGE_OCCURRENCE('259','Fillet','',#5,#6018,$);
#7715 = PRODUCT_RELATED_PRODUCT_CATEGORY('part',$,(#6020));
#7716 = SHAPE_DEFINITION_REPRESENTATION(#7717,#7723);
#7717 = PRODUCT_DEFINITION_SHAPE('','',#7718);
#7718 = PRODUCT_DEFINITION('design','',#7719,#7722);
#7719 = PRODUCT_DEFINITION_FORMATION('','',#7720);
#7720 = PRODUCT('Sketch003','Sketch003','',(#7721));
#7721 = PRODUCT_CONTEXT('',#2,'mechanical');
#7722 = PRODUCT_DEFINITION_CONTEXT('part definition',#2,'design');
#7723 = SHAPE_REPRESENTATION('',(#11,#7724,#7753,#7782,#7811),#7840);
#7724 = GEOMETRIC_CURVE_SET('',(#7725,#7732,#7739,#7746));
#7725 = TRIMMED_CURVE('',#7726,(#7730,PARAMETER_VALUE(0.)),(#7731,
    PARAMETER_VALUE(5.)),.T.,.PARAMETER.);
#7726 = LINE('',#7727,#7728);
#7727 = CARTESIAN_POINT('',(-41.1802872707,-51.44736000291,0.));
#7728 = VECTOR('',#7729,1.);
#7729 = DIRECTION('',(0.,-1.,0.));
#7730 = CARTESIAN_POINT('',(-41.1802872707,-51.44736000291,0.));
#7731 = CARTESIAN_POINT('',(-41.1802872707,-56.44736000291,0.));
#7732 = TRIMMED_CURVE('',#7733,(#7737,PARAMETER_VALUE(0.)),(#7738,
    PARAMETER_VALUE(80.)),.T.,.PARAMETER.);
#7733 = LINE('',#7734,#7735);
#7734 = CARTESIAN_POINT('',(-41.1802872707,-56.44736000291,0.));
#7735 = VECTOR('',#7736,1.);
#7736 = DIRECTION('',(1.,0.,0.));
#7737 = CARTESIAN_POINT('',(-41.1802872707,-56.44736000291,0.));
#7738 = CARTESIAN_POINT('',(38.819712729295,-56.44736000291,0.));
#7739 = TRIMMED_CURVE('',#7740,(#7744,PARAMETER_VALUE(0.)),(#7745,
    PARAMETER_VALUE(5.)),.T.,.PARAMETER.);
#7740 = LINE('',#7741,#7742);
#7741 = CARTESIAN_POINT('',(38.819712729295,-56.44736000291,0.));
#7742 = VECTOR('',#7743,1.);
#7743 = DIRECTION('',(0.,1.,0.));
#7744 = CARTESIAN_POINT('',(38.819712729295,-56.44736000291,0.));
#7745 = CARTESIAN_POINT('',(38.819712729295,-51.44736000291,0.));
#7746 = TRIMMED_CURVE('',#7747,(#7751,PARAMETER_VALUE(0.)),(#7752,
    PARAMETER_VALUE(80.)),.T.,.PARAMETER.);
#7747 = LINE('',#7748,#7749);
#7748 = CARTESIAN_POINT('',(38.819712729295,-51.44736000291,0.));
#7749 = VECTOR('',#7750,1.);
#7750 = DIRECTION('',(-1.,0.,0.));
#7751 = CARTESIAN_POINT('',(38.819712729295,-51.44736000291,0.));
#7752 = CARTESIAN_POINT('',(-41.1802872707,-51.44736000291,0.));
#7753 = GEOMETRIC_CURVE_SET('',(#7754,#7761,#7768,#7775));
#7754 = TRIMMED_CURVE('',#7755,(#7759,PARAMETER_VALUE(0.)),(#7760,
    PARAMETER_VALUE(5.)),.T.,.PARAMETER.);
#7755 = LINE('',#7756,#7757);
#7756 = CARTESIAN_POINT('',(-41.180287,-37.650993,0.));
#7757 = VECTOR('',#7758,1.);
#7758 = DIRECTION('',(0.,-1.,0.));
#7759 = CARTESIAN_POINT('',(-41.180287,-37.650993,0.));
#7760 = CARTESIAN_POINT('',(-41.180287,-42.650993,0.));
#7761 = TRIMMED_CURVE('',#7762,(#7766,PARAMETER_VALUE(0.)),(#7767,
    PARAMETER_VALUE(80.)),.T.,.PARAMETER.);
#7762 = LINE('',#7763,#7764);
#7763 = CARTESIAN_POINT('',(-41.180287,-42.650993,0.));
#7764 = VECTOR('',#7765,1.);
#7765 = DIRECTION('',(1.,0.,0.));
#7766 = CARTESIAN_POINT('',(-41.180287,-42.650993,0.));
#7767 = CARTESIAN_POINT('',(38.819713,-42.650993,0.));
#7768 = TRIMMED_CURVE('',#7769,(#7773,PARAMETER_VALUE(0.)),(#7774,
    PARAMETER_VALUE(5.)),.T.,.PARAMETER.);
#7769 = LINE('',#7770,#7771);
#7770 = CARTESIAN_POINT('',(38.819713,-42.650993,0.));
#7771 = VECTOR('',#7772,1.);
#7772 = DIRECTION('',(0.,1.,0.));
#7773 = CARTESIAN_POINT('',(38.819713,-42.650993,0.));
#7774 = CARTESIAN_POINT('',(38.819713,-37.650993,0.));
#7775 = TRIMMED_CURVE('',#7776,(#7780,PARAMETER_VALUE(0.)),(#7781,
    PARAMETER_VALUE(80.)),.T.,.PARAMETER.);
#7776 = LINE('',#7777,#7778);
#7777 = CARTESIAN_POINT('',(38.819713,-37.650993,0.));
#7778 = VECTOR('',#7779,1.);
#7779 = DIRECTION('',(-1.,0.,0.));
#7780 = CARTESIAN_POINT('',(38.819713,-37.650993,0.));
#7781 = CARTESIAN_POINT('',(-41.180287,-37.650993,0.));
#7782 = GEOMETRIC_CURVE_SET('',(#7783,#7790,#7797,#7804));
#7783 = TRIMMED_CURVE('',#7784,(#7788,PARAMETER_VALUE(0.)),(#7789,
    PARAMETER_VALUE(5.)),.T.,.PARAMETER.);
#7784 = LINE('',#7785,#7786);
#7785 = CARTESIAN_POINT('',(-41.180287,-69.423223,0.));
#7786 = VECTOR('',#7787,1.);
#7787 = DIRECTION('',(0.,-1.,0.));
#7788 = CARTESIAN_POINT('',(-41.180287,-69.423223,0.));
#7789 = CARTESIAN_POINT('',(-41.180287,-74.423223,0.));
#7790 = TRIMMED_CURVE('',#7791,(#7795,PARAMETER_VALUE(0.)),(#7796,
    PARAMETER_VALUE(80.)),.T.,.PARAMETER.);
#7791 = LINE('',#7792,#7793);
#7792 = CARTESIAN_POINT('',(-41.180287,-74.423223,0.));
#7793 = VECTOR('',#7794,1.);
#7794 = DIRECTION('',(1.,0.,0.));
#7795 = CARTESIAN_POINT('',(-41.180287,-74.423223,0.));
#7796 = CARTESIAN_POINT('',(38.819713,-74.423223,0.));
#7797 = TRIMMED_CURVE('',#7798,(#7802,PARAMETER_VALUE(0.)),(#7803,
    PARAMETER_VALUE(5.)),.T.,.PARAMETER.);
#7798 = LINE('',#7799,#7800);
#7799 = CARTESIAN_POINT('',(38.819713,-74.423223,0.));
#7800 = VECTOR('',#7801,1.);
#7801 = DIRECTION('',(0.,1.,0.));
#7802 = CARTESIAN_POINT('',(38.819713,-74.423223,0.));
#7803 = CARTESIAN_POINT('',(38.819713,-69.423223,0.));
#7804 = TRIMMED_CURVE('',#7805,(#7809,PARAMETER_VALUE(0.)),(#7810,
    PARAMETER_VALUE(80.)),.T.,.PARAMETER.);
#7805 = LINE('',#7806,#7807);
#7806 = CARTESIAN_POINT('',(38.819713,-69.423223,0.));
#7807 = VECTOR('',#7808,1.);
#7808 = DIRECTION('',(-1.,0.,0.));
#7809 = CARTESIAN_POINT('',(38.819713,-69.423223,0.));
#7810 = CARTESIAN_POINT('',(-41.180287,-69.423223,0.));
#7811 = GEOMETRIC_CURVE_SET('',(#7812,#7819,#7826,#7833));
#7812 = TRIMMED_CURVE('',#7813,(#7817,PARAMETER_VALUE(0.)),(#7818,
    PARAMETER_VALUE(5.)),.T.,.PARAMETER.);
#7813 = LINE('',#7814,#7815);
#7814 = CARTESIAN_POINT('',(-41.180287,-87.399086,0.));
#7815 = VECTOR('',#7816,1.);
#7816 = DIRECTION('',(0.,-1.,0.));
#7817 = CARTESIAN_POINT('',(-41.180287,-87.399086,0.));
#7818 = CARTESIAN_POINT('',(-41.180287,-92.399086,0.));
#7819 = TRIMMED_CURVE('',#7820,(#7824,PARAMETER_VALUE(0.)),(#7825,
    PARAMETER_VALUE(80.)),.T.,.PARAMETER.);
#7820 = LINE('',#7821,#7822);
#7821 = CARTESIAN_POINT('',(-41.180287,-92.399086,0.));
#7822 = VECTOR('',#7823,1.);
#7823 = DIRECTION('',(1.,0.,0.));
#7824 = CARTESIAN_POINT('',(-41.180287,-92.399086,0.));
#7825 = CARTESIAN_POINT('',(38.819713,-92.399086,0.));
#7826 = TRIMMED_CURVE('',#7827,(#7831,PARAMETER_VALUE(0.)),(#7832,
    PARAMETER_VALUE(5.)),.T.,.PARAMETER.);
#7827 = LINE('',#7828,#7829);
#7828 = CARTESIAN_POINT('',(38.819713,-92.399086,0.));
#7829 = VECTOR('',#7830,1.);
#7830 = DIRECTION('',(0.,1.,0.));
#7831 = CARTESIAN_POINT('',(38.819713,-92.399086,0.));
#7832 = CARTESIAN_POINT('',(38.819713,-87.399086,0.));
#7833 = TRIMMED_CURVE('',#7834,(#7838,PARAMETER_VALUE(0.)),(#7839,
    PARAMETER_VALUE(80.)),.T.,.PARAMETER.);
#7834 = LINE('',#7835,#7836);
#7835 = CARTESIAN_POINT('',(38.819713,-87.399086,0.));
#7836 = VECTOR('',#7837,1.);
#7837 = DIRECTION('',(-1.,0.,0.));
#7838 = CARTESIAN_POINT('',(38.819713,-87.399086,0.));
#7839 = CARTESIAN_POINT('',(-41.180287,-87.399086,0.));
#7840 = ( GEOMETRIC_REPRESENTATION_CONTEXT(3) 
GLOBAL_UNCERTAINTY_ASSIGNED_CONTEXT((#7844)) 
GLOBAL_UNIT_ASSIGNED_CONTEXT((#7841,#7842,#7843)) REPRESENTATION_CONTEXT
('Context #1','3D Context with UNIT and UNCERTAINTY') );
#7841 = ( LENGTH_UNIT() NAMED_UNIT(*) SI_UNIT(.MILLI.,.METRE.) );
#7842 = ( NAMED_UNIT(*) PLANE_ANGLE_UNIT() SI_UNIT($,.RADIAN.) );
#7843 = ( NAMED_UNIT(*) SI_UNIT($,.STERADIAN.) SOLID_ANGLE_UNIT() );
#7844 = UNCERTAINTY_MEASURE_WITH_UNIT(LENGTH_MEASURE(1.E-07),#7841,
  'distance_accuracy_value','confusion accuracy');
#7845 = CONTEXT_DEPENDENT_SHAPE_REPRESENTATION(#7846,#7848);
#7846 = ( REPRESENTATION_RELATIONSHIP('','',#7723,#10) 
REPRESENTATION_RELATIONSHIP_WITH_TRANSFORMATION(#7847) 
SHAPE_REPRESENTATION_RELATIONSHIP() );
#7847 = ITEM_DEFINED_TRANSFORMATION('','',#11,#71);
#7848 = PRODUCT_DEFINITION_SHAPE('Placement','Placement of an item',
  #7849);
#7849 = NEXT_ASSEMBLY_USAGE_OCCURRENCE('260','Sketch003','',#5,#7718,$);
#7850 = PRODUCT_RELATED_PRODUCT_CATEGORY('part',$,(#7720));
#7851 = SHAPE_DEFINITION_REPRESENTATION(#7852,#7858);
#7852 = PRODUCT_DEFINITION_SHAPE('','',#7853);
#7853 = PRODUCT_DEFINITION('design','',#7854,#7857);
#7854 = PRODUCT_DEFINITION_FORMATION('','',#7855);
#7855 = PRODUCT('Pocket001','Pocket001','',(#7856));
#7856 = PRODUCT_CONTEXT('',#2,'mechanical');
#7857 = PRODUCT_DEFINITION_CONTEXT('part definition',#2,'design');
#7858 = ADVANCED_BREP_SHAPE_REPRESENTATION('',(#11,#7859),#10084);
#7859 = MANIFOLD_SOLID_BREP('',#7860);
#7860 = CLOSED_SHELL('',(#7861,#8051,#8107,#8132,#8156,#8235,#8259,#8283
    ,#8315,#8339,#8418,#8442,#8491,#8515,#8540,#8565,#8590,#8615,#8640,
    #8665,#8926,#8943,#9096,#9200,#9358,#9378,#9536,#9556,#9576,#9596,
    #9616,#9636,#9656,#9676,#9698,#9715,#9732,#9744,#9766,#9783,#9800,
    #9812,#9834,#9851,#9868,#9880,#9902,#9919,#9936,#9948,#9965,#9982,
    #9999,#10016,#10033,#10050,#10067));
#7861 = ADVANCED_FACE('',(#7862,#7980,#7991,#8002,#8013,#8024,#8035),
  #8046,.F.);
#7862 = FACE_BOUND('',#7863,.F.);
#7863 = EDGE_LOOP('',(#7864,#7874,#7882,#7890,#7898,#7906,#7914,#7922,
    #7930,#7939,#7948,#7956,#7965,#7974));
#7864 = ORIENTED_EDGE('',*,*,#7865,.T.);
#7865 = EDGE_CURVE('',#7866,#7868,#7870,.T.);
#7866 = VERTEX_POINT('',#7867);
#7867 = CARTESIAN_POINT('',(55.,-16.,1.E-15));
#7868 = VERTEX_POINT('',#7869);
#7869 = CARTESIAN_POINT('',(55.,40.,0.));
#7870 = LINE('',#7871,#7872);
#7871 = CARTESIAN_POINT('',(55.,-30.,0.));
#7872 = VECTOR('',#7873,1.);
#7873 = DIRECTION('',(0.,1.,0.));
#7874 = ORIENTED_EDGE('',*,*,#7875,.T.);
#7875 = EDGE_CURVE('',#7868,#7876,#7878,.T.);
#7876 = VERTEX_POINT('',#7877);
#7877 = CARTESIAN_POINT('',(17.5,40.,0.));
#7878 = LINE('',#7879,#7880);
#7879 = CARTESIAN_POINT('',(55.,40.,0.));
#7880 = VECTOR('',#7881,1.);
#7881 = DIRECTION('',(-1.,0.,0.));
#7882 = ORIENTED_EDGE('',*,*,#7883,.T.);
#7883 = EDGE_CURVE('',#7876,#7884,#7886,.T.);
#7884 = VERTEX_POINT('',#7885);
#7885 = CARTESIAN_POINT('',(17.5,-9.659887,0.));
#7886 = LINE('',#7887,#7888);
#7887 = CARTESIAN_POINT('',(17.5,40.,0.));
#7888 = VECTOR('',#7889,1.);
#7889 = DIRECTION('',(0.,-1.,0.));
#7890 = ORIENTED_EDGE('',*,*,#7891,.T.);
#7891 = EDGE_CURVE('',#7884,#7892,#7894,.T.);
#7892 = VERTEX_POINT('',#7893);
#7893 = CARTESIAN_POINT('',(-17.5,-9.659887,0.));
#7894 = LINE('',#7895,#7896);
#7895 = CARTESIAN_POINT('',(17.5,-9.659887,0.));
#7896 = VECTOR('',#7897,1.);
#7897 = DIRECTION('',(-1.,1.E-16,0.));
#7898 = ORIENTED_EDGE('',*,*,#7899,.T.);
#7899 = EDGE_CURVE('',#7892,#7900,#7902,.T.);
#7900 = VERTEX_POINT('',#7901);
#7901 = CARTESIAN_POINT('',(-17.5,40.,0.));
#7902 = LINE('',#7903,#7904);
#7903 = CARTESIAN_POINT('',(-17.5,-9.659887,0.));
#7904 = VECTOR('',#7905,1.);
#7905 = DIRECTION('',(0.,1.,0.));
#7906 = ORIENTED_EDGE('',*,*,#7907,.T.);
#7907 = EDGE_CURVE('',#7900,#7908,#7910,.T.);
#7908 = VERTEX_POINT('',#7909);
#7909 = CARTESIAN_POINT('',(-55.,40.,0.));
#7910 = LINE('',#7911,#7912);
#7911 = CARTESIAN_POINT('',(-17.5,40.,0.));
#7912 = VECTOR('',#7913,1.);
#7913 = DIRECTION('',(-1.,0.,0.));
#7914 = ORIENTED_EDGE('',*,*,#7915,.T.);
#7915 = EDGE_CURVE('',#7908,#7916,#7918,.T.);
#7916 = VERTEX_POINT('',#7917);
#7917 = CARTESIAN_POINT('',(-55.,-16.,1.E-15));
#7918 = LINE('',#7919,#7920);
#7919 = CARTESIAN_POINT('',(-55.,40.,0.));
#7920 = VECTOR('',#7921,1.);
#7921 = DIRECTION('',(0.,-1.,0.));
#7922 = ORIENTED_EDGE('',*,*,#7923,.F.);
#7923 = EDGE_CURVE('',#7924,#7916,#7926,.T.);
#7924 = VERTEX_POINT('',#7925);
#7925 = CARTESIAN_POINT('',(-40.34832913387,-16.,0.));
#7926 = LINE('',#7927,#7928);
#7927 = CARTESIAN_POINT('',(55.,-16.,8.9E-16));
#7928 = VECTOR('',#7929,1.);
#7929 = DIRECTION('',(-1.,-0.,-0.));
#7930 = ORIENTED_EDGE('',*,*,#7931,.F.);
#7931 = EDGE_CURVE('',#7932,#7924,#7934,.T.);
#7932 = VERTEX_POINT('',#7933);
#7933 = CARTESIAN_POINT('',(-34.5,-15.058182,0.));
#7934 = CIRCLE('',#7935,3.);
#7935 = AXIS2_PLACEMENT_3D('',#7936,#7937,#7938);
#7936 = CARTESIAN_POINT('',(-37.5,-15.058182,0.));
#7937 = DIRECTION('',(0.,0.,1.));
#7938 = DIRECTION('',(1.,0.,0.));
#7939 = ORIENTED_EDGE('',*,*,#7940,.F.);
#7940 = EDGE_CURVE('',#7941,#7932,#7943,.T.);
#7941 = VERTEX_POINT('',#7942);
#7942 = CARTESIAN_POINT('',(-34.65167086612,-16.,1.E-15));
#7943 = CIRCLE('',#7944,3.);
#7944 = AXIS2_PLACEMENT_3D('',#7945,#7946,#7947);
#7945 = CARTESIAN_POINT('',(-37.5,-15.058182,0.));
#7946 = DIRECTION('',(0.,0.,1.));
#7947 = DIRECTION('',(1.,0.,0.));
#7948 = ORIENTED_EDGE('',*,*,#7949,.F.);
#7949 = EDGE_CURVE('',#7950,#7941,#7952,.T.);
#7950 = VERTEX_POINT('',#7951);
#7951 = CARTESIAN_POINT('',(34.651670866126,-16.,0.));
#7952 = LINE('',#7953,#7954);
#7953 = CARTESIAN_POINT('',(55.,-16.,8.9E-16));
#7954 = VECTOR('',#7955,1.);
#7955 = DIRECTION('',(-1.,-0.,-0.));
#7956 = ORIENTED_EDGE('',*,*,#7957,.F.);
#7957 = EDGE_CURVE('',#7958,#7950,#7960,.T.);
#7958 = VERTEX_POINT('',#7959);
#7959 = CARTESIAN_POINT('',(40.5,-15.058182,0.));
#7960 = CIRCLE('',#7961,3.);
#7961 = AXIS2_PLACEMENT_3D('',#7962,#7963,#7964);
#7962 = CARTESIAN_POINT('',(37.5,-15.058182,0.));
#7963 = DIRECTION('',(0.,0.,1.));
#7964 = DIRECTION('',(1.,0.,0.));
#7965 = ORIENTED_EDGE('',*,*,#7966,.F.);
#7966 = EDGE_CURVE('',#7967,#7958,#7969,.T.);
#7967 = VERTEX_POINT('',#7968);
#7968 = CARTESIAN_POINT('',(40.348329133874,-16.,1.E-15));
#7969 = CIRCLE('',#7970,3.);
#7970 = AXIS2_PLACEMENT_3D('',#7971,#7972,#7973);
#7971 = CARTESIAN_POINT('',(37.5,-15.058182,0.));
#7972 = DIRECTION('',(0.,0.,1.));
#7973 = DIRECTION('',(1.,0.,0.));
#7974 = ORIENTED_EDGE('',*,*,#7975,.F.);
#7975 = EDGE_CURVE('',#7866,#7967,#7976,.T.);
#7976 = LINE('',#7977,#7978);
#7977 = CARTESIAN_POINT('',(55.,-16.,8.9E-16));
#7978 = VECTOR('',#7979,1.);
#7979 = DIRECTION('',(-1.,-0.,-0.));
#7980 = FACE_BOUND('',#7981,.F.);
#7981 = EDGE_LOOP('',(#7982));
#7982 = ORIENTED_EDGE('',*,*,#7983,.F.);
#7983 = EDGE_CURVE('',#7984,#7984,#7986,.T.);
#7984 = VERTEX_POINT('',#7985);
#7985 = CARTESIAN_POINT('',(-34.5,0.,0.));
#7986 = CIRCLE('',#7987,3.);
#7987 = AXIS2_PLACEMENT_3D('',#7988,#7989,#7990);
#7988 = CARTESIAN_POINT('',(-37.5,0.,0.));
#7989 = DIRECTION('',(0.,0.,1.));
#7990 = DIRECTION('',(1.,0.,0.));
#7991 = FACE_BOUND('',#7992,.F.);
#7992 = EDGE_LOOP('',(#7993));
#7993 = ORIENTED_EDGE('',*,*,#7994,.F.);
#7994 = EDGE_CURVE('',#7995,#7995,#7997,.T.);
#7995 = VERTEX_POINT('',#7996);
#7996 = CARTESIAN_POINT('',(40.5,0.,0.));
#7997 = CIRCLE('',#7998,3.);
#7998 = AXIS2_PLACEMENT_3D('',#7999,#8000,#8001);
#7999 = CARTESIAN_POINT('',(37.5,0.,0.));
#8000 = DIRECTION('',(0.,0.,1.));
#8001 = DIRECTION('',(1.,0.,0.));
#8002 = FACE_BOUND('',#8003,.F.);
#8003 = EDGE_LOOP('',(#8004));
#8004 = ORIENTED_EDGE('',*,*,#8005,.F.);
#8005 = EDGE_CURVE('',#8006,#8006,#8008,.T.);
#8006 = VERTEX_POINT('',#8007);
#8007 = CARTESIAN_POINT('',(-34.5,14.09116,0.));
#8008 = CIRCLE('',#8009,3.);
#8009 = AXIS2_PLACEMENT_3D('',#8010,#8011,#8012);
#8010 = CARTESIAN_POINT('',(-37.5,14.09116,0.));
#8011 = DIRECTION('',(0.,0.,1.));
#8012 = DIRECTION('',(1.,0.,0.));
#8013 = FACE_BOUND('',#8014,.F.);
#8014 = EDGE_LOOP('',(#8015));
#8015 = ORIENTED_EDGE('',*,*,#8016,.F.);
#8016 = EDGE_CURVE('',#8017,#8017,#8019,.T.);
#8017 = VERTEX_POINT('',#8018);
#8018 = CARTESIAN_POINT('',(-34.5,28.008329,0.));
#8019 = CIRCLE('',#8020,3.);
#8020 = AXIS2_PLACEMENT_3D('',#8021,#8022,#8023);
#8021 = CARTESIAN_POINT('',(-37.5,28.008329,0.));
#8022 = DIRECTION('',(0.,0.,1.));
#8023 = DIRECTION('',(1.,0.,0.));
#8024 = FACE_BOUND('',#8025,.F.);
#8025 = EDGE_LOOP('',(#8026));
#8026 = ORIENTED_EDGE('',*,*,#8027,.F.);
#8027 = EDGE_CURVE('',#8028,#8028,#8030,.T.);
#8028 = VERTEX_POINT('',#8029);
#8029 = CARTESIAN_POINT('',(40.5,14.09116,0.));
#8030 = CIRCLE('',#8031,3.);
#8031 = AXIS2_PLACEMENT_3D('',#8032,#8033,#8034);
#8032 = CARTESIAN_POINT('',(37.5,14.09116,0.));
#8033 = DIRECTION('',(0.,0.,1.));
#8034 = DIRECTION('',(1.,0.,0.));
#8035 = FACE_BOUND('',#8036,.F.);
#8036 = EDGE_LOOP('',(#8037));
#8037 = ORIENTED_EDGE('',*,*,#8038,.F.);
#8038 = EDGE_CURVE('',#8039,#8039,#8041,.T.);
#8039 = VERTEX_POINT('',#8040);
#8040 = CARTESIAN_POINT('',(40.5,28.008329,0.));
#8041 = CIRCLE('',#8042,3.);
#8042 = AXIS2_PLACEMENT_3D('',#8043,#8044,#8045);
#8043 = CARTESIAN_POINT('',(37.5,28.008329,0.));
#8044 = DIRECTION('',(0.,0.,1.));
#8045 = DIRECTION('',(1.,0.,0.));
#8046 = PLANE('',#8047);
#8047 = AXIS2_PLACEMENT_3D('',#8048,#8049,#8050);
#8048 = CARTESIAN_POINT('',(-5.E-17,3.980983748794,0.));
#8049 = DIRECTION('',(0.,0.,1.));
#8050 = DIRECTION('',(1.,0.,0.));
#8051 = ADVANCED_FACE('',(#8052),#8102,.T.);
#8052 = FACE_BOUND('',#8053,.T.);
#8053 = EDGE_LOOP('',(#8054,#8064,#8071,#8072,#8080,#8088,#8096));
#8054 = ORIENTED_EDGE('',*,*,#8055,.T.);
#8055 = EDGE_CURVE('',#8056,#8058,#8060,.T.);
#8056 = VERTEX_POINT('',#8057);
#8057 = CARTESIAN_POINT('',(55.,-20.,-100.));
#8058 = VERTEX_POINT('',#8059);
#8059 = CARTESIAN_POINT('',(55.,-20.,-4.));
#8060 = LINE('',#8061,#8062);
#8061 = CARTESIAN_POINT('',(55.,-20.,-100.));
#8062 = VECTOR('',#8063,1.);
#8063 = DIRECTION('',(0.,0.,1.));
#8064 = ORIENTED_EDGE('',*,*,#8065,.F.);
#8065 = EDGE_CURVE('',#7866,#8058,#8066,.T.);
#8066 = CIRCLE('',#8067,4.);
#8067 = AXIS2_PLACEMENT_3D('',#8068,#8069,#8070);
#8068 = CARTESIAN_POINT('',(55.,-16.,-4.));
#8069 = DIRECTION('',(1.,-0.,0.));
#8070 = DIRECTION('',(0.,0.,-1.));
#8071 = ORIENTED_EDGE('',*,*,#7865,.T.);
#8072 = ORIENTED_EDGE('',*,*,#8073,.T.);
#8073 = EDGE_CURVE('',#7868,#8074,#8076,.T.);
#8074 = VERTEX_POINT('',#8075);
#8075 = CARTESIAN_POINT('',(55.,40.,5.));
#8076 = LINE('',#8077,#8078);
#8077 = CARTESIAN_POINT('',(55.,40.,0.));
#8078 = VECTOR('',#8079,1.);
#8079 = DIRECTION('',(0.,0.,1.));
#8080 = ORIENTED_EDGE('',*,*,#8081,.F.);
#8081 = EDGE_CURVE('',#8082,#8074,#8084,.T.);
#8082 = VERTEX_POINT('',#8083);
#8083 = CARTESIAN_POINT('',(55.,-30.,5.));
#8084 = LINE('',#8085,#8086);
#8085 = CARTESIAN_POINT('',(55.,-30.,5.));
#8086 = VECTOR('',#8087,1.);
#8087 = DIRECTION('',(0.,1.,0.));
#8088 = ORIENTED_EDGE('',*,*,#8089,.T.);
#8089 = EDGE_CURVE('',#8082,#8090,#8092,.T.);
#8090 = VERTEX_POINT('',#8091);
#8091 = CARTESIAN_POINT('',(55.,-30.,-100.));
#8092 = LINE('',#8093,#8094);
#8093 = CARTESIAN_POINT('',(55.,-30.,-3.4E-15));
#8094 = VECTOR('',#8095,1.);
#8095 = DIRECTION('',(0.,0.,-1.));
#8096 = ORIENTED_EDGE('',*,*,#8097,.T.);
#8097 = EDGE_CURVE('',#8090,#8056,#8098,.T.);
#8098 = LINE('',#8099,#8100);
#8099 = CARTESIAN_POINT('',(55.,-30.,-100.));
#8100 = VECTOR('',#8101,1.);
#8101 = DIRECTION('',(0.,1.,0.));
#8102 = PLANE('',#8103);
#8103 = AXIS2_PLACEMENT_3D('',#8104,#8105,#8106);
#8104 = CARTESIAN_POINT('',(55.,-12.14285714285,-30.35714285714));
#8105 = DIRECTION('',(1.,0.,0.));
#8106 = DIRECTION('',(0.,0.,1.));
#8107 = ADVANCED_FACE('',(#8108),#8127,.F.);
#8108 = FACE_BOUND('',#8109,.T.);
#8109 = EDGE_LOOP('',(#8110,#8111,#8119,#8126));
#8110 = ORIENTED_EDGE('',*,*,#8065,.T.);
#8111 = ORIENTED_EDGE('',*,*,#8112,.T.);
#8112 = EDGE_CURVE('',#8058,#8113,#8115,.T.);
#8113 = VERTEX_POINT('',#8114);
#8114 = CARTESIAN_POINT('',(40.348329133874,-20.,-4.));
#8115 = LINE('',#8116,#8117);
#8116 = CARTESIAN_POINT('',(55.,-20.,-4.));
#8117 = VECTOR('',#8118,1.);
#8118 = DIRECTION('',(-1.,-0.,-0.));
#8119 = ORIENTED_EDGE('',*,*,#8120,.F.);
#8120 = EDGE_CURVE('',#7967,#8113,#8121,.T.);
#8121 = CIRCLE('',#8122,4.);
#8122 = AXIS2_PLACEMENT_3D('',#8123,#8124,#8125);
#8123 = CARTESIAN_POINT('',(40.348329133874,-16.,-4.));
#8124 = DIRECTION('',(1.,0.,-0.));
#8125 = DIRECTION('',(0.,0.,1.));
#8126 = ORIENTED_EDGE('',*,*,#7975,.F.);
#8127 = CYLINDRICAL_SURFACE('',#8128,4.);
#8128 = AXIS2_PLACEMENT_3D('',#8129,#8130,#8131);
#8129 = CARTESIAN_POINT('',(55.,-16.,-4.));
#8130 = DIRECTION('',(-1.,-0.,-0.));
#8131 = DIRECTION('',(0.,0.,1.));
#8132 = ADVANCED_FACE('',(#8133),#8151,.F.);
#8133 = FACE_BOUND('',#8134,.F.);
#8134 = EDGE_LOOP('',(#8135,#8136,#8144,#8150));
#8135 = ORIENTED_EDGE('',*,*,#8073,.T.);
#8136 = ORIENTED_EDGE('',*,*,#8137,.T.);
#8137 = EDGE_CURVE('',#8074,#8138,#8140,.T.);
#8138 = VERTEX_POINT('',#8139);
#8139 = CARTESIAN_POINT('',(17.5,40.,5.));
#8140 = LINE('',#8141,#8142);
#8141 = CARTESIAN_POINT('',(55.,40.,5.));
#8142 = VECTOR('',#8143,1.);
#8143 = DIRECTION('',(-1.,0.,0.));
#8144 = ORIENTED_EDGE('',*,*,#8145,.F.);
#8145 = EDGE_CURVE('',#7876,#8138,#8146,.T.);
#8146 = LINE('',#8147,#8148);
#8147 = CARTESIAN_POINT('',(17.5,40.,0.));
#8148 = VECTOR('',#8149,1.);
#8149 = DIRECTION('',(0.,0.,1.));
#8150 = ORIENTED_EDGE('',*,*,#7875,.F.);
#8151 = PLANE('',#8152);
#8152 = AXIS2_PLACEMENT_3D('',#8153,#8154,#8155);
#8153 = CARTESIAN_POINT('',(55.,40.,0.));
#8154 = DIRECTION('',(0.,-1.,0.));
#8155 = DIRECTION('',(-1.,0.,0.));
#8156 = ADVANCED_FACE('',(#8157),#8230,.F.);
#8157 = FACE_BOUND('',#8158,.T.);
#8158 = EDGE_LOOP('',(#8159,#8160,#8168,#8175,#8176,#8177));
#8159 = ORIENTED_EDGE('',*,*,#7957,.F.);
#8160 = ORIENTED_EDGE('',*,*,#8161,.T.);
#8161 = EDGE_CURVE('',#7958,#8162,#8164,.T.);
#8162 = VERTEX_POINT('',#8163);
#8163 = CARTESIAN_POINT('',(40.5,-15.058182,2.));
#8164 = LINE('',#8165,#8166);
#8165 = CARTESIAN_POINT('',(40.5,-15.058182,0.));
#8166 = VECTOR('',#8167,1.);
#8167 = DIRECTION('',(0.,0.,1.));
#8168 = ORIENTED_EDGE('',*,*,#8169,.T.);
#8169 = EDGE_CURVE('',#8162,#8162,#8170,.T.);
#8170 = CIRCLE('',#8171,3.);
#8171 = AXIS2_PLACEMENT_3D('',#8172,#8173,#8174);
#8172 = CARTESIAN_POINT('',(37.5,-15.058182,2.));
#8173 = DIRECTION('',(0.,0.,1.));
#8174 = DIRECTION('',(1.,0.,0.));
#8175 = ORIENTED_EDGE('',*,*,#8161,.F.);
#8176 = ORIENTED_EDGE('',*,*,#7966,.F.);
#8177 = ORIENTED_EDGE('',*,*,#8178,.T.);
#8178 = EDGE_CURVE('',#7967,#7950,#8179,.T.);
#8179 = ( BOUNDED_CURVE() B_SPLINE_CURVE(9,(#8180,#8181,#8182,#8183,
    #8184,#8185,#8186,#8187,#8188,#8189,#8190,#8191,#8192,#8193,#8194,
    #8195,#8196,#8197,#8198,#8199,#8200,#8201,#8202,#8203,#8204,#8205,
    #8206,#8207,#8208,#8209,#8210,#8211,#8212,#8213,#8214,#8215,#8216,
    #8217,#8218,#8219,#8220,#8221,#8222,#8223,#8224,#8225,#8226,#8227,
#8228,#8229),.UNSPECIFIED.,.F.,.F.) B_SPLINE_CURVE_WITH_KNOTS((10,8,8,8,
    8,8,10),(14.651670866126,15.363753149594,16.075835433063,17.5,
    18.924164566937,19.636246850406,20.348329133874),.UNSPECIFIED.) 
CURVE() GEOMETRIC_REPRESENTATION_ITEM() RATIONAL_B_SPLINE_CURVE((1.,1.,
    1.,1.,1.,1.,1.,1.,1.,1.,1.,1.,1.,1.,1.,1.,1.,1.,1.,1.,1.,1.,1.,1.,1.
    ,1.,1.,1.,1.,1.,1.,1.,1.,1.,1.,1.,1.,1.,1.,1.,1.,1.,1.,1.,1.,1.,1.,
1.,1.,1.)) REPRESENTATION_ITEM('') );
#8180 = CARTESIAN_POINT('',(40.348329133874,-16.,0.));
#8181 = CARTESIAN_POINT('',(40.269208880155,-16.23928245557,0.));
#8182 = CARTESIAN_POINT('',(40.190088626436,-16.403346923,0.));
#8183 = CARTESIAN_POINT('',(40.110968372719,-16.55968237081,0.));
#8184 = CARTESIAN_POINT('',(40.031848118998,-16.6793165574,0.));
#8185 = CARTESIAN_POINT('',(39.952727865282,-16.80115390975,0.));
#8186 = CARTESIAN_POINT('',(39.873607611561,-16.90129494571,0.));
#8187 = CARTESIAN_POINT('',(39.794487357843,-16.99741620173,0.));
#8188 = CARTESIAN_POINT('',(39.715367104124,-17.08422443987,0.));
#8189 = CARTESIAN_POINT('',(39.557126596687,-17.24471568128,0.));
#8190 = CARTESIAN_POINT('',(39.478006342968,-17.31819874164,0.));
#8191 = CARTESIAN_POINT('',(39.398886089249,-17.38585401896,0.));
#8192 = CARTESIAN_POINT('',(39.31976583553,-17.44838608612,0.));
#8193 = CARTESIAN_POINT('',(39.240645581812,-17.50631570959,0.));
#8194 = CARTESIAN_POINT('',(39.161525328093,-17.5600262476,0.));
#8195 = CARTESIAN_POINT('',(39.082405074375,-17.60981004816,0.));
#8196 = CARTESIAN_POINT('',(39.003284820656,-17.6559148472,0.));
#8197 = CARTESIAN_POINT('',(38.7659240595,-17.78394080541,0.));
#8198 = CARTESIAN_POINT('',(38.607683552062,-17.85556431746,0.));
#8199 = CARTESIAN_POINT('',(38.449443044625,-17.91503915544,0.));
#8200 = CARTESIAN_POINT('',(38.291202537187,-17.96348889749,0.));
#8201 = CARTESIAN_POINT('',(38.13296202975,-18.00166428543,0.));
#8202 = CARTESIAN_POINT('',(37.974721522312,-18.03002526296,0.));
#8203 = CARTESIAN_POINT('',(37.816481014875,-18.04882301381,0.));
#8204 = CARTESIAN_POINT('',(37.658240507437,-18.058182,0.));
#8205 = CARTESIAN_POINT('',(37.341759492563,-18.058182,0.));
#8206 = CARTESIAN_POINT('',(37.183518985125,-18.04882301381,0.));
#8207 = CARTESIAN_POINT('',(37.025278477688,-18.03002526296,0.));
#8208 = CARTESIAN_POINT('',(36.86703797025,-18.00166428543,0.));
#8209 = CARTESIAN_POINT('',(36.708797462813,-17.96348889749,0.));
#8210 = CARTESIAN_POINT('',(36.550556955375,-17.91503915544,0.));
#8211 = CARTESIAN_POINT('',(36.392316447938,-17.85556431746,0.));
#8212 = CARTESIAN_POINT('',(36.2340759405,-17.78394080541,0.));
#8213 = CARTESIAN_POINT('',(35.996715179344,-17.6559148472,0.));
#8214 = CARTESIAN_POINT('',(35.917594925626,-17.60981004816,0.));
#8215 = CARTESIAN_POINT('',(35.838474671907,-17.5600262476,0.));
#8216 = CARTESIAN_POINT('',(35.759354418188,-17.50631570959,0.));
#8217 = CARTESIAN_POINT('',(35.680234164469,-17.44838608612,0.));
#8218 = CARTESIAN_POINT('',(35.601113910751,-17.38585401896,0.));
#8219 = CARTESIAN_POINT('',(35.521993657032,-17.31819874164,0.));
#8220 = CARTESIAN_POINT('',(35.442873403313,-17.24471568128,0.));
#8221 = CARTESIAN_POINT('',(35.284632895876,-17.08422443987,0.));
#8222 = CARTESIAN_POINT('',(35.205512642158,-16.99741620173,0.));
#8223 = CARTESIAN_POINT('',(35.126392388438,-16.90129494571,0.));
#8224 = CARTESIAN_POINT('',(35.047272134718,-16.80115390975,0.));
#8225 = CARTESIAN_POINT('',(34.968151881005,-16.6793165574,0.));
#8226 = CARTESIAN_POINT('',(34.889031627279,-16.5596823708,0.));
#8227 = CARTESIAN_POINT('',(34.809911373565,-16.403346923,0.));
#8228 = CARTESIAN_POINT('',(34.730791119845,-16.23928245557,0.));
#8229 = CARTESIAN_POINT('',(34.651670866126,-16.,0.));
#8230 = CYLINDRICAL_SURFACE('',#8231,3.);
#8231 = AXIS2_PLACEMENT_3D('',#8232,#8233,#8234);
#8232 = CARTESIAN_POINT('',(37.5,-15.058182,0.));
#8233 = DIRECTION('',(-0.,-0.,-1.));
#8234 = DIRECTION('',(1.,0.,0.));
#8235 = ADVANCED_FACE('',(#8236),#8254,.F.);
#8236 = FACE_BOUND('',#8237,.F.);
#8237 = EDGE_LOOP('',(#8238,#8239,#8247,#8253));
#8238 = ORIENTED_EDGE('',*,*,#8145,.T.);
#8239 = ORIENTED_EDGE('',*,*,#8240,.T.);
#8240 = EDGE_CURVE('',#8138,#8241,#8243,.T.);
#8241 = VERTEX_POINT('',#8242);
#8242 = CARTESIAN_POINT('',(17.5,-9.659887,5.));
#8243 = LINE('',#8244,#8245);
#8244 = CARTESIAN_POINT('',(17.5,40.,5.));
#8245 = VECTOR('',#8246,1.);
#8246 = DIRECTION('',(0.,-1.,0.));
#8247 = ORIENTED_EDGE('',*,*,#8248,.F.);
#8248 = EDGE_CURVE('',#7884,#8241,#8249,.T.);
#8249 = LINE('',#8250,#8251);
#8250 = CARTESIAN_POINT('',(17.5,-9.659887,0.));
#8251 = VECTOR('',#8252,1.);
#8252 = DIRECTION('',(0.,0.,1.));
#8253 = ORIENTED_EDGE('',*,*,#7883,.F.);
#8254 = PLANE('',#8255);
#8255 = AXIS2_PLACEMENT_3D('',#8256,#8257,#8258);
#8256 = CARTESIAN_POINT('',(17.5,40.,0.));
#8257 = DIRECTION('',(1.,0.,0.));
#8258 = DIRECTION('',(0.,-1.,0.));
#8259 = ADVANCED_FACE('',(#8260),#8278,.F.);
#8260 = FACE_BOUND('',#8261,.F.);
#8261 = EDGE_LOOP('',(#8262,#8263,#8271,#8277));
#8262 = ORIENTED_EDGE('',*,*,#8248,.T.);
#8263 = ORIENTED_EDGE('',*,*,#8264,.T.);
#8264 = EDGE_CURVE('',#8241,#8265,#8267,.T.);
#8265 = VERTEX_POINT('',#8266);
#8266 = CARTESIAN_POINT('',(-17.5,-9.659887,5.));
#8267 = LINE('',#8268,#8269);
#8268 = CARTESIAN_POINT('',(17.5,-9.659887,5.));
#8269 = VECTOR('',#8270,1.);
#8270 = DIRECTION('',(-1.,1.E-16,0.));
#8271 = ORIENTED_EDGE('',*,*,#8272,.F.);
#8272 = EDGE_CURVE('',#7892,#8265,#8273,.T.);
#8273 = LINE('',#8274,#8275);
#8274 = CARTESIAN_POINT('',(-17.5,-9.659887,0.));
#8275 = VECTOR('',#8276,1.);
#8276 = DIRECTION('',(0.,0.,1.));
#8277 = ORIENTED_EDGE('',*,*,#7891,.F.);
#8278 = PLANE('',#8279);
#8279 = AXIS2_PLACEMENT_3D('',#8280,#8281,#8282);
#8280 = CARTESIAN_POINT('',(17.5,-9.659887,0.));
#8281 = DIRECTION('',(-1.E-16,-1.,0.));
#8282 = DIRECTION('',(-1.,1.E-16,0.));
#8283 = ADVANCED_FACE('',(#8284),#8310,.F.);
#8284 = FACE_BOUND('',#8285,.T.);
#8285 = EDGE_LOOP('',(#8286,#8294,#8302,#8309));
#8286 = ORIENTED_EDGE('',*,*,#8287,.T.);
#8287 = EDGE_CURVE('',#7950,#8288,#8290,.T.);
#8288 = VERTEX_POINT('',#8289);
#8289 = CARTESIAN_POINT('',(34.651670866126,-20.,-4.));
#8290 = ( BOUNDED_CURVE() B_SPLINE_CURVE(2,(#8291,#8292,#8293),
.UNSPECIFIED.,.F.,.F.) B_SPLINE_CURVE_WITH_KNOTS((3,3),(0.,
5.696658267748),.PIECEWISE_BEZIER_KNOTS.) CURVE() 
GEOMETRIC_REPRESENTATION_ITEM() RATIONAL_B_SPLINE_CURVE((1.,
0.707106781187,1.)) REPRESENTATION_ITEM('') );
#8291 = CARTESIAN_POINT('',(34.651670866126,-16.,0.));
#8292 = CARTESIAN_POINT('',(34.651670866126,-20.,3.11E-15));
#8293 = CARTESIAN_POINT('',(34.651670866126,-20.,-4.));
#8294 = ORIENTED_EDGE('',*,*,#8295,.T.);
#8295 = EDGE_CURVE('',#8288,#8296,#8298,.T.);
#8296 = VERTEX_POINT('',#8297);
#8297 = CARTESIAN_POINT('',(-34.65167086612,-20.,-4.));
#8298 = LINE('',#8299,#8300);
#8299 = CARTESIAN_POINT('',(55.,-20.,-4.));
#8300 = VECTOR('',#8301,1.);
#8301 = DIRECTION('',(-1.,-0.,-0.));
#8302 = ORIENTED_EDGE('',*,*,#8303,.F.);
#8303 = EDGE_CURVE('',#7941,#8296,#8304,.T.);
#8304 = CIRCLE('',#8305,4.);
#8305 = AXIS2_PLACEMENT_3D('',#8306,#8307,#8308);
#8306 = CARTESIAN_POINT('',(-34.65167086612,-16.,-4.));
#8307 = DIRECTION('',(1.,0.,-0.));
#8308 = DIRECTION('',(0.,0.,1.));
#8309 = ORIENTED_EDGE('',*,*,#7949,.F.);
#8310 = CYLINDRICAL_SURFACE('',#8311,4.);
#8311 = AXIS2_PLACEMENT_3D('',#8312,#8313,#8314);
#8312 = CARTESIAN_POINT('',(55.,-16.,-4.));
#8313 = DIRECTION('',(-1.,-0.,-0.));
#8314 = DIRECTION('',(0.,0.,1.));
#8315 = ADVANCED_FACE('',(#8316),#8334,.F.);
#8316 = FACE_BOUND('',#8317,.F.);
#8317 = EDGE_LOOP('',(#8318,#8319,#8327,#8333));
#8318 = ORIENTED_EDGE('',*,*,#8272,.T.);
#8319 = ORIENTED_EDGE('',*,*,#8320,.T.);
#8320 = EDGE_CURVE('',#8265,#8321,#8323,.T.);
#8321 = VERTEX_POINT('',#8322);
#8322 = CARTESIAN_POINT('',(-17.5,40.,5.));
#8323 = LINE('',#8324,#8325);
#8324 = CARTESIAN_POINT('',(-17.5,-9.659887,5.));
#8325 = VECTOR('',#8326,1.);
#8326 = DIRECTION('',(0.,1.,0.));
#8327 = ORIENTED_EDGE('',*,*,#8328,.F.);
#8328 = EDGE_CURVE('',#7900,#8321,#8329,.T.);
#8329 = LINE('',#8330,#8331);
#8330 = CARTESIAN_POINT('',(-17.5,40.,0.));
#8331 = VECTOR('',#8332,1.);
#8332 = DIRECTION('',(0.,0.,1.));
#8333 = ORIENTED_EDGE('',*,*,#7899,.F.);
#8334 = PLANE('',#8335);
#8335 = AXIS2_PLACEMENT_3D('',#8336,#8337,#8338);
#8336 = CARTESIAN_POINT('',(-17.5,-9.659887,0.));
#8337 = DIRECTION('',(-1.,0.,0.));
#8338 = DIRECTION('',(0.,1.,0.));
#8339 = ADVANCED_FACE('',(#8340),#8413,.F.);
#8340 = FACE_BOUND('',#8341,.T.);
#8341 = EDGE_LOOP('',(#8342,#8343,#8351,#8358,#8359,#8360));
#8342 = ORIENTED_EDGE('',*,*,#7931,.F.);
#8343 = ORIENTED_EDGE('',*,*,#8344,.T.);
#8344 = EDGE_CURVE('',#7932,#8345,#8347,.T.);
#8345 = VERTEX_POINT('',#8346);
#8346 = CARTESIAN_POINT('',(-34.5,-15.058182,2.));
#8347 = LINE('',#8348,#8349);
#8348 = CARTESIAN_POINT('',(-34.5,-15.058182,0.));
#8349 = VECTOR('',#8350,1.);
#8350 = DIRECTION('',(0.,0.,1.));
#8351 = ORIENTED_EDGE('',*,*,#8352,.T.);
#8352 = EDGE_CURVE('',#8345,#8345,#8353,.T.);
#8353 = CIRCLE('',#8354,3.);
#8354 = AXIS2_PLACEMENT_3D('',#8355,#8356,#8357);
#8355 = CARTESIAN_POINT('',(-37.5,-15.058182,2.));
#8356 = DIRECTION('',(0.,0.,1.));
#8357 = DIRECTION('',(1.,0.,0.));
#8358 = ORIENTED_EDGE('',*,*,#8344,.F.);
#8359 = ORIENTED_EDGE('',*,*,#7940,.F.);
#8360 = ORIENTED_EDGE('',*,*,#8361,.T.);
#8361 = EDGE_CURVE('',#7941,#7924,#8362,.T.);
#8362 = ( BOUNDED_CURVE() B_SPLINE_CURVE(9,(#8363,#8364,#8365,#8366,
    #8367,#8368,#8369,#8370,#8371,#8372,#8373,#8374,#8375,#8376,#8377,
    #8378,#8379,#8380,#8381,#8382,#8383,#8384,#8385,#8386,#8387,#8388,
    #8389,#8390,#8391,#8392,#8393,#8394,#8395,#8396,#8397,#8398,#8399,
    #8400,#8401,#8402,#8403,#8404,#8405,#8406,#8407,#8408,#8409,#8410,
#8411,#8412),.UNSPECIFIED.,.F.,.F.) B_SPLINE_CURVE_WITH_KNOTS((10,8,8,8,
    8,8,10),(89.651670866126,90.363753149594,91.075835433063,92.5,
    93.924164566937,94.636246850406,95.348329133874),.UNSPECIFIED.) 
CURVE() GEOMETRIC_REPRESENTATION_ITEM() RATIONAL_B_SPLINE_CURVE((1.,1.,
    1.,1.,1.,1.,1.,1.,1.,1.,1.,1.,1.,1.,1.,1.,1.,1.,1.,1.,1.,1.,1.,1.,1.
    ,1.,1.,1.,1.,1.,1.,1.,1.,1.,1.,1.,1.,1.,1.,1.,1.,1.,1.,1.,1.,1.,1.,
1.,1.,1.)) REPRESENTATION_ITEM('') );
#8363 = CARTESIAN_POINT('',(-34.65167086612,-16.,0.));
#8364 = CARTESIAN_POINT('',(-34.73079111984,-16.23928245557,0.));
#8365 = CARTESIAN_POINT('',(-34.80991137356,-16.403346923,0.));
#8366 = CARTESIAN_POINT('',(-34.88903162728,-16.55968237081,0.));
#8367 = CARTESIAN_POINT('',(-34.968151881,-16.6793165574,0.));
#8368 = CARTESIAN_POINT('',(-35.04727213471,-16.80115390975,0.));
#8369 = CARTESIAN_POINT('',(-35.12639238843,-16.90129494571,0.));
#8370 = CARTESIAN_POINT('',(-35.20551264215,-16.99741620173,0.));
#8371 = CARTESIAN_POINT('',(-35.28463289587,-17.08422443987,0.));
#8372 = CARTESIAN_POINT('',(-35.44287340331,-17.24471568128,0.));
#8373 = CARTESIAN_POINT('',(-35.52199365703,-17.31819874164,0.));
#8374 = CARTESIAN_POINT('',(-35.60111391075,-17.38585401896,0.));
#8375 = CARTESIAN_POINT('',(-35.68023416446,-17.44838608612,0.));
#8376 = CARTESIAN_POINT('',(-35.75935441818,-17.50631570959,0.));
#8377 = CARTESIAN_POINT('',(-35.8384746719,-17.5600262476,0.));
#8378 = CARTESIAN_POINT('',(-35.91759492562,-17.60981004816,0.));
#8379 = CARTESIAN_POINT('',(-35.99671517934,-17.6559148472,0.));
#8380 = CARTESIAN_POINT('',(-36.2340759405,-17.78394080541,0.));
#8381 = CARTESIAN_POINT('',(-36.39231644793,-17.85556431746,0.));
#8382 = CARTESIAN_POINT('',(-36.55055695537,-17.91503915544,0.));
#8383 = CARTESIAN_POINT('',(-36.70879746281,-17.96348889749,0.));
#8384 = CARTESIAN_POINT('',(-36.86703797025,-18.00166428543,0.));
#8385 = CARTESIAN_POINT('',(-37.02527847768,-18.03002526296,0.));
#8386 = CARTESIAN_POINT('',(-37.18351898512,-18.04882301381,0.));
#8387 = CARTESIAN_POINT('',(-37.34175949256,-18.058182,0.));
#8388 = CARTESIAN_POINT('',(-37.65824050743,-18.058182,0.));
#8389 = CARTESIAN_POINT('',(-37.81648101487,-18.04882301381,0.));
#8390 = CARTESIAN_POINT('',(-37.97472152231,-18.03002526296,0.));
#8391 = CARTESIAN_POINT('',(-38.13296202975,-18.00166428543,0.));
#8392 = CARTESIAN_POINT('',(-38.29120253718,-17.96348889749,0.));
#8393 = CARTESIAN_POINT('',(-38.44944304462,-17.91503915544,0.));
#8394 = CARTESIAN_POINT('',(-38.60768355206,-17.85556431746,0.));
#8395 = CARTESIAN_POINT('',(-38.7659240595,-17.78394080541,0.));
#8396 = CARTESIAN_POINT('',(-39.00328482065,-17.6559148472,0.));
#8397 = CARTESIAN_POINT('',(-39.08240507437,-17.60981004816,0.));
#8398 = CARTESIAN_POINT('',(-39.16152532809,-17.5600262476,0.));
#8399 = CARTESIAN_POINT('',(-39.24064558181,-17.50631570959,0.));
#8400 = CARTESIAN_POINT('',(-39.31976583553,-17.44838608612,0.));
#8401 = CARTESIAN_POINT('',(-39.39888608924,-17.38585401896,0.));
#8402 = CARTESIAN_POINT('',(-39.47800634296,-17.31819874164,0.));
#8403 = CARTESIAN_POINT('',(-39.55712659668,-17.24471568128,0.));
#8404 = CARTESIAN_POINT('',(-39.71536710412,-17.08422443987,0.));
#8405 = CARTESIAN_POINT('',(-39.79448735784,-16.99741620173,0.));
#8406 = CARTESIAN_POINT('',(-39.87360761156,-16.90129494571,0.));
#8407 = CARTESIAN_POINT('',(-39.95272786528,-16.80115390975,0.));
#8408 = CARTESIAN_POINT('',(-40.03184811899,-16.6793165574,0.));
#8409 = CARTESIAN_POINT('',(-40.11096837272,-16.55968237081,0.));
#8410 = CARTESIAN_POINT('',(-40.19008862643,-16.403346923,0.));
#8411 = CARTESIAN_POINT('',(-40.26920888015,-16.23928245557,0.));
#8412 = CARTESIAN_POINT('',(-40.34832913387,-16.,0.));
#8413 = CYLINDRICAL_SURFACE('',#8414,3.);
#8414 = AXIS2_PLACEMENT_3D('',#8415,#8416,#8417);
#8415 = CARTESIAN_POINT('',(-37.5,-15.058182,0.));
#8416 = DIRECTION('',(-0.,-0.,-1.));
#8417 = DIRECTION('',(1.,0.,0.));
#8418 = ADVANCED_FACE('',(#8419),#8437,.F.);
#8419 = FACE_BOUND('',#8420,.F.);
#8420 = EDGE_LOOP('',(#8421,#8422,#8430,#8436));
#8421 = ORIENTED_EDGE('',*,*,#8328,.T.);
#8422 = ORIENTED_EDGE('',*,*,#8423,.T.);
#8423 = EDGE_CURVE('',#8321,#8424,#8426,.T.);
#8424 = VERTEX_POINT('',#8425);
#8425 = CARTESIAN_POINT('',(-55.,40.,5.));
#8426 = LINE('',#8427,#8428);
#8427 = CARTESIAN_POINT('',(-17.5,40.,5.));
#8428 = VECTOR('',#8429,1.);
#8429 = DIRECTION('',(-1.,0.,0.));
#8430 = ORIENTED_EDGE('',*,*,#8431,.F.);
#8431 = EDGE_CURVE('',#7908,#8424,#8432,.T.);
#8432 = LINE('',#8433,#8434);
#8433 = CARTESIAN_POINT('',(-55.,40.,0.));
#8434 = VECTOR('',#8435,1.);
#8435 = DIRECTION('',(0.,0.,1.));
#8436 = ORIENTED_EDGE('',*,*,#7907,.F.);
#8437 = PLANE('',#8438);
#8438 = AXIS2_PLACEMENT_3D('',#8439,#8440,#8441);
#8439 = CARTESIAN_POINT('',(-17.5,40.,0.));
#8440 = DIRECTION('',(0.,-1.,0.));
#8441 = DIRECTION('',(-1.,0.,0.));
#8442 = ADVANCED_FACE('',(#8443),#8486,.T.);
#8443 = FACE_BOUND('',#8444,.T.);
#8444 = EDGE_LOOP('',(#8445,#8446,#8455,#8463,#8471,#8479,#8485));
#8445 = ORIENTED_EDGE('',*,*,#7915,.T.);
#8446 = ORIENTED_EDGE('',*,*,#8447,.T.);
#8447 = EDGE_CURVE('',#7916,#8448,#8450,.T.);
#8448 = VERTEX_POINT('',#8449);
#8449 = CARTESIAN_POINT('',(-55.,-20.,-4.));
#8450 = CIRCLE('',#8451,4.);
#8451 = AXIS2_PLACEMENT_3D('',#8452,#8453,#8454);
#8452 = CARTESIAN_POINT('',(-55.,-16.,-4.));
#8453 = DIRECTION('',(1.,-0.,0.));
#8454 = DIRECTION('',(0.,0.,-1.));
#8455 = ORIENTED_EDGE('',*,*,#8456,.F.);
#8456 = EDGE_CURVE('',#8457,#8448,#8459,.T.);
#8457 = VERTEX_POINT('',#8458);
#8458 = CARTESIAN_POINT('',(-55.,-20.,-100.));
#8459 = LINE('',#8460,#8461);
#8460 = CARTESIAN_POINT('',(-55.,-20.,-100.));
#8461 = VECTOR('',#8462,1.);
#8462 = DIRECTION('',(0.,0.,1.));
#8463 = ORIENTED_EDGE('',*,*,#8464,.F.);
#8464 = EDGE_CURVE('',#8465,#8457,#8467,.T.);
#8465 = VERTEX_POINT('',#8466);
#8466 = CARTESIAN_POINT('',(-55.,-30.,-100.));
#8467 = LINE('',#8468,#8469);
#8468 = CARTESIAN_POINT('',(-55.,-30.,-100.));
#8469 = VECTOR('',#8470,1.);
#8470 = DIRECTION('',(0.,1.,0.));
#8471 = ORIENTED_EDGE('',*,*,#8472,.F.);
#8472 = EDGE_CURVE('',#8473,#8465,#8475,.T.);
#8473 = VERTEX_POINT('',#8474);
#8474 = CARTESIAN_POINT('',(-55.,-30.,5.));
#8475 = LINE('',#8476,#8477);
#8476 = CARTESIAN_POINT('',(-55.,-30.,-3.4E-15));
#8477 = VECTOR('',#8478,1.);
#8478 = DIRECTION('',(0.,0.,-1.));
#8479 = ORIENTED_EDGE('',*,*,#8480,.F.);
#8480 = EDGE_CURVE('',#8424,#8473,#8481,.T.);
#8481 = LINE('',#8482,#8483);
#8482 = CARTESIAN_POINT('',(-55.,40.,5.));
#8483 = VECTOR('',#8484,1.);
#8484 = DIRECTION('',(0.,-1.,0.));
#8485 = ORIENTED_EDGE('',*,*,#8431,.F.);
#8486 = PLANE('',#8487);
#8487 = AXIS2_PLACEMENT_3D('',#8488,#8489,#8490);
#8488 = CARTESIAN_POINT('',(-55.,-12.14285714285,-30.35714285714));
#8489 = DIRECTION('',(-1.,-0.,-0.));
#8490 = DIRECTION('',(0.,0.,-1.));
#8491 = ADVANCED_FACE('',(#8492),#8510,.F.);
#8492 = FACE_BOUND('',#8493,.T.);
#8493 = EDGE_LOOP('',(#8494,#8502,#8508,#8509));
#8494 = ORIENTED_EDGE('',*,*,#8495,.T.);
#8495 = EDGE_CURVE('',#7924,#8496,#8498,.T.);
#8496 = VERTEX_POINT('',#8497);
#8497 = CARTESIAN_POINT('',(-40.34832913387,-20.,-4.));
#8498 = ( BOUNDED_CURVE() B_SPLINE_CURVE(2,(#8499,#8500,#8501),
.UNSPECIFIED.,.F.,.F.) B_SPLINE_CURVE_WITH_KNOTS((3,3),(0.,
5.696658267748),.PIECEWISE_BEZIER_KNOTS.) CURVE() 
GEOMETRIC_REPRESENTATION_ITEM() RATIONAL_B_SPLINE_CURVE((1.,
0.707106781187,1.)) REPRESENTATION_ITEM('') );
#8499 = CARTESIAN_POINT('',(-40.34832913387,-16.,0.));
#8500 = CARTESIAN_POINT('',(-40.34832913387,-20.,3.55E-15));
#8501 = CARTESIAN_POINT('',(-40.34832913387,-20.,-4.));
#8502 = ORIENTED_EDGE('',*,*,#8503,.T.);
#8503 = EDGE_CURVE('',#8496,#8448,#8504,.T.);
#8504 = LINE('',#8505,#8506);
#8505 = CARTESIAN_POINT('',(55.,-20.,-4.));
#8506 = VECTOR('',#8507,1.);
#8507 = DIRECTION('',(-1.,-0.,-0.));
#8508 = ORIENTED_EDGE('',*,*,#8447,.F.);
#8509 = ORIENTED_EDGE('',*,*,#7923,.F.);
#8510 = CYLINDRICAL_SURFACE('',#8511,4.);
#8511 = AXIS2_PLACEMENT_3D('',#8512,#8513,#8514);
#8512 = CARTESIAN_POINT('',(55.,-16.,-4.));
#8513 = DIRECTION('',(-1.,-0.,-0.));
#8514 = DIRECTION('',(0.,0.,1.));
#8515 = ADVANCED_FACE('',(#8516),#8535,.F.);
#8516 = FACE_BOUND('',#8517,.T.);
#8517 = EDGE_LOOP('',(#8518,#8526,#8533,#8534));
#8518 = ORIENTED_EDGE('',*,*,#8519,.T.);
#8519 = EDGE_CURVE('',#7984,#8520,#8522,.T.);
#8520 = VERTEX_POINT('',#8521);
#8521 = CARTESIAN_POINT('',(-34.5,0.,2.));
#8522 = LINE('',#8523,#8524);
#8523 = CARTESIAN_POINT('',(-34.5,0.,0.));
#8524 = VECTOR('',#8525,1.);
#8525 = DIRECTION('',(0.,0.,1.));
#8526 = ORIENTED_EDGE('',*,*,#8527,.T.);
#8527 = EDGE_CURVE('',#8520,#8520,#8528,.T.);
#8528 = CIRCLE('',#8529,3.);
#8529 = AXIS2_PLACEMENT_3D('',#8530,#8531,#8532);
#8530 = CARTESIAN_POINT('',(-37.5,0.,2.));
#8531 = DIRECTION('',(0.,0.,1.));
#8532 = DIRECTION('',(1.,0.,0.));
#8533 = ORIENTED_EDGE('',*,*,#8519,.F.);
#8534 = ORIENTED_EDGE('',*,*,#7983,.F.);
#8535 = CYLINDRICAL_SURFACE('',#8536,3.);
#8536 = AXIS2_PLACEMENT_3D('',#8537,#8538,#8539);
#8537 = CARTESIAN_POINT('',(-37.5,0.,0.));
#8538 = DIRECTION('',(-0.,-0.,-1.));
#8539 = DIRECTION('',(1.,0.,0.));
#8540 = ADVANCED_FACE('',(#8541),#8560,.F.);
#8541 = FACE_BOUND('',#8542,.T.);
#8542 = EDGE_LOOP('',(#8543,#8551,#8558,#8559));
#8543 = ORIENTED_EDGE('',*,*,#8544,.T.);
#8544 = EDGE_CURVE('',#7995,#8545,#8547,.T.);
#8545 = VERTEX_POINT('',#8546);
#8546 = CARTESIAN_POINT('',(40.5,0.,2.));
#8547 = LINE('',#8548,#8549);
#8548 = CARTESIAN_POINT('',(40.5,0.,0.));
#8549 = VECTOR('',#8550,1.);
#8550 = DIRECTION('',(0.,0.,1.));
#8551 = ORIENTED_EDGE('',*,*,#8552,.T.);
#8552 = EDGE_CURVE('',#8545,#8545,#8553,.T.);
#8553 = CIRCLE('',#8554,3.);
#8554 = AXIS2_PLACEMENT_3D('',#8555,#8556,#8557);
#8555 = CARTESIAN_POINT('',(37.5,0.,2.));
#8556 = DIRECTION('',(0.,0.,1.));
#8557 = DIRECTION('',(1.,0.,0.));
#8558 = ORIENTED_EDGE('',*,*,#8544,.F.);
#8559 = ORIENTED_EDGE('',*,*,#7994,.F.);
#8560 = CYLINDRICAL_SURFACE('',#8561,3.);
#8561 = AXIS2_PLACEMENT_3D('',#8562,#8563,#8564);
#8562 = CARTESIAN_POINT('',(37.5,0.,0.));
#8563 = DIRECTION('',(-0.,-0.,-1.));
#8564 = DIRECTION('',(1.,0.,0.));
#8565 = ADVANCED_FACE('',(#8566),#8585,.F.);
#8566 = FACE_BOUND('',#8567,.T.);
#8567 = EDGE_LOOP('',(#8568,#8576,#8583,#8584));
#8568 = ORIENTED_EDGE('',*,*,#8569,.T.);
#8569 = EDGE_CURVE('',#8006,#8570,#8572,.T.);
#8570 = VERTEX_POINT('',#8571);
#8571 = CARTESIAN_POINT('',(-34.5,14.09116,2.));
#8572 = LINE('',#8573,#8574);
#8573 = CARTESIAN_POINT('',(-34.5,14.09116,0.));
#8574 = VECTOR('',#8575,1.);
#8575 = DIRECTION('',(0.,0.,1.));
#8576 = ORIENTED_EDGE('',*,*,#8577,.T.);
#8577 = EDGE_CURVE('',#8570,#8570,#8578,.T.);
#8578 = CIRCLE('',#8579,3.);
#8579 = AXIS2_PLACEMENT_3D('',#8580,#8581,#8582);
#8580 = CARTESIAN_POINT('',(-37.5,14.09116,2.));
#8581 = DIRECTION('',(0.,0.,1.));
#8582 = DIRECTION('',(1.,0.,0.));
#8583 = ORIENTED_EDGE('',*,*,#8569,.F.);
#8584 = ORIENTED_EDGE('',*,*,#8005,.F.);
#8585 = CYLINDRICAL_SURFACE('',#8586,3.);
#8586 = AXIS2_PLACEMENT_3D('',#8587,#8588,#8589);
#8587 = CARTESIAN_POINT('',(-37.5,14.09116,0.));
#8588 = DIRECTION('',(-0.,-0.,-1.));
#8589 = DIRECTION('',(1.,0.,0.));
#8590 = ADVANCED_FACE('',(#8591),#8610,.F.);
#8591 = FACE_BOUND('',#8592,.T.);
#8592 = EDGE_LOOP('',(#8593,#8601,#8608,#8609));
#8593 = ORIENTED_EDGE('',*,*,#8594,.T.);
#8594 = EDGE_CURVE('',#8017,#8595,#8597,.T.);
#8595 = VERTEX_POINT('',#8596);
#8596 = CARTESIAN_POINT('',(-34.5,28.008329,2.));
#8597 = LINE('',#8598,#8599);
#8598 = CARTESIAN_POINT('',(-34.5,28.008329,0.));
#8599 = VECTOR('',#8600,1.);
#8600 = DIRECTION('',(0.,0.,1.));
#8601 = ORIENTED_EDGE('',*,*,#8602,.T.);
#8602 = EDGE_CURVE('',#8595,#8595,#8603,.T.);
#8603 = CIRCLE('',#8604,3.);
#8604 = AXIS2_PLACEMENT_3D('',#8605,#8606,#8607);
#8605 = CARTESIAN_POINT('',(-37.5,28.008329,2.));
#8606 = DIRECTION('',(0.,0.,1.));
#8607 = DIRECTION('',(1.,0.,0.));
#8608 = ORIENTED_EDGE('',*,*,#8594,.F.);
#8609 = ORIENTED_EDGE('',*,*,#8016,.F.);
#8610 = CYLINDRICAL_SURFACE('',#8611,3.);
#8611 = AXIS2_PLACEMENT_3D('',#8612,#8613,#8614);
#8612 = CARTESIAN_POINT('',(-37.5,28.008329,0.));
#8613 = DIRECTION('',(-0.,-0.,-1.));
#8614 = DIRECTION('',(1.,0.,0.));
#8615 = ADVANCED_FACE('',(#8616),#8635,.F.);
#8616 = FACE_BOUND('',#8617,.T.);
#8617 = EDGE_LOOP('',(#8618,#8626,#8633,#8634));
#8618 = ORIENTED_EDGE('',*,*,#8619,.T.);
#8619 = EDGE_CURVE('',#8028,#8620,#8622,.T.);
#8620 = VERTEX_POINT('',#8621);
#8621 = CARTESIAN_POINT('',(40.5,14.09116,2.));
#8622 = LINE('',#8623,#8624);
#8623 = CARTESIAN_POINT('',(40.5,14.09116,0.));
#8624 = VECTOR('',#8625,1.);
#8625 = DIRECTION('',(0.,0.,1.));
#8626 = ORIENTED_EDGE('',*,*,#8627,.T.);
#8627 = EDGE_CURVE('',#8620,#8620,#8628,.T.);
#8628 = CIRCLE('',#8629,3.);
#8629 = AXIS2_PLACEMENT_3D('',#8630,#8631,#8632);
#8630 = CARTESIAN_POINT('',(37.5,14.09116,2.));
#8631 = DIRECTION('',(0.,0.,1.));
#8632 = DIRECTION('',(1.,0.,0.));
#8633 = ORIENTED_EDGE('',*,*,#8619,.F.);
#8634 = ORIENTED_EDGE('',*,*,#8027,.F.);
#8635 = CYLINDRICAL_SURFACE('',#8636,3.);
#8636 = AXIS2_PLACEMENT_3D('',#8637,#8638,#8639);
#8637 = CARTESIAN_POINT('',(37.5,14.09116,0.));
#8638 = DIRECTION('',(-0.,-0.,-1.));
#8639 = DIRECTION('',(1.,0.,0.));
#8640 = ADVANCED_FACE('',(#8641),#8660,.F.);
#8641 = FACE_BOUND('',#8642,.T.);
#8642 = EDGE_LOOP('',(#8643,#8651,#8658,#8659));
#8643 = ORIENTED_EDGE('',*,*,#8644,.T.);
#8644 = EDGE_CURVE('',#8039,#8645,#8647,.T.);
#8645 = VERTEX_POINT('',#8646);
#8646 = CARTESIAN_POINT('',(40.5,28.008329,2.));
#8647 = LINE('',#8648,#8649);
#8648 = CARTESIAN_POINT('',(40.5,28.008329,0.));
#8649 = VECTOR('',#8650,1.);
#8650 = DIRECTION('',(0.,0.,1.));
#8651 = ORIENTED_EDGE('',*,*,#8652,.T.);
#8652 = EDGE_CURVE('',#8645,#8645,#8653,.T.);
#8653 = CIRCLE('',#8654,3.);
#8654 = AXIS2_PLACEMENT_3D('',#8655,#8656,#8657);
#8655 = CARTESIAN_POINT('',(37.5,28.008329,2.));
#8656 = DIRECTION('',(0.,0.,1.));
#8657 = DIRECTION('',(1.,0.,0.));
#8658 = ORIENTED_EDGE('',*,*,#8644,.F.);
#8659 = ORIENTED_EDGE('',*,*,#8038,.F.);
#8660 = CYLINDRICAL_SURFACE('',#8661,3.);
#8661 = AXIS2_PLACEMENT_3D('',#8662,#8663,#8664);
#8662 = CARTESIAN_POINT('',(37.5,28.008329,0.));
#8663 = DIRECTION('',(-0.,-0.,-1.));
#8664 = DIRECTION('',(1.,0.,0.));
#8665 = ADVANCED_FACE('',(#8666,#8785,#8819,#8853,#8887),#8921,.T.);
#8666 = FACE_BOUND('',#8667,.T.);
#8667 = EDGE_LOOP('',(#8668,#8669,#8675,#8676,#8677,#8730,#8731,#8784));
#8668 = ORIENTED_EDGE('',*,*,#8055,.F.);
#8669 = ORIENTED_EDGE('',*,*,#8670,.T.);
#8670 = EDGE_CURVE('',#8056,#8457,#8671,.T.);
#8671 = LINE('',#8672,#8673);
#8672 = CARTESIAN_POINT('',(55.,-20.,-100.));
#8673 = VECTOR('',#8674,1.);
#8674 = DIRECTION('',(-1.,-0.,-0.));
#8675 = ORIENTED_EDGE('',*,*,#8456,.T.);
#8676 = ORIENTED_EDGE('',*,*,#8503,.F.);
#8677 = ORIENTED_EDGE('',*,*,#8678,.F.);
#8678 = EDGE_CURVE('',#8296,#8496,#8679,.T.);
#8679 = ( BOUNDED_CURVE() B_SPLINE_CURVE(9,(#8680,#8681,#8682,#8683,
    #8684,#8685,#8686,#8687,#8688,#8689,#8690,#8691,#8692,#8693,#8694,
    #8695,#8696,#8697,#8698,#8699,#8700,#8701,#8702,#8703,#8704,#8705,
    #8706,#8707,#8708,#8709,#8710,#8711,#8712,#8713,#8714,#8715,#8716,
    #8717,#8718,#8719,#8720,#8721,#8722,#8723,#8724,#8725,#8726,#8727,
#8728,#8729),.UNSPECIFIED.,.F.,.F.) B_SPLINE_CURVE_WITH_KNOTS((10,8,8,8,
    8,8,10),(89.651670866126,90.363753149594,91.075835433063,92.5,
    93.924164566937,94.636246850406,95.348329133874),.UNSPECIFIED.) 
CURVE() GEOMETRIC_REPRESENTATION_ITEM() RATIONAL_B_SPLINE_CURVE((1.,1.,
    1.,1.,1.,1.,1.,1.,1.,1.,1.,1.,1.,1.,1.,1.,1.,1.,1.,1.,1.,1.,1.,1.,1.
    ,1.,1.,1.,1.,1.,1.,1.,1.,1.,1.,1.,1.,1.,1.,1.,1.,1.,1.,1.,1.,1.,1.,
1.,1.,1.)) REPRESENTATION_ITEM('') );
#8680 = CARTESIAN_POINT('',(-34.65167086612,-20.,-4.));
#8681 = CARTESIAN_POINT('',(-34.73079111984,-20.,-4.));
#8682 = CARTESIAN_POINT('',(-34.80991137356,-20.,-3.984052697086));
#8683 = CARTESIAN_POINT('',(-34.88903162728,-20.,-3.968021909571));
#8684 = CARTESIAN_POINT('',(-34.968151881,-20.,-3.944920806808));
#8685 = CARTESIAN_POINT('',(-35.04727213471,-20.,-3.923984798245));
#8686 = CARTESIAN_POINT('',(-35.12639238843,-20.,-3.899485651105));
#8687 = CARTESIAN_POINT('',(-35.20551264215,-20.,-3.875634576973));
#8688 = CARTESIAN_POINT('',(-35.28463289587,-20.,-3.85116774351));
#8689 = CARTESIAN_POINT('',(-35.44287340331,-20.,-3.802330666503));
#8690 = CARTESIAN_POINT('',(-35.52199365703,-20.,-3.77791240162));
#8691 = CARTESIAN_POINT('',(-35.60111391075,-20.,-3.753725599795));
#8692 = CARTESIAN_POINT('',(-35.68023416446,-20.,-3.729952038121));
#8693 = CARTESIAN_POINT('',(-35.75935441818,-20.,-3.706733992712));
#8694 = CARTESIAN_POINT('',(-35.8384746719,-20.,-3.684184150065));
#8695 = CARTESIAN_POINT('',(-35.91759492562,-20.,-3.662395518432));
#8696 = CARTESIAN_POINT('',(-35.99671517934,-20.,-3.64145133918));
#8697 = CARTESIAN_POINT('',(-36.2340759405,-20.,-3.581402316124));
#8698 = CARTESIAN_POINT('',(-36.39231644793,-20.,-3.545076979384));
#8699 = CARTESIAN_POINT('',(-36.55055695537,-20.,-3.513037095475));
#8700 = CARTESIAN_POINT('',(-36.70879746281,-20.,-3.485747658796));
#8701 = CARTESIAN_POINT('',(-36.86703797025,-20.,-3.463567996956));
#8702 = CARTESIAN_POINT('',(-37.02527847768,-20.,-3.446759217122));
#8703 = CARTESIAN_POINT('',(-37.18351898512,-20.,-3.435491652369));
#8704 = CARTESIAN_POINT('',(-37.34175949256,-20.,-3.429852308027));
#8705 = CARTESIAN_POINT('',(-37.65824050743,-20.,-3.429852308027));
#8706 = CARTESIAN_POINT('',(-37.81648101487,-20.,-3.435491652369));
#8707 = CARTESIAN_POINT('',(-37.97472152231,-20.,-3.446759217122));
#8708 = CARTESIAN_POINT('',(-38.13296202975,-20.,-3.463567996956));
#8709 = CARTESIAN_POINT('',(-38.29120253718,-20.,-3.485747658796));
#8710 = CARTESIAN_POINT('',(-38.44944304462,-20.,-3.513037095475));
#8711 = CARTESIAN_POINT('',(-38.60768355206,-20.,-3.545076979384));
#8712 = CARTESIAN_POINT('',(-38.7659240595,-20.,-3.581402316124));
#8713 = CARTESIAN_POINT('',(-39.00328482065,-20.,-3.64145133918));
#8714 = CARTESIAN_POINT('',(-39.08240507437,-20.,-3.662395518432));
#8715 = CARTESIAN_POINT('',(-39.16152532809,-20.,-3.684184150065));
#8716 = CARTESIAN_POINT('',(-39.24064558181,-20.,-3.706733992712));
#8717 = CARTESIAN_POINT('',(-39.31976583553,-20.,-3.729952038121));
#8718 = CARTESIAN_POINT('',(-39.39888608924,-20.,-3.753725599795));
#8719 = CARTESIAN_POINT('',(-39.47800634296,-20.,-3.77791240162));
#8720 = CARTESIAN_POINT('',(-39.55712659668,-20.,-3.802330666503));
#8721 = CARTESIAN_POINT('',(-39.71536710412,-20.,-3.85116774351));
#8722 = CARTESIAN_POINT('',(-39.79448735784,-20.,-3.875634576973));
#8723 = CARTESIAN_POINT('',(-39.87360761156,-20.,-3.899485651105));
#8724 = CARTESIAN_POINT('',(-39.95272786528,-20.,-3.923984798245));
#8725 = CARTESIAN_POINT('',(-40.03184811899,-20.,-3.94492080681));
#8726 = CARTESIAN_POINT('',(-40.11096837271,-20.,-3.968021909569));
#8727 = CARTESIAN_POINT('',(-40.19008862643,-20.,-3.984052697087));
#8728 = CARTESIAN_POINT('',(-40.26920888015,-20.,-4.));
#8729 = CARTESIAN_POINT('',(-40.34832913387,-20.,-4.));
#8730 = ORIENTED_EDGE('',*,*,#8295,.F.);
#8731 = ORIENTED_EDGE('',*,*,#8732,.F.);
#8732 = EDGE_CURVE('',#8113,#8288,#8733,.T.);
#8733 = ( BOUNDED_CURVE() B_SPLINE_CURVE(9,(#8734,#8735,#8736,#8737,
    #8738,#8739,#8740,#8741,#8742,#8743,#8744,#8745,#8746,#8747,#8748,
    #8749,#8750,#8751,#8752,#8753,#8754,#8755,#8756,#8757,#8758,#8759,
    #8760,#8761,#8762,#8763,#8764,#8765,#8766,#8767,#8768,#8769,#8770,
    #8771,#8772,#8773,#8774,#8775,#8776,#8777,#8778,#8779,#8780,#8781,
#8782,#8783),.UNSPECIFIED.,.F.,.F.) B_SPLINE_CURVE_WITH_KNOTS((10,8,8,8,
    8,8,10),(14.651670866126,15.363753149594,16.075835433063,17.5,
    18.924164566937,19.636246850406,20.348329133874),.UNSPECIFIED.) 
CURVE() GEOMETRIC_REPRESENTATION_ITEM() RATIONAL_B_SPLINE_CURVE((1.,1.,
    1.,1.,1.,1.,1.,1.,1.,1.,1.,1.,1.,1.,1.,1.,1.,1.,1.,1.,1.,1.,1.,1.,1.
    ,1.,1.,1.,1.,1.,1.,1.,1.,1.,1.,1.,1.,1.,1.,1.,1.,1.,1.,1.,1.,1.,1.,
1.,1.,1.)) REPRESENTATION_ITEM('') );
#8734 = CARTESIAN_POINT('',(40.348329133874,-20.,-4.));
#8735 = CARTESIAN_POINT('',(40.269208880155,-20.,-4.));
#8736 = CARTESIAN_POINT('',(40.190088626437,-20.,-3.984052697086));
#8737 = CARTESIAN_POINT('',(40.110968372718,-20.,-3.968021909571));
#8738 = CARTESIAN_POINT('',(40.031848118999,-20.,-3.944920806808));
#8739 = CARTESIAN_POINT('',(39.952727865281,-20.,-3.923984798245));
#8740 = CARTESIAN_POINT('',(39.873607611562,-20.,-3.899485651105));
#8741 = CARTESIAN_POINT('',(39.794487357843,-20.,-3.875634576973));
#8742 = CARTESIAN_POINT('',(39.715367104124,-20.,-3.85116774351));
#8743 = CARTESIAN_POINT('',(39.557126596687,-20.,-3.802330666503));
#8744 = CARTESIAN_POINT('',(39.478006342968,-20.,-3.77791240162));
#8745 = CARTESIAN_POINT('',(39.398886089249,-20.,-3.753725599795));
#8746 = CARTESIAN_POINT('',(39.319765835531,-20.,-3.729952038121));
#8747 = CARTESIAN_POINT('',(39.240645581812,-20.,-3.706733992712));
#8748 = CARTESIAN_POINT('',(39.161525328093,-20.,-3.684184150065));
#8749 = CARTESIAN_POINT('',(39.082405074375,-20.,-3.662395518432));
#8750 = CARTESIAN_POINT('',(39.003284820656,-20.,-3.64145133918));
#8751 = CARTESIAN_POINT('',(38.7659240595,-20.,-3.581402316124));
#8752 = CARTESIAN_POINT('',(38.607683552062,-20.,-3.545076979384));
#8753 = CARTESIAN_POINT('',(38.449443044625,-20.,-3.513037095475));
#8754 = CARTESIAN_POINT('',(38.291202537187,-20.,-3.485747658796));
#8755 = CARTESIAN_POINT('',(38.13296202975,-20.,-3.463567996956));
#8756 = CARTESIAN_POINT('',(37.974721522312,-20.,-3.446759217122));
#8757 = CARTESIAN_POINT('',(37.816481014875,-20.,-3.435491652369));
#8758 = CARTESIAN_POINT('',(37.658240507437,-20.,-3.429852308027));
#8759 = CARTESIAN_POINT('',(37.341759492563,-20.,-3.429852308027));
#8760 = CARTESIAN_POINT('',(37.183518985125,-20.,-3.435491652369));
#8761 = CARTESIAN_POINT('',(37.025278477688,-20.,-3.446759217122));
#8762 = CARTESIAN_POINT('',(36.86703797025,-20.,-3.463567996956));
#8763 = CARTESIAN_POINT('',(36.708797462813,-20.,-3.485747658796));
#8764 = CARTESIAN_POINT('',(36.550556955375,-20.,-3.513037095475));
#8765 = CARTESIAN_POINT('',(36.392316447938,-20.,-3.545076979384));
#8766 = CARTESIAN_POINT('',(36.2340759405,-20.,-3.581402316124));
#8767 = CARTESIAN_POINT('',(35.996715179344,-20.,-3.64145133918));
#8768 = CARTESIAN_POINT('',(35.917594925626,-20.,-3.662395518432));
#8769 = CARTESIAN_POINT('',(35.838474671907,-20.,-3.684184150065));
#8770 = CARTESIAN_POINT('',(35.759354418188,-20.,-3.706733992712));
#8771 = CARTESIAN_POINT('',(35.680234164469,-20.,-3.729952038121));
#8772 = CARTESIAN_POINT('',(35.601113910751,-20.,-3.753725599795));
#8773 = CARTESIAN_POINT('',(35.521993657032,-20.,-3.77791240162));
#8774 = CARTESIAN_POINT('',(35.442873403313,-20.,-3.802330666503));
#8775 = CARTESIAN_POINT('',(35.284632895876,-20.,-3.85116774351));
#8776 = CARTESIAN_POINT('',(35.205512642157,-20.,-3.875634576973));
#8777 = CARTESIAN_POINT('',(35.126392388438,-20.,-3.899485651105));
#8778 = CARTESIAN_POINT('',(35.047272134719,-20.,-3.923984798244));
#8779 = CARTESIAN_POINT('',(34.968151881001,-20.,-3.94492080681));
#8780 = CARTESIAN_POINT('',(34.889031627282,-20.,-3.968021909568));
#8781 = CARTESIAN_POINT('',(34.809911373563,-20.,-3.984052697087));
#8782 = CARTESIAN_POINT('',(34.730791119845,-20.,-4.));
#8783 = CARTESIAN_POINT('',(34.651670866126,-20.,-4.));
#8784 = ORIENTED_EDGE('',*,*,#8112,.F.);
#8785 = FACE_BOUND('',#8786,.T.);
#8786 = EDGE_LOOP('',(#8787,#8797,#8805,#8813));
#8787 = ORIENTED_EDGE('',*,*,#8788,.F.);
#8788 = EDGE_CURVE('',#8789,#8791,#8793,.T.);
#8789 = VERTEX_POINT('',#8790);
#8790 = CARTESIAN_POINT('',(-41.1802872707,-20.,-56.44736000291));
#8791 = VERTEX_POINT('',#8792);
#8792 = CARTESIAN_POINT('',(-41.1802872707,-20.,-51.44736000291));
#8793 = LINE('',#8794,#8795);
#8794 = CARTESIAN_POINT('',(-41.1802872707,-20.,-75.72368000145));
#8795 = VECTOR('',#8796,1.);
#8796 = DIRECTION('',(-0.,0.,1.));
#8797 = ORIENTED_EDGE('',*,*,#8798,.F.);
#8798 = EDGE_CURVE('',#8799,#8789,#8801,.T.);
#8799 = VERTEX_POINT('',#8800);
#8800 = CARTESIAN_POINT('',(38.819712729295,-20.,-56.44736000291));
#8801 = LINE('',#8802,#8803);
#8802 = CARTESIAN_POINT('',(6.909856364647,-20.,-56.44736000291));
#8803 = VECTOR('',#8804,1.);
#8804 = DIRECTION('',(-1.,0.,-0.));
#8805 = ORIENTED_EDGE('',*,*,#8806,.F.);
#8806 = EDGE_CURVE('',#8807,#8799,#8809,.T.);
#8807 = VERTEX_POINT('',#8808);
#8808 = CARTESIAN_POINT('',(38.819712729295,-20.,-51.44736000291));
#8809 = LINE('',#8810,#8811);
#8810 = CARTESIAN_POINT('',(38.819712729295,-20.,-78.22368000145));
#8811 = VECTOR('',#8812,1.);
#8812 = DIRECTION('',(0.,0.,-1.));
#8813 = ORIENTED_EDGE('',*,*,#8814,.F.);
#8814 = EDGE_CURVE('',#8791,#8807,#8815,.T.);
#8815 = LINE('',#8816,#8817);
#8816 = CARTESIAN_POINT('',(46.909856364647,-20.,-51.44736000291));
#8817 = VECTOR('',#8818,1.);
#8818 = DIRECTION('',(1.,0.,0.));
#8819 = FACE_BOUND('',#8820,.T.);
#8820 = EDGE_LOOP('',(#8821,#8831,#8839,#8847));
#8821 = ORIENTED_EDGE('',*,*,#8822,.F.);
#8822 = EDGE_CURVE('',#8823,#8825,#8827,.T.);
#8823 = VERTEX_POINT('',#8824);
#8824 = CARTESIAN_POINT('',(-41.180287,-20.,-92.399086));
#8825 = VERTEX_POINT('',#8826);
#8826 = CARTESIAN_POINT('',(-41.180287,-20.,-87.399086));
#8827 = LINE('',#8828,#8829);
#8828 = CARTESIAN_POINT('',(-41.180287,-20.,-93.699543));
#8829 = VECTOR('',#8830,1.);
#8830 = DIRECTION('',(-0.,0.,1.));
#8831 = ORIENTED_EDGE('',*,*,#8832,.F.);
#8832 = EDGE_CURVE('',#8833,#8823,#8835,.T.);
#8833 = VERTEX_POINT('',#8834);
#8834 = CARTESIAN_POINT('',(38.819713,-20.,-92.399086));
#8835 = LINE('',#8836,#8837);
#8836 = CARTESIAN_POINT('',(6.9098565,-20.,-92.399086));
#8837 = VECTOR('',#8838,1.);
#8838 = DIRECTION('',(-1.,0.,-0.));
#8839 = ORIENTED_EDGE('',*,*,#8840,.F.);
#8840 = EDGE_CURVE('',#8841,#8833,#8843,.T.);
#8841 = VERTEX_POINT('',#8842);
#8842 = CARTESIAN_POINT('',(38.819713,-20.,-87.399086));
#8843 = LINE('',#8844,#8845);
#8844 = CARTESIAN_POINT('',(38.819713,-20.,-96.199543));
#8845 = VECTOR('',#8846,1.);
#8846 = DIRECTION('',(0.,0.,-1.));
#8847 = ORIENTED_EDGE('',*,*,#8848,.F.);
#8848 = EDGE_CURVE('',#8825,#8841,#8849,.T.);
#8849 = LINE('',#8850,#8851);
#8850 = CARTESIAN_POINT('',(46.9098565,-20.,-87.399086));
#8851 = VECTOR('',#8852,1.);
#8852 = DIRECTION('',(1.,0.,0.));
#8853 = FACE_BOUND('',#8854,.T.);
#8854 = EDGE_LOOP('',(#8855,#8865,#8873,#8881));
#8855 = ORIENTED_EDGE('',*,*,#8856,.F.);
#8856 = EDGE_CURVE('',#8857,#8859,#8861,.T.);
#8857 = VERTEX_POINT('',#8858);
#8858 = CARTESIAN_POINT('',(-41.180287,-20.,-74.423223));
#8859 = VERTEX_POINT('',#8860);
#8860 = CARTESIAN_POINT('',(-41.180287,-20.,-69.423223));
#8861 = LINE('',#8862,#8863);
#8862 = CARTESIAN_POINT('',(-41.180287,-20.,-84.7116115));
#8863 = VECTOR('',#8864,1.);
#8864 = DIRECTION('',(-0.,0.,1.));
#8865 = ORIENTED_EDGE('',*,*,#8866,.F.);
#8866 = EDGE_CURVE('',#8867,#8857,#8869,.T.);
#8867 = VERTEX_POINT('',#8868);
#8868 = CARTESIAN_POINT('',(38.819713,-20.,-74.423223));
#8869 = LINE('',#8870,#8871);
#8870 = CARTESIAN_POINT('',(6.9098565,-20.,-74.423223));
#8871 = VECTOR('',#8872,1.);
#8872 = DIRECTION('',(-1.,0.,-0.));
#8873 = ORIENTED_EDGE('',*,*,#8874,.F.);
#8874 = EDGE_CURVE('',#8875,#8867,#8877,.T.);
#8875 = VERTEX_POINT('',#8876);
#8876 = CARTESIAN_POINT('',(38.819713,-20.,-69.423223));
#8877 = LINE('',#8878,#8879);
#8878 = CARTESIAN_POINT('',(38.819713,-20.,-87.2116115));
#8879 = VECTOR('',#8880,1.);
#8880 = DIRECTION('',(0.,0.,-1.));
#8881 = ORIENTED_EDGE('',*,*,#8882,.F.);
#8882 = EDGE_CURVE('',#8859,#8875,#8883,.T.);
#8883 = LINE('',#8884,#8885);
#8884 = CARTESIAN_POINT('',(46.9098565,-20.,-69.423223));
#8885 = VECTOR('',#8886,1.);
#8886 = DIRECTION('',(1.,0.,0.));
#8887 = FACE_BOUND('',#8888,.T.);
#8888 = EDGE_LOOP('',(#8889,#8899,#8907,#8915));
#8889 = ORIENTED_EDGE('',*,*,#8890,.F.);
#8890 = EDGE_CURVE('',#8891,#8893,#8895,.T.);
#8891 = VERTEX_POINT('',#8892);
#8892 = CARTESIAN_POINT('',(-41.180287,-20.,-42.650993));
#8893 = VERTEX_POINT('',#8894);
#8894 = CARTESIAN_POINT('',(-41.180287,-20.,-37.650993));
#8895 = LINE('',#8896,#8897);
#8896 = CARTESIAN_POINT('',(-41.180287,-20.,-68.8254965));
#8897 = VECTOR('',#8898,1.);
#8898 = DIRECTION('',(-0.,0.,1.));
#8899 = ORIENTED_EDGE('',*,*,#8900,.F.);
#8900 = EDGE_CURVE('',#8901,#8891,#8903,.T.);
#8901 = VERTEX_POINT('',#8902);
#8902 = CARTESIAN_POINT('',(38.819713,-20.,-42.650993));
#8903 = LINE('',#8904,#8905);
#8904 = CARTESIAN_POINT('',(6.9098565,-20.,-42.650993));
#8905 = VECTOR('',#8906,1.);
#8906 = DIRECTION('',(-1.,0.,-0.));
#8907 = ORIENTED_EDGE('',*,*,#8908,.F.);
#8908 = EDGE_CURVE('',#8909,#8901,#8911,.T.);
#8909 = VERTEX_POINT('',#8910);
#8910 = CARTESIAN_POINT('',(38.819713,-20.,-37.650993));
#8911 = LINE('',#8912,#8913);
#8912 = CARTESIAN_POINT('',(38.819713,-20.,-71.3254965));
#8913 = VECTOR('',#8914,1.);
#8914 = DIRECTION('',(0.,0.,-1.));
#8915 = ORIENTED_EDGE('',*,*,#8916,.F.);
#8916 = EDGE_CURVE('',#8893,#8909,#8917,.T.);
#8917 = LINE('',#8918,#8919);
#8918 = CARTESIAN_POINT('',(46.9098565,-20.,-37.650993));
#8919 = VECTOR('',#8920,1.);
#8920 = DIRECTION('',(1.,0.,0.));
#8921 = PLANE('',#8922);
#8922 = AXIS2_PLACEMENT_3D('',#8923,#8924,#8925);
#8923 = CARTESIAN_POINT('',(55.,-20.,-100.));
#8924 = DIRECTION('',(0.,1.,0.));
#8925 = DIRECTION('',(0.,0.,1.));
#8926 = ADVANCED_FACE('',(#8927),#8938,.T.);
#8927 = FACE_BOUND('',#8928,.T.);
#8928 = EDGE_LOOP('',(#8929,#8935,#8936,#8937));
#8929 = ORIENTED_EDGE('',*,*,#8930,.T.);
#8930 = EDGE_CURVE('',#8090,#8465,#8931,.T.);
#8931 = LINE('',#8932,#8933);
#8932 = CARTESIAN_POINT('',(55.,-30.,-100.));
#8933 = VECTOR('',#8934,1.);
#8934 = DIRECTION('',(-1.,-0.,-0.));
#8935 = ORIENTED_EDGE('',*,*,#8464,.T.);
#8936 = ORIENTED_EDGE('',*,*,#8670,.F.);
#8937 = ORIENTED_EDGE('',*,*,#8097,.F.);
#8938 = PLANE('',#8939);
#8939 = AXIS2_PLACEMENT_3D('',#8940,#8941,#8942);
#8940 = CARTESIAN_POINT('',(55.,-30.,-100.));
#8941 = DIRECTION('',(0.,0.,-1.));
#8942 = DIRECTION('',(0.,1.,0.));
#8943 = ADVANCED_FACE('',(#8944,#8955,#8989,#9023,#9057),#9091,.T.);
#8944 = FACE_BOUND('',#8945,.T.);
#8945 = EDGE_LOOP('',(#8946,#8947,#8948,#8949));
#8946 = ORIENTED_EDGE('',*,*,#8472,.T.);
#8947 = ORIENTED_EDGE('',*,*,#8930,.F.);
#8948 = ORIENTED_EDGE('',*,*,#8089,.F.);
#8949 = ORIENTED_EDGE('',*,*,#8950,.F.);
#8950 = EDGE_CURVE('',#8473,#8082,#8951,.T.);
#8951 = LINE('',#8952,#8953);
#8952 = CARTESIAN_POINT('',(-55.,-30.,5.));
#8953 = VECTOR('',#8954,1.);
#8954 = DIRECTION('',(1.,0.,0.));
#8955 = FACE_BOUND('',#8956,.T.);
#8956 = EDGE_LOOP('',(#8957,#8967,#8975,#8983));
#8957 = ORIENTED_EDGE('',*,*,#8958,.F.);
#8958 = EDGE_CURVE('',#8959,#8961,#8963,.T.);
#8959 = VERTEX_POINT('',#8960);
#8960 = CARTESIAN_POINT('',(-41.1802872707,-30.,-51.44736000291));
#8961 = VERTEX_POINT('',#8962);
#8962 = CARTESIAN_POINT('',(-41.1802872707,-30.,-56.44736000291));
#8963 = LINE('',#8964,#8965);
#8964 = CARTESIAN_POINT('',(-41.1802872707,-30.,-51.44736000291));
#8965 = VECTOR('',#8966,1.);
#8966 = DIRECTION('',(0.,0.,-1.));
#8967 = ORIENTED_EDGE('',*,*,#8968,.F.);
#8968 = EDGE_CURVE('',#8969,#8959,#8971,.T.);
#8969 = VERTEX_POINT('',#8970);
#8970 = CARTESIAN_POINT('',(38.819712729295,-30.,-51.44736000291));
#8971 = LINE('',#8972,#8973);
#8972 = CARTESIAN_POINT('',(38.819712729295,-30.,-51.44736000291));
#8973 = VECTOR('',#8974,1.);
#8974 = DIRECTION('',(-1.,0.,0.));
#8975 = ORIENTED_EDGE('',*,*,#8976,.F.);
#8976 = EDGE_CURVE('',#8977,#8969,#8979,.T.);
#8977 = VERTEX_POINT('',#8978);
#8978 = CARTESIAN_POINT('',(38.819712729295,-30.,-56.44736000291));
#8979 = LINE('',#8980,#8981);
#8980 = CARTESIAN_POINT('',(38.819712729295,-30.,-56.44736000291));
#8981 = VECTOR('',#8982,1.);
#8982 = DIRECTION('',(0.,0.,1.));
#8983 = ORIENTED_EDGE('',*,*,#8984,.F.);
#8984 = EDGE_CURVE('',#8961,#8977,#8985,.T.);
#8985 = LINE('',#8986,#8987);
#8986 = CARTESIAN_POINT('',(-41.1802872707,-30.,-56.44736000291));
#8987 = VECTOR('',#8988,1.);
#8988 = DIRECTION('',(1.,0.,0.));
#8989 = FACE_BOUND('',#8990,.T.);
#8990 = EDGE_LOOP('',(#8991,#9001,#9009,#9017));
#8991 = ORIENTED_EDGE('',*,*,#8992,.F.);
#8992 = EDGE_CURVE('',#8993,#8995,#8997,.T.);
#8993 = VERTEX_POINT('',#8994);
#8994 = CARTESIAN_POINT('',(-41.180287,-30.,-37.650993));
#8995 = VERTEX_POINT('',#8996);
#8996 = CARTESIAN_POINT('',(-41.180287,-30.,-42.650993));
#8997 = LINE('',#8998,#8999);
#8998 = CARTESIAN_POINT('',(-41.180287,-30.,-37.650993));
#8999 = VECTOR('',#9000,1.);
#9000 = DIRECTION('',(0.,0.,-1.));
#9001 = ORIENTED_EDGE('',*,*,#9002,.F.);
#9002 = EDGE_CURVE('',#9003,#8993,#9005,.T.);
#9003 = VERTEX_POINT('',#9004);
#9004 = CARTESIAN_POINT('',(38.819713,-30.,-37.650993));
#9005 = LINE('',#9006,#9007);
#9006 = CARTESIAN_POINT('',(38.819713,-30.,-37.650993));
#9007 = VECTOR('',#9008,1.);
#9008 = DIRECTION('',(-1.,0.,0.));
#9009 = ORIENTED_EDGE('',*,*,#9010,.F.);
#9010 = EDGE_CURVE('',#9011,#9003,#9013,.T.);
#9011 = VERTEX_POINT('',#9012);
#9012 = CARTESIAN_POINT('',(38.819713,-30.,-42.650993));
#9013 = LINE('',#9014,#9015);
#9014 = CARTESIAN_POINT('',(38.819713,-30.,-42.650993));
#9015 = VECTOR('',#9016,1.);
#9016 = DIRECTION('',(0.,0.,1.));
#9017 = ORIENTED_EDGE('',*,*,#9018,.F.);
#9018 = EDGE_CURVE('',#8995,#9011,#9019,.T.);
#9019 = LINE('',#9020,#9021);
#9020 = CARTESIAN_POINT('',(-41.180287,-30.,-42.650993));
#9021 = VECTOR('',#9022,1.);
#9022 = DIRECTION('',(1.,0.,0.));
#9023 = FACE_BOUND('',#9024,.T.);
#9024 = EDGE_LOOP('',(#9025,#9035,#9043,#9051));
#9025 = ORIENTED_EDGE('',*,*,#9026,.F.);
#9026 = EDGE_CURVE('',#9027,#9029,#9031,.T.);
#9027 = VERTEX_POINT('',#9028);
#9028 = CARTESIAN_POINT('',(-41.180287,-30.,-69.423223));
#9029 = VERTEX_POINT('',#9030);
#9030 = CARTESIAN_POINT('',(-41.180287,-30.,-74.423223));
#9031 = LINE('',#9032,#9033);
#9032 = CARTESIAN_POINT('',(-41.180287,-30.,-69.423223));
#9033 = VECTOR('',#9034,1.);
#9034 = DIRECTION('',(0.,0.,-1.));
#9035 = ORIENTED_EDGE('',*,*,#9036,.F.);
#9036 = EDGE_CURVE('',#9037,#9027,#9039,.T.);
#9037 = VERTEX_POINT('',#9038);
#9038 = CARTESIAN_POINT('',(38.819713,-30.,-69.423223));
#9039 = LINE('',#9040,#9041);
#9040 = CARTESIAN_POINT('',(38.819713,-30.,-69.423223));
#9041 = VECTOR('',#9042,1.);
#9042 = DIRECTION('',(-1.,0.,0.));
#9043 = ORIENTED_EDGE('',*,*,#9044,.F.);
#9044 = EDGE_CURVE('',#9045,#9037,#9047,.T.);
#9045 = VERTEX_POINT('',#9046);
#9046 = CARTESIAN_POINT('',(38.819713,-30.,-74.423223));
#9047 = LINE('',#9048,#9049);
#9048 = CARTESIAN_POINT('',(38.819713,-30.,-74.423223));
#9049 = VECTOR('',#9050,1.);
#9050 = DIRECTION('',(0.,0.,1.));
#9051 = ORIENTED_EDGE('',*,*,#9052,.F.);
#9052 = EDGE_CURVE('',#9029,#9045,#9053,.T.);
#9053 = LINE('',#9054,#9055);
#9054 = CARTESIAN_POINT('',(-41.180287,-30.,-74.423223));
#9055 = VECTOR('',#9056,1.);
#9056 = DIRECTION('',(1.,0.,0.));
#9057 = FACE_BOUND('',#9058,.T.);
#9058 = EDGE_LOOP('',(#9059,#9069,#9077,#9085));
#9059 = ORIENTED_EDGE('',*,*,#9060,.F.);
#9060 = EDGE_CURVE('',#9061,#9063,#9065,.T.);
#9061 = VERTEX_POINT('',#9062);
#9062 = CARTESIAN_POINT('',(-41.180287,-30.,-87.399086));
#9063 = VERTEX_POINT('',#9064);
#9064 = CARTESIAN_POINT('',(-41.180287,-30.,-92.399086));
#9065 = LINE('',#9066,#9067);
#9066 = CARTESIAN_POINT('',(-41.180287,-30.,-87.399086));
#9067 = VECTOR('',#9068,1.);
#9068 = DIRECTION('',(0.,0.,-1.));
#9069 = ORIENTED_EDGE('',*,*,#9070,.F.);
#9070 = EDGE_CURVE('',#9071,#9061,#9073,.T.);
#9071 = VERTEX_POINT('',#9072);
#9072 = CARTESIAN_POINT('',(38.819713,-30.,-87.399086));
#9073 = LINE('',#9074,#9075);
#9074 = CARTESIAN_POINT('',(38.819713,-30.,-87.399086));
#9075 = VECTOR('',#9076,1.);
#9076 = DIRECTION('',(-1.,0.,0.));
#9077 = ORIENTED_EDGE('',*,*,#9078,.F.);
#9078 = EDGE_CURVE('',#9079,#9071,#9081,.T.);
#9079 = VERTEX_POINT('',#9080);
#9080 = CARTESIAN_POINT('',(38.819713,-30.,-92.399086));
#9081 = LINE('',#9082,#9083);
#9082 = CARTESIAN_POINT('',(38.819713,-30.,-92.399086));
#9083 = VECTOR('',#9084,1.);
#9084 = DIRECTION('',(0.,0.,1.));
#9085 = ORIENTED_EDGE('',*,*,#9086,.F.);
#9086 = EDGE_CURVE('',#9063,#9079,#9087,.T.);
#9087 = LINE('',#9088,#9089);
#9088 = CARTESIAN_POINT('',(-41.180287,-30.,-92.399086));
#9089 = VECTOR('',#9090,1.);
#9090 = DIRECTION('',(1.,0.,0.));
#9091 = PLANE('',#9092);
#9092 = AXIS2_PLACEMENT_3D('',#9093,#9094,#9095);
#9093 = CARTESIAN_POINT('',(0.,-30.,-47.5));
#9094 = DIRECTION('',(-0.,-1.,-0.));
#9095 = DIRECTION('',(0.,0.,-1.));
#9096 = ADVANCED_FACE('',(#9097,#9107,#9118,#9129,#9140,#9151,#9162,
    #9173,#9184),#9195,.T.);
#9097 = FACE_BOUND('',#9098,.T.);
#9098 = EDGE_LOOP('',(#9099,#9100,#9101,#9102,#9103,#9104,#9105,#9106));
#9099 = ORIENTED_EDGE('',*,*,#8480,.T.);
#9100 = ORIENTED_EDGE('',*,*,#8950,.T.);
#9101 = ORIENTED_EDGE('',*,*,#8081,.T.);
#9102 = ORIENTED_EDGE('',*,*,#8137,.T.);
#9103 = ORIENTED_EDGE('',*,*,#8240,.T.);
#9104 = ORIENTED_EDGE('',*,*,#8264,.T.);
#9105 = ORIENTED_EDGE('',*,*,#8320,.T.);
#9106 = ORIENTED_EDGE('',*,*,#8423,.T.);
#9107 = FACE_BOUND('',#9108,.F.);
#9108 = EDGE_LOOP('',(#9109));
#9109 = ORIENTED_EDGE('',*,*,#9110,.T.);
#9110 = EDGE_CURVE('',#9111,#9111,#9113,.T.);
#9111 = VERTEX_POINT('',#9112);
#9112 = CARTESIAN_POINT('',(-35.25,0.,5.));
#9113 = CIRCLE('',#9114,2.25);
#9114 = AXIS2_PLACEMENT_3D('',#9115,#9116,#9117);
#9115 = CARTESIAN_POINT('',(-37.5,0.,5.));
#9116 = DIRECTION('',(0.,0.,1.));
#9117 = DIRECTION('',(1.,0.,0.));
#9118 = FACE_BOUND('',#9119,.F.);
#9119 = EDGE_LOOP('',(#9120));
#9120 = ORIENTED_EDGE('',*,*,#9121,.T.);
#9121 = EDGE_CURVE('',#9122,#9122,#9124,.T.);
#9122 = VERTEX_POINT('',#9123);
#9123 = CARTESIAN_POINT('',(39.75,0.,5.));
#9124 = CIRCLE('',#9125,2.25);
#9125 = AXIS2_PLACEMENT_3D('',#9126,#9127,#9128);
#9126 = CARTESIAN_POINT('',(37.5,0.,5.));
#9127 = DIRECTION('',(0.,0.,1.));
#9128 = DIRECTION('',(1.,0.,0.));
#9129 = FACE_BOUND('',#9130,.F.);
#9130 = EDGE_LOOP('',(#9131));
#9131 = ORIENTED_EDGE('',*,*,#9132,.T.);
#9132 = EDGE_CURVE('',#9133,#9133,#9135,.T.);
#9133 = VERTEX_POINT('',#9134);
#9134 = CARTESIAN_POINT('',(-35.25,14.09116,5.));
#9135 = CIRCLE('',#9136,2.25);
#9136 = AXIS2_PLACEMENT_3D('',#9137,#9138,#9139);
#9137 = CARTESIAN_POINT('',(-37.5,14.09116,5.));
#9138 = DIRECTION('',(0.,0.,1.));
#9139 = DIRECTION('',(1.,0.,0.));
#9140 = FACE_BOUND('',#9141,.F.);
#9141 = EDGE_LOOP('',(#9142));
#9142 = ORIENTED_EDGE('',*,*,#9143,.T.);
#9143 = EDGE_CURVE('',#9144,#9144,#9146,.T.);
#9144 = VERTEX_POINT('',#9145);
#9145 = CARTESIAN_POINT('',(39.75,14.09116,5.));
#9146 = CIRCLE('',#9147,2.25);
#9147 = AXIS2_PLACEMENT_3D('',#9148,#9149,#9150);
#9148 = CARTESIAN_POINT('',(37.5,14.09116,5.));
#9149 = DIRECTION('',(0.,0.,1.));
#9150 = DIRECTION('',(1.,0.,0.));
#9151 = FACE_BOUND('',#9152,.F.);
#9152 = EDGE_LOOP('',(#9153));
#9153 = ORIENTED_EDGE('',*,*,#9154,.T.);
#9154 = EDGE_CURVE('',#9155,#9155,#9157,.T.);
#9155 = VERTEX_POINT('',#9156);
#9156 = CARTESIAN_POINT('',(-35.25,-15.058182,5.));
#9157 = CIRCLE('',#9158,2.25);
#9158 = AXIS2_PLACEMENT_3D('',#9159,#9160,#9161);
#9159 = CARTESIAN_POINT('',(-37.5,-15.058182,5.));
#9160 = DIRECTION('',(0.,0.,1.));
#9161 = DIRECTION('',(1.,0.,0.));
#9162 = FACE_BOUND('',#9163,.F.);
#9163 = EDGE_LOOP('',(#9164));
#9164 = ORIENTED_EDGE('',*,*,#9165,.T.);
#9165 = EDGE_CURVE('',#9166,#9166,#9168,.T.);
#9166 = VERTEX_POINT('',#9167);
#9167 = CARTESIAN_POINT('',(39.75,-15.058182,5.));
#9168 = CIRCLE('',#9169,2.25);
#9169 = AXIS2_PLACEMENT_3D('',#9170,#9171,#9172);
#9170 = CARTESIAN_POINT('',(37.5,-15.058182,5.));
#9171 = DIRECTION('',(0.,0.,1.));
#9172 = DIRECTION('',(1.,0.,0.));
#9173 = FACE_BOUND('',#9174,.F.);
#9174 = EDGE_LOOP('',(#9175));
#9175 = ORIENTED_EDGE('',*,*,#9176,.T.);
#9176 = EDGE_CURVE('',#9177,#9177,#9179,.T.);
#9177 = VERTEX_POINT('',#9178);
#9178 = CARTESIAN_POINT('',(-35.25,28.008329,5.));
#9179 = CIRCLE('',#9180,2.25);
#9180 = AXIS2_PLACEMENT_3D('',#9181,#9182,#9183);
#9181 = CARTESIAN_POINT('',(-37.5,28.008329,5.));
#9182 = DIRECTION('',(0.,0.,1.));
#9183 = DIRECTION('',(1.,0.,0.));
#9184 = FACE_BOUND('',#9185,.F.);
#9185 = EDGE_LOOP('',(#9186));
#9186 = ORIENTED_EDGE('',*,*,#9187,.T.);
#9187 = EDGE_CURVE('',#9188,#9188,#9190,.T.);
#9188 = VERTEX_POINT('',#9189);
#9189 = CARTESIAN_POINT('',(39.75,28.008329,5.));
#9190 = CIRCLE('',#9191,2.25);
#9191 = AXIS2_PLACEMENT_3D('',#9192,#9193,#9194);
#9192 = CARTESIAN_POINT('',(37.5,28.008329,5.));
#9193 = DIRECTION('',(0.,0.,1.));
#9194 = DIRECTION('',(1.,0.,0.));
#9195 = PLANE('',#9196);
#9196 = AXIS2_PLACEMENT_3D('',#9197,#9198,#9199);
#9197 = CARTESIAN_POINT('',(-5.E-17,3.980983748794,5.));
#9198 = DIRECTION('',(0.,0.,1.));
#9199 = DIRECTION('',(1.,0.,0.));
#9200 = ADVANCED_FACE('',(#9201),#9207,.F.);
#9201 = FACE_BOUND('',#9202,.F.);
#9202 = EDGE_LOOP('',(#9203,#9204,#9205,#9206));
#9203 = ORIENTED_EDGE('',*,*,#8120,.F.);
#9204 = ORIENTED_EDGE('',*,*,#8178,.T.);
#9205 = ORIENTED_EDGE('',*,*,#8287,.T.);
#9206 = ORIENTED_EDGE('',*,*,#8732,.F.);
#9207 = ( BOUNDED_SURFACE() B_SPLINE_SURFACE(2,9,(
    (#9208,#9209,#9210,#9211,#9212,#9213,#9214,#9215,#9216,#9217,#9218
      ,#9219,#9220,#9221,#9222,#9223,#9224,#9225,#9226,#9227,#9228,#9229
      ,#9230,#9231,#9232,#9233,#9234,#9235,#9236,#9237,#9238,#9239,#9240
      ,#9241,#9242,#9243,#9244,#9245,#9246,#9247,#9248,#9249,#9250,#9251
      ,#9252,#9253,#9254,#9255,#9256,#9257)
    ,(#9258,#9259,#9260,#9261,#9262,#9263,#9264,#9265,#9266,#9267,#9268
      ,#9269,#9270,#9271,#9272,#9273,#9274,#9275,#9276,#9277,#9278,#9279
      ,#9280,#9281,#9282,#9283,#9284,#9285,#9286,#9287,#9288,#9289,#9290
      ,#9291,#9292,#9293,#9294,#9295,#9296,#9297,#9298,#9299,#9300,#9301
      ,#9302,#9303,#9304,#9305,#9306,#9307)
    ,(#9308,#9309,#9310,#9311,#9312,#9313,#9314,#9315,#9316,#9317,#9318
      ,#9319,#9320,#9321,#9322,#9323,#9324,#9325,#9326,#9327,#9328,#9329
      ,#9330,#9331,#9332,#9333,#9334,#9335,#9336,#9337,#9338,#9339,#9340
      ,#9341,#9342,#9343,#9344,#9345,#9346,#9347,#9348,#9349,#9350,#9351
      ,#9352,#9353,#9354,#9355,#9356,#9357
)),.UNSPECIFIED.,.F.,.F.,.F.) B_SPLINE_SURFACE_WITH_KNOTS((3,3),(10,8,8,
    8,8,8,10),(0.,5.696658267748),(14.651670866126,15.363753149594,
    16.075835433063,17.5,18.924164566937,19.636246850406,20.348329133874
),.UNSPECIFIED.) GEOMETRIC_REPRESENTATION_ITEM() 
RATIONAL_B_SPLINE_SURFACE((
    (1.,1.,1.,1.,1.,1.,1.,1.,1.,1.,1.,1.,1.,1.,1.,1.,1.,1.,1.,1.,1.,1.
      ,1.,1.,1.,1.,1.,1.,1.,1.,1.,1.,1.,1.,1.,1.,1.,1.,1.,1.,1.,1.,1.,1.
      ,1.,1.,1.,1.,1.,1.)
    ,(0.707106781187,0.728256562056,0.742054242209,0.755236907444
      ,0.764874433953,0.774862576542,0.782788894753,0.790422396304
      ,0.797224572683,0.809708851666,0.815370804524,0.820541461733
      ,0.825287473281,0.829657764266,0.833688051001,0.837405357114
      ,0.840832529655,0.850313206283,0.855564867865,0.859892589145
      ,0.863398882613,0.866151708949,0.868192261926,0.86954275331
      ,0.87021419777,0.87021419777,0.86954275331,0.868192261926
      ,0.866151708949,0.863398882613,0.859892589145,0.855564867865
      ,0.850313206283,0.840832529655,0.837405357114,0.833688051001
      ,0.829657764266,0.825287473281,0.820541461733,0.815370804524
      ,0.809708851666,0.797224572683,0.790422396304,0.782788894753
      ,0.774862576542,0.764874433954,0.755236907443,0.742054242209
      ,0.728256562056,0.707106781187)
    ,(1.,1.,1.,1.,1.,1.,1.,1.,1.,1.,1.,1.,1.,1.,1.,1.,1.,1.,1.,1.,1.,1.
      ,1.,1.,1.,1.,1.,1.,1.,1.,1.,1.,1.,1.,1.,1.,1.,1.,1.,1.,1.,1.,1.,1.
,1.,1.,1.,1.,1.,1.))) REPRESENTATION_ITEM('') SURFACE() );
#9208 = CARTESIAN_POINT('',(40.348329133874,-20.,-4.));
#9209 = CARTESIAN_POINT('',(40.269208880155,-20.,-4.));
#9210 = CARTESIAN_POINT('',(40.190088626437,-20.,-3.984052697086));
#9211 = CARTESIAN_POINT('',(40.110968372718,-20.,-3.968021909571));
#9212 = CARTESIAN_POINT('',(40.031848118999,-20.,-3.944920806808));
#9213 = CARTESIAN_POINT('',(39.952727865281,-20.,-3.923984798245));
#9214 = CARTESIAN_POINT('',(39.873607611562,-20.,-3.899485651105));
#9215 = CARTESIAN_POINT('',(39.794487357843,-20.,-3.875634576973));
#9216 = CARTESIAN_POINT('',(39.715367104124,-20.,-3.85116774351));
#9217 = CARTESIAN_POINT('',(39.557126596687,-20.,-3.802330666503));
#9218 = CARTESIAN_POINT('',(39.478006342968,-20.,-3.77791240162));
#9219 = CARTESIAN_POINT('',(39.398886089249,-20.,-3.753725599795));
#9220 = CARTESIAN_POINT('',(39.319765835531,-20.,-3.729952038121));
#9221 = CARTESIAN_POINT('',(39.240645581812,-20.,-3.706733992712));
#9222 = CARTESIAN_POINT('',(39.161525328093,-20.,-3.684184150065));
#9223 = CARTESIAN_POINT('',(39.082405074375,-20.,-3.662395518432));
#9224 = CARTESIAN_POINT('',(39.003284820656,-20.,-3.64145133918));
#9225 = CARTESIAN_POINT('',(38.7659240595,-20.,-3.581402316124));
#9226 = CARTESIAN_POINT('',(38.607683552062,-20.,-3.545076979384));
#9227 = CARTESIAN_POINT('',(38.449443044625,-20.,-3.513037095475));
#9228 = CARTESIAN_POINT('',(38.291202537187,-20.,-3.485747658796));
#9229 = CARTESIAN_POINT('',(38.13296202975,-20.,-3.463567996956));
#9230 = CARTESIAN_POINT('',(37.974721522312,-20.,-3.446759217122));
#9231 = CARTESIAN_POINT('',(37.816481014875,-20.,-3.435491652369));
#9232 = CARTESIAN_POINT('',(37.658240507437,-20.,-3.429852308027));
#9233 = CARTESIAN_POINT('',(37.341759492563,-20.,-3.429852308027));
#9234 = CARTESIAN_POINT('',(37.183518985125,-20.,-3.435491652369));
#9235 = CARTESIAN_POINT('',(37.025278477688,-20.,-3.446759217122));
#9236 = CARTESIAN_POINT('',(36.86703797025,-20.,-3.463567996956));
#9237 = CARTESIAN_POINT('',(36.708797462813,-20.,-3.485747658796));
#9238 = CARTESIAN_POINT('',(36.550556955375,-20.,-3.513037095475));
#9239 = CARTESIAN_POINT('',(36.392316447938,-20.,-3.545076979384));
#9240 = CARTESIAN_POINT('',(36.2340759405,-20.,-3.581402316124));
#9241 = CARTESIAN_POINT('',(35.996715179344,-20.,-3.64145133918));
#9242 = CARTESIAN_POINT('',(35.917594925626,-20.,-3.662395518432));
#9243 = CARTESIAN_POINT('',(35.838474671907,-20.,-3.684184150065));
#9244 = CARTESIAN_POINT('',(35.759354418188,-20.,-3.706733992712));
#9245 = CARTESIAN_POINT('',(35.680234164469,-20.,-3.729952038121));
#9246 = CARTESIAN_POINT('',(35.601113910751,-20.,-3.753725599795));
#9247 = CARTESIAN_POINT('',(35.521993657032,-20.,-3.77791240162));
#9248 = CARTESIAN_POINT('',(35.442873403313,-20.,-3.802330666503));
#9249 = CARTESIAN_POINT('',(35.284632895876,-20.,-3.85116774351));
#9250 = CARTESIAN_POINT('',(35.205512642157,-20.,-3.875634576973));
#9251 = CARTESIAN_POINT('',(35.126392388438,-20.,-3.899485651105));
#9252 = CARTESIAN_POINT('',(35.047272134719,-20.,-3.923984798244));
#9253 = CARTESIAN_POINT('',(34.968151881001,-20.,-3.94492080681));
#9254 = CARTESIAN_POINT('',(34.889031627282,-20.,-3.968021909568));
#9255 = CARTESIAN_POINT('',(34.809911373563,-20.,-3.984052697087));
#9256 = CARTESIAN_POINT('',(34.730791119845,-20.,-4.));
#9257 = CARTESIAN_POINT('',(34.651670866126,-20.,-4.));
#9258 = CARTESIAN_POINT('',(40.348329133874,-20.,3.55E-15));
#9259 = CARTESIAN_POINT('',(40.271506663815,-20.,-0.232333295398));
#9260 = CARTESIAN_POINT('',(40.192485870824,-20.,-0.369142421084));
#9261 = CARTESIAN_POINT('',(40.113999875078,-20.,-0.493297400667));
#9262 = CARTESIAN_POINT('',(40.034111447826,-20.,-0.575518824282));
#9263 = CARTESIAN_POINT('',(39.955156731673,-20.,-0.65880692317));
#9264 = CARTESIAN_POINT('',(39.875261071394,-20.,-0.719050781578));
#9265 = CARTESIAN_POINT('',(39.79571903988,-20.,-0.775081455268));
#9266 = CARTESIAN_POINT('',(39.715986602917,-20.,-0.821979700663));
#9267 = CARTESIAN_POINT('',(39.557736543903,-20.,-0.903079348349));
#9268 = CARTESIAN_POINT('',(39.478956769961,-20.,-0.93739845704));
#9269 = CARTESIAN_POINT('',(39.399979017252,-20.,-0.966932884584));
#9270 = CARTESIAN_POINT('',(39.320858951272,-20.,-0.992535116761));
#9271 = CARTESIAN_POINT('',(39.241636448628,-20.,-1.014843268024));
#9272 = CARTESIAN_POINT('',(39.162337960015,-20.,-1.034337979402));
#9273 = CARTESIAN_POINT('',(39.082981204104,-20.,-1.051394193434));
#9274 = CARTESIAN_POINT('',(39.003582190034,-20.,-1.066329256329));
#9275 = CARTESIAN_POINT('',(38.767100274781,-20.,-1.105394056198));
#9276 = CARTESIAN_POINT('',(38.60934379829,-20.,-1.124323332343));
#9277 = CARTESIAN_POINT('',(38.451130566666,-20.,-1.138127314688));
#9278 = CARTESIAN_POINT('',(38.29264434887,-20.,-1.14817423196));
#9279 = CARTESIAN_POINT('',(38.134020802776,-20.,-1.155412126119));
#9280 = CARTESIAN_POINT('',(37.975358245207,-20.,-1.160457233066));
#9281 = CARTESIAN_POINT('',(37.816735979683,-20.,-1.163673143808));
#9282 = CARTESIAN_POINT('',(37.658240507437,-20.,-1.165244009348));
#9283 = CARTESIAN_POINT('',(37.341759492563,-20.,-1.165244009348));
#9284 = CARTESIAN_POINT('',(37.183264020317,-20.,-1.163673143808));
#9285 = CARTESIAN_POINT('',(37.024641754793,-20.,-1.160457233066));
#9286 = CARTESIAN_POINT('',(36.865979197224,-20.,-1.155412126119));
#9287 = CARTESIAN_POINT('',(36.70735565113,-20.,-1.14817423196));
#9288 = CARTESIAN_POINT('',(36.548869433334,-20.,-1.138127314688));
#9289 = CARTESIAN_POINT('',(36.39065620171,-20.,-1.124323332343));
#9290 = CARTESIAN_POINT('',(36.232899725219,-20.,-1.105394056198));
#9291 = CARTESIAN_POINT('',(35.996417809966,-20.,-1.066329256329));
#9292 = CARTESIAN_POINT('',(35.917018795895,-20.,-1.051394193434));
#9293 = CARTESIAN_POINT('',(35.837662039986,-20.,-1.034337979402));
#9294 = CARTESIAN_POINT('',(35.758363551371,-20.,-1.014843268024));
#9295 = CARTESIAN_POINT('',(35.679141048728,-20.,-0.992535116762));
#9296 = CARTESIAN_POINT('',(35.600020982747,-20.,-0.966932884584));
#9297 = CARTESIAN_POINT('',(35.52104323004,-20.,-0.93739845704));
#9298 = CARTESIAN_POINT('',(35.442263456097,-20.,-0.903079348349));
#9299 = CARTESIAN_POINT('',(35.284013397083,-20.,-0.821979700663));
#9300 = CARTESIAN_POINT('',(35.204280960121,-20.,-0.775081455268));
#9301 = CARTESIAN_POINT('',(35.124738928605,-20.,-0.719050781579));
#9302 = CARTESIAN_POINT('',(35.044843268327,-20.,-0.658806923167));
#9303 = CARTESIAN_POINT('',(34.965888552176,-20.,-0.575518824289));
#9304 = CARTESIAN_POINT('',(34.88600012492,-20.,-0.493297400661));
#9305 = CARTESIAN_POINT('',(34.807514129177,-20.,-0.369142421086));
#9306 = CARTESIAN_POINT('',(34.728493336185,-20.,-0.232333295398));
#9307 = CARTESIAN_POINT('',(34.651670866126,-20.,3.11E-15));
#9308 = CARTESIAN_POINT('',(40.348329133874,-16.,0.));
#9309 = CARTESIAN_POINT('',(40.269208880155,-16.23928245557,0.));
#9310 = CARTESIAN_POINT('',(40.190088626436,-16.403346923,0.));
#9311 = CARTESIAN_POINT('',(40.110968372719,-16.55968237081,0.));
#9312 = CARTESIAN_POINT('',(40.031848118998,-16.6793165574,0.));
#9313 = CARTESIAN_POINT('',(39.952727865282,-16.80115390975,0.));
#9314 = CARTESIAN_POINT('',(39.873607611561,-16.90129494571,0.));
#9315 = CARTESIAN_POINT('',(39.794487357843,-16.99741620173,0.));
#9316 = CARTESIAN_POINT('',(39.715367104124,-17.08422443987,0.));
#9317 = CARTESIAN_POINT('',(39.557126596687,-17.24471568128,0.));
#9318 = CARTESIAN_POINT('',(39.478006342968,-17.31819874164,0.));
#9319 = CARTESIAN_POINT('',(39.398886089249,-17.38585401896,0.));
#9320 = CARTESIAN_POINT('',(39.31976583553,-17.44838608612,0.));
#9321 = CARTESIAN_POINT('',(39.240645581812,-17.50631570959,0.));
#9322 = CARTESIAN_POINT('',(39.161525328093,-17.5600262476,0.));
#9323 = CARTESIAN_POINT('',(39.082405074375,-17.60981004816,0.));
#9324 = CARTESIAN_POINT('',(39.003284820656,-17.6559148472,0.));
#9325 = CARTESIAN_POINT('',(38.7659240595,-17.78394080541,0.));
#9326 = CARTESIAN_POINT('',(38.607683552062,-17.85556431746,0.));
#9327 = CARTESIAN_POINT('',(38.449443044625,-17.91503915544,0.));
#9328 = CARTESIAN_POINT('',(38.291202537187,-17.96348889749,0.));
#9329 = CARTESIAN_POINT('',(38.13296202975,-18.00166428543,0.));
#9330 = CARTESIAN_POINT('',(37.974721522312,-18.03002526296,0.));
#9331 = CARTESIAN_POINT('',(37.816481014875,-18.04882301381,0.));
#9332 = CARTESIAN_POINT('',(37.658240507437,-18.058182,0.));
#9333 = CARTESIAN_POINT('',(37.341759492563,-18.058182,0.));
#9334 = CARTESIAN_POINT('',(37.183518985125,-18.04882301381,0.));
#9335 = CARTESIAN_POINT('',(37.025278477688,-18.03002526296,0.));
#9336 = CARTESIAN_POINT('',(36.86703797025,-18.00166428543,0.));
#9337 = CARTESIAN_POINT('',(36.708797462813,-17.96348889749,0.));
#9338 = CARTESIAN_POINT('',(36.550556955375,-17.91503915544,0.));
#9339 = CARTESIAN_POINT('',(36.392316447938,-17.85556431746,0.));
#9340 = CARTESIAN_POINT('',(36.2340759405,-17.78394080541,0.));
#9341 = CARTESIAN_POINT('',(35.996715179344,-17.6559148472,0.));
#9342 = CARTESIAN_POINT('',(35.917594925626,-17.60981004816,0.));
#9343 = CARTESIAN_POINT('',(35.838474671907,-17.5600262476,0.));
#9344 = CARTESIAN_POINT('',(35.759354418188,-17.50631570959,0.));
#9345 = CARTESIAN_POINT('',(35.680234164469,-17.44838608612,0.));
#9346 = CARTESIAN_POINT('',(35.601113910751,-17.38585401896,0.));
#9347 = CARTESIAN_POINT('',(35.521993657032,-17.31819874164,0.));
#9348 = CARTESIAN_POINT('',(35.442873403313,-17.24471568128,0.));
#9349 = CARTESIAN_POINT('',(35.284632895876,-17.08422443987,0.));
#9350 = CARTESIAN_POINT('',(35.205512642158,-16.99741620173,0.));
#9351 = CARTESIAN_POINT('',(35.126392388438,-16.90129494571,0.));
#9352 = CARTESIAN_POINT('',(35.047272134718,-16.80115390975,0.));
#9353 = CARTESIAN_POINT('',(34.968151881005,-16.6793165574,0.));
#9354 = CARTESIAN_POINT('',(34.889031627279,-16.5596823708,0.));
#9355 = CARTESIAN_POINT('',(34.809911373565,-16.403346923,0.));
#9356 = CARTESIAN_POINT('',(34.730791119845,-16.23928245557,0.));
#9357 = CARTESIAN_POINT('',(34.651670866126,-16.,0.));
#9358 = ADVANCED_FACE('',(#9359,#9362),#9373,.F.);
#9359 = FACE_BOUND('',#9360,.F.);
#9360 = EDGE_LOOP('',(#9361));
#9361 = ORIENTED_EDGE('',*,*,#8169,.T.);
#9362 = FACE_BOUND('',#9363,.T.);
#9363 = EDGE_LOOP('',(#9364));
#9364 = ORIENTED_EDGE('',*,*,#9365,.T.);
#9365 = EDGE_CURVE('',#9366,#9366,#9368,.T.);
#9366 = VERTEX_POINT('',#9367);
#9367 = CARTESIAN_POINT('',(39.75,-15.058182,2.));
#9368 = CIRCLE('',#9369,2.25);
#9369 = AXIS2_PLACEMENT_3D('',#9370,#9371,#9372);
#9370 = CARTESIAN_POINT('',(37.5,-15.058182,2.));
#9371 = DIRECTION('',(0.,0.,1.));
#9372 = DIRECTION('',(1.,0.,0.));
#9373 = PLANE('',#9374);
#9374 = AXIS2_PLACEMENT_3D('',#9375,#9376,#9377);
#9375 = CARTESIAN_POINT('',(-1.3E-16,6.76032675,2.));
#9376 = DIRECTION('',(0.,0.,1.));
#9377 = DIRECTION('',(1.,0.,0.));
#9378 = ADVANCED_FACE('',(#9379),#9385,.F.);
#9379 = FACE_BOUND('',#9380,.F.);
#9380 = EDGE_LOOP('',(#9381,#9382,#9383,#9384));
#9381 = ORIENTED_EDGE('',*,*,#8303,.F.);
#9382 = ORIENTED_EDGE('',*,*,#8361,.T.);
#9383 = ORIENTED_EDGE('',*,*,#8495,.T.);
#9384 = ORIENTED_EDGE('',*,*,#8678,.F.);
#9385 = ( BOUNDED_SURFACE() B_SPLINE_SURFACE(2,9,(
    (#9386,#9387,#9388,#9389,#9390,#9391,#9392,#9393,#9394,#9395,#9396
      ,#9397,#9398,#9399,#9400,#9401,#9402,#9403,#9404,#9405,#9406,#9407
      ,#9408,#9409,#9410,#9411,#9412,#9413,#9414,#9415,#9416,#9417,#9418
      ,#9419,#9420,#9421,#9422,#9423,#9424,#9425,#9426,#9427,#9428,#9429
      ,#9430,#9431,#9432,#9433,#9434,#9435)
    ,(#9436,#9437,#9438,#9439,#9440,#9441,#9442,#9443,#9444,#9445,#9446
      ,#9447,#9448,#9449,#9450,#9451,#9452,#9453,#9454,#9455,#9456,#9457
      ,#9458,#9459,#9460,#9461,#9462,#9463,#9464,#9465,#9466,#9467,#9468
      ,#9469,#9470,#9471,#9472,#9473,#9474,#9475,#9476,#9477,#9478,#9479
      ,#9480,#9481,#9482,#9483,#9484,#9485)
    ,(#9486,#9487,#9488,#9489,#9490,#9491,#9492,#9493,#9494,#9495,#9496
      ,#9497,#9498,#9499,#9500,#9501,#9502,#9503,#9504,#9505,#9506,#9507
      ,#9508,#9509,#9510,#9511,#9512,#9513,#9514,#9515,#9516,#9517,#9518
      ,#9519,#9520,#9521,#9522,#9523,#9524,#9525,#9526,#9527,#9528,#9529
      ,#9530,#9531,#9532,#9533,#9534,#9535
)),.UNSPECIFIED.,.F.,.F.,.F.) B_SPLINE_SURFACE_WITH_KNOTS((3,3),(10,8,8,
    8,8,8,10),(0.,5.696658267748),(89.651670866126,90.363753149594,
    91.075835433063,92.5,93.924164566937,94.636246850406,95.348329133874
),.UNSPECIFIED.) GEOMETRIC_REPRESENTATION_ITEM() 
RATIONAL_B_SPLINE_SURFACE((
    (1.,1.,1.,1.,1.,1.,1.,1.,1.,1.,1.,1.,1.,1.,1.,1.,1.,1.,1.,1.,1.,1.
      ,1.,1.,1.,1.,1.,1.,1.,1.,1.,1.,1.,1.,1.,1.,1.,1.,1.,1.,1.,1.,1.,1.
      ,1.,1.,1.,1.,1.,1.)
    ,(0.707106781187,0.728256562056,0.742054242209,0.755236907443
      ,0.764874433953,0.774862576542,0.782788894753,0.790422396304
      ,0.797224572683,0.809708851666,0.815370804524,0.820541461733
      ,0.825287473281,0.829657764266,0.833688051001,0.837405357114
      ,0.840832529655,0.850313206283,0.855564867865,0.859892589145
      ,0.863398882613,0.866151708949,0.868192261926,0.86954275331
      ,0.87021419777,0.87021419777,0.86954275331,0.868192261925
      ,0.866151708949,0.863398882613,0.859892589145,0.855564867865
      ,0.850313206283,0.840832529655,0.837405357114,0.833688051001
      ,0.829657764266,0.825287473281,0.820541461733,0.815370804524
      ,0.809708851666,0.797224572683,0.790422396304,0.782788894753
      ,0.774862576542,0.764874433954,0.755236907443,0.742054242209
      ,0.728256562056,0.707106781187)
    ,(1.,1.,1.,1.,1.,1.,1.,1.,1.,1.,1.,1.,1.,1.,1.,1.,1.,1.,1.,1.,1.,1.
      ,1.,1.,1.,1.,1.,1.,1.,1.,1.,1.,1.,1.,1.,1.,1.,1.,1.,1.,1.,1.,1.,1.
,1.,1.,1.,1.,1.,1.))) REPRESENTATION_ITEM('') SURFACE() );
#9386 = CARTESIAN_POINT('',(-34.65167086612,-20.,-4.));
#9387 = CARTESIAN_POINT('',(-34.73079111984,-20.,-4.));
#9388 = CARTESIAN_POINT('',(-34.80991137356,-20.,-3.984052697086));
#9389 = CARTESIAN_POINT('',(-34.88903162728,-20.,-3.968021909571));
#9390 = CARTESIAN_POINT('',(-34.968151881,-20.,-3.944920806808));
#9391 = CARTESIAN_POINT('',(-35.04727213471,-20.,-3.923984798245));
#9392 = CARTESIAN_POINT('',(-35.12639238843,-20.,-3.899485651105));
#9393 = CARTESIAN_POINT('',(-35.20551264215,-20.,-3.875634576973));
#9394 = CARTESIAN_POINT('',(-35.28463289587,-20.,-3.85116774351));
#9395 = CARTESIAN_POINT('',(-35.44287340331,-20.,-3.802330666503));
#9396 = CARTESIAN_POINT('',(-35.52199365703,-20.,-3.77791240162));
#9397 = CARTESIAN_POINT('',(-35.60111391075,-20.,-3.753725599795));
#9398 = CARTESIAN_POINT('',(-35.68023416446,-20.,-3.729952038121));
#9399 = CARTESIAN_POINT('',(-35.75935441818,-20.,-3.706733992712));
#9400 = CARTESIAN_POINT('',(-35.8384746719,-20.,-3.684184150065));
#9401 = CARTESIAN_POINT('',(-35.91759492562,-20.,-3.662395518432));
#9402 = CARTESIAN_POINT('',(-35.99671517934,-20.,-3.64145133918));
#9403 = CARTESIAN_POINT('',(-36.2340759405,-20.,-3.581402316124));
#9404 = CARTESIAN_POINT('',(-36.39231644793,-20.,-3.545076979384));
#9405 = CARTESIAN_POINT('',(-36.55055695537,-20.,-3.513037095475));
#9406 = CARTESIAN_POINT('',(-36.70879746281,-20.,-3.485747658796));
#9407 = CARTESIAN_POINT('',(-36.86703797025,-20.,-3.463567996956));
#9408 = CARTESIAN_POINT('',(-37.02527847768,-20.,-3.446759217122));
#9409 = CARTESIAN_POINT('',(-37.18351898512,-20.,-3.435491652369));
#9410 = CARTESIAN_POINT('',(-37.34175949256,-20.,-3.429852308027));
#9411 = CARTESIAN_POINT('',(-37.65824050743,-20.,-3.429852308027));
#9412 = CARTESIAN_POINT('',(-37.81648101487,-20.,-3.435491652369));
#9413 = CARTESIAN_POINT('',(-37.97472152231,-20.,-3.446759217122));
#9414 = CARTESIAN_POINT('',(-38.13296202975,-20.,-3.463567996956));
#9415 = CARTESIAN_POINT('',(-38.29120253718,-20.,-3.485747658796));
#9416 = CARTESIAN_POINT('',(-38.44944304462,-20.,-3.513037095475));
#9417 = CARTESIAN_POINT('',(-38.60768355206,-20.,-3.545076979384));
#9418 = CARTESIAN_POINT('',(-38.7659240595,-20.,-3.581402316124));
#9419 = CARTESIAN_POINT('',(-39.00328482065,-20.,-3.64145133918));
#9420 = CARTESIAN_POINT('',(-39.08240507437,-20.,-3.662395518432));
#9421 = CARTESIAN_POINT('',(-39.16152532809,-20.,-3.684184150065));
#9422 = CARTESIAN_POINT('',(-39.24064558181,-20.,-3.706733992712));
#9423 = CARTESIAN_POINT('',(-39.31976583553,-20.,-3.729952038121));
#9424 = CARTESIAN_POINT('',(-39.39888608924,-20.,-3.753725599795));
#9425 = CARTESIAN_POINT('',(-39.47800634296,-20.,-3.77791240162));
#9426 = CARTESIAN_POINT('',(-39.55712659668,-20.,-3.802330666503));
#9427 = CARTESIAN_POINT('',(-39.71536710412,-20.,-3.85116774351));
#9428 = CARTESIAN_POINT('',(-39.79448735784,-20.,-3.875634576973));
#9429 = CARTESIAN_POINT('',(-39.87360761156,-20.,-3.899485651105));
#9430 = CARTESIAN_POINT('',(-39.95272786528,-20.,-3.923984798245));
#9431 = CARTESIAN_POINT('',(-40.03184811899,-20.,-3.94492080681));
#9432 = CARTESIAN_POINT('',(-40.11096837271,-20.,-3.968021909569));
#9433 = CARTESIAN_POINT('',(-40.19008862643,-20.,-3.984052697087));
#9434 = CARTESIAN_POINT('',(-40.26920888015,-20.,-4.));
#9435 = CARTESIAN_POINT('',(-40.34832913387,-20.,-4.));
#9436 = CARTESIAN_POINT('',(-34.65167086612,-20.,3.55E-15));
#9437 = CARTESIAN_POINT('',(-34.72849333618,-20.,-0.232333295398));
#9438 = CARTESIAN_POINT('',(-34.80751412917,-20.,-0.369142421084));
#9439 = CARTESIAN_POINT('',(-34.88600012492,-20.,-0.493297400667));
#9440 = CARTESIAN_POINT('',(-34.96588855217,-20.,-0.575518824282));
#9441 = CARTESIAN_POINT('',(-35.04484326832,-20.,-0.65880692317));
#9442 = CARTESIAN_POINT('',(-35.1247389286,-20.,-0.719050781579));
#9443 = CARTESIAN_POINT('',(-35.20428096012,-20.,-0.775081455268));
#9444 = CARTESIAN_POINT('',(-35.28401339708,-20.,-0.821979700663));
#9445 = CARTESIAN_POINT('',(-35.44226345609,-20.,-0.903079348349));
#9446 = CARTESIAN_POINT('',(-35.52104323004,-20.,-0.93739845704));
#9447 = CARTESIAN_POINT('',(-35.60002098274,-20.,-0.966932884584));
#9448 = CARTESIAN_POINT('',(-35.67914104872,-20.,-0.992535116761));
#9449 = CARTESIAN_POINT('',(-35.75836355137,-20.,-1.014843268024));
#9450 = CARTESIAN_POINT('',(-35.83766203998,-20.,-1.034337979402));
#9451 = CARTESIAN_POINT('',(-35.91701879589,-20.,-1.051394193434));
#9452 = CARTESIAN_POINT('',(-35.99641780996,-20.,-1.066329256329));
#9453 = CARTESIAN_POINT('',(-36.23289972521,-20.,-1.105394056198));
#9454 = CARTESIAN_POINT('',(-36.39065620171,-20.,-1.124323332343));
#9455 = CARTESIAN_POINT('',(-36.54886943333,-20.,-1.138127314688));
#9456 = CARTESIAN_POINT('',(-36.70735565113,-20.,-1.14817423196));
#9457 = CARTESIAN_POINT('',(-36.86597919722,-20.,-1.155412126119));
#9458 = CARTESIAN_POINT('',(-37.02464175479,-20.,-1.160457233066));
#9459 = CARTESIAN_POINT('',(-37.18326402031,-20.,-1.163673143808));
#9460 = CARTESIAN_POINT('',(-37.34175949256,-20.,-1.165244009348));
#9461 = CARTESIAN_POINT('',(-37.65824050743,-20.,-1.165244009348));
#9462 = CARTESIAN_POINT('',(-37.81673597968,-20.,-1.163673143808));
#9463 = CARTESIAN_POINT('',(-37.9753582452,-20.,-1.160457233066));
#9464 = CARTESIAN_POINT('',(-38.13402080277,-20.,-1.155412126119));
#9465 = CARTESIAN_POINT('',(-38.29264434887,-20.,-1.14817423196));
#9466 = CARTESIAN_POINT('',(-38.45113056666,-20.,-1.138127314688));
#9467 = CARTESIAN_POINT('',(-38.60934379829,-20.,-1.124323332343));
#9468 = CARTESIAN_POINT('',(-38.76710027478,-20.,-1.105394056198));
#9469 = CARTESIAN_POINT('',(-39.00358219003,-20.,-1.066329256329));
#9470 = CARTESIAN_POINT('',(-39.0829812041,-20.,-1.051394193434));
#9471 = CARTESIAN_POINT('',(-39.16233796001,-20.,-1.034337979402));
#9472 = CARTESIAN_POINT('',(-39.24163644862,-20.,-1.014843268024));
#9473 = CARTESIAN_POINT('',(-39.32085895127,-20.,-0.992535116761));
#9474 = CARTESIAN_POINT('',(-39.39997901725,-20.,-0.966932884584));
#9475 = CARTESIAN_POINT('',(-39.47895676996,-20.,-0.93739845704));
#9476 = CARTESIAN_POINT('',(-39.5577365439,-20.,-0.903079348349));
#9477 = CARTESIAN_POINT('',(-39.71598660291,-20.,-0.821979700663));
#9478 = CARTESIAN_POINT('',(-39.79571903987,-20.,-0.775081455268));
#9479 = CARTESIAN_POINT('',(-39.87526107139,-20.,-0.719050781578));
#9480 = CARTESIAN_POINT('',(-39.95515673167,-20.,-0.658806923167));
#9481 = CARTESIAN_POINT('',(-40.03411144782,-20.,-0.575518824288));
#9482 = CARTESIAN_POINT('',(-40.11399987508,-20.,-0.493297400661));
#9483 = CARTESIAN_POINT('',(-40.19248587082,-20.,-0.369142421086));
#9484 = CARTESIAN_POINT('',(-40.27150666381,-20.,-0.232333295398));
#9485 = CARTESIAN_POINT('',(-40.34832913387,-20.,3.55E-15));
#9486 = CARTESIAN_POINT('',(-34.65167086612,-16.,0.));
#9487 = CARTESIAN_POINT('',(-34.73079111984,-16.23928245557,0.));
#9488 = CARTESIAN_POINT('',(-34.80991137356,-16.403346923,0.));
#9489 = CARTESIAN_POINT('',(-34.88903162728,-16.55968237081,0.));
#9490 = CARTESIAN_POINT('',(-34.968151881,-16.6793165574,0.));
#9491 = CARTESIAN_POINT('',(-35.04727213471,-16.80115390975,0.));
#9492 = CARTESIAN_POINT('',(-35.12639238843,-16.90129494571,0.));
#9493 = CARTESIAN_POINT('',(-35.20551264215,-16.99741620173,0.));
#9494 = CARTESIAN_POINT('',(-35.28463289587,-17.08422443987,0.));
#9495 = CARTESIAN_POINT('',(-35.44287340331,-17.24471568128,0.));
#9496 = CARTESIAN_POINT('',(-35.52199365703,-17.31819874164,0.));
#9497 = CARTESIAN_POINT('',(-35.60111391075,-17.38585401896,0.));
#9498 = CARTESIAN_POINT('',(-35.68023416446,-17.44838608612,0.));
#9499 = CARTESIAN_POINT('',(-35.75935441818,-17.50631570959,0.));
#9500 = CARTESIAN_POINT('',(-35.8384746719,-17.5600262476,0.));
#9501 = CARTESIAN_POINT('',(-35.91759492562,-17.60981004816,0.));
#9502 = CARTESIAN_POINT('',(-35.99671517934,-17.6559148472,0.));
#9503 = CARTESIAN_POINT('',(-36.2340759405,-17.78394080541,0.));
#9504 = CARTESIAN_POINT('',(-36.39231644793,-17.85556431746,0.));
#9505 = CARTESIAN_POINT('',(-36.55055695537,-17.91503915544,0.));
#9506 = CARTESIAN_POINT('',(-36.70879746281,-17.96348889749,0.));
#9507 = CARTESIAN_POINT('',(-36.86703797025,-18.00166428543,0.));
#9508 = CARTESIAN_POINT('',(-37.02527847768,-18.03002526296,0.));
#9509 = CARTESIAN_POINT('',(-37.18351898512,-18.04882301381,0.));
#9510 = CARTESIAN_POINT('',(-37.34175949256,-18.058182,0.));
#9511 = CARTESIAN_POINT('',(-37.65824050743,-18.058182,0.));
#9512 = CARTESIAN_POINT('',(-37.81648101487,-18.04882301381,0.));
#9513 = CARTESIAN_POINT('',(-37.97472152231,-18.03002526296,0.));
#9514 = CARTESIAN_POINT('',(-38.13296202975,-18.00166428543,0.));
#9515 = CARTESIAN_POINT('',(-38.29120253718,-17.96348889749,0.));
#9516 = CARTESIAN_POINT('',(-38.44944304462,-17.91503915544,0.));
#9517 = CARTESIAN_POINT('',(-38.60768355206,-17.85556431746,0.));
#9518 = CARTESIAN_POINT('',(-38.7659240595,-17.78394080541,0.));
#9519 = CARTESIAN_POINT('',(-39.00328482065,-17.6559148472,0.));
#9520 = CARTESIAN_POINT('',(-39.08240507437,-17.60981004816,0.));
#9521 = CARTESIAN_POINT('',(-39.16152532809,-17.5600262476,0.));
#9522 = CARTESIAN_POINT('',(-39.24064558181,-17.50631570959,0.));
#9523 = CARTESIAN_POINT('',(-39.31976583553,-17.44838608612,0.));
#9524 = CARTESIAN_POINT('',(-39.39888608924,-17.38585401896,0.));
#9525 = CARTESIAN_POINT('',(-39.47800634296,-17.31819874164,0.));
#9526 = CARTESIAN_POINT('',(-39.55712659668,-17.24471568128,0.));
#9527 = CARTESIAN_POINT('',(-39.71536710412,-17.08422443987,0.));
#9528 = CARTESIAN_POINT('',(-39.79448735784,-16.99741620173,0.));
#9529 = CARTESIAN_POINT('',(-39.87360761156,-16.90129494571,0.));
#9530 = CARTESIAN_POINT('',(-39.95272786528,-16.80115390975,0.));
#9531 = CARTESIAN_POINT('',(-40.03184811899,-16.6793165574,0.));
#9532 = CARTESIAN_POINT('',(-40.11096837272,-16.55968237081,0.));
#9533 = CARTESIAN_POINT('',(-40.19008862643,-16.403346923,0.));
#9534 = CARTESIAN_POINT('',(-40.26920888015,-16.23928245557,0.));
#9535 = CARTESIAN_POINT('',(-40.34832913387,-16.,0.));
#9536 = ADVANCED_FACE('',(#9537,#9540),#9551,.F.);
#9537 = FACE_BOUND('',#9538,.F.);
#9538 = EDGE_LOOP('',(#9539));
#9539 = ORIENTED_EDGE('',*,*,#8352,.T.);
#9540 = FACE_BOUND('',#9541,.T.);
#9541 = EDGE_LOOP('',(#9542));
#9542 = ORIENTED_EDGE('',*,*,#9543,.T.);
#9543 = EDGE_CURVE('',#9544,#9544,#9546,.T.);
#9544 = VERTEX_POINT('',#9545);
#9545 = CARTESIAN_POINT('',(-35.25,-15.058182,2.));
#9546 = CIRCLE('',#9547,2.25);
#9547 = AXIS2_PLACEMENT_3D('',#9548,#9549,#9550);
#9548 = CARTESIAN_POINT('',(-37.5,-15.058182,2.));
#9549 = DIRECTION('',(0.,0.,1.));
#9550 = DIRECTION('',(1.,0.,0.));
#9551 = PLANE('',#9552);
#9552 = AXIS2_PLACEMENT_3D('',#9553,#9554,#9555);
#9553 = CARTESIAN_POINT('',(-1.3E-16,6.76032675,2.));
#9554 = DIRECTION('',(0.,0.,1.));
#9555 = DIRECTION('',(1.,0.,0.));
#9556 = ADVANCED_FACE('',(#9557,#9560),#9571,.F.);
#9557 = FACE_BOUND('',#9558,.F.);
#9558 = EDGE_LOOP('',(#9559));
#9559 = ORIENTED_EDGE('',*,*,#8527,.T.);
#9560 = FACE_BOUND('',#9561,.T.);
#9561 = EDGE_LOOP('',(#9562));
#9562 = ORIENTED_EDGE('',*,*,#9563,.T.);
#9563 = EDGE_CURVE('',#9564,#9564,#9566,.T.);
#9564 = VERTEX_POINT('',#9565);
#9565 = CARTESIAN_POINT('',(-35.25,0.,2.));
#9566 = CIRCLE('',#9567,2.25);
#9567 = AXIS2_PLACEMENT_3D('',#9568,#9569,#9570);
#9568 = CARTESIAN_POINT('',(-37.5,0.,2.));
#9569 = DIRECTION('',(0.,0.,1.));
#9570 = DIRECTION('',(1.,0.,0.));
#9571 = PLANE('',#9572);
#9572 = AXIS2_PLACEMENT_3D('',#9573,#9574,#9575);
#9573 = CARTESIAN_POINT('',(-1.3E-16,6.76032675,2.));
#9574 = DIRECTION('',(0.,0.,1.));
#9575 = DIRECTION('',(1.,0.,0.));
#9576 = ADVANCED_FACE('',(#9577,#9580),#9591,.F.);
#9577 = FACE_BOUND('',#9578,.F.);
#9578 = EDGE_LOOP('',(#9579));
#9579 = ORIENTED_EDGE('',*,*,#8552,.T.);
#9580 = FACE_BOUND('',#9581,.T.);
#9581 = EDGE_LOOP('',(#9582));
#9582 = ORIENTED_EDGE('',*,*,#9583,.T.);
#9583 = EDGE_CURVE('',#9584,#9584,#9586,.T.);
#9584 = VERTEX_POINT('',#9585);
#9585 = CARTESIAN_POINT('',(39.75,0.,2.));
#9586 = CIRCLE('',#9587,2.25);
#9587 = AXIS2_PLACEMENT_3D('',#9588,#9589,#9590);
#9588 = CARTESIAN_POINT('',(37.5,0.,2.));
#9589 = DIRECTION('',(0.,0.,1.));
#9590 = DIRECTION('',(1.,0.,0.));
#9591 = PLANE('',#9592);
#9592 = AXIS2_PLACEMENT_3D('',#9593,#9594,#9595);
#9593 = CARTESIAN_POINT('',(-1.3E-16,6.76032675,2.));
#9594 = DIRECTION('',(0.,0.,1.));
#9595 = DIRECTION('',(1.,0.,0.));
#9596 = ADVANCED_FACE('',(#9597,#9600),#9611,.F.);
#9597 = FACE_BOUND('',#9598,.F.);
#9598 = EDGE_LOOP('',(#9599));
#9599 = ORIENTED_EDGE('',*,*,#8577,.T.);
#9600 = FACE_BOUND('',#9601,.T.);
#9601 = EDGE_LOOP('',(#9602));
#9602 = ORIENTED_EDGE('',*,*,#9603,.T.);
#9603 = EDGE_CURVE('',#9604,#9604,#9606,.T.);
#9604 = VERTEX_POINT('',#9605);
#9605 = CARTESIAN_POINT('',(-35.25,14.09116,2.));
#9606 = CIRCLE('',#9607,2.25);
#9607 = AXIS2_PLACEMENT_3D('',#9608,#9609,#9610);
#9608 = CARTESIAN_POINT('',(-37.5,14.09116,2.));
#9609 = DIRECTION('',(0.,0.,1.));
#9610 = DIRECTION('',(1.,0.,0.));
#9611 = PLANE('',#9612);
#9612 = AXIS2_PLACEMENT_3D('',#9613,#9614,#9615);
#9613 = CARTESIAN_POINT('',(-1.3E-16,6.76032675,2.));
#9614 = DIRECTION('',(0.,0.,1.));
#9615 = DIRECTION('',(1.,0.,0.));
#9616 = ADVANCED_FACE('',(#9617,#9620),#9631,.F.);
#9617 = FACE_BOUND('',#9618,.F.);
#9618 = EDGE_LOOP('',(#9619));
#9619 = ORIENTED_EDGE('',*,*,#8602,.T.);
#9620 = FACE_BOUND('',#9621,.T.);
#9621 = EDGE_LOOP('',(#9622));
#9622 = ORIENTED_EDGE('',*,*,#9623,.T.);
#9623 = EDGE_CURVE('',#9624,#9624,#9626,.T.);
#9624 = VERTEX_POINT('',#9625);
#9625 = CARTESIAN_POINT('',(-35.25,28.008329,2.));
#9626 = CIRCLE('',#9627,2.25);
#9627 = AXIS2_PLACEMENT_3D('',#9628,#9629,#9630);
#9628 = CARTESIAN_POINT('',(-37.5,28.008329,2.));
#9629 = DIRECTION('',(0.,0.,1.));
#9630 = DIRECTION('',(1.,0.,0.));
#9631 = PLANE('',#9632);
#9632 = AXIS2_PLACEMENT_3D('',#9633,#9634,#9635);
#9633 = CARTESIAN_POINT('',(-1.3E-16,6.76032675,2.));
#9634 = DIRECTION('',(0.,0.,1.));
#9635 = DIRECTION('',(1.,0.,0.));
#9636 = ADVANCED_FACE('',(#9637,#9640),#9651,.F.);
#9637 = FACE_BOUND('',#9638,.F.);
#9638 = EDGE_LOOP('',(#9639));
#9639 = ORIENTED_EDGE('',*,*,#8627,.T.);
#9640 = FACE_BOUND('',#9641,.T.);
#9641 = EDGE_LOOP('',(#9642));
#9642 = ORIENTED_EDGE('',*,*,#9643,.T.);
#9643 = EDGE_CURVE('',#9644,#9644,#9646,.T.);
#9644 = VERTEX_POINT('',#9645);
#9645 = CARTESIAN_POINT('',(39.75,14.09116,2.));
#9646 = CIRCLE('',#9647,2.25);
#9647 = AXIS2_PLACEMENT_3D('',#9648,#9649,#9650);
#9648 = CARTESIAN_POINT('',(37.5,14.09116,2.));
#9649 = DIRECTION('',(0.,0.,1.));
#9650 = DIRECTION('',(1.,0.,0.));
#9651 = PLANE('',#9652);
#9652 = AXIS2_PLACEMENT_3D('',#9653,#9654,#9655);
#9653 = CARTESIAN_POINT('',(-1.3E-16,6.76032675,2.));
#9654 = DIRECTION('',(0.,0.,1.));
#9655 = DIRECTION('',(1.,0.,0.));
#9656 = ADVANCED_FACE('',(#9657,#9660),#9671,.F.);
#9657 = FACE_BOUND('',#9658,.F.);
#9658 = EDGE_LOOP('',(#9659));
#9659 = ORIENTED_EDGE('',*,*,#8652,.T.);
#9660 = FACE_BOUND('',#9661,.T.);
#9661 = EDGE_LOOP('',(#9662));
#9662 = ORIENTED_EDGE('',*,*,#9663,.T.);
#9663 = EDGE_CURVE('',#9664,#9664,#9666,.T.);
#9664 = VERTEX_POINT('',#9665);
#9665 = CARTESIAN_POINT('',(39.75,28.008329,2.));
#9666 = CIRCLE('',#9667,2.25);
#9667 = AXIS2_PLACEMENT_3D('',#9668,#9669,#9670);
#9668 = CARTESIAN_POINT('',(37.5,28.008329,2.));
#9669 = DIRECTION('',(0.,0.,1.));
#9670 = DIRECTION('',(1.,0.,0.));
#9671 = PLANE('',#9672);
#9672 = AXIS2_PLACEMENT_3D('',#9673,#9674,#9675);
#9673 = CARTESIAN_POINT('',(-1.3E-16,6.76032675,2.));
#9674 = DIRECTION('',(0.,0.,1.));
#9675 = DIRECTION('',(1.,0.,0.));
#9676 = ADVANCED_FACE('',(#9677),#9693,.F.);
#9677 = FACE_BOUND('',#9678,.F.);
#9678 = EDGE_LOOP('',(#9679,#9680,#9686,#9687));
#9679 = ORIENTED_EDGE('',*,*,#8958,.F.);
#9680 = ORIENTED_EDGE('',*,*,#9681,.T.);
#9681 = EDGE_CURVE('',#8959,#8791,#9682,.T.);
#9682 = LINE('',#9683,#9684);
#9683 = CARTESIAN_POINT('',(-41.1802872707,-30.,-51.44736000291));
#9684 = VECTOR('',#9685,1.);
#9685 = DIRECTION('',(0.,1.,-2.2E-16));
#9686 = ORIENTED_EDGE('',*,*,#8788,.F.);
#9687 = ORIENTED_EDGE('',*,*,#9688,.F.);
#9688 = EDGE_CURVE('',#8961,#8789,#9689,.T.);
#9689 = LINE('',#9690,#9691);
#9690 = CARTESIAN_POINT('',(-41.1802872707,-30.,-56.44736000291));
#9691 = VECTOR('',#9692,1.);
#9692 = DIRECTION('',(0.,1.,-2.2E-16));
#9693 = PLANE('',#9694);
#9694 = AXIS2_PLACEMENT_3D('',#9695,#9696,#9697);
#9695 = CARTESIAN_POINT('',(-41.1802872707,-30.,-51.44736000291));
#9696 = DIRECTION('',(-1.,0.,-0.));
#9697 = DIRECTION('',(0.,-2.2E-16,-1.));
#9698 = ADVANCED_FACE('',(#9699),#9710,.F.);
#9699 = FACE_BOUND('',#9700,.F.);
#9700 = EDGE_LOOP('',(#9701,#9702,#9708,#9709));
#9701 = ORIENTED_EDGE('',*,*,#8968,.F.);
#9702 = ORIENTED_EDGE('',*,*,#9703,.T.);
#9703 = EDGE_CURVE('',#8969,#8807,#9704,.T.);
#9704 = LINE('',#9705,#9706);
#9705 = CARTESIAN_POINT('',(38.819712729295,-30.,-51.44736000291));
#9706 = VECTOR('',#9707,1.);
#9707 = DIRECTION('',(0.,1.,-2.2E-16));
#9708 = ORIENTED_EDGE('',*,*,#8814,.F.);
#9709 = ORIENTED_EDGE('',*,*,#9681,.F.);
#9710 = PLANE('',#9711);
#9711 = AXIS2_PLACEMENT_3D('',#9712,#9713,#9714);
#9712 = CARTESIAN_POINT('',(38.819712729295,-30.,-51.44736000291));
#9713 = DIRECTION('',(0.,2.2E-16,1.));
#9714 = DIRECTION('',(-1.,0.,0.));
#9715 = ADVANCED_FACE('',(#9716),#9727,.F.);
#9716 = FACE_BOUND('',#9717,.F.);
#9717 = EDGE_LOOP('',(#9718,#9719,#9725,#9726));
#9718 = ORIENTED_EDGE('',*,*,#8976,.F.);
#9719 = ORIENTED_EDGE('',*,*,#9720,.T.);
#9720 = EDGE_CURVE('',#8977,#8799,#9721,.T.);
#9721 = LINE('',#9722,#9723);
#9722 = CARTESIAN_POINT('',(38.819712729295,-30.,-56.44736000291));
#9723 = VECTOR('',#9724,1.);
#9724 = DIRECTION('',(0.,1.,-2.2E-16));
#9725 = ORIENTED_EDGE('',*,*,#8806,.F.);
#9726 = ORIENTED_EDGE('',*,*,#9703,.F.);
#9727 = PLANE('',#9728);
#9728 = AXIS2_PLACEMENT_3D('',#9729,#9730,#9731);
#9729 = CARTESIAN_POINT('',(38.819712729295,-30.,-56.44736000291));
#9730 = DIRECTION('',(1.,-0.,0.));
#9731 = DIRECTION('',(0.,2.2E-16,1.));
#9732 = ADVANCED_FACE('',(#9733),#9739,.F.);
#9733 = FACE_BOUND('',#9734,.F.);
#9734 = EDGE_LOOP('',(#9735,#9736,#9737,#9738));
#9735 = ORIENTED_EDGE('',*,*,#8984,.F.);
#9736 = ORIENTED_EDGE('',*,*,#9688,.T.);
#9737 = ORIENTED_EDGE('',*,*,#8798,.F.);
#9738 = ORIENTED_EDGE('',*,*,#9720,.F.);
#9739 = PLANE('',#9740);
#9740 = AXIS2_PLACEMENT_3D('',#9741,#9742,#9743);
#9741 = CARTESIAN_POINT('',(-41.1802872707,-30.,-56.44736000291));
#9742 = DIRECTION('',(0.,-2.2E-16,-1.));
#9743 = DIRECTION('',(1.,0.,0.));
#9744 = ADVANCED_FACE('',(#9745),#9761,.F.);
#9745 = FACE_BOUND('',#9746,.F.);
#9746 = EDGE_LOOP('',(#9747,#9748,#9754,#9755));
#9747 = ORIENTED_EDGE('',*,*,#9060,.F.);
#9748 = ORIENTED_EDGE('',*,*,#9749,.T.);
#9749 = EDGE_CURVE('',#9061,#8825,#9750,.T.);
#9750 = LINE('',#9751,#9752);
#9751 = CARTESIAN_POINT('',(-41.180287,-30.,-87.399086));
#9752 = VECTOR('',#9753,1.);
#9753 = DIRECTION('',(0.,1.,-2.2E-16));
#9754 = ORIENTED_EDGE('',*,*,#8822,.F.);
#9755 = ORIENTED_EDGE('',*,*,#9756,.F.);
#9756 = EDGE_CURVE('',#9063,#8823,#9757,.T.);
#9757 = LINE('',#9758,#9759);
#9758 = CARTESIAN_POINT('',(-41.180287,-30.,-92.399086));
#9759 = VECTOR('',#9760,1.);
#9760 = DIRECTION('',(0.,1.,-2.2E-16));
#9761 = PLANE('',#9762);
#9762 = AXIS2_PLACEMENT_3D('',#9763,#9764,#9765);
#9763 = CARTESIAN_POINT('',(-41.180287,-30.,-87.399086));
#9764 = DIRECTION('',(-1.,0.,-0.));
#9765 = DIRECTION('',(0.,-2.2E-16,-1.));
#9766 = ADVANCED_FACE('',(#9767),#9778,.F.);
#9767 = FACE_BOUND('',#9768,.F.);
#9768 = EDGE_LOOP('',(#9769,#9770,#9776,#9777));
#9769 = ORIENTED_EDGE('',*,*,#9070,.F.);
#9770 = ORIENTED_EDGE('',*,*,#9771,.T.);
#9771 = EDGE_CURVE('',#9071,#8841,#9772,.T.);
#9772 = LINE('',#9773,#9774);
#9773 = CARTESIAN_POINT('',(38.819713,-30.,-87.399086));
#9774 = VECTOR('',#9775,1.);
#9775 = DIRECTION('',(0.,1.,-2.2E-16));
#9776 = ORIENTED_EDGE('',*,*,#8848,.F.);
#9777 = ORIENTED_EDGE('',*,*,#9749,.F.);
#9778 = PLANE('',#9779);
#9779 = AXIS2_PLACEMENT_3D('',#9780,#9781,#9782);
#9780 = CARTESIAN_POINT('',(38.819713,-30.,-87.399086));
#9781 = DIRECTION('',(0.,2.2E-16,1.));
#9782 = DIRECTION('',(-1.,0.,0.));
#9783 = ADVANCED_FACE('',(#9784),#9795,.F.);
#9784 = FACE_BOUND('',#9785,.F.);
#9785 = EDGE_LOOP('',(#9786,#9787,#9793,#9794));
#9786 = ORIENTED_EDGE('',*,*,#9078,.F.);
#9787 = ORIENTED_EDGE('',*,*,#9788,.T.);
#9788 = EDGE_CURVE('',#9079,#8833,#9789,.T.);
#9789 = LINE('',#9790,#9791);
#9790 = CARTESIAN_POINT('',(38.819713,-30.,-92.399086));
#9791 = VECTOR('',#9792,1.);
#9792 = DIRECTION('',(0.,1.,-2.2E-16));
#9793 = ORIENTED_EDGE('',*,*,#8840,.F.);
#9794 = ORIENTED_EDGE('',*,*,#9771,.F.);
#9795 = PLANE('',#9796);
#9796 = AXIS2_PLACEMENT_3D('',#9797,#9798,#9799);
#9797 = CARTESIAN_POINT('',(38.819713,-30.,-92.399086));
#9798 = DIRECTION('',(1.,-0.,0.));
#9799 = DIRECTION('',(0.,2.2E-16,1.));
#9800 = ADVANCED_FACE('',(#9801),#9807,.F.);
#9801 = FACE_BOUND('',#9802,.F.);
#9802 = EDGE_LOOP('',(#9803,#9804,#9805,#9806));
#9803 = ORIENTED_EDGE('',*,*,#9086,.F.);
#9804 = ORIENTED_EDGE('',*,*,#9756,.T.);
#9805 = ORIENTED_EDGE('',*,*,#8832,.F.);
#9806 = ORIENTED_EDGE('',*,*,#9788,.F.);
#9807 = PLANE('',#9808);
#9808 = AXIS2_PLACEMENT_3D('',#9809,#9810,#9811);
#9809 = CARTESIAN_POINT('',(-41.180287,-30.,-92.399086));
#9810 = DIRECTION('',(0.,-2.2E-16,-1.));
#9811 = DIRECTION('',(1.,0.,0.));
#9812 = ADVANCED_FACE('',(#9813),#9829,.F.);
#9813 = FACE_BOUND('',#9814,.F.);
#9814 = EDGE_LOOP('',(#9815,#9816,#9822,#9823));
#9815 = ORIENTED_EDGE('',*,*,#9026,.F.);
#9816 = ORIENTED_EDGE('',*,*,#9817,.T.);
#9817 = EDGE_CURVE('',#9027,#8859,#9818,.T.);
#9818 = LINE('',#9819,#9820);
#9819 = CARTESIAN_POINT('',(-41.180287,-30.,-69.423223));
#9820 = VECTOR('',#9821,1.);
#9821 = DIRECTION('',(0.,1.,-2.2E-16));
#9822 = ORIENTED_EDGE('',*,*,#8856,.F.);
#9823 = ORIENTED_EDGE('',*,*,#9824,.F.);
#9824 = EDGE_CURVE('',#9029,#8857,#9825,.T.);
#9825 = LINE('',#9826,#9827);
#9826 = CARTESIAN_POINT('',(-41.180287,-30.,-74.423223));
#9827 = VECTOR('',#9828,1.);
#9828 = DIRECTION('',(0.,1.,-2.2E-16));
#9829 = PLANE('',#9830);
#9830 = AXIS2_PLACEMENT_3D('',#9831,#9832,#9833);
#9831 = CARTESIAN_POINT('',(-41.180287,-30.,-69.423223));
#9832 = DIRECTION('',(-1.,0.,-0.));
#9833 = DIRECTION('',(0.,-2.2E-16,-1.));
#9834 = ADVANCED_FACE('',(#9835),#9846,.F.);
#9835 = FACE_BOUND('',#9836,.F.);
#9836 = EDGE_LOOP('',(#9837,#9838,#9844,#9845));
#9837 = ORIENTED_EDGE('',*,*,#9036,.F.);
#9838 = ORIENTED_EDGE('',*,*,#9839,.T.);
#9839 = EDGE_CURVE('',#9037,#8875,#9840,.T.);
#9840 = LINE('',#9841,#9842);
#9841 = CARTESIAN_POINT('',(38.819713,-30.,-69.423223));
#9842 = VECTOR('',#9843,1.);
#9843 = DIRECTION('',(0.,1.,-2.2E-16));
#9844 = ORIENTED_EDGE('',*,*,#8882,.F.);
#9845 = ORIENTED_EDGE('',*,*,#9817,.F.);
#9846 = PLANE('',#9847);
#9847 = AXIS2_PLACEMENT_3D('',#9848,#9849,#9850);
#9848 = CARTESIAN_POINT('',(38.819713,-30.,-69.423223));
#9849 = DIRECTION('',(0.,2.2E-16,1.));
#9850 = DIRECTION('',(-1.,0.,0.));
#9851 = ADVANCED_FACE('',(#9852),#9863,.F.);
#9852 = FACE_BOUND('',#9853,.F.);
#9853 = EDGE_LOOP('',(#9854,#9855,#9861,#9862));
#9854 = ORIENTED_EDGE('',*,*,#9044,.F.);
#9855 = ORIENTED_EDGE('',*,*,#9856,.T.);
#9856 = EDGE_CURVE('',#9045,#8867,#9857,.T.);
#9857 = LINE('',#9858,#9859);
#9858 = CARTESIAN_POINT('',(38.819713,-30.,-74.423223));
#9859 = VECTOR('',#9860,1.);
#9860 = DIRECTION('',(0.,1.,-2.2E-16));
#9861 = ORIENTED_EDGE('',*,*,#8874,.F.);
#9862 = ORIENTED_EDGE('',*,*,#9839,.F.);
#9863 = PLANE('',#9864);
#9864 = AXIS2_PLACEMENT_3D('',#9865,#9866,#9867);
#9865 = CARTESIAN_POINT('',(38.819713,-30.,-74.423223));
#9866 = DIRECTION('',(1.,-0.,0.));
#9867 = DIRECTION('',(0.,2.2E-16,1.));
#9868 = ADVANCED_FACE('',(#9869),#9875,.F.);
#9869 = FACE_BOUND('',#9870,.F.);
#9870 = EDGE_LOOP('',(#9871,#9872,#9873,#9874));
#9871 = ORIENTED_EDGE('',*,*,#9052,.F.);
#9872 = ORIENTED_EDGE('',*,*,#9824,.T.);
#9873 = ORIENTED_EDGE('',*,*,#8866,.F.);
#9874 = ORIENTED_EDGE('',*,*,#9856,.F.);
#9875 = PLANE('',#9876);
#9876 = AXIS2_PLACEMENT_3D('',#9877,#9878,#9879);
#9877 = CARTESIAN_POINT('',(-41.180287,-30.,-74.423223));
#9878 = DIRECTION('',(0.,-2.2E-16,-1.));
#9879 = DIRECTION('',(1.,0.,0.));
#9880 = ADVANCED_FACE('',(#9881),#9897,.F.);
#9881 = FACE_BOUND('',#9882,.F.);
#9882 = EDGE_LOOP('',(#9883,#9884,#9890,#9891));
#9883 = ORIENTED_EDGE('',*,*,#8992,.F.);
#9884 = ORIENTED_EDGE('',*,*,#9885,.T.);
#9885 = EDGE_CURVE('',#8993,#8893,#9886,.T.);
#9886 = LINE('',#9887,#9888);
#9887 = CARTESIAN_POINT('',(-41.180287,-30.,-37.650993));
#9888 = VECTOR('',#9889,1.);
#9889 = DIRECTION('',(0.,1.,-2.2E-16));
#9890 = ORIENTED_EDGE('',*,*,#8890,.F.);
#9891 = ORIENTED_EDGE('',*,*,#9892,.F.);
#9892 = EDGE_CURVE('',#8995,#8891,#9893,.T.);
#9893 = LINE('',#9894,#9895);
#9894 = CARTESIAN_POINT('',(-41.180287,-30.,-42.650993));
#9895 = VECTOR('',#9896,1.);
#9896 = DIRECTION('',(0.,1.,-2.2E-16));
#9897 = PLANE('',#9898);
#9898 = AXIS2_PLACEMENT_3D('',#9899,#9900,#9901);
#9899 = CARTESIAN_POINT('',(-41.180287,-30.,-37.650993));
#9900 = DIRECTION('',(-1.,0.,-0.));
#9901 = DIRECTION('',(0.,-2.2E-16,-1.));
#9902 = ADVANCED_FACE('',(#9903),#9914,.F.);
#9903 = FACE_BOUND('',#9904,.F.);
#9904 = EDGE_LOOP('',(#9905,#9906,#9912,#9913));
#9905 = ORIENTED_EDGE('',*,*,#9002,.F.);
#9906 = ORIENTED_EDGE('',*,*,#9907,.T.);
#9907 = EDGE_CURVE('',#9003,#8909,#9908,.T.);
#9908 = LINE('',#9909,#9910);
#9909 = CARTESIAN_POINT('',(38.819713,-30.,-37.650993));
#9910 = VECTOR('',#9911,1.);
#9911 = DIRECTION('',(0.,1.,-2.2E-16));
#9912 = ORIENTED_EDGE('',*,*,#8916,.F.);
#9913 = ORIENTED_EDGE('',*,*,#9885,.F.);
#9914 = PLANE('',#9915);
#9915 = AXIS2_PLACEMENT_3D('',#9916,#9917,#9918);
#9916 = CARTESIAN_POINT('',(38.819713,-30.,-37.650993));
#9917 = DIRECTION('',(0.,2.2E-16,1.));
#9918 = DIRECTION('',(-1.,0.,0.));
#9919 = ADVANCED_FACE('',(#9920),#9931,.F.);
#9920 = FACE_BOUND('',#9921,.F.);
#9921 = EDGE_LOOP('',(#9922,#9923,#9929,#9930));
#9922 = ORIENTED_EDGE('',*,*,#9010,.F.);
#9923 = ORIENTED_EDGE('',*,*,#9924,.T.);
#9924 = EDGE_CURVE('',#9011,#8901,#9925,.T.);
#9925 = LINE('',#9926,#9927);
#9926 = CARTESIAN_POINT('',(38.819713,-30.,-42.650993));
#9927 = VECTOR('',#9928,1.);
#9928 = DIRECTION('',(0.,1.,-2.2E-16));
#9929 = ORIENTED_EDGE('',*,*,#8908,.F.);
#9930 = ORIENTED_EDGE('',*,*,#9907,.F.);
#9931 = PLANE('',#9932);
#9932 = AXIS2_PLACEMENT_3D('',#9933,#9934,#9935);
#9933 = CARTESIAN_POINT('',(38.819713,-30.,-42.650993));
#9934 = DIRECTION('',(1.,-0.,0.));
#9935 = DIRECTION('',(0.,2.2E-16,1.));
#9936 = ADVANCED_FACE('',(#9937),#9943,.F.);
#9937 = FACE_BOUND('',#9938,.F.);
#9938 = EDGE_LOOP('',(#9939,#9940,#9941,#9942));
#9939 = ORIENTED_EDGE('',*,*,#9018,.F.);
#9940 = ORIENTED_EDGE('',*,*,#9892,.T.);
#9941 = ORIENTED_EDGE('',*,*,#8900,.F.);
#9942 = ORIENTED_EDGE('',*,*,#9924,.F.);
#9943 = PLANE('',#9944);
#9944 = AXIS2_PLACEMENT_3D('',#9945,#9946,#9947);
#9945 = CARTESIAN_POINT('',(-41.180287,-30.,-42.650993));
#9946 = DIRECTION('',(0.,-2.2E-16,-1.));
#9947 = DIRECTION('',(1.,0.,0.));
#9948 = ADVANCED_FACE('',(#9949),#9960,.F.);
#9949 = FACE_BOUND('',#9950,.T.);
#9950 = EDGE_LOOP('',(#9951,#9952,#9958,#9959));
#9951 = ORIENTED_EDGE('',*,*,#9563,.F.);
#9952 = ORIENTED_EDGE('',*,*,#9953,.T.);
#9953 = EDGE_CURVE('',#9564,#9111,#9954,.T.);
#9954 = LINE('',#9955,#9956);
#9955 = CARTESIAN_POINT('',(-35.25,0.,0.));
#9956 = VECTOR('',#9957,1.);
#9957 = DIRECTION('',(0.,0.,1.));
#9958 = ORIENTED_EDGE('',*,*,#9110,.T.);
#9959 = ORIENTED_EDGE('',*,*,#9953,.F.);
#9960 = CYLINDRICAL_SURFACE('',#9961,2.25);
#9961 = AXIS2_PLACEMENT_3D('',#9962,#9963,#9964);
#9962 = CARTESIAN_POINT('',(-37.5,0.,0.));
#9963 = DIRECTION('',(-0.,-0.,-1.));
#9964 = DIRECTION('',(1.,0.,0.));
#9965 = ADVANCED_FACE('',(#9966),#9977,.F.);
#9966 = FACE_BOUND('',#9967,.T.);
#9967 = EDGE_LOOP('',(#9968,#9969,#9975,#9976));
#9968 = ORIENTED_EDGE('',*,*,#9583,.F.);
#9969 = ORIENTED_EDGE('',*,*,#9970,.T.);
#9970 = EDGE_CURVE('',#9584,#9122,#9971,.T.);
#9971 = LINE('',#9972,#9973);
#9972 = CARTESIAN_POINT('',(39.75,0.,0.));
#9973 = VECTOR('',#9974,1.);
#9974 = DIRECTION('',(0.,0.,1.));
#9975 = ORIENTED_EDGE('',*,*,#9121,.T.);
#9976 = ORIENTED_EDGE('',*,*,#9970,.F.);
#9977 = CYLINDRICAL_SURFACE('',#9978,2.25);
#9978 = AXIS2_PLACEMENT_3D('',#9979,#9980,#9981);
#9979 = CARTESIAN_POINT('',(37.5,0.,0.));
#9980 = DIRECTION('',(-0.,-0.,-1.));
#9981 = DIRECTION('',(1.,0.,0.));
#9982 = ADVANCED_FACE('',(#9983),#9994,.F.);
#9983 = FACE_BOUND('',#9984,.T.);
#9984 = EDGE_LOOP('',(#9985,#9986,#9992,#9993));
#9985 = ORIENTED_EDGE('',*,*,#9603,.F.);
#9986 = ORIENTED_EDGE('',*,*,#9987,.T.);
#9987 = EDGE_CURVE('',#9604,#9133,#9988,.T.);
#9988 = LINE('',#9989,#9990);
#9989 = CARTESIAN_POINT('',(-35.25,14.09116,0.));
#9990 = VECTOR('',#9991,1.);
#9991 = DIRECTION('',(0.,0.,1.));
#9992 = ORIENTED_EDGE('',*,*,#9132,.T.);
#9993 = ORIENTED_EDGE('',*,*,#9987,.F.);
#9994 = CYLINDRICAL_SURFACE('',#9995,2.25);
#9995 = AXIS2_PLACEMENT_3D('',#9996,#9997,#9998);
#9996 = CARTESIAN_POINT('',(-37.5,14.09116,0.));
#9997 = DIRECTION('',(-0.,-0.,-1.));
#9998 = DIRECTION('',(1.,0.,0.));
#9999 = ADVANCED_FACE('',(#10000),#10011,.F.);
#10000 = FACE_BOUND('',#10001,.T.);
#10001 = EDGE_LOOP('',(#10002,#10003,#10009,#10010));
#10002 = ORIENTED_EDGE('',*,*,#9643,.F.);
#10003 = ORIENTED_EDGE('',*,*,#10004,.T.);
#10004 = EDGE_CURVE('',#9644,#9144,#10005,.T.);
#10005 = LINE('',#10006,#10007);
#10006 = CARTESIAN_POINT('',(39.75,14.09116,0.));
#10007 = VECTOR('',#10008,1.);
#10008 = DIRECTION('',(0.,0.,1.));
#10009 = ORIENTED_EDGE('',*,*,#9143,.T.);
#10010 = ORIENTED_EDGE('',*,*,#10004,.F.);
#10011 = CYLINDRICAL_SURFACE('',#10012,2.25);
#10012 = AXIS2_PLACEMENT_3D('',#10013,#10014,#10015);
#10013 = CARTESIAN_POINT('',(37.5,14.09116,0.));
#10014 = DIRECTION('',(-0.,-0.,-1.));
#10015 = DIRECTION('',(1.,0.,0.));
#10016 = ADVANCED_FACE('',(#10017),#10028,.F.);
#10017 = FACE_BOUND('',#10018,.T.);
#10018 = EDGE_LOOP('',(#10019,#10020,#10026,#10027));
#10019 = ORIENTED_EDGE('',*,*,#9543,.F.);
#10020 = ORIENTED_EDGE('',*,*,#10021,.T.);
#10021 = EDGE_CURVE('',#9544,#9155,#10022,.T.);
#10022 = LINE('',#10023,#10024);
#10023 = CARTESIAN_POINT('',(-35.25,-15.058182,0.));
#10024 = VECTOR('',#10025,1.);
#10025 = DIRECTION('',(0.,0.,1.));
#10026 = ORIENTED_EDGE('',*,*,#9154,.T.);
#10027 = ORIENTED_EDGE('',*,*,#10021,.F.);
#10028 = CYLINDRICAL_SURFACE('',#10029,2.25);
#10029 = AXIS2_PLACEMENT_3D('',#10030,#10031,#10032);
#10030 = CARTESIAN_POINT('',(-37.5,-15.058182,0.));
#10031 = DIRECTION('',(-0.,-0.,-1.));
#10032 = DIRECTION('',(1.,0.,0.));
#10033 = ADVANCED_FACE('',(#10034),#10045,.F.);
#10034 = FACE_BOUND('',#10035,.T.);
#10035 = EDGE_LOOP('',(#10036,#10037,#10043,#10044));
#10036 = ORIENTED_EDGE('',*,*,#9365,.F.);
#10037 = ORIENTED_EDGE('',*,*,#10038,.T.);
#10038 = EDGE_CURVE('',#9366,#9166,#10039,.T.);
#10039 = LINE('',#10040,#10041);
#10040 = CARTESIAN_POINT('',(39.75,-15.058182,0.));
#10041 = VECTOR('',#10042,1.);
#10042 = DIRECTION('',(0.,0.,1.));
#10043 = ORIENTED_EDGE('',*,*,#9165,.T.);
#10044 = ORIENTED_EDGE('',*,*,#10038,.F.);
#10045 = CYLINDRICAL_SURFACE('',#10046,2.25);
#10046 = AXIS2_PLACEMENT_3D('',#10047,#10048,#10049);
#10047 = CARTESIAN_POINT('',(37.5,-15.058182,0.));
#10048 = DIRECTION('',(-0.,-0.,-1.));
#10049 = DIRECTION('',(1.,0.,0.));
#10050 = ADVANCED_FACE('',(#10051),#10062,.F.);
#10051 = FACE_BOUND('',#10052,.T.);
#10052 = EDGE_LOOP('',(#10053,#10054,#10060,#10061));
#10053 = ORIENTED_EDGE('',*,*,#9623,.F.);
#10054 = ORIENTED_EDGE('',*,*,#10055,.T.);
#10055 = EDGE_CURVE('',#9624,#9177,#10056,.T.);
#10056 = LINE('',#10057,#10058);
#10057 = CARTESIAN_POINT('',(-35.25,28.008329,0.));
#10058 = VECTOR('',#10059,1.);
#10059 = DIRECTION('',(0.,0.,1.));
#10060 = ORIENTED_EDGE('',*,*,#9176,.T.);
#10061 = ORIENTED_EDGE('',*,*,#10055,.F.);
#10062 = CYLINDRICAL_SURFACE('',#10063,2.25);
#10063 = AXIS2_PLACEMENT_3D('',#10064,#10065,#10066);
#10064 = CARTESIAN_POINT('',(-37.5,28.008329,0.));
#10065 = DIRECTION('',(-0.,-0.,-1.));
#10066 = DIRECTION('',(1.,0.,0.));
#10067 = ADVANCED_FACE('',(#10068),#10079,.F.);
#10068 = FACE_BOUND('',#10069,.T.);
#10069 = EDGE_LOOP('',(#10070,#10071,#10077,#10078));
#10070 = ORIENTED_EDGE('',*,*,#9663,.F.);
#10071 = ORIENTED_EDGE('',*,*,#10072,.T.);
#10072 = EDGE_CURVE('',#9664,#9188,#10073,.T.);
#10073 = LINE('',#10074,#10075);
#10074 = CARTESIAN_POINT('',(39.75,28.008329,0.));
#10075 = VECTOR('',#10076,1.);
#10076 = DIRECTION('',(0.,0.,1.));
#10077 = ORIENTED_EDGE('',*,*,#9187,.T.);
#10078 = ORIENTED_EDGE('',*,*,#10072,.F.);
#10079 = CYLINDRICAL_SURFACE('',#10080,2.25);
#10080 = AXIS2_PLACEMENT_3D('',#10081,#10082,#10083);
#10081 = CARTESIAN_POINT('',(37.5,28.008329,0.));
#10082 = DIRECTION('',(-0.,-0.,-1.));
#10083 = DIRECTION('',(1.,0.,0.));
#10084 = ( GEOMETRIC_REPRESENTATION_CONTEXT(3) 
GLOBAL_UNCERTAINTY_ASSIGNED_CONTEXT((#10088)) 
GLOBAL_UNIT_ASSIGNED_CONTEXT((#10085,#10086,#10087)) 
REPRESENTATION_CONTEXT('Context #1',
  '3D Context with UNIT and UNCERTAINTY') );
#10085 = ( LENGTH_UNIT() NAMED_UNIT(*) SI_UNIT(.MILLI.,.METRE.) );
#10086 = ( NAMED_UNIT(*) PLANE_ANGLE_UNIT() SI_UNIT($,.RADIAN.) );
#10087 = ( NAMED_UNIT(*) SI_UNIT($,.STERADIAN.) SOLID_ANGLE_UNIT() );
#10088 = UNCERTAINTY_MEASURE_WITH_UNIT(LENGTH_MEASURE(2.E-05),#10085,
  'distance_accuracy_value','confusion accuracy');
#10089 = CONTEXT_DEPENDENT_SHAPE_REPRESENTATION(#10090,#10092);
#10090 = ( REPRESENTATION_RELATIONSHIP('','',#7858,#10) 
REPRESENTATION_RELATIONSHIP_WITH_TRANSFORMATION(#10091) 
SHAPE_REPRESENTATION_RELATIONSHIP() );
#10091 = ITEM_DEFINED_TRANSFORMATION('','',#11,#75);
#10092 = PRODUCT_DEFINITION_SHAPE('Placement','Placement of an item',
  #10093);
#10093 = NEXT_ASSEMBLY_USAGE_OCCURRENCE('261','Pocket001','',#5,#7853,$
  );
#10094 = PRODUCT_RELATED_PRODUCT_CATEGORY('part',$,(#7855));
#10095 = SHAPE_DEFINITION_REPRESENTATION(#10096,#10102);
#10096 = PRODUCT_DEFINITION_SHAPE('','',#10097);
#10097 = PRODUCT_DEFINITION('design','',#10098,#10101);
#10098 = PRODUCT_DEFINITION_FORMATION('','',#10099);
#10099 = PRODUCT('距离卡扣锁','距离卡扣锁','',(#10100));
#10100 = PRODUCT_CONTEXT('',#2,'mechanical');
#10101 = PRODUCT_DEFINITION_CONTEXT('part definition',#2,'design');
#10102 = ADVANCED_BREP_SHAPE_REPRESENTATION('',(#11,#10103),#11135);
#10103 = MANIFOLD_SOLID_BREP('',#10104);
#10104 = CLOSED_SHELL('',(#10105,#10161,#10396,#10420,#10444,#10468,
    #10696,#10713,#10727,#10749,#10766,#10783,#10795,#10817,#10834,
    #10851,#10863,#10885,#10902,#10919,#10931,#10953,#10970,#10987,
    #10999,#11021,#11038,#11055,#11067,#11089,#11106,#11123));
#10105 = ADVANCED_FACE('',(#10106),#10156,.F.);
#10106 = FACE_BOUND('',#10107,.F.);
#10107 = EDGE_LOOP('',(#10108,#10118,#10126,#10134,#10142,#10150));
#10108 = ORIENTED_EDGE('',*,*,#10109,.F.);
#10109 = EDGE_CURVE('',#10110,#10112,#10114,.T.);
#10110 = VERTEX_POINT('',#10111);
#10111 = CARTESIAN_POINT('',(-79.,55.,0.));
#10112 = VERTEX_POINT('',#10113);
#10113 = CARTESIAN_POINT('',(-79.,0.,0.));
#10114 = LINE('',#10115,#10116);
#10115 = CARTESIAN_POINT('',(-79.,55.,0.));
#10116 = VECTOR('',#10117,1.);
#10117 = DIRECTION('',(0.,-1.,0.));
#10118 = ORIENTED_EDGE('',*,*,#10119,.T.);
#10119 = EDGE_CURVE('',#10110,#10120,#10122,.T.);
#10120 = VERTEX_POINT('',#10121);
#10121 = CARTESIAN_POINT('',(-79.,55.,4.5));
#10122 = LINE('',#10123,#10124);
#10123 = CARTESIAN_POINT('',(-79.,55.,0.));
#10124 = VECTOR('',#10125,1.);
#10125 = DIRECTION('',(0.,0.,1.));
#10126 = ORIENTED_EDGE('',*,*,#10127,.T.);
#10127 = EDGE_CURVE('',#10120,#10128,#10130,.T.);
#10128 = VERTEX_POINT('',#10129);
#10129 = CARTESIAN_POINT('',(-79.,13.,4.5));
#10130 = LINE('',#10131,#10132);
#10131 = CARTESIAN_POINT('',(-79.,65.,4.5));
#10132 = VECTOR('',#10133,1.);
#10133 = DIRECTION('',(0.,-1.,0.));
#10134 = ORIENTED_EDGE('',*,*,#10135,.T.);
#10135 = EDGE_CURVE('',#10128,#10136,#10138,.T.);
#10136 = VERTEX_POINT('',#10137);
#10137 = CARTESIAN_POINT('',(-79.,13.,18.5));
#10138 = LINE('',#10139,#10140);
#10139 = CARTESIAN_POINT('',(-79.,13.,4.5));
#10140 = VECTOR('',#10141,1.);
#10141 = DIRECTION('',(0.,0.,1.));
#10142 = ORIENTED_EDGE('',*,*,#10143,.T.);
#10143 = EDGE_CURVE('',#10136,#10144,#10146,.T.);
#10144 = VERTEX_POINT('',#10145);
#10145 = CARTESIAN_POINT('',(-79.,0.,18.5));
#10146 = LINE('',#10147,#10148);
#10147 = CARTESIAN_POINT('',(-79.,55.,18.5));
#10148 = VECTOR('',#10149,1.);
#10149 = DIRECTION('',(0.,-1.,0.));
#10150 = ORIENTED_EDGE('',*,*,#10151,.F.);
#10151 = EDGE_CURVE('',#10112,#10144,#10152,.T.);
#10152 = LINE('',#10153,#10154);
#10153 = CARTESIAN_POINT('',(-79.,0.,0.));
#10154 = VECTOR('',#10155,1.);
#10155 = DIRECTION('',(0.,0.,1.));
#10156 = PLANE('',#10157);
#10157 = AXIS2_PLACEMENT_3D('',#10158,#10159,#10160);
#10158 = CARTESIAN_POINT('',(-79.,55.,0.));
#10159 = DIRECTION('',(1.,0.,0.));
#10160 = DIRECTION('',(0.,-1.,0.));
#10161 = ADVANCED_FACE('',(#10162,#10187,#10221,#10255,#10289,#10323,
    #10357),#10391,.F.);
#10162 = FACE_BOUND('',#10163,.F.);
#10163 = EDGE_LOOP('',(#10164,#10165,#10173,#10181));
#10164 = ORIENTED_EDGE('',*,*,#10109,.T.);
#10165 = ORIENTED_EDGE('',*,*,#10166,.T.);
#10166 = EDGE_CURVE('',#10112,#10167,#10169,.T.);
#10167 = VERTEX_POINT('',#10168);
#10168 = CARTESIAN_POINT('',(0.,0.,0.));
#10169 = LINE('',#10170,#10171);
#10170 = CARTESIAN_POINT('',(-79.,0.,0.));
#10171 = VECTOR('',#10172,1.);
#10172 = DIRECTION('',(1.,0.,0.));
#10173 = ORIENTED_EDGE('',*,*,#10174,.T.);
#10174 = EDGE_CURVE('',#10167,#10175,#10177,.T.);
#10175 = VERTEX_POINT('',#10176);
#10176 = CARTESIAN_POINT('',(0.,55.,0.));
#10177 = LINE('',#10178,#10179);
#10178 = CARTESIAN_POINT('',(0.,0.,0.));
#10179 = VECTOR('',#10180,1.);
#10180 = DIRECTION('',(0.,1.,0.));
#10181 = ORIENTED_EDGE('',*,*,#10182,.T.);
#10182 = EDGE_CURVE('',#10175,#10110,#10183,.T.);
#10183 = LINE('',#10184,#10185);
#10184 = CARTESIAN_POINT('',(0.,55.,0.));
#10185 = VECTOR('',#10186,1.);
#10186 = DIRECTION('',(-1.,0.,0.));
#10187 = FACE_BOUND('',#10188,.T.);
#10188 = EDGE_LOOP('',(#10189,#10199,#10207,#10215));
#10189 = ORIENTED_EDGE('',*,*,#10190,.T.);
#10190 = EDGE_CURVE('',#10191,#10193,#10195,.T.);
#10191 = VERTEX_POINT('',#10192);
#10192 = CARTESIAN_POINT('',(-73.27177889033,37.828867542113,0.));
#10193 = VERTEX_POINT('',#10194);
#10194 = CARTESIAN_POINT('',(-73.27177889033,34.828867542113,0.));
#10195 = LINE('',#10196,#10197);
#10196 = CARTESIAN_POINT('',(-73.27177889033,37.828867542113,0.));
#10197 = VECTOR('',#10198,1.);
#10198 = DIRECTION('',(0.,-1.,0.));
#10199 = ORIENTED_EDGE('',*,*,#10200,.T.);
#10200 = EDGE_CURVE('',#10193,#10201,#10203,.T.);
#10201 = VERTEX_POINT('',#10202);
#10202 = CARTESIAN_POINT('',(-48.27177889033,34.828867542113,0.));
#10203 = LINE('',#10204,#10205);
#10204 = CARTESIAN_POINT('',(-73.27177889033,34.828867542113,0.));
#10205 = VECTOR('',#10206,1.);
#10206 = DIRECTION('',(1.,0.,0.));
#10207 = ORIENTED_EDGE('',*,*,#10208,.T.);
#10208 = EDGE_CURVE('',#10201,#10209,#10211,.T.);
#10209 = VERTEX_POINT('',#10210);
#10210 = CARTESIAN_POINT('',(-48.27177889033,37.828867542113,0.));
#10211 = LINE('',#10212,#10213);
#10212 = CARTESIAN_POINT('',(-48.27177889033,34.828867542113,0.));
#10213 = VECTOR('',#10214,1.);
#10214 = DIRECTION('',(0.,1.,0.));
#10215 = ORIENTED_EDGE('',*,*,#10216,.T.);
#10216 = EDGE_CURVE('',#10209,#10191,#10217,.T.);
#10217 = LINE('',#10218,#10219);
#10218 = CARTESIAN_POINT('',(-48.27177889033,37.828867542113,0.));
#10219 = VECTOR('',#10220,1.);
#10220 = DIRECTION('',(-1.,0.,0.));
#10221 = FACE_BOUND('',#10222,.T.);
#10222 = EDGE_LOOP('',(#10223,#10233,#10241,#10249));
#10223 = ORIENTED_EDGE('',*,*,#10224,.T.);
#10224 = EDGE_CURVE('',#10225,#10227,#10229,.T.);
#10225 = VERTEX_POINT('',#10226);
#10226 = CARTESIAN_POINT('',(-29.946996,37.828868,0.));
#10227 = VERTEX_POINT('',#10228);
#10228 = CARTESIAN_POINT('',(-29.946996,34.828868,0.));
#10229 = LINE('',#10230,#10231);
#10230 = CARTESIAN_POINT('',(-29.946996,37.828868,0.));
#10231 = VECTOR('',#10232,1.);
#10232 = DIRECTION('',(0.,-1.,0.));
#10233 = ORIENTED_EDGE('',*,*,#10234,.T.);
#10234 = EDGE_CURVE('',#10227,#10235,#10237,.T.);
#10235 = VERTEX_POINT('',#10236);
#10236 = CARTESIAN_POINT('',(-4.946996,34.828868,0.));
#10237 = LINE('',#10238,#10239);
#10238 = CARTESIAN_POINT('',(-29.946996,34.828868,0.));
#10239 = VECTOR('',#10240,1.);
#10240 = DIRECTION('',(1.,0.,0.));
#10241 = ORIENTED_EDGE('',*,*,#10242,.T.);
#10242 = EDGE_CURVE('',#10235,#10243,#10245,.T.);
#10243 = VERTEX_POINT('',#10244);
#10244 = CARTESIAN_POINT('',(-4.946996,37.828868,0.));
#10245 = LINE('',#10246,#10247);
#10246 = CARTESIAN_POINT('',(-4.946996,34.828868,0.));
#10247 = VECTOR('',#10248,1.);
#10248 = DIRECTION('',(0.,1.,0.));
#10249 = ORIENTED_EDGE('',*,*,#10250,.T.);
#10250 = EDGE_CURVE('',#10243,#10225,#10251,.T.);
#10251 = LINE('',#10252,#10253);
#10252 = CARTESIAN_POINT('',(-4.946996,37.828868,0.));
#10253 = VECTOR('',#10254,1.);
#10254 = DIRECTION('',(-1.,0.,0.));
#10255 = FACE_BOUND('',#10256,.T.);
#10256 = EDGE_LOOP('',(#10257,#10267,#10275,#10283));
#10257 = ORIENTED_EDGE('',*,*,#10258,.T.);
#10258 = EDGE_CURVE('',#10259,#10261,#10263,.T.);
#10259 = VERTEX_POINT('',#10260);
#10260 = CARTESIAN_POINT('',(-73.271779,43.789032,0.));
#10261 = VERTEX_POINT('',#10262);
#10262 = CARTESIAN_POINT('',(-73.271779,40.789032,0.));
#10263 = LINE('',#10264,#10265);
#10264 = CARTESIAN_POINT('',(-73.271779,43.789032,0.));
#10265 = VECTOR('',#10266,1.);
#10266 = DIRECTION('',(0.,-1.,0.));
#10267 = ORIENTED_EDGE('',*,*,#10268,.T.);
#10268 = EDGE_CURVE('',#10261,#10269,#10271,.T.);
#10269 = VERTEX_POINT('',#10270);
#10270 = CARTESIAN_POINT('',(-48.271779,40.789032,0.));
#10271 = LINE('',#10272,#10273);
#10272 = CARTESIAN_POINT('',(-73.271779,40.789032,0.));
#10273 = VECTOR('',#10274,1.);
#10274 = DIRECTION('',(1.,0.,0.));
#10275 = ORIENTED_EDGE('',*,*,#10276,.T.);
#10276 = EDGE_CURVE('',#10269,#10277,#10279,.T.);
#10277 = VERTEX_POINT('',#10278);
#10278 = CARTESIAN_POINT('',(-48.271779,43.789032,0.));
#10279 = LINE('',#10280,#10281);
#10280 = CARTESIAN_POINT('',(-48.271779,40.789032,0.));
#10281 = VECTOR('',#10282,1.);
#10282 = DIRECTION('',(0.,1.,0.));
#10283 = ORIENTED_EDGE('',*,*,#10284,.T.);
#10284 = EDGE_CURVE('',#10277,#10259,#10285,.T.);
#10285 = LINE('',#10286,#10287);
#10286 = CARTESIAN_POINT('',(-48.271779,43.789032,0.));
#10287 = VECTOR('',#10288,1.);
#10288 = DIRECTION('',(-1.,0.,0.));
#10289 = FACE_BOUND('',#10290,.T.);
#10290 = EDGE_LOOP('',(#10291,#10301,#10309,#10317));
#10291 = ORIENTED_EDGE('',*,*,#10292,.T.);
#10292 = EDGE_CURVE('',#10293,#10295,#10297,.T.);
#10293 = VERTEX_POINT('',#10294);
#10294 = CARTESIAN_POINT('',(-29.946996,43.789032,0.));
#10295 = VERTEX_POINT('',#10296);
#10296 = CARTESIAN_POINT('',(-29.946996,40.789032,0.));
#10297 = LINE('',#10298,#10299);
#10298 = CARTESIAN_POINT('',(-29.946996,43.789032,0.));
#10299 = VECTOR('',#10300,1.);
#10300 = DIRECTION('',(0.,-1.,0.));
#10301 = ORIENTED_EDGE('',*,*,#10302,.T.);
#10302 = EDGE_CURVE('',#10295,#10303,#10305,.T.);
#10303 = VERTEX_POINT('',#10304);
#10304 = CARTESIAN_POINT('',(-4.946996,40.789032,0.));
#10305 = LINE('',#10306,#10307);
#10306 = CARTESIAN_POINT('',(-29.946996,40.789032,0.));
#10307 = VECTOR('',#10308,1.);
#10308 = DIRECTION('',(1.,0.,0.));
#10309 = ORIENTED_EDGE('',*,*,#10310,.T.);
#10310 = EDGE_CURVE('',#10303,#10311,#10313,.T.);
#10311 = VERTEX_POINT('',#10312);
#10312 = CARTESIAN_POINT('',(-4.946996,43.789032,0.));
#10313 = LINE('',#10314,#10315);
#10314 = CARTESIAN_POINT('',(-4.946996,40.789032,0.));
#10315 = VECTOR('',#10316,1.);
#10316 = DIRECTION('',(0.,1.,0.));
#10317 = ORIENTED_EDGE('',*,*,#10318,.T.);
#10318 = EDGE_CURVE('',#10311,#10293,#10319,.T.);
#10319 = LINE('',#10320,#10321);
#10320 = CARTESIAN_POINT('',(-4.946996,43.789032,0.));
#10321 = VECTOR('',#10322,1.);
#10322 = DIRECTION('',(-1.,0.,0.));
#10323 = FACE_BOUND('',#10324,.T.);
#10324 = EDGE_LOOP('',(#10325,#10335,#10343,#10351));
#10325 = ORIENTED_EDGE('',*,*,#10326,.T.);
#10326 = EDGE_CURVE('',#10327,#10329,#10331,.T.);
#10327 = VERTEX_POINT('',#10328);
#10328 = CARTESIAN_POINT('',(-73.271779,49.749196,0.));
#10329 = VERTEX_POINT('',#10330);
#10330 = CARTESIAN_POINT('',(-73.271779,46.749196,0.));
#10331 = LINE('',#10332,#10333);
#10332 = CARTESIAN_POINT('',(-73.271779,49.749196,0.));
#10333 = VECTOR('',#10334,1.);
#10334 = DIRECTION('',(0.,-1.,0.));
#10335 = ORIENTED_EDGE('',*,*,#10336,.T.);
#10336 = EDGE_CURVE('',#10329,#10337,#10339,.T.);
#10337 = VERTEX_POINT('',#10338);
#10338 = CARTESIAN_POINT('',(-48.271779,46.749196,0.));
#10339 = LINE('',#10340,#10341);
#10340 = CARTESIAN_POINT('',(-73.271779,46.749196,0.));
#10341 = VECTOR('',#10342,1.);
#10342 = DIRECTION('',(1.,0.,0.));
#10343 = ORIENTED_EDGE('',*,*,#10344,.T.);
#10344 = EDGE_CURVE('',#10337,#10345,#10347,.T.);
#10345 = VERTEX_POINT('',#10346);
#10346 = CARTESIAN_POINT('',(-48.271779,49.749196,0.));
#10347 = LINE('',#10348,#10349);
#10348 = CARTESIAN_POINT('',(-48.271779,46.749196,0.));
#10349 = VECTOR('',#10350,1.);
#10350 = DIRECTION('',(0.,1.,0.));
#10351 = ORIENTED_EDGE('',*,*,#10352,.T.);
#10352 = EDGE_CURVE('',#10345,#10327,#10353,.T.);
#10353 = LINE('',#10354,#10355);
#10354 = CARTESIAN_POINT('',(-48.271779,49.749196,0.));
#10355 = VECTOR('',#10356,1.);
#10356 = DIRECTION('',(-1.,0.,0.));
#10357 = FACE_BOUND('',#10358,.T.);
#10358 = EDGE_LOOP('',(#10359,#10369,#10377,#10385));
#10359 = ORIENTED_EDGE('',*,*,#10360,.T.);
#10360 = EDGE_CURVE('',#10361,#10363,#10365,.T.);
#10361 = VERTEX_POINT('',#10362);
#10362 = CARTESIAN_POINT('',(-29.946996,49.749197,0.));
#10363 = VERTEX_POINT('',#10364);
#10364 = CARTESIAN_POINT('',(-29.946996,46.749197,0.));
#10365 = LINE('',#10366,#10367);
#10366 = CARTESIAN_POINT('',(-29.946996,49.749197,0.));
#10367 = VECTOR('',#10368,1.);
#10368 = DIRECTION('',(0.,-1.,0.));
#10369 = ORIENTED_EDGE('',*,*,#10370,.T.);
#10370 = EDGE_CURVE('',#10363,#10371,#10373,.T.);
#10371 = VERTEX_POINT('',#10372);
#10372 = CARTESIAN_POINT('',(-4.946996,46.749197,0.));
#10373 = LINE('',#10374,#10375);
#10374 = CARTESIAN_POINT('',(-29.946996,46.749197,0.));
#10375 = VECTOR('',#10376,1.);
#10376 = DIRECTION('',(1.,0.,0.));
#10377 = ORIENTED_EDGE('',*,*,#10378,.T.);
#10378 = EDGE_CURVE('',#10371,#10379,#10381,.T.);
#10379 = VERTEX_POINT('',#10380);
#10380 = CARTESIAN_POINT('',(-4.946996,49.749197,0.));
#10381 = LINE('',#10382,#10383);
#10382 = CARTESIAN_POINT('',(-4.946996,46.749197,0.));
#10383 = VECTOR('',#10384,1.);
#10384 = DIRECTION('',(0.,1.,0.));
#10385 = ORIENTED_EDGE('',*,*,#10386,.T.);
#10386 = EDGE_CURVE('',#10379,#10361,#10387,.T.);
#10387 = LINE('',#10388,#10389);
#10388 = CARTESIAN_POINT('',(-4.946996,49.749197,0.));
#10389 = VECTOR('',#10390,1.);
#10390 = DIRECTION('',(-1.,0.,0.));
#10391 = PLANE('',#10392);
#10392 = AXIS2_PLACEMENT_3D('',#10393,#10394,#10395);
#10393 = CARTESIAN_POINT('',(-39.28270561897,35.72701122907,0.));
#10394 = DIRECTION('',(0.,0.,1.));
#10395 = DIRECTION('',(1.,0.,0.));
#10396 = ADVANCED_FACE('',(#10397),#10415,.F.);
#10397 = FACE_BOUND('',#10398,.F.);
#10398 = EDGE_LOOP('',(#10399,#10400,#10408,#10414));
#10399 = ORIENTED_EDGE('',*,*,#10151,.T.);
#10400 = ORIENTED_EDGE('',*,*,#10401,.T.);
#10401 = EDGE_CURVE('',#10144,#10402,#10404,.T.);
#10402 = VERTEX_POINT('',#10403);
#10403 = CARTESIAN_POINT('',(0.,0.,18.5));
#10404 = LINE('',#10405,#10406);
#10405 = CARTESIAN_POINT('',(-79.,0.,18.5));
#10406 = VECTOR('',#10407,1.);
#10407 = DIRECTION('',(1.,0.,0.));
#10408 = ORIENTED_EDGE('',*,*,#10409,.F.);
#10409 = EDGE_CURVE('',#10167,#10402,#10410,.T.);
#10410 = LINE('',#10411,#10412);
#10411 = CARTESIAN_POINT('',(0.,0.,0.));
#10412 = VECTOR('',#10413,1.);
#10413 = DIRECTION('',(0.,0.,1.));
#10414 = ORIENTED_EDGE('',*,*,#10166,.F.);
#10415 = PLANE('',#10416);
#10416 = AXIS2_PLACEMENT_3D('',#10417,#10418,#10419);
#10417 = CARTESIAN_POINT('',(-79.,0.,0.));
#10418 = DIRECTION('',(0.,1.,0.));
#10419 = DIRECTION('',(1.,0.,0.));
#10420 = ADVANCED_FACE('',(#10421),#10439,.T.);
#10421 = FACE_BOUND('',#10422,.T.);
#10422 = EDGE_LOOP('',(#10423,#10431,#10432,#10433));
#10423 = ORIENTED_EDGE('',*,*,#10424,.F.);
#10424 = EDGE_CURVE('',#10136,#10425,#10427,.T.);
#10425 = VERTEX_POINT('',#10426);
#10426 = CARTESIAN_POINT('',(0.,13.,18.5));
#10427 = LINE('',#10428,#10429);
#10428 = CARTESIAN_POINT('',(-79.,13.,18.5));
#10429 = VECTOR('',#10430,1.);
#10430 = DIRECTION('',(1.,0.,0.));
#10431 = ORIENTED_EDGE('',*,*,#10143,.T.);
#10432 = ORIENTED_EDGE('',*,*,#10401,.T.);
#10433 = ORIENTED_EDGE('',*,*,#10434,.T.);
#10434 = EDGE_CURVE('',#10402,#10425,#10435,.T.);
#10435 = LINE('',#10436,#10437);
#10436 = CARTESIAN_POINT('',(0.,0.,18.5));
#10437 = VECTOR('',#10438,1.);
#10438 = DIRECTION('',(0.,1.,0.));
#10439 = PLANE('',#10440);
#10440 = AXIS2_PLACEMENT_3D('',#10441,#10442,#10443);
#10441 = CARTESIAN_POINT('',(-39.28270561897,35.72701122907,18.5));
#10442 = DIRECTION('',(0.,0.,1.));
#10443 = DIRECTION('',(1.,0.,0.));
#10444 = ADVANCED_FACE('',(#10445),#10463,.F.);
#10445 = FACE_BOUND('',#10446,.F.);
#10446 = EDGE_LOOP('',(#10447,#10448,#10456,#10462));
#10447 = ORIENTED_EDGE('',*,*,#10135,.F.);
#10448 = ORIENTED_EDGE('',*,*,#10449,.T.);
#10449 = EDGE_CURVE('',#10128,#10450,#10452,.T.);
#10450 = VERTEX_POINT('',#10451);
#10451 = CARTESIAN_POINT('',(0.,13.,4.5));
#10452 = LINE('',#10453,#10454);
#10453 = CARTESIAN_POINT('',(-79.,13.,4.5));
#10454 = VECTOR('',#10455,1.);
#10455 = DIRECTION('',(1.,0.,0.));
#10456 = ORIENTED_EDGE('',*,*,#10457,.T.);
#10457 = EDGE_CURVE('',#10450,#10425,#10458,.T.);
#10458 = LINE('',#10459,#10460);
#10459 = CARTESIAN_POINT('',(0.,13.,2.25));
#10460 = VECTOR('',#10461,1.);
#10461 = DIRECTION('',(0.,0.,1.));
#10462 = ORIENTED_EDGE('',*,*,#10424,.F.);
#10463 = PLANE('',#10464);
#10464 = AXIS2_PLACEMENT_3D('',#10465,#10466,#10467);
#10465 = CARTESIAN_POINT('',(-79.,13.,4.5));
#10466 = DIRECTION('',(0.,-1.,0.));
#10467 = DIRECTION('',(0.,0.,1.));
#10468 = ADVANCED_FACE('',(#10469,#10487,#10521,#10555,#10589,#10623,
    #10657),#10691,.F.);
#10469 = FACE_BOUND('',#10470,.F.);
#10470 = EDGE_LOOP('',(#10471,#10472,#10480,#10486));
#10471 = ORIENTED_EDGE('',*,*,#10127,.F.);
#10472 = ORIENTED_EDGE('',*,*,#10473,.T.);
#10473 = EDGE_CURVE('',#10120,#10474,#10476,.T.);
#10474 = VERTEX_POINT('',#10475);
#10475 = CARTESIAN_POINT('',(0.,55.,4.5));
#10476 = LINE('',#10477,#10478);
#10477 = CARTESIAN_POINT('',(-39.5,55.,4.5));
#10478 = VECTOR('',#10479,1.);
#10479 = DIRECTION('',(1.,0.,0.));
#10480 = ORIENTED_EDGE('',*,*,#10481,.T.);
#10481 = EDGE_CURVE('',#10474,#10450,#10482,.T.);
#10482 = LINE('',#10483,#10484);
#10483 = CARTESIAN_POINT('',(0.,32.5,4.5));
#10484 = VECTOR('',#10485,1.);
#10485 = DIRECTION('',(-0.,-1.,-0.));
#10486 = ORIENTED_EDGE('',*,*,#10449,.F.);
#10487 = FACE_BOUND('',#10488,.F.);
#10488 = EDGE_LOOP('',(#10489,#10499,#10507,#10515));
#10489 = ORIENTED_EDGE('',*,*,#10490,.F.);
#10490 = EDGE_CURVE('',#10491,#10493,#10495,.T.);
#10491 = VERTEX_POINT('',#10492);
#10492 = CARTESIAN_POINT('',(-29.946996,46.749197,4.5));
#10493 = VERTEX_POINT('',#10494);
#10494 = CARTESIAN_POINT('',(-29.946996,49.749197,4.5));
#10495 = LINE('',#10496,#10497);
#10496 = CARTESIAN_POINT('',(-29.946996,57.3745985,4.5));
#10497 = VECTOR('',#10498,1.);
#10498 = DIRECTION('',(0.,1.,0.));
#10499 = ORIENTED_EDGE('',*,*,#10500,.F.);
#10500 = EDGE_CURVE('',#10501,#10491,#10503,.T.);
#10501 = VERTEX_POINT('',#10502);
#10502 = CARTESIAN_POINT('',(-4.946996,46.749197,4.5));
#10503 = LINE('',#10504,#10505);
#10504 = CARTESIAN_POINT('',(-54.473498,46.749197,4.5));
#10505 = VECTOR('',#10506,1.);
#10506 = DIRECTION('',(-1.,0.,0.));
#10507 = ORIENTED_EDGE('',*,*,#10508,.F.);
#10508 = EDGE_CURVE('',#10509,#10501,#10511,.T.);
#10509 = VERTEX_POINT('',#10510);
#10510 = CARTESIAN_POINT('',(-4.946996,49.749197,4.5));
#10511 = LINE('',#10512,#10513);
#10512 = CARTESIAN_POINT('',(-4.946996,55.8745985,4.5));
#10513 = VECTOR('',#10514,1.);
#10514 = DIRECTION('',(-0.,-1.,-0.));
#10515 = ORIENTED_EDGE('',*,*,#10516,.F.);
#10516 = EDGE_CURVE('',#10493,#10509,#10517,.T.);
#10517 = LINE('',#10518,#10519);
#10518 = CARTESIAN_POINT('',(-41.973498,49.749197,4.5));
#10519 = VECTOR('',#10520,1.);
#10520 = DIRECTION('',(1.,0.,0.));
#10521 = FACE_BOUND('',#10522,.F.);
#10522 = EDGE_LOOP('',(#10523,#10533,#10541,#10549));
#10523 = ORIENTED_EDGE('',*,*,#10524,.F.);
#10524 = EDGE_CURVE('',#10525,#10527,#10529,.T.);
#10525 = VERTEX_POINT('',#10526);
#10526 = CARTESIAN_POINT('',(-29.946996,40.789032,4.5));
#10527 = VERTEX_POINT('',#10528);
#10528 = CARTESIAN_POINT('',(-29.946996,43.789032,4.5));
#10529 = LINE('',#10530,#10531);
#10530 = CARTESIAN_POINT('',(-29.946996,54.394516,4.5));
#10531 = VECTOR('',#10532,1.);
#10532 = DIRECTION('',(0.,1.,0.));
#10533 = ORIENTED_EDGE('',*,*,#10534,.F.);
#10534 = EDGE_CURVE('',#10535,#10525,#10537,.T.);
#10535 = VERTEX_POINT('',#10536);
#10536 = CARTESIAN_POINT('',(-4.946996,40.789032,4.5));
#10537 = LINE('',#10538,#10539);
#10538 = CARTESIAN_POINT('',(-54.473498,40.789032,4.5));
#10539 = VECTOR('',#10540,1.);
#10540 = DIRECTION('',(-1.,0.,0.));
#10541 = ORIENTED_EDGE('',*,*,#10542,.F.);
#10542 = EDGE_CURVE('',#10543,#10535,#10545,.T.);
#10543 = VERTEX_POINT('',#10544);
#10544 = CARTESIAN_POINT('',(-4.946996,43.789032,4.5));
#10545 = LINE('',#10546,#10547);
#10546 = CARTESIAN_POINT('',(-4.946996,52.894516,4.5));
#10547 = VECTOR('',#10548,1.);
#10548 = DIRECTION('',(-0.,-1.,-0.));
#10549 = ORIENTED_EDGE('',*,*,#10550,.F.);
#10550 = EDGE_CURVE('',#10527,#10543,#10551,.T.);
#10551 = LINE('',#10552,#10553);
#10552 = CARTESIAN_POINT('',(-41.973498,43.789032,4.5));
#10553 = VECTOR('',#10554,1.);
#10554 = DIRECTION('',(1.,0.,0.));
#10555 = FACE_BOUND('',#10556,.F.);
#10556 = EDGE_LOOP('',(#10557,#10567,#10575,#10583));
#10557 = ORIENTED_EDGE('',*,*,#10558,.F.);
#10558 = EDGE_CURVE('',#10559,#10561,#10563,.T.);
#10559 = VERTEX_POINT('',#10560);
#10560 = CARTESIAN_POINT('',(-29.946996,34.828868,4.5));
#10561 = VERTEX_POINT('',#10562);
#10562 = CARTESIAN_POINT('',(-29.946996,37.828868,4.5));
#10563 = LINE('',#10564,#10565);
#10564 = CARTESIAN_POINT('',(-29.946996,51.414434,4.5));
#10565 = VECTOR('',#10566,1.);
#10566 = DIRECTION('',(0.,1.,0.));
#10567 = ORIENTED_EDGE('',*,*,#10568,.F.);
#10568 = EDGE_CURVE('',#10569,#10559,#10571,.T.);
#10569 = VERTEX_POINT('',#10570);
#10570 = CARTESIAN_POINT('',(-4.946996,34.828868,4.5));
#10571 = LINE('',#10572,#10573);
#10572 = CARTESIAN_POINT('',(-54.473498,34.828868,4.5));
#10573 = VECTOR('',#10574,1.);
#10574 = DIRECTION('',(-1.,0.,0.));
#10575 = ORIENTED_EDGE('',*,*,#10576,.F.);
#10576 = EDGE_CURVE('',#10577,#10569,#10579,.T.);
#10577 = VERTEX_POINT('',#10578);
#10578 = CARTESIAN_POINT('',(-4.946996,37.828868,4.5));
#10579 = LINE('',#10580,#10581);
#10580 = CARTESIAN_POINT('',(-4.946996,49.914434,4.5));
#10581 = VECTOR('',#10582,1.);
#10582 = DIRECTION('',(-0.,-1.,-0.));
#10583 = ORIENTED_EDGE('',*,*,#10584,.F.);
#10584 = EDGE_CURVE('',#10561,#10577,#10585,.T.);
#10585 = LINE('',#10586,#10587);
#10586 = CARTESIAN_POINT('',(-41.973498,37.828868,4.5));
#10587 = VECTOR('',#10588,1.);
#10588 = DIRECTION('',(1.,0.,0.));
#10589 = FACE_BOUND('',#10590,.F.);
#10590 = EDGE_LOOP('',(#10591,#10601,#10609,#10617));
#10591 = ORIENTED_EDGE('',*,*,#10592,.F.);
#10592 = EDGE_CURVE('',#10593,#10595,#10597,.T.);
#10593 = VERTEX_POINT('',#10594);
#10594 = CARTESIAN_POINT('',(-73.271779,46.749196,4.5));
#10595 = VERTEX_POINT('',#10596);
#10596 = CARTESIAN_POINT('',(-73.271779,49.749196,4.5));
#10597 = LINE('',#10598,#10599);
#10598 = CARTESIAN_POINT('',(-73.271779,57.374598,4.5));
#10599 = VECTOR('',#10600,1.);
#10600 = DIRECTION('',(0.,1.,0.));
#10601 = ORIENTED_EDGE('',*,*,#10602,.F.);
#10602 = EDGE_CURVE('',#10603,#10593,#10605,.T.);
#10603 = VERTEX_POINT('',#10604);
#10604 = CARTESIAN_POINT('',(-48.271779,46.749196,4.5));
#10605 = LINE('',#10606,#10607);
#10606 = CARTESIAN_POINT('',(-76.1358895,46.749196,4.5));
#10607 = VECTOR('',#10608,1.);
#10608 = DIRECTION('',(-1.,0.,0.));
#10609 = ORIENTED_EDGE('',*,*,#10610,.F.);
#10610 = EDGE_CURVE('',#10611,#10603,#10613,.T.);
#10611 = VERTEX_POINT('',#10612);
#10612 = CARTESIAN_POINT('',(-48.271779,49.749196,4.5));
#10613 = LINE('',#10614,#10615);
#10614 = CARTESIAN_POINT('',(-48.271779,55.874598,4.5));
#10615 = VECTOR('',#10616,1.);
#10616 = DIRECTION('',(-0.,-1.,-0.));
#10617 = ORIENTED_EDGE('',*,*,#10618,.F.);
#10618 = EDGE_CURVE('',#10595,#10611,#10619,.T.);
#10619 = LINE('',#10620,#10621);
#10620 = CARTESIAN_POINT('',(-63.6358895,49.749196,4.5));
#10621 = VECTOR('',#10622,1.);
#10622 = DIRECTION('',(1.,0.,0.));
#10623 = FACE_BOUND('',#10624,.F.);
#10624 = EDGE_LOOP('',(#10625,#10635,#10643,#10651));
#10625 = ORIENTED_EDGE('',*,*,#10626,.F.);
#10626 = EDGE_CURVE('',#10627,#10629,#10631,.T.);
#10627 = VERTEX_POINT('',#10628);
#10628 = CARTESIAN_POINT('',(-73.271779,40.789032,4.5));
#10629 = VERTEX_POINT('',#10630);
#10630 = CARTESIAN_POINT('',(-73.271779,43.789032,4.5));
#10631 = LINE('',#10632,#10633);
#10632 = CARTESIAN_POINT('',(-73.271779,54.394516,4.5));
#10633 = VECTOR('',#10634,1.);
#10634 = DIRECTION('',(0.,1.,0.));
#10635 = ORIENTED_EDGE('',*,*,#10636,.F.);
#10636 = EDGE_CURVE('',#10637,#10627,#10639,.T.);
#10637 = VERTEX_POINT('',#10638);
#10638 = CARTESIAN_POINT('',(-48.271779,40.789032,4.5));
#10639 = LINE('',#10640,#10641);
#10640 = CARTESIAN_POINT('',(-76.1358895,40.789032,4.5));
#10641 = VECTOR('',#10642,1.);
#10642 = DIRECTION('',(-1.,0.,0.));
#10643 = ORIENTED_EDGE('',*,*,#10644,.F.);
#10644 = EDGE_CURVE('',#10645,#10637,#10647,.T.);
#10645 = VERTEX_POINT('',#10646);
#10646 = CARTESIAN_POINT('',(-48.271779,43.789032,4.5));
#10647 = LINE('',#10648,#10649);
#10648 = CARTESIAN_POINT('',(-48.271779,52.894516,4.5));
#10649 = VECTOR('',#10650,1.);
#10650 = DIRECTION('',(-0.,-1.,-0.));
#10651 = ORIENTED_EDGE('',*,*,#10652,.F.);
#10652 = EDGE_CURVE('',#10629,#10645,#10653,.T.);
#10653 = LINE('',#10654,#10655);
#10654 = CARTESIAN_POINT('',(-63.6358895,43.789032,4.5));
#10655 = VECTOR('',#10656,1.);
#10656 = DIRECTION('',(1.,0.,0.));
#10657 = FACE_BOUND('',#10658,.F.);
#10658 = EDGE_LOOP('',(#10659,#10669,#10677,#10685));
#10659 = ORIENTED_EDGE('',*,*,#10660,.F.);
#10660 = EDGE_CURVE('',#10661,#10663,#10665,.T.);
#10661 = VERTEX_POINT('',#10662);
#10662 = CARTESIAN_POINT('',(-73.27177889033,34.828867542113,4.5));
#10663 = VERTEX_POINT('',#10664);
#10664 = CARTESIAN_POINT('',(-73.27177889033,37.828867542113,4.5));
#10665 = LINE('',#10666,#10667);
#10666 = CARTESIAN_POINT('',(-73.27177889033,51.414433771057,4.5));
#10667 = VECTOR('',#10668,1.);
#10668 = DIRECTION('',(0.,1.,0.));
#10669 = ORIENTED_EDGE('',*,*,#10670,.F.);
#10670 = EDGE_CURVE('',#10671,#10661,#10673,.T.);
#10671 = VERTEX_POINT('',#10672);
#10672 = CARTESIAN_POINT('',(-48.27177889033,34.828867542113,4.5));
#10673 = LINE('',#10674,#10675);
#10674 = CARTESIAN_POINT('',(-76.13588944516,34.828867542113,4.5));
#10675 = VECTOR('',#10676,1.);
#10676 = DIRECTION('',(-1.,0.,0.));
#10677 = ORIENTED_EDGE('',*,*,#10678,.F.);
#10678 = EDGE_CURVE('',#10679,#10671,#10681,.T.);
#10679 = VERTEX_POINT('',#10680);
#10680 = CARTESIAN_POINT('',(-48.27177889033,37.828867542113,4.5));
#10681 = LINE('',#10682,#10683);
#10682 = CARTESIAN_POINT('',(-48.27177889033,49.914433771057,4.5));
#10683 = VECTOR('',#10684,1.);
#10684 = DIRECTION('',(-0.,-1.,-0.));
#10685 = ORIENTED_EDGE('',*,*,#10686,.F.);
#10686 = EDGE_CURVE('',#10663,#10679,#10687,.T.);
#10687 = LINE('',#10688,#10689);
#10688 = CARTESIAN_POINT('',(-63.63588944516,37.828867542113,4.5));
#10689 = VECTOR('',#10690,1.);
#10690 = DIRECTION('',(1.,0.,0.));
#10691 = PLANE('',#10692);
#10692 = AXIS2_PLACEMENT_3D('',#10693,#10694,#10695);
#10693 = CARTESIAN_POINT('',(-79.,65.,4.5));
#10694 = DIRECTION('',(0.,0.,-1.));
#10695 = DIRECTION('',(0.,-1.,0.));
#10696 = ADVANCED_FACE('',(#10697),#10708,.F.);
#10697 = FACE_BOUND('',#10698,.F.);
#10698 = EDGE_LOOP('',(#10699,#10700,#10706,#10707));
#10699 = ORIENTED_EDGE('',*,*,#10182,.F.);
#10700 = ORIENTED_EDGE('',*,*,#10701,.T.);
#10701 = EDGE_CURVE('',#10175,#10474,#10702,.T.);
#10702 = LINE('',#10703,#10704);
#10703 = CARTESIAN_POINT('',(0.,55.,0.));
#10704 = VECTOR('',#10705,1.);
#10705 = DIRECTION('',(0.,0.,1.));
#10706 = ORIENTED_EDGE('',*,*,#10473,.F.);
#10707 = ORIENTED_EDGE('',*,*,#10119,.F.);
#10708 = PLANE('',#10709);
#10709 = AXIS2_PLACEMENT_3D('',#10710,#10711,#10712);
#10710 = CARTESIAN_POINT('',(0.,55.,0.));
#10711 = DIRECTION('',(0.,-1.,0.));
#10712 = DIRECTION('',(-1.,0.,0.));
#10713 = ADVANCED_FACE('',(#10714),#10722,.F.);
#10714 = FACE_BOUND('',#10715,.F.);
#10715 = EDGE_LOOP('',(#10716,#10717,#10718,#10719,#10720,#10721));
#10716 = ORIENTED_EDGE('',*,*,#10174,.F.);
#10717 = ORIENTED_EDGE('',*,*,#10409,.T.);
#10718 = ORIENTED_EDGE('',*,*,#10434,.T.);
#10719 = ORIENTED_EDGE('',*,*,#10457,.F.);
#10720 = ORIENTED_EDGE('',*,*,#10481,.F.);
#10721 = ORIENTED_EDGE('',*,*,#10701,.F.);
#10722 = PLANE('',#10723);
#10723 = AXIS2_PLACEMENT_3D('',#10724,#10725,#10726);
#10724 = CARTESIAN_POINT('',(0.,0.,0.));
#10725 = DIRECTION('',(-1.,0.,0.));
#10726 = DIRECTION('',(0.,1.,0.));
#10727 = ADVANCED_FACE('',(#10728),#10744,.T.);
#10728 = FACE_BOUND('',#10729,.T.);
#10729 = EDGE_LOOP('',(#10730,#10731,#10737,#10738));
#10730 = ORIENTED_EDGE('',*,*,#10190,.F.);
#10731 = ORIENTED_EDGE('',*,*,#10732,.T.);
#10732 = EDGE_CURVE('',#10191,#10663,#10733,.T.);
#10733 = LINE('',#10734,#10735);
#10734 = CARTESIAN_POINT('',(-73.27177889033,37.828867542113,0.));
#10735 = VECTOR('',#10736,1.);
#10736 = DIRECTION('',(0.,0.,1.));
#10737 = ORIENTED_EDGE('',*,*,#10660,.F.);
#10738 = ORIENTED_EDGE('',*,*,#10739,.F.);
#10739 = EDGE_CURVE('',#10193,#10661,#10740,.T.);
#10740 = LINE('',#10741,#10742);
#10741 = CARTESIAN_POINT('',(-73.27177889033,34.828867542113,0.));
#10742 = VECTOR('',#10743,1.);
#10743 = DIRECTION('',(0.,0.,1.));
#10744 = PLANE('',#10745);
#10745 = AXIS2_PLACEMENT_3D('',#10746,#10747,#10748);
#10746 = CARTESIAN_POINT('',(-73.27177889033,37.828867542113,0.));
#10747 = DIRECTION('',(1.,0.,0.));
#10748 = DIRECTION('',(0.,-1.,0.));
#10749 = ADVANCED_FACE('',(#10750),#10761,.T.);
#10750 = FACE_BOUND('',#10751,.T.);
#10751 = EDGE_LOOP('',(#10752,#10753,#10754,#10755));
#10752 = ORIENTED_EDGE('',*,*,#10200,.F.);
#10753 = ORIENTED_EDGE('',*,*,#10739,.T.);
#10754 = ORIENTED_EDGE('',*,*,#10670,.F.);
#10755 = ORIENTED_EDGE('',*,*,#10756,.F.);
#10756 = EDGE_CURVE('',#10201,#10671,#10757,.T.);
#10757 = LINE('',#10758,#10759);
#10758 = CARTESIAN_POINT('',(-48.27177889033,34.828867542113,0.));
#10759 = VECTOR('',#10760,1.);
#10760 = DIRECTION('',(0.,0.,1.));
#10761 = PLANE('',#10762);
#10762 = AXIS2_PLACEMENT_3D('',#10763,#10764,#10765);
#10763 = CARTESIAN_POINT('',(-73.27177889033,34.828867542113,0.));
#10764 = DIRECTION('',(0.,1.,0.));
#10765 = DIRECTION('',(1.,0.,0.));
#10766 = ADVANCED_FACE('',(#10767),#10778,.T.);
#10767 = FACE_BOUND('',#10768,.T.);
#10768 = EDGE_LOOP('',(#10769,#10770,#10771,#10772));
#10769 = ORIENTED_EDGE('',*,*,#10208,.F.);
#10770 = ORIENTED_EDGE('',*,*,#10756,.T.);
#10771 = ORIENTED_EDGE('',*,*,#10678,.F.);
#10772 = ORIENTED_EDGE('',*,*,#10773,.F.);
#10773 = EDGE_CURVE('',#10209,#10679,#10774,.T.);
#10774 = LINE('',#10775,#10776);
#10775 = CARTESIAN_POINT('',(-48.27177889033,37.828867542113,0.));
#10776 = VECTOR('',#10777,1.);
#10777 = DIRECTION('',(0.,0.,1.));
#10778 = PLANE('',#10779);
#10779 = AXIS2_PLACEMENT_3D('',#10780,#10781,#10782);
#10780 = CARTESIAN_POINT('',(-48.27177889033,34.828867542113,0.));
#10781 = DIRECTION('',(-1.,0.,0.));
#10782 = DIRECTION('',(0.,1.,0.));
#10783 = ADVANCED_FACE('',(#10784),#10790,.T.);
#10784 = FACE_BOUND('',#10785,.T.);
#10785 = EDGE_LOOP('',(#10786,#10787,#10788,#10789));
#10786 = ORIENTED_EDGE('',*,*,#10216,.F.);
#10787 = ORIENTED_EDGE('',*,*,#10773,.T.);
#10788 = ORIENTED_EDGE('',*,*,#10686,.F.);
#10789 = ORIENTED_EDGE('',*,*,#10732,.F.);
#10790 = PLANE('',#10791);
#10791 = AXIS2_PLACEMENT_3D('',#10792,#10793,#10794);
#10792 = CARTESIAN_POINT('',(-48.27177889033,37.828867542113,0.));
#10793 = DIRECTION('',(0.,-1.,0.));
#10794 = DIRECTION('',(-1.,0.,0.));
#10795 = ADVANCED_FACE('',(#10796),#10812,.T.);
#10796 = FACE_BOUND('',#10797,.T.);
#10797 = EDGE_LOOP('',(#10798,#10799,#10805,#10806));
#10798 = ORIENTED_EDGE('',*,*,#10224,.F.);
#10799 = ORIENTED_EDGE('',*,*,#10800,.T.);
#10800 = EDGE_CURVE('',#10225,#10561,#10801,.T.);
#10801 = LINE('',#10802,#10803);
#10802 = CARTESIAN_POINT('',(-29.946996,37.828868,0.));
#10803 = VECTOR('',#10804,1.);
#10804 = DIRECTION('',(0.,0.,1.));
#10805 = ORIENTED_EDGE('',*,*,#10558,.F.);
#10806 = ORIENTED_EDGE('',*,*,#10807,.F.);
#10807 = EDGE_CURVE('',#10227,#10559,#10808,.T.);
#10808 = LINE('',#10809,#10810);
#10809 = CARTESIAN_POINT('',(-29.946996,34.828868,0.));
#10810 = VECTOR('',#10811,1.);
#10811 = DIRECTION('',(0.,0.,1.));
#10812 = PLANE('',#10813);
#10813 = AXIS2_PLACEMENT_3D('',#10814,#10815,#10816);
#10814 = CARTESIAN_POINT('',(-29.946996,37.828868,0.));
#10815 = DIRECTION('',(1.,0.,0.));
#10816 = DIRECTION('',(0.,-1.,0.));
#10817 = ADVANCED_FACE('',(#10818),#10829,.T.);
#10818 = FACE_BOUND('',#10819,.T.);
#10819 = EDGE_LOOP('',(#10820,#10821,#10822,#10823));
#10820 = ORIENTED_EDGE('',*,*,#10234,.F.);
#10821 = ORIENTED_EDGE('',*,*,#10807,.T.);
#10822 = ORIENTED_EDGE('',*,*,#10568,.F.);
#10823 = ORIENTED_EDGE('',*,*,#10824,.F.);
#10824 = EDGE_CURVE('',#10235,#10569,#10825,.T.);
#10825 = LINE('',#10826,#10827);
#10826 = CARTESIAN_POINT('',(-4.946996,34.828868,0.));
#10827 = VECTOR('',#10828,1.);
#10828 = DIRECTION('',(0.,0.,1.));
#10829 = PLANE('',#10830);
#10830 = AXIS2_PLACEMENT_3D('',#10831,#10832,#10833);
#10831 = CARTESIAN_POINT('',(-29.946996,34.828868,0.));
#10832 = DIRECTION('',(0.,1.,0.));
#10833 = DIRECTION('',(1.,0.,0.));
#10834 = ADVANCED_FACE('',(#10835),#10846,.T.);
#10835 = FACE_BOUND('',#10836,.T.);
#10836 = EDGE_LOOP('',(#10837,#10838,#10839,#10840));
#10837 = ORIENTED_EDGE('',*,*,#10242,.F.);
#10838 = ORIENTED_EDGE('',*,*,#10824,.T.);
#10839 = ORIENTED_EDGE('',*,*,#10576,.F.);
#10840 = ORIENTED_EDGE('',*,*,#10841,.F.);
#10841 = EDGE_CURVE('',#10243,#10577,#10842,.T.);
#10842 = LINE('',#10843,#10844);
#10843 = CARTESIAN_POINT('',(-4.946996,37.828868,0.));
#10844 = VECTOR('',#10845,1.);
#10845 = DIRECTION('',(0.,0.,1.));
#10846 = PLANE('',#10847);
#10847 = AXIS2_PLACEMENT_3D('',#10848,#10849,#10850);
#10848 = CARTESIAN_POINT('',(-4.946996,34.828868,0.));
#10849 = DIRECTION('',(-1.,0.,0.));
#10850 = DIRECTION('',(0.,1.,0.));
#10851 = ADVANCED_FACE('',(#10852),#10858,.T.);
#10852 = FACE_BOUND('',#10853,.T.);
#10853 = EDGE_LOOP('',(#10854,#10855,#10856,#10857));
#10854 = ORIENTED_EDGE('',*,*,#10250,.F.);
#10855 = ORIENTED_EDGE('',*,*,#10841,.T.);
#10856 = ORIENTED_EDGE('',*,*,#10584,.F.);
#10857 = ORIENTED_EDGE('',*,*,#10800,.F.);
#10858 = PLANE('',#10859);
#10859 = AXIS2_PLACEMENT_3D('',#10860,#10861,#10862);
#10860 = CARTESIAN_POINT('',(-4.946996,37.828868,0.));
#10861 = DIRECTION('',(0.,-1.,0.));
#10862 = DIRECTION('',(-1.,0.,0.));
#10863 = ADVANCED_FACE('',(#10864),#10880,.T.);
#10864 = FACE_BOUND('',#10865,.T.);
#10865 = EDGE_LOOP('',(#10866,#10867,#10873,#10874));
#10866 = ORIENTED_EDGE('',*,*,#10258,.F.);
#10867 = ORIENTED_EDGE('',*,*,#10868,.T.);
#10868 = EDGE_CURVE('',#10259,#10629,#10869,.T.);
#10869 = LINE('',#10870,#10871);
#10870 = CARTESIAN_POINT('',(-73.271779,43.789032,0.));
#10871 = VECTOR('',#10872,1.);
#10872 = DIRECTION('',(0.,0.,1.));
#10873 = ORIENTED_EDGE('',*,*,#10626,.F.);
#10874 = ORIENTED_EDGE('',*,*,#10875,.F.);
#10875 = EDGE_CURVE('',#10261,#10627,#10876,.T.);
#10876 = LINE('',#10877,#10878);
#10877 = CARTESIAN_POINT('',(-73.271779,40.789032,0.));
#10878 = VECTOR('',#10879,1.);
#10879 = DIRECTION('',(0.,0.,1.));
#10880 = PLANE('',#10881);
#10881 = AXIS2_PLACEMENT_3D('',#10882,#10883,#10884);
#10882 = CARTESIAN_POINT('',(-73.271779,43.789032,0.));
#10883 = DIRECTION('',(1.,0.,0.));
#10884 = DIRECTION('',(0.,-1.,0.));
#10885 = ADVANCED_FACE('',(#10886),#10897,.T.);
#10886 = FACE_BOUND('',#10887,.T.);
#10887 = EDGE_LOOP('',(#10888,#10889,#10890,#10891));
#10888 = ORIENTED_EDGE('',*,*,#10268,.F.);
#10889 = ORIENTED_EDGE('',*,*,#10875,.T.);
#10890 = ORIENTED_EDGE('',*,*,#10636,.F.);
#10891 = ORIENTED_EDGE('',*,*,#10892,.F.);
#10892 = EDGE_CURVE('',#10269,#10637,#10893,.T.);
#10893 = LINE('',#10894,#10895);
#10894 = CARTESIAN_POINT('',(-48.271779,40.789032,0.));
#10895 = VECTOR('',#10896,1.);
#10896 = DIRECTION('',(0.,0.,1.));
#10897 = PLANE('',#10898);
#10898 = AXIS2_PLACEMENT_3D('',#10899,#10900,#10901);
#10899 = CARTESIAN_POINT('',(-73.271779,40.789032,0.));
#10900 = DIRECTION('',(0.,1.,0.));
#10901 = DIRECTION('',(1.,0.,0.));
#10902 = ADVANCED_FACE('',(#10903),#10914,.T.);
#10903 = FACE_BOUND('',#10904,.T.);
#10904 = EDGE_LOOP('',(#10905,#10906,#10907,#10908));
#10905 = ORIENTED_EDGE('',*,*,#10276,.F.);
#10906 = ORIENTED_EDGE('',*,*,#10892,.T.);
#10907 = ORIENTED_EDGE('',*,*,#10644,.F.);
#10908 = ORIENTED_EDGE('',*,*,#10909,.F.);
#10909 = EDGE_CURVE('',#10277,#10645,#10910,.T.);
#10910 = LINE('',#10911,#10912);
#10911 = CARTESIAN_POINT('',(-48.271779,43.789032,0.));
#10912 = VECTOR('',#10913,1.);
#10913 = DIRECTION('',(0.,0.,1.));
#10914 = PLANE('',#10915);
#10915 = AXIS2_PLACEMENT_3D('',#10916,#10917,#10918);
#10916 = CARTESIAN_POINT('',(-48.271779,40.789032,0.));
#10917 = DIRECTION('',(-1.,0.,0.));
#10918 = DIRECTION('',(0.,1.,0.));
#10919 = ADVANCED_FACE('',(#10920),#10926,.T.);
#10920 = FACE_BOUND('',#10921,.T.);
#10921 = EDGE_LOOP('',(#10922,#10923,#10924,#10925));
#10922 = ORIENTED_EDGE('',*,*,#10284,.F.);
#10923 = ORIENTED_EDGE('',*,*,#10909,.T.);
#10924 = ORIENTED_EDGE('',*,*,#10652,.F.);
#10925 = ORIENTED_EDGE('',*,*,#10868,.F.);
#10926 = PLANE('',#10927);
#10927 = AXIS2_PLACEMENT_3D('',#10928,#10929,#10930);
#10928 = CARTESIAN_POINT('',(-48.271779,43.789032,0.));
#10929 = DIRECTION('',(0.,-1.,0.));
#10930 = DIRECTION('',(-1.,0.,0.));
#10931 = ADVANCED_FACE('',(#10932),#10948,.T.);
#10932 = FACE_BOUND('',#10933,.T.);
#10933 = EDGE_LOOP('',(#10934,#10935,#10941,#10942));
#10934 = ORIENTED_EDGE('',*,*,#10292,.F.);
#10935 = ORIENTED_EDGE('',*,*,#10936,.T.);
#10936 = EDGE_CURVE('',#10293,#10527,#10937,.T.);
#10937 = LINE('',#10938,#10939);
#10938 = CARTESIAN_POINT('',(-29.946996,43.789032,0.));
#10939 = VECTOR('',#10940,1.);
#10940 = DIRECTION('',(0.,0.,1.));
#10941 = ORIENTED_EDGE('',*,*,#10524,.F.);
#10942 = ORIENTED_EDGE('',*,*,#10943,.F.);
#10943 = EDGE_CURVE('',#10295,#10525,#10944,.T.);
#10944 = LINE('',#10945,#10946);
#10945 = CARTESIAN_POINT('',(-29.946996,40.789032,0.));
#10946 = VECTOR('',#10947,1.);
#10947 = DIRECTION('',(0.,0.,1.));
#10948 = PLANE('',#10949);
#10949 = AXIS2_PLACEMENT_3D('',#10950,#10951,#10952);
#10950 = CARTESIAN_POINT('',(-29.946996,43.789032,0.));
#10951 = DIRECTION('',(1.,0.,0.));
#10952 = DIRECTION('',(0.,-1.,0.));
#10953 = ADVANCED_FACE('',(#10954),#10965,.T.);
#10954 = FACE_BOUND('',#10955,.T.);
#10955 = EDGE_LOOP('',(#10956,#10957,#10958,#10959));
#10956 = ORIENTED_EDGE('',*,*,#10302,.F.);
#10957 = ORIENTED_EDGE('',*,*,#10943,.T.);
#10958 = ORIENTED_EDGE('',*,*,#10534,.F.);
#10959 = ORIENTED_EDGE('',*,*,#10960,.F.);
#10960 = EDGE_CURVE('',#10303,#10535,#10961,.T.);
#10961 = LINE('',#10962,#10963);
#10962 = CARTESIAN_POINT('',(-4.946996,40.789032,0.));
#10963 = VECTOR('',#10964,1.);
#10964 = DIRECTION('',(0.,0.,1.));
#10965 = PLANE('',#10966);
#10966 = AXIS2_PLACEMENT_3D('',#10967,#10968,#10969);
#10967 = CARTESIAN_POINT('',(-29.946996,40.789032,0.));
#10968 = DIRECTION('',(0.,1.,0.));
#10969 = DIRECTION('',(1.,0.,0.));
#10970 = ADVANCED_FACE('',(#10971),#10982,.T.);
#10971 = FACE_BOUND('',#10972,.T.);
#10972 = EDGE_LOOP('',(#10973,#10974,#10975,#10976));
#10973 = ORIENTED_EDGE('',*,*,#10310,.F.);
#10974 = ORIENTED_EDGE('',*,*,#10960,.T.);
#10975 = ORIENTED_EDGE('',*,*,#10542,.F.);
#10976 = ORIENTED_EDGE('',*,*,#10977,.F.);
#10977 = EDGE_CURVE('',#10311,#10543,#10978,.T.);
#10978 = LINE('',#10979,#10980);
#10979 = CARTESIAN_POINT('',(-4.946996,43.789032,0.));
#10980 = VECTOR('',#10981,1.);
#10981 = DIRECTION('',(0.,0.,1.));
#10982 = PLANE('',#10983);
#10983 = AXIS2_PLACEMENT_3D('',#10984,#10985,#10986);
#10984 = CARTESIAN_POINT('',(-4.946996,40.789032,0.));
#10985 = DIRECTION('',(-1.,0.,0.));
#10986 = DIRECTION('',(0.,1.,0.));
#10987 = ADVANCED_FACE('',(#10988),#10994,.T.);
#10988 = FACE_BOUND('',#10989,.T.);
#10989 = EDGE_LOOP('',(#10990,#10991,#10992,#10993));
#10990 = ORIENTED_EDGE('',*,*,#10318,.F.);
#10991 = ORIENTED_EDGE('',*,*,#10977,.T.);
#10992 = ORIENTED_EDGE('',*,*,#10550,.F.);
#10993 = ORIENTED_EDGE('',*,*,#10936,.F.);
#10994 = PLANE('',#10995);
#10995 = AXIS2_PLACEMENT_3D('',#10996,#10997,#10998);
#10996 = CARTESIAN_POINT('',(-4.946996,43.789032,0.));
#10997 = DIRECTION('',(0.,-1.,0.));
#10998 = DIRECTION('',(-1.,0.,0.));
#10999 = ADVANCED_FACE('',(#11000),#11016,.T.);
#11000 = FACE_BOUND('',#11001,.T.);
#11001 = EDGE_LOOP('',(#11002,#11003,#11009,#11010));
#11002 = ORIENTED_EDGE('',*,*,#10326,.F.);
#11003 = ORIENTED_EDGE('',*,*,#11004,.T.);
#11004 = EDGE_CURVE('',#10327,#10595,#11005,.T.);
#11005 = LINE('',#11006,#11007);
#11006 = CARTESIAN_POINT('',(-73.271779,49.749196,0.));
#11007 = VECTOR('',#11008,1.);
#11008 = DIRECTION('',(0.,0.,1.));
#11009 = ORIENTED_EDGE('',*,*,#10592,.F.);
#11010 = ORIENTED_EDGE('',*,*,#11011,.F.);
#11011 = EDGE_CURVE('',#10329,#10593,#11012,.T.);
#11012 = LINE('',#11013,#11014);
#11013 = CARTESIAN_POINT('',(-73.271779,46.749196,0.));
#11014 = VECTOR('',#11015,1.);
#11015 = DIRECTION('',(0.,0.,1.));
#11016 = PLANE('',#11017);
#11017 = AXIS2_PLACEMENT_3D('',#11018,#11019,#11020);
#11018 = CARTESIAN_POINT('',(-73.271779,49.749196,0.));
#11019 = DIRECTION('',(1.,0.,0.));
#11020 = DIRECTION('',(0.,-1.,0.));
#11021 = ADVANCED_FACE('',(#11022),#11033,.T.);
#11022 = FACE_BOUND('',#11023,.T.);
#11023 = EDGE_LOOP('',(#11024,#11025,#11026,#11027));
#11024 = ORIENTED_EDGE('',*,*,#10336,.F.);
#11025 = ORIENTED_EDGE('',*,*,#11011,.T.);
#11026 = ORIENTED_EDGE('',*,*,#10602,.F.);
#11027 = ORIENTED_EDGE('',*,*,#11028,.F.);
#11028 = EDGE_CURVE('',#10337,#10603,#11029,.T.);
#11029 = LINE('',#11030,#11031);
#11030 = CARTESIAN_POINT('',(-48.271779,46.749196,0.));
#11031 = VECTOR('',#11032,1.);
#11032 = DIRECTION('',(0.,0.,1.));
#11033 = PLANE('',#11034);
#11034 = AXIS2_PLACEMENT_3D('',#11035,#11036,#11037);
#11035 = CARTESIAN_POINT('',(-73.271779,46.749196,0.));
#11036 = DIRECTION('',(0.,1.,0.));
#11037 = DIRECTION('',(1.,0.,0.));
#11038 = ADVANCED_FACE('',(#11039),#11050,.T.);
#11039 = FACE_BOUND('',#11040,.T.);
#11040 = EDGE_LOOP('',(#11041,#11042,#11043,#11044));
#11041 = ORIENTED_EDGE('',*,*,#10344,.F.);
#11042 = ORIENTED_EDGE('',*,*,#11028,.T.);
#11043 = ORIENTED_EDGE('',*,*,#10610,.F.);
#11044 = ORIENTED_EDGE('',*,*,#11045,.F.);
#11045 = EDGE_CURVE('',#10345,#10611,#11046,.T.);
#11046 = LINE('',#11047,#11048);
#11047 = CARTESIAN_POINT('',(-48.271779,49.749196,0.));
#11048 = VECTOR('',#11049,1.);
#11049 = DIRECTION('',(0.,0.,1.));
#11050 = PLANE('',#11051);
#11051 = AXIS2_PLACEMENT_3D('',#11052,#11053,#11054);
#11052 = CARTESIAN_POINT('',(-48.271779,46.749196,0.));
#11053 = DIRECTION('',(-1.,0.,0.));
#11054 = DIRECTION('',(0.,1.,0.));
#11055 = ADVANCED_FACE('',(#11056),#11062,.T.);
#11056 = FACE_BOUND('',#11057,.T.);
#11057 = EDGE_LOOP('',(#11058,#11059,#11060,#11061));
#11058 = ORIENTED_EDGE('',*,*,#10352,.F.);
#11059 = ORIENTED_EDGE('',*,*,#11045,.T.);
#11060 = ORIENTED_EDGE('',*,*,#10618,.F.);
#11061 = ORIENTED_EDGE('',*,*,#11004,.F.);
#11062 = PLANE('',#11063);
#11063 = AXIS2_PLACEMENT_3D('',#11064,#11065,#11066);
#11064 = CARTESIAN_POINT('',(-48.271779,49.749196,0.));
#11065 = DIRECTION('',(0.,-1.,0.));
#11066 = DIRECTION('',(-1.,0.,0.));
#11067 = ADVANCED_FACE('',(#11068),#11084,.T.);
#11068 = FACE_BOUND('',#11069,.T.);
#11069 = EDGE_LOOP('',(#11070,#11071,#11077,#11078));
#11070 = ORIENTED_EDGE('',*,*,#10360,.F.);
#11071 = ORIENTED_EDGE('',*,*,#11072,.T.);
#11072 = EDGE_CURVE('',#10361,#10493,#11073,.T.);
#11073 = LINE('',#11074,#11075);
#11074 = CARTESIAN_POINT('',(-29.946996,49.749197,0.));
#11075 = VECTOR('',#11076,1.);
#11076 = DIRECTION('',(0.,0.,1.));
#11077 = ORIENTED_EDGE('',*,*,#10490,.F.);
#11078 = ORIENTED_EDGE('',*,*,#11079,.F.);
#11079 = EDGE_CURVE('',#10363,#10491,#11080,.T.);
#11080 = LINE('',#11081,#11082);
#11081 = CARTESIAN_POINT('',(-29.946996,46.749197,0.));
#11082 = VECTOR('',#11083,1.);
#11083 = DIRECTION('',(0.,0.,1.));
#11084 = PLANE('',#11085);
#11085 = AXIS2_PLACEMENT_3D('',#11086,#11087,#11088);
#11086 = CARTESIAN_POINT('',(-29.946996,49.749197,0.));
#11087 = DIRECTION('',(1.,0.,0.));
#11088 = DIRECTION('',(0.,-1.,0.));
#11089 = ADVANCED_FACE('',(#11090),#11101,.T.);
#11090 = FACE_BOUND('',#11091,.T.);
#11091 = EDGE_LOOP('',(#11092,#11093,#11094,#11095));
#11092 = ORIENTED_EDGE('',*,*,#10370,.F.);
#11093 = ORIENTED_EDGE('',*,*,#11079,.T.);
#11094 = ORIENTED_EDGE('',*,*,#10500,.F.);
#11095 = ORIENTED_EDGE('',*,*,#11096,.F.);
#11096 = EDGE_CURVE('',#10371,#10501,#11097,.T.);
#11097 = LINE('',#11098,#11099);
#11098 = CARTESIAN_POINT('',(-4.946996,46.749197,0.));
#11099 = VECTOR('',#11100,1.);
#11100 = DIRECTION('',(0.,0.,1.));
#11101 = PLANE('',#11102);
#11102 = AXIS2_PLACEMENT_3D('',#11103,#11104,#11105);
#11103 = CARTESIAN_POINT('',(-29.946996,46.749197,0.));
#11104 = DIRECTION('',(0.,1.,0.));
#11105 = DIRECTION('',(1.,0.,0.));
#11106 = ADVANCED_FACE('',(#11107),#11118,.T.);
#11107 = FACE_BOUND('',#11108,.T.);
#11108 = EDGE_LOOP('',(#11109,#11110,#11111,#11112));
#11109 = ORIENTED_EDGE('',*,*,#10378,.F.);
#11110 = ORIENTED_EDGE('',*,*,#11096,.T.);
#11111 = ORIENTED_EDGE('',*,*,#10508,.F.);
#11112 = ORIENTED_EDGE('',*,*,#11113,.F.);
#11113 = EDGE_CURVE('',#10379,#10509,#11114,.T.);
#11114 = LINE('',#11115,#11116);
#11115 = CARTESIAN_POINT('',(-4.946996,49.749197,0.));
#11116 = VECTOR('',#11117,1.);
#11117 = DIRECTION('',(0.,0.,1.));
#11118 = PLANE('',#11119);
#11119 = AXIS2_PLACEMENT_3D('',#11120,#11121,#11122);
#11120 = CARTESIAN_POINT('',(-4.946996,46.749197,0.));
#11121 = DIRECTION('',(-1.,0.,0.));
#11122 = DIRECTION('',(0.,1.,0.));
#11123 = ADVANCED_FACE('',(#11124),#11130,.T.);
#11124 = FACE_BOUND('',#11125,.T.);
#11125 = EDGE_LOOP('',(#11126,#11127,#11128,#11129));
#11126 = ORIENTED_EDGE('',*,*,#10386,.F.);
#11127 = ORIENTED_EDGE('',*,*,#11113,.T.);
#11128 = ORIENTED_EDGE('',*,*,#10516,.F.);
#11129 = ORIENTED_EDGE('',*,*,#11072,.F.);
#11130 = PLANE('',#11131);
#11131 = AXIS2_PLACEMENT_3D('',#11132,#11133,#11134);
#11132 = CARTESIAN_POINT('',(-4.946996,49.749197,0.));
#11133 = DIRECTION('',(0.,-1.,0.));
#11134 = DIRECTION('',(-1.,0.,0.));
#11135 = ( GEOMETRIC_REPRESENTATION_CONTEXT(3) 
GLOBAL_UNCERTAINTY_ASSIGNED_CONTEXT((#11139)) 
GLOBAL_UNIT_ASSIGNED_CONTEXT((#11136,#11137,#11138)) 
REPRESENTATION_CONTEXT('Context #1',
  '3D Context with UNIT and UNCERTAINTY') );
#11136 = ( LENGTH_UNIT() NAMED_UNIT(*) SI_UNIT(.MILLI.,.METRE.) );
#11137 = ( NAMED_UNIT(*) PLANE_ANGLE_UNIT() SI_UNIT($,.RADIAN.) );
#11138 = ( NAMED_UNIT(*) SI_UNIT($,.STERADIAN.) SOLID_ANGLE_UNIT() );
#11139 = UNCERTAINTY_MEASURE_WITH_UNIT(LENGTH_MEASURE(5.E-05),#11136,
  'distance_accuracy_value','confusion accuracy');
#11140 = CONTEXT_DEPENDENT_SHAPE_REPRESENTATION(#11141,#11143);
#11141 = ( REPRESENTATION_RELATIONSHIP('','',#10102,#10) 
REPRESENTATION_RELATIONSHIP_WITH_TRANSFORMATION(#11142) 
SHAPE_REPRESENTATION_RELATIONSHIP() );
#11142 = ITEM_DEFINED_TRANSFORMATION('','',#11,#79);
#11143 = PRODUCT_DEFINITION_SHAPE('Placement','Placement of an item',
  #11144);
#11144 = NEXT_ASSEMBLY_USAGE_OCCURRENCE('262','距离卡扣锁','',#5,
  #10097,$);
#11145 = PRODUCT_RELATED_PRODUCT_CATEGORY('part',$,(#10099));
#11146 = CONTEXT_DEPENDENT_SHAPE_REPRESENTATION(#11147,#11149);
#11147 = ( REPRESENTATION_RELATIONSHIP('','',#2976,#10) 
REPRESENTATION_RELATIONSHIP_WITH_TRANSFORMATION(#11148) 
SHAPE_REPRESENTATION_RELATIONSHIP() );
#11148 = ITEM_DEFINED_TRANSFORMATION('','',#11,#83);
#11149 = PRODUCT_DEFINITION_SHAPE('Placement','Placement of an item',
  #11150);
#11150 = NEXT_ASSEMBLY_USAGE_OCCURRENCE('263','X轴001','',#5,#2971,$);
#11151 = CONTEXT_DEPENDENT_SHAPE_REPRESENTATION(#11152,#11154);
#11152 = ( REPRESENTATION_RELATIONSHIP('','',#2976,#10) 
REPRESENTATION_RELATIONSHIP_WITH_TRANSFORMATION(#11153) 
SHAPE_REPRESENTATION_RELATIONSHIP() );
#11153 = ITEM_DEFINED_TRANSFORMATION('','',#11,#87);
#11154 = PRODUCT_DEFINITION_SHAPE('Placement','Placement of an item',
  #11155);
#11155 = NEXT_ASSEMBLY_USAGE_OCCURRENCE('264','Y轴001','',#5,#2971,$);
#11156 = CONTEXT_DEPENDENT_SHAPE_REPRESENTATION(#11157,#11159);
#11157 = ( REPRESENTATION_RELATIONSHIP('','',#2976,#10) 
REPRESENTATION_RELATIONSHIP_WITH_TRANSFORMATION(#11158) 
SHAPE_REPRESENTATION_RELATIONSHIP() );
#11158 = ITEM_DEFINED_TRANSFORMATION('','',#11,#91);
#11159 = PRODUCT_DEFINITION_SHAPE('Placement','Placement of an item',
  #11160);
#11160 = NEXT_ASSEMBLY_USAGE_OCCURRENCE('265','Z轴001','',#5,#2971,$);
#11161 = CONTEXT_DEPENDENT_SHAPE_REPRESENTATION(#11162,#11164);
#11162 = ( REPRESENTATION_RELATIONSHIP('','',#3010,#10) 
REPRESENTATION_RELATIONSHIP_WITH_TRANSFORMATION(#11163) 
SHAPE_REPRESENTATION_RELATIONSHIP() );
#11163 = ITEM_DEFINED_TRANSFORMATION('','',#11,#95);
#11164 = PRODUCT_DEFINITION_SHAPE('Placement','Placement of an item',
  #11165);
#11165 = NEXT_ASSEMBLY_USAGE_OCCURRENCE('266','XY平面001','',#5,#3005,
  $);
#11166 = CONTEXT_DEPENDENT_SHAPE_REPRESENTATION(#11167,#11169);
#11167 = ( REPRESENTATION_RELATIONSHIP('','',#3010,#10) 
REPRESENTATION_RELATIONSHIP_WITH_TRANSFORMATION(#11168) 
SHAPE_REPRESENTATION_RELATIONSHIP() );
#11168 = ITEM_DEFINED_TRANSFORMATION('','',#11,#99);
#11169 = PRODUCT_DEFINITION_SHAPE('Placement','Placement of an item',
  #11170);
#11170 = NEXT_ASSEMBLY_USAGE_OCCURRENCE('267','XZ平面001','',#5,#3005,
  $);
#11171 = CONTEXT_DEPENDENT_SHAPE_REPRESENTATION(#11172,#11174);
#11172 = ( REPRESENTATION_RELATIONSHIP('','',#3010,#10) 
REPRESENTATION_RELATIONSHIP_WITH_TRANSFORMATION(#11173) 
SHAPE_REPRESENTATION_RELATIONSHIP() );
#11173 = ITEM_DEFINED_TRANSFORMATION('','',#11,#103);
#11174 = PRODUCT_DEFINITION_SHAPE('Placement','Placement of an item',
  #11175);
#11175 = NEXT_ASSEMBLY_USAGE_OCCURRENCE('268','YZ平面001','',#5,#3005,
  $);
#11176 = SHAPE_DEFINITION_REPRESENTATION(#11177,#11183);
#11177 = PRODUCT_DEFINITION_SHAPE('','',#11178);
#11178 = PRODUCT_DEFINITION('design','',#11179,#11182);
#11179 = PRODUCT_DEFINITION_FORMATION('','',#11180);
#11180 = PRODUCT('Sketch004','Sketch004','',(#11181));
#11181 = PRODUCT_CONTEXT('',#2,'mechanical');
#11182 = PRODUCT_DEFINITION_CONTEXT('part definition',#2,'design');
#11183 = SHAPE_REPRESENTATION('',(#11,#11184,#11213,#11242,#11271,#11300
    ,#11329,#11358),#11387);
#11184 = GEOMETRIC_CURVE_SET('',(#11185,#11192,#11199,#11206));
#11185 = TRIMMED_CURVE('',#11186,(#11190,PARAMETER_VALUE(0.)),(#11191,
    PARAMETER_VALUE(55.)),.T.,.PARAMETER.);
#11186 = LINE('',#11187,#11188);
#11187 = CARTESIAN_POINT('',(-79.,55.,0.));
#11188 = VECTOR('',#11189,1.);
#11189 = DIRECTION('',(0.,-1.,0.));
#11190 = CARTESIAN_POINT('',(-79.,55.,0.));
#11191 = CARTESIAN_POINT('',(-79.,0.,0.));
#11192 = TRIMMED_CURVE('',#11193,(#11197,PARAMETER_VALUE(0.)),(#11198,
    PARAMETER_VALUE(79.)),.T.,.PARAMETER.);
#11193 = LINE('',#11194,#11195);
#11194 = CARTESIAN_POINT('',(-79.,0.,0.));
#11195 = VECTOR('',#11196,1.);
#11196 = DIRECTION('',(1.,0.,0.));
#11197 = CARTESIAN_POINT('',(-79.,0.,0.));
#11198 = CARTESIAN_POINT('',(0.,0.,0.));
#11199 = TRIMMED_CURVE('',#11200,(#11204,PARAMETER_VALUE(0.)),(#11205,
    PARAMETER_VALUE(55.)),.T.,.PARAMETER.);
#11200 = LINE('',#11201,#11202);
#11201 = CARTESIAN_POINT('',(0.,0.,0.));
#11202 = VECTOR('',#11203,1.);
#11203 = DIRECTION('',(0.,1.,0.));
#11204 = CARTESIAN_POINT('',(0.,0.,0.));
#11205 = CARTESIAN_POINT('',(0.,55.,0.));
#11206 = TRIMMED_CURVE('',#11207,(#11211,PARAMETER_VALUE(0.)),(#11212,
    PARAMETER_VALUE(79.)),.T.,.PARAMETER.);
#11207 = LINE('',#11208,#11209);
#11208 = CARTESIAN_POINT('',(0.,55.,0.));
#11209 = VECTOR('',#11210,1.);
#11210 = DIRECTION('',(-1.,0.,0.));
#11211 = CARTESIAN_POINT('',(0.,55.,0.));
#11212 = CARTESIAN_POINT('',(-79.,55.,0.));
#11213 = GEOMETRIC_CURVE_SET('',(#11214,#11221,#11228,#11235));
#11214 = TRIMMED_CURVE('',#11215,(#11219,PARAMETER_VALUE(0.)),(#11220,
    PARAMETER_VALUE(3.)),.T.,.PARAMETER.);
#11215 = LINE('',#11216,#11217);
#11216 = CARTESIAN_POINT('',(-73.27177889033,37.828867542113,0.));
#11217 = VECTOR('',#11218,1.);
#11218 = DIRECTION('',(0.,-1.,0.));
#11219 = CARTESIAN_POINT('',(-73.27177889033,37.828867542113,0.));
#11220 = CARTESIAN_POINT('',(-73.27177889033,34.828867542113,0.));
#11221 = TRIMMED_CURVE('',#11222,(#11226,PARAMETER_VALUE(0.)),(#11227,
    PARAMETER_VALUE(25.)),.T.,.PARAMETER.);
#11222 = LINE('',#11223,#11224);
#11223 = CARTESIAN_POINT('',(-73.27177889033,34.828867542113,0.));
#11224 = VECTOR('',#11225,1.);
#11225 = DIRECTION('',(1.,0.,0.));
#11226 = CARTESIAN_POINT('',(-73.27177889033,34.828867542113,0.));
#11227 = CARTESIAN_POINT('',(-48.27177889033,34.828867542113,0.));
#11228 = TRIMMED_CURVE('',#11229,(#11233,PARAMETER_VALUE(0.)),(#11234,
    PARAMETER_VALUE(3.)),.T.,.PARAMETER.);
#11229 = LINE('',#11230,#11231);
#11230 = CARTESIAN_POINT('',(-48.27177889033,34.828867542113,0.));
#11231 = VECTOR('',#11232,1.);
#11232 = DIRECTION('',(0.,1.,0.));
#11233 = CARTESIAN_POINT('',(-48.27177889033,34.828867542113,0.));
#11234 = CARTESIAN_POINT('',(-48.27177889033,37.828867542113,0.));
#11235 = TRIMMED_CURVE('',#11236,(#11240,PARAMETER_VALUE(0.)),(#11241,
    PARAMETER_VALUE(25.)),.T.,.PARAMETER.);
#11236 = LINE('',#11237,#11238);
#11237 = CARTESIAN_POINT('',(-48.27177889033,37.828867542113,0.));
#11238 = VECTOR('',#11239,1.);
#11239 = DIRECTION('',(-1.,0.,0.));
#11240 = CARTESIAN_POINT('',(-48.27177889033,37.828867542113,0.));
#11241 = CARTESIAN_POINT('',(-73.27177889033,37.828867542113,0.));
#11242 = GEOMETRIC_CURVE_SET('',(#11243,#11250,#11257,#11264));
#11243 = TRIMMED_CURVE('',#11244,(#11248,PARAMETER_VALUE(0.)),(#11249,
    PARAMETER_VALUE(3.)),.T.,.PARAMETER.);
#11244 = LINE('',#11245,#11246);
#11245 = CARTESIAN_POINT('',(-29.946996,37.828868,0.));
#11246 = VECTOR('',#11247,1.);
#11247 = DIRECTION('',(0.,-1.,0.));
#11248 = CARTESIAN_POINT('',(-29.946996,37.828868,0.));
#11249 = CARTESIAN_POINT('',(-29.946996,34.828868,0.));
#11250 = TRIMMED_CURVE('',#11251,(#11255,PARAMETER_VALUE(0.)),(#11256,
    PARAMETER_VALUE(25.)),.T.,.PARAMETER.);
#11251 = LINE('',#11252,#11253);
#11252 = CARTESIAN_POINT('',(-29.946996,34.828868,0.));
#11253 = VECTOR('',#11254,1.);
#11254 = DIRECTION('',(1.,0.,0.));
#11255 = CARTESIAN_POINT('',(-29.946996,34.828868,0.));
#11256 = CARTESIAN_POINT('',(-4.946996,34.828868,0.));
#11257 = TRIMMED_CURVE('',#11258,(#11262,PARAMETER_VALUE(0.)),(#11263,
    PARAMETER_VALUE(3.)),.T.,.PARAMETER.);
#11258 = LINE('',#11259,#11260);
#11259 = CARTESIAN_POINT('',(-4.946996,34.828868,0.));
#11260 = VECTOR('',#11261,1.);
#11261 = DIRECTION('',(0.,1.,0.));
#11262 = CARTESIAN_POINT('',(-4.946996,34.828868,0.));
#11263 = CARTESIAN_POINT('',(-4.946996,37.828868,0.));
#11264 = TRIMMED_CURVE('',#11265,(#11269,PARAMETER_VALUE(0.)),(#11270,
    PARAMETER_VALUE(25.)),.T.,.PARAMETER.);
#11265 = LINE('',#11266,#11267);
#11266 = CARTESIAN_POINT('',(-4.946996,37.828868,0.));
#11267 = VECTOR('',#11268,1.);
#11268 = DIRECTION('',(-1.,0.,0.));
#11269 = CARTESIAN_POINT('',(-4.946996,37.828868,0.));
#11270 = CARTESIAN_POINT('',(-29.946996,37.828868,0.));
#11271 = GEOMETRIC_CURVE_SET('',(#11272,#11279,#11286,#11293));
#11272 = TRIMMED_CURVE('',#11273,(#11277,PARAMETER_VALUE(0.)),(#11278,
    PARAMETER_VALUE(3.)),.T.,.PARAMETER.);
#11273 = LINE('',#11274,#11275);
#11274 = CARTESIAN_POINT('',(-73.271779,43.789032,0.));
#11275 = VECTOR('',#11276,1.);
#11276 = DIRECTION('',(0.,-1.,0.));
#11277 = CARTESIAN_POINT('',(-73.271779,43.789032,0.));
#11278 = CARTESIAN_POINT('',(-73.271779,40.789032,0.));
#11279 = TRIMMED_CURVE('',#11280,(#11284,PARAMETER_VALUE(0.)),(#11285,
    PARAMETER_VALUE(25.)),.T.,.PARAMETER.);
#11280 = LINE('',#11281,#11282);
#11281 = CARTESIAN_POINT('',(-73.271779,40.789032,0.));
#11282 = VECTOR('',#11283,1.);
#11283 = DIRECTION('',(1.,0.,0.));
#11284 = CARTESIAN_POINT('',(-73.271779,40.789032,0.));
#11285 = CARTESIAN_POINT('',(-48.271779,40.789032,0.));
#11286 = TRIMMED_CURVE('',#11287,(#11291,PARAMETER_VALUE(0.)),(#11292,
    PARAMETER_VALUE(3.)),.T.,.PARAMETER.);
#11287 = LINE('',#11288,#11289);
#11288 = CARTESIAN_POINT('',(-48.271779,40.789032,0.));
#11289 = VECTOR('',#11290,1.);
#11290 = DIRECTION('',(0.,1.,0.));
#11291 = CARTESIAN_POINT('',(-48.271779,40.789032,0.));
#11292 = CARTESIAN_POINT('',(-48.271779,43.789032,0.));
#11293 = TRIMMED_CURVE('',#11294,(#11298,PARAMETER_VALUE(0.)),(#11299,
    PARAMETER_VALUE(25.)),.T.,.PARAMETER.);
#11294 = LINE('',#11295,#11296);
#11295 = CARTESIAN_POINT('',(-48.271779,43.789032,0.));
#11296 = VECTOR('',#11297,1.);
#11297 = DIRECTION('',(-1.,0.,0.));
#11298 = CARTESIAN_POINT('',(-48.271779,43.789032,0.));
#11299 = CARTESIAN_POINT('',(-73.271779,43.789032,0.));
#11300 = GEOMETRIC_CURVE_SET('',(#11301,#11308,#11315,#11322));
#11301 = TRIMMED_CURVE('',#11302,(#11306,PARAMETER_VALUE(0.)),(#11307,
    PARAMETER_VALUE(3.)),.T.,.PARAMETER.);
#11302 = LINE('',#11303,#11304);
#11303 = CARTESIAN_POINT('',(-29.946996,43.789032,0.));
#11304 = VECTOR('',#11305,1.);
#11305 = DIRECTION('',(0.,-1.,0.));
#11306 = CARTESIAN_POINT('',(-29.946996,43.789032,0.));
#11307 = CARTESIAN_POINT('',(-29.946996,40.789032,0.));
#11308 = TRIMMED_CURVE('',#11309,(#11313,PARAMETER_VALUE(0.)),(#11314,
    PARAMETER_VALUE(25.)),.T.,.PARAMETER.);
#11309 = LINE('',#11310,#11311);
#11310 = CARTESIAN_POINT('',(-29.946996,40.789032,0.));
#11311 = VECTOR('',#11312,1.);
#11312 = DIRECTION('',(1.,0.,0.));
#11313 = CARTESIAN_POINT('',(-29.946996,40.789032,0.));
#11314 = CARTESIAN_POINT('',(-4.946996,40.789032,0.));
#11315 = TRIMMED_CURVE('',#11316,(#11320,PARAMETER_VALUE(0.)),(#11321,
    PARAMETER_VALUE(3.)),.T.,.PARAMETER.);
#11316 = LINE('',#11317,#11318);
#11317 = CARTESIAN_POINT('',(-4.946996,40.789032,0.));
#11318 = VECTOR('',#11319,1.);
#11319 = DIRECTION('',(0.,1.,0.));
#11320 = CARTESIAN_POINT('',(-4.946996,40.789032,0.));
#11321 = CARTESIAN_POINT('',(-4.946996,43.789032,0.));
#11322 = TRIMMED_CURVE('',#11323,(#11327,PARAMETER_VALUE(0.)),(#11328,
    PARAMETER_VALUE(25.)),.T.,.PARAMETER.);
#11323 = LINE('',#11324,#11325);
#11324 = CARTESIAN_POINT('',(-4.946996,43.789032,0.));
#11325 = VECTOR('',#11326,1.);
#11326 = DIRECTION('',(-1.,0.,0.));
#11327 = CARTESIAN_POINT('',(-4.946996,43.789032,0.));
#11328 = CARTESIAN_POINT('',(-29.946996,43.789032,0.));
#11329 = GEOMETRIC_CURVE_SET('',(#11330,#11337,#11344,#11351));
#11330 = TRIMMED_CURVE('',#11331,(#11335,PARAMETER_VALUE(0.)),(#11336,
    PARAMETER_VALUE(3.)),.T.,.PARAMETER.);
#11331 = LINE('',#11332,#11333);
#11332 = CARTESIAN_POINT('',(-73.271779,49.749196,0.));
#11333 = VECTOR('',#11334,1.);
#11334 = DIRECTION('',(0.,-1.,0.));
#11335 = CARTESIAN_POINT('',(-73.271779,49.749196,0.));
#11336 = CARTESIAN_POINT('',(-73.271779,46.749196,0.));
#11337 = TRIMMED_CURVE('',#11338,(#11342,PARAMETER_VALUE(0.)),(#11343,
    PARAMETER_VALUE(25.)),.T.,.PARAMETER.);
#11338 = LINE('',#11339,#11340);
#11339 = CARTESIAN_POINT('',(-73.271779,46.749196,0.));
#11340 = VECTOR('',#11341,1.);
#11341 = DIRECTION('',(1.,0.,0.));
#11342 = CARTESIAN_POINT('',(-73.271779,46.749196,0.));
#11343 = CARTESIAN_POINT('',(-48.271779,46.749196,0.));
#11344 = TRIMMED_CURVE('',#11345,(#11349,PARAMETER_VALUE(0.)),(#11350,
    PARAMETER_VALUE(3.)),.T.,.PARAMETER.);
#11345 = LINE('',#11346,#11347);
#11346 = CARTESIAN_POINT('',(-48.271779,46.749196,0.));
#11347 = VECTOR('',#11348,1.);
#11348 = DIRECTION('',(0.,1.,0.));
#11349 = CARTESIAN_POINT('',(-48.271779,46.749196,0.));
#11350 = CARTESIAN_POINT('',(-48.271779,49.749196,0.));
#11351 = TRIMMED_CURVE('',#11352,(#11356,PARAMETER_VALUE(0.)),(#11357,
    PARAMETER_VALUE(25.)),.T.,.PARAMETER.);
#11352 = LINE('',#11353,#11354);
#11353 = CARTESIAN_POINT('',(-48.271779,49.749196,0.));
#11354 = VECTOR('',#11355,1.);
#11355 = DIRECTION('',(-1.,0.,0.));
#11356 = CARTESIAN_POINT('',(-48.271779,49.749196,0.));
#11357 = CARTESIAN_POINT('',(-73.271779,49.749196,0.));
#11358 = GEOMETRIC_CURVE_SET('',(#11359,#11366,#11373,#11380));
#11359 = TRIMMED_CURVE('',#11360,(#11364,PARAMETER_VALUE(0.)),(#11365,
    PARAMETER_VALUE(3.)),.T.,.PARAMETER.);
#11360 = LINE('',#11361,#11362);
#11361 = CARTESIAN_POINT('',(-29.946996,49.749197,0.));
#11362 = VECTOR('',#11363,1.);
#11363 = DIRECTION('',(0.,-1.,0.));
#11364 = CARTESIAN_POINT('',(-29.946996,49.749197,0.));
#11365 = CARTESIAN_POINT('',(-29.946996,46.749197,0.));
#11366 = TRIMMED_CURVE('',#11367,(#11371,PARAMETER_VALUE(0.)),(#11372,
    PARAMETER_VALUE(25.)),.T.,.PARAMETER.);
#11367 = LINE('',#11368,#11369);
#11368 = CARTESIAN_POINT('',(-29.946996,46.749197,0.));
#11369 = VECTOR('',#11370,1.);
#11370 = DIRECTION('',(1.,0.,0.));
#11371 = CARTESIAN_POINT('',(-29.946996,46.749197,0.));
#11372 = CARTESIAN_POINT('',(-4.946996,46.749197,0.));
#11373 = TRIMMED_CURVE('',#11374,(#11378,PARAMETER_VALUE(0.)),(#11379,
    PARAMETER_VALUE(3.)),.T.,.PARAMETER.);
#11374 = LINE('',#11375,#11376);
#11375 = CARTESIAN_POINT('',(-4.946996,46.749197,0.));
#11376 = VECTOR('',#11377,1.);
#11377 = DIRECTION('',(0.,1.,0.));
#11378 = CARTESIAN_POINT('',(-4.946996,46.749197,0.));
#11379 = CARTESIAN_POINT('',(-4.946996,49.749197,0.));
#11380 = TRIMMED_CURVE('',#11381,(#11385,PARAMETER_VALUE(0.)),(#11386,
    PARAMETER_VALUE(25.)),.T.,.PARAMETER.);
#11381 = LINE('',#11382,#11383);
#11382 = CARTESIAN_POINT('',(-4.946996,49.749197,0.));
#11383 = VECTOR('',#11384,1.);
#11384 = DIRECTION('',(-1.,0.,0.));
#11385 = CARTESIAN_POINT('',(-4.946996,49.749197,0.));
#11386 = CARTESIAN_POINT('',(-29.946996,49.749197,0.));
#11387 = ( GEOMETRIC_REPRESENTATION_CONTEXT(3) 
GLOBAL_UNCERTAINTY_ASSIGNED_CONTEXT((#11391)) 
GLOBAL_UNIT_ASSIGNED_CONTEXT((#11388,#11389,#11390)) 
REPRESENTATION_CONTEXT('Context #1',
  '3D Context with UNIT and UNCERTAINTY') );
#11388 = ( LENGTH_UNIT() NAMED_UNIT(*) SI_UNIT(.MILLI.,.METRE.) );
#11389 = ( NAMED_UNIT(*) PLANE_ANGLE_UNIT() SI_UNIT($,.RADIAN.) );
#11390 = ( NAMED_UNIT(*) SI_UNIT($,.STERADIAN.) SOLID_ANGLE_UNIT() );
#11391 = UNCERTAINTY_MEASURE_WITH_UNIT(LENGTH_MEASURE(1.E-07),#11388,
  'distance_accuracy_value','confusion accuracy');
#11392 = CONTEXT_DEPENDENT_SHAPE_REPRESENTATION(#11393,#11395);
#11393 = ( REPRESENTATION_RELATIONSHIP('','',#11183,#10) 
REPRESENTATION_RELATIONSHIP_WITH_TRANSFORMATION(#11394) 
SHAPE_REPRESENTATION_RELATIONSHIP() );
#11394 = ITEM_DEFINED_TRANSFORMATION('','',#11,#107);
#11395 = PRODUCT_DEFINITION_SHAPE('Placement','Placement of an item',
  #11396);
#11396 = NEXT_ASSEMBLY_USAGE_OCCURRENCE('269','Sketch004','',#5,#11178,$
  );
#11397 = PRODUCT_RELATED_PRODUCT_CATEGORY('part',$,(#11180));
#11398 = SHAPE_DEFINITION_REPRESENTATION(#11399,#11405);
#11399 = PRODUCT_DEFINITION_SHAPE('','',#11400);
#11400 = PRODUCT_DEFINITION('design','',#11401,#11404);
#11401 = PRODUCT_DEFINITION_FORMATION('','',#11402);
#11402 = PRODUCT('Pad002','Pad002','',(#11403));
#11403 = PRODUCT_CONTEXT('',#2,'mechanical');
#11404 = PRODUCT_DEFINITION_CONTEXT('part definition',#2,'design');
#11405 = ADVANCED_BREP_SHAPE_REPRESENTATION('',(#11,#11406),#12372);
#11406 = MANIFOLD_SOLID_BREP('',#11407);
#11407 = CLOSED_SHELL('',(#11408,#11448,#11479,#11510,#11532,#11572,
    #11603,#11634,#11656,#11696,#11727,#11758,#11780,#11820,#11851,
    #11882,#11904,#11944,#11975,#12006,#12028,#12068,#12099,#12130,
    #12152,#12192,#12223,#12254,#12276,#12324));
#11408 = ADVANCED_FACE('',(#11409),#11443,.F.);
#11409 = FACE_BOUND('',#11410,.F.);
#11410 = EDGE_LOOP('',(#11411,#11421,#11429,#11437));
#11411 = ORIENTED_EDGE('',*,*,#11412,.T.);
#11412 = EDGE_CURVE('',#11413,#11415,#11417,.T.);
#11413 = VERTEX_POINT('',#11414);
#11414 = CARTESIAN_POINT('',(-79.,55.,0.));
#11415 = VERTEX_POINT('',#11416);
#11416 = CARTESIAN_POINT('',(-79.,55.,18.5));
#11417 = LINE('',#11418,#11419);
#11418 = CARTESIAN_POINT('',(-79.,55.,0.));
#11419 = VECTOR('',#11420,1.);
#11420 = DIRECTION('',(0.,0.,1.));
#11421 = ORIENTED_EDGE('',*,*,#11422,.T.);
#11422 = EDGE_CURVE('',#11415,#11423,#11425,.T.);
#11423 = VERTEX_POINT('',#11424);
#11424 = CARTESIAN_POINT('',(-79.,0.,18.5));
#11425 = LINE('',#11426,#11427);
#11426 = CARTESIAN_POINT('',(-79.,55.,18.5));
#11427 = VECTOR('',#11428,1.);
#11428 = DIRECTION('',(0.,-1.,0.));
#11429 = ORIENTED_EDGE('',*,*,#11430,.F.);
#11430 = EDGE_CURVE('',#11431,#11423,#11433,.T.);
#11431 = VERTEX_POINT('',#11432);
#11432 = CARTESIAN_POINT('',(-79.,0.,0.));
#11433 = LINE('',#11434,#11435);
#11434 = CARTESIAN_POINT('',(-79.,0.,0.));
#11435 = VECTOR('',#11436,1.);
#11436 = DIRECTION('',(0.,0.,1.));
#11437 = ORIENTED_EDGE('',*,*,#11438,.F.);
#11438 = EDGE_CURVE('',#11413,#11431,#11439,.T.);
#11439 = LINE('',#11440,#11441);
#11440 = CARTESIAN_POINT('',(-79.,55.,0.));
#11441 = VECTOR('',#11442,1.);
#11442 = DIRECTION('',(0.,-1.,0.));
#11443 = PLANE('',#11444);
#11444 = AXIS2_PLACEMENT_3D('',#11445,#11446,#11447);
#11445 = CARTESIAN_POINT('',(-79.,55.,0.));
#11446 = DIRECTION('',(1.,0.,-0.));
#11447 = DIRECTION('',(0.,-1.,0.));
#11448 = ADVANCED_FACE('',(#11449),#11474,.F.);
#11449 = FACE_BOUND('',#11450,.F.);
#11450 = EDGE_LOOP('',(#11451,#11452,#11460,#11468));
#11451 = ORIENTED_EDGE('',*,*,#11430,.T.);
#11452 = ORIENTED_EDGE('',*,*,#11453,.T.);
#11453 = EDGE_CURVE('',#11423,#11454,#11456,.T.);
#11454 = VERTEX_POINT('',#11455);
#11455 = CARTESIAN_POINT('',(0.,0.,18.5));
#11456 = LINE('',#11457,#11458);
#11457 = CARTESIAN_POINT('',(-79.,0.,18.5));
#11458 = VECTOR('',#11459,1.);
#11459 = DIRECTION('',(1.,0.,0.));
#11460 = ORIENTED_EDGE('',*,*,#11461,.F.);
#11461 = EDGE_CURVE('',#11462,#11454,#11464,.T.);
#11462 = VERTEX_POINT('',#11463);
#11463 = CARTESIAN_POINT('',(0.,0.,0.));
#11464 = LINE('',#11465,#11466);
#11465 = CARTESIAN_POINT('',(0.,0.,0.));
#11466 = VECTOR('',#11467,1.);
#11467 = DIRECTION('',(0.,0.,1.));
#11468 = ORIENTED_EDGE('',*,*,#11469,.F.);
#11469 = EDGE_CURVE('',#11431,#11462,#11470,.T.);
#11470 = LINE('',#11471,#11472);
#11471 = CARTESIAN_POINT('',(-79.,0.,0.));
#11472 = VECTOR('',#11473,1.);
#11473 = DIRECTION('',(1.,0.,0.));
#11474 = PLANE('',#11475);
#11475 = AXIS2_PLACEMENT_3D('',#11476,#11477,#11478);
#11476 = CARTESIAN_POINT('',(-79.,0.,0.));
#11477 = DIRECTION('',(0.,1.,0.));
#11478 = DIRECTION('',(1.,0.,0.));
#11479 = ADVANCED_FACE('',(#11480),#11505,.F.);
#11480 = FACE_BOUND('',#11481,.F.);
#11481 = EDGE_LOOP('',(#11482,#11483,#11491,#11499));
#11482 = ORIENTED_EDGE('',*,*,#11461,.T.);
#11483 = ORIENTED_EDGE('',*,*,#11484,.T.);
#11484 = EDGE_CURVE('',#11454,#11485,#11487,.T.);
#11485 = VERTEX_POINT('',#11486);
#11486 = CARTESIAN_POINT('',(0.,55.,18.5));
#11487 = LINE('',#11488,#11489);
#11488 = CARTESIAN_POINT('',(0.,0.,18.5));
#11489 = VECTOR('',#11490,1.);
#11490 = DIRECTION('',(0.,1.,0.));
#11491 = ORIENTED_EDGE('',*,*,#11492,.F.);
#11492 = EDGE_CURVE('',#11493,#11485,#11495,.T.);
#11493 = VERTEX_POINT('',#11494);
#11494 = CARTESIAN_POINT('',(0.,55.,0.));
#11495 = LINE('',#11496,#11497);
#11496 = CARTESIAN_POINT('',(0.,55.,0.));
#11497 = VECTOR('',#11498,1.);
#11498 = DIRECTION('',(0.,0.,1.));
#11499 = ORIENTED_EDGE('',*,*,#11500,.F.);
#11500 = EDGE_CURVE('',#11462,#11493,#11501,.T.);
#11501 = LINE('',#11502,#11503);
#11502 = CARTESIAN_POINT('',(0.,0.,0.));
#11503 = VECTOR('',#11504,1.);
#11504 = DIRECTION('',(0.,1.,0.));
#11505 = PLANE('',#11506);
#11506 = AXIS2_PLACEMENT_3D('',#11507,#11508,#11509);
#11507 = CARTESIAN_POINT('',(0.,0.,0.));
#11508 = DIRECTION('',(-1.,0.,0.));
#11509 = DIRECTION('',(0.,1.,0.));
#11510 = ADVANCED_FACE('',(#11511),#11527,.F.);
#11511 = FACE_BOUND('',#11512,.F.);
#11512 = EDGE_LOOP('',(#11513,#11514,#11520,#11521));
#11513 = ORIENTED_EDGE('',*,*,#11492,.T.);
#11514 = ORIENTED_EDGE('',*,*,#11515,.T.);
#11515 = EDGE_CURVE('',#11485,#11415,#11516,.T.);
#11516 = LINE('',#11517,#11518);
#11517 = CARTESIAN_POINT('',(0.,55.,18.5));
#11518 = VECTOR('',#11519,1.);
#11519 = DIRECTION('',(-1.,0.,0.));
#11520 = ORIENTED_EDGE('',*,*,#11412,.F.);
#11521 = ORIENTED_EDGE('',*,*,#11522,.F.);
#11522 = EDGE_CURVE('',#11493,#11413,#11523,.T.);
#11523 = LINE('',#11524,#11525);
#11524 = CARTESIAN_POINT('',(0.,55.,0.));
#11525 = VECTOR('',#11526,1.);
#11526 = DIRECTION('',(-1.,0.,0.));
#11527 = PLANE('',#11528);
#11528 = AXIS2_PLACEMENT_3D('',#11529,#11530,#11531);
#11529 = CARTESIAN_POINT('',(0.,55.,0.));
#11530 = DIRECTION('',(0.,-1.,0.));
#11531 = DIRECTION('',(-1.,0.,0.));
#11532 = ADVANCED_FACE('',(#11533),#11567,.T.);
#11533 = FACE_BOUND('',#11534,.T.);
#11534 = EDGE_LOOP('',(#11535,#11545,#11553,#11561));
#11535 = ORIENTED_EDGE('',*,*,#11536,.T.);
#11536 = EDGE_CURVE('',#11537,#11539,#11541,.T.);
#11537 = VERTEX_POINT('',#11538);
#11538 = CARTESIAN_POINT('',(-73.27177889033,37.828867542113,0.));
#11539 = VERTEX_POINT('',#11540);
#11540 = CARTESIAN_POINT('',(-73.27177889033,37.828867542113,18.5));
#11541 = LINE('',#11542,#11543);
#11542 = CARTESIAN_POINT('',(-73.27177889033,37.828867542113,0.));
#11543 = VECTOR('',#11544,1.);
#11544 = DIRECTION('',(0.,0.,1.));
#11545 = ORIENTED_EDGE('',*,*,#11546,.T.);
#11546 = EDGE_CURVE('',#11539,#11547,#11549,.T.);
#11547 = VERTEX_POINT('',#11548);
#11548 = CARTESIAN_POINT('',(-73.27177889033,34.828867542113,18.5));
#11549 = LINE('',#11550,#11551);
#11550 = CARTESIAN_POINT('',(-73.27177889033,37.828867542113,18.5));
#11551 = VECTOR('',#11552,1.);
#11552 = DIRECTION('',(0.,-1.,0.));
#11553 = ORIENTED_EDGE('',*,*,#11554,.F.);
#11554 = EDGE_CURVE('',#11555,#11547,#11557,.T.);
#11555 = VERTEX_POINT('',#11556);
#11556 = CARTESIAN_POINT('',(-73.27177889033,34.828867542113,0.));
#11557 = LINE('',#11558,#11559);
#11558 = CARTESIAN_POINT('',(-73.27177889033,34.828867542113,0.));
#11559 = VECTOR('',#11560,1.);
#11560 = DIRECTION('',(0.,0.,1.));
#11561 = ORIENTED_EDGE('',*,*,#11562,.F.);
#11562 = EDGE_CURVE('',#11537,#11555,#11563,.T.);
#11563 = LINE('',#11564,#11565);
#11564 = CARTESIAN_POINT('',(-73.27177889033,37.828867542113,0.));
#11565 = VECTOR('',#11566,1.);
#11566 = DIRECTION('',(0.,-1.,0.));
#11567 = PLANE('',#11568);
#11568 = AXIS2_PLACEMENT_3D('',#11569,#11570,#11571);
#11569 = CARTESIAN_POINT('',(-73.27177889033,37.828867542113,0.));
#11570 = DIRECTION('',(1.,0.,-0.));
#11571 = DIRECTION('',(0.,-1.,0.));
#11572 = ADVANCED_FACE('',(#11573),#11598,.T.);
#11573 = FACE_BOUND('',#11574,.T.);
#11574 = EDGE_LOOP('',(#11575,#11576,#11584,#11592));
#11575 = ORIENTED_EDGE('',*,*,#11554,.T.);
#11576 = ORIENTED_EDGE('',*,*,#11577,.T.);
#11577 = EDGE_CURVE('',#11547,#11578,#11580,.T.);
#11578 = VERTEX_POINT('',#11579);
#11579 = CARTESIAN_POINT('',(-48.27177889033,34.828867542113,18.5));
#11580 = LINE('',#11581,#11582);
#11581 = CARTESIAN_POINT('',(-73.27177889033,34.828867542113,18.5));
#11582 = VECTOR('',#11583,1.);
#11583 = DIRECTION('',(1.,0.,0.));
#11584 = ORIENTED_EDGE('',*,*,#11585,.F.);
#11585 = EDGE_CURVE('',#11586,#11578,#11588,.T.);
#11586 = VERTEX_POINT('',#11587);
#11587 = CARTESIAN_POINT('',(-48.27177889033,34.828867542113,0.));
#11588 = LINE('',#11589,#11590);
#11589 = CARTESIAN_POINT('',(-48.27177889033,34.828867542113,0.));
#11590 = VECTOR('',#11591,1.);
#11591 = DIRECTION('',(0.,0.,1.));
#11592 = ORIENTED_EDGE('',*,*,#11593,.F.);
#11593 = EDGE_CURVE('',#11555,#11586,#11594,.T.);
#11594 = LINE('',#11595,#11596);
#11595 = CARTESIAN_POINT('',(-73.27177889033,34.828867542113,0.));
#11596 = VECTOR('',#11597,1.);
#11597 = DIRECTION('',(1.,0.,0.));
#11598 = PLANE('',#11599);
#11599 = AXIS2_PLACEMENT_3D('',#11600,#11601,#11602);
#11600 = CARTESIAN_POINT('',(-73.27177889033,34.828867542113,0.));
#11601 = DIRECTION('',(0.,1.,0.));
#11602 = DIRECTION('',(1.,0.,0.));
#11603 = ADVANCED_FACE('',(#11604),#11629,.T.);
#11604 = FACE_BOUND('',#11605,.T.);
#11605 = EDGE_LOOP('',(#11606,#11607,#11615,#11623));
#11606 = ORIENTED_EDGE('',*,*,#11585,.T.);
#11607 = ORIENTED_EDGE('',*,*,#11608,.T.);
#11608 = EDGE_CURVE('',#11578,#11609,#11611,.T.);
#11609 = VERTEX_POINT('',#11610);
#11610 = CARTESIAN_POINT('',(-48.27177889033,37.828867542113,18.5));
#11611 = LINE('',#11612,#11613);
#11612 = CARTESIAN_POINT('',(-48.27177889033,34.828867542113,18.5));
#11613 = VECTOR('',#11614,1.);
#11614 = DIRECTION('',(0.,1.,0.));
#11615 = ORIENTED_EDGE('',*,*,#11616,.F.);
#11616 = EDGE_CURVE('',#11617,#11609,#11619,.T.);
#11617 = VERTEX_POINT('',#11618);
#11618 = CARTESIAN_POINT('',(-48.27177889033,37.828867542113,0.));
#11619 = LINE('',#11620,#11621);
#11620 = CARTESIAN_POINT('',(-48.27177889033,37.828867542113,0.));
#11621 = VECTOR('',#11622,1.);
#11622 = DIRECTION('',(0.,0.,1.));
#11623 = ORIENTED_EDGE('',*,*,#11624,.F.);
#11624 = EDGE_CURVE('',#11586,#11617,#11625,.T.);
#11625 = LINE('',#11626,#11627);
#11626 = CARTESIAN_POINT('',(-48.27177889033,34.828867542113,0.));
#11627 = VECTOR('',#11628,1.);
#11628 = DIRECTION('',(0.,1.,0.));
#11629 = PLANE('',#11630);
#11630 = AXIS2_PLACEMENT_3D('',#11631,#11632,#11633);
#11631 = CARTESIAN_POINT('',(-48.27177889033,34.828867542113,0.));
#11632 = DIRECTION('',(-1.,0.,0.));
#11633 = DIRECTION('',(0.,1.,0.));
#11634 = ADVANCED_FACE('',(#11635),#11651,.T.);
#11635 = FACE_BOUND('',#11636,.T.);
#11636 = EDGE_LOOP('',(#11637,#11638,#11644,#11645));
#11637 = ORIENTED_EDGE('',*,*,#11616,.T.);
#11638 = ORIENTED_EDGE('',*,*,#11639,.T.);
#11639 = EDGE_CURVE('',#11609,#11539,#11640,.T.);
#11640 = LINE('',#11641,#11642);
#11641 = CARTESIAN_POINT('',(-48.27177889033,37.828867542113,18.5));
#11642 = VECTOR('',#11643,1.);
#11643 = DIRECTION('',(-1.,0.,0.));
#11644 = ORIENTED_EDGE('',*,*,#11536,.F.);
#11645 = ORIENTED_EDGE('',*,*,#11646,.F.);
#11646 = EDGE_CURVE('',#11617,#11537,#11647,.T.);
#11647 = LINE('',#11648,#11649);
#11648 = CARTESIAN_POINT('',(-48.27177889033,37.828867542113,0.));
#11649 = VECTOR('',#11650,1.);
#11650 = DIRECTION('',(-1.,0.,0.));
#11651 = PLANE('',#11652);
#11652 = AXIS2_PLACEMENT_3D('',#11653,#11654,#11655);
#11653 = CARTESIAN_POINT('',(-48.27177889033,37.828867542113,0.));
#11654 = DIRECTION('',(0.,-1.,0.));
#11655 = DIRECTION('',(-1.,0.,0.));
#11656 = ADVANCED_FACE('',(#11657),#11691,.T.);
#11657 = FACE_BOUND('',#11658,.T.);
#11658 = EDGE_LOOP('',(#11659,#11669,#11677,#11685));
#11659 = ORIENTED_EDGE('',*,*,#11660,.T.);
#11660 = EDGE_CURVE('',#11661,#11663,#11665,.T.);
#11661 = VERTEX_POINT('',#11662);
#11662 = CARTESIAN_POINT('',(-29.946996,37.828868,0.));
#11663 = VERTEX_POINT('',#11664);
#11664 = CARTESIAN_POINT('',(-29.946996,37.828868,18.5));
#11665 = LINE('',#11666,#11667);
#11666 = CARTESIAN_POINT('',(-29.946996,37.828868,0.));
#11667 = VECTOR('',#11668,1.);
#11668 = DIRECTION('',(0.,0.,1.));
#11669 = ORIENTED_EDGE('',*,*,#11670,.T.);
#11670 = EDGE_CURVE('',#11663,#11671,#11673,.T.);
#11671 = VERTEX_POINT('',#11672);
#11672 = CARTESIAN_POINT('',(-29.946996,34.828868,18.5));
#11673 = LINE('',#11674,#11675);
#11674 = CARTESIAN_POINT('',(-29.946996,37.828868,18.5));
#11675 = VECTOR('',#11676,1.);
#11676 = DIRECTION('',(0.,-1.,0.));
#11677 = ORIENTED_EDGE('',*,*,#11678,.F.);
#11678 = EDGE_CURVE('',#11679,#11671,#11681,.T.);
#11679 = VERTEX_POINT('',#11680);
#11680 = CARTESIAN_POINT('',(-29.946996,34.828868,0.));
#11681 = LINE('',#11682,#11683);
#11682 = CARTESIAN_POINT('',(-29.946996,34.828868,0.));
#11683 = VECTOR('',#11684,1.);
#11684 = DIRECTION('',(0.,0.,1.));
#11685 = ORIENTED_EDGE('',*,*,#11686,.F.);
#11686 = EDGE_CURVE('',#11661,#11679,#11687,.T.);
#11687 = LINE('',#11688,#11689);
#11688 = CARTESIAN_POINT('',(-29.946996,37.828868,0.));
#11689 = VECTOR('',#11690,1.);
#11690 = DIRECTION('',(0.,-1.,0.));
#11691 = PLANE('',#11692);
#11692 = AXIS2_PLACEMENT_3D('',#11693,#11694,#11695);
#11693 = CARTESIAN_POINT('',(-29.946996,37.828868,0.));
#11694 = DIRECTION('',(1.,0.,-0.));
#11695 = DIRECTION('',(0.,-1.,0.));
#11696 = ADVANCED_FACE('',(#11697),#11722,.T.);
#11697 = FACE_BOUND('',#11698,.T.);
#11698 = EDGE_LOOP('',(#11699,#11700,#11708,#11716));
#11699 = ORIENTED_EDGE('',*,*,#11678,.T.);
#11700 = ORIENTED_EDGE('',*,*,#11701,.T.);
#11701 = EDGE_CURVE('',#11671,#11702,#11704,.T.);
#11702 = VERTEX_POINT('',#11703);
#11703 = CARTESIAN_POINT('',(-4.946996,34.828868,18.5));
#11704 = LINE('',#11705,#11706);
#11705 = CARTESIAN_POINT('',(-29.946996,34.828868,18.5));
#11706 = VECTOR('',#11707,1.);
#11707 = DIRECTION('',(1.,0.,0.));
#11708 = ORIENTED_EDGE('',*,*,#11709,.F.);
#11709 = EDGE_CURVE('',#11710,#11702,#11712,.T.);
#11710 = VERTEX_POINT('',#11711);
#11711 = CARTESIAN_POINT('',(-4.946996,34.828868,0.));
#11712 = LINE('',#11713,#11714);
#11713 = CARTESIAN_POINT('',(-4.946996,34.828868,0.));
#11714 = VECTOR('',#11715,1.);
#11715 = DIRECTION('',(0.,0.,1.));
#11716 = ORIENTED_EDGE('',*,*,#11717,.F.);
#11717 = EDGE_CURVE('',#11679,#11710,#11718,.T.);
#11718 = LINE('',#11719,#11720);
#11719 = CARTESIAN_POINT('',(-29.946996,34.828868,0.));
#11720 = VECTOR('',#11721,1.);
#11721 = DIRECTION('',(1.,0.,0.));
#11722 = PLANE('',#11723);
#11723 = AXIS2_PLACEMENT_3D('',#11724,#11725,#11726);
#11724 = CARTESIAN_POINT('',(-29.946996,34.828868,0.));
#11725 = DIRECTION('',(0.,1.,0.));
#11726 = DIRECTION('',(1.,0.,0.));
#11727 = ADVANCED_FACE('',(#11728),#11753,.T.);
#11728 = FACE_BOUND('',#11729,.T.);
#11729 = EDGE_LOOP('',(#11730,#11731,#11739,#11747));
#11730 = ORIENTED_EDGE('',*,*,#11709,.T.);
#11731 = ORIENTED_EDGE('',*,*,#11732,.T.);
#11732 = EDGE_CURVE('',#11702,#11733,#11735,.T.);
#11733 = VERTEX_POINT('',#11734);
#11734 = CARTESIAN_POINT('',(-4.946996,37.828868,18.5));
#11735 = LINE('',#11736,#11737);
#11736 = CARTESIAN_POINT('',(-4.946996,34.828868,18.5));
#11737 = VECTOR('',#11738,1.);
#11738 = DIRECTION('',(0.,1.,0.));
#11739 = ORIENTED_EDGE('',*,*,#11740,.F.);
#11740 = EDGE_CURVE('',#11741,#11733,#11743,.T.);
#11741 = VERTEX_POINT('',#11742);
#11742 = CARTESIAN_POINT('',(-4.946996,37.828868,0.));
#11743 = LINE('',#11744,#11745);
#11744 = CARTESIAN_POINT('',(-4.946996,37.828868,0.));
#11745 = VECTOR('',#11746,1.);
#11746 = DIRECTION('',(0.,0.,1.));
#11747 = ORIENTED_EDGE('',*,*,#11748,.F.);
#11748 = EDGE_CURVE('',#11710,#11741,#11749,.T.);
#11749 = LINE('',#11750,#11751);
#11750 = CARTESIAN_POINT('',(-4.946996,34.828868,0.));
#11751 = VECTOR('',#11752,1.);
#11752 = DIRECTION('',(0.,1.,0.));
#11753 = PLANE('',#11754);
#11754 = AXIS2_PLACEMENT_3D('',#11755,#11756,#11757);
#11755 = CARTESIAN_POINT('',(-4.946996,34.828868,0.));
#11756 = DIRECTION('',(-1.,0.,0.));
#11757 = DIRECTION('',(0.,1.,0.));
#11758 = ADVANCED_FACE('',(#11759),#11775,.T.);
#11759 = FACE_BOUND('',#11760,.T.);
#11760 = EDGE_LOOP('',(#11761,#11762,#11768,#11769));
#11761 = ORIENTED_EDGE('',*,*,#11740,.T.);
#11762 = ORIENTED_EDGE('',*,*,#11763,.T.);
#11763 = EDGE_CURVE('',#11733,#11663,#11764,.T.);
#11764 = LINE('',#11765,#11766);
#11765 = CARTESIAN_POINT('',(-4.946996,37.828868,18.5));
#11766 = VECTOR('',#11767,1.);
#11767 = DIRECTION('',(-1.,0.,0.));
#11768 = ORIENTED_EDGE('',*,*,#11660,.F.);
#11769 = ORIENTED_EDGE('',*,*,#11770,.F.);
#11770 = EDGE_CURVE('',#11741,#11661,#11771,.T.);
#11771 = LINE('',#11772,#11773);
#11772 = CARTESIAN_POINT('',(-4.946996,37.828868,0.));
#11773 = VECTOR('',#11774,1.);
#11774 = DIRECTION('',(-1.,0.,0.));
#11775 = PLANE('',#11776);
#11776 = AXIS2_PLACEMENT_3D('',#11777,#11778,#11779);
#11777 = CARTESIAN_POINT('',(-4.946996,37.828868,0.));
#11778 = DIRECTION('',(0.,-1.,0.));
#11779 = DIRECTION('',(-1.,0.,0.));
#11780 = ADVANCED_FACE('',(#11781),#11815,.T.);
#11781 = FACE_BOUND('',#11782,.T.);
#11782 = EDGE_LOOP('',(#11783,#11793,#11801,#11809));
#11783 = ORIENTED_EDGE('',*,*,#11784,.T.);
#11784 = EDGE_CURVE('',#11785,#11787,#11789,.T.);
#11785 = VERTEX_POINT('',#11786);
#11786 = CARTESIAN_POINT('',(-73.271779,43.789032,0.));
#11787 = VERTEX_POINT('',#11788);
#11788 = CARTESIAN_POINT('',(-73.271779,43.789032,18.5));
#11789 = LINE('',#11790,#11791);
#11790 = CARTESIAN_POINT('',(-73.271779,43.789032,0.));
#11791 = VECTOR('',#11792,1.);
#11792 = DIRECTION('',(0.,0.,1.));
#11793 = ORIENTED_EDGE('',*,*,#11794,.T.);
#11794 = EDGE_CURVE('',#11787,#11795,#11797,.T.);
#11795 = VERTEX_POINT('',#11796);
#11796 = CARTESIAN_POINT('',(-73.271779,40.789032,18.5));
#11797 = LINE('',#11798,#11799);
#11798 = CARTESIAN_POINT('',(-73.271779,43.789032,18.5));
#11799 = VECTOR('',#11800,1.);
#11800 = DIRECTION('',(0.,-1.,0.));
#11801 = ORIENTED_EDGE('',*,*,#11802,.F.);
#11802 = EDGE_CURVE('',#11803,#11795,#11805,.T.);
#11803 = VERTEX_POINT('',#11804);
#11804 = CARTESIAN_POINT('',(-73.271779,40.789032,0.));
#11805 = LINE('',#11806,#11807);
#11806 = CARTESIAN_POINT('',(-73.271779,40.789032,0.));
#11807 = VECTOR('',#11808,1.);
#11808 = DIRECTION('',(0.,0.,1.));
#11809 = ORIENTED_EDGE('',*,*,#11810,.F.);
#11810 = EDGE_CURVE('',#11785,#11803,#11811,.T.);
#11811 = LINE('',#11812,#11813);
#11812 = CARTESIAN_POINT('',(-73.271779,43.789032,0.));
#11813 = VECTOR('',#11814,1.);
#11814 = DIRECTION('',(0.,-1.,0.));
#11815 = PLANE('',#11816);
#11816 = AXIS2_PLACEMENT_3D('',#11817,#11818,#11819);
#11817 = CARTESIAN_POINT('',(-73.271779,43.789032,0.));
#11818 = DIRECTION('',(1.,0.,-0.));
#11819 = DIRECTION('',(0.,-1.,0.));
#11820 = ADVANCED_FACE('',(#11821),#11846,.T.);
#11821 = FACE_BOUND('',#11822,.T.);
#11822 = EDGE_LOOP('',(#11823,#11824,#11832,#11840));
#11823 = ORIENTED_EDGE('',*,*,#11802,.T.);
#11824 = ORIENTED_EDGE('',*,*,#11825,.T.);
#11825 = EDGE_CURVE('',#11795,#11826,#11828,.T.);
#11826 = VERTEX_POINT('',#11827);
#11827 = CARTESIAN_POINT('',(-48.271779,40.789032,18.5));
#11828 = LINE('',#11829,#11830);
#11829 = CARTESIAN_POINT('',(-73.271779,40.789032,18.5));
#11830 = VECTOR('',#11831,1.);
#11831 = DIRECTION('',(1.,0.,0.));
#11832 = ORIENTED_EDGE('',*,*,#11833,.F.);
#11833 = EDGE_CURVE('',#11834,#11826,#11836,.T.);
#11834 = VERTEX_POINT('',#11835);
#11835 = CARTESIAN_POINT('',(-48.271779,40.789032,0.));
#11836 = LINE('',#11837,#11838);
#11837 = CARTESIAN_POINT('',(-48.271779,40.789032,0.));
#11838 = VECTOR('',#11839,1.);
#11839 = DIRECTION('',(0.,0.,1.));
#11840 = ORIENTED_EDGE('',*,*,#11841,.F.);
#11841 = EDGE_CURVE('',#11803,#11834,#11842,.T.);
#11842 = LINE('',#11843,#11844);
#11843 = CARTESIAN_POINT('',(-73.271779,40.789032,0.));
#11844 = VECTOR('',#11845,1.);
#11845 = DIRECTION('',(1.,0.,0.));
#11846 = PLANE('',#11847);
#11847 = AXIS2_PLACEMENT_3D('',#11848,#11849,#11850);
#11848 = CARTESIAN_POINT('',(-73.271779,40.789032,0.));
#11849 = DIRECTION('',(0.,1.,0.));
#11850 = DIRECTION('',(1.,0.,0.));
#11851 = ADVANCED_FACE('',(#11852),#11877,.T.);
#11852 = FACE_BOUND('',#11853,.T.);
#11853 = EDGE_LOOP('',(#11854,#11855,#11863,#11871));
#11854 = ORIENTED_EDGE('',*,*,#11833,.T.);
#11855 = ORIENTED_EDGE('',*,*,#11856,.T.);
#11856 = EDGE_CURVE('',#11826,#11857,#11859,.T.);
#11857 = VERTEX_POINT('',#11858);
#11858 = CARTESIAN_POINT('',(-48.271779,43.789032,18.5));
#11859 = LINE('',#11860,#11861);
#11860 = CARTESIAN_POINT('',(-48.271779,40.789032,18.5));
#11861 = VECTOR('',#11862,1.);
#11862 = DIRECTION('',(0.,1.,0.));
#11863 = ORIENTED_EDGE('',*,*,#11864,.F.);
#11864 = EDGE_CURVE('',#11865,#11857,#11867,.T.);
#11865 = VERTEX_POINT('',#11866);
#11866 = CARTESIAN_POINT('',(-48.271779,43.789032,0.));
#11867 = LINE('',#11868,#11869);
#11868 = CARTESIAN_POINT('',(-48.271779,43.789032,0.));
#11869 = VECTOR('',#11870,1.);
#11870 = DIRECTION('',(0.,0.,1.));
#11871 = ORIENTED_EDGE('',*,*,#11872,.F.);
#11872 = EDGE_CURVE('',#11834,#11865,#11873,.T.);
#11873 = LINE('',#11874,#11875);
#11874 = CARTESIAN_POINT('',(-48.271779,40.789032,0.));
#11875 = VECTOR('',#11876,1.);
#11876 = DIRECTION('',(0.,1.,0.));
#11877 = PLANE('',#11878);
#11878 = AXIS2_PLACEMENT_3D('',#11879,#11880,#11881);
#11879 = CARTESIAN_POINT('',(-48.271779,40.789032,0.));
#11880 = DIRECTION('',(-1.,0.,0.));
#11881 = DIRECTION('',(0.,1.,0.));
#11882 = ADVANCED_FACE('',(#11883),#11899,.T.);
#11883 = FACE_BOUND('',#11884,.T.);
#11884 = EDGE_LOOP('',(#11885,#11886,#11892,#11893));
#11885 = ORIENTED_EDGE('',*,*,#11864,.T.);
#11886 = ORIENTED_EDGE('',*,*,#11887,.T.);
#11887 = EDGE_CURVE('',#11857,#11787,#11888,.T.);
#11888 = LINE('',#11889,#11890);
#11889 = CARTESIAN_POINT('',(-48.271779,43.789032,18.5));
#11890 = VECTOR('',#11891,1.);
#11891 = DIRECTION('',(-1.,0.,0.));
#11892 = ORIENTED_EDGE('',*,*,#11784,.F.);
#11893 = ORIENTED_EDGE('',*,*,#11894,.F.);
#11894 = EDGE_CURVE('',#11865,#11785,#11895,.T.);
#11895 = LINE('',#11896,#11897);
#11896 = CARTESIAN_POINT('',(-48.271779,43.789032,0.));
#11897 = VECTOR('',#11898,1.);
#11898 = DIRECTION('',(-1.,0.,0.));
#11899 = PLANE('',#11900);
#11900 = AXIS2_PLACEMENT_3D('',#11901,#11902,#11903);
#11901 = CARTESIAN_POINT('',(-48.271779,43.789032,0.));
#11902 = DIRECTION('',(0.,-1.,0.));
#11903 = DIRECTION('',(-1.,0.,0.));
#11904 = ADVANCED_FACE('',(#11905),#11939,.T.);
#11905 = FACE_BOUND('',#11906,.T.);
#11906 = EDGE_LOOP('',(#11907,#11917,#11925,#11933));
#11907 = ORIENTED_EDGE('',*,*,#11908,.T.);
#11908 = EDGE_CURVE('',#11909,#11911,#11913,.T.);
#11909 = VERTEX_POINT('',#11910);
#11910 = CARTESIAN_POINT('',(-29.946996,43.789032,0.));
#11911 = VERTEX_POINT('',#11912);
#11912 = CARTESIAN_POINT('',(-29.946996,43.789032,18.5));
#11913 = LINE('',#11914,#11915);
#11914 = CARTESIAN_POINT('',(-29.946996,43.789032,0.));
#11915 = VECTOR('',#11916,1.);
#11916 = DIRECTION('',(0.,0.,1.));
#11917 = ORIENTED_EDGE('',*,*,#11918,.T.);
#11918 = EDGE_CURVE('',#11911,#11919,#11921,.T.);
#11919 = VERTEX_POINT('',#11920);
#11920 = CARTESIAN_POINT('',(-29.946996,40.789032,18.5));
#11921 = LINE('',#11922,#11923);
#11922 = CARTESIAN_POINT('',(-29.946996,43.789032,18.5));
#11923 = VECTOR('',#11924,1.);
#11924 = DIRECTION('',(0.,-1.,0.));
#11925 = ORIENTED_EDGE('',*,*,#11926,.F.);
#11926 = EDGE_CURVE('',#11927,#11919,#11929,.T.);
#11927 = VERTEX_POINT('',#11928);
#11928 = CARTESIAN_POINT('',(-29.946996,40.789032,0.));
#11929 = LINE('',#11930,#11931);
#11930 = CARTESIAN_POINT('',(-29.946996,40.789032,0.));
#11931 = VECTOR('',#11932,1.);
#11932 = DIRECTION('',(0.,0.,1.));
#11933 = ORIENTED_EDGE('',*,*,#11934,.F.);
#11934 = EDGE_CURVE('',#11909,#11927,#11935,.T.);
#11935 = LINE('',#11936,#11937);
#11936 = CARTESIAN_POINT('',(-29.946996,43.789032,0.));
#11937 = VECTOR('',#11938,1.);
#11938 = DIRECTION('',(0.,-1.,0.));
#11939 = PLANE('',#11940);
#11940 = AXIS2_PLACEMENT_3D('',#11941,#11942,#11943);
#11941 = CARTESIAN_POINT('',(-29.946996,43.789032,0.));
#11942 = DIRECTION('',(1.,0.,-0.));
#11943 = DIRECTION('',(0.,-1.,0.));
#11944 = ADVANCED_FACE('',(#11945),#11970,.T.);
#11945 = FACE_BOUND('',#11946,.T.);
#11946 = EDGE_LOOP('',(#11947,#11948,#11956,#11964));
#11947 = ORIENTED_EDGE('',*,*,#11926,.T.);
#11948 = ORIENTED_EDGE('',*,*,#11949,.T.);
#11949 = EDGE_CURVE('',#11919,#11950,#11952,.T.);
#11950 = VERTEX_POINT('',#11951);
#11951 = CARTESIAN_POINT('',(-4.946996,40.789032,18.5));
#11952 = LINE('',#11953,#11954);
#11953 = CARTESIAN_POINT('',(-29.946996,40.789032,18.5));
#11954 = VECTOR('',#11955,1.);
#11955 = DIRECTION('',(1.,0.,0.));
#11956 = ORIENTED_EDGE('',*,*,#11957,.F.);
#11957 = EDGE_CURVE('',#11958,#11950,#11960,.T.);
#11958 = VERTEX_POINT('',#11959);
#11959 = CARTESIAN_POINT('',(-4.946996,40.789032,0.));
#11960 = LINE('',#11961,#11962);
#11961 = CARTESIAN_POINT('',(-4.946996,40.789032,0.));
#11962 = VECTOR('',#11963,1.);
#11963 = DIRECTION('',(0.,0.,1.));
#11964 = ORIENTED_EDGE('',*,*,#11965,.F.);
#11965 = EDGE_CURVE('',#11927,#11958,#11966,.T.);
#11966 = LINE('',#11967,#11968);
#11967 = CARTESIAN_POINT('',(-29.946996,40.789032,0.));
#11968 = VECTOR('',#11969,1.);
#11969 = DIRECTION('',(1.,0.,0.));
#11970 = PLANE('',#11971);
#11971 = AXIS2_PLACEMENT_3D('',#11972,#11973,#11974);
#11972 = CARTESIAN_POINT('',(-29.946996,40.789032,0.));
#11973 = DIRECTION('',(0.,1.,0.));
#11974 = DIRECTION('',(1.,0.,0.));
#11975 = ADVANCED_FACE('',(#11976),#12001,.T.);
#11976 = FACE_BOUND('',#11977,.T.);
#11977 = EDGE_LOOP('',(#11978,#11979,#11987,#11995));
#11978 = ORIENTED_EDGE('',*,*,#11957,.T.);
#11979 = ORIENTED_EDGE('',*,*,#11980,.T.);
#11980 = EDGE_CURVE('',#11950,#11981,#11983,.T.);
#11981 = VERTEX_POINT('',#11982);
#11982 = CARTESIAN_POINT('',(-4.946996,43.789032,18.5));
#11983 = LINE('',#11984,#11985);
#11984 = CARTESIAN_POINT('',(-4.946996,40.789032,18.5));
#11985 = VECTOR('',#11986,1.);
#11986 = DIRECTION('',(0.,1.,0.));
#11987 = ORIENTED_EDGE('',*,*,#11988,.F.);
#11988 = EDGE_CURVE('',#11989,#11981,#11991,.T.);
#11989 = VERTEX_POINT('',#11990);
#11990 = CARTESIAN_POINT('',(-4.946996,43.789032,0.));
#11991 = LINE('',#11992,#11993);
#11992 = CARTESIAN_POINT('',(-4.946996,43.789032,0.));
#11993 = VECTOR('',#11994,1.);
#11994 = DIRECTION('',(0.,0.,1.));
#11995 = ORIENTED_EDGE('',*,*,#11996,.F.);
#11996 = EDGE_CURVE('',#11958,#11989,#11997,.T.);
#11997 = LINE('',#11998,#11999);
#11998 = CARTESIAN_POINT('',(-4.946996,40.789032,0.));
#11999 = VECTOR('',#12000,1.);
#12000 = DIRECTION('',(0.,1.,0.));
#12001 = PLANE('',#12002);
#12002 = AXIS2_PLACEMENT_3D('',#12003,#12004,#12005);
#12003 = CARTESIAN_POINT('',(-4.946996,40.789032,0.));
#12004 = DIRECTION('',(-1.,0.,0.));
#12005 = DIRECTION('',(0.,1.,0.));
#12006 = ADVANCED_FACE('',(#12007),#12023,.T.);
#12007 = FACE_BOUND('',#12008,.T.);
#12008 = EDGE_LOOP('',(#12009,#12010,#12016,#12017));
#12009 = ORIENTED_EDGE('',*,*,#11988,.T.);
#12010 = ORIENTED_EDGE('',*,*,#12011,.T.);
#12011 = EDGE_CURVE('',#11981,#11911,#12012,.T.);
#12012 = LINE('',#12013,#12014);
#12013 = CARTESIAN_POINT('',(-4.946996,43.789032,18.5));
#12014 = VECTOR('',#12015,1.);
#12015 = DIRECTION('',(-1.,0.,0.));
#12016 = ORIENTED_EDGE('',*,*,#11908,.F.);
#12017 = ORIENTED_EDGE('',*,*,#12018,.F.);
#12018 = EDGE_CURVE('',#11989,#11909,#12019,.T.);
#12019 = LINE('',#12020,#12021);
#12020 = CARTESIAN_POINT('',(-4.946996,43.789032,0.));
#12021 = VECTOR('',#12022,1.);
#12022 = DIRECTION('',(-1.,0.,0.));
#12023 = PLANE('',#12024);
#12024 = AXIS2_PLACEMENT_3D('',#12025,#12026,#12027);
#12025 = CARTESIAN_POINT('',(-4.946996,43.789032,0.));
#12026 = DIRECTION('',(0.,-1.,0.));
#12027 = DIRECTION('',(-1.,0.,0.));
#12028 = ADVANCED_FACE('',(#12029),#12063,.T.);
#12029 = FACE_BOUND('',#12030,.T.);
#12030 = EDGE_LOOP('',(#12031,#12041,#12049,#12057));
#12031 = ORIENTED_EDGE('',*,*,#12032,.T.);
#12032 = EDGE_CURVE('',#12033,#12035,#12037,.T.);
#12033 = VERTEX_POINT('',#12034);
#12034 = CARTESIAN_POINT('',(-73.271779,49.749196,0.));
#12035 = VERTEX_POINT('',#12036);
#12036 = CARTESIAN_POINT('',(-73.271779,49.749196,18.5));
#12037 = LINE('',#12038,#12039);
#12038 = CARTESIAN_POINT('',(-73.271779,49.749196,0.));
#12039 = VECTOR('',#12040,1.);
#12040 = DIRECTION('',(0.,0.,1.));
#12041 = ORIENTED_EDGE('',*,*,#12042,.T.);
#12042 = EDGE_CURVE('',#12035,#12043,#12045,.T.);
#12043 = VERTEX_POINT('',#12044);
#12044 = CARTESIAN_POINT('',(-73.271779,46.749196,18.5));
#12045 = LINE('',#12046,#12047);
#12046 = CARTESIAN_POINT('',(-73.271779,49.749196,18.5));
#12047 = VECTOR('',#12048,1.);
#12048 = DIRECTION('',(0.,-1.,0.));
#12049 = ORIENTED_EDGE('',*,*,#12050,.F.);
#12050 = EDGE_CURVE('',#12051,#12043,#12053,.T.);
#12051 = VERTEX_POINT('',#12052);
#12052 = CARTESIAN_POINT('',(-73.271779,46.749196,0.));
#12053 = LINE('',#12054,#12055);
#12054 = CARTESIAN_POINT('',(-73.271779,46.749196,0.));
#12055 = VECTOR('',#12056,1.);
#12056 = DIRECTION('',(0.,0.,1.));
#12057 = ORIENTED_EDGE('',*,*,#12058,.F.);
#12058 = EDGE_CURVE('',#12033,#12051,#12059,.T.);
#12059 = LINE('',#12060,#12061);
#12060 = CARTESIAN_POINT('',(-73.271779,49.749196,0.));
#12061 = VECTOR('',#12062,1.);
#12062 = DIRECTION('',(0.,-1.,0.));
#12063 = PLANE('',#12064);
#12064 = AXIS2_PLACEMENT_3D('',#12065,#12066,#12067);
#12065 = CARTESIAN_POINT('',(-73.271779,49.749196,0.));
#12066 = DIRECTION('',(1.,0.,-0.));
#12067 = DIRECTION('',(0.,-1.,0.));
#12068 = ADVANCED_FACE('',(#12069),#12094,.T.);
#12069 = FACE_BOUND('',#12070,.T.);
#12070 = EDGE_LOOP('',(#12071,#12072,#12080,#12088));
#12071 = ORIENTED_EDGE('',*,*,#12050,.T.);
#12072 = ORIENTED_EDGE('',*,*,#12073,.T.);
#12073 = EDGE_CURVE('',#12043,#12074,#12076,.T.);
#12074 = VERTEX_POINT('',#12075);
#12075 = CARTESIAN_POINT('',(-48.271779,46.749196,18.5));
#12076 = LINE('',#12077,#12078);
#12077 = CARTESIAN_POINT('',(-73.271779,46.749196,18.5));
#12078 = VECTOR('',#12079,1.);
#12079 = DIRECTION('',(1.,0.,0.));
#12080 = ORIENTED_EDGE('',*,*,#12081,.F.);
#12081 = EDGE_CURVE('',#12082,#12074,#12084,.T.);
#12082 = VERTEX_POINT('',#12083);
#12083 = CARTESIAN_POINT('',(-48.271779,46.749196,0.));
#12084 = LINE('',#12085,#12086);
#12085 = CARTESIAN_POINT('',(-48.271779,46.749196,0.));
#12086 = VECTOR('',#12087,1.);
#12087 = DIRECTION('',(0.,0.,1.));
#12088 = ORIENTED_EDGE('',*,*,#12089,.F.);
#12089 = EDGE_CURVE('',#12051,#12082,#12090,.T.);
#12090 = LINE('',#12091,#12092);
#12091 = CARTESIAN_POINT('',(-73.271779,46.749196,0.));
#12092 = VECTOR('',#12093,1.);
#12093 = DIRECTION('',(1.,0.,0.));
#12094 = PLANE('',#12095);
#12095 = AXIS2_PLACEMENT_3D('',#12096,#12097,#12098);
#12096 = CARTESIAN_POINT('',(-73.271779,46.749196,0.));
#12097 = DIRECTION('',(0.,1.,0.));
#12098 = DIRECTION('',(1.,0.,0.));
#12099 = ADVANCED_FACE('',(#12100),#12125,.T.);
#12100 = FACE_BOUND('',#12101,.T.);
#12101 = EDGE_LOOP('',(#12102,#12103,#12111,#12119));
#12102 = ORIENTED_EDGE('',*,*,#12081,.T.);
#12103 = ORIENTED_EDGE('',*,*,#12104,.T.);
#12104 = EDGE_CURVE('',#12074,#12105,#12107,.T.);
#12105 = VERTEX_POINT('',#12106);
#12106 = CARTESIAN_POINT('',(-48.271779,49.749196,18.5));
#12107 = LINE('',#12108,#12109);
#12108 = CARTESIAN_POINT('',(-48.271779,46.749196,18.5));
#12109 = VECTOR('',#12110,1.);
#12110 = DIRECTION('',(0.,1.,0.));
#12111 = ORIENTED_EDGE('',*,*,#12112,.F.);
#12112 = EDGE_CURVE('',#12113,#12105,#12115,.T.);
#12113 = VERTEX_POINT('',#12114);
#12114 = CARTESIAN_POINT('',(-48.271779,49.749196,0.));
#12115 = LINE('',#12116,#12117);
#12116 = CARTESIAN_POINT('',(-48.271779,49.749196,0.));
#12117 = VECTOR('',#12118,1.);
#12118 = DIRECTION('',(0.,0.,1.));
#12119 = ORIENTED_EDGE('',*,*,#12120,.F.);
#12120 = EDGE_CURVE('',#12082,#12113,#12121,.T.);
#12121 = LINE('',#12122,#12123);
#12122 = CARTESIAN_POINT('',(-48.271779,46.749196,0.));
#12123 = VECTOR('',#12124,1.);
#12124 = DIRECTION('',(0.,1.,0.));
#12125 = PLANE('',#12126);
#12126 = AXIS2_PLACEMENT_3D('',#12127,#12128,#12129);
#12127 = CARTESIAN_POINT('',(-48.271779,46.749196,0.));
#12128 = DIRECTION('',(-1.,0.,0.));
#12129 = DIRECTION('',(0.,1.,0.));
#12130 = ADVANCED_FACE('',(#12131),#12147,.T.);
#12131 = FACE_BOUND('',#12132,.T.);
#12132 = EDGE_LOOP('',(#12133,#12134,#12140,#12141));
#12133 = ORIENTED_EDGE('',*,*,#12112,.T.);
#12134 = ORIENTED_EDGE('',*,*,#12135,.T.);
#12135 = EDGE_CURVE('',#12105,#12035,#12136,.T.);
#12136 = LINE('',#12137,#12138);
#12137 = CARTESIAN_POINT('',(-48.271779,49.749196,18.5));
#12138 = VECTOR('',#12139,1.);
#12139 = DIRECTION('',(-1.,0.,0.));
#12140 = ORIENTED_EDGE('',*,*,#12032,.F.);
#12141 = ORIENTED_EDGE('',*,*,#12142,.F.);
#12142 = EDGE_CURVE('',#12113,#12033,#12143,.T.);
#12143 = LINE('',#12144,#12145);
#12144 = CARTESIAN_POINT('',(-48.271779,49.749196,0.));
#12145 = VECTOR('',#12146,1.);
#12146 = DIRECTION('',(-1.,0.,0.));
#12147 = PLANE('',#12148);
#12148 = AXIS2_PLACEMENT_3D('',#12149,#12150,#12151);
#12149 = CARTESIAN_POINT('',(-48.271779,49.749196,0.));
#12150 = DIRECTION('',(0.,-1.,0.));
#12151 = DIRECTION('',(-1.,0.,0.));
#12152 = ADVANCED_FACE('',(#12153),#12187,.T.);
#12153 = FACE_BOUND('',#12154,.T.);
#12154 = EDGE_LOOP('',(#12155,#12165,#12173,#12181));
#12155 = ORIENTED_EDGE('',*,*,#12156,.T.);
#12156 = EDGE_CURVE('',#12157,#12159,#12161,.T.);
#12157 = VERTEX_POINT('',#12158);
#12158 = CARTESIAN_POINT('',(-29.946996,49.749197,0.));
#12159 = VERTEX_POINT('',#12160);
#12160 = CARTESIAN_POINT('',(-29.946996,49.749197,18.5));
#12161 = LINE('',#12162,#12163);
#12162 = CARTESIAN_POINT('',(-29.946996,49.749197,0.));
#12163 = VECTOR('',#12164,1.);
#12164 = DIRECTION('',(0.,0.,1.));
#12165 = ORIENTED_EDGE('',*,*,#12166,.T.);
#12166 = EDGE_CURVE('',#12159,#12167,#12169,.T.);
#12167 = VERTEX_POINT('',#12168);
#12168 = CARTESIAN_POINT('',(-29.946996,46.749197,18.5));
#12169 = LINE('',#12170,#12171);
#12170 = CARTESIAN_POINT('',(-29.946996,49.749197,18.5));
#12171 = VECTOR('',#12172,1.);
#12172 = DIRECTION('',(0.,-1.,0.));
#12173 = ORIENTED_EDGE('',*,*,#12174,.F.);
#12174 = EDGE_CURVE('',#12175,#12167,#12177,.T.);
#12175 = VERTEX_POINT('',#12176);
#12176 = CARTESIAN_POINT('',(-29.946996,46.749197,0.));
#12177 = LINE('',#12178,#12179);
#12178 = CARTESIAN_POINT('',(-29.946996,46.749197,0.));
#12179 = VECTOR('',#12180,1.);
#12180 = DIRECTION('',(0.,0.,1.));
#12181 = ORIENTED_EDGE('',*,*,#12182,.F.);
#12182 = EDGE_CURVE('',#12157,#12175,#12183,.T.);
#12183 = LINE('',#12184,#12185);
#12184 = CARTESIAN_POINT('',(-29.946996,49.749197,0.));
#12185 = VECTOR('',#12186,1.);
#12186 = DIRECTION('',(0.,-1.,0.));
#12187 = PLANE('',#12188);
#12188 = AXIS2_PLACEMENT_3D('',#12189,#12190,#12191);
#12189 = CARTESIAN_POINT('',(-29.946996,49.749197,0.));
#12190 = DIRECTION('',(1.,0.,-0.));
#12191 = DIRECTION('',(0.,-1.,0.));
#12192 = ADVANCED_FACE('',(#12193),#12218,.T.);
#12193 = FACE_BOUND('',#12194,.T.);
#12194 = EDGE_LOOP('',(#12195,#12196,#12204,#12212));
#12195 = ORIENTED_EDGE('',*,*,#12174,.T.);
#12196 = ORIENTED_EDGE('',*,*,#12197,.T.);
#12197 = EDGE_CURVE('',#12167,#12198,#12200,.T.);
#12198 = VERTEX_POINT('',#12199);
#12199 = CARTESIAN_POINT('',(-4.946996,46.749197,18.5));
#12200 = LINE('',#12201,#12202);
#12201 = CARTESIAN_POINT('',(-29.946996,46.749197,18.5));
#12202 = VECTOR('',#12203,1.);
#12203 = DIRECTION('',(1.,0.,0.));
#12204 = ORIENTED_EDGE('',*,*,#12205,.F.);
#12205 = EDGE_CURVE('',#12206,#12198,#12208,.T.);
#12206 = VERTEX_POINT('',#12207);
#12207 = CARTESIAN_POINT('',(-4.946996,46.749197,0.));
#12208 = LINE('',#12209,#12210);
#12209 = CARTESIAN_POINT('',(-4.946996,46.749197,0.));
#12210 = VECTOR('',#12211,1.);
#12211 = DIRECTION('',(0.,0.,1.));
#12212 = ORIENTED_EDGE('',*,*,#12213,.F.);
#12213 = EDGE_CURVE('',#12175,#12206,#12214,.T.);
#12214 = LINE('',#12215,#12216);
#12215 = CARTESIAN_POINT('',(-29.946996,46.749197,0.));
#12216 = VECTOR('',#12217,1.);
#12217 = DIRECTION('',(1.,0.,0.));
#12218 = PLANE('',#12219);
#12219 = AXIS2_PLACEMENT_3D('',#12220,#12221,#12222);
#12220 = CARTESIAN_POINT('',(-29.946996,46.749197,0.));
#12221 = DIRECTION('',(0.,1.,0.));
#12222 = DIRECTION('',(1.,0.,0.));
#12223 = ADVANCED_FACE('',(#12224),#12249,.T.);
#12224 = FACE_BOUND('',#12225,.T.);
#12225 = EDGE_LOOP('',(#12226,#12227,#12235,#12243));
#12226 = ORIENTED_EDGE('',*,*,#12205,.T.);
#12227 = ORIENTED_EDGE('',*,*,#12228,.T.);
#12228 = EDGE_CURVE('',#12198,#12229,#12231,.T.);
#12229 = VERTEX_POINT('',#12230);
#12230 = CARTESIAN_POINT('',(-4.946996,49.749197,18.5));
#12231 = LINE('',#12232,#12233);
#12232 = CARTESIAN_POINT('',(-4.946996,46.749197,18.5));
#12233 = VECTOR('',#12234,1.);
#12234 = DIRECTION('',(0.,1.,0.));
#12235 = ORIENTED_EDGE('',*,*,#12236,.F.);
#12236 = EDGE_CURVE('',#12237,#12229,#12239,.T.);
#12237 = VERTEX_POINT('',#12238);
#12238 = CARTESIAN_POINT('',(-4.946996,49.749197,0.));
#12239 = LINE('',#12240,#12241);
#12240 = CARTESIAN_POINT('',(-4.946996,49.749197,0.));
#12241 = VECTOR('',#12242,1.);
#12242 = DIRECTION('',(0.,0.,1.));
#12243 = ORIENTED_EDGE('',*,*,#12244,.F.);
#12244 = EDGE_CURVE('',#12206,#12237,#12245,.T.);
#12245 = LINE('',#12246,#12247);
#12246 = CARTESIAN_POINT('',(-4.946996,46.749197,0.));
#12247 = VECTOR('',#12248,1.);
#12248 = DIRECTION('',(0.,1.,0.));
#12249 = PLANE('',#12250);
#12250 = AXIS2_PLACEMENT_3D('',#12251,#12252,#12253);
#12251 = CARTESIAN_POINT('',(-4.946996,46.749197,0.));
#12252 = DIRECTION('',(-1.,0.,0.));
#12253 = DIRECTION('',(0.,1.,0.));
#12254 = ADVANCED_FACE('',(#12255),#12271,.T.);
#12255 = FACE_BOUND('',#12256,.T.);
#12256 = EDGE_LOOP('',(#12257,#12258,#12264,#12265));
#12257 = ORIENTED_EDGE('',*,*,#12236,.T.);
#12258 = ORIENTED_EDGE('',*,*,#12259,.T.);
#12259 = EDGE_CURVE('',#12229,#12159,#12260,.T.);
#12260 = LINE('',#12261,#12262);
#12261 = CARTESIAN_POINT('',(-4.946996,49.749197,18.5));
#12262 = VECTOR('',#12263,1.);
#12263 = DIRECTION('',(-1.,0.,0.));
#12264 = ORIENTED_EDGE('',*,*,#12156,.F.);
#12265 = ORIENTED_EDGE('',*,*,#12266,.F.);
#12266 = EDGE_CURVE('',#12237,#12157,#12267,.T.);
#12267 = LINE('',#12268,#12269);
#12268 = CARTESIAN_POINT('',(-4.946996,49.749197,0.));
#12269 = VECTOR('',#12270,1.);
#12270 = DIRECTION('',(-1.,0.,0.));
#12271 = PLANE('',#12272);
#12272 = AXIS2_PLACEMENT_3D('',#12273,#12274,#12275);
#12273 = CARTESIAN_POINT('',(-4.946996,49.749197,0.));
#12274 = DIRECTION('',(0.,-1.,0.));
#12275 = DIRECTION('',(-1.,0.,0.));
#12276 = ADVANCED_FACE('',(#12277,#12283,#12289,#12295,#12301,#12307,
    #12313),#12319,.F.);
#12277 = FACE_BOUND('',#12278,.F.);
#12278 = EDGE_LOOP('',(#12279,#12280,#12281,#12282));
#12279 = ORIENTED_EDGE('',*,*,#11438,.T.);
#12280 = ORIENTED_EDGE('',*,*,#11469,.T.);
#12281 = ORIENTED_EDGE('',*,*,#11500,.T.);
#12282 = ORIENTED_EDGE('',*,*,#11522,.T.);
#12283 = FACE_BOUND('',#12284,.T.);
#12284 = EDGE_LOOP('',(#12285,#12286,#12287,#12288));
#12285 = ORIENTED_EDGE('',*,*,#11562,.T.);
#12286 = ORIENTED_EDGE('',*,*,#11593,.T.);
#12287 = ORIENTED_EDGE('',*,*,#11624,.T.);
#12288 = ORIENTED_EDGE('',*,*,#11646,.T.);
#12289 = FACE_BOUND('',#12290,.T.);
#12290 = EDGE_LOOP('',(#12291,#12292,#12293,#12294));
#12291 = ORIENTED_EDGE('',*,*,#11686,.T.);
#12292 = ORIENTED_EDGE('',*,*,#11717,.T.);
#12293 = ORIENTED_EDGE('',*,*,#11748,.T.);
#12294 = ORIENTED_EDGE('',*,*,#11770,.T.);
#12295 = FACE_BOUND('',#12296,.T.);
#12296 = EDGE_LOOP('',(#12297,#12298,#12299,#12300));
#12297 = ORIENTED_EDGE('',*,*,#11810,.T.);
#12298 = ORIENTED_EDGE('',*,*,#11841,.T.);
#12299 = ORIENTED_EDGE('',*,*,#11872,.T.);
#12300 = ORIENTED_EDGE('',*,*,#11894,.T.);
#12301 = FACE_BOUND('',#12302,.T.);
#12302 = EDGE_LOOP('',(#12303,#12304,#12305,#12306));
#12303 = ORIENTED_EDGE('',*,*,#11934,.T.);
#12304 = ORIENTED_EDGE('',*,*,#11965,.T.);
#12305 = ORIENTED_EDGE('',*,*,#11996,.T.);
#12306 = ORIENTED_EDGE('',*,*,#12018,.T.);
#12307 = FACE_BOUND('',#12308,.T.);
#12308 = EDGE_LOOP('',(#12309,#12310,#12311,#12312));
#12309 = ORIENTED_EDGE('',*,*,#12058,.T.);
#12310 = ORIENTED_EDGE('',*,*,#12089,.T.);
#12311 = ORIENTED_EDGE('',*,*,#12120,.T.);
#12312 = ORIENTED_EDGE('',*,*,#12142,.T.);
#12313 = FACE_BOUND('',#12314,.T.);
#12314 = EDGE_LOOP('',(#12315,#12316,#12317,#12318));
#12315 = ORIENTED_EDGE('',*,*,#12182,.T.);
#12316 = ORIENTED_EDGE('',*,*,#12213,.T.);
#12317 = ORIENTED_EDGE('',*,*,#12244,.T.);
#12318 = ORIENTED_EDGE('',*,*,#12266,.T.);
#12319 = PLANE('',#12320);
#12320 = AXIS2_PLACEMENT_3D('',#12321,#12322,#12323);
#12321 = CARTESIAN_POINT('',(-39.28270561897,35.72701122907,0.));
#12322 = DIRECTION('',(0.,0.,1.));
#12323 = DIRECTION('',(1.,0.,0.));
#12324 = ADVANCED_FACE('',(#12325,#12331,#12337,#12343,#12349,#12355,
    #12361),#12367,.T.);
#12325 = FACE_BOUND('',#12326,.T.);
#12326 = EDGE_LOOP('',(#12327,#12328,#12329,#12330));
#12327 = ORIENTED_EDGE('',*,*,#11422,.T.);
#12328 = ORIENTED_EDGE('',*,*,#11453,.T.);
#12329 = ORIENTED_EDGE('',*,*,#11484,.T.);
#12330 = ORIENTED_EDGE('',*,*,#11515,.T.);
#12331 = FACE_BOUND('',#12332,.F.);
#12332 = EDGE_LOOP('',(#12333,#12334,#12335,#12336));
#12333 = ORIENTED_EDGE('',*,*,#11546,.T.);
#12334 = ORIENTED_EDGE('',*,*,#11577,.T.);
#12335 = ORIENTED_EDGE('',*,*,#11608,.T.);
#12336 = ORIENTED_EDGE('',*,*,#11639,.T.);
#12337 = FACE_BOUND('',#12338,.F.);
#12338 = EDGE_LOOP('',(#12339,#12340,#12341,#12342));
#12339 = ORIENTED_EDGE('',*,*,#11670,.T.);
#12340 = ORIENTED_EDGE('',*,*,#11701,.T.);
#12341 = ORIENTED_EDGE('',*,*,#11732,.T.);
#12342 = ORIENTED_EDGE('',*,*,#11763,.T.);
#12343 = FACE_BOUND('',#12344,.F.);
#12344 = EDGE_LOOP('',(#12345,#12346,#12347,#12348));
#12345 = ORIENTED_EDGE('',*,*,#11794,.T.);
#12346 = ORIENTED_EDGE('',*,*,#11825,.T.);
#12347 = ORIENTED_EDGE('',*,*,#11856,.T.);
#12348 = ORIENTED_EDGE('',*,*,#11887,.T.);
#12349 = FACE_BOUND('',#12350,.F.);
#12350 = EDGE_LOOP('',(#12351,#12352,#12353,#12354));
#12351 = ORIENTED_EDGE('',*,*,#11918,.T.);
#12352 = ORIENTED_EDGE('',*,*,#11949,.T.);
#12353 = ORIENTED_EDGE('',*,*,#11980,.T.);
#12354 = ORIENTED_EDGE('',*,*,#12011,.T.);
#12355 = FACE_BOUND('',#12356,.F.);
#12356 = EDGE_LOOP('',(#12357,#12358,#12359,#12360));
#12357 = ORIENTED_EDGE('',*,*,#12042,.T.);
#12358 = ORIENTED_EDGE('',*,*,#12073,.T.);
#12359 = ORIENTED_EDGE('',*,*,#12104,.T.);
#12360 = ORIENTED_EDGE('',*,*,#12135,.T.);
#12361 = FACE_BOUND('',#12362,.F.);
#12362 = EDGE_LOOP('',(#12363,#12364,#12365,#12366));
#12363 = ORIENTED_EDGE('',*,*,#12166,.T.);
#12364 = ORIENTED_EDGE('',*,*,#12197,.T.);
#12365 = ORIENTED_EDGE('',*,*,#12228,.T.);
#12366 = ORIENTED_EDGE('',*,*,#12259,.T.);
#12367 = PLANE('',#12368);
#12368 = AXIS2_PLACEMENT_3D('',#12369,#12370,#12371);
#12369 = CARTESIAN_POINT('',(-39.28270561897,35.72701122907,18.5));
#12370 = DIRECTION('',(0.,0.,1.));
#12371 = DIRECTION('',(1.,0.,0.));
#12372 = ( GEOMETRIC_REPRESENTATION_CONTEXT(3) 
GLOBAL_UNCERTAINTY_ASSIGNED_CONTEXT((#12376)) 
GLOBAL_UNIT_ASSIGNED_CONTEXT((#12373,#12374,#12375)) 
REPRESENTATION_CONTEXT('Context #1',
  '3D Context with UNIT and UNCERTAINTY') );
#12373 = ( LENGTH_UNIT() NAMED_UNIT(*) SI_UNIT(.MILLI.,.METRE.) );
#12374 = ( NAMED_UNIT(*) PLANE_ANGLE_UNIT() SI_UNIT($,.RADIAN.) );
#12375 = ( NAMED_UNIT(*) SI_UNIT($,.STERADIAN.) SOLID_ANGLE_UNIT() );
#12376 = UNCERTAINTY_MEASURE_WITH_UNIT(LENGTH_MEASURE(1.E-07),#12373,
  'distance_accuracy_value','confusion accuracy');
#12377 = CONTEXT_DEPENDENT_SHAPE_REPRESENTATION(#12378,#12380);
#12378 = ( REPRESENTATION_RELATIONSHIP('','',#11405,#10) 
REPRESENTATION_RELATIONSHIP_WITH_TRANSFORMATION(#12379) 
SHAPE_REPRESENTATION_RELATIONSHIP() );
#12379 = ITEM_DEFINED_TRANSFORMATION('','',#11,#111);
#12380 = PRODUCT_DEFINITION_SHAPE('Placement','Placement of an item',
  #12381);
#12381 = NEXT_ASSEMBLY_USAGE_OCCURRENCE('270','Pad002','',#5,#11400,$);
#12382 = PRODUCT_RELATED_PRODUCT_CATEGORY('part',$,(#11402));
#12383 = SHAPE_DEFINITION_REPRESENTATION(#12384,#12390);
#12384 = PRODUCT_DEFINITION_SHAPE('','',#12385);
#12385 = PRODUCT_DEFINITION('design','',#12386,#12389);
#12386 = PRODUCT_DEFINITION_FORMATION('','',#12387);
#12387 = PRODUCT('Sketch005','Sketch005','',(#12388));
#12388 = PRODUCT_CONTEXT('',#2,'mechanical');
#12389 = PRODUCT_DEFINITION_CONTEXT('part definition',#2,'design');
#12390 = GEOMETRICALLY_BOUNDED_WIREFRAME_SHAPE_REPRESENTATION('',(#11,
    #12391),#12420);
#12391 = GEOMETRIC_CURVE_SET('',(#12392,#12399,#12406,#12413));
#12392 = TRIMMED_CURVE('',#12393,(#12397,PARAMETER_VALUE(0.)),(#12398,
    PARAMETER_VALUE(14.)),.T.,.PARAMETER.);
#12393 = LINE('',#12394,#12395);
#12394 = CARTESIAN_POINT('',(-65.,18.5,0.));
#12395 = VECTOR('',#12396,1.);
#12396 = DIRECTION('',(0.,-1.,0.));
#12397 = CARTESIAN_POINT('',(-65.,18.5,0.));
#12398 = CARTESIAN_POINT('',(-65.,4.5,0.));
#12399 = TRIMMED_CURVE('',#12400,(#12404,PARAMETER_VALUE(0.)),(#12405,
    PARAMETER_VALUE(52.)),.T.,.PARAMETER.);
#12400 = LINE('',#12401,#12402);
#12401 = CARTESIAN_POINT('',(-65.,4.5,0.));
#12402 = VECTOR('',#12403,1.);
#12403 = DIRECTION('',(1.,0.,0.));
#12404 = CARTESIAN_POINT('',(-65.,4.5,0.));
#12405 = CARTESIAN_POINT('',(-13.,4.5,0.));
#12406 = TRIMMED_CURVE('',#12407,(#12411,PARAMETER_VALUE(0.)),(#12412,
    PARAMETER_VALUE(14.)),.T.,.PARAMETER.);
#12407 = LINE('',#12408,#12409);
#12408 = CARTESIAN_POINT('',(-13.,4.5,0.));
#12409 = VECTOR('',#12410,1.);
#12410 = DIRECTION('',(0.,1.,0.));
#12411 = CARTESIAN_POINT('',(-13.,4.5,0.));
#12412 = CARTESIAN_POINT('',(-13.,18.5,0.));
#12413 = TRIMMED_CURVE('',#12414,(#12418,PARAMETER_VALUE(0.)),(#12419,
    PARAMETER_VALUE(52.)),.T.,.PARAMETER.);
#12414 = LINE('',#12415,#12416);
#12415 = CARTESIAN_POINT('',(-13.,18.5,0.));
#12416 = VECTOR('',#12417,1.);
#12417 = DIRECTION('',(-1.,0.,0.));
#12418 = CARTESIAN_POINT('',(-13.,18.5,0.));
#12419 = CARTESIAN_POINT('',(-65.,18.5,0.));
#12420 = ( GEOMETRIC_REPRESENTATION_CONTEXT(3) 
GLOBAL_UNCERTAINTY_ASSIGNED_CONTEXT((#12424)) 
GLOBAL_UNIT_ASSIGNED_CONTEXT((#12421,#12422,#12423)) 
REPRESENTATION_CONTEXT('Context #1',
  '3D Context with UNIT and UNCERTAINTY') );
#12421 = ( LENGTH_UNIT() NAMED_UNIT(*) SI_UNIT(.MILLI.,.METRE.) );
#12422 = ( NAMED_UNIT(*) PLANE_ANGLE_UNIT() SI_UNIT($,.RADIAN.) );
#12423 = ( NAMED_UNIT(*) SI_UNIT($,.STERADIAN.) SOLID_ANGLE_UNIT() );
#12424 = UNCERTAINTY_MEASURE_WITH_UNIT(LENGTH_MEASURE(1.E-07),#12421,
  'distance_accuracy_value','confusion accuracy');
#12425 = CONTEXT_DEPENDENT_SHAPE_REPRESENTATION(#12426,#12428);
#12426 = ( REPRESENTATION_RELATIONSHIP('','',#12390,#10) 
REPRESENTATION_RELATIONSHIP_WITH_TRANSFORMATION(#12427) 
SHAPE_REPRESENTATION_RELATIONSHIP() );
#12427 = ITEM_DEFINED_TRANSFORMATION('','',#11,#115);
#12428 = PRODUCT_DEFINITION_SHAPE('Placement','Placement of an item',
  #12429);
#12429 = NEXT_ASSEMBLY_USAGE_OCCURRENCE('271','Sketch005','',#5,#12385,$
  );
#12430 = PRODUCT_RELATED_PRODUCT_CATEGORY('part',$,(#12387));
#12431 = SHAPE_DEFINITION_REPRESENTATION(#12432,#12438);
#12432 = PRODUCT_DEFINITION_SHAPE('','',#12433);
#12433 = PRODUCT_DEFINITION('design','',#12434,#12437);
#12434 = PRODUCT_DEFINITION_FORMATION('','',#12435);
#12435 = PRODUCT('Pocket002','Pocket002','',(#12436));
#12436 = PRODUCT_CONTEXT('',#2,'mechanical');
#12437 = PRODUCT_DEFINITION_CONTEXT('part definition',#2,'design');
#12438 = ADVANCED_BREP_SHAPE_REPRESENTATION('',(#11,#12439),#13471);
#12439 = MANIFOLD_SOLID_BREP('',#12440);
#12440 = CLOSED_SHELL('',(#12441,#12497,#12732,#12756,#12780,#12804,
    #13032,#13049,#13063,#13085,#13102,#13119,#13131,#13153,#13170,
    #13187,#13199,#13221,#13238,#13255,#13267,#13289,#13306,#13323,
    #13335,#13357,#13374,#13391,#13403,#13425,#13442,#13459));
#12441 = ADVANCED_FACE('',(#12442),#12492,.F.);
#12442 = FACE_BOUND('',#12443,.F.);
#12443 = EDGE_LOOP('',(#12444,#12454,#12462,#12470,#12478,#12486));
#12444 = ORIENTED_EDGE('',*,*,#12445,.F.);
#12445 = EDGE_CURVE('',#12446,#12448,#12450,.T.);
#12446 = VERTEX_POINT('',#12447);
#12447 = CARTESIAN_POINT('',(-79.,55.,0.));
#12448 = VERTEX_POINT('',#12449);
#12449 = CARTESIAN_POINT('',(-79.,0.,0.));
#12450 = LINE('',#12451,#12452);
#12451 = CARTESIAN_POINT('',(-79.,55.,0.));
#12452 = VECTOR('',#12453,1.);
#12453 = DIRECTION('',(0.,-1.,0.));
#12454 = ORIENTED_EDGE('',*,*,#12455,.T.);
#12455 = EDGE_CURVE('',#12446,#12456,#12458,.T.);
#12456 = VERTEX_POINT('',#12457);
#12457 = CARTESIAN_POINT('',(-79.,55.,4.5));
#12458 = LINE('',#12459,#12460);
#12459 = CARTESIAN_POINT('',(-79.,55.,0.));
#12460 = VECTOR('',#12461,1.);
#12461 = DIRECTION('',(0.,0.,1.));
#12462 = ORIENTED_EDGE('',*,*,#12463,.T.);
#12463 = EDGE_CURVE('',#12456,#12464,#12466,.T.);
#12464 = VERTEX_POINT('',#12465);
#12465 = CARTESIAN_POINT('',(-79.,13.,4.5));
#12466 = LINE('',#12467,#12468);
#12467 = CARTESIAN_POINT('',(-79.,65.,4.5));
#12468 = VECTOR('',#12469,1.);
#12469 = DIRECTION('',(0.,-1.,0.));
#12470 = ORIENTED_EDGE('',*,*,#12471,.T.);
#12471 = EDGE_CURVE('',#12464,#12472,#12474,.T.);
#12472 = VERTEX_POINT('',#12473);
#12473 = CARTESIAN_POINT('',(-79.,13.,18.5));
#12474 = LINE('',#12475,#12476);
#12475 = CARTESIAN_POINT('',(-79.,13.,4.5));
#12476 = VECTOR('',#12477,1.);
#12477 = DIRECTION('',(0.,0.,1.));
#12478 = ORIENTED_EDGE('',*,*,#12479,.T.);
#12479 = EDGE_CURVE('',#12472,#12480,#12482,.T.);
#12480 = VERTEX_POINT('',#12481);
#12481 = CARTESIAN_POINT('',(-79.,0.,18.5));
#12482 = LINE('',#12483,#12484);
#12483 = CARTESIAN_POINT('',(-79.,55.,18.5));
#12484 = VECTOR('',#12485,1.);
#12485 = DIRECTION('',(0.,-1.,0.));
#12486 = ORIENTED_EDGE('',*,*,#12487,.F.);
#12487 = EDGE_CURVE('',#12448,#12480,#12488,.T.);
#12488 = LINE('',#12489,#12490);
#12489 = CARTESIAN_POINT('',(-79.,0.,0.));
#12490 = VECTOR('',#12491,1.);
#12491 = DIRECTION('',(0.,0.,1.));
#12492 = PLANE('',#12493);
#12493 = AXIS2_PLACEMENT_3D('',#12494,#12495,#12496);
#12494 = CARTESIAN_POINT('',(-79.,55.,0.));
#12495 = DIRECTION('',(1.,0.,0.));
#12496 = DIRECTION('',(0.,-1.,0.));
#12497 = ADVANCED_FACE('',(#12498,#12523,#12557,#12591,#12625,#12659,
    #12693),#12727,.F.);
#12498 = FACE_BOUND('',#12499,.F.);
#12499 = EDGE_LOOP('',(#12500,#12501,#12509,#12517));
#12500 = ORIENTED_EDGE('',*,*,#12445,.T.);
#12501 = ORIENTED_EDGE('',*,*,#12502,.T.);
#12502 = EDGE_CURVE('',#12448,#12503,#12505,.T.);
#12503 = VERTEX_POINT('',#12504);
#12504 = CARTESIAN_POINT('',(0.,0.,0.));
#12505 = LINE('',#12506,#12507);
#12506 = CARTESIAN_POINT('',(-79.,0.,0.));
#12507 = VECTOR('',#12508,1.);
#12508 = DIRECTION('',(1.,0.,0.));
#12509 = ORIENTED_EDGE('',*,*,#12510,.T.);
#12510 = EDGE_CURVE('',#12503,#12511,#12513,.T.);
#12511 = VERTEX_POINT('',#12512);
#12512 = CARTESIAN_POINT('',(0.,55.,0.));
#12513 = LINE('',#12514,#12515);
#12514 = CARTESIAN_POINT('',(0.,0.,0.));
#12515 = VECTOR('',#12516,1.);
#12516 = DIRECTION('',(0.,1.,0.));
#12517 = ORIENTED_EDGE('',*,*,#12518,.T.);
#12518 = EDGE_CURVE('',#12511,#12446,#12519,.T.);
#12519 = LINE('',#12520,#12521);
#12520 = CARTESIAN_POINT('',(0.,55.,0.));
#12521 = VECTOR('',#12522,1.);
#12522 = DIRECTION('',(-1.,0.,0.));
#12523 = FACE_BOUND('',#12524,.T.);
#12524 = EDGE_LOOP('',(#12525,#12535,#12543,#12551));
#12525 = ORIENTED_EDGE('',*,*,#12526,.T.);
#12526 = EDGE_CURVE('',#12527,#12529,#12531,.T.);
#12527 = VERTEX_POINT('',#12528);
#12528 = CARTESIAN_POINT('',(-73.27177889033,37.828867542113,0.));
#12529 = VERTEX_POINT('',#12530);
#12530 = CARTESIAN_POINT('',(-73.27177889033,34.828867542113,0.));
#12531 = LINE('',#12532,#12533);
#12532 = CARTESIAN_POINT('',(-73.27177889033,37.828867542113,0.));
#12533 = VECTOR('',#12534,1.);
#12534 = DIRECTION('',(0.,-1.,0.));
#12535 = ORIENTED_EDGE('',*,*,#12536,.T.);
#12536 = EDGE_CURVE('',#12529,#12537,#12539,.T.);
#12537 = VERTEX_POINT('',#12538);
#12538 = CARTESIAN_POINT('',(-48.27177889033,34.828867542113,0.));
#12539 = LINE('',#12540,#12541);
#12540 = CARTESIAN_POINT('',(-73.27177889033,34.828867542113,0.));
#12541 = VECTOR('',#12542,1.);
#12542 = DIRECTION('',(1.,0.,0.));
#12543 = ORIENTED_EDGE('',*,*,#12544,.T.);
#12544 = EDGE_CURVE('',#12537,#12545,#12547,.T.);
#12545 = VERTEX_POINT('',#12546);
#12546 = CARTESIAN_POINT('',(-48.27177889033,37.828867542113,0.));
#12547 = LINE('',#12548,#12549);
#12548 = CARTESIAN_POINT('',(-48.27177889033,34.828867542113,0.));
#12549 = VECTOR('',#12550,1.);
#12550 = DIRECTION('',(0.,1.,0.));
#12551 = ORIENTED_EDGE('',*,*,#12552,.T.);
#12552 = EDGE_CURVE('',#12545,#12527,#12553,.T.);
#12553 = LINE('',#12554,#12555);
#12554 = CARTESIAN_POINT('',(-48.27177889033,37.828867542113,0.));
#12555 = VECTOR('',#12556,1.);
#12556 = DIRECTION('',(-1.,0.,0.));
#12557 = FACE_BOUND('',#12558,.T.);
#12558 = EDGE_LOOP('',(#12559,#12569,#12577,#12585));
#12559 = ORIENTED_EDGE('',*,*,#12560,.T.);
#12560 = EDGE_CURVE('',#12561,#12563,#12565,.T.);
#12561 = VERTEX_POINT('',#12562);
#12562 = CARTESIAN_POINT('',(-29.946996,37.828868,0.));
#12563 = VERTEX_POINT('',#12564);
#12564 = CARTESIAN_POINT('',(-29.946996,34.828868,0.));
#12565 = LINE('',#12566,#12567);
#12566 = CARTESIAN_POINT('',(-29.946996,37.828868,0.));
#12567 = VECTOR('',#12568,1.);
#12568 = DIRECTION('',(0.,-1.,0.));
#12569 = ORIENTED_EDGE('',*,*,#12570,.T.);
#12570 = EDGE_CURVE('',#12563,#12571,#12573,.T.);
#12571 = VERTEX_POINT('',#12572);
#12572 = CARTESIAN_POINT('',(-4.946996,34.828868,0.));
#12573 = LINE('',#12574,#12575);
#12574 = CARTESIAN_POINT('',(-29.946996,34.828868,0.));
#12575 = VECTOR('',#12576,1.);
#12576 = DIRECTION('',(1.,0.,0.));
#12577 = ORIENTED_EDGE('',*,*,#12578,.T.);
#12578 = EDGE_CURVE('',#12571,#12579,#12581,.T.);
#12579 = VERTEX_POINT('',#12580);
#12580 = CARTESIAN_POINT('',(-4.946996,37.828868,0.));
#12581 = LINE('',#12582,#12583);
#12582 = CARTESIAN_POINT('',(-4.946996,34.828868,0.));
#12583 = VECTOR('',#12584,1.);
#12584 = DIRECTION('',(0.,1.,0.));
#12585 = ORIENTED_EDGE('',*,*,#12586,.T.);
#12586 = EDGE_CURVE('',#12579,#12561,#12587,.T.);
#12587 = LINE('',#12588,#12589);
#12588 = CARTESIAN_POINT('',(-4.946996,37.828868,0.));
#12589 = VECTOR('',#12590,1.);
#12590 = DIRECTION('',(-1.,0.,0.));
#12591 = FACE_BOUND('',#12592,.T.);
#12592 = EDGE_LOOP('',(#12593,#12603,#12611,#12619));
#12593 = ORIENTED_EDGE('',*,*,#12594,.T.);
#12594 = EDGE_CURVE('',#12595,#12597,#12599,.T.);
#12595 = VERTEX_POINT('',#12596);
#12596 = CARTESIAN_POINT('',(-73.271779,43.789032,0.));
#12597 = VERTEX_POINT('',#12598);
#12598 = CARTESIAN_POINT('',(-73.271779,40.789032,0.));
#12599 = LINE('',#12600,#12601);
#12600 = CARTESIAN_POINT('',(-73.271779,43.789032,0.));
#12601 = VECTOR('',#12602,1.);
#12602 = DIRECTION('',(0.,-1.,0.));
#12603 = ORIENTED_EDGE('',*,*,#12604,.T.);
#12604 = EDGE_CURVE('',#12597,#12605,#12607,.T.);
#12605 = VERTEX_POINT('',#12606);
#12606 = CARTESIAN_POINT('',(-48.271779,40.789032,0.));
#12607 = LINE('',#12608,#12609);
#12608 = CARTESIAN_POINT('',(-73.271779,40.789032,0.));
#12609 = VECTOR('',#12610,1.);
#12610 = DIRECTION('',(1.,0.,0.));
#12611 = ORIENTED_EDGE('',*,*,#12612,.T.);
#12612 = EDGE_CURVE('',#12605,#12613,#12615,.T.);
#12613 = VERTEX_POINT('',#12614);
#12614 = CARTESIAN_POINT('',(-48.271779,43.789032,0.));
#12615 = LINE('',#12616,#12617);
#12616 = CARTESIAN_POINT('',(-48.271779,40.789032,0.));
#12617 = VECTOR('',#12618,1.);
#12618 = DIRECTION('',(0.,1.,0.));
#12619 = ORIENTED_EDGE('',*,*,#12620,.T.);
#12620 = EDGE_CURVE('',#12613,#12595,#12621,.T.);
#12621 = LINE('',#12622,#12623);
#12622 = CARTESIAN_POINT('',(-48.271779,43.789032,0.));
#12623 = VECTOR('',#12624,1.);
#12624 = DIRECTION('',(-1.,0.,0.));
#12625 = FACE_BOUND('',#12626,.T.);
#12626 = EDGE_LOOP('',(#12627,#12637,#12645,#12653));
#12627 = ORIENTED_EDGE('',*,*,#12628,.T.);
#12628 = EDGE_CURVE('',#12629,#12631,#12633,.T.);
#12629 = VERTEX_POINT('',#12630);
#12630 = CARTESIAN_POINT('',(-29.946996,43.789032,0.));
#12631 = VERTEX_POINT('',#12632);
#12632 = CARTESIAN_POINT('',(-29.946996,40.789032,0.));
#12633 = LINE('',#12634,#12635);
#12634 = CARTESIAN_POINT('',(-29.946996,43.789032,0.));
#12635 = VECTOR('',#12636,1.);
#12636 = DIRECTION('',(0.,-1.,0.));
#12637 = ORIENTED_EDGE('',*,*,#12638,.T.);
#12638 = EDGE_CURVE('',#12631,#12639,#12641,.T.);
#12639 = VERTEX_POINT('',#12640);
#12640 = CARTESIAN_POINT('',(-4.946996,40.789032,0.));
#12641 = LINE('',#12642,#12643);
#12642 = CARTESIAN_POINT('',(-29.946996,40.789032,0.));
#12643 = VECTOR('',#12644,1.);
#12644 = DIRECTION('',(1.,0.,0.));
#12645 = ORIENTED_EDGE('',*,*,#12646,.T.);
#12646 = EDGE_CURVE('',#12639,#12647,#12649,.T.);
#12647 = VERTEX_POINT('',#12648);
#12648 = CARTESIAN_POINT('',(-4.946996,43.789032,0.));
#12649 = LINE('',#12650,#12651);
#12650 = CARTESIAN_POINT('',(-4.946996,40.789032,0.));
#12651 = VECTOR('',#12652,1.);
#12652 = DIRECTION('',(0.,1.,0.));
#12653 = ORIENTED_EDGE('',*,*,#12654,.T.);
#12654 = EDGE_CURVE('',#12647,#12629,#12655,.T.);
#12655 = LINE('',#12656,#12657);
#12656 = CARTESIAN_POINT('',(-4.946996,43.789032,0.));
#12657 = VECTOR('',#12658,1.);
#12658 = DIRECTION('',(-1.,0.,0.));
#12659 = FACE_BOUND('',#12660,.T.);
#12660 = EDGE_LOOP('',(#12661,#12671,#12679,#12687));
#12661 = ORIENTED_EDGE('',*,*,#12662,.T.);
#12662 = EDGE_CURVE('',#12663,#12665,#12667,.T.);
#12663 = VERTEX_POINT('',#12664);
#12664 = CARTESIAN_POINT('',(-73.271779,49.749196,0.));
#12665 = VERTEX_POINT('',#12666);
#12666 = CARTESIAN_POINT('',(-73.271779,46.749196,0.));
#12667 = LINE('',#12668,#12669);
#12668 = CARTESIAN_POINT('',(-73.271779,49.749196,0.));
#12669 = VECTOR('',#12670,1.);
#12670 = DIRECTION('',(0.,-1.,0.));
#12671 = ORIENTED_EDGE('',*,*,#12672,.T.);
#12672 = EDGE_CURVE('',#12665,#12673,#12675,.T.);
#12673 = VERTEX_POINT('',#12674);
#12674 = CARTESIAN_POINT('',(-48.271779,46.749196,0.));
#12675 = LINE('',#12676,#12677);
#12676 = CARTESIAN_POINT('',(-73.271779,46.749196,0.));
#12677 = VECTOR('',#12678,1.);
#12678 = DIRECTION('',(1.,0.,0.));
#12679 = ORIENTED_EDGE('',*,*,#12680,.T.);
#12680 = EDGE_CURVE('',#12673,#12681,#12683,.T.);
#12681 = VERTEX_POINT('',#12682);
#12682 = CARTESIAN_POINT('',(-48.271779,49.749196,0.));
#12683 = LINE('',#12684,#12685);
#12684 = CARTESIAN_POINT('',(-48.271779,46.749196,0.));
#12685 = VECTOR('',#12686,1.);
#12686 = DIRECTION('',(0.,1.,0.));
#12687 = ORIENTED_EDGE('',*,*,#12688,.T.);
#12688 = EDGE_CURVE('',#12681,#12663,#12689,.T.);
#12689 = LINE('',#12690,#12691);
#12690 = CARTESIAN_POINT('',(-48.271779,49.749196,0.));
#12691 = VECTOR('',#12692,1.);
#12692 = DIRECTION('',(-1.,0.,0.));
#12693 = FACE_BOUND('',#12694,.T.);
#12694 = EDGE_LOOP('',(#12695,#12705,#12713,#12721));
#12695 = ORIENTED_EDGE('',*,*,#12696,.T.);
#12696 = EDGE_CURVE('',#12697,#12699,#12701,.T.);
#12697 = VERTEX_POINT('',#12698);
#12698 = CARTESIAN_POINT('',(-29.946996,49.749197,0.));
#12699 = VERTEX_POINT('',#12700);
#12700 = CARTESIAN_POINT('',(-29.946996,46.749197,0.));
#12701 = LINE('',#12702,#12703);
#12702 = CARTESIAN_POINT('',(-29.946996,49.749197,0.));
#12703 = VECTOR('',#12704,1.);
#12704 = DIRECTION('',(0.,-1.,0.));
#12705 = ORIENTED_EDGE('',*,*,#12706,.T.);
#12706 = EDGE_CURVE('',#12699,#12707,#12709,.T.);
#12707 = VERTEX_POINT('',#12708);
#12708 = CARTESIAN_POINT('',(-4.946996,46.749197,0.));
#12709 = LINE('',#12710,#12711);
#12710 = CARTESIAN_POINT('',(-29.946996,46.749197,0.));
#12711 = VECTOR('',#12712,1.);
#12712 = DIRECTION('',(1.,0.,0.));
#12713 = ORIENTED_EDGE('',*,*,#12714,.T.);
#12714 = EDGE_CURVE('',#12707,#12715,#12717,.T.);
#12715 = VERTEX_POINT('',#12716);
#12716 = CARTESIAN_POINT('',(-4.946996,49.749197,0.));
#12717 = LINE('',#12718,#12719);
#12718 = CARTESIAN_POINT('',(-4.946996,46.749197,0.));
#12719 = VECTOR('',#12720,1.);
#12720 = DIRECTION('',(0.,1.,0.));
#12721 = ORIENTED_EDGE('',*,*,#12722,.T.);
#12722 = EDGE_CURVE('',#12715,#12697,#12723,.T.);
#12723 = LINE('',#12724,#12725);
#12724 = CARTESIAN_POINT('',(-4.946996,49.749197,0.));
#12725 = VECTOR('',#12726,1.);
#12726 = DIRECTION('',(-1.,0.,0.));
#12727 = PLANE('',#12728);
#12728 = AXIS2_PLACEMENT_3D('',#12729,#12730,#12731);
#12729 = CARTESIAN_POINT('',(-39.28270561897,35.72701122907,0.));
#12730 = DIRECTION('',(0.,0.,1.));
#12731 = DIRECTION('',(1.,0.,0.));
#12732 = ADVANCED_FACE('',(#12733),#12751,.F.);
#12733 = FACE_BOUND('',#12734,.F.);
#12734 = EDGE_LOOP('',(#12735,#12736,#12744,#12750));
#12735 = ORIENTED_EDGE('',*,*,#12487,.T.);
#12736 = ORIENTED_EDGE('',*,*,#12737,.T.);
#12737 = EDGE_CURVE('',#12480,#12738,#12740,.T.);
#12738 = VERTEX_POINT('',#12739);
#12739 = CARTESIAN_POINT('',(0.,0.,18.5));
#12740 = LINE('',#12741,#12742);
#12741 = CARTESIAN_POINT('',(-79.,0.,18.5));
#12742 = VECTOR('',#12743,1.);
#12743 = DIRECTION('',(1.,0.,0.));
#12744 = ORIENTED_EDGE('',*,*,#12745,.F.);
#12745 = EDGE_CURVE('',#12503,#12738,#12746,.T.);
#12746 = LINE('',#12747,#12748);
#12747 = CARTESIAN_POINT('',(0.,0.,0.));
#12748 = VECTOR('',#12749,1.);
#12749 = DIRECTION('',(0.,0.,1.));
#12750 = ORIENTED_EDGE('',*,*,#12502,.F.);
#12751 = PLANE('',#12752);
#12752 = AXIS2_PLACEMENT_3D('',#12753,#12754,#12755);
#12753 = CARTESIAN_POINT('',(-79.,0.,0.));
#12754 = DIRECTION('',(0.,1.,0.));
#12755 = DIRECTION('',(1.,0.,0.));
#12756 = ADVANCED_FACE('',(#12757),#12775,.T.);
#12757 = FACE_BOUND('',#12758,.T.);
#12758 = EDGE_LOOP('',(#12759,#12767,#12768,#12769));
#12759 = ORIENTED_EDGE('',*,*,#12760,.F.);
#12760 = EDGE_CURVE('',#12472,#12761,#12763,.T.);
#12761 = VERTEX_POINT('',#12762);
#12762 = CARTESIAN_POINT('',(0.,13.,18.5));
#12763 = LINE('',#12764,#12765);
#12764 = CARTESIAN_POINT('',(-79.,13.,18.5));
#12765 = VECTOR('',#12766,1.);
#12766 = DIRECTION('',(1.,0.,0.));
#12767 = ORIENTED_EDGE('',*,*,#12479,.T.);
#12768 = ORIENTED_EDGE('',*,*,#12737,.T.);
#12769 = ORIENTED_EDGE('',*,*,#12770,.T.);
#12770 = EDGE_CURVE('',#12738,#12761,#12771,.T.);
#12771 = LINE('',#12772,#12773);
#12772 = CARTESIAN_POINT('',(0.,0.,18.5));
#12773 = VECTOR('',#12774,1.);
#12774 = DIRECTION('',(0.,1.,0.));
#12775 = PLANE('',#12776);
#12776 = AXIS2_PLACEMENT_3D('',#12777,#12778,#12779);
#12777 = CARTESIAN_POINT('',(-39.28270561897,35.72701122907,18.5));
#12778 = DIRECTION('',(0.,0.,1.));
#12779 = DIRECTION('',(1.,0.,0.));
#12780 = ADVANCED_FACE('',(#12781),#12799,.F.);
#12781 = FACE_BOUND('',#12782,.F.);
#12782 = EDGE_LOOP('',(#12783,#12784,#12792,#12798));
#12783 = ORIENTED_EDGE('',*,*,#12471,.F.);
#12784 = ORIENTED_EDGE('',*,*,#12785,.T.);
#12785 = EDGE_CURVE('',#12464,#12786,#12788,.T.);
#12786 = VERTEX_POINT('',#12787);
#12787 = CARTESIAN_POINT('',(0.,13.,4.5));
#12788 = LINE('',#12789,#12790);
#12789 = CARTESIAN_POINT('',(-79.,13.,4.5));
#12790 = VECTOR('',#12791,1.);
#12791 = DIRECTION('',(1.,0.,0.));
#12792 = ORIENTED_EDGE('',*,*,#12793,.T.);
#12793 = EDGE_CURVE('',#12786,#12761,#12794,.T.);
#12794 = LINE('',#12795,#12796);
#12795 = CARTESIAN_POINT('',(0.,13.,2.25));
#12796 = VECTOR('',#12797,1.);
#12797 = DIRECTION('',(0.,0.,1.));
#12798 = ORIENTED_EDGE('',*,*,#12760,.F.);
#12799 = PLANE('',#12800);
#12800 = AXIS2_PLACEMENT_3D('',#12801,#12802,#12803);
#12801 = CARTESIAN_POINT('',(-79.,13.,4.5));
#12802 = DIRECTION('',(0.,-1.,0.));
#12803 = DIRECTION('',(0.,0.,1.));
#12804 = ADVANCED_FACE('',(#12805,#12823,#12857,#12891,#12925,#12959,
    #12993),#13027,.F.);
#12805 = FACE_BOUND('',#12806,.F.);
#12806 = EDGE_LOOP('',(#12807,#12808,#12816,#12822));
#12807 = ORIENTED_EDGE('',*,*,#12463,.F.);
#12808 = ORIENTED_EDGE('',*,*,#12809,.T.);
#12809 = EDGE_CURVE('',#12456,#12810,#12812,.T.);
#12810 = VERTEX_POINT('',#12811);
#12811 = CARTESIAN_POINT('',(0.,55.,4.5));
#12812 = LINE('',#12813,#12814);
#12813 = CARTESIAN_POINT('',(-39.5,55.,4.5));
#12814 = VECTOR('',#12815,1.);
#12815 = DIRECTION('',(1.,0.,0.));
#12816 = ORIENTED_EDGE('',*,*,#12817,.T.);
#12817 = EDGE_CURVE('',#12810,#12786,#12818,.T.);
#12818 = LINE('',#12819,#12820);
#12819 = CARTESIAN_POINT('',(0.,32.5,4.5));
#12820 = VECTOR('',#12821,1.);
#12821 = DIRECTION('',(-0.,-1.,-0.));
#12822 = ORIENTED_EDGE('',*,*,#12785,.F.);
#12823 = FACE_BOUND('',#12824,.F.);
#12824 = EDGE_LOOP('',(#12825,#12835,#12843,#12851));
#12825 = ORIENTED_EDGE('',*,*,#12826,.F.);
#12826 = EDGE_CURVE('',#12827,#12829,#12831,.T.);
#12827 = VERTEX_POINT('',#12828);
#12828 = CARTESIAN_POINT('',(-29.946996,46.749197,4.5));
#12829 = VERTEX_POINT('',#12830);
#12830 = CARTESIAN_POINT('',(-29.946996,49.749197,4.5));
#12831 = LINE('',#12832,#12833);
#12832 = CARTESIAN_POINT('',(-29.946996,57.3745985,4.5));
#12833 = VECTOR('',#12834,1.);
#12834 = DIRECTION('',(-0.,1.,0.));
#12835 = ORIENTED_EDGE('',*,*,#12836,.F.);
#12836 = EDGE_CURVE('',#12837,#12827,#12839,.T.);
#12837 = VERTEX_POINT('',#12838);
#12838 = CARTESIAN_POINT('',(-4.946996,46.749197,4.5));
#12839 = LINE('',#12840,#12841);
#12840 = CARTESIAN_POINT('',(-54.473498,46.749197,4.5));
#12841 = VECTOR('',#12842,1.);
#12842 = DIRECTION('',(-1.,0.,0.));
#12843 = ORIENTED_EDGE('',*,*,#12844,.F.);
#12844 = EDGE_CURVE('',#12845,#12837,#12847,.T.);
#12845 = VERTEX_POINT('',#12846);
#12846 = CARTESIAN_POINT('',(-4.946996,49.749197,4.5));
#12847 = LINE('',#12848,#12849);
#12848 = CARTESIAN_POINT('',(-4.946996,55.8745985,4.5));
#12849 = VECTOR('',#12850,1.);
#12850 = DIRECTION('',(-0.,-1.,-0.));
#12851 = ORIENTED_EDGE('',*,*,#12852,.F.);
#12852 = EDGE_CURVE('',#12829,#12845,#12853,.T.);
#12853 = LINE('',#12854,#12855);
#12854 = CARTESIAN_POINT('',(-41.973498,49.749197,4.5));
#12855 = VECTOR('',#12856,1.);
#12856 = DIRECTION('',(1.,0.,0.));
#12857 = FACE_BOUND('',#12858,.F.);
#12858 = EDGE_LOOP('',(#12859,#12869,#12877,#12885));
#12859 = ORIENTED_EDGE('',*,*,#12860,.F.);
#12860 = EDGE_CURVE('',#12861,#12863,#12865,.T.);
#12861 = VERTEX_POINT('',#12862);
#12862 = CARTESIAN_POINT('',(-29.946996,40.789032,4.5));
#12863 = VERTEX_POINT('',#12864);
#12864 = CARTESIAN_POINT('',(-29.946996,43.789032,4.5));
#12865 = LINE('',#12866,#12867);
#12866 = CARTESIAN_POINT('',(-29.946996,54.394516,4.5));
#12867 = VECTOR('',#12868,1.);
#12868 = DIRECTION('',(-0.,1.,0.));
#12869 = ORIENTED_EDGE('',*,*,#12870,.F.);
#12870 = EDGE_CURVE('',#12871,#12861,#12873,.T.);
#12871 = VERTEX_POINT('',#12872);
#12872 = CARTESIAN_POINT('',(-4.946996,40.789032,4.5));
#12873 = LINE('',#12874,#12875);
#12874 = CARTESIAN_POINT('',(-54.473498,40.789032,4.5));
#12875 = VECTOR('',#12876,1.);
#12876 = DIRECTION('',(-1.,0.,0.));
#12877 = ORIENTED_EDGE('',*,*,#12878,.F.);
#12878 = EDGE_CURVE('',#12879,#12871,#12881,.T.);
#12879 = VERTEX_POINT('',#12880);
#12880 = CARTESIAN_POINT('',(-4.946996,43.789032,4.5));
#12881 = LINE('',#12882,#12883);
#12882 = CARTESIAN_POINT('',(-4.946996,52.894516,4.5));
#12883 = VECTOR('',#12884,1.);
#12884 = DIRECTION('',(-0.,-1.,-0.));
#12885 = ORIENTED_EDGE('',*,*,#12886,.F.);
#12886 = EDGE_CURVE('',#12863,#12879,#12887,.T.);
#12887 = LINE('',#12888,#12889);
#12888 = CARTESIAN_POINT('',(-41.973498,43.789032,4.5));
#12889 = VECTOR('',#12890,1.);
#12890 = DIRECTION('',(1.,0.,0.));
#12891 = FACE_BOUND('',#12892,.F.);
#12892 = EDGE_LOOP('',(#12893,#12903,#12911,#12919));
#12893 = ORIENTED_EDGE('',*,*,#12894,.F.);
#12894 = EDGE_CURVE('',#12895,#12897,#12899,.T.);
#12895 = VERTEX_POINT('',#12896);
#12896 = CARTESIAN_POINT('',(-29.946996,34.828868,4.5));
#12897 = VERTEX_POINT('',#12898);
#12898 = CARTESIAN_POINT('',(-29.946996,37.828868,4.5));
#12899 = LINE('',#12900,#12901);
#12900 = CARTESIAN_POINT('',(-29.946996,51.414434,4.5));
#12901 = VECTOR('',#12902,1.);
#12902 = DIRECTION('',(-0.,1.,0.));
#12903 = ORIENTED_EDGE('',*,*,#12904,.F.);
#12904 = EDGE_CURVE('',#12905,#12895,#12907,.T.);
#12905 = VERTEX_POINT('',#12906);
#12906 = CARTESIAN_POINT('',(-4.946996,34.828868,4.5));
#12907 = LINE('',#12908,#12909);
#12908 = CARTESIAN_POINT('',(-54.473498,34.828868,4.5));
#12909 = VECTOR('',#12910,1.);
#12910 = DIRECTION('',(-1.,0.,0.));
#12911 = ORIENTED_EDGE('',*,*,#12912,.F.);
#12912 = EDGE_CURVE('',#12913,#12905,#12915,.T.);
#12913 = VERTEX_POINT('',#12914);
#12914 = CARTESIAN_POINT('',(-4.946996,37.828868,4.5));
#12915 = LINE('',#12916,#12917);
#12916 = CARTESIAN_POINT('',(-4.946996,49.914434,4.5));
#12917 = VECTOR('',#12918,1.);
#12918 = DIRECTION('',(-0.,-1.,-0.));
#12919 = ORIENTED_EDGE('',*,*,#12920,.F.);
#12920 = EDGE_CURVE('',#12897,#12913,#12921,.T.);
#12921 = LINE('',#12922,#12923);
#12922 = CARTESIAN_POINT('',(-41.973498,37.828868,4.5));
#12923 = VECTOR('',#12924,1.);
#12924 = DIRECTION('',(1.,0.,0.));
#12925 = FACE_BOUND('',#12926,.F.);
#12926 = EDGE_LOOP('',(#12927,#12937,#12945,#12953));
#12927 = ORIENTED_EDGE('',*,*,#12928,.F.);
#12928 = EDGE_CURVE('',#12929,#12931,#12933,.T.);
#12929 = VERTEX_POINT('',#12930);
#12930 = CARTESIAN_POINT('',(-73.271779,46.749196,4.5));
#12931 = VERTEX_POINT('',#12932);
#12932 = CARTESIAN_POINT('',(-73.271779,49.749196,4.5));
#12933 = LINE('',#12934,#12935);
#12934 = CARTESIAN_POINT('',(-73.271779,57.374598,4.5));
#12935 = VECTOR('',#12936,1.);
#12936 = DIRECTION('',(-0.,1.,0.));
#12937 = ORIENTED_EDGE('',*,*,#12938,.F.);
#12938 = EDGE_CURVE('',#12939,#12929,#12941,.T.);
#12939 = VERTEX_POINT('',#12940);
#12940 = CARTESIAN_POINT('',(-48.271779,46.749196,4.5));
#12941 = LINE('',#12942,#12943);
#12942 = CARTESIAN_POINT('',(-76.1358895,46.749196,4.5));
#12943 = VECTOR('',#12944,1.);
#12944 = DIRECTION('',(-1.,0.,0.));
#12945 = ORIENTED_EDGE('',*,*,#12946,.F.);
#12946 = EDGE_CURVE('',#12947,#12939,#12949,.T.);
#12947 = VERTEX_POINT('',#12948);
#12948 = CARTESIAN_POINT('',(-48.271779,49.749196,4.5));
#12949 = LINE('',#12950,#12951);
#12950 = CARTESIAN_POINT('',(-48.271779,55.874598,4.5));
#12951 = VECTOR('',#12952,1.);
#12952 = DIRECTION('',(-0.,-1.,-0.));
#12953 = ORIENTED_EDGE('',*,*,#12954,.F.);
#12954 = EDGE_CURVE('',#12931,#12947,#12955,.T.);
#12955 = LINE('',#12956,#12957);
#12956 = CARTESIAN_POINT('',(-63.6358895,49.749196,4.5));
#12957 = VECTOR('',#12958,1.);
#12958 = DIRECTION('',(1.,0.,0.));
#12959 = FACE_BOUND('',#12960,.F.);
#12960 = EDGE_LOOP('',(#12961,#12971,#12979,#12987));
#12961 = ORIENTED_EDGE('',*,*,#12962,.F.);
#12962 = EDGE_CURVE('',#12963,#12965,#12967,.T.);
#12963 = VERTEX_POINT('',#12964);
#12964 = CARTESIAN_POINT('',(-73.271779,40.789032,4.5));
#12965 = VERTEX_POINT('',#12966);
#12966 = CARTESIAN_POINT('',(-73.271779,43.789032,4.5));
#12967 = LINE('',#12968,#12969);
#12968 = CARTESIAN_POINT('',(-73.271779,54.394516,4.5));
#12969 = VECTOR('',#12970,1.);
#12970 = DIRECTION('',(-0.,1.,0.));
#12971 = ORIENTED_EDGE('',*,*,#12972,.F.);
#12972 = EDGE_CURVE('',#12973,#12963,#12975,.T.);
#12973 = VERTEX_POINT('',#12974);
#12974 = CARTESIAN_POINT('',(-48.271779,40.789032,4.5));
#12975 = LINE('',#12976,#12977);
#12976 = CARTESIAN_POINT('',(-76.1358895,40.789032,4.5));
#12977 = VECTOR('',#12978,1.);
#12978 = DIRECTION('',(-1.,0.,0.));
#12979 = ORIENTED_EDGE('',*,*,#12980,.F.);
#12980 = EDGE_CURVE('',#12981,#12973,#12983,.T.);
#12981 = VERTEX_POINT('',#12982);
#12982 = CARTESIAN_POINT('',(-48.271779,43.789032,4.5));
#12983 = LINE('',#12984,#12985);
#12984 = CARTESIAN_POINT('',(-48.271779,52.894516,4.5));
#12985 = VECTOR('',#12986,1.);
#12986 = DIRECTION('',(-0.,-1.,-0.));
#12987 = ORIENTED_EDGE('',*,*,#12988,.F.);
#12988 = EDGE_CURVE('',#12965,#12981,#12989,.T.);
#12989 = LINE('',#12990,#12991);
#12990 = CARTESIAN_POINT('',(-63.6358895,43.789032,4.5));
#12991 = VECTOR('',#12992,1.);
#12992 = DIRECTION('',(1.,0.,0.));
#12993 = FACE_BOUND('',#12994,.F.);
#12994 = EDGE_LOOP('',(#12995,#13005,#13013,#13021));
#12995 = ORIENTED_EDGE('',*,*,#12996,.F.);
#12996 = EDGE_CURVE('',#12997,#12999,#13001,.T.);
#12997 = VERTEX_POINT('',#12998);
#12998 = CARTESIAN_POINT('',(-73.27177889033,34.828867542113,4.5));
#12999 = VERTEX_POINT('',#13000);
#13000 = CARTESIAN_POINT('',(-73.27177889033,37.828867542113,4.5));
#13001 = LINE('',#13002,#13003);
#13002 = CARTESIAN_POINT('',(-73.27177889033,51.414433771057,4.5));
#13003 = VECTOR('',#13004,1.);
#13004 = DIRECTION('',(-0.,1.,0.));
#13005 = ORIENTED_EDGE('',*,*,#13006,.F.);
#13006 = EDGE_CURVE('',#13007,#12997,#13009,.T.);
#13007 = VERTEX_POINT('',#13008);
#13008 = CARTESIAN_POINT('',(-48.27177889033,34.828867542113,4.5));
#13009 = LINE('',#13010,#13011);
#13010 = CARTESIAN_POINT('',(-76.13588944516,34.828867542113,4.5));
#13011 = VECTOR('',#13012,1.);
#13012 = DIRECTION('',(-1.,0.,0.));
#13013 = ORIENTED_EDGE('',*,*,#13014,.F.);
#13014 = EDGE_CURVE('',#13015,#13007,#13017,.T.);
#13015 = VERTEX_POINT('',#13016);
#13016 = CARTESIAN_POINT('',(-48.27177889033,37.828867542113,4.5));
#13017 = LINE('',#13018,#13019);
#13018 = CARTESIAN_POINT('',(-48.27177889033,49.914433771057,4.5));
#13019 = VECTOR('',#13020,1.);
#13020 = DIRECTION('',(-0.,-1.,-0.));
#13021 = ORIENTED_EDGE('',*,*,#13022,.F.);
#13022 = EDGE_CURVE('',#12999,#13015,#13023,.T.);
#13023 = LINE('',#13024,#13025);
#13024 = CARTESIAN_POINT('',(-63.63588944516,37.828867542113,4.5));
#13025 = VECTOR('',#13026,1.);
#13026 = DIRECTION('',(1.,0.,0.));
#13027 = PLANE('',#13028);
#13028 = AXIS2_PLACEMENT_3D('',#13029,#13030,#13031);
#13029 = CARTESIAN_POINT('',(-79.,65.,4.5));
#13030 = DIRECTION('',(0.,0.,-1.));
#13031 = DIRECTION('',(0.,-1.,0.));
#13032 = ADVANCED_FACE('',(#13033),#13044,.F.);
#13033 = FACE_BOUND('',#13034,.F.);
#13034 = EDGE_LOOP('',(#13035,#13036,#13042,#13043));
#13035 = ORIENTED_EDGE('',*,*,#12518,.F.);
#13036 = ORIENTED_EDGE('',*,*,#13037,.T.);
#13037 = EDGE_CURVE('',#12511,#12810,#13038,.T.);
#13038 = LINE('',#13039,#13040);
#13039 = CARTESIAN_POINT('',(0.,55.,0.));
#13040 = VECTOR('',#13041,1.);
#13041 = DIRECTION('',(0.,0.,1.));
#13042 = ORIENTED_EDGE('',*,*,#12809,.F.);
#13043 = ORIENTED_EDGE('',*,*,#12455,.F.);
#13044 = PLANE('',#13045);
#13045 = AXIS2_PLACEMENT_3D('',#13046,#13047,#13048);
#13046 = CARTESIAN_POINT('',(0.,55.,0.));
#13047 = DIRECTION('',(0.,-1.,0.));
#13048 = DIRECTION('',(-1.,0.,0.));
#13049 = ADVANCED_FACE('',(#13050),#13058,.F.);
#13050 = FACE_BOUND('',#13051,.F.);
#13051 = EDGE_LOOP('',(#13052,#13053,#13054,#13055,#13056,#13057));
#13052 = ORIENTED_EDGE('',*,*,#12510,.F.);
#13053 = ORIENTED_EDGE('',*,*,#12745,.T.);
#13054 = ORIENTED_EDGE('',*,*,#12770,.T.);
#13055 = ORIENTED_EDGE('',*,*,#12793,.F.);
#13056 = ORIENTED_EDGE('',*,*,#12817,.F.);
#13057 = ORIENTED_EDGE('',*,*,#13037,.F.);
#13058 = PLANE('',#13059);
#13059 = AXIS2_PLACEMENT_3D('',#13060,#13061,#13062);
#13060 = CARTESIAN_POINT('',(0.,0.,0.));
#13061 = DIRECTION('',(-1.,0.,0.));
#13062 = DIRECTION('',(0.,1.,0.));
#13063 = ADVANCED_FACE('',(#13064),#13080,.T.);
#13064 = FACE_BOUND('',#13065,.T.);
#13065 = EDGE_LOOP('',(#13066,#13067,#13073,#13074));
#13066 = ORIENTED_EDGE('',*,*,#12526,.F.);
#13067 = ORIENTED_EDGE('',*,*,#13068,.T.);
#13068 = EDGE_CURVE('',#12527,#12999,#13069,.T.);
#13069 = LINE('',#13070,#13071);
#13070 = CARTESIAN_POINT('',(-73.27177889033,37.828867542113,0.));
#13071 = VECTOR('',#13072,1.);
#13072 = DIRECTION('',(0.,0.,1.));
#13073 = ORIENTED_EDGE('',*,*,#12996,.F.);
#13074 = ORIENTED_EDGE('',*,*,#13075,.F.);
#13075 = EDGE_CURVE('',#12529,#12997,#13076,.T.);
#13076 = LINE('',#13077,#13078);
#13077 = CARTESIAN_POINT('',(-73.27177889033,34.828867542113,0.));
#13078 = VECTOR('',#13079,1.);
#13079 = DIRECTION('',(0.,0.,1.));
#13080 = PLANE('',#13081);
#13081 = AXIS2_PLACEMENT_3D('',#13082,#13083,#13084);
#13082 = CARTESIAN_POINT('',(-73.27177889033,37.828867542113,0.));
#13083 = DIRECTION('',(1.,0.,0.));
#13084 = DIRECTION('',(0.,-1.,0.));
#13085 = ADVANCED_FACE('',(#13086),#13097,.T.);
#13086 = FACE_BOUND('',#13087,.T.);
#13087 = EDGE_LOOP('',(#13088,#13089,#13090,#13091));
#13088 = ORIENTED_EDGE('',*,*,#12536,.F.);
#13089 = ORIENTED_EDGE('',*,*,#13075,.T.);
#13090 = ORIENTED_EDGE('',*,*,#13006,.F.);
#13091 = ORIENTED_EDGE('',*,*,#13092,.F.);
#13092 = EDGE_CURVE('',#12537,#13007,#13093,.T.);
#13093 = LINE('',#13094,#13095);
#13094 = CARTESIAN_POINT('',(-48.27177889033,34.828867542113,0.));
#13095 = VECTOR('',#13096,1.);
#13096 = DIRECTION('',(0.,0.,1.));
#13097 = PLANE('',#13098);
#13098 = AXIS2_PLACEMENT_3D('',#13099,#13100,#13101);
#13099 = CARTESIAN_POINT('',(-73.27177889033,34.828867542113,0.));
#13100 = DIRECTION('',(0.,1.,0.));
#13101 = DIRECTION('',(1.,0.,0.));
#13102 = ADVANCED_FACE('',(#13103),#13114,.T.);
#13103 = FACE_BOUND('',#13104,.T.);
#13104 = EDGE_LOOP('',(#13105,#13106,#13107,#13108));
#13105 = ORIENTED_EDGE('',*,*,#12544,.F.);
#13106 = ORIENTED_EDGE('',*,*,#13092,.T.);
#13107 = ORIENTED_EDGE('',*,*,#13014,.F.);
#13108 = ORIENTED_EDGE('',*,*,#13109,.F.);
#13109 = EDGE_CURVE('',#12545,#13015,#13110,.T.);
#13110 = LINE('',#13111,#13112);
#13111 = CARTESIAN_POINT('',(-48.27177889033,37.828867542113,0.));
#13112 = VECTOR('',#13113,1.);
#13113 = DIRECTION('',(0.,0.,1.));
#13114 = PLANE('',#13115);
#13115 = AXIS2_PLACEMENT_3D('',#13116,#13117,#13118);
#13116 = CARTESIAN_POINT('',(-48.27177889033,34.828867542113,0.));
#13117 = DIRECTION('',(-1.,0.,0.));
#13118 = DIRECTION('',(0.,1.,0.));
#13119 = ADVANCED_FACE('',(#13120),#13126,.T.);
#13120 = FACE_BOUND('',#13121,.T.);
#13121 = EDGE_LOOP('',(#13122,#13123,#13124,#13125));
#13122 = ORIENTED_EDGE('',*,*,#12552,.F.);
#13123 = ORIENTED_EDGE('',*,*,#13109,.T.);
#13124 = ORIENTED_EDGE('',*,*,#13022,.F.);
#13125 = ORIENTED_EDGE('',*,*,#13068,.F.);
#13126 = PLANE('',#13127);
#13127 = AXIS2_PLACEMENT_3D('',#13128,#13129,#13130);
#13128 = CARTESIAN_POINT('',(-48.27177889033,37.828867542113,0.));
#13129 = DIRECTION('',(0.,-1.,0.));
#13130 = DIRECTION('',(-1.,0.,0.));
#13131 = ADVANCED_FACE('',(#13132),#13148,.T.);
#13132 = FACE_BOUND('',#13133,.T.);
#13133 = EDGE_LOOP('',(#13134,#13135,#13141,#13142));
#13134 = ORIENTED_EDGE('',*,*,#12560,.F.);
#13135 = ORIENTED_EDGE('',*,*,#13136,.T.);
#13136 = EDGE_CURVE('',#12561,#12897,#13137,.T.);
#13137 = LINE('',#13138,#13139);
#13138 = CARTESIAN_POINT('',(-29.946996,37.828868,0.));
#13139 = VECTOR('',#13140,1.);
#13140 = DIRECTION('',(0.,0.,1.));
#13141 = ORIENTED_EDGE('',*,*,#12894,.F.);
#13142 = ORIENTED_EDGE('',*,*,#13143,.F.);
#13143 = EDGE_CURVE('',#12563,#12895,#13144,.T.);
#13144 = LINE('',#13145,#13146);
#13145 = CARTESIAN_POINT('',(-29.946996,34.828868,0.));
#13146 = VECTOR('',#13147,1.);
#13147 = DIRECTION('',(0.,0.,1.));
#13148 = PLANE('',#13149);
#13149 = AXIS2_PLACEMENT_3D('',#13150,#13151,#13152);
#13150 = CARTESIAN_POINT('',(-29.946996,37.828868,0.));
#13151 = DIRECTION('',(1.,0.,0.));
#13152 = DIRECTION('',(0.,-1.,0.));
#13153 = ADVANCED_FACE('',(#13154),#13165,.T.);
#13154 = FACE_BOUND('',#13155,.T.);
#13155 = EDGE_LOOP('',(#13156,#13157,#13158,#13159));
#13156 = ORIENTED_EDGE('',*,*,#12570,.F.);
#13157 = ORIENTED_EDGE('',*,*,#13143,.T.);
#13158 = ORIENTED_EDGE('',*,*,#12904,.F.);
#13159 = ORIENTED_EDGE('',*,*,#13160,.F.);
#13160 = EDGE_CURVE('',#12571,#12905,#13161,.T.);
#13161 = LINE('',#13162,#13163);
#13162 = CARTESIAN_POINT('',(-4.946996,34.828868,0.));
#13163 = VECTOR('',#13164,1.);
#13164 = DIRECTION('',(0.,0.,1.));
#13165 = PLANE('',#13166);
#13166 = AXIS2_PLACEMENT_3D('',#13167,#13168,#13169);
#13167 = CARTESIAN_POINT('',(-29.946996,34.828868,0.));
#13168 = DIRECTION('',(0.,1.,0.));
#13169 = DIRECTION('',(1.,0.,0.));
#13170 = ADVANCED_FACE('',(#13171),#13182,.T.);
#13171 = FACE_BOUND('',#13172,.T.);
#13172 = EDGE_LOOP('',(#13173,#13174,#13175,#13176));
#13173 = ORIENTED_EDGE('',*,*,#12578,.F.);
#13174 = ORIENTED_EDGE('',*,*,#13160,.T.);
#13175 = ORIENTED_EDGE('',*,*,#12912,.F.);
#13176 = ORIENTED_EDGE('',*,*,#13177,.F.);
#13177 = EDGE_CURVE('',#12579,#12913,#13178,.T.);
#13178 = LINE('',#13179,#13180);
#13179 = CARTESIAN_POINT('',(-4.946996,37.828868,0.));
#13180 = VECTOR('',#13181,1.);
#13181 = DIRECTION('',(0.,0.,1.));
#13182 = PLANE('',#13183);
#13183 = AXIS2_PLACEMENT_3D('',#13184,#13185,#13186);
#13184 = CARTESIAN_POINT('',(-4.946996,34.828868,0.));
#13185 = DIRECTION('',(-1.,0.,0.));
#13186 = DIRECTION('',(0.,1.,0.));
#13187 = ADVANCED_FACE('',(#13188),#13194,.T.);
#13188 = FACE_BOUND('',#13189,.T.);
#13189 = EDGE_LOOP('',(#13190,#13191,#13192,#13193));
#13190 = ORIENTED_EDGE('',*,*,#12586,.F.);
#13191 = ORIENTED_EDGE('',*,*,#13177,.T.);
#13192 = ORIENTED_EDGE('',*,*,#12920,.F.);
#13193 = ORIENTED_EDGE('',*,*,#13136,.F.);
#13194 = PLANE('',#13195);
#13195 = AXIS2_PLACEMENT_3D('',#13196,#13197,#13198);
#13196 = CARTESIAN_POINT('',(-4.946996,37.828868,0.));
#13197 = DIRECTION('',(0.,-1.,0.));
#13198 = DIRECTION('',(-1.,0.,0.));
#13199 = ADVANCED_FACE('',(#13200),#13216,.T.);
#13200 = FACE_BOUND('',#13201,.T.);
#13201 = EDGE_LOOP('',(#13202,#13203,#13209,#13210));
#13202 = ORIENTED_EDGE('',*,*,#12594,.F.);
#13203 = ORIENTED_EDGE('',*,*,#13204,.T.);
#13204 = EDGE_CURVE('',#12595,#12965,#13205,.T.);
#13205 = LINE('',#13206,#13207);
#13206 = CARTESIAN_POINT('',(-73.271779,43.789032,0.));
#13207 = VECTOR('',#13208,1.);
#13208 = DIRECTION('',(0.,0.,1.));
#13209 = ORIENTED_EDGE('',*,*,#12962,.F.);
#13210 = ORIENTED_EDGE('',*,*,#13211,.F.);
#13211 = EDGE_CURVE('',#12597,#12963,#13212,.T.);
#13212 = LINE('',#13213,#13214);
#13213 = CARTESIAN_POINT('',(-73.271779,40.789032,0.));
#13214 = VECTOR('',#13215,1.);
#13215 = DIRECTION('',(0.,0.,1.));
#13216 = PLANE('',#13217);
#13217 = AXIS2_PLACEMENT_3D('',#13218,#13219,#13220);
#13218 = CARTESIAN_POINT('',(-73.271779,43.789032,0.));
#13219 = DIRECTION('',(1.,0.,0.));
#13220 = DIRECTION('',(0.,-1.,0.));
#13221 = ADVANCED_FACE('',(#13222),#13233,.T.);
#13222 = FACE_BOUND('',#13223,.T.);
#13223 = EDGE_LOOP('',(#13224,#13225,#13226,#13227));
#13224 = ORIENTED_EDGE('',*,*,#12604,.F.);
#13225 = ORIENTED_EDGE('',*,*,#13211,.T.);
#13226 = ORIENTED_EDGE('',*,*,#12972,.F.);
#13227 = ORIENTED_EDGE('',*,*,#13228,.F.);
#13228 = EDGE_CURVE('',#12605,#12973,#13229,.T.);
#13229 = LINE('',#13230,#13231);
#13230 = CARTESIAN_POINT('',(-48.271779,40.789032,0.));
#13231 = VECTOR('',#13232,1.);
#13232 = DIRECTION('',(0.,0.,1.));
#13233 = PLANE('',#13234);
#13234 = AXIS2_PLACEMENT_3D('',#13235,#13236,#13237);
#13235 = CARTESIAN_POINT('',(-73.271779,40.789032,0.));
#13236 = DIRECTION('',(0.,1.,0.));
#13237 = DIRECTION('',(1.,0.,0.));
#13238 = ADVANCED_FACE('',(#13239),#13250,.T.);
#13239 = FACE_BOUND('',#13240,.T.);
#13240 = EDGE_LOOP('',(#13241,#13242,#13243,#13244));
#13241 = ORIENTED_EDGE('',*,*,#12612,.F.);
#13242 = ORIENTED_EDGE('',*,*,#13228,.T.);
#13243 = ORIENTED_EDGE('',*,*,#12980,.F.);
#13244 = ORIENTED_EDGE('',*,*,#13245,.F.);
#13245 = EDGE_CURVE('',#12613,#12981,#13246,.T.);
#13246 = LINE('',#13247,#13248);
#13247 = CARTESIAN_POINT('',(-48.271779,43.789032,0.));
#13248 = VECTOR('',#13249,1.);
#13249 = DIRECTION('',(0.,0.,1.));
#13250 = PLANE('',#13251);
#13251 = AXIS2_PLACEMENT_3D('',#13252,#13253,#13254);
#13252 = CARTESIAN_POINT('',(-48.271779,40.789032,0.));
#13253 = DIRECTION('',(-1.,0.,0.));
#13254 = DIRECTION('',(0.,1.,0.));
#13255 = ADVANCED_FACE('',(#13256),#13262,.T.);
#13256 = FACE_BOUND('',#13257,.T.);
#13257 = EDGE_LOOP('',(#13258,#13259,#13260,#13261));
#13258 = ORIENTED_EDGE('',*,*,#12620,.F.);
#13259 = ORIENTED_EDGE('',*,*,#13245,.T.);
#13260 = ORIENTED_EDGE('',*,*,#12988,.F.);
#13261 = ORIENTED_EDGE('',*,*,#13204,.F.);
#13262 = PLANE('',#13263);
#13263 = AXIS2_PLACEMENT_3D('',#13264,#13265,#13266);
#13264 = CARTESIAN_POINT('',(-48.271779,43.789032,0.));
#13265 = DIRECTION('',(0.,-1.,0.));
#13266 = DIRECTION('',(-1.,0.,0.));
#13267 = ADVANCED_FACE('',(#13268),#13284,.T.);
#13268 = FACE_BOUND('',#13269,.T.);
#13269 = EDGE_LOOP('',(#13270,#13271,#13277,#13278));
#13270 = ORIENTED_EDGE('',*,*,#12628,.F.);
#13271 = ORIENTED_EDGE('',*,*,#13272,.T.);
#13272 = EDGE_CURVE('',#12629,#12863,#13273,.T.);
#13273 = LINE('',#13274,#13275);
#13274 = CARTESIAN_POINT('',(-29.946996,43.789032,0.));
#13275 = VECTOR('',#13276,1.);
#13276 = DIRECTION('',(0.,0.,1.));
#13277 = ORIENTED_EDGE('',*,*,#12860,.F.);
#13278 = ORIENTED_EDGE('',*,*,#13279,.F.);
#13279 = EDGE_CURVE('',#12631,#12861,#13280,.T.);
#13280 = LINE('',#13281,#13282);
#13281 = CARTESIAN_POINT('',(-29.946996,40.789032,0.));
#13282 = VECTOR('',#13283,1.);
#13283 = DIRECTION('',(0.,0.,1.));
#13284 = PLANE('',#13285);
#13285 = AXIS2_PLACEMENT_3D('',#13286,#13287,#13288);
#13286 = CARTESIAN_POINT('',(-29.946996,43.789032,0.));
#13287 = DIRECTION('',(1.,0.,0.));
#13288 = DIRECTION('',(0.,-1.,0.));
#13289 = ADVANCED_FACE('',(#13290),#13301,.T.);
#13290 = FACE_BOUND('',#13291,.T.);
#13291 = EDGE_LOOP('',(#13292,#13293,#13294,#13295));
#13292 = ORIENTED_EDGE('',*,*,#12638,.F.);
#13293 = ORIENTED_EDGE('',*,*,#13279,.T.);
#13294 = ORIENTED_EDGE('',*,*,#12870,.F.);
#13295 = ORIENTED_EDGE('',*,*,#13296,.F.);
#13296 = EDGE_CURVE('',#12639,#12871,#13297,.T.);
#13297 = LINE('',#13298,#13299);
#13298 = CARTESIAN_POINT('',(-4.946996,40.789032,0.));
#13299 = VECTOR('',#13300,1.);
#13300 = DIRECTION('',(0.,0.,1.));
#13301 = PLANE('',#13302);
#13302 = AXIS2_PLACEMENT_3D('',#13303,#13304,#13305);
#13303 = CARTESIAN_POINT('',(-29.946996,40.789032,0.));
#13304 = DIRECTION('',(0.,1.,0.));
#13305 = DIRECTION('',(1.,0.,0.));
#13306 = ADVANCED_FACE('',(#13307),#13318,.T.);
#13307 = FACE_BOUND('',#13308,.T.);
#13308 = EDGE_LOOP('',(#13309,#13310,#13311,#13312));
#13309 = ORIENTED_EDGE('',*,*,#12646,.F.);
#13310 = ORIENTED_EDGE('',*,*,#13296,.T.);
#13311 = ORIENTED_EDGE('',*,*,#12878,.F.);
#13312 = ORIENTED_EDGE('',*,*,#13313,.F.);
#13313 = EDGE_CURVE('',#12647,#12879,#13314,.T.);
#13314 = LINE('',#13315,#13316);
#13315 = CARTESIAN_POINT('',(-4.946996,43.789032,0.));
#13316 = VECTOR('',#13317,1.);
#13317 = DIRECTION('',(0.,0.,1.));
#13318 = PLANE('',#13319);
#13319 = AXIS2_PLACEMENT_3D('',#13320,#13321,#13322);
#13320 = CARTESIAN_POINT('',(-4.946996,40.789032,0.));
#13321 = DIRECTION('',(-1.,0.,0.));
#13322 = DIRECTION('',(0.,1.,0.));
#13323 = ADVANCED_FACE('',(#13324),#13330,.T.);
#13324 = FACE_BOUND('',#13325,.T.);
#13325 = EDGE_LOOP('',(#13326,#13327,#13328,#13329));
#13326 = ORIENTED_EDGE('',*,*,#12654,.F.);
#13327 = ORIENTED_EDGE('',*,*,#13313,.T.);
#13328 = ORIENTED_EDGE('',*,*,#12886,.F.);
#13329 = ORIENTED_EDGE('',*,*,#13272,.F.);
#13330 = PLANE('',#13331);
#13331 = AXIS2_PLACEMENT_3D('',#13332,#13333,#13334);
#13332 = CARTESIAN_POINT('',(-4.946996,43.789032,0.));
#13333 = DIRECTION('',(0.,-1.,0.));
#13334 = DIRECTION('',(-1.,0.,0.));
#13335 = ADVANCED_FACE('',(#13336),#13352,.T.);
#13336 = FACE_BOUND('',#13337,.T.);
#13337 = EDGE_LOOP('',(#13338,#13339,#13345,#13346));
#13338 = ORIENTED_EDGE('',*,*,#12662,.F.);
#13339 = ORIENTED_EDGE('',*,*,#13340,.T.);
#13340 = EDGE_CURVE('',#12663,#12931,#13341,.T.);
#13341 = LINE('',#13342,#13343);
#13342 = CARTESIAN_POINT('',(-73.271779,49.749196,0.));
#13343 = VECTOR('',#13344,1.);
#13344 = DIRECTION('',(0.,0.,1.));
#13345 = ORIENTED_EDGE('',*,*,#12928,.F.);
#13346 = ORIENTED_EDGE('',*,*,#13347,.F.);
#13347 = EDGE_CURVE('',#12665,#12929,#13348,.T.);
#13348 = LINE('',#13349,#13350);
#13349 = CARTESIAN_POINT('',(-73.271779,46.749196,0.));
#13350 = VECTOR('',#13351,1.);
#13351 = DIRECTION('',(0.,0.,1.));
#13352 = PLANE('',#13353);
#13353 = AXIS2_PLACEMENT_3D('',#13354,#13355,#13356);
#13354 = CARTESIAN_POINT('',(-73.271779,49.749196,0.));
#13355 = DIRECTION('',(1.,0.,0.));
#13356 = DIRECTION('',(0.,-1.,0.));
#13357 = ADVANCED_FACE('',(#13358),#13369,.T.);
#13358 = FACE_BOUND('',#13359,.T.);
#13359 = EDGE_LOOP('',(#13360,#13361,#13362,#13363));
#13360 = ORIENTED_EDGE('',*,*,#12672,.F.);
#13361 = ORIENTED_EDGE('',*,*,#13347,.T.);
#13362 = ORIENTED_EDGE('',*,*,#12938,.F.);
#13363 = ORIENTED_EDGE('',*,*,#13364,.F.);
#13364 = EDGE_CURVE('',#12673,#12939,#13365,.T.);
#13365 = LINE('',#13366,#13367);
#13366 = CARTESIAN_POINT('',(-48.271779,46.749196,0.));
#13367 = VECTOR('',#13368,1.);
#13368 = DIRECTION('',(0.,0.,1.));
#13369 = PLANE('',#13370);
#13370 = AXIS2_PLACEMENT_3D('',#13371,#13372,#13373);
#13371 = CARTESIAN_POINT('',(-73.271779,46.749196,0.));
#13372 = DIRECTION('',(0.,1.,0.));
#13373 = DIRECTION('',(1.,0.,0.));
#13374 = ADVANCED_FACE('',(#13375),#13386,.T.);
#13375 = FACE_BOUND('',#13376,.T.);
#13376 = EDGE_LOOP('',(#13377,#13378,#13379,#13380));
#13377 = ORIENTED_EDGE('',*,*,#12680,.F.);
#13378 = ORIENTED_EDGE('',*,*,#13364,.T.);
#13379 = ORIENTED_EDGE('',*,*,#12946,.F.);
#13380 = ORIENTED_EDGE('',*,*,#13381,.F.);
#13381 = EDGE_CURVE('',#12681,#12947,#13382,.T.);
#13382 = LINE('',#13383,#13384);
#13383 = CARTESIAN_POINT('',(-48.271779,49.749196,0.));
#13384 = VECTOR('',#13385,1.);
#13385 = DIRECTION('',(0.,0.,1.));
#13386 = PLANE('',#13387);
#13387 = AXIS2_PLACEMENT_3D('',#13388,#13389,#13390);
#13388 = CARTESIAN_POINT('',(-48.271779,46.749196,0.));
#13389 = DIRECTION('',(-1.,0.,0.));
#13390 = DIRECTION('',(0.,1.,0.));
#13391 = ADVANCED_FACE('',(#13392),#13398,.T.);
#13392 = FACE_BOUND('',#13393,.T.);
#13393 = EDGE_LOOP('',(#13394,#13395,#13396,#13397));
#13394 = ORIENTED_EDGE('',*,*,#12688,.F.);
#13395 = ORIENTED_EDGE('',*,*,#13381,.T.);
#13396 = ORIENTED_EDGE('',*,*,#12954,.F.);
#13397 = ORIENTED_EDGE('',*,*,#13340,.F.);
#13398 = PLANE('',#13399);
#13399 = AXIS2_PLACEMENT_3D('',#13400,#13401,#13402);
#13400 = CARTESIAN_POINT('',(-48.271779,49.749196,0.));
#13401 = DIRECTION('',(0.,-1.,0.));
#13402 = DIRECTION('',(-1.,0.,0.));
#13403 = ADVANCED_FACE('',(#13404),#13420,.T.);
#13404 = FACE_BOUND('',#13405,.T.);
#13405 = EDGE_LOOP('',(#13406,#13407,#13413,#13414));
#13406 = ORIENTED_EDGE('',*,*,#12696,.F.);
#13407 = ORIENTED_EDGE('',*,*,#13408,.T.);
#13408 = EDGE_CURVE('',#12697,#12829,#13409,.T.);
#13409 = LINE('',#13410,#13411);
#13410 = CARTESIAN_POINT('',(-29.946996,49.749197,0.));
#13411 = VECTOR('',#13412,1.);
#13412 = DIRECTION('',(0.,0.,1.));
#13413 = ORIENTED_EDGE('',*,*,#12826,.F.);
#13414 = ORIENTED_EDGE('',*,*,#13415,.F.);
#13415 = EDGE_CURVE('',#12699,#12827,#13416,.T.);
#13416 = LINE('',#13417,#13418);
#13417 = CARTESIAN_POINT('',(-29.946996,46.749197,0.));
#13418 = VECTOR('',#13419,1.);
#13419 = DIRECTION('',(0.,0.,1.));
#13420 = PLANE('',#13421);
#13421 = AXIS2_PLACEMENT_3D('',#13422,#13423,#13424);
#13422 = CARTESIAN_POINT('',(-29.946996,49.749197,0.));
#13423 = DIRECTION('',(1.,0.,0.));
#13424 = DIRECTION('',(0.,-1.,0.));
#13425 = ADVANCED_FACE('',(#13426),#13437,.T.);
#13426 = FACE_BOUND('',#13427,.T.);
#13427 = EDGE_LOOP('',(#13428,#13429,#13430,#13431));
#13428 = ORIENTED_EDGE('',*,*,#12706,.F.);
#13429 = ORIENTED_EDGE('',*,*,#13415,.T.);
#13430 = ORIENTED_EDGE('',*,*,#12836,.F.);
#13431 = ORIENTED_EDGE('',*,*,#13432,.F.);
#13432 = EDGE_CURVE('',#12707,#12837,#13433,.T.);
#13433 = LINE('',#13434,#13435);
#13434 = CARTESIAN_POINT('',(-4.946996,46.749197,0.));
#13435 = VECTOR('',#13436,1.);
#13436 = DIRECTION('',(0.,0.,1.));
#13437 = PLANE('',#13438);
#13438 = AXIS2_PLACEMENT_3D('',#13439,#13440,#13441);
#13439 = CARTESIAN_POINT('',(-29.946996,46.749197,0.));
#13440 = DIRECTION('',(0.,1.,0.));
#13441 = DIRECTION('',(1.,0.,0.));
#13442 = ADVANCED_FACE('',(#13443),#13454,.T.);
#13443 = FACE_BOUND('',#13444,.T.);
#13444 = EDGE_LOOP('',(#13445,#13446,#13447,#13448));
#13445 = ORIENTED_EDGE('',*,*,#12714,.F.);
#13446 = ORIENTED_EDGE('',*,*,#13432,.T.);
#13447 = ORIENTED_EDGE('',*,*,#12844,.F.);
#13448 = ORIENTED_EDGE('',*,*,#13449,.F.);
#13449 = EDGE_CURVE('',#12715,#12845,#13450,.T.);
#13450 = LINE('',#13451,#13452);
#13451 = CARTESIAN_POINT('',(-4.946996,49.749197,0.));
#13452 = VECTOR('',#13453,1.);
#13453 = DIRECTION('',(0.,0.,1.));
#13454 = PLANE('',#13455);
#13455 = AXIS2_PLACEMENT_3D('',#13456,#13457,#13458);
#13456 = CARTESIAN_POINT('',(-4.946996,46.749197,0.));
#13457 = DIRECTION('',(-1.,0.,0.));
#13458 = DIRECTION('',(0.,1.,0.));
#13459 = ADVANCED_FACE('',(#13460),#13466,.T.);
#13460 = FACE_BOUND('',#13461,.T.);
#13461 = EDGE_LOOP('',(#13462,#13463,#13464,#13465));
#13462 = ORIENTED_EDGE('',*,*,#12722,.F.);
#13463 = ORIENTED_EDGE('',*,*,#13449,.T.);
#13464 = ORIENTED_EDGE('',*,*,#12852,.F.);
#13465 = ORIENTED_EDGE('',*,*,#13408,.F.);
#13466 = PLANE('',#13467);
#13467 = AXIS2_PLACEMENT_3D('',#13468,#13469,#13470);
#13468 = CARTESIAN_POINT('',(-4.946996,49.749197,0.));
#13469 = DIRECTION('',(0.,-1.,0.));
#13470 = DIRECTION('',(-1.,0.,0.));
#13471 = ( GEOMETRIC_REPRESENTATION_CONTEXT(3) 
GLOBAL_UNCERTAINTY_ASSIGNED_CONTEXT((#13475)) 
GLOBAL_UNIT_ASSIGNED_CONTEXT((#13472,#13473,#13474)) 
REPRESENTATION_CONTEXT('Context #1',
  '3D Context with UNIT and UNCERTAINTY') );
#13472 = ( LENGTH_UNIT() NAMED_UNIT(*) SI_UNIT(.MILLI.,.METRE.) );
#13473 = ( NAMED_UNIT(*) PLANE_ANGLE_UNIT() SI_UNIT($,.RADIAN.) );
#13474 = ( NAMED_UNIT(*) SI_UNIT($,.STERADIAN.) SOLID_ANGLE_UNIT() );
#13475 = UNCERTAINTY_MEASURE_WITH_UNIT(LENGTH_MEASURE(5.E-05),#13472,
  'distance_accuracy_value','confusion accuracy');
#13476 = CONTEXT_DEPENDENT_SHAPE_REPRESENTATION(#13477,#13479);
#13477 = ( REPRESENTATION_RELATIONSHIP('','',#12438,#10) 
REPRESENTATION_RELATIONSHIP_WITH_TRANSFORMATION(#13478) 
SHAPE_REPRESENTATION_RELATIONSHIP() );
#13478 = ITEM_DEFINED_TRANSFORMATION('','',#11,#119);
#13479 = PRODUCT_DEFINITION_SHAPE('Placement','Placement of an item',
  #13480);
#13480 = NEXT_ASSEMBLY_USAGE_OCCURRENCE('272','Pocket002','',#5,#12433,$
  );
#13481 = PRODUCT_RELATED_PRODUCT_CATEGORY('part',$,(#12435));
#13482 = SHAPE_DEFINITION_REPRESENTATION(#13483,#13489);
#13483 = PRODUCT_DEFINITION_SHAPE('','',#13484);
#13484 = PRODUCT_DEFINITION('design','',#13485,#13488);
#13485 = PRODUCT_DEFINITION_FORMATION('','',#13486);
#13486 = PRODUCT('Assembly','Assembly','',(#13487));
#13487 = PRODUCT_CONTEXT('',#2,'mechanical');
#13488 = PRODUCT_DEFINITION_CONTEXT('part definition',#2,'design');
#13489 = SHAPE_REPRESENTATION('',(#11,#13490,#13494,#13498),#13502);
#13490 = AXIS2_PLACEMENT_3D('',#13491,#13492,#13493);
#13491 = CARTESIAN_POINT('',(63.361095702939,109.3710012724,
    72.351495696555));
#13492 = DIRECTION('',(-6.381048086267E-07,-8.715574274764E-02,
    -0.996194698092));
#13493 = DIRECTION('',(-1.,5.561449851962E-08,6.356766271831E-07));
#13494 = AXIS2_PLACEMENT_3D('',#13495,#13496,#13497);
#13495 = CARTESIAN_POINT('',(103.99938803895,115.88853321417,
    -20.75089054085));
#13496 = DIRECTION('',(0.,-8.715574274766E-02,-0.996194698092));
#13497 = DIRECTION('',(1.,0.,0.));
#13498 = AXIS2_PLACEMENT_3D('',#13499,#13500,#13501);
#13499 = CARTESIAN_POINT('',(85.738689662302,158.32566577225,
    57.681795836028));
#13500 = DIRECTION('',(-1.638508422817E-15,8.715574814549E-02,
    0.996194697619));
#13501 = DIRECTION('',(-1.,-8.709009392782E-08,7.619394754831E-09));
#13502 = ( GEOMETRIC_REPRESENTATION_CONTEXT(3) 
GLOBAL_UNCERTAINTY_ASSIGNED_CONTEXT((#13506)) 
GLOBAL_UNIT_ASSIGNED_CONTEXT((#13503,#13504,#13505)) 
REPRESENTATION_CONTEXT('Context #1',
  '3D Context with UNIT and UNCERTAINTY') );
#13503 = ( LENGTH_UNIT() NAMED_UNIT(*) SI_UNIT(.MILLI.,.METRE.) );
#13504 = ( NAMED_UNIT(*) PLANE_ANGLE_UNIT() SI_UNIT($,.RADIAN.) );
#13505 = ( NAMED_UNIT(*) SI_UNIT($,.STERADIAN.) SOLID_ANGLE_UNIT() );
#13506 = UNCERTAINTY_MEASURE_WITH_UNIT(LENGTH_MEASURE(2.E-05),#13503,
  'distance_accuracy_value','confusion accuracy');
#13507 = CONTEXT_DEPENDENT_SHAPE_REPRESENTATION(#13508,#13510);
#13508 = ( REPRESENTATION_RELATIONSHIP('','',#13489,#10) 
REPRESENTATION_RELATIONSHIP_WITH_TRANSFORMATION(#13509) 
SHAPE_REPRESENTATION_RELATIONSHIP() );
#13509 = ITEM_DEFINED_TRANSFORMATION('','',#11,#123);
#13510 = PRODUCT_DEFINITION_SHAPE('Placement','Placement of an item',
  #13511);
#13511 = NEXT_ASSEMBLY_USAGE_OCCURRENCE('276','Assembly','',#5,#13484,$
  );
#13512 = PRODUCT_RELATED_PRODUCT_CATEGORY('part',$,(#13486));
#13513 = CONTEXT_DEPENDENT_SHAPE_REPRESENTATION(#13514,#13516);
#13514 = ( REPRESENTATION_RELATIONSHIP('','',#10102,#13489) 
REPRESENTATION_RELATIONSHIP_WITH_TRANSFORMATION(#13515) 
SHAPE_REPRESENTATION_RELATIONSHIP() );
#13515 = ITEM_DEFINED_TRANSFORMATION('','',#11,#13490);
#13516 = PRODUCT_DEFINITION_SHAPE('Placement','Placement of an item',
  #13517);
#13517 = NEXT_ASSEMBLY_USAGE_OCCURRENCE('273','锁001','',#13484,#10097,
  $);
#13518 = CONTEXT_DEPENDENT_SHAPE_REPRESENTATION(#13519,#13521);
#13519 = ( REPRESENTATION_RELATIONSHIP('','',#232,#13489) 
REPRESENTATION_RELATIONSHIP_WITH_TRANSFORMATION(#13520) 
SHAPE_REPRESENTATION_RELATIONSHIP() );
#13520 = ITEM_DEFINED_TRANSFORMATION('','',#11,#13494);
#13521 = PRODUCT_DEFINITION_SHAPE('Placement','Placement of an item',
  #13522);
#13522 = NEXT_ASSEMBLY_USAGE_OCCURRENCE('274','主体背板001','',
  #13484,#227,$);
#13523 = SHAPE_DEFINITION_REPRESENTATION(#13524,#13530);
#13524 = PRODUCT_DEFINITION_SHAPE('','',#13525);
#13525 = PRODUCT_DEFINITION('design','',#13526,#13529);
#13526 = PRODUCT_DEFINITION_FORMATION('','',#13527);
#13527 = PRODUCT('距离卡扣锁楔子','距离卡扣锁楔子','',(
    #13528));
#13528 = PRODUCT_CONTEXT('',#2,'mechanical');
#13529 = PRODUCT_DEFINITION_CONTEXT('part definition',#2,'design');
#13530 = ADVANCED_BREP_SHAPE_REPRESENTATION('',(#11,#13531),#14065);
#13531 = MANIFOLD_SOLID_BREP('',#13532);
#13532 = CLOSED_SHELL('',(#13533,#13573,#13620,#13651,#13675,#13715,
    #13739,#13770,#13787,#13818,#13842,#13859,#13890,#13921,#13937,
    #13953,#13975,#13992,#14009,#14026,#14037,#14053));
#13533 = ADVANCED_FACE('',(#13534),#13568,.F.);
#13534 = FACE_BOUND('',#13535,.F.);
#13535 = EDGE_LOOP('',(#13536,#13546,#13554,#13562));
#13536 = ORIENTED_EDGE('',*,*,#13537,.T.);
#13537 = EDGE_CURVE('',#13538,#13540,#13542,.T.);
#13538 = VERTEX_POINT('',#13539);
#13539 = CARTESIAN_POINT('',(17.618646857205,0.564191,5.));
#13540 = VERTEX_POINT('',#13541);
#13541 = CARTESIAN_POINT('',(17.618646857205,-1.435809,5.));
#13542 = LINE('',#13543,#13544);
#13543 = CARTESIAN_POINT('',(17.618646857205,0.564191,5.));
#13544 = VECTOR('',#13545,1.);
#13545 = DIRECTION('',(0.,-1.,2.2E-16));
#13546 = ORIENTED_EDGE('',*,*,#13547,.T.);
#13547 = EDGE_CURVE('',#13540,#13548,#13550,.T.);
#13548 = VERTEX_POINT('',#13549);
#13549 = CARTESIAN_POINT('',(-6.881353142795,-1.435809,5.));
#13550 = LINE('',#13551,#13552);
#13551 = CARTESIAN_POINT('',(17.618646857205,-1.435809,5.));
#13552 = VECTOR('',#13553,1.);
#13553 = DIRECTION('',(-1.,0.,0.));
#13554 = ORIENTED_EDGE('',*,*,#13555,.F.);
#13555 = EDGE_CURVE('',#13556,#13548,#13558,.T.);
#13556 = VERTEX_POINT('',#13557);
#13557 = CARTESIAN_POINT('',(-6.881353142795,0.564191,5.));
#13558 = LINE('',#13559,#13560);
#13559 = CARTESIAN_POINT('',(-6.881353142795,0.564191,5.));
#13560 = VECTOR('',#13561,1.);
#13561 = DIRECTION('',(0.,-1.,2.2E-16));
#13562 = ORIENTED_EDGE('',*,*,#13563,.F.);
#13563 = EDGE_CURVE('',#13538,#13556,#13564,.T.);
#13564 = LINE('',#13565,#13566);
#13565 = CARTESIAN_POINT('',(17.618646857205,0.564191,5.));
#13566 = VECTOR('',#13567,1.);
#13567 = DIRECTION('',(-1.,0.,0.));
#13568 = PLANE('',#13569);
#13569 = AXIS2_PLACEMENT_3D('',#13570,#13571,#13572);
#13570 = CARTESIAN_POINT('',(17.618646857205,0.564191,5.));
#13571 = DIRECTION('',(-0.,-2.2E-16,-1.));
#13572 = DIRECTION('',(-1.,0.,0.));
#13573 = ADVANCED_FACE('',(#13574),#13615,.T.);
#13574 = FACE_BOUND('',#13575,.T.);
#13575 = EDGE_LOOP('',(#13576,#13577,#13585,#13593,#13601,#13609));
#13576 = ORIENTED_EDGE('',*,*,#13537,.T.);
#13577 = ORIENTED_EDGE('',*,*,#13578,.F.);
#13578 = EDGE_CURVE('',#13579,#13540,#13581,.T.);
#13579 = VERTEX_POINT('',#13580);
#13580 = CARTESIAN_POINT('',(17.618646857205,-1.435809,1.));
#13581 = LINE('',#13582,#13583);
#13582 = CARTESIAN_POINT('',(17.618646857205,-1.435809,-2.2E-16));
#13583 = VECTOR('',#13584,1.);
#13584 = DIRECTION('',(0.,2.2E-16,1.));
#13585 = ORIENTED_EDGE('',*,*,#13586,.F.);
#13586 = EDGE_CURVE('',#13587,#13579,#13589,.T.);
#13587 = VERTEX_POINT('',#13588);
#13588 = CARTESIAN_POINT('',(17.618646857205,2.064191,1.));
#13589 = LINE('',#13590,#13591);
#13590 = CARTESIAN_POINT('',(17.618646857205,3.064191,1.));
#13591 = VECTOR('',#13592,1.);
#13592 = DIRECTION('',(0.,-1.,2.2E-16));
#13593 = ORIENTED_EDGE('',*,*,#13594,.T.);
#13594 = EDGE_CURVE('',#13587,#13595,#13597,.T.);
#13595 = VERTEX_POINT('',#13596);
#13596 = CARTESIAN_POINT('',(17.618646857205,2.064191,30.));
#13597 = LINE('',#13598,#13599);
#13598 = CARTESIAN_POINT('',(17.618646857205,2.064191,0.));
#13599 = VECTOR('',#13600,1.);
#13600 = DIRECTION('',(0.,0.,1.));
#13601 = ORIENTED_EDGE('',*,*,#13602,.F.);
#13602 = EDGE_CURVE('',#13603,#13595,#13605,.T.);
#13603 = VERTEX_POINT('',#13604);
#13604 = CARTESIAN_POINT('',(17.618646857205,0.564191,30.));
#13605 = LINE('',#13606,#13607);
#13606 = CARTESIAN_POINT('',(17.618646857205,0.564191,30.));
#13607 = VECTOR('',#13608,1.);
#13608 = DIRECTION('',(0.,1.,0.));
#13609 = ORIENTED_EDGE('',*,*,#13610,.F.);
#13610 = EDGE_CURVE('',#13538,#13603,#13611,.T.);
#13611 = LINE('',#13612,#13613);
#13612 = CARTESIAN_POINT('',(17.618646857205,0.564191,0.));
#13613 = VECTOR('',#13614,1.);
#13614 = DIRECTION('',(0.,0.,1.));
#13615 = PLANE('',#13616);
#13616 = AXIS2_PLACEMENT_3D('',#13617,#13618,#13619);
#13617 = CARTESIAN_POINT('',(17.618646857205,1.370529028169,
    13.943661971831));
#13618 = DIRECTION('',(1.,0.,0.));
#13619 = DIRECTION('',(0.,0.,1.));
#13620 = ADVANCED_FACE('',(#13621),#13646,.T.);
#13621 = FACE_BOUND('',#13622,.T.);
#13622 = EDGE_LOOP('',(#13623,#13631,#13632,#13640));
#13623 = ORIENTED_EDGE('',*,*,#13624,.T.);
#13624 = EDGE_CURVE('',#13625,#13540,#13627,.T.);
#13625 = VERTEX_POINT('',#13626);
#13626 = CARTESIAN_POINT('',(16.618646857205,-2.435809,4.));
#13627 = LINE('',#13628,#13629);
#13628 = CARTESIAN_POINT('',(16.451980190539,-2.602475666667,
    3.833333333333));
#13629 = VECTOR('',#13630,1.);
#13630 = DIRECTION('',(0.57735026919,0.57735026919,0.57735026919));
#13631 = ORIENTED_EDGE('',*,*,#13547,.T.);
#13632 = ORIENTED_EDGE('',*,*,#13633,.T.);
#13633 = EDGE_CURVE('',#13548,#13634,#13636,.T.);
#13634 = VERTEX_POINT('',#13635);
#13635 = CARTESIAN_POINT('',(-5.881353142795,-2.435809,4.));
#13636 = LINE('',#13637,#13638);
#13637 = CARTESIAN_POINT('',(-2.464686476128,-5.852475666667,
    0.583333333333));
#13638 = VECTOR('',#13639,1.);
#13639 = DIRECTION('',(0.57735026919,-0.57735026919,-0.57735026919));
#13640 = ORIENTED_EDGE('',*,*,#13641,.F.);
#13641 = EDGE_CURVE('',#13625,#13634,#13642,.T.);
#13642 = LINE('',#13643,#13644);
#13643 = CARTESIAN_POINT('',(17.618646857205,-2.435809,4.));
#13644 = VECTOR('',#13645,1.);
#13645 = DIRECTION('',(-1.,0.,0.));
#13646 = PLANE('',#13647);
#13647 = AXIS2_PLACEMENT_3D('',#13648,#13649,#13650);
#13648 = CARTESIAN_POINT('',(17.618646857205,-1.935809,4.5));
#13649 = DIRECTION('',(0.,-0.707106781187,0.707106781187));
#13650 = DIRECTION('',(-1.,0.,0.));
#13651 = ADVANCED_FACE('',(#13652),#13670,.F.);
#13652 = FACE_BOUND('',#13653,.F.);
#13653 = EDGE_LOOP('',(#13654,#13655,#13663,#13669));
#13654 = ORIENTED_EDGE('',*,*,#13563,.T.);
#13655 = ORIENTED_EDGE('',*,*,#13656,.T.);
#13656 = EDGE_CURVE('',#13556,#13657,#13659,.T.);
#13657 = VERTEX_POINT('',#13658);
#13658 = CARTESIAN_POINT('',(-6.881353142795,0.564191,30.));
#13659 = LINE('',#13660,#13661);
#13660 = CARTESIAN_POINT('',(-6.881353142795,0.564191,0.));
#13661 = VECTOR('',#13662,1.);
#13662 = DIRECTION('',(0.,0.,1.));
#13663 = ORIENTED_EDGE('',*,*,#13664,.T.);
#13664 = EDGE_CURVE('',#13657,#13603,#13665,.T.);
#13665 = LINE('',#13666,#13667);
#13666 = CARTESIAN_POINT('',(-6.881353142795,0.564191,30.));
#13667 = VECTOR('',#13668,1.);
#13668 = DIRECTION('',(1.,0.,0.));
#13669 = ORIENTED_EDGE('',*,*,#13610,.F.);
#13670 = PLANE('',#13671);
#13671 = AXIS2_PLACEMENT_3D('',#13672,#13673,#13674);
#13672 = CARTESIAN_POINT('',(-6.881353142795,0.564191,0.));
#13673 = DIRECTION('',(0.,1.,0.));
#13674 = DIRECTION('',(1.,0.,0.));
#13675 = ADVANCED_FACE('',(#13676),#13710,.T.);
#13676 = FACE_BOUND('',#13677,.T.);
#13677 = EDGE_LOOP('',(#13678,#13679,#13680,#13688,#13696,#13704));
#13678 = ORIENTED_EDGE('',*,*,#13555,.F.);
#13679 = ORIENTED_EDGE('',*,*,#13656,.T.);
#13680 = ORIENTED_EDGE('',*,*,#13681,.F.);
#13681 = EDGE_CURVE('',#13682,#13657,#13684,.T.);
#13682 = VERTEX_POINT('',#13683);
#13683 = CARTESIAN_POINT('',(-6.881353142795,2.064191,30.));
#13684 = LINE('',#13685,#13686);
#13685 = CARTESIAN_POINT('',(-6.881353142795,3.064191,30.));
#13686 = VECTOR('',#13687,1.);
#13687 = DIRECTION('',(0.,-1.,0.));
#13688 = ORIENTED_EDGE('',*,*,#13689,.F.);
#13689 = EDGE_CURVE('',#13690,#13682,#13692,.T.);
#13690 = VERTEX_POINT('',#13691);
#13691 = CARTESIAN_POINT('',(-6.881353142795,2.064191,1.));
#13692 = LINE('',#13693,#13694);
#13693 = CARTESIAN_POINT('',(-6.881353142795,2.064191,0.));
#13694 = VECTOR('',#13695,1.);
#13695 = DIRECTION('',(0.,0.,1.));
#13696 = ORIENTED_EDGE('',*,*,#13697,.T.);
#13697 = EDGE_CURVE('',#13690,#13698,#13700,.T.);
#13698 = VERTEX_POINT('',#13699);
#13699 = CARTESIAN_POINT('',(-6.881353142795,-1.435809,1.));
#13700 = LINE('',#13701,#13702);
#13701 = CARTESIAN_POINT('',(-6.881353142795,3.064191,1.));
#13702 = VECTOR('',#13703,1.);
#13703 = DIRECTION('',(0.,-1.,0.));
#13704 = ORIENTED_EDGE('',*,*,#13705,.F.);
#13705 = EDGE_CURVE('',#13548,#13698,#13706,.T.);
#13706 = LINE('',#13707,#13708);
#13707 = CARTESIAN_POINT('',(-6.881353142795,-1.435809,5.));
#13708 = VECTOR('',#13709,1.);
#13709 = DIRECTION('',(0.,-2.2E-16,-1.));
#13710 = PLANE('',#13711);
#13711 = AXIS2_PLACEMENT_3D('',#13712,#13713,#13714);
#13712 = CARTESIAN_POINT('',(-6.881353142795,1.370529028169,
    13.943661971831));
#13713 = DIRECTION('',(-1.,-0.,-0.));
#13714 = DIRECTION('',(0.,0.,-1.));
#13715 = ADVANCED_FACE('',(#13716),#13734,.F.);
#13716 = FACE_BOUND('',#13717,.F.);
#13717 = EDGE_LOOP('',(#13718,#13726,#13727,#13728));
#13718 = ORIENTED_EDGE('',*,*,#13719,.T.);
#13719 = EDGE_CURVE('',#13720,#13625,#13722,.T.);
#13720 = VERTEX_POINT('',#13721);
#13721 = CARTESIAN_POINT('',(16.618646857205,-2.435809,1.));
#13722 = LINE('',#13723,#13724);
#13723 = CARTESIAN_POINT('',(16.618646857205,-2.435809,0.));
#13724 = VECTOR('',#13725,1.);
#13725 = DIRECTION('',(0.,2.2E-16,1.));
#13726 = ORIENTED_EDGE('',*,*,#13624,.T.);
#13727 = ORIENTED_EDGE('',*,*,#13578,.F.);
#13728 = ORIENTED_EDGE('',*,*,#13729,.F.);
#13729 = EDGE_CURVE('',#13720,#13579,#13730,.T.);
#13730 = LINE('',#13731,#13732);
#13731 = CARTESIAN_POINT('',(17.118646857205,-1.935809,1.));
#13732 = VECTOR('',#13733,1.);
#13733 = DIRECTION('',(0.707106781187,0.707106781187,9.6E-16));
#13734 = PLANE('',#13735);
#13735 = AXIS2_PLACEMENT_3D('',#13736,#13737,#13738);
#13736 = CARTESIAN_POINT('',(17.118646857205,-1.935809,-1.1E-16));
#13737 = DIRECTION('',(-0.707106781187,0.707106781187,0.));
#13738 = DIRECTION('',(1.1E-16,1.1E-16,1.));
#13739 = ADVANCED_FACE('',(#13740),#13765,.T.);
#13740 = FACE_BOUND('',#13741,.T.);
#13741 = EDGE_LOOP('',(#13742,#13743,#13751,#13759));
#13742 = ORIENTED_EDGE('',*,*,#13586,.T.);
#13743 = ORIENTED_EDGE('',*,*,#13744,.F.);
#13744 = EDGE_CURVE('',#13745,#13579,#13747,.T.);
#13745 = VERTEX_POINT('',#13746);
#13746 = CARTESIAN_POINT('',(16.618646857205,-1.435809,0.));
#13747 = LINE('',#13748,#13749);
#13748 = CARTESIAN_POINT('',(16.868646857205,-1.435809,0.25));
#13749 = VECTOR('',#13750,1.);
#13750 = DIRECTION('',(0.707106781187,8.7E-16,0.707106781187));
#13751 = ORIENTED_EDGE('',*,*,#13752,.F.);
#13752 = EDGE_CURVE('',#13753,#13745,#13755,.T.);
#13753 = VERTEX_POINT('',#13754);
#13754 = CARTESIAN_POINT('',(16.618646857205,2.064191,0.));
#13755 = LINE('',#13756,#13757);
#13756 = CARTESIAN_POINT('',(16.618646857205,3.064191,1.5E-16));
#13757 = VECTOR('',#13758,1.);
#13758 = DIRECTION('',(0.,-1.,2.2E-16));
#13759 = ORIENTED_EDGE('',*,*,#13760,.T.);
#13760 = EDGE_CURVE('',#13753,#13587,#13761,.T.);
#13761 = LINE('',#13762,#13763);
#13762 = CARTESIAN_POINT('',(17.118646857205,2.064191,0.5));
#13763 = VECTOR('',#13764,1.);
#13764 = DIRECTION('',(0.707106781187,5.8E-16,0.707106781187));
#13765 = PLANE('',#13766);
#13766 = AXIS2_PLACEMENT_3D('',#13767,#13768,#13769);
#13767 = CARTESIAN_POINT('',(17.118646857205,3.064191,0.5));
#13768 = DIRECTION('',(0.707106781187,0.,-0.707106781187));
#13769 = DIRECTION('',(1.1E-16,-1.,1.1E-16));
#13770 = ADVANCED_FACE('',(#13771),#13782,.T.);
#13771 = FACE_BOUND('',#13772,.T.);
#13772 = EDGE_LOOP('',(#13773,#13774,#13780,#13781));
#13773 = ORIENTED_EDGE('',*,*,#13602,.T.);
#13774 = ORIENTED_EDGE('',*,*,#13775,.T.);
#13775 = EDGE_CURVE('',#13595,#13682,#13776,.T.);
#13776 = LINE('',#13777,#13778);
#13777 = CARTESIAN_POINT('',(17.618646857205,2.064191,30.));
#13778 = VECTOR('',#13779,1.);
#13779 = DIRECTION('',(-1.,0.,0.));
#13780 = ORIENTED_EDGE('',*,*,#13681,.T.);
#13781 = ORIENTED_EDGE('',*,*,#13664,.T.);
#13782 = PLANE('',#13783);
#13783 = AXIS2_PLACEMENT_3D('',#13784,#13785,#13786);
#13784 = CARTESIAN_POINT('',(5.368646857205,1.814191,30.));
#13785 = DIRECTION('',(0.,0.,1.));
#13786 = DIRECTION('',(1.,0.,0.));
#13787 = ADVANCED_FACE('',(#13788),#13813,.F.);
#13788 = FACE_BOUND('',#13789,.T.);
#13789 = EDGE_LOOP('',(#13790,#13798,#13806,#13812));
#13790 = ORIENTED_EDGE('',*,*,#13791,.F.);
#13791 = EDGE_CURVE('',#13792,#13587,#13794,.T.);
#13792 = VERTEX_POINT('',#13793);
#13793 = CARTESIAN_POINT('',(16.618646857205,3.064191,1.));
#13794 = LINE('',#13795,#13796);
#13795 = CARTESIAN_POINT('',(16.868646857205,2.814191,1.));
#13796 = VECTOR('',#13797,1.);
#13797 = DIRECTION('',(0.707106781187,-0.707106781187,-3.8E-16));
#13798 = ORIENTED_EDGE('',*,*,#13799,.T.);
#13799 = EDGE_CURVE('',#13792,#13800,#13802,.T.);
#13800 = VERTEX_POINT('',#13801);
#13801 = CARTESIAN_POINT('',(16.618646857205,3.064191,29.));
#13802 = LINE('',#13803,#13804);
#13803 = CARTESIAN_POINT('',(16.618646857205,3.064191,0.));
#13804 = VECTOR('',#13805,1.);
#13805 = DIRECTION('',(0.,0.,1.));
#13806 = ORIENTED_EDGE('',*,*,#13807,.T.);
#13807 = EDGE_CURVE('',#13800,#13595,#13808,.T.);
#13808 = LINE('',#13809,#13810);
#13809 = CARTESIAN_POINT('',(12.285313523872,7.397524333333,
    24.666666666667));
#13810 = VECTOR('',#13811,1.);
#13811 = DIRECTION('',(0.57735026919,-0.57735026919,0.57735026919));
#13812 = ORIENTED_EDGE('',*,*,#13594,.F.);
#13813 = PLANE('',#13814);
#13814 = AXIS2_PLACEMENT_3D('',#13815,#13816,#13817);
#13815 = CARTESIAN_POINT('',(17.118646857205,2.564191,0.));
#13816 = DIRECTION('',(-0.707106781187,-0.707106781187,0.));
#13817 = DIRECTION('',(-0.,-0.,-1.));
#13818 = ADVANCED_FACE('',(#13819),#13837,.F.);
#13819 = FACE_BOUND('',#13820,.F.);
#13820 = EDGE_LOOP('',(#13821,#13822,#13830,#13836));
#13821 = ORIENTED_EDGE('',*,*,#13719,.F.);
#13822 = ORIENTED_EDGE('',*,*,#13823,.F.);
#13823 = EDGE_CURVE('',#13824,#13720,#13826,.T.);
#13824 = VERTEX_POINT('',#13825);
#13825 = CARTESIAN_POINT('',(-5.881353142795,-2.435809,1.));
#13826 = LINE('',#13827,#13828);
#13827 = CARTESIAN_POINT('',(-6.881353142795,-2.435809,1.));
#13828 = VECTOR('',#13829,1.);
#13829 = DIRECTION('',(1.,0.,0.));
#13830 = ORIENTED_EDGE('',*,*,#13831,.F.);
#13831 = EDGE_CURVE('',#13634,#13824,#13832,.T.);
#13832 = LINE('',#13833,#13834);
#13833 = CARTESIAN_POINT('',(-5.881353142795,-2.435809,5.));
#13834 = VECTOR('',#13835,1.);
#13835 = DIRECTION('',(0.,-2.2E-16,-1.));
#13836 = ORIENTED_EDGE('',*,*,#13641,.F.);
#13837 = PLANE('',#13838);
#13838 = AXIS2_PLACEMENT_3D('',#13839,#13840,#13841);
#13839 = CARTESIAN_POINT('',(5.368646857205,-2.435809,2.5));
#13840 = DIRECTION('',(0.,1.,0.));
#13841 = DIRECTION('',(0.,0.,1.));
#13842 = ADVANCED_FACE('',(#13843),#13854,.F.);
#13843 = FACE_BOUND('',#13844,.F.);
#13844 = EDGE_LOOP('',(#13845,#13846,#13847,#13853));
#13845 = ORIENTED_EDGE('',*,*,#13633,.T.);
#13846 = ORIENTED_EDGE('',*,*,#13831,.T.);
#13847 = ORIENTED_EDGE('',*,*,#13848,.T.);
#13848 = EDGE_CURVE('',#13824,#13698,#13849,.T.);
#13849 = LINE('',#13850,#13851);
#13850 = CARTESIAN_POINT('',(-6.381353142795,-1.935809,1.));
#13851 = VECTOR('',#13852,1.);
#13852 = DIRECTION('',(-0.707106781187,0.707106781187,2.9E-16));
#13853 = ORIENTED_EDGE('',*,*,#13705,.F.);
#13854 = PLANE('',#13855);
#13855 = AXIS2_PLACEMENT_3D('',#13856,#13857,#13858);
#13856 = CARTESIAN_POINT('',(-6.381353142795,-1.935809,5.));
#13857 = DIRECTION('',(0.707106781187,0.707106781187,0.));
#13858 = DIRECTION('',(1.1E-16,-1.1E-16,-1.));
#13859 = ADVANCED_FACE('',(#13860),#13885,.T.);
#13860 = FACE_BOUND('',#13861,.F.);
#13861 = EDGE_LOOP('',(#13862,#13863,#13871,#13879));
#13862 = ORIENTED_EDGE('',*,*,#13697,.T.);
#13863 = ORIENTED_EDGE('',*,*,#13864,.F.);
#13864 = EDGE_CURVE('',#13865,#13698,#13867,.T.);
#13865 = VERTEX_POINT('',#13866);
#13866 = CARTESIAN_POINT('',(-5.881353142795,-1.435809,0.));
#13867 = LINE('',#13868,#13869);
#13868 = CARTESIAN_POINT('',(-6.131353142795,-1.435809,0.25));
#13869 = VECTOR('',#13870,1.);
#13870 = DIRECTION('',(-0.707106781187,7.7E-16,0.707106781187));
#13871 = ORIENTED_EDGE('',*,*,#13872,.F.);
#13872 = EDGE_CURVE('',#13873,#13865,#13875,.T.);
#13873 = VERTEX_POINT('',#13874);
#13874 = CARTESIAN_POINT('',(-5.881353142795,2.064191,0.));
#13875 = LINE('',#13876,#13877);
#13876 = CARTESIAN_POINT('',(-5.881353142795,3.064191,1.5E-16));
#13877 = VECTOR('',#13878,1.);
#13878 = DIRECTION('',(0.,-1.,0.));
#13879 = ORIENTED_EDGE('',*,*,#13880,.T.);
#13880 = EDGE_CURVE('',#13873,#13690,#13881,.T.);
#13881 = LINE('',#13882,#13883);
#13882 = CARTESIAN_POINT('',(-6.381353142795,2.064191,0.5));
#13883 = VECTOR('',#13884,1.);
#13884 = DIRECTION('',(-0.707106781187,-5.8E-16,0.707106781187));
#13885 = PLANE('',#13886);
#13886 = AXIS2_PLACEMENT_3D('',#13887,#13888,#13889);
#13887 = CARTESIAN_POINT('',(-6.381353142795,3.064191,0.5));
#13888 = DIRECTION('',(-0.707106781187,0.,-0.707106781187));
#13889 = DIRECTION('',(-0.,1.,0.));
#13890 = ADVANCED_FACE('',(#13891),#13916,.F.);
#13891 = FACE_BOUND('',#13892,.F.);
#13892 = EDGE_LOOP('',(#13893,#13901,#13909,#13915));
#13893 = ORIENTED_EDGE('',*,*,#13894,.F.);
#13894 = EDGE_CURVE('',#13895,#13690,#13897,.T.);
#13895 = VERTEX_POINT('',#13896);
#13896 = CARTESIAN_POINT('',(-5.881353142795,3.064191,1.));
#13897 = LINE('',#13898,#13899);
#13898 = CARTESIAN_POINT('',(-6.131353142795,2.814191,1.));
#13899 = VECTOR('',#13900,1.);
#13900 = DIRECTION('',(-0.707106781187,-0.707106781187,5.8E-16));
#13901 = ORIENTED_EDGE('',*,*,#13902,.T.);
#13902 = EDGE_CURVE('',#13895,#13903,#13905,.T.);
#13903 = VERTEX_POINT('',#13904);
#13904 = CARTESIAN_POINT('',(-5.881353142795,3.064191,29.));
#13905 = LINE('',#13906,#13907);
#13906 = CARTESIAN_POINT('',(-5.881353142795,3.064191,0.));
#13907 = VECTOR('',#13908,1.);
#13908 = DIRECTION('',(0.,0.,1.));
#13909 = ORIENTED_EDGE('',*,*,#13910,.T.);
#13910 = EDGE_CURVE('',#13903,#13682,#13911,.T.);
#13911 = LINE('',#13912,#13913);
#13912 = CARTESIAN_POINT('',(2.535313523872,11.480857666667,
    20.583333333333));
#13913 = VECTOR('',#13914,1.);
#13914 = DIRECTION('',(-0.57735026919,-0.57735026919,0.57735026919));
#13915 = ORIENTED_EDGE('',*,*,#13689,.F.);
#13916 = PLANE('',#13917);
#13917 = AXIS2_PLACEMENT_3D('',#13918,#13919,#13920);
#13918 = CARTESIAN_POINT('',(-6.381353142795,2.564191,0.));
#13919 = DIRECTION('',(0.707106781187,-0.707106781187,0.));
#13920 = DIRECTION('',(0.,0.,1.));
#13921 = ADVANCED_FACE('',(#13922),#13932,.T.);
#13922 = FACE_BOUND('',#13923,.T.);
#13923 = EDGE_LOOP('',(#13924,#13930,#13931));
#13924 = ORIENTED_EDGE('',*,*,#13925,.F.);
#13925 = EDGE_CURVE('',#13745,#13720,#13926,.T.);
#13926 = LINE('',#13927,#13928);
#13927 = CARTESIAN_POINT('',(16.618646857205,-1.685809,0.25));
#13928 = VECTOR('',#13929,1.);
#13929 = DIRECTION('',(1.E-16,-0.707106781187,0.707106781187));
#13930 = ORIENTED_EDGE('',*,*,#13744,.T.);
#13931 = ORIENTED_EDGE('',*,*,#13729,.F.);
#13932 = PLANE('',#13933);
#13933 = AXIS2_PLACEMENT_3D('',#13934,#13935,#13936);
#13934 = CARTESIAN_POINT('',(16.618646857205,-1.435809,3.6E-16));
#13935 = DIRECTION('',(0.57735026919,-0.57735026919,-0.57735026919));
#13936 = DIRECTION('',(0.707106781187,0.707106781187,2.775557561563E-16)
  );
#13937 = ADVANCED_FACE('',(#13938),#13948,.T.);
#13938 = FACE_BOUND('',#13939,.T.);
#13939 = EDGE_LOOP('',(#13940,#13946,#13947));
#13940 = ORIENTED_EDGE('',*,*,#13941,.F.);
#13941 = EDGE_CURVE('',#13792,#13753,#13942,.T.);
#13942 = LINE('',#13943,#13944);
#13943 = CARTESIAN_POINT('',(16.618646857205,2.814191,0.75));
#13944 = VECTOR('',#13945,1.);
#13945 = DIRECTION('',(-0.,-0.707106781187,-0.707106781187));
#13946 = ORIENTED_EDGE('',*,*,#13791,.T.);
#13947 = ORIENTED_EDGE('',*,*,#13760,.F.);
#13948 = PLANE('',#13949);
#13949 = AXIS2_PLACEMENT_3D('',#13950,#13951,#13952);
#13950 = CARTESIAN_POINT('',(16.618646857205,3.064191,1.));
#13951 = DIRECTION('',(0.57735026919,0.57735026919,-0.57735026919));
#13952 = DIRECTION('',(0.707106781187,8.049116928532E-16,0.707106781187)
  );
#13953 = ADVANCED_FACE('',(#13954),#13970,.T.);
#13954 = FACE_BOUND('',#13955,.T.);
#13955 = EDGE_LOOP('',(#13956,#13962,#13963,#13969));
#13956 = ORIENTED_EDGE('',*,*,#13957,.F.);
#13957 = EDGE_CURVE('',#13865,#13745,#13958,.T.);
#13958 = LINE('',#13959,#13960);
#13959 = CARTESIAN_POINT('',(-6.881353142795,-1.435809,3.7E-16));
#13960 = VECTOR('',#13961,1.);
#13961 = DIRECTION('',(1.,0.,0.));
#13962 = ORIENTED_EDGE('',*,*,#13872,.F.);
#13963 = ORIENTED_EDGE('',*,*,#13964,.F.);
#13964 = EDGE_CURVE('',#13753,#13873,#13965,.T.);
#13965 = LINE('',#13966,#13967);
#13966 = CARTESIAN_POINT('',(17.618646857205,2.064191,3.1E-16));
#13967 = VECTOR('',#13968,1.);
#13968 = DIRECTION('',(-1.,0.,0.));
#13969 = ORIENTED_EDGE('',*,*,#13752,.T.);
#13970 = PLANE('',#13971);
#13971 = AXIS2_PLACEMENT_3D('',#13972,#13973,#13974);
#13972 = CARTESIAN_POINT('',(5.368646857205,0.314191,3.1E-16));
#13973 = DIRECTION('',(-0.,-0.,-1.));
#13974 = DIRECTION('',(-1.,0.,0.));
#13975 = ADVANCED_FACE('',(#13976),#13987,.F.);
#13976 = FACE_BOUND('',#13977,.F.);
#13977 = EDGE_LOOP('',(#13978,#13979,#13980,#13981));
#13978 = ORIENTED_EDGE('',*,*,#13807,.T.);
#13979 = ORIENTED_EDGE('',*,*,#13775,.T.);
#13980 = ORIENTED_EDGE('',*,*,#13910,.F.);
#13981 = ORIENTED_EDGE('',*,*,#13982,.F.);
#13982 = EDGE_CURVE('',#13800,#13903,#13983,.T.);
#13983 = LINE('',#13984,#13985);
#13984 = CARTESIAN_POINT('',(17.618646857205,3.064191,29.));
#13985 = VECTOR('',#13986,1.);
#13986 = DIRECTION('',(-1.,0.,0.));
#13987 = PLANE('',#13988);
#13988 = AXIS2_PLACEMENT_3D('',#13989,#13990,#13991);
#13989 = CARTESIAN_POINT('',(17.618646857205,2.564191,29.5));
#13990 = DIRECTION('',(0.,-0.707106781187,-0.707106781187));
#13991 = DIRECTION('',(-1.,-0.,0.));
#13992 = ADVANCED_FACE('',(#13993),#14004,.F.);
#13993 = FACE_BOUND('',#13994,.F.);
#13994 = EDGE_LOOP('',(#13995,#14001,#14002,#14003));
#13995 = ORIENTED_EDGE('',*,*,#13996,.F.);
#13996 = EDGE_CURVE('',#13792,#13895,#13997,.T.);
#13997 = LINE('',#13998,#13999);
#13998 = CARTESIAN_POINT('',(17.618646857205,3.064191,1.));
#13999 = VECTOR('',#14000,1.);
#14000 = DIRECTION('',(-1.,0.,0.));
#14001 = ORIENTED_EDGE('',*,*,#13799,.T.);
#14002 = ORIENTED_EDGE('',*,*,#13982,.T.);
#14003 = ORIENTED_EDGE('',*,*,#13902,.F.);
#14004 = PLANE('',#14005);
#14005 = AXIS2_PLACEMENT_3D('',#14006,#14007,#14008);
#14006 = CARTESIAN_POINT('',(17.618646857205,3.064191,0.));
#14007 = DIRECTION('',(0.,-1.,0.));
#14008 = DIRECTION('',(-1.,0.,0.));
#14009 = ADVANCED_FACE('',(#14010),#14021,.F.);
#14010 = FACE_BOUND('',#14011,.F.);
#14011 = EDGE_LOOP('',(#14012,#14018,#14019,#14020));
#14012 = ORIENTED_EDGE('',*,*,#14013,.T.);
#14013 = EDGE_CURVE('',#13865,#13824,#14014,.T.);
#14014 = LINE('',#14015,#14016);
#14015 = CARTESIAN_POINT('',(-5.881353142795,-1.685809,0.25));
#14016 = VECTOR('',#14017,1.);
#14017 = DIRECTION('',(4.8E-16,-0.707106781187,0.707106781187));
#14018 = ORIENTED_EDGE('',*,*,#13823,.T.);
#14019 = ORIENTED_EDGE('',*,*,#13925,.F.);
#14020 = ORIENTED_EDGE('',*,*,#13957,.F.);
#14021 = PLANE('',#14022);
#14022 = AXIS2_PLACEMENT_3D('',#14023,#14024,#14025);
#14023 = CARTESIAN_POINT('',(-6.881353142795,-1.935809,0.5));
#14024 = DIRECTION('',(0.,0.707106781187,0.707106781187));
#14025 = DIRECTION('',(1.,0.,-0.));
#14026 = ADVANCED_FACE('',(#14027),#14032,.F.);
#14027 = FACE_BOUND('',#14028,.F.);
#14028 = EDGE_LOOP('',(#14029,#14030,#14031));
#14029 = ORIENTED_EDGE('',*,*,#14013,.F.);
#14030 = ORIENTED_EDGE('',*,*,#13864,.T.);
#14031 = ORIENTED_EDGE('',*,*,#13848,.F.);
#14032 = PLANE('',#14033);
#14033 = AXIS2_PLACEMENT_3D('',#14034,#14035,#14036);
#14034 = CARTESIAN_POINT('',(-5.881353142795,-1.435809,1.1E-16));
#14035 = DIRECTION('',(0.57735026919,0.57735026919,0.57735026919));
#14036 = DIRECTION('',(-0.707106781187,0.707106781187,1.387778780781E-16
    ));
#14037 = ADVANCED_FACE('',(#14038),#14048,.F.);
#14038 = FACE_BOUND('',#14039,.F.);
#14039 = EDGE_LOOP('',(#14040,#14046,#14047));
#14040 = ORIENTED_EDGE('',*,*,#14041,.F.);
#14041 = EDGE_CURVE('',#13895,#13873,#14042,.T.);
#14042 = LINE('',#14043,#14044);
#14043 = CARTESIAN_POINT('',(-5.881353142795,2.814191,0.75));
#14044 = VECTOR('',#14045,1.);
#14045 = DIRECTION('',(-2.9E-16,-0.707106781187,-0.707106781187));
#14046 = ORIENTED_EDGE('',*,*,#13894,.T.);
#14047 = ORIENTED_EDGE('',*,*,#13880,.F.);
#14048 = PLANE('',#14049);
#14049 = AXIS2_PLACEMENT_3D('',#14050,#14051,#14052);
#14050 = CARTESIAN_POINT('',(-5.881353142795,3.064191,1.));
#14051 = DIRECTION('',(0.57735026919,-0.57735026919,0.57735026919));
#14052 = DIRECTION('',(-0.707106781187,-5.551115123126E-17,
    0.707106781187));
#14053 = ADVANCED_FACE('',(#14054),#14060,.F.);
#14054 = FACE_BOUND('',#14055,.F.);
#14055 = EDGE_LOOP('',(#14056,#14057,#14058,#14059));
#14056 = ORIENTED_EDGE('',*,*,#13941,.F.);
#14057 = ORIENTED_EDGE('',*,*,#13996,.T.);
#14058 = ORIENTED_EDGE('',*,*,#14041,.T.);
#14059 = ORIENTED_EDGE('',*,*,#13964,.F.);
#14060 = PLANE('',#14061);
#14061 = AXIS2_PLACEMENT_3D('',#14062,#14063,#14064);
#14062 = CARTESIAN_POINT('',(17.618646857205,2.564191,0.5));
#14063 = DIRECTION('',(0.,-0.707106781187,0.707106781187));
#14064 = DIRECTION('',(-1.,0.,0.));
#14065 = ( GEOMETRIC_REPRESENTATION_CONTEXT(3) 
GLOBAL_UNCERTAINTY_ASSIGNED_CONTEXT((#14069)) 
GLOBAL_UNIT_ASSIGNED_CONTEXT((#14066,#14067,#14068)) 
REPRESENTATION_CONTEXT('Context #1',
  '3D Context with UNIT and UNCERTAINTY') );
#14066 = ( LENGTH_UNIT() NAMED_UNIT(*) SI_UNIT(.MILLI.,.METRE.) );
#14067 = ( NAMED_UNIT(*) PLANE_ANGLE_UNIT() SI_UNIT($,.RADIAN.) );
#14068 = ( NAMED_UNIT(*) SI_UNIT($,.STERADIAN.) SOLID_ANGLE_UNIT() );
#14069 = UNCERTAINTY_MEASURE_WITH_UNIT(LENGTH_MEASURE(1.E-07),#14066,
  'distance_accuracy_value','confusion accuracy');
#14070 = CONTEXT_DEPENDENT_SHAPE_REPRESENTATION(#14071,#14073);
#14071 = ( REPRESENTATION_RELATIONSHIP('','',#13530,#13489) 
REPRESENTATION_RELATIONSHIP_WITH_TRANSFORMATION(#14072) 
SHAPE_REPRESENTATION_RELATIONSHIP() );
#14072 = ITEM_DEFINED_TRANSFORMATION('','',#11,#13498);
#14073 = PRODUCT_DEFINITION_SHAPE('Placement','Placement of an item',
  #14074);
#14074 = NEXT_ASSEMBLY_USAGE_OCCURRENCE('275','楔子001','',#13484,
  #13525,$);
#14075 = PRODUCT_RELATED_PRODUCT_CATEGORY('part',$,(#13527));
#14076 = CONTEXT_DEPENDENT_SHAPE_REPRESENTATION(#14077,#14079);
#14077 = ( REPRESENTATION_RELATIONSHIP('','',#2976,#10) 
REPRESENTATION_RELATIONSHIP_WITH_TRANSFORMATION(#14078) 
SHAPE_REPRESENTATION_RELATIONSHIP() );
#14078 = ITEM_DEFINED_TRANSFORMATION('','',#11,#127);
#14079 = PRODUCT_DEFINITION_SHAPE('Placement','Placement of an item',
  #14080);
#14080 = NEXT_ASSEMBLY_USAGE_OCCURRENCE('277','X轴002','',#5,#2971,$);
#14081 = CONTEXT_DEPENDENT_SHAPE_REPRESENTATION(#14082,#14084);
#14082 = ( REPRESENTATION_RELATIONSHIP('','',#2976,#10) 
REPRESENTATION_RELATIONSHIP_WITH_TRANSFORMATION(#14083) 
SHAPE_REPRESENTATION_RELATIONSHIP() );
#14083 = ITEM_DEFINED_TRANSFORMATION('','',#11,#131);
#14084 = PRODUCT_DEFINITION_SHAPE('Placement','Placement of an item',
  #14085);
#14085 = NEXT_ASSEMBLY_USAGE_OCCURRENCE('278','Y轴002','',#5,#2971,$);
#14086 = CONTEXT_DEPENDENT_SHAPE_REPRESENTATION(#14087,#14089);
#14087 = ( REPRESENTATION_RELATIONSHIP('','',#2976,#10) 
REPRESENTATION_RELATIONSHIP_WITH_TRANSFORMATION(#14088) 
SHAPE_REPRESENTATION_RELATIONSHIP() );
#14088 = ITEM_DEFINED_TRANSFORMATION('','',#11,#135);
#14089 = PRODUCT_DEFINITION_SHAPE('Placement','Placement of an item',
  #14090);
#14090 = NEXT_ASSEMBLY_USAGE_OCCURRENCE('279','Z轴002','',#5,#2971,$);
#14091 = CONTEXT_DEPENDENT_SHAPE_REPRESENTATION(#14092,#14094);
#14092 = ( REPRESENTATION_RELATIONSHIP('','',#3010,#10) 
REPRESENTATION_RELATIONSHIP_WITH_TRANSFORMATION(#14093) 
SHAPE_REPRESENTATION_RELATIONSHIP() );
#14093 = ITEM_DEFINED_TRANSFORMATION('','',#11,#139);
#14094 = PRODUCT_DEFINITION_SHAPE('Placement','Placement of an item',
  #14095);
#14095 = NEXT_ASSEMBLY_USAGE_OCCURRENCE('280','XY平面002','',#5,#3005,
  $);
#14096 = CONTEXT_DEPENDENT_SHAPE_REPRESENTATION(#14097,#14099);
#14097 = ( REPRESENTATION_RELATIONSHIP('','',#3010,#10) 
REPRESENTATION_RELATIONSHIP_WITH_TRANSFORMATION(#14098) 
SHAPE_REPRESENTATION_RELATIONSHIP() );
#14098 = ITEM_DEFINED_TRANSFORMATION('','',#11,#143);
#14099 = PRODUCT_DEFINITION_SHAPE('Placement','Placement of an item',
  #14100);
#14100 = NEXT_ASSEMBLY_USAGE_OCCURRENCE('281','XZ平面002','',#5,#3005,
  $);
#14101 = CONTEXT_DEPENDENT_SHAPE_REPRESENTATION(#14102,#14104);
#14102 = ( REPRESENTATION_RELATIONSHIP('','',#3010,#10) 
REPRESENTATION_RELATIONSHIP_WITH_TRANSFORMATION(#14103) 
SHAPE_REPRESENTATION_RELATIONSHIP() );
#14103 = ITEM_DEFINED_TRANSFORMATION('','',#11,#147);
#14104 = PRODUCT_DEFINITION_SHAPE('Placement','Placement of an item',
  #14105);
#14105 = NEXT_ASSEMBLY_USAGE_OCCURRENCE('282','YZ平面002','',#5,#3005,
  $);
#14106 = CONTEXT_DEPENDENT_SHAPE_REPRESENTATION(#14107,#14109);
#14107 = ( REPRESENTATION_RELATIONSHIP('','',#10102,#10) 
REPRESENTATION_RELATIONSHIP_WITH_TRANSFORMATION(#14108) 
SHAPE_REPRESENTATION_RELATIONSHIP() );
#14108 = ITEM_DEFINED_TRANSFORMATION('','',#11,#151);
#14109 = PRODUCT_DEFINITION_SHAPE('Placement','Placement of an item',
  #14110);
#14110 = NEXT_ASSEMBLY_USAGE_OCCURRENCE('283','锁001','',#5,#10097,$);
#14111 = CONTEXT_DEPENDENT_SHAPE_REPRESENTATION(#14112,#14114);
#14112 = ( REPRESENTATION_RELATIONSHIP('','',#232,#10) 
REPRESENTATION_RELATIONSHIP_WITH_TRANSFORMATION(#14113) 
SHAPE_REPRESENTATION_RELATIONSHIP() );
#14113 = ITEM_DEFINED_TRANSFORMATION('','',#11,#155);
#14114 = PRODUCT_DEFINITION_SHAPE('Placement','Placement of an item',
  #14115);
#14115 = NEXT_ASSEMBLY_USAGE_OCCURRENCE('284','主体背板001','',#5,
  #227,$);
#14116 = CONTEXT_DEPENDENT_SHAPE_REPRESENTATION(#14117,#14119);
#14117 = ( REPRESENTATION_RELATIONSHIP('','',#13530,#10) 
REPRESENTATION_RELATIONSHIP_WITH_TRANSFORMATION(#14118) 
SHAPE_REPRESENTATION_RELATIONSHIP() );
#14118 = ITEM_DEFINED_TRANSFORMATION('','',#11,#159);
#14119 = PRODUCT_DEFINITION_SHAPE('Placement','Placement of an item',
  #14120);
#14120 = NEXT_ASSEMBLY_USAGE_OCCURRENCE('285','距离卡扣锁楔子',''
  ,#5,#13525,$);
#14121 = CONTEXT_DEPENDENT_SHAPE_REPRESENTATION(#14122,#14124);
#14122 = ( REPRESENTATION_RELATIONSHIP('','',#2976,#10) 
REPRESENTATION_RELATIONSHIP_WITH_TRANSFORMATION(#14123) 
SHAPE_REPRESENTATION_RELATIONSHIP() );
#14123 = ITEM_DEFINED_TRANSFORMATION('','',#11,#163);
#14124 = PRODUCT_DEFINITION_SHAPE('Placement','Placement of an item',
  #14125);
#14125 = NEXT_ASSEMBLY_USAGE_OCCURRENCE('286','X轴003','',#5,#2971,$);
#14126 = CONTEXT_DEPENDENT_SHAPE_REPRESENTATION(#14127,#14129);
#14127 = ( REPRESENTATION_RELATIONSHIP('','',#2976,#10) 
REPRESENTATION_RELATIONSHIP_WITH_TRANSFORMATION(#14128) 
SHAPE_REPRESENTATION_RELATIONSHIP() );
#14128 = ITEM_DEFINED_TRANSFORMATION('','',#11,#167);
#14129 = PRODUCT_DEFINITION_SHAPE('Placement','Placement of an item',
  #14130);
#14130 = NEXT_ASSEMBLY_USAGE_OCCURRENCE('287','Y轴003','',#5,#2971,$);
#14131 = CONTEXT_DEPENDENT_SHAPE_REPRESENTATION(#14132,#14134);
#14132 = ( REPRESENTATION_RELATIONSHIP('','',#2976,#10) 
REPRESENTATION_RELATIONSHIP_WITH_TRANSFORMATION(#14133) 
SHAPE_REPRESENTATION_RELATIONSHIP() );
#14133 = ITEM_DEFINED_TRANSFORMATION('','',#11,#171);
#14134 = PRODUCT_DEFINITION_SHAPE('Placement','Placement of an item',
  #14135);
#14135 = NEXT_ASSEMBLY_USAGE_OCCURRENCE('288','Z轴003','',#5,#2971,$);
#14136 = CONTEXT_DEPENDENT_SHAPE_REPRESENTATION(#14137,#14139);
#14137 = ( REPRESENTATION_RELATIONSHIP('','',#3010,#10) 
REPRESENTATION_RELATIONSHIP_WITH_TRANSFORMATION(#14138) 
SHAPE_REPRESENTATION_RELATIONSHIP() );
#14138 = ITEM_DEFINED_TRANSFORMATION('','',#11,#175);
#14139 = PRODUCT_DEFINITION_SHAPE('Placement','Placement of an item',
  #14140);
#14140 = NEXT_ASSEMBLY_USAGE_OCCURRENCE('289','XY平面003','',#5,#3005,
  $);
#14141 = CONTEXT_DEPENDENT_SHAPE_REPRESENTATION(#14142,#14144);
#14142 = ( REPRESENTATION_RELATIONSHIP('','',#3010,#10) 
REPRESENTATION_RELATIONSHIP_WITH_TRANSFORMATION(#14143) 
SHAPE_REPRESENTATION_RELATIONSHIP() );
#14143 = ITEM_DEFINED_TRANSFORMATION('','',#11,#179);
#14144 = PRODUCT_DEFINITION_SHAPE('Placement','Placement of an item',
  #14145);
#14145 = NEXT_ASSEMBLY_USAGE_OCCURRENCE('290','XZ平面003','',#5,#3005,
  $);
#14146 = CONTEXT_DEPENDENT_SHAPE_REPRESENTATION(#14147,#14149);
#14147 = ( REPRESENTATION_RELATIONSHIP('','',#3010,#10) 
REPRESENTATION_RELATIONSHIP_WITH_TRANSFORMATION(#14148) 
SHAPE_REPRESENTATION_RELATIONSHIP() );
#14148 = ITEM_DEFINED_TRANSFORMATION('','',#11,#183);
#14149 = PRODUCT_DEFINITION_SHAPE('Placement','Placement of an item',
  #14150);
#14150 = NEXT_ASSEMBLY_USAGE_OCCURRENCE('291','YZ平面003','',#5,#3005,
  $);
#14151 = SHAPE_DEFINITION_REPRESENTATION(#14152,#14158);
#14152 = PRODUCT_DEFINITION_SHAPE('','',#14153);
#14153 = PRODUCT_DEFINITION('design','',#14154,#14157);
#14154 = PRODUCT_DEFINITION_FORMATION('','',#14155);
#14155 = PRODUCT('Sketch006','Sketch006','',(#14156));
#14156 = PRODUCT_CONTEXT('',#2,'mechanical');
#14157 = PRODUCT_DEFINITION_CONTEXT('part definition',#2,'design');
#14158 = GEOMETRICALLY_BOUNDED_WIREFRAME_SHAPE_REPRESENTATION('',(#11,
    #14159),#14188);
#14159 = GEOMETRIC_CURVE_SET('',(#14160,#14167,#14174,#14181));
#14160 = TRIMMED_CURVE('',#14161,(#14165,PARAMETER_VALUE(0.)),(#14166,
    PARAMETER_VALUE(24.5)),.T.,.PARAMETER.);
#14161 = LINE('',#14162,#14163);
#14162 = CARTESIAN_POINT('',(-6.881353142795,0.564191,0.));
#14163 = VECTOR('',#14164,1.);
#14164 = DIRECTION('',(1.,0.,0.));
#14165 = CARTESIAN_POINT('',(-6.881353142795,0.564191,0.));
#14166 = CARTESIAN_POINT('',(17.618646857205,0.564191,0.));
#14167 = TRIMMED_CURVE('',#14168,(#14172,PARAMETER_VALUE(0.)),(#14173,
    PARAMETER_VALUE(2.5)),.T.,.PARAMETER.);
#14168 = LINE('',#14169,#14170);
#14169 = CARTESIAN_POINT('',(17.618646857205,0.564191,0.));
#14170 = VECTOR('',#14171,1.);
#14171 = DIRECTION('',(0.,1.,0.));
#14172 = CARTESIAN_POINT('',(17.618646857205,0.564191,0.));
#14173 = CARTESIAN_POINT('',(17.618646857205,3.064191,0.));
#14174 = TRIMMED_CURVE('',#14175,(#14179,PARAMETER_VALUE(0.)),(#14180,
    PARAMETER_VALUE(24.5)),.T.,.PARAMETER.);
#14175 = LINE('',#14176,#14177);
#14176 = CARTESIAN_POINT('',(17.618646857205,3.064191,0.));
#14177 = VECTOR('',#14178,1.);
#14178 = DIRECTION('',(-1.,0.,0.));
#14179 = CARTESIAN_POINT('',(17.618646857205,3.064191,0.));
#14180 = CARTESIAN_POINT('',(-6.881353142795,3.064191,0.));
#14181 = TRIMMED_CURVE('',#14182,(#14186,PARAMETER_VALUE(0.)),(#14187,
    PARAMETER_VALUE(2.5)),.T.,.PARAMETER.);
#14182 = LINE('',#14183,#14184);
#14183 = CARTESIAN_POINT('',(-6.881353142795,3.064191,0.));
#14184 = VECTOR('',#14185,1.);
#14185 = DIRECTION('',(0.,-1.,0.));
#14186 = CARTESIAN_POINT('',(-6.881353142795,3.064191,0.));
#14187 = CARTESIAN_POINT('',(-6.881353142795,0.564191,0.));
#14188 = ( GEOMETRIC_REPRESENTATION_CONTEXT(3) 
GLOBAL_UNCERTAINTY_ASSIGNED_CONTEXT((#14192)) 
GLOBAL_UNIT_ASSIGNED_CONTEXT((#14189,#14190,#14191)) 
REPRESENTATION_CONTEXT('Context #1',
  '3D Context with UNIT and UNCERTAINTY') );
#14189 = ( LENGTH_UNIT() NAMED_UNIT(*) SI_UNIT(.MILLI.,.METRE.) );
#14190 = ( NAMED_UNIT(*) PLANE_ANGLE_UNIT() SI_UNIT($,.RADIAN.) );
#14191 = ( NAMED_UNIT(*) SI_UNIT($,.STERADIAN.) SOLID_ANGLE_UNIT() );
#14192 = UNCERTAINTY_MEASURE_WITH_UNIT(LENGTH_MEASURE(1.E-07),#14189,
  'distance_accuracy_value','confusion accuracy');
#14193 = CONTEXT_DEPENDENT_SHAPE_REPRESENTATION(#14194,#14196);
#14194 = ( REPRESENTATION_RELATIONSHIP('','',#14158,#10) 
REPRESENTATION_RELATIONSHIP_WITH_TRANSFORMATION(#14195) 
SHAPE_REPRESENTATION_RELATIONSHIP() );
#14195 = ITEM_DEFINED_TRANSFORMATION('','',#11,#187);
#14196 = PRODUCT_DEFINITION_SHAPE('Placement','Placement of an item',
  #14197);
#14197 = NEXT_ASSEMBLY_USAGE_OCCURRENCE('292','Sketch006','',#5,#14153,$
  );
#14198 = PRODUCT_RELATED_PRODUCT_CATEGORY('part',$,(#14155));
#14199 = SHAPE_DEFINITION_REPRESENTATION(#14200,#14206);
#14200 = PRODUCT_DEFINITION_SHAPE('','',#14201);
#14201 = PRODUCT_DEFINITION('design','',#14202,#14205);
#14202 = PRODUCT_DEFINITION_FORMATION('','',#14203);
#14203 = PRODUCT('Pad003','Pad003','',(#14204));
#14204 = PRODUCT_CONTEXT('',#2,'mechanical');
#14205 = PRODUCT_DEFINITION_CONTEXT('part definition',#2,'design');
#14206 = ADVANCED_BREP_SHAPE_REPRESENTATION('',(#11,#14207),#14357);
#14207 = MANIFOLD_SOLID_BREP('',#14208);
#14208 = CLOSED_SHELL('',(#14209,#14249,#14280,#14311,#14333,#14345));
#14209 = ADVANCED_FACE('',(#14210),#14244,.F.);
#14210 = FACE_BOUND('',#14211,.F.);
#14211 = EDGE_LOOP('',(#14212,#14222,#14230,#14238));
#14212 = ORIENTED_EDGE('',*,*,#14213,.T.);
#14213 = EDGE_CURVE('',#14214,#14216,#14218,.T.);
#14214 = VERTEX_POINT('',#14215);
#14215 = CARTESIAN_POINT('',(-6.881353142795,0.564191,0.));
#14216 = VERTEX_POINT('',#14217);
#14217 = CARTESIAN_POINT('',(-6.881353142795,0.564191,30.));
#14218 = LINE('',#14219,#14220);
#14219 = CARTESIAN_POINT('',(-6.881353142795,0.564191,0.));
#14220 = VECTOR('',#14221,1.);
#14221 = DIRECTION('',(0.,0.,1.));
#14222 = ORIENTED_EDGE('',*,*,#14223,.T.);
#14223 = EDGE_CURVE('',#14216,#14224,#14226,.T.);
#14224 = VERTEX_POINT('',#14225);
#14225 = CARTESIAN_POINT('',(17.618646857205,0.564191,30.));
#14226 = LINE('',#14227,#14228);
#14227 = CARTESIAN_POINT('',(-6.881353142795,0.564191,30.));
#14228 = VECTOR('',#14229,1.);
#14229 = DIRECTION('',(1.,0.,0.));
#14230 = ORIENTED_EDGE('',*,*,#14231,.F.);
#14231 = EDGE_CURVE('',#14232,#14224,#14234,.T.);
#14232 = VERTEX_POINT('',#14233);
#14233 = CARTESIAN_POINT('',(17.618646857205,0.564191,0.));
#14234 = LINE('',#14235,#14236);
#14235 = CARTESIAN_POINT('',(17.618646857205,0.564191,0.));
#14236 = VECTOR('',#14237,1.);
#14237 = DIRECTION('',(0.,0.,1.));
#14238 = ORIENTED_EDGE('',*,*,#14239,.F.);
#14239 = EDGE_CURVE('',#14214,#14232,#14240,.T.);
#14240 = LINE('',#14241,#14242);
#14241 = CARTESIAN_POINT('',(-6.881353142795,0.564191,0.));
#14242 = VECTOR('',#14243,1.);
#14243 = DIRECTION('',(1.,0.,0.));
#14244 = PLANE('',#14245);
#14245 = AXIS2_PLACEMENT_3D('',#14246,#14247,#14248);
#14246 = CARTESIAN_POINT('',(-6.881353142795,0.564191,0.));
#14247 = DIRECTION('',(0.,1.,0.));
#14248 = DIRECTION('',(1.,0.,0.));
#14249 = ADVANCED_FACE('',(#14250),#14275,.F.);
#14250 = FACE_BOUND('',#14251,.F.);
#14251 = EDGE_LOOP('',(#14252,#14253,#14261,#14269));
#14252 = ORIENTED_EDGE('',*,*,#14231,.T.);
#14253 = ORIENTED_EDGE('',*,*,#14254,.T.);
#14254 = EDGE_CURVE('',#14224,#14255,#14257,.T.);
#14255 = VERTEX_POINT('',#14256);
#14256 = CARTESIAN_POINT('',(17.618646857205,3.064191,30.));
#14257 = LINE('',#14258,#14259);
#14258 = CARTESIAN_POINT('',(17.618646857205,0.564191,30.));
#14259 = VECTOR('',#14260,1.);
#14260 = DIRECTION('',(0.,1.,0.));
#14261 = ORIENTED_EDGE('',*,*,#14262,.F.);
#14262 = EDGE_CURVE('',#14263,#14255,#14265,.T.);
#14263 = VERTEX_POINT('',#14264);
#14264 = CARTESIAN_POINT('',(17.618646857205,3.064191,0.));
#14265 = LINE('',#14266,#14267);
#14266 = CARTESIAN_POINT('',(17.618646857205,3.064191,0.));
#14267 = VECTOR('',#14268,1.);
#14268 = DIRECTION('',(0.,0.,1.));
#14269 = ORIENTED_EDGE('',*,*,#14270,.F.);
#14270 = EDGE_CURVE('',#14232,#14263,#14271,.T.);
#14271 = LINE('',#14272,#14273);
#14272 = CARTESIAN_POINT('',(17.618646857205,0.564191,0.));
#14273 = VECTOR('',#14274,1.);
#14274 = DIRECTION('',(0.,1.,0.));
#14275 = PLANE('',#14276);
#14276 = AXIS2_PLACEMENT_3D('',#14277,#14278,#14279);
#14277 = CARTESIAN_POINT('',(17.618646857205,0.564191,0.));
#14278 = DIRECTION('',(-1.,0.,0.));
#14279 = DIRECTION('',(0.,1.,0.));
#14280 = ADVANCED_FACE('',(#14281),#14306,.F.);
#14281 = FACE_BOUND('',#14282,.F.);
#14282 = EDGE_LOOP('',(#14283,#14284,#14292,#14300));
#14283 = ORIENTED_EDGE('',*,*,#14262,.T.);
#14284 = ORIENTED_EDGE('',*,*,#14285,.T.);
#14285 = EDGE_CURVE('',#14255,#14286,#14288,.T.);
#14286 = VERTEX_POINT('',#14287);
#14287 = CARTESIAN_POINT('',(-6.881353142795,3.064191,30.));
#14288 = LINE('',#14289,#14290);
#14289 = CARTESIAN_POINT('',(17.618646857205,3.064191,30.));
#14290 = VECTOR('',#14291,1.);
#14291 = DIRECTION('',(-1.,0.,0.));
#14292 = ORIENTED_EDGE('',*,*,#14293,.F.);
#14293 = EDGE_CURVE('',#14294,#14286,#14296,.T.);
#14294 = VERTEX_POINT('',#14295);
#14295 = CARTESIAN_POINT('',(-6.881353142795,3.064191,0.));
#14296 = LINE('',#14297,#14298);
#14297 = CARTESIAN_POINT('',(-6.881353142795,3.064191,0.));
#14298 = VECTOR('',#14299,1.);
#14299 = DIRECTION('',(0.,0.,1.));
#14300 = ORIENTED_EDGE('',*,*,#14301,.F.);
#14301 = EDGE_CURVE('',#14263,#14294,#14302,.T.);
#14302 = LINE('',#14303,#14304);
#14303 = CARTESIAN_POINT('',(17.618646857205,3.064191,0.));
#14304 = VECTOR('',#14305,1.);
#14305 = DIRECTION('',(-1.,0.,0.));
#14306 = PLANE('',#14307);
#14307 = AXIS2_PLACEMENT_3D('',#14308,#14309,#14310);
#14308 = CARTESIAN_POINT('',(17.618646857205,3.064191,0.));
#14309 = DIRECTION('',(0.,-1.,0.));
#14310 = DIRECTION('',(-1.,0.,0.));
#14311 = ADVANCED_FACE('',(#14312),#14328,.F.);
#14312 = FACE_BOUND('',#14313,.F.);
#14313 = EDGE_LOOP('',(#14314,#14315,#14321,#14322));
#14314 = ORIENTED_EDGE('',*,*,#14293,.T.);
#14315 = ORIENTED_EDGE('',*,*,#14316,.T.);
#14316 = EDGE_CURVE('',#14286,#14216,#14317,.T.);
#14317 = LINE('',#14318,#14319);
#14318 = CARTESIAN_POINT('',(-6.881353142795,3.064191,30.));
#14319 = VECTOR('',#14320,1.);
#14320 = DIRECTION('',(0.,-1.,0.));
#14321 = ORIENTED_EDGE('',*,*,#14213,.F.);
#14322 = ORIENTED_EDGE('',*,*,#14323,.F.);
#14323 = EDGE_CURVE('',#14294,#14214,#14324,.T.);
#14324 = LINE('',#14325,#14326);
#14325 = CARTESIAN_POINT('',(-6.881353142795,3.064191,0.));
#14326 = VECTOR('',#14327,1.);
#14327 = DIRECTION('',(0.,-1.,0.));
#14328 = PLANE('',#14329);
#14329 = AXIS2_PLACEMENT_3D('',#14330,#14331,#14332);
#14330 = CARTESIAN_POINT('',(-6.881353142795,3.064191,0.));
#14331 = DIRECTION('',(1.,0.,-0.));
#14332 = DIRECTION('',(0.,-1.,0.));
#14333 = ADVANCED_FACE('',(#14334),#14340,.F.);
#14334 = FACE_BOUND('',#14335,.F.);
#14335 = EDGE_LOOP('',(#14336,#14337,#14338,#14339));
#14336 = ORIENTED_EDGE('',*,*,#14239,.T.);
#14337 = ORIENTED_EDGE('',*,*,#14270,.T.);
#14338 = ORIENTED_EDGE('',*,*,#14301,.T.);
#14339 = ORIENTED_EDGE('',*,*,#14323,.T.);
#14340 = PLANE('',#14341);
#14341 = AXIS2_PLACEMENT_3D('',#14342,#14343,#14344);
#14342 = CARTESIAN_POINT('',(5.368646857205,1.814191,0.));
#14343 = DIRECTION('',(0.,0.,1.));
#14344 = DIRECTION('',(1.,0.,0.));
#14345 = ADVANCED_FACE('',(#14346),#14352,.T.);
#14346 = FACE_BOUND('',#14347,.T.);
#14347 = EDGE_LOOP('',(#14348,#14349,#14350,#14351));
#14348 = ORIENTED_EDGE('',*,*,#14223,.T.);
#14349 = ORIENTED_EDGE('',*,*,#14254,.T.);
#14350 = ORIENTED_EDGE('',*,*,#14285,.T.);
#14351 = ORIENTED_EDGE('',*,*,#14316,.T.);
#14352 = PLANE('',#14353);
#14353 = AXIS2_PLACEMENT_3D('',#14354,#14355,#14356);
#14354 = CARTESIAN_POINT('',(5.368646857205,1.814191,30.));
#14355 = DIRECTION('',(0.,0.,1.));
#14356 = DIRECTION('',(1.,0.,0.));
#14357 = ( GEOMETRIC_REPRESENTATION_CONTEXT(3) 
GLOBAL_UNCERTAINTY_ASSIGNED_CONTEXT((#14361)) 
GLOBAL_UNIT_ASSIGNED_CONTEXT((#14358,#14359,#14360)) 
REPRESENTATION_CONTEXT('Context #1',
  '3D Context with UNIT and UNCERTAINTY') );
#14358 = ( LENGTH_UNIT() NAMED_UNIT(*) SI_UNIT(.MILLI.,.METRE.) );
#14359 = ( NAMED_UNIT(*) PLANE_ANGLE_UNIT() SI_UNIT($,.RADIAN.) );
#14360 = ( NAMED_UNIT(*) SI_UNIT($,.STERADIAN.) SOLID_ANGLE_UNIT() );
#14361 = UNCERTAINTY_MEASURE_WITH_UNIT(LENGTH_MEASURE(1.E-07),#14358,
  'distance_accuracy_value','confusion accuracy');
#14362 = CONTEXT_DEPENDENT_SHAPE_REPRESENTATION(#14363,#14365);
#14363 = ( REPRESENTATION_RELATIONSHIP('','',#14206,#10) 
REPRESENTATION_RELATIONSHIP_WITH_TRANSFORMATION(#14364) 
SHAPE_REPRESENTATION_RELATIONSHIP() );
#14364 = ITEM_DEFINED_TRANSFORMATION('','',#11,#191);
#14365 = PRODUCT_DEFINITION_SHAPE('Placement','Placement of an item',
  #14366);
#14366 = NEXT_ASSEMBLY_USAGE_OCCURRENCE('293','Pad003','',#5,#14201,$);
#14367 = PRODUCT_RELATED_PRODUCT_CATEGORY('part',$,(#14203));
#14368 = CONTEXT_DEPENDENT_SHAPE_REPRESENTATION(#14369,#14371);
#14369 = ( REPRESENTATION_RELATIONSHIP('','',#13530,#10) 
REPRESENTATION_RELATIONSHIP_WITH_TRANSFORMATION(#14370) 
SHAPE_REPRESENTATION_RELATIONSHIP() );
#14370 = ITEM_DEFINED_TRANSFORMATION('','',#11,#195);
#14371 = PRODUCT_DEFINITION_SHAPE('Placement','Placement of an item',
  #14372);
#14372 = NEXT_ASSEMBLY_USAGE_OCCURRENCE('294','楔子001','',#5,#13525,$
  );
#14373 = SHAPE_DEFINITION_REPRESENTATION(#14374,#14380);
#14374 = PRODUCT_DEFINITION_SHAPE('','',#14375);
#14375 = PRODUCT_DEFINITION('design','',#14376,#14379);
#14376 = PRODUCT_DEFINITION_FORMATION('','',#14377);
#14377 = PRODUCT('Fillet001','Fillet001','',(#14378));
#14378 = PRODUCT_CONTEXT('',#2,'mechanical');
#14379 = PRODUCT_DEFINITION_CONTEXT('part definition',#2,'design');
#14380 = ADVANCED_BREP_SHAPE_REPRESENTATION('',(#11,#14381),#17106);
#14381 = MANIFOLD_SOLID_BREP('',#14382);
#14382 = CLOSED_SHELL('',(#14383,#14448,#14479,#14512,#14798,#14949,
    #14974,#14998,#15165,#15190,#15221,#15246,#15399,#15614,#15632,
    #15649,#15859,#15890,#15914,#15938,#15955,#15986,#16010,#16034,
    #16051,#16082,#16106,#16130,#16147,#16178,#16202,#16226,#16243,
    #16260,#16277,#16294,#16306,#16331,#16356,#16381,#16406,#16431,
    #16456,#16481,#16506,#16533,#16560,#16585,#16610,#16635,#16660,
    #16685,#16710,#16722,#16746,#16764,#16782,#16794,#16818,#16836,
    #16854,#16866,#16890,#16908,#16926,#16938,#16962,#16980,#16998,
    #17010,#17022,#17034,#17046,#17058,#17070,#17082,#17094));
#14383 = ADVANCED_FACE('',(#14384),#14443,.T.);
#14384 = FACE_BOUND('',#14385,.T.);
#14385 = EDGE_LOOP('',(#14386,#14396,#14404,#14413,#14421,#14429,#14437)
  );
#14386 = ORIENTED_EDGE('',*,*,#14387,.T.);
#14387 = EDGE_CURVE('',#14388,#14390,#14392,.T.);
#14388 = VERTEX_POINT('',#14389);
#14389 = CARTESIAN_POINT('',(55.,-28.,-100.));
#14390 = VERTEX_POINT('',#14391);
#14391 = CARTESIAN_POINT('',(55.,-20.,-100.));
#14392 = LINE('',#14393,#14394);
#14393 = CARTESIAN_POINT('',(55.,-30.,-100.));
#14394 = VECTOR('',#14395,1.);
#14395 = DIRECTION('',(0.,1.,0.));
#14396 = ORIENTED_EDGE('',*,*,#14397,.T.);
#14397 = EDGE_CURVE('',#14390,#14398,#14400,.T.);
#14398 = VERTEX_POINT('',#14399);
#14399 = CARTESIAN_POINT('',(55.,-20.,-4.));
#14400 = LINE('',#14401,#14402);
#14401 = CARTESIAN_POINT('',(55.,-20.,-100.));
#14402 = VECTOR('',#14403,1.);
#14403 = DIRECTION('',(0.,0.,1.));
#14404 = ORIENTED_EDGE('',*,*,#14405,.F.);
#14405 = EDGE_CURVE('',#14406,#14398,#14408,.T.);
#14406 = VERTEX_POINT('',#14407);
#14407 = CARTESIAN_POINT('',(55.,-16.,1.E-15));
#14408 = CIRCLE('',#14409,4.);
#14409 = AXIS2_PLACEMENT_3D('',#14410,#14411,#14412);
#14410 = CARTESIAN_POINT('',(55.,-16.,-4.));
#14411 = DIRECTION('',(1.,-0.,0.));
#14412 = DIRECTION('',(0.,0.,-1.));
#14413 = ORIENTED_EDGE('',*,*,#14414,.T.);
#14414 = EDGE_CURVE('',#14406,#14415,#14417,.T.);
#14415 = VERTEX_POINT('',#14416);
#14416 = CARTESIAN_POINT('',(55.,40.,0.));
#14417 = LINE('',#14418,#14419);
#14418 = CARTESIAN_POINT('',(55.,-30.,0.));
#14419 = VECTOR('',#14420,1.);
#14420 = DIRECTION('',(0.,1.,0.));
#14421 = ORIENTED_EDGE('',*,*,#14422,.T.);
#14422 = EDGE_CURVE('',#14415,#14423,#14425,.T.);
#14423 = VERTEX_POINT('',#14424);
#14424 = CARTESIAN_POINT('',(55.,40.,5.));
#14425 = LINE('',#14426,#14427);
#14426 = CARTESIAN_POINT('',(55.,40.,0.));
#14427 = VECTOR('',#14428,1.);
#14428 = DIRECTION('',(0.,0.,1.));
#14429 = ORIENTED_EDGE('',*,*,#14430,.F.);
#14430 = EDGE_CURVE('',#14431,#14423,#14433,.T.);
#14431 = VERTEX_POINT('',#14432);
#14432 = CARTESIAN_POINT('',(55.,-28.,5.));
#14433 = LINE('',#14434,#14435);
#14434 = CARTESIAN_POINT('',(55.,-30.,5.));
#14435 = VECTOR('',#14436,1.);
#14436 = DIRECTION('',(0.,1.,0.));
#14437 = ORIENTED_EDGE('',*,*,#14438,.T.);
#14438 = EDGE_CURVE('',#14431,#14388,#14439,.T.);
#14439 = LINE('',#14440,#14441);
#14440 = CARTESIAN_POINT('',(55.,-28.,5.));
#14441 = VECTOR('',#14442,1.);
#14442 = DIRECTION('',(0.,0.,-1.));
#14443 = PLANE('',#14444);
#14444 = AXIS2_PLACEMENT_3D('',#14445,#14446,#14447);
#14445 = CARTESIAN_POINT('',(55.,-12.14285714285,-30.35714285714));
#14446 = DIRECTION('',(1.,0.,0.));
#14447 = DIRECTION('',(0.,0.,1.));
#14448 = ADVANCED_FACE('',(#14449),#14474,.T.);
#14449 = FACE_BOUND('',#14450,.T.);
#14450 = EDGE_LOOP('',(#14451,#14452,#14460,#14468));
#14451 = ORIENTED_EDGE('',*,*,#14387,.F.);
#14452 = ORIENTED_EDGE('',*,*,#14453,.T.);
#14453 = EDGE_CURVE('',#14388,#14454,#14456,.T.);
#14454 = VERTEX_POINT('',#14455);
#14455 = CARTESIAN_POINT('',(-55.,-28.,-100.));
#14456 = LINE('',#14457,#14458);
#14457 = CARTESIAN_POINT('',(55.,-28.,-100.));
#14458 = VECTOR('',#14459,1.);
#14459 = DIRECTION('',(-1.,-0.,-0.));
#14460 = ORIENTED_EDGE('',*,*,#14461,.T.);
#14461 = EDGE_CURVE('',#14454,#14462,#14464,.T.);
#14462 = VERTEX_POINT('',#14463);
#14463 = CARTESIAN_POINT('',(-55.,-20.,-100.));
#14464 = LINE('',#14465,#14466);
#14465 = CARTESIAN_POINT('',(-55.,-30.,-100.));
#14466 = VECTOR('',#14467,1.);
#14467 = DIRECTION('',(0.,1.,0.));
#14468 = ORIENTED_EDGE('',*,*,#14469,.F.);
#14469 = EDGE_CURVE('',#14390,#14462,#14470,.T.);
#14470 = LINE('',#14471,#14472);
#14471 = CARTESIAN_POINT('',(55.,-20.,-100.));
#14472 = VECTOR('',#14473,1.);
#14473 = DIRECTION('',(-1.,-0.,-0.));
#14474 = PLANE('',#14475);
#14475 = AXIS2_PLACEMENT_3D('',#14476,#14477,#14478);
#14476 = CARTESIAN_POINT('',(55.,-30.,-100.));
#14477 = DIRECTION('',(0.,0.,-1.));
#14478 = DIRECTION('',(0.,1.,0.));
#14479 = ADVANCED_FACE('',(#14480),#14507,.T.);
#14480 = FACE_BOUND('',#14481,.T.);
#14481 = EDGE_LOOP('',(#14482,#14491,#14499,#14506));
#14482 = ORIENTED_EDGE('',*,*,#14483,.F.);
#14483 = EDGE_CURVE('',#14484,#14431,#14486,.T.);
#14484 = VERTEX_POINT('',#14485);
#14485 = CARTESIAN_POINT('',(53.,-30.,3.));
#14486 = ELLIPSE('',#14487,2.828427124746,2.);
#14487 = AXIS2_PLACEMENT_3D('',#14488,#14489,#14490);
#14488 = CARTESIAN_POINT('',(53.,-28.,3.));
#14489 = DIRECTION('',(-0.707106781187,-0.,0.707106781187));
#14490 = DIRECTION('',(0.707106781187,0.,0.707106781187));
#14491 = ORIENTED_EDGE('',*,*,#14492,.T.);
#14492 = EDGE_CURVE('',#14484,#14493,#14495,.T.);
#14493 = VERTEX_POINT('',#14494);
#14494 = CARTESIAN_POINT('',(53.,-30.,-98.));
#14495 = LINE('',#14496,#14497);
#14496 = CARTESIAN_POINT('',(53.,-30.,5.));
#14497 = VECTOR('',#14498,1.);
#14498 = DIRECTION('',(0.,0.,-1.));
#14499 = ORIENTED_EDGE('',*,*,#14500,.F.);
#14500 = EDGE_CURVE('',#14388,#14493,#14501,.T.);
#14501 = ELLIPSE('',#14502,2.828427124746,2.);
#14502 = AXIS2_PLACEMENT_3D('',#14503,#14504,#14505);
#14503 = CARTESIAN_POINT('',(53.,-28.,-98.));
#14504 = DIRECTION('',(-0.707106781187,0.,-0.707106781187));
#14505 = DIRECTION('',(-0.707106781187,-0.,0.707106781187));
#14506 = ORIENTED_EDGE('',*,*,#14438,.F.);
#14507 = CYLINDRICAL_SURFACE('',#14508,2.);
#14508 = AXIS2_PLACEMENT_3D('',#14509,#14510,#14511);
#14509 = CARTESIAN_POINT('',(53.,-28.,5.));
#14510 = DIRECTION('',(0.,0.,-1.));
#14511 = DIRECTION('',(1.,-0.,0.));
#14512 = ADVANCED_FACE('',(#14513,#14657,#14691,#14725,#14759),#14793,
  .T.);
#14513 = FACE_BOUND('',#14514,.T.);
#14514 = EDGE_LOOP('',(#14515,#14516,#14517,#14525,#14533,#14588,#14596,
    #14651));
#14515 = ORIENTED_EDGE('',*,*,#14397,.F.);
#14516 = ORIENTED_EDGE('',*,*,#14469,.T.);
#14517 = ORIENTED_EDGE('',*,*,#14518,.T.);
#14518 = EDGE_CURVE('',#14462,#14519,#14521,.T.);
#14519 = VERTEX_POINT('',#14520);
#14520 = CARTESIAN_POINT('',(-55.,-20.,-4.));
#14521 = LINE('',#14522,#14523);
#14522 = CARTESIAN_POINT('',(-55.,-20.,-100.));
#14523 = VECTOR('',#14524,1.);
#14524 = DIRECTION('',(0.,0.,1.));
#14525 = ORIENTED_EDGE('',*,*,#14526,.F.);
#14526 = EDGE_CURVE('',#14527,#14519,#14529,.T.);
#14527 = VERTEX_POINT('',#14528);
#14528 = CARTESIAN_POINT('',(-40.34832913387,-20.,-4.));
#14529 = LINE('',#14530,#14531);
#14530 = CARTESIAN_POINT('',(55.,-20.,-4.));
#14531 = VECTOR('',#14532,1.);
#14532 = DIRECTION('',(-1.,-0.,-0.));
#14533 = ORIENTED_EDGE('',*,*,#14534,.F.);
#14534 = EDGE_CURVE('',#14535,#14527,#14537,.T.);
#14535 = VERTEX_POINT('',#14536);
#14536 = CARTESIAN_POINT('',(-34.65167086612,-20.,-4.));
#14537 = ( BOUNDED_CURVE() B_SPLINE_CURVE(9,(#14538,#14539,#14540,#14541
    ,#14542,#14543,#14544,#14545,#14546,#14547,#14548,#14549,#14550,
    #14551,#14552,#14553,#14554,#14555,#14556,#14557,#14558,#14559,
    #14560,#14561,#14562,#14563,#14564,#14565,#14566,#14567,#14568,
    #14569,#14570,#14571,#14572,#14573,#14574,#14575,#14576,#14577,
    #14578,#14579,#14580,#14581,#14582,#14583,#14584,#14585,#14586,
#14587),.UNSPECIFIED.,.F.,.F.) B_SPLINE_CURVE_WITH_KNOTS((10,8,8,8,8,8,
    10),(89.651670866126,90.363753149594,91.075835433063,92.5,
    93.924164566937,94.636246850406,95.348329133874),.UNSPECIFIED.) 
CURVE() GEOMETRIC_REPRESENTATION_ITEM() RATIONAL_B_SPLINE_CURVE((1.,1.,
    1.,1.,1.,1.,1.,1.,1.,1.,1.,1.,1.,1.,1.,1.,1.,1.,1.,1.,1.,1.,1.,1.,1.
    ,1.,1.,1.,1.,1.,1.,1.,1.,1.,1.,1.,1.,1.,1.,1.,1.,1.,1.,1.,1.,1.,1.,
1.,1.,1.)) REPRESENTATION_ITEM('') );
#14538 = CARTESIAN_POINT('',(-34.65167086612,-20.,-4.));
#14539 = CARTESIAN_POINT('',(-34.73079111984,-20.,-4.));
#14540 = CARTESIAN_POINT('',(-34.80991137356,-20.,-3.984052697086));
#14541 = CARTESIAN_POINT('',(-34.88903162728,-20.,-3.968021909571));
#14542 = CARTESIAN_POINT('',(-34.968151881,-20.,-3.944920806808));
#14543 = CARTESIAN_POINT('',(-35.04727213471,-20.,-3.923984798245));
#14544 = CARTESIAN_POINT('',(-35.12639238843,-20.,-3.899485651105));
#14545 = CARTESIAN_POINT('',(-35.20551264215,-20.,-3.875634576973));
#14546 = CARTESIAN_POINT('',(-35.28463289587,-20.,-3.85116774351));
#14547 = CARTESIAN_POINT('',(-35.44287340331,-20.,-3.802330666503));
#14548 = CARTESIAN_POINT('',(-35.52199365703,-20.,-3.77791240162));
#14549 = CARTESIAN_POINT('',(-35.60111391075,-20.,-3.753725599795));
#14550 = CARTESIAN_POINT('',(-35.68023416446,-20.,-3.729952038121));
#14551 = CARTESIAN_POINT('',(-35.75935441818,-20.,-3.706733992712));
#14552 = CARTESIAN_POINT('',(-35.8384746719,-20.,-3.684184150065));
#14553 = CARTESIAN_POINT('',(-35.91759492562,-20.,-3.662395518432));
#14554 = CARTESIAN_POINT('',(-35.99671517934,-20.,-3.64145133918));
#14555 = CARTESIAN_POINT('',(-36.2340759405,-20.,-3.581402316124));
#14556 = CARTESIAN_POINT('',(-36.39231644793,-20.,-3.545076979384));
#14557 = CARTESIAN_POINT('',(-36.55055695537,-20.,-3.513037095475));
#14558 = CARTESIAN_POINT('',(-36.70879746281,-20.,-3.485747658796));
#14559 = CARTESIAN_POINT('',(-36.86703797025,-20.,-3.463567996956));
#14560 = CARTESIAN_POINT('',(-37.02527847768,-20.,-3.446759217122));
#14561 = CARTESIAN_POINT('',(-37.18351898512,-20.,-3.435491652369));
#14562 = CARTESIAN_POINT('',(-37.34175949256,-20.,-3.429852308027));
#14563 = CARTESIAN_POINT('',(-37.65824050743,-20.,-3.429852308027));
#14564 = CARTESIAN_POINT('',(-37.81648101487,-20.,-3.435491652369));
#14565 = CARTESIAN_POINT('',(-37.97472152231,-20.,-3.446759217122));
#14566 = CARTESIAN_POINT('',(-38.13296202975,-20.,-3.463567996956));
#14567 = CARTESIAN_POINT('',(-38.29120253718,-20.,-3.485747658796));
#14568 = CARTESIAN_POINT('',(-38.44944304462,-20.,-3.513037095475));
#14569 = CARTESIAN_POINT('',(-38.60768355206,-20.,-3.545076979384));
#14570 = CARTESIAN_POINT('',(-38.7659240595,-20.,-3.581402316124));
#14571 = CARTESIAN_POINT('',(-39.00328482065,-20.,-3.64145133918));
#14572 = CARTESIAN_POINT('',(-39.08240507437,-20.,-3.662395518432));
#14573 = CARTESIAN_POINT('',(-39.16152532809,-20.,-3.684184150065));
#14574 = CARTESIAN_POINT('',(-39.24064558181,-20.,-3.706733992712));
#14575 = CARTESIAN_POINT('',(-39.31976583553,-20.,-3.729952038121));
#14576 = CARTESIAN_POINT('',(-39.39888608924,-20.,-3.753725599795));
#14577 = CARTESIAN_POINT('',(-39.47800634296,-20.,-3.77791240162));
#14578 = CARTESIAN_POINT('',(-39.55712659668,-20.,-3.802330666503));
#14579 = CARTESIAN_POINT('',(-39.71536710412,-20.,-3.85116774351));
#14580 = CARTESIAN_POINT('',(-39.79448735784,-20.,-3.875634576973));
#14581 = CARTESIAN_POINT('',(-39.87360761156,-20.,-3.899485651105));
#14582 = CARTESIAN_POINT('',(-39.95272786528,-20.,-3.923984798245));
#14583 = CARTESIAN_POINT('',(-40.03184811899,-20.,-3.94492080681));
#14584 = CARTESIAN_POINT('',(-40.11096837271,-20.,-3.968021909569));
#14585 = CARTESIAN_POINT('',(-40.19008862643,-20.,-3.984052697087));
#14586 = CARTESIAN_POINT('',(-40.26920888015,-20.,-4.));
#14587 = CARTESIAN_POINT('',(-40.34832913387,-20.,-4.));
#14588 = ORIENTED_EDGE('',*,*,#14589,.F.);
#14589 = EDGE_CURVE('',#14590,#14535,#14592,.T.);
#14590 = VERTEX_POINT('',#14591);
#14591 = CARTESIAN_POINT('',(34.651670866126,-20.,-4.));
#14592 = LINE('',#14593,#14594);
#14593 = CARTESIAN_POINT('',(55.,-20.,-4.));
#14594 = VECTOR('',#14595,1.);
#14595 = DIRECTION('',(-1.,-0.,-0.));
#14596 = ORIENTED_EDGE('',*,*,#14597,.F.);
#14597 = EDGE_CURVE('',#14598,#14590,#14600,.T.);
#14598 = VERTEX_POINT('',#14599);
#14599 = CARTESIAN_POINT('',(40.348329133874,-20.,-4.));
#14600 = ( BOUNDED_CURVE() B_SPLINE_CURVE(9,(#14601,#14602,#14603,#14604
    ,#14605,#14606,#14607,#14608,#14609,#14610,#14611,#14612,#14613,
    #14614,#14615,#14616,#14617,#14618,#14619,#14620,#14621,#14622,
    #14623,#14624,#14625,#14626,#14627,#14628,#14629,#14630,#14631,
    #14632,#14633,#14634,#14635,#14636,#14637,#14638,#14639,#14640,
    #14641,#14642,#14643,#14644,#14645,#14646,#14647,#14648,#14649,
#14650),.UNSPECIFIED.,.F.,.F.) B_SPLINE_CURVE_WITH_KNOTS((10,8,8,8,8,8,
    10),(14.651670866126,15.363753149594,16.075835433063,17.5,
    18.924164566937,19.636246850406,20.348329133874),.UNSPECIFIED.) 
CURVE() GEOMETRIC_REPRESENTATION_ITEM() RATIONAL_B_SPLINE_CURVE((1.,1.,
    1.,1.,1.,1.,1.,1.,1.,1.,1.,1.,1.,1.,1.,1.,1.,1.,1.,1.,1.,1.,1.,1.,1.
    ,1.,1.,1.,1.,1.,1.,1.,1.,1.,1.,1.,1.,1.,1.,1.,1.,1.,1.,1.,1.,1.,1.,
1.,1.,1.)) REPRESENTATION_ITEM('') );
#14601 = CARTESIAN_POINT('',(40.348329133874,-20.,-4.));
#14602 = CARTESIAN_POINT('',(40.269208880155,-20.,-4.));
#14603 = CARTESIAN_POINT('',(40.190088626437,-20.,-3.984052697086));
#14604 = CARTESIAN_POINT('',(40.110968372718,-20.,-3.968021909571));
#14605 = CARTESIAN_POINT('',(40.031848118999,-20.,-3.944920806808));
#14606 = CARTESIAN_POINT('',(39.952727865281,-20.,-3.923984798245));
#14607 = CARTESIAN_POINT('',(39.873607611562,-20.,-3.899485651105));
#14608 = CARTESIAN_POINT('',(39.794487357843,-20.,-3.875634576973));
#14609 = CARTESIAN_POINT('',(39.715367104124,-20.,-3.85116774351));
#14610 = CARTESIAN_POINT('',(39.557126596687,-20.,-3.802330666503));
#14611 = CARTESIAN_POINT('',(39.478006342968,-20.,-3.77791240162));
#14612 = CARTESIAN_POINT('',(39.398886089249,-20.,-3.753725599795));
#14613 = CARTESIAN_POINT('',(39.319765835531,-20.,-3.729952038121));
#14614 = CARTESIAN_POINT('',(39.240645581812,-20.,-3.706733992712));
#14615 = CARTESIAN_POINT('',(39.161525328093,-20.,-3.684184150065));
#14616 = CARTESIAN_POINT('',(39.082405074375,-20.,-3.662395518432));
#14617 = CARTESIAN_POINT('',(39.003284820656,-20.,-3.64145133918));
#14618 = CARTESIAN_POINT('',(38.7659240595,-20.,-3.581402316124));
#14619 = CARTESIAN_POINT('',(38.607683552062,-20.,-3.545076979384));
#14620 = CARTESIAN_POINT('',(38.449443044625,-20.,-3.513037095475));
#14621 = CARTESIAN_POINT('',(38.291202537187,-20.,-3.485747658796));
#14622 = CARTESIAN_POINT('',(38.13296202975,-20.,-3.463567996956));
#14623 = CARTESIAN_POINT('',(37.974721522312,-20.,-3.446759217122));
#14624 = CARTESIAN_POINT('',(37.816481014875,-20.,-3.435491652369));
#14625 = CARTESIAN_POINT('',(37.658240507437,-20.,-3.429852308027));
#14626 = CARTESIAN_POINT('',(37.341759492563,-20.,-3.429852308027));
#14627 = CARTESIAN_POINT('',(37.183518985125,-20.,-3.435491652369));
#14628 = CARTESIAN_POINT('',(37.025278477688,-20.,-3.446759217122));
#14629 = CARTESIAN_POINT('',(36.86703797025,-20.,-3.463567996956));
#14630 = CARTESIAN_POINT('',(36.708797462813,-20.,-3.485747658796));
#14631 = CARTESIAN_POINT('',(36.550556955375,-20.,-3.513037095475));
#14632 = CARTESIAN_POINT('',(36.392316447938,-20.,-3.545076979384));
#14633 = CARTESIAN_POINT('',(36.2340759405,-20.,-3.581402316124));
#14634 = CARTESIAN_POINT('',(35.996715179344,-20.,-3.64145133918));
#14635 = CARTESIAN_POINT('',(35.917594925626,-20.,-3.662395518432));
#14636 = CARTESIAN_POINT('',(35.838474671907,-20.,-3.684184150065));
#14637 = CARTESIAN_POINT('',(35.759354418188,-20.,-3.706733992712));
#14638 = CARTESIAN_POINT('',(35.680234164469,-20.,-3.729952038121));
#14639 = CARTESIAN_POINT('',(35.601113910751,-20.,-3.753725599795));
#14640 = CARTESIAN_POINT('',(35.521993657032,-20.,-3.77791240162));
#14641 = CARTESIAN_POINT('',(35.442873403313,-20.,-3.802330666503));
#14642 = CARTESIAN_POINT('',(35.284632895876,-20.,-3.85116774351));
#14643 = CARTESIAN_POINT('',(35.205512642157,-20.,-3.875634576973));
#14644 = CARTESIAN_POINT('',(35.126392388438,-20.,-3.899485651105));
#14645 = CARTESIAN_POINT('',(35.047272134719,-20.,-3.923984798244));
#14646 = CARTESIAN_POINT('',(34.968151881001,-20.,-3.94492080681));
#14647 = CARTESIAN_POINT('',(34.889031627282,-20.,-3.968021909568));
#14648 = CARTESIAN_POINT('',(34.809911373563,-20.,-3.984052697087));
#14649 = CARTESIAN_POINT('',(34.730791119845,-20.,-4.));
#14650 = CARTESIAN_POINT('',(34.651670866126,-20.,-4.));
#14651 = ORIENTED_EDGE('',*,*,#14652,.F.);
#14652 = EDGE_CURVE('',#14398,#14598,#14653,.T.);
#14653 = LINE('',#14654,#14655);
#14654 = CARTESIAN_POINT('',(55.,-20.,-4.));
#14655 = VECTOR('',#14656,1.);
#14656 = DIRECTION('',(-1.,-0.,-0.));
#14657 = FACE_BOUND('',#14658,.T.);
#14658 = EDGE_LOOP('',(#14659,#14669,#14677,#14685));
#14659 = ORIENTED_EDGE('',*,*,#14660,.F.);
#14660 = EDGE_CURVE('',#14661,#14663,#14665,.T.);
#14661 = VERTEX_POINT('',#14662);
#14662 = CARTESIAN_POINT('',(-41.1802872707,-20.,-56.44736000291));
#14663 = VERTEX_POINT('',#14664);
#14664 = CARTESIAN_POINT('',(-41.1802872707,-20.,-51.44736000291));
#14665 = LINE('',#14666,#14667);
#14666 = CARTESIAN_POINT('',(-41.1802872707,-20.,-75.72368000145));
#14667 = VECTOR('',#14668,1.);
#14668 = DIRECTION('',(0.,0.,1.));
#14669 = ORIENTED_EDGE('',*,*,#14670,.F.);
#14670 = EDGE_CURVE('',#14671,#14661,#14673,.T.);
#14671 = VERTEX_POINT('',#14672);
#14672 = CARTESIAN_POINT('',(38.819712729295,-20.,-56.44736000291));
#14673 = LINE('',#14674,#14675);
#14674 = CARTESIAN_POINT('',(6.909856364647,-20.,-56.44736000291));
#14675 = VECTOR('',#14676,1.);
#14676 = DIRECTION('',(-1.,0.,0.));
#14677 = ORIENTED_EDGE('',*,*,#14678,.F.);
#14678 = EDGE_CURVE('',#14679,#14671,#14681,.T.);
#14679 = VERTEX_POINT('',#14680);
#14680 = CARTESIAN_POINT('',(38.819712729295,-20.,-51.44736000291));
#14681 = LINE('',#14682,#14683);
#14682 = CARTESIAN_POINT('',(38.819712729295,-20.,-78.22368000145));
#14683 = VECTOR('',#14684,1.);
#14684 = DIRECTION('',(0.,0.,-1.));
#14685 = ORIENTED_EDGE('',*,*,#14686,.F.);
#14686 = EDGE_CURVE('',#14663,#14679,#14687,.T.);
#14687 = LINE('',#14688,#14689);
#14688 = CARTESIAN_POINT('',(46.909856364647,-20.,-51.44736000291));
#14689 = VECTOR('',#14690,1.);
#14690 = DIRECTION('',(1.,0.,0.));
#14691 = FACE_BOUND('',#14692,.T.);
#14692 = EDGE_LOOP('',(#14693,#14703,#14711,#14719));
#14693 = ORIENTED_EDGE('',*,*,#14694,.F.);
#14694 = EDGE_CURVE('',#14695,#14697,#14699,.T.);
#14695 = VERTEX_POINT('',#14696);
#14696 = CARTESIAN_POINT('',(-41.180287,-20.,-92.399086));
#14697 = VERTEX_POINT('',#14698);
#14698 = CARTESIAN_POINT('',(-41.180287,-20.,-87.399086));
#14699 = LINE('',#14700,#14701);
#14700 = CARTESIAN_POINT('',(-41.180287,-20.,-93.699543));
#14701 = VECTOR('',#14702,1.);
#14702 = DIRECTION('',(0.,0.,1.));
#14703 = ORIENTED_EDGE('',*,*,#14704,.F.);
#14704 = EDGE_CURVE('',#14705,#14695,#14707,.T.);
#14705 = VERTEX_POINT('',#14706);
#14706 = CARTESIAN_POINT('',(38.819713,-20.,-92.399086));
#14707 = LINE('',#14708,#14709);
#14708 = CARTESIAN_POINT('',(6.9098565,-20.,-92.399086));
#14709 = VECTOR('',#14710,1.);
#14710 = DIRECTION('',(-1.,0.,0.));
#14711 = ORIENTED_EDGE('',*,*,#14712,.F.);
#14712 = EDGE_CURVE('',#14713,#14705,#14715,.T.);
#14713 = VERTEX_POINT('',#14714);
#14714 = CARTESIAN_POINT('',(38.819713,-20.,-87.399086));
#14715 = LINE('',#14716,#14717);
#14716 = CARTESIAN_POINT('',(38.819713,-20.,-96.199543));
#14717 = VECTOR('',#14718,1.);
#14718 = DIRECTION('',(0.,0.,-1.));
#14719 = ORIENTED_EDGE('',*,*,#14720,.F.);
#14720 = EDGE_CURVE('',#14697,#14713,#14721,.T.);
#14721 = LINE('',#14722,#14723);
#14722 = CARTESIAN_POINT('',(46.9098565,-20.,-87.399086));
#14723 = VECTOR('',#14724,1.);
#14724 = DIRECTION('',(1.,0.,0.));
#14725 = FACE_BOUND('',#14726,.T.);
#14726 = EDGE_LOOP('',(#14727,#14737,#14745,#14753));
#14727 = ORIENTED_EDGE('',*,*,#14728,.F.);
#14728 = EDGE_CURVE('',#14729,#14731,#14733,.T.);
#14729 = VERTEX_POINT('',#14730);
#14730 = CARTESIAN_POINT('',(-41.180287,-20.,-74.423223));
#14731 = VERTEX_POINT('',#14732);
#14732 = CARTESIAN_POINT('',(-41.180287,-20.,-69.423223));
#14733 = LINE('',#14734,#14735);
#14734 = CARTESIAN_POINT('',(-41.180287,-20.,-84.7116115));
#14735 = VECTOR('',#14736,1.);
#14736 = DIRECTION('',(0.,0.,1.));
#14737 = ORIENTED_EDGE('',*,*,#14738,.F.);
#14738 = EDGE_CURVE('',#14739,#14729,#14741,.T.);
#14739 = VERTEX_POINT('',#14740);
#14740 = CARTESIAN_POINT('',(38.819713,-20.,-74.423223));
#14741 = LINE('',#14742,#14743);
#14742 = CARTESIAN_POINT('',(6.9098565,-20.,-74.423223));
#14743 = VECTOR('',#14744,1.);
#14744 = DIRECTION('',(-1.,0.,0.));
#14745 = ORIENTED_EDGE('',*,*,#14746,.F.);
#14746 = EDGE_CURVE('',#14747,#14739,#14749,.T.);
#14747 = VERTEX_POINT('',#14748);
#14748 = CARTESIAN_POINT('',(38.819713,-20.,-69.423223));
#14749 = LINE('',#14750,#14751);
#14750 = CARTESIAN_POINT('',(38.819713,-20.,-87.2116115));
#14751 = VECTOR('',#14752,1.);
#14752 = DIRECTION('',(0.,0.,-1.));
#14753 = ORIENTED_EDGE('',*,*,#14754,.F.);
#14754 = EDGE_CURVE('',#14731,#14747,#14755,.T.);
#14755 = LINE('',#14756,#14757);
#14756 = CARTESIAN_POINT('',(46.9098565,-20.,-69.423223));
#14757 = VECTOR('',#14758,1.);
#14758 = DIRECTION('',(1.,0.,0.));
#14759 = FACE_BOUND('',#14760,.T.);
#14760 = EDGE_LOOP('',(#14761,#14771,#14779,#14787));
#14761 = ORIENTED_EDGE('',*,*,#14762,.F.);
#14762 = EDGE_CURVE('',#14763,#14765,#14767,.T.);
#14763 = VERTEX_POINT('',#14764);
#14764 = CARTESIAN_POINT('',(-41.180287,-20.,-42.650993));
#14765 = VERTEX_POINT('',#14766);
#14766 = CARTESIAN_POINT('',(-41.180287,-20.,-37.650993));
#14767 = LINE('',#14768,#14769);
#14768 = CARTESIAN_POINT('',(-41.180287,-20.,-68.8254965));
#14769 = VECTOR('',#14770,1.);
#14770 = DIRECTION('',(0.,0.,1.));
#14771 = ORIENTED_EDGE('',*,*,#14772,.F.);
#14772 = EDGE_CURVE('',#14773,#14763,#14775,.T.);
#14773 = VERTEX_POINT('',#14774);
#14774 = CARTESIAN_POINT('',(38.819713,-20.,-42.650993));
#14775 = LINE('',#14776,#14777);
#14776 = CARTESIAN_POINT('',(6.9098565,-20.,-42.650993));
#14777 = VECTOR('',#14778,1.);
#14778 = DIRECTION('',(-1.,0.,0.));
#14779 = ORIENTED_EDGE('',*,*,#14780,.F.);
#14780 = EDGE_CURVE('',#14781,#14773,#14783,.T.);
#14781 = VERTEX_POINT('',#14782);
#14782 = CARTESIAN_POINT('',(38.819713,-20.,-37.650993));
#14783 = LINE('',#14784,#14785);
#14784 = CARTESIAN_POINT('',(38.819713,-20.,-71.3254965));
#14785 = VECTOR('',#14786,1.);
#14786 = DIRECTION('',(0.,0.,-1.));
#14787 = ORIENTED_EDGE('',*,*,#14788,.F.);
#14788 = EDGE_CURVE('',#14765,#14781,#14789,.T.);
#14789 = LINE('',#14790,#14791);
#14790 = CARTESIAN_POINT('',(46.9098565,-20.,-37.650993));
#14791 = VECTOR('',#14792,1.);
#14792 = DIRECTION('',(1.,0.,0.));
#14793 = PLANE('',#14794);
#14794 = AXIS2_PLACEMENT_3D('',#14795,#14796,#14797);
#14795 = CARTESIAN_POINT('',(55.,-20.,-100.));
#14796 = DIRECTION('',(0.,1.,0.));
#14797 = DIRECTION('',(0.,0.,1.));
#14798 = ADVANCED_FACE('',(#14799,#14856,#14867,#14878,#14889,#14900,
    #14911,#14922,#14933),#14944,.T.);
#14799 = FACE_BOUND('',#14800,.T.);
#14800 = EDGE_LOOP('',(#14801,#14811,#14817,#14818,#14826,#14834,#14842,
    #14850));
#14801 = ORIENTED_EDGE('',*,*,#14802,.T.);
#14802 = EDGE_CURVE('',#14803,#14805,#14807,.T.);
#14803 = VERTEX_POINT('',#14804);
#14804 = CARTESIAN_POINT('',(-55.,40.,5.));
#14805 = VERTEX_POINT('',#14806);
#14806 = CARTESIAN_POINT('',(-55.,-28.,5.));
#14807 = LINE('',#14808,#14809);
#14808 = CARTESIAN_POINT('',(-55.,40.,5.));
#14809 = VECTOR('',#14810,1.);
#14810 = DIRECTION('',(0.,-1.,0.));
#14811 = ORIENTED_EDGE('',*,*,#14812,.T.);
#14812 = EDGE_CURVE('',#14805,#14431,#14813,.T.);
#14813 = LINE('',#14814,#14815);
#14814 = CARTESIAN_POINT('',(-55.,-28.,5.));
#14815 = VECTOR('',#14816,1.);
#14816 = DIRECTION('',(1.,0.,0.));
#14817 = ORIENTED_EDGE('',*,*,#14430,.T.);
#14818 = ORIENTED_EDGE('',*,*,#14819,.T.);
#14819 = EDGE_CURVE('',#14423,#14820,#14822,.T.);
#14820 = VERTEX_POINT('',#14821);
#14821 = CARTESIAN_POINT('',(17.5,40.,5.));
#14822 = LINE('',#14823,#14824);
#14823 = CARTESIAN_POINT('',(55.,40.,5.));
#14824 = VECTOR('',#14825,1.);
#14825 = DIRECTION('',(-1.,0.,0.));
#14826 = ORIENTED_EDGE('',*,*,#14827,.T.);
#14827 = EDGE_CURVE('',#14820,#14828,#14830,.T.);
#14828 = VERTEX_POINT('',#14829);
#14829 = CARTESIAN_POINT('',(17.5,-9.659887,5.));
#14830 = LINE('',#14831,#14832);
#14831 = CARTESIAN_POINT('',(17.5,40.,5.));
#14832 = VECTOR('',#14833,1.);
#14833 = DIRECTION('',(0.,-1.,0.));
#14834 = ORIENTED_EDGE('',*,*,#14835,.T.);
#14835 = EDGE_CURVE('',#14828,#14836,#14838,.T.);
#14836 = VERTEX_POINT('',#14837);
#14837 = CARTESIAN_POINT('',(-17.5,-9.659887,5.));
#14838 = LINE('',#14839,#14840);
#14839 = CARTESIAN_POINT('',(17.5,-9.659887,5.));
#14840 = VECTOR('',#14841,1.);
#14841 = DIRECTION('',(-1.,1.E-16,0.));
#14842 = ORIENTED_EDGE('',*,*,#14843,.T.);
#14843 = EDGE_CURVE('',#14836,#14844,#14846,.T.);
#14844 = VERTEX_POINT('',#14845);
#14845 = CARTESIAN_POINT('',(-17.5,40.,5.));
#14846 = LINE('',#14847,#14848);
#14847 = CARTESIAN_POINT('',(-17.5,-9.659887,5.));
#14848 = VECTOR('',#14849,1.);
#14849 = DIRECTION('',(0.,1.,0.));
#14850 = ORIENTED_EDGE('',*,*,#14851,.T.);
#14851 = EDGE_CURVE('',#14844,#14803,#14852,.T.);
#14852 = LINE('',#14853,#14854);
#14853 = CARTESIAN_POINT('',(-17.5,40.,5.));
#14854 = VECTOR('',#14855,1.);
#14855 = DIRECTION('',(-1.,0.,0.));
#14856 = FACE_BOUND('',#14857,.F.);
#14857 = EDGE_LOOP('',(#14858));
#14858 = ORIENTED_EDGE('',*,*,#14859,.T.);
#14859 = EDGE_CURVE('',#14860,#14860,#14862,.T.);
#14860 = VERTEX_POINT('',#14861);
#14861 = CARTESIAN_POINT('',(-35.25,0.,5.));
#14862 = CIRCLE('',#14863,2.25);
#14863 = AXIS2_PLACEMENT_3D('',#14864,#14865,#14866);
#14864 = CARTESIAN_POINT('',(-37.5,0.,5.));
#14865 = DIRECTION('',(0.,0.,1.));
#14866 = DIRECTION('',(1.,0.,0.));
#14867 = FACE_BOUND('',#14868,.F.);
#14868 = EDGE_LOOP('',(#14869));
#14869 = ORIENTED_EDGE('',*,*,#14870,.T.);
#14870 = EDGE_CURVE('',#14871,#14871,#14873,.T.);
#14871 = VERTEX_POINT('',#14872);
#14872 = CARTESIAN_POINT('',(39.75,0.,5.));
#14873 = CIRCLE('',#14874,2.25);
#14874 = AXIS2_PLACEMENT_3D('',#14875,#14876,#14877);
#14875 = CARTESIAN_POINT('',(37.5,0.,5.));
#14876 = DIRECTION('',(0.,0.,1.));
#14877 = DIRECTION('',(1.,0.,0.));
#14878 = FACE_BOUND('',#14879,.F.);
#14879 = EDGE_LOOP('',(#14880));
#14880 = ORIENTED_EDGE('',*,*,#14881,.T.);
#14881 = EDGE_CURVE('',#14882,#14882,#14884,.T.);
#14882 = VERTEX_POINT('',#14883);
#14883 = CARTESIAN_POINT('',(-35.25,14.09116,5.));
#14884 = CIRCLE('',#14885,2.25);
#14885 = AXIS2_PLACEMENT_3D('',#14886,#14887,#14888);
#14886 = CARTESIAN_POINT('',(-37.5,14.09116,5.));
#14887 = DIRECTION('',(0.,0.,1.));
#14888 = DIRECTION('',(1.,0.,0.));
#14889 = FACE_BOUND('',#14890,.F.);
#14890 = EDGE_LOOP('',(#14891));
#14891 = ORIENTED_EDGE('',*,*,#14892,.T.);
#14892 = EDGE_CURVE('',#14893,#14893,#14895,.T.);
#14893 = VERTEX_POINT('',#14894);
#14894 = CARTESIAN_POINT('',(39.75,14.09116,5.));
#14895 = CIRCLE('',#14896,2.25);
#14896 = AXIS2_PLACEMENT_3D('',#14897,#14898,#14899);
#14897 = CARTESIAN_POINT('',(37.5,14.09116,5.));
#14898 = DIRECTION('',(0.,0.,1.));
#14899 = DIRECTION('',(1.,0.,0.));
#14900 = FACE_BOUND('',#14901,.F.);
#14901 = EDGE_LOOP('',(#14902));
#14902 = ORIENTED_EDGE('',*,*,#14903,.T.);
#14903 = EDGE_CURVE('',#14904,#14904,#14906,.T.);
#14904 = VERTEX_POINT('',#14905);
#14905 = CARTESIAN_POINT('',(-35.25,-15.058182,5.));
#14906 = CIRCLE('',#14907,2.25);
#14907 = AXIS2_PLACEMENT_3D('',#14908,#14909,#14910);
#14908 = CARTESIAN_POINT('',(-37.5,-15.058182,5.));
#14909 = DIRECTION('',(0.,0.,1.));
#14910 = DIRECTION('',(1.,0.,0.));
#14911 = FACE_BOUND('',#14912,.F.);
#14912 = EDGE_LOOP('',(#14913));
#14913 = ORIENTED_EDGE('',*,*,#14914,.T.);
#14914 = EDGE_CURVE('',#14915,#14915,#14917,.T.);
#14915 = VERTEX_POINT('',#14916);
#14916 = CARTESIAN_POINT('',(39.75,-15.058182,5.));
#14917 = CIRCLE('',#14918,2.25);
#14918 = AXIS2_PLACEMENT_3D('',#14919,#14920,#14921);
#14919 = CARTESIAN_POINT('',(37.5,-15.058182,5.));
#14920 = DIRECTION('',(0.,0.,1.));
#14921 = DIRECTION('',(1.,0.,0.));
#14922 = FACE_BOUND('',#14923,.F.);
#14923 = EDGE_LOOP('',(#14924));
#14924 = ORIENTED_EDGE('',*,*,#14925,.T.);
#14925 = EDGE_CURVE('',#14926,#14926,#14928,.T.);
#14926 = VERTEX_POINT('',#14927);
#14927 = CARTESIAN_POINT('',(-35.25,28.008329,5.));
#14928 = CIRCLE('',#14929,2.25);
#14929 = AXIS2_PLACEMENT_3D('',#14930,#14931,#14932);
#14930 = CARTESIAN_POINT('',(-37.5,28.008329,5.));
#14931 = DIRECTION('',(0.,0.,1.));
#14932 = DIRECTION('',(1.,0.,0.));
#14933 = FACE_BOUND('',#14934,.F.);
#14934 = EDGE_LOOP('',(#14935));
#14935 = ORIENTED_EDGE('',*,*,#14936,.T.);
#14936 = EDGE_CURVE('',#14937,#14937,#14939,.T.);
#14937 = VERTEX_POINT('',#14938);
#14938 = CARTESIAN_POINT('',(39.75,28.008329,5.));
#14939 = CIRCLE('',#14940,2.25);
#14940 = AXIS2_PLACEMENT_3D('',#14941,#14942,#14943);
#14941 = CARTESIAN_POINT('',(37.5,28.008329,5.));
#14942 = DIRECTION('',(0.,0.,1.));
#14943 = DIRECTION('',(1.,0.,0.));
#14944 = PLANE('',#14945);
#14945 = AXIS2_PLACEMENT_3D('',#14946,#14947,#14948);
#14946 = CARTESIAN_POINT('',(-5.E-17,3.980983748794,5.));
#14947 = DIRECTION('',(0.,0.,1.));
#14948 = DIRECTION('',(1.,0.,0.));
#14949 = ADVANCED_FACE('',(#14950),#14969,.F.);
#14950 = FACE_BOUND('',#14951,.T.);
#14951 = EDGE_LOOP('',(#14952,#14953,#14954,#14963));
#14952 = ORIENTED_EDGE('',*,*,#14405,.T.);
#14953 = ORIENTED_EDGE('',*,*,#14652,.T.);
#14954 = ORIENTED_EDGE('',*,*,#14955,.F.);
#14955 = EDGE_CURVE('',#14956,#14598,#14958,.T.);
#14956 = VERTEX_POINT('',#14957);
#14957 = CARTESIAN_POINT('',(40.348329133874,-16.,1.E-15));
#14958 = CIRCLE('',#14959,4.);
#14959 = AXIS2_PLACEMENT_3D('',#14960,#14961,#14962);
#14960 = CARTESIAN_POINT('',(40.348329133874,-16.,-4.));
#14961 = DIRECTION('',(1.,0.,-0.));
#14962 = DIRECTION('',(0.,0.,1.));
#14963 = ORIENTED_EDGE('',*,*,#14964,.F.);
#14964 = EDGE_CURVE('',#14406,#14956,#14965,.T.);
#14965 = LINE('',#14966,#14967);
#14966 = CARTESIAN_POINT('',(55.,-16.,8.9E-16));
#14967 = VECTOR('',#14968,1.);
#14968 = DIRECTION('',(-1.,-0.,-0.));
#14969 = CYLINDRICAL_SURFACE('',#14970,4.);
#14970 = AXIS2_PLACEMENT_3D('',#14971,#14972,#14973);
#14971 = CARTESIAN_POINT('',(55.,-16.,-4.));
#14972 = DIRECTION('',(-1.,-0.,-0.));
#14973 = DIRECTION('',(0.,0.,1.));
#14974 = ADVANCED_FACE('',(#14975),#14993,.F.);
#14975 = FACE_BOUND('',#14976,.F.);
#14976 = EDGE_LOOP('',(#14977,#14978,#14979,#14987));
#14977 = ORIENTED_EDGE('',*,*,#14422,.T.);
#14978 = ORIENTED_EDGE('',*,*,#14819,.T.);
#14979 = ORIENTED_EDGE('',*,*,#14980,.F.);
#14980 = EDGE_CURVE('',#14981,#14820,#14983,.T.);
#14981 = VERTEX_POINT('',#14982);
#14982 = CARTESIAN_POINT('',(17.5,40.,0.));
#14983 = LINE('',#14984,#14985);
#14984 = CARTESIAN_POINT('',(17.5,40.,0.));
#14985 = VECTOR('',#14986,1.);
#14986 = DIRECTION('',(0.,0.,1.));
#14987 = ORIENTED_EDGE('',*,*,#14988,.F.);
#14988 = EDGE_CURVE('',#14415,#14981,#14989,.T.);
#14989 = LINE('',#14990,#14991);
#14990 = CARTESIAN_POINT('',(55.,40.,0.));
#14991 = VECTOR('',#14992,1.);
#14992 = DIRECTION('',(-1.,0.,0.));
#14993 = PLANE('',#14994);
#14994 = AXIS2_PLACEMENT_3D('',#14995,#14996,#14997);
#14995 = CARTESIAN_POINT('',(55.,40.,0.));
#14996 = DIRECTION('',(0.,-1.,0.));
#14997 = DIRECTION('',(-1.,0.,0.));
#14998 = ADVANCED_FACE('',(#14999,#15094,#15105,#15116,#15127,#15138,
    #15149),#15160,.F.);
#14999 = FACE_BOUND('',#15000,.F.);
#15000 = EDGE_LOOP('',(#15001,#15002,#15003,#15011,#15019,#15027,#15035,
    #15043,#15051,#15060,#15069,#15077,#15086,#15093));
#15001 = ORIENTED_EDGE('',*,*,#14414,.T.);
#15002 = ORIENTED_EDGE('',*,*,#14988,.T.);
#15003 = ORIENTED_EDGE('',*,*,#15004,.T.);
#15004 = EDGE_CURVE('',#14981,#15005,#15007,.T.);
#15005 = VERTEX_POINT('',#15006);
#15006 = CARTESIAN_POINT('',(17.5,-9.659887,0.));
#15007 = LINE('',#15008,#15009);
#15008 = CARTESIAN_POINT('',(17.5,40.,0.));
#15009 = VECTOR('',#15010,1.);
#15010 = DIRECTION('',(0.,-1.,0.));
#15011 = ORIENTED_EDGE('',*,*,#15012,.T.);
#15012 = EDGE_CURVE('',#15005,#15013,#15015,.T.);
#15013 = VERTEX_POINT('',#15014);
#15014 = CARTESIAN_POINT('',(-17.5,-9.659887,0.));
#15015 = LINE('',#15016,#15017);
#15016 = CARTESIAN_POINT('',(17.5,-9.659887,0.));
#15017 = VECTOR('',#15018,1.);
#15018 = DIRECTION('',(-1.,1.E-16,0.));
#15019 = ORIENTED_EDGE('',*,*,#15020,.T.);
#15020 = EDGE_CURVE('',#15013,#15021,#15023,.T.);
#15021 = VERTEX_POINT('',#15022);
#15022 = CARTESIAN_POINT('',(-17.5,40.,0.));
#15023 = LINE('',#15024,#15025);
#15024 = CARTESIAN_POINT('',(-17.5,-9.659887,0.));
#15025 = VECTOR('',#15026,1.);
#15026 = DIRECTION('',(0.,1.,0.));
#15027 = ORIENTED_EDGE('',*,*,#15028,.T.);
#15028 = EDGE_CURVE('',#15021,#15029,#15031,.T.);
#15029 = VERTEX_POINT('',#15030);
#15030 = CARTESIAN_POINT('',(-55.,40.,0.));
#15031 = LINE('',#15032,#15033);
#15032 = CARTESIAN_POINT('',(-17.5,40.,0.));
#15033 = VECTOR('',#15034,1.);
#15034 = DIRECTION('',(-1.,0.,0.));
#15035 = ORIENTED_EDGE('',*,*,#15036,.T.);
#15036 = EDGE_CURVE('',#15029,#15037,#15039,.T.);
#15037 = VERTEX_POINT('',#15038);
#15038 = CARTESIAN_POINT('',(-55.,-16.,1.E-15));
#15039 = LINE('',#15040,#15041);
#15040 = CARTESIAN_POINT('',(-55.,40.,0.));
#15041 = VECTOR('',#15042,1.);
#15042 = DIRECTION('',(0.,-1.,0.));
#15043 = ORIENTED_EDGE('',*,*,#15044,.F.);
#15044 = EDGE_CURVE('',#15045,#15037,#15047,.T.);
#15045 = VERTEX_POINT('',#15046);
#15046 = CARTESIAN_POINT('',(-40.34832913387,-16.,0.));
#15047 = LINE('',#15048,#15049);
#15048 = CARTESIAN_POINT('',(55.,-16.,8.9E-16));
#15049 = VECTOR('',#15050,1.);
#15050 = DIRECTION('',(-1.,-0.,-0.));
#15051 = ORIENTED_EDGE('',*,*,#15052,.F.);
#15052 = EDGE_CURVE('',#15053,#15045,#15055,.T.);
#15053 = VERTEX_POINT('',#15054);
#15054 = CARTESIAN_POINT('',(-34.5,-15.058182,0.));
#15055 = CIRCLE('',#15056,3.);
#15056 = AXIS2_PLACEMENT_3D('',#15057,#15058,#15059);
#15057 = CARTESIAN_POINT('',(-37.5,-15.058182,0.));
#15058 = DIRECTION('',(0.,0.,1.));
#15059 = DIRECTION('',(1.,0.,0.));
#15060 = ORIENTED_EDGE('',*,*,#15061,.F.);
#15061 = EDGE_CURVE('',#15062,#15053,#15064,.T.);
#15062 = VERTEX_POINT('',#15063);
#15063 = CARTESIAN_POINT('',(-34.65167086612,-16.,1.E-15));
#15064 = CIRCLE('',#15065,3.);
#15065 = AXIS2_PLACEMENT_3D('',#15066,#15067,#15068);
#15066 = CARTESIAN_POINT('',(-37.5,-15.058182,0.));
#15067 = DIRECTION('',(0.,0.,1.));
#15068 = DIRECTION('',(1.,0.,0.));
#15069 = ORIENTED_EDGE('',*,*,#15070,.F.);
#15070 = EDGE_CURVE('',#15071,#15062,#15073,.T.);
#15071 = VERTEX_POINT('',#15072);
#15072 = CARTESIAN_POINT('',(34.651670866126,-16.,0.));
#15073 = LINE('',#15074,#15075);
#15074 = CARTESIAN_POINT('',(55.,-16.,8.9E-16));
#15075 = VECTOR('',#15076,1.);
#15076 = DIRECTION('',(-1.,-0.,-0.));
#15077 = ORIENTED_EDGE('',*,*,#15078,.F.);
#15078 = EDGE_CURVE('',#15079,#15071,#15081,.T.);
#15079 = VERTEX_POINT('',#15080);
#15080 = CARTESIAN_POINT('',(40.5,-15.058182,0.));
#15081 = CIRCLE('',#15082,3.);
#15082 = AXIS2_PLACEMENT_3D('',#15083,#15084,#15085);
#15083 = CARTESIAN_POINT('',(37.5,-15.058182,0.));
#15084 = DIRECTION('',(0.,0.,1.));
#15085 = DIRECTION('',(1.,0.,0.));
#15086 = ORIENTED_EDGE('',*,*,#15087,.F.);
#15087 = EDGE_CURVE('',#14956,#15079,#15088,.T.);
#15088 = CIRCLE('',#15089,3.);
#15089 = AXIS2_PLACEMENT_3D('',#15090,#15091,#15092);
#15090 = CARTESIAN_POINT('',(37.5,-15.058182,0.));
#15091 = DIRECTION('',(0.,0.,1.));
#15092 = DIRECTION('',(1.,0.,0.));
#15093 = ORIENTED_EDGE('',*,*,#14964,.F.);
#15094 = FACE_BOUND('',#15095,.F.);
#15095 = EDGE_LOOP('',(#15096));
#15096 = ORIENTED_EDGE('',*,*,#15097,.F.);
#15097 = EDGE_CURVE('',#15098,#15098,#15100,.T.);
#15098 = VERTEX_POINT('',#15099);
#15099 = CARTESIAN_POINT('',(-34.5,0.,0.));
#15100 = CIRCLE('',#15101,3.);
#15101 = AXIS2_PLACEMENT_3D('',#15102,#15103,#15104);
#15102 = CARTESIAN_POINT('',(-37.5,0.,0.));
#15103 = DIRECTION('',(0.,0.,1.));
#15104 = DIRECTION('',(1.,0.,0.));
#15105 = FACE_BOUND('',#15106,.F.);
#15106 = EDGE_LOOP('',(#15107));
#15107 = ORIENTED_EDGE('',*,*,#15108,.F.);
#15108 = EDGE_CURVE('',#15109,#15109,#15111,.T.);
#15109 = VERTEX_POINT('',#15110);
#15110 = CARTESIAN_POINT('',(40.5,0.,0.));
#15111 = CIRCLE('',#15112,3.);
#15112 = AXIS2_PLACEMENT_3D('',#15113,#15114,#15115);
#15113 = CARTESIAN_POINT('',(37.5,0.,0.));
#15114 = DIRECTION('',(0.,0.,1.));
#15115 = DIRECTION('',(1.,0.,0.));
#15116 = FACE_BOUND('',#15117,.F.);
#15117 = EDGE_LOOP('',(#15118));
#15118 = ORIENTED_EDGE('',*,*,#15119,.F.);
#15119 = EDGE_CURVE('',#15120,#15120,#15122,.T.);
#15120 = VERTEX_POINT('',#15121);
#15121 = CARTESIAN_POINT('',(-34.5,14.09116,0.));
#15122 = CIRCLE('',#15123,3.);
#15123 = AXIS2_PLACEMENT_3D('',#15124,#15125,#15126);
#15124 = CARTESIAN_POINT('',(-37.5,14.09116,0.));
#15125 = DIRECTION('',(0.,0.,1.));
#15126 = DIRECTION('',(1.,0.,0.));
#15127 = FACE_BOUND('',#15128,.F.);
#15128 = EDGE_LOOP('',(#15129));
#15129 = ORIENTED_EDGE('',*,*,#15130,.F.);
#15130 = EDGE_CURVE('',#15131,#15131,#15133,.T.);
#15131 = VERTEX_POINT('',#15132);
#15132 = CARTESIAN_POINT('',(-34.5,28.008329,0.));
#15133 = CIRCLE('',#15134,3.);
#15134 = AXIS2_PLACEMENT_3D('',#15135,#15136,#15137);
#15135 = CARTESIAN_POINT('',(-37.5,28.008329,0.));
#15136 = DIRECTION('',(0.,0.,1.));
#15137 = DIRECTION('',(1.,0.,0.));
#15138 = FACE_BOUND('',#15139,.F.);
#15139 = EDGE_LOOP('',(#15140));
#15140 = ORIENTED_EDGE('',*,*,#15141,.F.);
#15141 = EDGE_CURVE('',#15142,#15142,#15144,.T.);
#15142 = VERTEX_POINT('',#15143);
#15143 = CARTESIAN_POINT('',(40.5,14.09116,0.));
#15144 = CIRCLE('',#15145,3.);
#15145 = AXIS2_PLACEMENT_3D('',#15146,#15147,#15148);
#15146 = CARTESIAN_POINT('',(37.5,14.09116,0.));
#15147 = DIRECTION('',(0.,0.,1.));
#15148 = DIRECTION('',(1.,0.,0.));
#15149 = FACE_BOUND('',#15150,.F.);
#15150 = EDGE_LOOP('',(#15151));
#15151 = ORIENTED_EDGE('',*,*,#15152,.F.);
#15152 = EDGE_CURVE('',#15153,#15153,#15155,.T.);
#15153 = VERTEX_POINT('',#15154);
#15154 = CARTESIAN_POINT('',(40.5,28.008329,0.));
#15155 = CIRCLE('',#15156,3.);
#15156 = AXIS2_PLACEMENT_3D('',#15157,#15158,#15159);
#15157 = CARTESIAN_POINT('',(37.5,28.008329,0.));
#15158 = DIRECTION('',(0.,0.,1.));
#15159 = DIRECTION('',(1.,0.,0.));
#15160 = PLANE('',#15161);
#15161 = AXIS2_PLACEMENT_3D('',#15162,#15163,#15164);
#15162 = CARTESIAN_POINT('',(-5.E-17,3.980983748794,0.));
#15163 = DIRECTION('',(0.,0.,1.));
#15164 = DIRECTION('',(1.,0.,0.));
#15165 = ADVANCED_FACE('',(#15166),#15185,.T.);
#15166 = FACE_BOUND('',#15167,.T.);
#15167 = EDGE_LOOP('',(#15168,#15169,#15177,#15184));
#15168 = ORIENTED_EDGE('',*,*,#14500,.T.);
#15169 = ORIENTED_EDGE('',*,*,#15170,.T.);
#15170 = EDGE_CURVE('',#14493,#15171,#15173,.T.);
#15171 = VERTEX_POINT('',#15172);
#15172 = CARTESIAN_POINT('',(-53.,-30.,-98.));
#15173 = LINE('',#15174,#15175);
#15174 = CARTESIAN_POINT('',(55.,-30.,-98.));
#15175 = VECTOR('',#15176,1.);
#15176 = DIRECTION('',(-1.,-0.,-0.));
#15177 = ORIENTED_EDGE('',*,*,#15178,.F.);
#15178 = EDGE_CURVE('',#14454,#15171,#15179,.T.);
#15179 = ELLIPSE('',#15180,2.828427124746,2.);
#15180 = AXIS2_PLACEMENT_3D('',#15181,#15182,#15183);
#15181 = CARTESIAN_POINT('',(-53.,-28.,-98.));
#15182 = DIRECTION('',(-0.707106781187,-0.,0.707106781187));
#15183 = DIRECTION('',(-0.707106781187,0.,-0.707106781187));
#15184 = ORIENTED_EDGE('',*,*,#14453,.F.);
#15185 = CYLINDRICAL_SURFACE('',#15186,2.);
#15186 = AXIS2_PLACEMENT_3D('',#15187,#15188,#15189);
#15187 = CARTESIAN_POINT('',(55.,-28.,-98.));
#15188 = DIRECTION('',(-1.,-0.,-0.));
#15189 = DIRECTION('',(0.,0.,-1.));
#15190 = ADVANCED_FACE('',(#15191),#15216,.T.);
#15191 = FACE_BOUND('',#15192,.T.);
#15192 = EDGE_LOOP('',(#15193,#15194,#15200,#15201,#15208,#15209,#15210)
  );
#15193 = ORIENTED_EDGE('',*,*,#14802,.F.);
#15194 = ORIENTED_EDGE('',*,*,#15195,.F.);
#15195 = EDGE_CURVE('',#15029,#14803,#15196,.T.);
#15196 = LINE('',#15197,#15198);
#15197 = CARTESIAN_POINT('',(-55.,40.,0.));
#15198 = VECTOR('',#15199,1.);
#15199 = DIRECTION('',(0.,0.,1.));
#15200 = ORIENTED_EDGE('',*,*,#15036,.T.);
#15201 = ORIENTED_EDGE('',*,*,#15202,.T.);
#15202 = EDGE_CURVE('',#15037,#14519,#15203,.T.);
#15203 = CIRCLE('',#15204,4.);
#15204 = AXIS2_PLACEMENT_3D('',#15205,#15206,#15207);
#15205 = CARTESIAN_POINT('',(-55.,-16.,-4.));
#15206 = DIRECTION('',(1.,-0.,0.));
#15207 = DIRECTION('',(0.,0.,-1.));
#15208 = ORIENTED_EDGE('',*,*,#14518,.F.);
#15209 = ORIENTED_EDGE('',*,*,#14461,.F.);
#15210 = ORIENTED_EDGE('',*,*,#15211,.F.);
#15211 = EDGE_CURVE('',#14805,#14454,#15212,.T.);
#15212 = LINE('',#15213,#15214);
#15213 = CARTESIAN_POINT('',(-55.,-28.,5.));
#15214 = VECTOR('',#15215,1.);
#15215 = DIRECTION('',(0.,0.,-1.));
#15216 = PLANE('',#15217);
#15217 = AXIS2_PLACEMENT_3D('',#15218,#15219,#15220);
#15218 = CARTESIAN_POINT('',(-55.,-12.14285714285,-30.35714285714));
#15219 = DIRECTION('',(-1.,-0.,-0.));
#15220 = DIRECTION('',(0.,0.,-1.));
#15221 = ADVANCED_FACE('',(#15222),#15241,.T.);
#15222 = FACE_BOUND('',#15223,.F.);
#15223 = EDGE_LOOP('',(#15224,#15233,#15234,#15235));
#15224 = ORIENTED_EDGE('',*,*,#15225,.F.);
#15225 = EDGE_CURVE('',#14805,#15226,#15228,.T.);
#15226 = VERTEX_POINT('',#15227);
#15227 = CARTESIAN_POINT('',(-53.,-30.,3.));
#15228 = ELLIPSE('',#15229,2.828427124746,2.);
#15229 = AXIS2_PLACEMENT_3D('',#15230,#15231,#15232);
#15230 = CARTESIAN_POINT('',(-53.,-28.,3.));
#15231 = DIRECTION('',(0.707106781187,-0.,0.707106781187));
#15232 = DIRECTION('',(0.707106781187,0.,-0.707106781187));
#15233 = ORIENTED_EDGE('',*,*,#14812,.T.);
#15234 = ORIENTED_EDGE('',*,*,#14483,.F.);
#15235 = ORIENTED_EDGE('',*,*,#15236,.F.);
#15236 = EDGE_CURVE('',#15226,#14484,#15237,.T.);
#15237 = LINE('',#15238,#15239);
#15238 = CARTESIAN_POINT('',(-55.,-30.,3.));
#15239 = VECTOR('',#15240,1.);
#15240 = DIRECTION('',(1.,0.,0.));
#15241 = CYLINDRICAL_SURFACE('',#15242,2.);
#15242 = AXIS2_PLACEMENT_3D('',#15243,#15244,#15245);
#15243 = CARTESIAN_POINT('',(-55.,-28.,3.));
#15244 = DIRECTION('',(1.,0.,0.));
#15245 = DIRECTION('',(0.,-1.,0.));
#15246 = ADVANCED_FACE('',(#15247,#15258,#15292,#15326,#15360),#15394,
  .T.);
#15247 = FACE_BOUND('',#15248,.T.);
#15248 = EDGE_LOOP('',(#15249,#15255,#15256,#15257));
#15249 = ORIENTED_EDGE('',*,*,#15250,.T.);
#15250 = EDGE_CURVE('',#15226,#15171,#15251,.T.);
#15251 = LINE('',#15252,#15253);
#15252 = CARTESIAN_POINT('',(-53.,-30.,5.));
#15253 = VECTOR('',#15254,1.);
#15254 = DIRECTION('',(0.,0.,-1.));
#15255 = ORIENTED_EDGE('',*,*,#15170,.F.);
#15256 = ORIENTED_EDGE('',*,*,#14492,.F.);
#15257 = ORIENTED_EDGE('',*,*,#15236,.F.);
#15258 = FACE_BOUND('',#15259,.T.);
#15259 = EDGE_LOOP('',(#15260,#15270,#15278,#15286));
#15260 = ORIENTED_EDGE('',*,*,#15261,.F.);
#15261 = EDGE_CURVE('',#15262,#15264,#15266,.T.);
#15262 = VERTEX_POINT('',#15263);
#15263 = CARTESIAN_POINT('',(-43.1802872707,-30.,-49.44736000291));
#15264 = VERTEX_POINT('',#15265);
#15265 = CARTESIAN_POINT('',(-43.1802872707,-30.,-58.44736000291));
#15266 = LINE('',#15267,#15268);
#15267 = CARTESIAN_POINT('',(-43.1802872707,-30.,-51.44736000291));
#15268 = VECTOR('',#15269,1.);
#15269 = DIRECTION('',(0.,-2.2E-16,-1.));
#15270 = ORIENTED_EDGE('',*,*,#15271,.F.);
#15271 = EDGE_CURVE('',#15272,#15262,#15274,.T.);
#15272 = VERTEX_POINT('',#15273);
#15273 = CARTESIAN_POINT('',(40.819712729295,-30.,-49.44736000291));
#15274 = LINE('',#15275,#15276);
#15275 = CARTESIAN_POINT('',(38.819712729295,-30.,-49.44736000291));
#15276 = VECTOR('',#15277,1.);
#15277 = DIRECTION('',(-1.,0.,0.));
#15278 = ORIENTED_EDGE('',*,*,#15279,.F.);
#15279 = EDGE_CURVE('',#15280,#15272,#15282,.T.);
#15280 = VERTEX_POINT('',#15281);
#15281 = CARTESIAN_POINT('',(40.819712729295,-30.,-58.44736000291));
#15282 = LINE('',#15283,#15284);
#15283 = CARTESIAN_POINT('',(40.819712729295,-30.,-56.44736000291));
#15284 = VECTOR('',#15285,1.);
#15285 = DIRECTION('',(0.,2.2E-16,1.));
#15286 = ORIENTED_EDGE('',*,*,#15287,.F.);
#15287 = EDGE_CURVE('',#15264,#15280,#15288,.T.);
#15288 = LINE('',#15289,#15290);
#15289 = CARTESIAN_POINT('',(-41.1802872707,-30.,-58.44736000291));
#15290 = VECTOR('',#15291,1.);
#15291 = DIRECTION('',(1.,0.,0.));
#15292 = FACE_BOUND('',#15293,.T.);
#15293 = EDGE_LOOP('',(#15294,#15304,#15312,#15320));
#15294 = ORIENTED_EDGE('',*,*,#15295,.F.);
#15295 = EDGE_CURVE('',#15296,#15298,#15300,.T.);
#15296 = VERTEX_POINT('',#15297);
#15297 = CARTESIAN_POINT('',(-43.180287,-30.,-35.650993));
#15298 = VERTEX_POINT('',#15299);
#15299 = CARTESIAN_POINT('',(-43.180287,-30.,-44.650993));
#15300 = LINE('',#15301,#15302);
#15301 = CARTESIAN_POINT('',(-43.180287,-30.,-37.650993));
#15302 = VECTOR('',#15303,1.);
#15303 = DIRECTION('',(0.,-2.2E-16,-1.));
#15304 = ORIENTED_EDGE('',*,*,#15305,.F.);
#15305 = EDGE_CURVE('',#15306,#15296,#15308,.T.);
#15306 = VERTEX_POINT('',#15307);
#15307 = CARTESIAN_POINT('',(40.819713,-30.,-35.650993));
#15308 = LINE('',#15309,#15310);
#15309 = CARTESIAN_POINT('',(38.819713,-30.,-35.650993));
#15310 = VECTOR('',#15311,1.);
#15311 = DIRECTION('',(-1.,0.,0.));
#15312 = ORIENTED_EDGE('',*,*,#15313,.F.);
#15313 = EDGE_CURVE('',#15314,#15306,#15316,.T.);
#15314 = VERTEX_POINT('',#15315);
#15315 = CARTESIAN_POINT('',(40.819713,-30.,-44.650993));
#15316 = LINE('',#15317,#15318);
#15317 = CARTESIAN_POINT('',(40.819713,-30.,-42.650993));
#15318 = VECTOR('',#15319,1.);
#15319 = DIRECTION('',(0.,2.2E-16,1.));
#15320 = ORIENTED_EDGE('',*,*,#15321,.F.);
#15321 = EDGE_CURVE('',#15298,#15314,#15322,.T.);
#15322 = LINE('',#15323,#15324);
#15323 = CARTESIAN_POINT('',(-41.180287,-30.,-44.650993));
#15324 = VECTOR('',#15325,1.);
#15325 = DIRECTION('',(1.,0.,0.));
#15326 = FACE_BOUND('',#15327,.T.);
#15327 = EDGE_LOOP('',(#15328,#15338,#15346,#15354));
#15328 = ORIENTED_EDGE('',*,*,#15329,.F.);
#15329 = EDGE_CURVE('',#15330,#15332,#15334,.T.);
#15330 = VERTEX_POINT('',#15331);
#15331 = CARTESIAN_POINT('',(-43.180287,-30.,-67.423223));
#15332 = VERTEX_POINT('',#15333);
#15333 = CARTESIAN_POINT('',(-43.180287,-30.,-76.423223));
#15334 = LINE('',#15335,#15336);
#15335 = CARTESIAN_POINT('',(-43.180287,-30.,-69.423223));
#15336 = VECTOR('',#15337,1.);
#15337 = DIRECTION('',(0.,-2.2E-16,-1.));
#15338 = ORIENTED_EDGE('',*,*,#15339,.F.);
#15339 = EDGE_CURVE('',#15340,#15330,#15342,.T.);
#15340 = VERTEX_POINT('',#15341);
#15341 = CARTESIAN_POINT('',(40.819713,-30.,-67.423223));
#15342 = LINE('',#15343,#15344);
#15343 = CARTESIAN_POINT('',(38.819713,-30.,-67.423223));
#15344 = VECTOR('',#15345,1.);
#15345 = DIRECTION('',(-1.,0.,0.));
#15346 = ORIENTED_EDGE('',*,*,#15347,.F.);
#15347 = EDGE_CURVE('',#15348,#15340,#15350,.T.);
#15348 = VERTEX_POINT('',#15349);
#15349 = CARTESIAN_POINT('',(40.819713,-30.,-76.423223));
#15350 = LINE('',#15351,#15352);
#15351 = CARTESIAN_POINT('',(40.819713,-30.,-74.423223));
#15352 = VECTOR('',#15353,1.);
#15353 = DIRECTION('',(0.,2.2E-16,1.));
#15354 = ORIENTED_EDGE('',*,*,#15355,.F.);
#15355 = EDGE_CURVE('',#15332,#15348,#15356,.T.);
#15356 = LINE('',#15357,#15358);
#15357 = CARTESIAN_POINT('',(-41.180287,-30.,-76.423223));
#15358 = VECTOR('',#15359,1.);
#15359 = DIRECTION('',(1.,0.,0.));
#15360 = FACE_BOUND('',#15361,.T.);
#15361 = EDGE_LOOP('',(#15362,#15372,#15380,#15388));
#15362 = ORIENTED_EDGE('',*,*,#15363,.F.);
#15363 = EDGE_CURVE('',#15364,#15366,#15368,.T.);
#15364 = VERTEX_POINT('',#15365);
#15365 = CARTESIAN_POINT('',(-43.180287,-30.,-85.399086));
#15366 = VERTEX_POINT('',#15367);
#15367 = CARTESIAN_POINT('',(-43.180287,-30.,-94.399086));
#15368 = LINE('',#15369,#15370);
#15369 = CARTESIAN_POINT('',(-43.180287,-30.,-87.399086));
#15370 = VECTOR('',#15371,1.);
#15371 = DIRECTION('',(0.,-2.2E-16,-1.));
#15372 = ORIENTED_EDGE('',*,*,#15373,.F.);
#15373 = EDGE_CURVE('',#15374,#15364,#15376,.T.);
#15374 = VERTEX_POINT('',#15375);
#15375 = CARTESIAN_POINT('',(40.819713,-30.,-85.399086));
#15376 = LINE('',#15377,#15378);
#15377 = CARTESIAN_POINT('',(38.819713,-30.,-85.399086));
#15378 = VECTOR('',#15379,1.);
#15379 = DIRECTION('',(-1.,0.,0.));
#15380 = ORIENTED_EDGE('',*,*,#15381,.F.);
#15381 = EDGE_CURVE('',#15382,#15374,#15384,.T.);
#15382 = VERTEX_POINT('',#15383);
#15383 = CARTESIAN_POINT('',(40.819713,-30.,-94.399086));
#15384 = LINE('',#15385,#15386);
#15385 = CARTESIAN_POINT('',(40.819713,-30.,-92.399086));
#15386 = VECTOR('',#15387,1.);
#15387 = DIRECTION('',(0.,2.2E-16,1.));
#15388 = ORIENTED_EDGE('',*,*,#15389,.F.);
#15389 = EDGE_CURVE('',#15366,#15382,#15390,.T.);
#15390 = LINE('',#15391,#15392);
#15391 = CARTESIAN_POINT('',(-41.180287,-30.,-94.399086));
#15392 = VECTOR('',#15393,1.);
#15393 = DIRECTION('',(1.,0.,0.));
#15394 = PLANE('',#15395);
#15395 = AXIS2_PLACEMENT_3D('',#15396,#15397,#15398);
#15396 = CARTESIAN_POINT('',(0.,-30.,-47.5));
#15397 = DIRECTION('',(-0.,-1.,-0.));
#15398 = DIRECTION('',(0.,0.,-1.));
#15399 = ADVANCED_FACE('',(#15400),#15463,.F.);
#15400 = FACE_BOUND('',#15401,.F.);
#15401 = EDGE_LOOP('',(#15402,#15403,#15456,#15462));
#15402 = ORIENTED_EDGE('',*,*,#14955,.F.);
#15403 = ORIENTED_EDGE('',*,*,#15404,.T.);
#15404 = EDGE_CURVE('',#14956,#15071,#15405,.T.);
#15405 = ( BOUNDED_CURVE() B_SPLINE_CURVE(9,(#15406,#15407,#15408,#15409
    ,#15410,#15411,#15412,#15413,#15414,#15415,#15416,#15417,#15418,
    #15419,#15420,#15421,#15422,#15423,#15424,#15425,#15426,#15427,
    #15428,#15429,#15430,#15431,#15432,#15433,#15434,#15435,#15436,
    #15437,#15438,#15439,#15440,#15441,#15442,#15443,#15444,#15445,
    #15446,#15447,#15448,#15449,#15450,#15451,#15452,#15453,#15454,
#15455),.UNSPECIFIED.,.F.,.F.) B_SPLINE_CURVE_WITH_KNOTS((10,8,8,8,8,8,
    10),(14.651670866126,15.363753149594,16.075835433063,17.5,
    18.924164566937,19.636246850406,20.348329133874),.UNSPECIFIED.) 
CURVE() GEOMETRIC_REPRESENTATION_ITEM() RATIONAL_B_SPLINE_CURVE((1.,1.,
    1.,1.,1.,1.,1.,1.,1.,1.,1.,1.,1.,1.,1.,1.,1.,1.,1.,1.,1.,1.,1.,1.,1.
    ,1.,1.,1.,1.,1.,1.,1.,1.,1.,1.,1.,1.,1.,1.,1.,1.,1.,1.,1.,1.,1.,1.,
1.,1.,1.)) REPRESENTATION_ITEM('') );
#15406 = CARTESIAN_POINT('',(40.348329133874,-16.,0.));
#15407 = CARTESIAN_POINT('',(40.269208880155,-16.23928245557,0.));
#15408 = CARTESIAN_POINT('',(40.190088626436,-16.403346923,0.));
#15409 = CARTESIAN_POINT('',(40.110968372719,-16.55968237081,0.));
#15410 = CARTESIAN_POINT('',(40.031848118998,-16.6793165574,0.));
#15411 = CARTESIAN_POINT('',(39.952727865282,-16.80115390975,0.));
#15412 = CARTESIAN_POINT('',(39.873607611561,-16.90129494571,0.));
#15413 = CARTESIAN_POINT('',(39.794487357843,-16.99741620173,0.));
#15414 = CARTESIAN_POINT('',(39.715367104124,-17.08422443987,0.));
#15415 = CARTESIAN_POINT('',(39.557126596687,-17.24471568128,0.));
#15416 = CARTESIAN_POINT('',(39.478006342968,-17.31819874164,0.));
#15417 = CARTESIAN_POINT('',(39.398886089249,-17.38585401896,0.));
#15418 = CARTESIAN_POINT('',(39.31976583553,-17.44838608612,0.));
#15419 = CARTESIAN_POINT('',(39.240645581812,-17.50631570959,0.));
#15420 = CARTESIAN_POINT('',(39.161525328093,-17.5600262476,0.));
#15421 = CARTESIAN_POINT('',(39.082405074375,-17.60981004816,0.));
#15422 = CARTESIAN_POINT('',(39.003284820656,-17.6559148472,0.));
#15423 = CARTESIAN_POINT('',(38.7659240595,-17.78394080541,0.));
#15424 = CARTESIAN_POINT('',(38.607683552062,-17.85556431746,0.));
#15425 = CARTESIAN_POINT('',(38.449443044625,-17.91503915544,0.));
#15426 = CARTESIAN_POINT('',(38.291202537187,-17.96348889749,0.));
#15427 = CARTESIAN_POINT('',(38.13296202975,-18.00166428543,0.));
#15428 = CARTESIAN_POINT('',(37.974721522312,-18.03002526296,0.));
#15429 = CARTESIAN_POINT('',(37.816481014875,-18.04882301381,0.));
#15430 = CARTESIAN_POINT('',(37.658240507437,-18.058182,0.));
#15431 = CARTESIAN_POINT('',(37.341759492563,-18.058182,0.));
#15432 = CARTESIAN_POINT('',(37.183518985125,-18.04882301381,0.));
#15433 = CARTESIAN_POINT('',(37.025278477688,-18.03002526296,0.));
#15434 = CARTESIAN_POINT('',(36.86703797025,-18.00166428543,0.));
#15435 = CARTESIAN_POINT('',(36.708797462813,-17.96348889749,0.));
#15436 = CARTESIAN_POINT('',(36.550556955375,-17.91503915544,0.));
#15437 = CARTESIAN_POINT('',(36.392316447938,-17.85556431746,0.));
#15438 = CARTESIAN_POINT('',(36.2340759405,-17.78394080541,0.));
#15439 = CARTESIAN_POINT('',(35.996715179344,-17.6559148472,0.));
#15440 = CARTESIAN_POINT('',(35.917594925626,-17.60981004816,0.));
#15441 = CARTESIAN_POINT('',(35.838474671907,-17.5600262476,0.));
#15442 = CARTESIAN_POINT('',(35.759354418188,-17.50631570959,0.));
#15443 = CARTESIAN_POINT('',(35.680234164469,-17.44838608612,0.));
#15444 = CARTESIAN_POINT('',(35.601113910751,-17.38585401896,0.));
#15445 = CARTESIAN_POINT('',(35.521993657032,-17.31819874164,0.));
#15446 = CARTESIAN_POINT('',(35.442873403313,-17.24471568128,0.));
#15447 = CARTESIAN_POINT('',(35.284632895876,-17.08422443987,0.));
#15448 = CARTESIAN_POINT('',(35.205512642158,-16.99741620173,0.));
#15449 = CARTESIAN_POINT('',(35.126392388438,-16.90129494571,0.));
#15450 = CARTESIAN_POINT('',(35.047272134718,-16.80115390975,0.));
#15451 = CARTESIAN_POINT('',(34.968151881005,-16.6793165574,0.));
#15452 = CARTESIAN_POINT('',(34.889031627279,-16.5596823708,0.));
#15453 = CARTESIAN_POINT('',(34.809911373565,-16.403346923,0.));
#15454 = CARTESIAN_POINT('',(34.730791119845,-16.23928245557,0.));
#15455 = CARTESIAN_POINT('',(34.651670866126,-16.,0.));
#15456 = ORIENTED_EDGE('',*,*,#15457,.T.);
#15457 = EDGE_CURVE('',#15071,#14590,#15458,.T.);
#15458 = ( BOUNDED_CURVE() B_SPLINE_CURVE(2,(#15459,#15460,#15461),
.UNSPECIFIED.,.F.,.F.) B_SPLINE_CURVE_WITH_KNOTS((3,3),(0.,
5.696658267748),.PIECEWISE_BEZIER_KNOTS.) CURVE() 
GEOMETRIC_REPRESENTATION_ITEM() RATIONAL_B_SPLINE_CURVE((1.,
0.707106781187,1.)) REPRESENTATION_ITEM('') );
#15459 = CARTESIAN_POINT('',(34.651670866126,-16.,0.));
#15460 = CARTESIAN_POINT('',(34.651670866126,-20.,3.11E-15));
#15461 = CARTESIAN_POINT('',(34.651670866126,-20.,-4.));
#15462 = ORIENTED_EDGE('',*,*,#14597,.F.);
#15463 = ( BOUNDED_SURFACE() B_SPLINE_SURFACE(2,9,(
    (#15464,#15465,#15466,#15467,#15468,#15469,#15470,#15471,#15472
      ,#15473,#15474,#15475,#15476,#15477,#15478,#15479,#15480,#15481
      ,#15482,#15483,#15484,#15485,#15486,#15487,#15488,#15489,#15490
      ,#15491,#15492,#15493,#15494,#15495,#15496,#15497,#15498,#15499
      ,#15500,#15501,#15502,#15503,#15504,#15505,#15506,#15507,#15508
      ,#15509,#15510,#15511,#15512,#15513)
    ,(#15514,#15515,#15516,#15517,#15518,#15519,#15520,#15521,#15522
      ,#15523,#15524,#15525,#15526,#15527,#15528,#15529,#15530,#15531
      ,#15532,#15533,#15534,#15535,#15536,#15537,#15538,#15539,#15540
      ,#15541,#15542,#15543,#15544,#15545,#15546,#15547,#15548,#15549
      ,#15550,#15551,#15552,#15553,#15554,#15555,#15556,#15557,#15558
      ,#15559,#15560,#15561,#15562,#15563)
    ,(#15564,#15565,#15566,#15567,#15568,#15569,#15570,#15571,#15572
      ,#15573,#15574,#15575,#15576,#15577,#15578,#15579,#15580,#15581
      ,#15582,#15583,#15584,#15585,#15586,#15587,#15588,#15589,#15590
      ,#15591,#15592,#15593,#15594,#15595,#15596,#15597,#15598,#15599
      ,#15600,#15601,#15602,#15603,#15604,#15605,#15606,#15607,#15608
      ,#15609,#15610,#15611,#15612,#15613
)),.UNSPECIFIED.,.F.,.F.,.F.) B_SPLINE_SURFACE_WITH_KNOTS((3,3),(10,8,8,
    8,8,8,10),(0.,5.696658267748),(14.651670866126,15.363753149594,
    16.075835433063,17.5,18.924164566937,19.636246850406,20.348329133874
),.UNSPECIFIED.) GEOMETRIC_REPRESENTATION_ITEM() 
RATIONAL_B_SPLINE_SURFACE((
    (1.,1.,1.,1.,1.,1.,1.,1.,1.,1.,1.,1.,1.,1.,1.,1.,1.,1.,1.,1.,1.,1.
      ,1.,1.,1.,1.,1.,1.,1.,1.,1.,1.,1.,1.,1.,1.,1.,1.,1.,1.,1.,1.,1.,1.
      ,1.,1.,1.,1.,1.,1.)
    ,(0.707106781187,0.728256562056,0.742054242209,0.755236907444
      ,0.764874433953,0.774862576542,0.782788894753,0.790422396304
      ,0.797224572683,0.809708851666,0.815370804524,0.820541461733
      ,0.825287473281,0.829657764266,0.833688051001,0.837405357114
      ,0.840832529655,0.850313206283,0.855564867865,0.859892589145
      ,0.863398882613,0.866151708949,0.868192261926,0.86954275331
      ,0.87021419777,0.87021419777,0.86954275331,0.868192261926
      ,0.866151708949,0.863398882613,0.859892589145,0.855564867865
      ,0.850313206283,0.840832529655,0.837405357114,0.833688051001
      ,0.829657764266,0.825287473281,0.820541461733,0.815370804524
      ,0.809708851666,0.797224572683,0.790422396304,0.782788894753
      ,0.774862576542,0.764874433954,0.755236907443,0.742054242209
      ,0.728256562056,0.707106781187)
    ,(1.,1.,1.,1.,1.,1.,1.,1.,1.,1.,1.,1.,1.,1.,1.,1.,1.,1.,1.,1.,1.,1.
      ,1.,1.,1.,1.,1.,1.,1.,1.,1.,1.,1.,1.,1.,1.,1.,1.,1.,1.,1.,1.,1.,1.
,1.,1.,1.,1.,1.,1.))) REPRESENTATION_ITEM('') SURFACE() );
#15464 = CARTESIAN_POINT('',(40.348329133874,-20.,-4.));
#15465 = CARTESIAN_POINT('',(40.269208880155,-20.,-4.));
#15466 = CARTESIAN_POINT('',(40.190088626437,-20.,-3.984052697086));
#15467 = CARTESIAN_POINT('',(40.110968372718,-20.,-3.968021909571));
#15468 = CARTESIAN_POINT('',(40.031848118999,-20.,-3.944920806808));
#15469 = CARTESIAN_POINT('',(39.952727865281,-20.,-3.923984798245));
#15470 = CARTESIAN_POINT('',(39.873607611562,-20.,-3.899485651105));
#15471 = CARTESIAN_POINT('',(39.794487357843,-20.,-3.875634576973));
#15472 = CARTESIAN_POINT('',(39.715367104124,-20.,-3.85116774351));
#15473 = CARTESIAN_POINT('',(39.557126596687,-20.,-3.802330666503));
#15474 = CARTESIAN_POINT('',(39.478006342968,-20.,-3.77791240162));
#15475 = CARTESIAN_POINT('',(39.398886089249,-20.,-3.753725599795));
#15476 = CARTESIAN_POINT('',(39.319765835531,-20.,-3.729952038121));
#15477 = CARTESIAN_POINT('',(39.240645581812,-20.,-3.706733992712));
#15478 = CARTESIAN_POINT('',(39.161525328093,-20.,-3.684184150065));
#15479 = CARTESIAN_POINT('',(39.082405074375,-20.,-3.662395518432));
#15480 = CARTESIAN_POINT('',(39.003284820656,-20.,-3.64145133918));
#15481 = CARTESIAN_POINT('',(38.7659240595,-20.,-3.581402316124));
#15482 = CARTESIAN_POINT('',(38.607683552062,-20.,-3.545076979384));
#15483 = CARTESIAN_POINT('',(38.449443044625,-20.,-3.513037095475));
#15484 = CARTESIAN_POINT('',(38.291202537187,-20.,-3.485747658796));
#15485 = CARTESIAN_POINT('',(38.13296202975,-20.,-3.463567996956));
#15486 = CARTESIAN_POINT('',(37.974721522312,-20.,-3.446759217122));
#15487 = CARTESIAN_POINT('',(37.816481014875,-20.,-3.435491652369));
#15488 = CARTESIAN_POINT('',(37.658240507437,-20.,-3.429852308027));
#15489 = CARTESIAN_POINT('',(37.341759492563,-20.,-3.429852308027));
#15490 = CARTESIAN_POINT('',(37.183518985125,-20.,-3.435491652369));
#15491 = CARTESIAN_POINT('',(37.025278477688,-20.,-3.446759217122));
#15492 = CARTESIAN_POINT('',(36.86703797025,-20.,-3.463567996956));
#15493 = CARTESIAN_POINT('',(36.708797462813,-20.,-3.485747658796));
#15494 = CARTESIAN_POINT('',(36.550556955375,-20.,-3.513037095475));
#15495 = CARTESIAN_POINT('',(36.392316447938,-20.,-3.545076979384));
#15496 = CARTESIAN_POINT('',(36.2340759405,-20.,-3.581402316124));
#15497 = CARTESIAN_POINT('',(35.996715179344,-20.,-3.64145133918));
#15498 = CARTESIAN_POINT('',(35.917594925626,-20.,-3.662395518432));
#15499 = CARTESIAN_POINT('',(35.838474671907,-20.,-3.684184150065));
#15500 = CARTESIAN_POINT('',(35.759354418188,-20.,-3.706733992712));
#15501 = CARTESIAN_POINT('',(35.680234164469,-20.,-3.729952038121));
#15502 = CARTESIAN_POINT('',(35.601113910751,-20.,-3.753725599795));
#15503 = CARTESIAN_POINT('',(35.521993657032,-20.,-3.77791240162));
#15504 = CARTESIAN_POINT('',(35.442873403313,-20.,-3.802330666503));
#15505 = CARTESIAN_POINT('',(35.284632895876,-20.,-3.85116774351));
#15506 = CARTESIAN_POINT('',(35.205512642157,-20.,-3.875634576973));
#15507 = CARTESIAN_POINT('',(35.126392388438,-20.,-3.899485651105));
#15508 = CARTESIAN_POINT('',(35.047272134719,-20.,-3.923984798244));
#15509 = CARTESIAN_POINT('',(34.968151881001,-20.,-3.94492080681));
#15510 = CARTESIAN_POINT('',(34.889031627282,-20.,-3.968021909568));
#15511 = CARTESIAN_POINT('',(34.809911373563,-20.,-3.984052697087));
#15512 = CARTESIAN_POINT('',(34.730791119845,-20.,-4.));
#15513 = CARTESIAN_POINT('',(34.651670866126,-20.,-4.));
#15514 = CARTESIAN_POINT('',(40.348329133874,-20.,3.55E-15));
#15515 = CARTESIAN_POINT('',(40.271506663815,-20.,-0.232333295398));
#15516 = CARTESIAN_POINT('',(40.192485870824,-20.,-0.369142421084));
#15517 = CARTESIAN_POINT('',(40.113999875078,-20.,-0.493297400667));
#15518 = CARTESIAN_POINT('',(40.034111447826,-20.,-0.575518824282));
#15519 = CARTESIAN_POINT('',(39.955156731673,-20.,-0.65880692317));
#15520 = CARTESIAN_POINT('',(39.875261071394,-20.,-0.719050781578));
#15521 = CARTESIAN_POINT('',(39.79571903988,-20.,-0.775081455268));
#15522 = CARTESIAN_POINT('',(39.715986602917,-20.,-0.821979700663));
#15523 = CARTESIAN_POINT('',(39.557736543903,-20.,-0.903079348349));
#15524 = CARTESIAN_POINT('',(39.478956769961,-20.,-0.93739845704));
#15525 = CARTESIAN_POINT('',(39.399979017252,-20.,-0.966932884584));
#15526 = CARTESIAN_POINT('',(39.320858951272,-20.,-0.992535116761));
#15527 = CARTESIAN_POINT('',(39.241636448628,-20.,-1.014843268024));
#15528 = CARTESIAN_POINT('',(39.162337960015,-20.,-1.034337979402));
#15529 = CARTESIAN_POINT('',(39.082981204104,-20.,-1.051394193434));
#15530 = CARTESIAN_POINT('',(39.003582190034,-20.,-1.066329256329));
#15531 = CARTESIAN_POINT('',(38.767100274781,-20.,-1.105394056198));
#15532 = CARTESIAN_POINT('',(38.60934379829,-20.,-1.124323332343));
#15533 = CARTESIAN_POINT('',(38.451130566666,-20.,-1.138127314688));
#15534 = CARTESIAN_POINT('',(38.29264434887,-20.,-1.14817423196));
#15535 = CARTESIAN_POINT('',(38.134020802776,-20.,-1.155412126119));
#15536 = CARTESIAN_POINT('',(37.975358245207,-20.,-1.160457233066));
#15537 = CARTESIAN_POINT('',(37.816735979683,-20.,-1.163673143808));
#15538 = CARTESIAN_POINT('',(37.658240507437,-20.,-1.165244009348));
#15539 = CARTESIAN_POINT('',(37.341759492563,-20.,-1.165244009348));
#15540 = CARTESIAN_POINT('',(37.183264020317,-20.,-1.163673143808));
#15541 = CARTESIAN_POINT('',(37.024641754793,-20.,-1.160457233066));
#15542 = CARTESIAN_POINT('',(36.865979197224,-20.,-1.155412126119));
#15543 = CARTESIAN_POINT('',(36.70735565113,-20.,-1.14817423196));
#15544 = CARTESIAN_POINT('',(36.548869433334,-20.,-1.138127314688));
#15545 = CARTESIAN_POINT('',(36.39065620171,-20.,-1.124323332343));
#15546 = CARTESIAN_POINT('',(36.232899725219,-20.,-1.105394056198));
#15547 = CARTESIAN_POINT('',(35.996417809966,-20.,-1.066329256329));
#15548 = CARTESIAN_POINT('',(35.917018795895,-20.,-1.051394193434));
#15549 = CARTESIAN_POINT('',(35.837662039986,-20.,-1.034337979402));
#15550 = CARTESIAN_POINT('',(35.758363551371,-20.,-1.014843268024));
#15551 = CARTESIAN_POINT('',(35.679141048728,-20.,-0.992535116762));
#15552 = CARTESIAN_POINT('',(35.600020982747,-20.,-0.966932884584));
#15553 = CARTESIAN_POINT('',(35.52104323004,-20.,-0.93739845704));
#15554 = CARTESIAN_POINT('',(35.442263456097,-20.,-0.903079348349));
#15555 = CARTESIAN_POINT('',(35.284013397083,-20.,-0.821979700663));
#15556 = CARTESIAN_POINT('',(35.204280960121,-20.,-0.775081455268));
#15557 = CARTESIAN_POINT('',(35.124738928605,-20.,-0.719050781579));
#15558 = CARTESIAN_POINT('',(35.044843268327,-20.,-0.658806923167));
#15559 = CARTESIAN_POINT('',(34.965888552176,-20.,-0.575518824289));
#15560 = CARTESIAN_POINT('',(34.88600012492,-20.,-0.493297400661));
#15561 = CARTESIAN_POINT('',(34.807514129177,-20.,-0.369142421086));
#15562 = CARTESIAN_POINT('',(34.728493336185,-20.,-0.232333295398));
#15563 = CARTESIAN_POINT('',(34.651670866126,-20.,3.11E-15));
#15564 = CARTESIAN_POINT('',(40.348329133874,-16.,0.));
#15565 = CARTESIAN_POINT('',(40.269208880155,-16.23928245557,0.));
#15566 = CARTESIAN_POINT('',(40.190088626436,-16.403346923,0.));
#15567 = CARTESIAN_POINT('',(40.110968372719,-16.55968237081,0.));
#15568 = CARTESIAN_POINT('',(40.031848118998,-16.6793165574,0.));
#15569 = CARTESIAN_POINT('',(39.952727865282,-16.80115390975,0.));
#15570 = CARTESIAN_POINT('',(39.873607611561,-16.90129494571,0.));
#15571 = CARTESIAN_POINT('',(39.794487357843,-16.99741620173,0.));
#15572 = CARTESIAN_POINT('',(39.715367104124,-17.08422443987,0.));
#15573 = CARTESIAN_POINT('',(39.557126596687,-17.24471568128,0.));
#15574 = CARTESIAN_POINT('',(39.478006342968,-17.31819874164,0.));
#15575 = CARTESIAN_POINT('',(39.398886089249,-17.38585401896,0.));
#15576 = CARTESIAN_POINT('',(39.31976583553,-17.44838608612,0.));
#15577 = CARTESIAN_POINT('',(39.240645581812,-17.50631570959,0.));
#15578 = CARTESIAN_POINT('',(39.161525328093,-17.5600262476,0.));
#15579 = CARTESIAN_POINT('',(39.082405074375,-17.60981004816,0.));
#15580 = CARTESIAN_POINT('',(39.003284820656,-17.6559148472,0.));
#15581 = CARTESIAN_POINT('',(38.7659240595,-17.78394080541,0.));
#15582 = CARTESIAN_POINT('',(38.607683552062,-17.85556431746,0.));
#15583 = CARTESIAN_POINT('',(38.449443044625,-17.91503915544,0.));
#15584 = CARTESIAN_POINT('',(38.291202537187,-17.96348889749,0.));
#15585 = CARTESIAN_POINT('',(38.13296202975,-18.00166428543,0.));
#15586 = CARTESIAN_POINT('',(37.974721522312,-18.03002526296,0.));
#15587 = CARTESIAN_POINT('',(37.816481014875,-18.04882301381,0.));
#15588 = CARTESIAN_POINT('',(37.658240507437,-18.058182,0.));
#15589 = CARTESIAN_POINT('',(37.341759492563,-18.058182,0.));
#15590 = CARTESIAN_POINT('',(37.183518985125,-18.04882301381,0.));
#15591 = CARTESIAN_POINT('',(37.025278477688,-18.03002526296,0.));
#15592 = CARTESIAN_POINT('',(36.86703797025,-18.00166428543,0.));
#15593 = CARTESIAN_POINT('',(36.708797462813,-17.96348889749,0.));
#15594 = CARTESIAN_POINT('',(36.550556955375,-17.91503915544,0.));
#15595 = CARTESIAN_POINT('',(36.392316447938,-17.85556431746,0.));
#15596 = CARTESIAN_POINT('',(36.2340759405,-17.78394080541,0.));
#15597 = CARTESIAN_POINT('',(35.996715179344,-17.6559148472,0.));
#15598 = CARTESIAN_POINT('',(35.917594925626,-17.60981004816,0.));
#15599 = CARTESIAN_POINT('',(35.838474671907,-17.5600262476,0.));
#15600 = CARTESIAN_POINT('',(35.759354418188,-17.50631570959,0.));
#15601 = CARTESIAN_POINT('',(35.680234164469,-17.44838608612,0.));
#15602 = CARTESIAN_POINT('',(35.601113910751,-17.38585401896,0.));
#15603 = CARTESIAN_POINT('',(35.521993657032,-17.31819874164,0.));
#15604 = CARTESIAN_POINT('',(35.442873403313,-17.24471568128,0.));
#15605 = CARTESIAN_POINT('',(35.284632895876,-17.08422443987,0.));
#15606 = CARTESIAN_POINT('',(35.205512642158,-16.99741620173,0.));
#15607 = CARTESIAN_POINT('',(35.126392388438,-16.90129494571,0.));
#15608 = CARTESIAN_POINT('',(35.047272134718,-16.80115390975,0.));
#15609 = CARTESIAN_POINT('',(34.968151881005,-16.6793165574,0.));
#15610 = CARTESIAN_POINT('',(34.889031627279,-16.5596823708,0.));
#15611 = CARTESIAN_POINT('',(34.809911373565,-16.403346923,0.));
#15612 = CARTESIAN_POINT('',(34.730791119845,-16.23928245557,0.));
#15613 = CARTESIAN_POINT('',(34.651670866126,-16.,0.));
#15614 = ADVANCED_FACE('',(#15615),#15627,.F.);
#15615 = FACE_BOUND('',#15616,.T.);
#15616 = EDGE_LOOP('',(#15617,#15618,#15619,#15626));
#15617 = ORIENTED_EDGE('',*,*,#15457,.T.);
#15618 = ORIENTED_EDGE('',*,*,#14589,.T.);
#15619 = ORIENTED_EDGE('',*,*,#15620,.F.);
#15620 = EDGE_CURVE('',#15062,#14535,#15621,.T.);
#15621 = CIRCLE('',#15622,4.);
#15622 = AXIS2_PLACEMENT_3D('',#15623,#15624,#15625);
#15623 = CARTESIAN_POINT('',(-34.65167086612,-16.,-4.));
#15624 = DIRECTION('',(1.,0.,-0.));
#15625 = DIRECTION('',(0.,0.,1.));
#15626 = ORIENTED_EDGE('',*,*,#15070,.F.);
#15627 = CYLINDRICAL_SURFACE('',#15628,4.);
#15628 = AXIS2_PLACEMENT_3D('',#15629,#15630,#15631);
#15629 = CARTESIAN_POINT('',(55.,-16.,-4.));
#15630 = DIRECTION('',(-1.,-0.,-0.));
#15631 = DIRECTION('',(0.,0.,1.));
#15632 = ADVANCED_FACE('',(#15633),#15644,.F.);
#15633 = FACE_BOUND('',#15634,.T.);
#15634 = EDGE_LOOP('',(#15635,#15641,#15642,#15643));
#15635 = ORIENTED_EDGE('',*,*,#15636,.T.);
#15636 = EDGE_CURVE('',#15045,#14527,#15637,.T.);
#15637 = ( BOUNDED_CURVE() B_SPLINE_CURVE(2,(#15638,#15639,#15640),
.UNSPECIFIED.,.F.,.F.) B_SPLINE_CURVE_WITH_KNOTS((3,3),(0.,
5.696658267748),.PIECEWISE_BEZIER_KNOTS.) CURVE() 
GEOMETRIC_REPRESENTATION_ITEM() RATIONAL_B_SPLINE_CURVE((1.,
0.707106781187,1.)) REPRESENTATION_ITEM('') );
#15638 = CARTESIAN_POINT('',(-40.34832913387,-16.,0.));
#15639 = CARTESIAN_POINT('',(-40.34832913387,-20.,3.55E-15));
#15640 = CARTESIAN_POINT('',(-40.34832913387,-20.,-4.));
#15641 = ORIENTED_EDGE('',*,*,#14526,.T.);
#15642 = ORIENTED_EDGE('',*,*,#15202,.F.);
#15643 = ORIENTED_EDGE('',*,*,#15044,.F.);
#15644 = CYLINDRICAL_SURFACE('',#15645,4.);
#15645 = AXIS2_PLACEMENT_3D('',#15646,#15647,#15648);
#15646 = CARTESIAN_POINT('',(55.,-16.,-4.));
#15647 = DIRECTION('',(-1.,-0.,-0.));
#15648 = DIRECTION('',(0.,0.,1.));
#15649 = ADVANCED_FACE('',(#15650),#15708,.F.);
#15650 = FACE_BOUND('',#15651,.F.);
#15651 = EDGE_LOOP('',(#15652,#15653,#15706,#15707));
#15652 = ORIENTED_EDGE('',*,*,#15620,.F.);
#15653 = ORIENTED_EDGE('',*,*,#15654,.T.);
#15654 = EDGE_CURVE('',#15062,#15045,#15655,.T.);
#15655 = ( BOUNDED_CURVE() B_SPLINE_CURVE(9,(#15656,#15657,#15658,#15659
    ,#15660,#15661,#15662,#15663,#15664,#15665,#15666,#15667,#15668,
    #15669,#15670,#15671,#15672,#15673,#15674,#15675,#15676,#15677,
    #15678,#15679,#15680,#15681,#15682,#15683,#15684,#15685,#15686,
    #15687,#15688,#15689,#15690,#15691,#15692,#15693,#15694,#15695,
    #15696,#15697,#15698,#15699,#15700,#15701,#15702,#15703,#15704,
#15705),.UNSPECIFIED.,.F.,.F.) B_SPLINE_CURVE_WITH_KNOTS((10,8,8,8,8,8,
    10),(89.651670866126,90.363753149594,91.075835433063,92.5,
    93.924164566937,94.636246850406,95.348329133874),.UNSPECIFIED.) 
CURVE() GEOMETRIC_REPRESENTATION_ITEM() RATIONAL_B_SPLINE_CURVE((1.,1.,
    1.,1.,1.,1.,1.,1.,1.,1.,1.,1.,1.,1.,1.,1.,1.,1.,1.,1.,1.,1.,1.,1.,1.
    ,1.,1.,1.,1.,1.,1.,1.,1.,1.,1.,1.,1.,1.,1.,1.,1.,1.,1.,1.,1.,1.,1.,
1.,1.,1.)) REPRESENTATION_ITEM('') );
#15656 = CARTESIAN_POINT('',(-34.65167086612,-16.,0.));
#15657 = CARTESIAN_POINT('',(-34.73079111984,-16.23928245557,0.));
#15658 = CARTESIAN_POINT('',(-34.80991137356,-16.403346923,0.));
#15659 = CARTESIAN_POINT('',(-34.88903162728,-16.55968237081,0.));
#15660 = CARTESIAN_POINT('',(-34.968151881,-16.6793165574,0.));
#15661 = CARTESIAN_POINT('',(-35.04727213471,-16.80115390975,0.));
#15662 = CARTESIAN_POINT('',(-35.12639238843,-16.90129494571,0.));
#15663 = CARTESIAN_POINT('',(-35.20551264215,-16.99741620173,0.));
#15664 = CARTESIAN_POINT('',(-35.28463289587,-17.08422443987,0.));
#15665 = CARTESIAN_POINT('',(-35.44287340331,-17.24471568128,0.));
#15666 = CARTESIAN_POINT('',(-35.52199365703,-17.31819874164,0.));
#15667 = CARTESIAN_POINT('',(-35.60111391075,-17.38585401896,0.));
#15668 = CARTESIAN_POINT('',(-35.68023416446,-17.44838608612,0.));
#15669 = CARTESIAN_POINT('',(-35.75935441818,-17.50631570959,0.));
#15670 = CARTESIAN_POINT('',(-35.8384746719,-17.5600262476,0.));
#15671 = CARTESIAN_POINT('',(-35.91759492562,-17.60981004816,0.));
#15672 = CARTESIAN_POINT('',(-35.99671517934,-17.6559148472,0.));
#15673 = CARTESIAN_POINT('',(-36.2340759405,-17.78394080541,0.));
#15674 = CARTESIAN_POINT('',(-36.39231644793,-17.85556431746,0.));
#15675 = CARTESIAN_POINT('',(-36.55055695537,-17.91503915544,0.));
#15676 = CARTESIAN_POINT('',(-36.70879746281,-17.96348889749,0.));
#15677 = CARTESIAN_POINT('',(-36.86703797025,-18.00166428543,0.));
#15678 = CARTESIAN_POINT('',(-37.02527847768,-18.03002526296,0.));
#15679 = CARTESIAN_POINT('',(-37.18351898512,-18.04882301381,0.));
#15680 = CARTESIAN_POINT('',(-37.34175949256,-18.058182,0.));
#15681 = CARTESIAN_POINT('',(-37.65824050743,-18.058182,0.));
#15682 = CARTESIAN_POINT('',(-37.81648101487,-18.04882301381,0.));
#15683 = CARTESIAN_POINT('',(-37.97472152231,-18.03002526296,0.));
#15684 = CARTESIAN_POINT('',(-38.13296202975,-18.00166428543,0.));
#15685 = CARTESIAN_POINT('',(-38.29120253718,-17.96348889749,0.));
#15686 = CARTESIAN_POINT('',(-38.44944304462,-17.91503915544,0.));
#15687 = CARTESIAN_POINT('',(-38.60768355206,-17.85556431746,0.));
#15688 = CARTESIAN_POINT('',(-38.7659240595,-17.78394080541,0.));
#15689 = CARTESIAN_POINT('',(-39.00328482065,-17.6559148472,0.));
#15690 = CARTESIAN_POINT('',(-39.08240507437,-17.60981004816,0.));
#15691 = CARTESIAN_POINT('',(-39.16152532809,-17.5600262476,0.));
#15692 = CARTESIAN_POINT('',(-39.24064558181,-17.50631570959,0.));
#15693 = CARTESIAN_POINT('',(-39.31976583553,-17.44838608612,0.));
#15694 = CARTESIAN_POINT('',(-39.39888608924,-17.38585401896,0.));
#15695 = CARTESIAN_POINT('',(-39.47800634296,-17.31819874164,0.));
#15696 = CARTESIAN_POINT('',(-39.55712659668,-17.24471568128,0.));
#15697 = CARTESIAN_POINT('',(-39.71536710412,-17.08422443987,0.));
#15698 = CARTESIAN_POINT('',(-39.79448735784,-16.99741620173,0.));
#15699 = CARTESIAN_POINT('',(-39.87360761156,-16.90129494571,0.));
#15700 = CARTESIAN_POINT('',(-39.95272786528,-16.80115390975,0.));
#15701 = CARTESIAN_POINT('',(-40.03184811899,-16.6793165574,0.));
#15702 = CARTESIAN_POINT('',(-40.11096837272,-16.55968237081,0.));
#15703 = CARTESIAN_POINT('',(-40.19008862643,-16.403346923,0.));
#15704 = CARTESIAN_POINT('',(-40.26920888015,-16.23928245557,0.));
#15705 = CARTESIAN_POINT('',(-40.34832913387,-16.,0.));
#15706 = ORIENTED_EDGE('',*,*,#15636,.T.);
#15707 = ORIENTED_EDGE('',*,*,#14534,.F.);
#15708 = ( BOUNDED_SURFACE() B_SPLINE_SURFACE(2,9,(
    (#15709,#15710,#15711,#15712,#15713,#15714,#15715,#15716,#15717
      ,#15718,#15719,#15720,#15721,#15722,#15723,#15724,#15725,#15726
      ,#15727,#15728,#15729,#15730,#15731,#15732,#15733,#15734,#15735
      ,#15736,#15737,#15738,#15739,#15740,#15741,#15742,#15743,#15744
      ,#15745,#15746,#15747,#15748,#15749,#15750,#15751,#15752,#15753
      ,#15754,#15755,#15756,#15757,#15758)
    ,(#15759,#15760,#15761,#15762,#15763,#15764,#15765,#15766,#15767
      ,#15768,#15769,#15770,#15771,#15772,#15773,#15774,#15775,#15776
      ,#15777,#15778,#15779,#15780,#15781,#15782,#15783,#15784,#15785
      ,#15786,#15787,#15788,#15789,#15790,#15791,#15792,#15793,#15794
      ,#15795,#15796,#15797,#15798,#15799,#15800,#15801,#15802,#15803
      ,#15804,#15805,#15806,#15807,#15808)
    ,(#15809,#15810,#15811,#15812,#15813,#15814,#15815,#15816,#15817
      ,#15818,#15819,#15820,#15821,#15822,#15823,#15824,#15825,#15826
      ,#15827,#15828,#15829,#15830,#15831,#15832,#15833,#15834,#15835
      ,#15836,#15837,#15838,#15839,#15840,#15841,#15842,#15843,#15844
      ,#15845,#15846,#15847,#15848,#15849,#15850,#15851,#15852,#15853
      ,#15854,#15855,#15856,#15857,#15858
)),.UNSPECIFIED.,.F.,.F.,.F.) B_SPLINE_SURFACE_WITH_KNOTS((3,3),(10,8,8,
    8,8,8,10),(0.,5.696658267748),(89.651670866126,90.363753149594,
    91.075835433063,92.5,93.924164566937,94.636246850406,95.348329133874
),.UNSPECIFIED.) GEOMETRIC_REPRESENTATION_ITEM() 
RATIONAL_B_SPLINE_SURFACE((
    (1.,1.,1.,1.,1.,1.,1.,1.,1.,1.,1.,1.,1.,1.,1.,1.,1.,1.,1.,1.,1.,1.
      ,1.,1.,1.,1.,1.,1.,1.,1.,1.,1.,1.,1.,1.,1.,1.,1.,1.,1.,1.,1.,1.,1.
      ,1.,1.,1.,1.,1.,1.)
    ,(0.707106781187,0.728256562056,0.742054242209,0.755236907443
      ,0.764874433953,0.774862576542,0.782788894753,0.790422396304
      ,0.797224572683,0.809708851666,0.815370804524,0.820541461733
      ,0.825287473281,0.829657764266,0.833688051001,0.837405357114
      ,0.840832529655,0.850313206283,0.855564867865,0.859892589145
      ,0.863398882613,0.866151708949,0.868192261926,0.86954275331
      ,0.87021419777,0.87021419777,0.86954275331,0.868192261925
      ,0.866151708949,0.863398882613,0.859892589145,0.855564867865
      ,0.850313206283,0.840832529655,0.837405357114,0.833688051001
      ,0.829657764266,0.825287473281,0.820541461733,0.815370804524
      ,0.809708851666,0.797224572683,0.790422396304,0.782788894753
      ,0.774862576542,0.764874433954,0.755236907443,0.742054242209
      ,0.728256562056,0.707106781187)
    ,(1.,1.,1.,1.,1.,1.,1.,1.,1.,1.,1.,1.,1.,1.,1.,1.,1.,1.,1.,1.,1.,1.
      ,1.,1.,1.,1.,1.,1.,1.,1.,1.,1.,1.,1.,1.,1.,1.,1.,1.,1.,1.,1.,1.,1.
,1.,1.,1.,1.,1.,1.))) REPRESENTATION_ITEM('') SURFACE() );
#15709 = CARTESIAN_POINT('',(-34.65167086612,-20.,-4.));
#15710 = CARTESIAN_POINT('',(-34.73079111984,-20.,-4.));
#15711 = CARTESIAN_POINT('',(-34.80991137356,-20.,-3.984052697086));
#15712 = CARTESIAN_POINT('',(-34.88903162728,-20.,-3.968021909571));
#15713 = CARTESIAN_POINT('',(-34.968151881,-20.,-3.944920806808));
#15714 = CARTESIAN_POINT('',(-35.04727213471,-20.,-3.923984798245));
#15715 = CARTESIAN_POINT('',(-35.12639238843,-20.,-3.899485651105));
#15716 = CARTESIAN_POINT('',(-35.20551264215,-20.,-3.875634576973));
#15717 = CARTESIAN_POINT('',(-35.28463289587,-20.,-3.85116774351));
#15718 = CARTESIAN_POINT('',(-35.44287340331,-20.,-3.802330666503));
#15719 = CARTESIAN_POINT('',(-35.52199365703,-20.,-3.77791240162));
#15720 = CARTESIAN_POINT('',(-35.60111391075,-20.,-3.753725599795));
#15721 = CARTESIAN_POINT('',(-35.68023416446,-20.,-3.729952038121));
#15722 = CARTESIAN_POINT('',(-35.75935441818,-20.,-3.706733992712));
#15723 = CARTESIAN_POINT('',(-35.8384746719,-20.,-3.684184150065));
#15724 = CARTESIAN_POINT('',(-35.91759492562,-20.,-3.662395518432));
#15725 = CARTESIAN_POINT('',(-35.99671517934,-20.,-3.64145133918));
#15726 = CARTESIAN_POINT('',(-36.2340759405,-20.,-3.581402316124));
#15727 = CARTESIAN_POINT('',(-36.39231644793,-20.,-3.545076979384));
#15728 = CARTESIAN_POINT('',(-36.55055695537,-20.,-3.513037095475));
#15729 = CARTESIAN_POINT('',(-36.70879746281,-20.,-3.485747658796));
#15730 = CARTESIAN_POINT('',(-36.86703797025,-20.,-3.463567996956));
#15731 = CARTESIAN_POINT('',(-37.02527847768,-20.,-3.446759217122));
#15732 = CARTESIAN_POINT('',(-37.18351898512,-20.,-3.435491652369));
#15733 = CARTESIAN_POINT('',(-37.34175949256,-20.,-3.429852308027));
#15734 = CARTESIAN_POINT('',(-37.65824050743,-20.,-3.429852308027));
#15735 = CARTESIAN_POINT('',(-37.81648101487,-20.,-3.435491652369));
#15736 = CARTESIAN_POINT('',(-37.97472152231,-20.,-3.446759217122));
#15737 = CARTESIAN_POINT('',(-38.13296202975,-20.,-3.463567996956));
#15738 = CARTESIAN_POINT('',(-38.29120253718,-20.,-3.485747658796));
#15739 = CARTESIAN_POINT('',(-38.44944304462,-20.,-3.513037095475));
#15740 = CARTESIAN_POINT('',(-38.60768355206,-20.,-3.545076979384));
#15741 = CARTESIAN_POINT('',(-38.7659240595,-20.,-3.581402316124));
#15742 = CARTESIAN_POINT('',(-39.00328482065,-20.,-3.64145133918));
#15743 = CARTESIAN_POINT('',(-39.08240507437,-20.,-3.662395518432));
#15744 = CARTESIAN_POINT('',(-39.16152532809,-20.,-3.684184150065));
#15745 = CARTESIAN_POINT('',(-39.24064558181,-20.,-3.706733992712));
#15746 = CARTESIAN_POINT('',(-39.31976583553,-20.,-3.729952038121));
#15747 = CARTESIAN_POINT('',(-39.39888608924,-20.,-3.753725599795));
#15748 = CARTESIAN_POINT('',(-39.47800634296,-20.,-3.77791240162));
#15749 = CARTESIAN_POINT('',(-39.55712659668,-20.,-3.802330666503));
#15750 = CARTESIAN_POINT('',(-39.71536710412,-20.,-3.85116774351));
#15751 = CARTESIAN_POINT('',(-39.79448735784,-20.,-3.875634576973));
#15752 = CARTESIAN_POINT('',(-39.87360761156,-20.,-3.899485651105));
#15753 = CARTESIAN_POINT('',(-39.95272786528,-20.,-3.923984798245));
#15754 = CARTESIAN_POINT('',(-40.03184811899,-20.,-3.94492080681));
#15755 = CARTESIAN_POINT('',(-40.11096837271,-20.,-3.968021909569));
#15756 = CARTESIAN_POINT('',(-40.19008862643,-20.,-3.984052697087));
#15757 = CARTESIAN_POINT('',(-40.26920888015,-20.,-4.));
#15758 = CARTESIAN_POINT('',(-40.34832913387,-20.,-4.));
#15759 = CARTESIAN_POINT('',(-34.65167086612,-20.,3.55E-15));
#15760 = CARTESIAN_POINT('',(-34.72849333618,-20.,-0.232333295398));
#15761 = CARTESIAN_POINT('',(-34.80751412917,-20.,-0.369142421084));
#15762 = CARTESIAN_POINT('',(-34.88600012492,-20.,-0.493297400667));
#15763 = CARTESIAN_POINT('',(-34.96588855217,-20.,-0.575518824282));
#15764 = CARTESIAN_POINT('',(-35.04484326832,-20.,-0.65880692317));
#15765 = CARTESIAN_POINT('',(-35.1247389286,-20.,-0.719050781579));
#15766 = CARTESIAN_POINT('',(-35.20428096012,-20.,-0.775081455268));
#15767 = CARTESIAN_POINT('',(-35.28401339708,-20.,-0.821979700663));
#15768 = CARTESIAN_POINT('',(-35.44226345609,-20.,-0.903079348349));
#15769 = CARTESIAN_POINT('',(-35.52104323004,-20.,-0.93739845704));
#15770 = CARTESIAN_POINT('',(-35.60002098274,-20.,-0.966932884584));
#15771 = CARTESIAN_POINT('',(-35.67914104872,-20.,-0.992535116761));
#15772 = CARTESIAN_POINT('',(-35.75836355137,-20.,-1.014843268024));
#15773 = CARTESIAN_POINT('',(-35.83766203998,-20.,-1.034337979402));
#15774 = CARTESIAN_POINT('',(-35.91701879589,-20.,-1.051394193434));
#15775 = CARTESIAN_POINT('',(-35.99641780996,-20.,-1.066329256329));
#15776 = CARTESIAN_POINT('',(-36.23289972521,-20.,-1.105394056198));
#15777 = CARTESIAN_POINT('',(-36.39065620171,-20.,-1.124323332343));
#15778 = CARTESIAN_POINT('',(-36.54886943333,-20.,-1.138127314688));
#15779 = CARTESIAN_POINT('',(-36.70735565113,-20.,-1.14817423196));
#15780 = CARTESIAN_POINT('',(-36.86597919722,-20.,-1.155412126119));
#15781 = CARTESIAN_POINT('',(-37.02464175479,-20.,-1.160457233066));
#15782 = CARTESIAN_POINT('',(-37.18326402031,-20.,-1.163673143808));
#15783 = CARTESIAN_POINT('',(-37.34175949256,-20.,-1.165244009348));
#15784 = CARTESIAN_POINT('',(-37.65824050743,-20.,-1.165244009348));
#15785 = CARTESIAN_POINT('',(-37.81673597968,-20.,-1.163673143808));
#15786 = CARTESIAN_POINT('',(-37.9753582452,-20.,-1.160457233066));
#15787 = CARTESIAN_POINT('',(-38.13402080277,-20.,-1.155412126119));
#15788 = CARTESIAN_POINT('',(-38.29264434887,-20.,-1.14817423196));
#15789 = CARTESIAN_POINT('',(-38.45113056666,-20.,-1.138127314688));
#15790 = CARTESIAN_POINT('',(-38.60934379829,-20.,-1.124323332343));
#15791 = CARTESIAN_POINT('',(-38.76710027478,-20.,-1.105394056198));
#15792 = CARTESIAN_POINT('',(-39.00358219003,-20.,-1.066329256329));
#15793 = CARTESIAN_POINT('',(-39.0829812041,-20.,-1.051394193434));
#15794 = CARTESIAN_POINT('',(-39.16233796001,-20.,-1.034337979402));
#15795 = CARTESIAN_POINT('',(-39.24163644862,-20.,-1.014843268024));
#15796 = CARTESIAN_POINT('',(-39.32085895127,-20.,-0.992535116761));
#15797 = CARTESIAN_POINT('',(-39.39997901725,-20.,-0.966932884584));
#15798 = CARTESIAN_POINT('',(-39.47895676996,-20.,-0.93739845704));
#15799 = CARTESIAN_POINT('',(-39.5577365439,-20.,-0.903079348349));
#15800 = CARTESIAN_POINT('',(-39.71598660291,-20.,-0.821979700663));
#15801 = CARTESIAN_POINT('',(-39.79571903987,-20.,-0.775081455268));
#15802 = CARTESIAN_POINT('',(-39.87526107139,-20.,-0.719050781578));
#15803 = CARTESIAN_POINT('',(-39.95515673167,-20.,-0.658806923167));
#15804 = CARTESIAN_POINT('',(-40.03411144782,-20.,-0.575518824288));
#15805 = CARTESIAN_POINT('',(-40.11399987508,-20.,-0.493297400661));
#15806 = CARTESIAN_POINT('',(-40.19248587082,-20.,-0.369142421086));
#15807 = CARTESIAN_POINT('',(-40.27150666381,-20.,-0.232333295398));
#15808 = CARTESIAN_POINT('',(-40.34832913387,-20.,3.55E-15));
#15809 = CARTESIAN_POINT('',(-34.65167086612,-16.,0.));
#15810 = CARTESIAN_POINT('',(-34.73079111984,-16.23928245557,0.));
#15811 = CARTESIAN_POINT('',(-34.80991137356,-16.403346923,0.));
#15812 = CARTESIAN_POINT('',(-34.88903162728,-16.55968237081,0.));
#15813 = CARTESIAN_POINT('',(-34.968151881,-16.6793165574,0.));
#15814 = CARTESIAN_POINT('',(-35.04727213471,-16.80115390975,0.));
#15815 = CARTESIAN_POINT('',(-35.12639238843,-16.90129494571,0.));
#15816 = CARTESIAN_POINT('',(-35.20551264215,-16.99741620173,0.));
#15817 = CARTESIAN_POINT('',(-35.28463289587,-17.08422443987,0.));
#15818 = CARTESIAN_POINT('',(-35.44287340331,-17.24471568128,0.));
#15819 = CARTESIAN_POINT('',(-35.52199365703,-17.31819874164,0.));
#15820 = CARTESIAN_POINT('',(-35.60111391075,-17.38585401896,0.));
#15821 = CARTESIAN_POINT('',(-35.68023416446,-17.44838608612,0.));
#15822 = CARTESIAN_POINT('',(-35.75935441818,-17.50631570959,0.));
#15823 = CARTESIAN_POINT('',(-35.8384746719,-17.5600262476,0.));
#15824 = CARTESIAN_POINT('',(-35.91759492562,-17.60981004816,0.));
#15825 = CARTESIAN_POINT('',(-35.99671517934,-17.6559148472,0.));
#15826 = CARTESIAN_POINT('',(-36.2340759405,-17.78394080541,0.));
#15827 = CARTESIAN_POINT('',(-36.39231644793,-17.85556431746,0.));
#15828 = CARTESIAN_POINT('',(-36.55055695537,-17.91503915544,0.));
#15829 = CARTESIAN_POINT('',(-36.70879746281,-17.96348889749,0.));
#15830 = CARTESIAN_POINT('',(-36.86703797025,-18.00166428543,0.));
#15831 = CARTESIAN_POINT('',(-37.02527847768,-18.03002526296,0.));
#15832 = CARTESIAN_POINT('',(-37.18351898512,-18.04882301381,0.));
#15833 = CARTESIAN_POINT('',(-37.34175949256,-18.058182,0.));
#15834 = CARTESIAN_POINT('',(-37.65824050743,-18.058182,0.));
#15835 = CARTESIAN_POINT('',(-37.81648101487,-18.04882301381,0.));
#15836 = CARTESIAN_POINT('',(-37.97472152231,-18.03002526296,0.));
#15837 = CARTESIAN_POINT('',(-38.13296202975,-18.00166428543,0.));
#15838 = CARTESIAN_POINT('',(-38.29120253718,-17.96348889749,0.));
#15839 = CARTESIAN_POINT('',(-38.44944304462,-17.91503915544,0.));
#15840 = CARTESIAN_POINT('',(-38.60768355206,-17.85556431746,0.));
#15841 = CARTESIAN_POINT('',(-38.7659240595,-17.78394080541,0.));
#15842 = CARTESIAN_POINT('',(-39.00328482065,-17.6559148472,0.));
#15843 = CARTESIAN_POINT('',(-39.08240507437,-17.60981004816,0.));
#15844 = CARTESIAN_POINT('',(-39.16152532809,-17.5600262476,0.));
#15845 = CARTESIAN_POINT('',(-39.24064558181,-17.50631570959,0.));
#15846 = CARTESIAN_POINT('',(-39.31976583553,-17.44838608612,0.));
#15847 = CARTESIAN_POINT('',(-39.39888608924,-17.38585401896,0.));
#15848 = CARTESIAN_POINT('',(-39.47800634296,-17.31819874164,0.));
#15849 = CARTESIAN_POINT('',(-39.55712659668,-17.24471568128,0.));
#15850 = CARTESIAN_POINT('',(-39.71536710412,-17.08422443987,0.));
#15851 = CARTESIAN_POINT('',(-39.79448735784,-16.99741620173,0.));
#15852 = CARTESIAN_POINT('',(-39.87360761156,-16.90129494571,0.));
#15853 = CARTESIAN_POINT('',(-39.95272786528,-16.80115390975,0.));
#15854 = CARTESIAN_POINT('',(-40.03184811899,-16.6793165574,0.));
#15855 = CARTESIAN_POINT('',(-40.11096837272,-16.55968237081,0.));
#15856 = CARTESIAN_POINT('',(-40.19008862643,-16.403346923,0.));
#15857 = CARTESIAN_POINT('',(-40.26920888015,-16.23928245557,0.));
#15858 = CARTESIAN_POINT('',(-40.34832913387,-16.,0.));
#15859 = ADVANCED_FACE('',(#15860),#15885,.F.);
#15860 = FACE_BOUND('',#15861,.F.);
#15861 = EDGE_LOOP('',(#15862,#15870,#15878,#15884));
#15862 = ORIENTED_EDGE('',*,*,#15863,.F.);
#15863 = EDGE_CURVE('',#15864,#14661,#15866,.T.);
#15864 = VERTEX_POINT('',#15865);
#15865 = CARTESIAN_POINT('',(-41.1802872707,-28.,-56.44736000291));
#15866 = LINE('',#15867,#15868);
#15867 = CARTESIAN_POINT('',(-41.1802872707,-30.,-56.44736000291));
#15868 = VECTOR('',#15869,1.);
#15869 = DIRECTION('',(0.,1.,-2.2E-16));
#15870 = ORIENTED_EDGE('',*,*,#15871,.F.);
#15871 = EDGE_CURVE('',#15872,#15864,#15874,.T.);
#15872 = VERTEX_POINT('',#15873);
#15873 = CARTESIAN_POINT('',(-41.1802872707,-28.,-51.44736000291));
#15874 = LINE('',#15875,#15876);
#15875 = CARTESIAN_POINT('',(-41.1802872707,-28.,-51.44736000291));
#15876 = VECTOR('',#15877,1.);
#15877 = DIRECTION('',(0.,-2.2E-16,-1.));
#15878 = ORIENTED_EDGE('',*,*,#15879,.T.);
#15879 = EDGE_CURVE('',#15872,#14663,#15880,.T.);
#15880 = LINE('',#15881,#15882);
#15881 = CARTESIAN_POINT('',(-41.1802872707,-30.,-51.44736000291));
#15882 = VECTOR('',#15883,1.);
#15883 = DIRECTION('',(0.,1.,-2.2E-16));
#15884 = ORIENTED_EDGE('',*,*,#14660,.F.);
#15885 = PLANE('',#15886);
#15886 = AXIS2_PLACEMENT_3D('',#15887,#15888,#15889);
#15887 = CARTESIAN_POINT('',(-41.1802872707,-30.,-51.44736000291));
#15888 = DIRECTION('',(-1.,0.,0.));
#15889 = DIRECTION('',(0.,-2.2E-16,-1.));
#15890 = ADVANCED_FACE('',(#15891),#15909,.F.);
#15891 = FACE_BOUND('',#15892,.F.);
#15892 = EDGE_LOOP('',(#15893,#15894,#15902,#15908));
#15893 = ORIENTED_EDGE('',*,*,#15879,.F.);
#15894 = ORIENTED_EDGE('',*,*,#15895,.F.);
#15895 = EDGE_CURVE('',#15896,#15872,#15898,.T.);
#15896 = VERTEX_POINT('',#15897);
#15897 = CARTESIAN_POINT('',(38.819712729295,-28.,-51.44736000291));
#15898 = LINE('',#15899,#15900);
#15899 = CARTESIAN_POINT('',(38.819712729295,-28.,-51.44736000291));
#15900 = VECTOR('',#15901,1.);
#15901 = DIRECTION('',(-1.,0.,0.));
#15902 = ORIENTED_EDGE('',*,*,#15903,.T.);
#15903 = EDGE_CURVE('',#15896,#14679,#15904,.T.);
#15904 = LINE('',#15905,#15906);
#15905 = CARTESIAN_POINT('',(38.819712729295,-30.,-51.44736000291));
#15906 = VECTOR('',#15907,1.);
#15907 = DIRECTION('',(0.,1.,-2.2E-16));
#15908 = ORIENTED_EDGE('',*,*,#14686,.F.);
#15909 = PLANE('',#15910);
#15910 = AXIS2_PLACEMENT_3D('',#15911,#15912,#15913);
#15911 = CARTESIAN_POINT('',(38.819712729295,-30.,-51.44736000291));
#15912 = DIRECTION('',(0.,2.2E-16,1.));
#15913 = DIRECTION('',(-1.,0.,0.));
#15914 = ADVANCED_FACE('',(#15915),#15933,.F.);
#15915 = FACE_BOUND('',#15916,.F.);
#15916 = EDGE_LOOP('',(#15917,#15918,#15926,#15932));
#15917 = ORIENTED_EDGE('',*,*,#15903,.F.);
#15918 = ORIENTED_EDGE('',*,*,#15919,.F.);
#15919 = EDGE_CURVE('',#15920,#15896,#15922,.T.);
#15920 = VERTEX_POINT('',#15921);
#15921 = CARTESIAN_POINT('',(38.819712729295,-28.,-56.44736000291));
#15922 = LINE('',#15923,#15924);
#15923 = CARTESIAN_POINT('',(38.819712729295,-28.,-56.44736000291));
#15924 = VECTOR('',#15925,1.);
#15925 = DIRECTION('',(0.,2.2E-16,1.));
#15926 = ORIENTED_EDGE('',*,*,#15927,.T.);
#15927 = EDGE_CURVE('',#15920,#14671,#15928,.T.);
#15928 = LINE('',#15929,#15930);
#15929 = CARTESIAN_POINT('',(38.819712729295,-30.,-56.44736000291));
#15930 = VECTOR('',#15931,1.);
#15931 = DIRECTION('',(0.,1.,-2.2E-16));
#15932 = ORIENTED_EDGE('',*,*,#14678,.F.);
#15933 = PLANE('',#15934);
#15934 = AXIS2_PLACEMENT_3D('',#15935,#15936,#15937);
#15935 = CARTESIAN_POINT('',(38.819712729295,-30.,-56.44736000291));
#15936 = DIRECTION('',(1.,0.,0.));
#15937 = DIRECTION('',(0.,2.2E-16,1.));
#15938 = ADVANCED_FACE('',(#15939),#15950,.F.);
#15939 = FACE_BOUND('',#15940,.F.);
#15940 = EDGE_LOOP('',(#15941,#15942,#15948,#15949));
#15941 = ORIENTED_EDGE('',*,*,#15927,.F.);
#15942 = ORIENTED_EDGE('',*,*,#15943,.F.);
#15943 = EDGE_CURVE('',#15864,#15920,#15944,.T.);
#15944 = LINE('',#15945,#15946);
#15945 = CARTESIAN_POINT('',(-41.1802872707,-28.,-56.44736000291));
#15946 = VECTOR('',#15947,1.);
#15947 = DIRECTION('',(1.,0.,0.));
#15948 = ORIENTED_EDGE('',*,*,#15863,.T.);
#15949 = ORIENTED_EDGE('',*,*,#14670,.F.);
#15950 = PLANE('',#15951);
#15951 = AXIS2_PLACEMENT_3D('',#15952,#15953,#15954);
#15952 = CARTESIAN_POINT('',(-41.1802872707,-30.,-56.44736000291));
#15953 = DIRECTION('',(0.,-2.2E-16,-1.));
#15954 = DIRECTION('',(1.,0.,0.));
#15955 = ADVANCED_FACE('',(#15956),#15981,.F.);
#15956 = FACE_BOUND('',#15957,.F.);
#15957 = EDGE_LOOP('',(#15958,#15966,#15974,#15980));
#15958 = ORIENTED_EDGE('',*,*,#15959,.F.);
#15959 = EDGE_CURVE('',#15960,#14695,#15962,.T.);
#15960 = VERTEX_POINT('',#15961);
#15961 = CARTESIAN_POINT('',(-41.180287,-28.,-92.399086));
#15962 = LINE('',#15963,#15964);
#15963 = CARTESIAN_POINT('',(-41.180287,-30.,-92.399086));
#15964 = VECTOR('',#15965,1.);
#15965 = DIRECTION('',(0.,1.,-2.2E-16));
#15966 = ORIENTED_EDGE('',*,*,#15967,.F.);
#15967 = EDGE_CURVE('',#15968,#15960,#15970,.T.);
#15968 = VERTEX_POINT('',#15969);
#15969 = CARTESIAN_POINT('',(-41.180287,-28.,-87.399086));
#15970 = LINE('',#15971,#15972);
#15971 = CARTESIAN_POINT('',(-41.180287,-28.,-87.399086));
#15972 = VECTOR('',#15973,1.);
#15973 = DIRECTION('',(0.,-2.2E-16,-1.));
#15974 = ORIENTED_EDGE('',*,*,#15975,.T.);
#15975 = EDGE_CURVE('',#15968,#14697,#15976,.T.);
#15976 = LINE('',#15977,#15978);
#15977 = CARTESIAN_POINT('',(-41.180287,-30.,-87.399086));
#15978 = VECTOR('',#15979,1.);
#15979 = DIRECTION('',(0.,1.,-2.2E-16));
#15980 = ORIENTED_EDGE('',*,*,#14694,.F.);
#15981 = PLANE('',#15982);
#15982 = AXIS2_PLACEMENT_3D('',#15983,#15984,#15985);
#15983 = CARTESIAN_POINT('',(-41.180287,-30.,-87.399086));
#15984 = DIRECTION('',(-1.,0.,0.));
#15985 = DIRECTION('',(0.,-2.2E-16,-1.));
#15986 = ADVANCED_FACE('',(#15987),#16005,.F.);
#15987 = FACE_BOUND('',#15988,.F.);
#15988 = EDGE_LOOP('',(#15989,#15990,#15998,#16004));
#15989 = ORIENTED_EDGE('',*,*,#15975,.F.);
#15990 = ORIENTED_EDGE('',*,*,#15991,.F.);
#15991 = EDGE_CURVE('',#15992,#15968,#15994,.T.);
#15992 = VERTEX_POINT('',#15993);
#15993 = CARTESIAN_POINT('',(38.819713,-28.,-87.399086));
#15994 = LINE('',#15995,#15996);
#15995 = CARTESIAN_POINT('',(38.819713,-28.,-87.399086));
#15996 = VECTOR('',#15997,1.);
#15997 = DIRECTION('',(-1.,0.,0.));
#15998 = ORIENTED_EDGE('',*,*,#15999,.T.);
#15999 = EDGE_CURVE('',#15992,#14713,#16000,.T.);
#16000 = LINE('',#16001,#16002);
#16001 = CARTESIAN_POINT('',(38.819713,-30.,-87.399086));
#16002 = VECTOR('',#16003,1.);
#16003 = DIRECTION('',(0.,1.,-2.2E-16));
#16004 = ORIENTED_EDGE('',*,*,#14720,.F.);
#16005 = PLANE('',#16006);
#16006 = AXIS2_PLACEMENT_3D('',#16007,#16008,#16009);
#16007 = CARTESIAN_POINT('',(38.819713,-30.,-87.399086));
#16008 = DIRECTION('',(0.,2.2E-16,1.));
#16009 = DIRECTION('',(-1.,0.,0.));
#16010 = ADVANCED_FACE('',(#16011),#16029,.F.);
#16011 = FACE_BOUND('',#16012,.F.);
#16012 = EDGE_LOOP('',(#16013,#16014,#16022,#16028));
#16013 = ORIENTED_EDGE('',*,*,#15999,.F.);
#16014 = ORIENTED_EDGE('',*,*,#16015,.F.);
#16015 = EDGE_CURVE('',#16016,#15992,#16018,.T.);
#16016 = VERTEX_POINT('',#16017);
#16017 = CARTESIAN_POINT('',(38.819713,-28.,-92.399086));
#16018 = LINE('',#16019,#16020);
#16019 = CARTESIAN_POINT('',(38.819713,-28.,-92.399086));
#16020 = VECTOR('',#16021,1.);
#16021 = DIRECTION('',(0.,2.2E-16,1.));
#16022 = ORIENTED_EDGE('',*,*,#16023,.T.);
#16023 = EDGE_CURVE('',#16016,#14705,#16024,.T.);
#16024 = LINE('',#16025,#16026);
#16025 = CARTESIAN_POINT('',(38.819713,-30.,-92.399086));
#16026 = VECTOR('',#16027,1.);
#16027 = DIRECTION('',(0.,1.,-2.2E-16));
#16028 = ORIENTED_EDGE('',*,*,#14712,.F.);
#16029 = PLANE('',#16030);
#16030 = AXIS2_PLACEMENT_3D('',#16031,#16032,#16033);
#16031 = CARTESIAN_POINT('',(38.819713,-30.,-92.399086));
#16032 = DIRECTION('',(1.,0.,0.));
#16033 = DIRECTION('',(0.,2.2E-16,1.));
#16034 = ADVANCED_FACE('',(#16035),#16046,.F.);
#16035 = FACE_BOUND('',#16036,.F.);
#16036 = EDGE_LOOP('',(#16037,#16038,#16044,#16045));
#16037 = ORIENTED_EDGE('',*,*,#16023,.F.);
#16038 = ORIENTED_EDGE('',*,*,#16039,.F.);
#16039 = EDGE_CURVE('',#15960,#16016,#16040,.T.);
#16040 = LINE('',#16041,#16042);
#16041 = CARTESIAN_POINT('',(-41.180287,-28.,-92.399086));
#16042 = VECTOR('',#16043,1.);
#16043 = DIRECTION('',(1.,0.,0.));
#16044 = ORIENTED_EDGE('',*,*,#15959,.T.);
#16045 = ORIENTED_EDGE('',*,*,#14704,.F.);
#16046 = PLANE('',#16047);
#16047 = AXIS2_PLACEMENT_3D('',#16048,#16049,#16050);
#16048 = CARTESIAN_POINT('',(-41.180287,-30.,-92.399086));
#16049 = DIRECTION('',(0.,-2.2E-16,-1.));
#16050 = DIRECTION('',(1.,0.,0.));
#16051 = ADVANCED_FACE('',(#16052),#16077,.F.);
#16052 = FACE_BOUND('',#16053,.F.);
#16053 = EDGE_LOOP('',(#16054,#16062,#16070,#16076));
#16054 = ORIENTED_EDGE('',*,*,#16055,.F.);
#16055 = EDGE_CURVE('',#16056,#14729,#16058,.T.);
#16056 = VERTEX_POINT('',#16057);
#16057 = CARTESIAN_POINT('',(-41.180287,-28.,-74.423223));
#16058 = LINE('',#16059,#16060);
#16059 = CARTESIAN_POINT('',(-41.180287,-30.,-74.423223));
#16060 = VECTOR('',#16061,1.);
#16061 = DIRECTION('',(0.,1.,-2.2E-16));
#16062 = ORIENTED_EDGE('',*,*,#16063,.F.);
#16063 = EDGE_CURVE('',#16064,#16056,#16066,.T.);
#16064 = VERTEX_POINT('',#16065);
#16065 = CARTESIAN_POINT('',(-41.180287,-28.,-69.423223));
#16066 = LINE('',#16067,#16068);
#16067 = CARTESIAN_POINT('',(-41.180287,-28.,-69.423223));
#16068 = VECTOR('',#16069,1.);
#16069 = DIRECTION('',(0.,-2.2E-16,-1.));
#16070 = ORIENTED_EDGE('',*,*,#16071,.T.);
#16071 = EDGE_CURVE('',#16064,#14731,#16072,.T.);
#16072 = LINE('',#16073,#16074);
#16073 = CARTESIAN_POINT('',(-41.180287,-30.,-69.423223));
#16074 = VECTOR('',#16075,1.);
#16075 = DIRECTION('',(0.,1.,-2.2E-16));
#16076 = ORIENTED_EDGE('',*,*,#14728,.F.);
#16077 = PLANE('',#16078);
#16078 = AXIS2_PLACEMENT_3D('',#16079,#16080,#16081);
#16079 = CARTESIAN_POINT('',(-41.180287,-30.,-69.423223));
#16080 = DIRECTION('',(-1.,0.,0.));
#16081 = DIRECTION('',(0.,-2.2E-16,-1.));
#16082 = ADVANCED_FACE('',(#16083),#16101,.F.);
#16083 = FACE_BOUND('',#16084,.F.);
#16084 = EDGE_LOOP('',(#16085,#16086,#16094,#16100));
#16085 = ORIENTED_EDGE('',*,*,#16071,.F.);
#16086 = ORIENTED_EDGE('',*,*,#16087,.F.);
#16087 = EDGE_CURVE('',#16088,#16064,#16090,.T.);
#16088 = VERTEX_POINT('',#16089);
#16089 = CARTESIAN_POINT('',(38.819713,-28.,-69.423223));
#16090 = LINE('',#16091,#16092);
#16091 = CARTESIAN_POINT('',(38.819713,-28.,-69.423223));
#16092 = VECTOR('',#16093,1.);
#16093 = DIRECTION('',(-1.,0.,0.));
#16094 = ORIENTED_EDGE('',*,*,#16095,.T.);
#16095 = EDGE_CURVE('',#16088,#14747,#16096,.T.);
#16096 = LINE('',#16097,#16098);
#16097 = CARTESIAN_POINT('',(38.819713,-30.,-69.423223));
#16098 = VECTOR('',#16099,1.);
#16099 = DIRECTION('',(0.,1.,-2.2E-16));
#16100 = ORIENTED_EDGE('',*,*,#14754,.F.);
#16101 = PLANE('',#16102);
#16102 = AXIS2_PLACEMENT_3D('',#16103,#16104,#16105);
#16103 = CARTESIAN_POINT('',(38.819713,-30.,-69.423223));
#16104 = DIRECTION('',(0.,2.2E-16,1.));
#16105 = DIRECTION('',(-1.,0.,0.));
#16106 = ADVANCED_FACE('',(#16107),#16125,.F.);
#16107 = FACE_BOUND('',#16108,.F.);
#16108 = EDGE_LOOP('',(#16109,#16110,#16118,#16124));
#16109 = ORIENTED_EDGE('',*,*,#16095,.F.);
#16110 = ORIENTED_EDGE('',*,*,#16111,.F.);
#16111 = EDGE_CURVE('',#16112,#16088,#16114,.T.);
#16112 = VERTEX_POINT('',#16113);
#16113 = CARTESIAN_POINT('',(38.819713,-28.,-74.423223));
#16114 = LINE('',#16115,#16116);
#16115 = CARTESIAN_POINT('',(38.819713,-28.,-74.423223));
#16116 = VECTOR('',#16117,1.);
#16117 = DIRECTION('',(0.,2.2E-16,1.));
#16118 = ORIENTED_EDGE('',*,*,#16119,.T.);
#16119 = EDGE_CURVE('',#16112,#14739,#16120,.T.);
#16120 = LINE('',#16121,#16122);
#16121 = CARTESIAN_POINT('',(38.819713,-30.,-74.423223));
#16122 = VECTOR('',#16123,1.);
#16123 = DIRECTION('',(0.,1.,-2.2E-16));
#16124 = ORIENTED_EDGE('',*,*,#14746,.F.);
#16125 = PLANE('',#16126);
#16126 = AXIS2_PLACEMENT_3D('',#16127,#16128,#16129);
#16127 = CARTESIAN_POINT('',(38.819713,-30.,-74.423223));
#16128 = DIRECTION('',(1.,0.,0.));
#16129 = DIRECTION('',(0.,2.2E-16,1.));
#16130 = ADVANCED_FACE('',(#16131),#16142,.F.);
#16131 = FACE_BOUND('',#16132,.F.);
#16132 = EDGE_LOOP('',(#16133,#16134,#16140,#16141));
#16133 = ORIENTED_EDGE('',*,*,#16119,.F.);
#16134 = ORIENTED_EDGE('',*,*,#16135,.F.);
#16135 = EDGE_CURVE('',#16056,#16112,#16136,.T.);
#16136 = LINE('',#16137,#16138);
#16137 = CARTESIAN_POINT('',(-41.180287,-28.,-74.423223));
#16138 = VECTOR('',#16139,1.);
#16139 = DIRECTION('',(1.,0.,0.));
#16140 = ORIENTED_EDGE('',*,*,#16055,.T.);
#16141 = ORIENTED_EDGE('',*,*,#14738,.F.);
#16142 = PLANE('',#16143);
#16143 = AXIS2_PLACEMENT_3D('',#16144,#16145,#16146);
#16144 = CARTESIAN_POINT('',(-41.180287,-30.,-74.423223));
#16145 = DIRECTION('',(0.,-2.2E-16,-1.));
#16146 = DIRECTION('',(1.,0.,0.));
#16147 = ADVANCED_FACE('',(#16148),#16173,.F.);
#16148 = FACE_BOUND('',#16149,.F.);
#16149 = EDGE_LOOP('',(#16150,#16158,#16166,#16172));
#16150 = ORIENTED_EDGE('',*,*,#16151,.F.);
#16151 = EDGE_CURVE('',#16152,#14763,#16154,.T.);
#16152 = VERTEX_POINT('',#16153);
#16153 = CARTESIAN_POINT('',(-41.180287,-28.,-42.650993));
#16154 = LINE('',#16155,#16156);
#16155 = CARTESIAN_POINT('',(-41.180287,-30.,-42.650993));
#16156 = VECTOR('',#16157,1.);
#16157 = DIRECTION('',(0.,1.,-2.2E-16));
#16158 = ORIENTED_EDGE('',*,*,#16159,.F.);
#16159 = EDGE_CURVE('',#16160,#16152,#16162,.T.);
#16160 = VERTEX_POINT('',#16161);
#16161 = CARTESIAN_POINT('',(-41.180287,-28.,-37.650993));
#16162 = LINE('',#16163,#16164);
#16163 = CARTESIAN_POINT('',(-41.180287,-28.,-37.650993));
#16164 = VECTOR('',#16165,1.);
#16165 = DIRECTION('',(0.,-2.2E-16,-1.));
#16166 = ORIENTED_EDGE('',*,*,#16167,.T.);
#16167 = EDGE_CURVE('',#16160,#14765,#16168,.T.);
#16168 = LINE('',#16169,#16170);
#16169 = CARTESIAN_POINT('',(-41.180287,-30.,-37.650993));
#16170 = VECTOR('',#16171,1.);
#16171 = DIRECTION('',(0.,1.,-2.2E-16));
#16172 = ORIENTED_EDGE('',*,*,#14762,.F.);
#16173 = PLANE('',#16174);
#16174 = AXIS2_PLACEMENT_3D('',#16175,#16176,#16177);
#16175 = CARTESIAN_POINT('',(-41.180287,-30.,-37.650993));
#16176 = DIRECTION('',(-1.,0.,0.));
#16177 = DIRECTION('',(0.,-2.2E-16,-1.));
#16178 = ADVANCED_FACE('',(#16179),#16197,.F.);
#16179 = FACE_BOUND('',#16180,.F.);
#16180 = EDGE_LOOP('',(#16181,#16182,#16190,#16196));
#16181 = ORIENTED_EDGE('',*,*,#16167,.F.);
#16182 = ORIENTED_EDGE('',*,*,#16183,.F.);
#16183 = EDGE_CURVE('',#16184,#16160,#16186,.T.);
#16184 = VERTEX_POINT('',#16185);
#16185 = CARTESIAN_POINT('',(38.819713,-28.,-37.650993));
#16186 = LINE('',#16187,#16188);
#16187 = CARTESIAN_POINT('',(38.819713,-28.,-37.650993));
#16188 = VECTOR('',#16189,1.);
#16189 = DIRECTION('',(-1.,0.,0.));
#16190 = ORIENTED_EDGE('',*,*,#16191,.T.);
#16191 = EDGE_CURVE('',#16184,#14781,#16192,.T.);
#16192 = LINE('',#16193,#16194);
#16193 = CARTESIAN_POINT('',(38.819713,-30.,-37.650993));
#16194 = VECTOR('',#16195,1.);
#16195 = DIRECTION('',(0.,1.,-2.2E-16));
#16196 = ORIENTED_EDGE('',*,*,#14788,.F.);
#16197 = PLANE('',#16198);
#16198 = AXIS2_PLACEMENT_3D('',#16199,#16200,#16201);
#16199 = CARTESIAN_POINT('',(38.819713,-30.,-37.650993));
#16200 = DIRECTION('',(0.,2.2E-16,1.));
#16201 = DIRECTION('',(-1.,0.,0.));
#16202 = ADVANCED_FACE('',(#16203),#16221,.F.);
#16203 = FACE_BOUND('',#16204,.F.);
#16204 = EDGE_LOOP('',(#16205,#16206,#16214,#16220));
#16205 = ORIENTED_EDGE('',*,*,#16191,.F.);
#16206 = ORIENTED_EDGE('',*,*,#16207,.F.);
#16207 = EDGE_CURVE('',#16208,#16184,#16210,.T.);
#16208 = VERTEX_POINT('',#16209);
#16209 = CARTESIAN_POINT('',(38.819713,-28.,-42.650993));
#16210 = LINE('',#16211,#16212);
#16211 = CARTESIAN_POINT('',(38.819713,-28.,-42.650993));
#16212 = VECTOR('',#16213,1.);
#16213 = DIRECTION('',(0.,2.2E-16,1.));
#16214 = ORIENTED_EDGE('',*,*,#16215,.T.);
#16215 = EDGE_CURVE('',#16208,#14773,#16216,.T.);
#16216 = LINE('',#16217,#16218);
#16217 = CARTESIAN_POINT('',(38.819713,-30.,-42.650993));
#16218 = VECTOR('',#16219,1.);
#16219 = DIRECTION('',(0.,1.,-2.2E-16));
#16220 = ORIENTED_EDGE('',*,*,#14780,.F.);
#16221 = PLANE('',#16222);
#16222 = AXIS2_PLACEMENT_3D('',#16223,#16224,#16225);
#16223 = CARTESIAN_POINT('',(38.819713,-30.,-42.650993));
#16224 = DIRECTION('',(1.,0.,0.));
#16225 = DIRECTION('',(0.,2.2E-16,1.));
#16226 = ADVANCED_FACE('',(#16227),#16238,.F.);
#16227 = FACE_BOUND('',#16228,.F.);
#16228 = EDGE_LOOP('',(#16229,#16230,#16236,#16237));
#16229 = ORIENTED_EDGE('',*,*,#16215,.F.);
#16230 = ORIENTED_EDGE('',*,*,#16231,.F.);
#16231 = EDGE_CURVE('',#16152,#16208,#16232,.T.);
#16232 = LINE('',#16233,#16234);
#16233 = CARTESIAN_POINT('',(-41.180287,-28.,-42.650993));
#16234 = VECTOR('',#16235,1.);
#16235 = DIRECTION('',(1.,0.,0.));
#16236 = ORIENTED_EDGE('',*,*,#16151,.T.);
#16237 = ORIENTED_EDGE('',*,*,#14772,.F.);
#16238 = PLANE('',#16239);
#16239 = AXIS2_PLACEMENT_3D('',#16240,#16241,#16242);
#16240 = CARTESIAN_POINT('',(-41.180287,-30.,-42.650993));
#16241 = DIRECTION('',(0.,-2.2E-16,-1.));
#16242 = DIRECTION('',(1.,0.,0.));
#16243 = ADVANCED_FACE('',(#16244),#16255,.F.);
#16244 = FACE_BOUND('',#16245,.F.);
#16245 = EDGE_LOOP('',(#16246,#16252,#16253,#16254));
#16246 = ORIENTED_EDGE('',*,*,#16247,.T.);
#16247 = EDGE_CURVE('',#15021,#14844,#16248,.T.);
#16248 = LINE('',#16249,#16250);
#16249 = CARTESIAN_POINT('',(-17.5,40.,0.));
#16250 = VECTOR('',#16251,1.);
#16251 = DIRECTION('',(0.,0.,1.));
#16252 = ORIENTED_EDGE('',*,*,#14851,.T.);
#16253 = ORIENTED_EDGE('',*,*,#15195,.F.);
#16254 = ORIENTED_EDGE('',*,*,#15028,.F.);
#16255 = PLANE('',#16256);
#16256 = AXIS2_PLACEMENT_3D('',#16257,#16258,#16259);
#16257 = CARTESIAN_POINT('',(-17.5,40.,0.));
#16258 = DIRECTION('',(0.,-1.,0.));
#16259 = DIRECTION('',(-1.,0.,0.));
#16260 = ADVANCED_FACE('',(#16261),#16272,.F.);
#16261 = FACE_BOUND('',#16262,.F.);
#16262 = EDGE_LOOP('',(#16263,#16269,#16270,#16271));
#16263 = ORIENTED_EDGE('',*,*,#16264,.T.);
#16264 = EDGE_CURVE('',#15013,#14836,#16265,.T.);
#16265 = LINE('',#16266,#16267);
#16266 = CARTESIAN_POINT('',(-17.5,-9.659887,0.));
#16267 = VECTOR('',#16268,1.);
#16268 = DIRECTION('',(0.,0.,1.));
#16269 = ORIENTED_EDGE('',*,*,#14843,.T.);
#16270 = ORIENTED_EDGE('',*,*,#16247,.F.);
#16271 = ORIENTED_EDGE('',*,*,#15020,.F.);
#16272 = PLANE('',#16273);
#16273 = AXIS2_PLACEMENT_3D('',#16274,#16275,#16276);
#16274 = CARTESIAN_POINT('',(-17.5,-9.659887,0.));
#16275 = DIRECTION('',(-1.,0.,0.));
#16276 = DIRECTION('',(0.,1.,0.));
#16277 = ADVANCED_FACE('',(#16278),#16289,.F.);
#16278 = FACE_BOUND('',#16279,.F.);
#16279 = EDGE_LOOP('',(#16280,#16286,#16287,#16288));
#16280 = ORIENTED_EDGE('',*,*,#16281,.T.);
#16281 = EDGE_CURVE('',#15005,#14828,#16282,.T.);
#16282 = LINE('',#16283,#16284);
#16283 = CARTESIAN_POINT('',(17.5,-9.659887,0.));
#16284 = VECTOR('',#16285,1.);
#16285 = DIRECTION('',(0.,0.,1.));
#16286 = ORIENTED_EDGE('',*,*,#14835,.T.);
#16287 = ORIENTED_EDGE('',*,*,#16264,.F.);
#16288 = ORIENTED_EDGE('',*,*,#15012,.F.);
#16289 = PLANE('',#16290);
#16290 = AXIS2_PLACEMENT_3D('',#16291,#16292,#16293);
#16291 = CARTESIAN_POINT('',(17.5,-9.659887,0.));
#16292 = DIRECTION('',(-1.E-16,-1.,0.));
#16293 = DIRECTION('',(-1.,1.E-16,0.));
#16294 = ADVANCED_FACE('',(#16295),#16301,.F.);
#16295 = FACE_BOUND('',#16296,.F.);
#16296 = EDGE_LOOP('',(#16297,#16298,#16299,#16300));
#16297 = ORIENTED_EDGE('',*,*,#14980,.T.);
#16298 = ORIENTED_EDGE('',*,*,#14827,.T.);
#16299 = ORIENTED_EDGE('',*,*,#16281,.F.);
#16300 = ORIENTED_EDGE('',*,*,#15004,.F.);
#16301 = PLANE('',#16302);
#16302 = AXIS2_PLACEMENT_3D('',#16303,#16304,#16305);
#16303 = CARTESIAN_POINT('',(17.5,40.,0.));
#16304 = DIRECTION('',(1.,0.,0.));
#16305 = DIRECTION('',(0.,-1.,0.));
#16306 = ADVANCED_FACE('',(#16307),#16326,.F.);
#16307 = FACE_BOUND('',#16308,.T.);
#16308 = EDGE_LOOP('',(#16309,#16318,#16324,#16325));
#16309 = ORIENTED_EDGE('',*,*,#16310,.F.);
#16310 = EDGE_CURVE('',#16311,#16311,#16313,.T.);
#16311 = VERTEX_POINT('',#16312);
#16312 = CARTESIAN_POINT('',(-35.25,0.,2.));
#16313 = CIRCLE('',#16314,2.25);
#16314 = AXIS2_PLACEMENT_3D('',#16315,#16316,#16317);
#16315 = CARTESIAN_POINT('',(-37.5,0.,2.));
#16316 = DIRECTION('',(0.,0.,1.));
#16317 = DIRECTION('',(1.,0.,0.));
#16318 = ORIENTED_EDGE('',*,*,#16319,.T.);
#16319 = EDGE_CURVE('',#16311,#14860,#16320,.T.);
#16320 = LINE('',#16321,#16322);
#16321 = CARTESIAN_POINT('',(-35.25,0.,0.));
#16322 = VECTOR('',#16323,1.);
#16323 = DIRECTION('',(0.,0.,1.));
#16324 = ORIENTED_EDGE('',*,*,#14859,.T.);
#16325 = ORIENTED_EDGE('',*,*,#16319,.F.);
#16326 = CYLINDRICAL_SURFACE('',#16327,2.25);
#16327 = AXIS2_PLACEMENT_3D('',#16328,#16329,#16330);
#16328 = CARTESIAN_POINT('',(-37.5,0.,0.));
#16329 = DIRECTION('',(-0.,-0.,-1.));
#16330 = DIRECTION('',(1.,0.,0.));
#16331 = ADVANCED_FACE('',(#16332),#16351,.F.);
#16332 = FACE_BOUND('',#16333,.T.);
#16333 = EDGE_LOOP('',(#16334,#16343,#16349,#16350));
#16334 = ORIENTED_EDGE('',*,*,#16335,.F.);
#16335 = EDGE_CURVE('',#16336,#16336,#16338,.T.);
#16336 = VERTEX_POINT('',#16337);
#16337 = CARTESIAN_POINT('',(39.75,0.,2.));
#16338 = CIRCLE('',#16339,2.25);
#16339 = AXIS2_PLACEMENT_3D('',#16340,#16341,#16342);
#16340 = CARTESIAN_POINT('',(37.5,0.,2.));
#16341 = DIRECTION('',(0.,0.,1.));
#16342 = DIRECTION('',(1.,0.,0.));
#16343 = ORIENTED_EDGE('',*,*,#16344,.T.);
#16344 = EDGE_CURVE('',#16336,#14871,#16345,.T.);
#16345 = LINE('',#16346,#16347);
#16346 = CARTESIAN_POINT('',(39.75,0.,0.));
#16347 = VECTOR('',#16348,1.);
#16348 = DIRECTION('',(0.,0.,1.));
#16349 = ORIENTED_EDGE('',*,*,#14870,.T.);
#16350 = ORIENTED_EDGE('',*,*,#16344,.F.);
#16351 = CYLINDRICAL_SURFACE('',#16352,2.25);
#16352 = AXIS2_PLACEMENT_3D('',#16353,#16354,#16355);
#16353 = CARTESIAN_POINT('',(37.5,0.,0.));
#16354 = DIRECTION('',(-0.,-0.,-1.));
#16355 = DIRECTION('',(1.,0.,0.));
#16356 = ADVANCED_FACE('',(#16357),#16376,.F.);
#16357 = FACE_BOUND('',#16358,.T.);
#16358 = EDGE_LOOP('',(#16359,#16368,#16374,#16375));
#16359 = ORIENTED_EDGE('',*,*,#16360,.F.);
#16360 = EDGE_CURVE('',#16361,#16361,#16363,.T.);
#16361 = VERTEX_POINT('',#16362);
#16362 = CARTESIAN_POINT('',(-35.25,14.09116,2.));
#16363 = CIRCLE('',#16364,2.25);
#16364 = AXIS2_PLACEMENT_3D('',#16365,#16366,#16367);
#16365 = CARTESIAN_POINT('',(-37.5,14.09116,2.));
#16366 = DIRECTION('',(0.,0.,1.));
#16367 = DIRECTION('',(1.,0.,0.));
#16368 = ORIENTED_EDGE('',*,*,#16369,.T.);
#16369 = EDGE_CURVE('',#16361,#14882,#16370,.T.);
#16370 = LINE('',#16371,#16372);
#16371 = CARTESIAN_POINT('',(-35.25,14.09116,0.));
#16372 = VECTOR('',#16373,1.);
#16373 = DIRECTION('',(0.,0.,1.));
#16374 = ORIENTED_EDGE('',*,*,#14881,.T.);
#16375 = ORIENTED_EDGE('',*,*,#16369,.F.);
#16376 = CYLINDRICAL_SURFACE('',#16377,2.25);
#16377 = AXIS2_PLACEMENT_3D('',#16378,#16379,#16380);
#16378 = CARTESIAN_POINT('',(-37.5,14.09116,0.));
#16379 = DIRECTION('',(-0.,-0.,-1.));
#16380 = DIRECTION('',(1.,0.,0.));
#16381 = ADVANCED_FACE('',(#16382),#16401,.F.);
#16382 = FACE_BOUND('',#16383,.T.);
#16383 = EDGE_LOOP('',(#16384,#16393,#16399,#16400));
#16384 = ORIENTED_EDGE('',*,*,#16385,.F.);
#16385 = EDGE_CURVE('',#16386,#16386,#16388,.T.);
#16386 = VERTEX_POINT('',#16387);
#16387 = CARTESIAN_POINT('',(39.75,14.09116,2.));
#16388 = CIRCLE('',#16389,2.25);
#16389 = AXIS2_PLACEMENT_3D('',#16390,#16391,#16392);
#16390 = CARTESIAN_POINT('',(37.5,14.09116,2.));
#16391 = DIRECTION('',(0.,0.,1.));
#16392 = DIRECTION('',(1.,0.,0.));
#16393 = ORIENTED_EDGE('',*,*,#16394,.T.);
#16394 = EDGE_CURVE('',#16386,#14893,#16395,.T.);
#16395 = LINE('',#16396,#16397);
#16396 = CARTESIAN_POINT('',(39.75,14.09116,0.));
#16397 = VECTOR('',#16398,1.);
#16398 = DIRECTION('',(0.,0.,1.));
#16399 = ORIENTED_EDGE('',*,*,#14892,.T.);
#16400 = ORIENTED_EDGE('',*,*,#16394,.F.);
#16401 = CYLINDRICAL_SURFACE('',#16402,2.25);
#16402 = AXIS2_PLACEMENT_3D('',#16403,#16404,#16405);
#16403 = CARTESIAN_POINT('',(37.5,14.09116,0.));
#16404 = DIRECTION('',(-0.,-0.,-1.));
#16405 = DIRECTION('',(1.,0.,0.));
#16406 = ADVANCED_FACE('',(#16407),#16426,.F.);
#16407 = FACE_BOUND('',#16408,.T.);
#16408 = EDGE_LOOP('',(#16409,#16418,#16424,#16425));
#16409 = ORIENTED_EDGE('',*,*,#16410,.F.);
#16410 = EDGE_CURVE('',#16411,#16411,#16413,.T.);
#16411 = VERTEX_POINT('',#16412);
#16412 = CARTESIAN_POINT('',(-35.25,-15.058182,2.));
#16413 = CIRCLE('',#16414,2.25);
#16414 = AXIS2_PLACEMENT_3D('',#16415,#16416,#16417);
#16415 = CARTESIAN_POINT('',(-37.5,-15.058182,2.));
#16416 = DIRECTION('',(0.,0.,1.));
#16417 = DIRECTION('',(1.,0.,0.));
#16418 = ORIENTED_EDGE('',*,*,#16419,.T.);
#16419 = EDGE_CURVE('',#16411,#14904,#16420,.T.);
#16420 = LINE('',#16421,#16422);
#16421 = CARTESIAN_POINT('',(-35.25,-15.058182,0.));
#16422 = VECTOR('',#16423,1.);
#16423 = DIRECTION('',(0.,0.,1.));
#16424 = ORIENTED_EDGE('',*,*,#14903,.T.);
#16425 = ORIENTED_EDGE('',*,*,#16419,.F.);
#16426 = CYLINDRICAL_SURFACE('',#16427,2.25);
#16427 = AXIS2_PLACEMENT_3D('',#16428,#16429,#16430);
#16428 = CARTESIAN_POINT('',(-37.5,-15.058182,0.));
#16429 = DIRECTION('',(-0.,-0.,-1.));
#16430 = DIRECTION('',(1.,0.,0.));
#16431 = ADVANCED_FACE('',(#16432),#16451,.F.);
#16432 = FACE_BOUND('',#16433,.T.);
#16433 = EDGE_LOOP('',(#16434,#16443,#16449,#16450));
#16434 = ORIENTED_EDGE('',*,*,#16435,.F.);
#16435 = EDGE_CURVE('',#16436,#16436,#16438,.T.);
#16436 = VERTEX_POINT('',#16437);
#16437 = CARTESIAN_POINT('',(39.75,-15.058182,2.));
#16438 = CIRCLE('',#16439,2.25);
#16439 = AXIS2_PLACEMENT_3D('',#16440,#16441,#16442);
#16440 = CARTESIAN_POINT('',(37.5,-15.058182,2.));
#16441 = DIRECTION('',(0.,0.,1.));
#16442 = DIRECTION('',(1.,0.,0.));
#16443 = ORIENTED_EDGE('',*,*,#16444,.T.);
#16444 = EDGE_CURVE('',#16436,#14915,#16445,.T.);
#16445 = LINE('',#16446,#16447);
#16446 = CARTESIAN_POINT('',(39.75,-15.058182,0.));
#16447 = VECTOR('',#16448,1.);
#16448 = DIRECTION('',(0.,0.,1.));
#16449 = ORIENTED_EDGE('',*,*,#14914,.T.);
#16450 = ORIENTED_EDGE('',*,*,#16444,.F.);
#16451 = CYLINDRICAL_SURFACE('',#16452,2.25);
#16452 = AXIS2_PLACEMENT_3D('',#16453,#16454,#16455);
#16453 = CARTESIAN_POINT('',(37.5,-15.058182,0.));
#16454 = DIRECTION('',(-0.,-0.,-1.));
#16455 = DIRECTION('',(1.,0.,0.));
#16456 = ADVANCED_FACE('',(#16457),#16476,.F.);
#16457 = FACE_BOUND('',#16458,.T.);
#16458 = EDGE_LOOP('',(#16459,#16468,#16474,#16475));
#16459 = ORIENTED_EDGE('',*,*,#16460,.F.);
#16460 = EDGE_CURVE('',#16461,#16461,#16463,.T.);
#16461 = VERTEX_POINT('',#16462);
#16462 = CARTESIAN_POINT('',(-35.25,28.008329,2.));
#16463 = CIRCLE('',#16464,2.25);
#16464 = AXIS2_PLACEMENT_3D('',#16465,#16466,#16467);
#16465 = CARTESIAN_POINT('',(-37.5,28.008329,2.));
#16466 = DIRECTION('',(0.,0.,1.));
#16467 = DIRECTION('',(1.,0.,0.));
#16468 = ORIENTED_EDGE('',*,*,#16469,.T.);
#16469 = EDGE_CURVE('',#16461,#14926,#16470,.T.);
#16470 = LINE('',#16471,#16472);
#16471 = CARTESIAN_POINT('',(-35.25,28.008329,0.));
#16472 = VECTOR('',#16473,1.);
#16473 = DIRECTION('',(0.,0.,1.));
#16474 = ORIENTED_EDGE('',*,*,#14925,.T.);
#16475 = ORIENTED_EDGE('',*,*,#16469,.F.);
#16476 = CYLINDRICAL_SURFACE('',#16477,2.25);
#16477 = AXIS2_PLACEMENT_3D('',#16478,#16479,#16480);
#16478 = CARTESIAN_POINT('',(-37.5,28.008329,0.));
#16479 = DIRECTION('',(-0.,-0.,-1.));
#16480 = DIRECTION('',(1.,0.,0.));
#16481 = ADVANCED_FACE('',(#16482),#16501,.F.);
#16482 = FACE_BOUND('',#16483,.T.);
#16483 = EDGE_LOOP('',(#16484,#16493,#16499,#16500));
#16484 = ORIENTED_EDGE('',*,*,#16485,.F.);
#16485 = EDGE_CURVE('',#16486,#16486,#16488,.T.);
#16486 = VERTEX_POINT('',#16487);
#16487 = CARTESIAN_POINT('',(39.75,28.008329,2.));
#16488 = CIRCLE('',#16489,2.25);
#16489 = AXIS2_PLACEMENT_3D('',#16490,#16491,#16492);
#16490 = CARTESIAN_POINT('',(37.5,28.008329,2.));
#16491 = DIRECTION('',(0.,0.,1.));
#16492 = DIRECTION('',(1.,0.,0.));
#16493 = ORIENTED_EDGE('',*,*,#16494,.T.);
#16494 = EDGE_CURVE('',#16486,#14937,#16495,.T.);
#16495 = LINE('',#16496,#16497);
#16496 = CARTESIAN_POINT('',(39.75,28.008329,0.));
#16497 = VECTOR('',#16498,1.);
#16498 = DIRECTION('',(0.,0.,1.));
#16499 = ORIENTED_EDGE('',*,*,#14936,.T.);
#16500 = ORIENTED_EDGE('',*,*,#16494,.F.);
#16501 = CYLINDRICAL_SURFACE('',#16502,2.25);
#16502 = AXIS2_PLACEMENT_3D('',#16503,#16504,#16505);
#16503 = CARTESIAN_POINT('',(37.5,28.008329,0.));
#16504 = DIRECTION('',(-0.,-0.,-1.));
#16505 = DIRECTION('',(1.,0.,0.));
#16506 = ADVANCED_FACE('',(#16507),#16528,.F.);
#16507 = FACE_BOUND('',#16508,.T.);
#16508 = EDGE_LOOP('',(#16509,#16510,#16518,#16525,#16526,#16527));
#16509 = ORIENTED_EDGE('',*,*,#15078,.F.);
#16510 = ORIENTED_EDGE('',*,*,#16511,.T.);
#16511 = EDGE_CURVE('',#15079,#16512,#16514,.T.);
#16512 = VERTEX_POINT('',#16513);
#16513 = CARTESIAN_POINT('',(40.5,-15.058182,2.));
#16514 = LINE('',#16515,#16516);
#16515 = CARTESIAN_POINT('',(40.5,-15.058182,0.));
#16516 = VECTOR('',#16517,1.);
#16517 = DIRECTION('',(0.,0.,1.));
#16518 = ORIENTED_EDGE('',*,*,#16519,.T.);
#16519 = EDGE_CURVE('',#16512,#16512,#16520,.T.);
#16520 = CIRCLE('',#16521,3.);
#16521 = AXIS2_PLACEMENT_3D('',#16522,#16523,#16524);
#16522 = CARTESIAN_POINT('',(37.5,-15.058182,2.));
#16523 = DIRECTION('',(0.,0.,1.));
#16524 = DIRECTION('',(1.,0.,0.));
#16525 = ORIENTED_EDGE('',*,*,#16511,.F.);
#16526 = ORIENTED_EDGE('',*,*,#15087,.F.);
#16527 = ORIENTED_EDGE('',*,*,#15404,.T.);
#16528 = CYLINDRICAL_SURFACE('',#16529,3.);
#16529 = AXIS2_PLACEMENT_3D('',#16530,#16531,#16532);
#16530 = CARTESIAN_POINT('',(37.5,-15.058182,0.));
#16531 = DIRECTION('',(-0.,-0.,-1.));
#16532 = DIRECTION('',(1.,0.,0.));
#16533 = ADVANCED_FACE('',(#16534),#16555,.F.);
#16534 = FACE_BOUND('',#16535,.T.);
#16535 = EDGE_LOOP('',(#16536,#16537,#16545,#16552,#16553,#16554));
#16536 = ORIENTED_EDGE('',*,*,#15052,.F.);
#16537 = ORIENTED_EDGE('',*,*,#16538,.T.);
#16538 = EDGE_CURVE('',#15053,#16539,#16541,.T.);
#16539 = VERTEX_POINT('',#16540);
#16540 = CARTESIAN_POINT('',(-34.5,-15.058182,2.));
#16541 = LINE('',#16542,#16543);
#16542 = CARTESIAN_POINT('',(-34.5,-15.058182,0.));
#16543 = VECTOR('',#16544,1.);
#16544 = DIRECTION('',(0.,0.,1.));
#16545 = ORIENTED_EDGE('',*,*,#16546,.T.);
#16546 = EDGE_CURVE('',#16539,#16539,#16547,.T.);
#16547 = CIRCLE('',#16548,3.);
#16548 = AXIS2_PLACEMENT_3D('',#16549,#16550,#16551);
#16549 = CARTESIAN_POINT('',(-37.5,-15.058182,2.));
#16550 = DIRECTION('',(0.,0.,1.));
#16551 = DIRECTION('',(1.,0.,0.));
#16552 = ORIENTED_EDGE('',*,*,#16538,.F.);
#16553 = ORIENTED_EDGE('',*,*,#15061,.F.);
#16554 = ORIENTED_EDGE('',*,*,#15654,.T.);
#16555 = CYLINDRICAL_SURFACE('',#16556,3.);
#16556 = AXIS2_PLACEMENT_3D('',#16557,#16558,#16559);
#16557 = CARTESIAN_POINT('',(-37.5,-15.058182,0.));
#16558 = DIRECTION('',(-0.,-0.,-1.));
#16559 = DIRECTION('',(1.,0.,0.));
#16560 = ADVANCED_FACE('',(#16561),#16580,.F.);
#16561 = FACE_BOUND('',#16562,.T.);
#16562 = EDGE_LOOP('',(#16563,#16571,#16578,#16579));
#16563 = ORIENTED_EDGE('',*,*,#16564,.T.);
#16564 = EDGE_CURVE('',#15098,#16565,#16567,.T.);
#16565 = VERTEX_POINT('',#16566);
#16566 = CARTESIAN_POINT('',(-34.5,0.,2.));
#16567 = LINE('',#16568,#16569);
#16568 = CARTESIAN_POINT('',(-34.5,0.,0.));
#16569 = VECTOR('',#16570,1.);
#16570 = DIRECTION('',(0.,0.,1.));
#16571 = ORIENTED_EDGE('',*,*,#16572,.T.);
#16572 = EDGE_CURVE('',#16565,#16565,#16573,.T.);
#16573 = CIRCLE('',#16574,3.);
#16574 = AXIS2_PLACEMENT_3D('',#16575,#16576,#16577);
#16575 = CARTESIAN_POINT('',(-37.5,0.,2.));
#16576 = DIRECTION('',(0.,0.,1.));
#16577 = DIRECTION('',(1.,0.,0.));
#16578 = ORIENTED_EDGE('',*,*,#16564,.F.);
#16579 = ORIENTED_EDGE('',*,*,#15097,.F.);
#16580 = CYLINDRICAL_SURFACE('',#16581,3.);
#16581 = AXIS2_PLACEMENT_3D('',#16582,#16583,#16584);
#16582 = CARTESIAN_POINT('',(-37.5,0.,0.));
#16583 = DIRECTION('',(-0.,-0.,-1.));
#16584 = DIRECTION('',(1.,0.,0.));
#16585 = ADVANCED_FACE('',(#16586),#16605,.F.);
#16586 = FACE_BOUND('',#16587,.T.);
#16587 = EDGE_LOOP('',(#16588,#16596,#16603,#16604));
#16588 = ORIENTED_EDGE('',*,*,#16589,.T.);
#16589 = EDGE_CURVE('',#15109,#16590,#16592,.T.);
#16590 = VERTEX_POINT('',#16591);
#16591 = CARTESIAN_POINT('',(40.5,0.,2.));
#16592 = LINE('',#16593,#16594);
#16593 = CARTESIAN_POINT('',(40.5,0.,0.));
#16594 = VECTOR('',#16595,1.);
#16595 = DIRECTION('',(0.,0.,1.));
#16596 = ORIENTED_EDGE('',*,*,#16597,.T.);
#16597 = EDGE_CURVE('',#16590,#16590,#16598,.T.);
#16598 = CIRCLE('',#16599,3.);
#16599 = AXIS2_PLACEMENT_3D('',#16600,#16601,#16602);
#16600 = CARTESIAN_POINT('',(37.5,0.,2.));
#16601 = DIRECTION('',(0.,0.,1.));
#16602 = DIRECTION('',(1.,0.,0.));
#16603 = ORIENTED_EDGE('',*,*,#16589,.F.);
#16604 = ORIENTED_EDGE('',*,*,#15108,.F.);
#16605 = CYLINDRICAL_SURFACE('',#16606,3.);
#16606 = AXIS2_PLACEMENT_3D('',#16607,#16608,#16609);
#16607 = CARTESIAN_POINT('',(37.5,0.,0.));
#16608 = DIRECTION('',(-0.,-0.,-1.));
#16609 = DIRECTION('',(1.,0.,0.));
#16610 = ADVANCED_FACE('',(#16611),#16630,.F.);
#16611 = FACE_BOUND('',#16612,.T.);
#16612 = EDGE_LOOP('',(#16613,#16621,#16628,#16629));
#16613 = ORIENTED_EDGE('',*,*,#16614,.T.);
#16614 = EDGE_CURVE('',#15120,#16615,#16617,.T.);
#16615 = VERTEX_POINT('',#16616);
#16616 = CARTESIAN_POINT('',(-34.5,14.09116,2.));
#16617 = LINE('',#16618,#16619);
#16618 = CARTESIAN_POINT('',(-34.5,14.09116,0.));
#16619 = VECTOR('',#16620,1.);
#16620 = DIRECTION('',(0.,0.,1.));
#16621 = ORIENTED_EDGE('',*,*,#16622,.T.);
#16622 = EDGE_CURVE('',#16615,#16615,#16623,.T.);
#16623 = CIRCLE('',#16624,3.);
#16624 = AXIS2_PLACEMENT_3D('',#16625,#16626,#16627);
#16625 = CARTESIAN_POINT('',(-37.5,14.09116,2.));
#16626 = DIRECTION('',(0.,0.,1.));
#16627 = DIRECTION('',(1.,0.,0.));
#16628 = ORIENTED_EDGE('',*,*,#16614,.F.);
#16629 = ORIENTED_EDGE('',*,*,#15119,.F.);
#16630 = CYLINDRICAL_SURFACE('',#16631,3.);
#16631 = AXIS2_PLACEMENT_3D('',#16632,#16633,#16634);
#16632 = CARTESIAN_POINT('',(-37.5,14.09116,0.));
#16633 = DIRECTION('',(-0.,-0.,-1.));
#16634 = DIRECTION('',(1.,0.,0.));
#16635 = ADVANCED_FACE('',(#16636),#16655,.F.);
#16636 = FACE_BOUND('',#16637,.T.);
#16637 = EDGE_LOOP('',(#16638,#16646,#16653,#16654));
#16638 = ORIENTED_EDGE('',*,*,#16639,.T.);
#16639 = EDGE_CURVE('',#15131,#16640,#16642,.T.);
#16640 = VERTEX_POINT('',#16641);
#16641 = CARTESIAN_POINT('',(-34.5,28.008329,2.));
#16642 = LINE('',#16643,#16644);
#16643 = CARTESIAN_POINT('',(-34.5,28.008329,0.));
#16644 = VECTOR('',#16645,1.);
#16645 = DIRECTION('',(0.,0.,1.));
#16646 = ORIENTED_EDGE('',*,*,#16647,.T.);
#16647 = EDGE_CURVE('',#16640,#16640,#16648,.T.);
#16648 = CIRCLE('',#16649,3.);
#16649 = AXIS2_PLACEMENT_3D('',#16650,#16651,#16652);
#16650 = CARTESIAN_POINT('',(-37.5,28.008329,2.));
#16651 = DIRECTION('',(0.,0.,1.));
#16652 = DIRECTION('',(1.,0.,0.));
#16653 = ORIENTED_EDGE('',*,*,#16639,.F.);
#16654 = ORIENTED_EDGE('',*,*,#15130,.F.);
#16655 = CYLINDRICAL_SURFACE('',#16656,3.);
#16656 = AXIS2_PLACEMENT_3D('',#16657,#16658,#16659);
#16657 = CARTESIAN_POINT('',(-37.5,28.008329,0.));
#16658 = DIRECTION('',(-0.,-0.,-1.));
#16659 = DIRECTION('',(1.,0.,0.));
#16660 = ADVANCED_FACE('',(#16661),#16680,.F.);
#16661 = FACE_BOUND('',#16662,.T.);
#16662 = EDGE_LOOP('',(#16663,#16671,#16678,#16679));
#16663 = ORIENTED_EDGE('',*,*,#16664,.T.);
#16664 = EDGE_CURVE('',#15142,#16665,#16667,.T.);
#16665 = VERTEX_POINT('',#16666);
#16666 = CARTESIAN_POINT('',(40.5,14.09116,2.));
#16667 = LINE('',#16668,#16669);
#16668 = CARTESIAN_POINT('',(40.5,14.09116,0.));
#16669 = VECTOR('',#16670,1.);
#16670 = DIRECTION('',(0.,0.,1.));
#16671 = ORIENTED_EDGE('',*,*,#16672,.T.);
#16672 = EDGE_CURVE('',#16665,#16665,#16673,.T.);
#16673 = CIRCLE('',#16674,3.);
#16674 = AXIS2_PLACEMENT_3D('',#16675,#16676,#16677);
#16675 = CARTESIAN_POINT('',(37.5,14.09116,2.));
#16676 = DIRECTION('',(0.,0.,1.));
#16677 = DIRECTION('',(1.,0.,0.));
#16678 = ORIENTED_EDGE('',*,*,#16664,.F.);
#16679 = ORIENTED_EDGE('',*,*,#15141,.F.);
#16680 = CYLINDRICAL_SURFACE('',#16681,3.);
#16681 = AXIS2_PLACEMENT_3D('',#16682,#16683,#16684);
#16682 = CARTESIAN_POINT('',(37.5,14.09116,0.));
#16683 = DIRECTION('',(-0.,-0.,-1.));
#16684 = DIRECTION('',(1.,0.,0.));
#16685 = ADVANCED_FACE('',(#16686),#16705,.F.);
#16686 = FACE_BOUND('',#16687,.T.);
#16687 = EDGE_LOOP('',(#16688,#16696,#16703,#16704));
#16688 = ORIENTED_EDGE('',*,*,#16689,.T.);
#16689 = EDGE_CURVE('',#15153,#16690,#16692,.T.);
#16690 = VERTEX_POINT('',#16691);
#16691 = CARTESIAN_POINT('',(40.5,28.008329,2.));
#16692 = LINE('',#16693,#16694);
#16693 = CARTESIAN_POINT('',(40.5,28.008329,0.));
#16694 = VECTOR('',#16695,1.);
#16695 = DIRECTION('',(0.,0.,1.));
#16696 = ORIENTED_EDGE('',*,*,#16697,.T.);
#16697 = EDGE_CURVE('',#16690,#16690,#16698,.T.);
#16698 = CIRCLE('',#16699,3.);
#16699 = AXIS2_PLACEMENT_3D('',#16700,#16701,#16702);
#16700 = CARTESIAN_POINT('',(37.5,28.008329,2.));
#16701 = DIRECTION('',(0.,0.,1.));
#16702 = DIRECTION('',(1.,0.,0.));
#16703 = ORIENTED_EDGE('',*,*,#16689,.F.);
#16704 = ORIENTED_EDGE('',*,*,#15152,.F.);
#16705 = CYLINDRICAL_SURFACE('',#16706,3.);
#16706 = AXIS2_PLACEMENT_3D('',#16707,#16708,#16709);
#16707 = CARTESIAN_POINT('',(37.5,28.008329,0.));
#16708 = DIRECTION('',(-0.,-0.,-1.));
#16709 = DIRECTION('',(1.,0.,0.));
#16710 = ADVANCED_FACE('',(#16711),#16717,.T.);
#16711 = FACE_BOUND('',#16712,.F.);
#16712 = EDGE_LOOP('',(#16713,#16714,#16715,#16716));
#16713 = ORIENTED_EDGE('',*,*,#15225,.T.);
#16714 = ORIENTED_EDGE('',*,*,#15250,.T.);
#16715 = ORIENTED_EDGE('',*,*,#15178,.F.);
#16716 = ORIENTED_EDGE('',*,*,#15211,.F.);
#16717 = CYLINDRICAL_SURFACE('',#16718,2.);
#16718 = AXIS2_PLACEMENT_3D('',#16719,#16720,#16721);
#16719 = CARTESIAN_POINT('',(-53.,-28.,5.));
#16720 = DIRECTION('',(0.,0.,-1.));
#16721 = DIRECTION('',(-1.,-0.,-0.));
#16722 = ADVANCED_FACE('',(#16723),#16741,.T.);
#16723 = FACE_BOUND('',#16724,.F.);
#16724 = EDGE_LOOP('',(#16725,#16732,#16733,#16740));
#16725 = ORIENTED_EDGE('',*,*,#16726,.T.);
#16726 = EDGE_CURVE('',#15262,#15872,#16727,.T.);
#16727 = ELLIPSE('',#16728,2.828427124746,2.);
#16728 = AXIS2_PLACEMENT_3D('',#16729,#16730,#16731);
#16729 = CARTESIAN_POINT('',(-43.1802872707,-28.,-49.44736000291));
#16730 = DIRECTION('',(0.707106781187,1.6E-16,0.707106781187));
#16731 = DIRECTION('',(0.707106781187,-1.6E-16,-0.707106781187));
#16732 = ORIENTED_EDGE('',*,*,#15871,.T.);
#16733 = ORIENTED_EDGE('',*,*,#16734,.F.);
#16734 = EDGE_CURVE('',#15264,#15864,#16735,.T.);
#16735 = ELLIPSE('',#16736,2.828427124746,2.);
#16736 = AXIS2_PLACEMENT_3D('',#16737,#16738,#16739);
#16737 = CARTESIAN_POINT('',(-43.1802872707,-28.,-58.44736000291));
#16738 = DIRECTION('',(-0.707106781187,1.6E-16,0.707106781187));
#16739 = DIRECTION('',(-0.707106781187,-1.6E-16,-0.707106781187));
#16740 = ORIENTED_EDGE('',*,*,#15261,.F.);
#16741 = CYLINDRICAL_SURFACE('',#16742,2.);
#16742 = AXIS2_PLACEMENT_3D('',#16743,#16744,#16745);
#16743 = CARTESIAN_POINT('',(-43.1802872707,-28.,-51.44736000291));
#16744 = DIRECTION('',(0.,-2.2E-16,-1.));
#16745 = DIRECTION('',(0.,-1.,2.2E-16));
#16746 = ADVANCED_FACE('',(#16747),#16759,.T.);
#16747 = FACE_BOUND('',#16748,.F.);
#16748 = EDGE_LOOP('',(#16749,#16756,#16757,#16758));
#16749 = ORIENTED_EDGE('',*,*,#16750,.T.);
#16750 = EDGE_CURVE('',#15272,#15896,#16751,.T.);
#16751 = ELLIPSE('',#16752,2.828427124746,2.);
#16752 = AXIS2_PLACEMENT_3D('',#16753,#16754,#16755);
#16753 = CARTESIAN_POINT('',(40.819712729295,-28.,-49.44736000291));
#16754 = DIRECTION('',(0.707106781187,-1.6E-16,-0.707106781187));
#16755 = DIRECTION('',(0.707106781187,1.6E-16,0.707106781187));
#16756 = ORIENTED_EDGE('',*,*,#15895,.T.);
#16757 = ORIENTED_EDGE('',*,*,#16726,.F.);
#16758 = ORIENTED_EDGE('',*,*,#15271,.F.);
#16759 = CYLINDRICAL_SURFACE('',#16760,2.);
#16760 = AXIS2_PLACEMENT_3D('',#16761,#16762,#16763);
#16761 = CARTESIAN_POINT('',(38.819712729295,-28.,-49.44736000291));
#16762 = DIRECTION('',(-1.,0.,0.));
#16763 = DIRECTION('',(0.,-1.,0.));
#16764 = ADVANCED_FACE('',(#16765),#16777,.T.);
#16765 = FACE_BOUND('',#16766,.F.);
#16766 = EDGE_LOOP('',(#16767,#16768,#16769,#16776));
#16767 = ORIENTED_EDGE('',*,*,#16734,.T.);
#16768 = ORIENTED_EDGE('',*,*,#15943,.T.);
#16769 = ORIENTED_EDGE('',*,*,#16770,.F.);
#16770 = EDGE_CURVE('',#15280,#15920,#16771,.T.);
#16771 = ELLIPSE('',#16772,2.828427124746,2.);
#16772 = AXIS2_PLACEMENT_3D('',#16773,#16774,#16775);
#16773 = CARTESIAN_POINT('',(40.819712729295,-28.,-58.44736000291));
#16774 = DIRECTION('',(-0.707106781187,-1.6E-16,-0.707106781187));
#16775 = DIRECTION('',(0.707106781187,-1.6E-16,-0.707106781187));
#16776 = ORIENTED_EDGE('',*,*,#15287,.F.);
#16777 = CYLINDRICAL_SURFACE('',#16778,2.);
#16778 = AXIS2_PLACEMENT_3D('',#16779,#16780,#16781);
#16779 = CARTESIAN_POINT('',(-41.1802872707,-28.,-58.44736000291));
#16780 = DIRECTION('',(1.,0.,0.));
#16781 = DIRECTION('',(0.,-1.,0.));
#16782 = ADVANCED_FACE('',(#16783),#16789,.T.);
#16783 = FACE_BOUND('',#16784,.F.);
#16784 = EDGE_LOOP('',(#16785,#16786,#16787,#16788));
#16785 = ORIENTED_EDGE('',*,*,#16770,.T.);
#16786 = ORIENTED_EDGE('',*,*,#15919,.T.);
#16787 = ORIENTED_EDGE('',*,*,#16750,.F.);
#16788 = ORIENTED_EDGE('',*,*,#15279,.F.);
#16789 = CYLINDRICAL_SURFACE('',#16790,2.);
#16790 = AXIS2_PLACEMENT_3D('',#16791,#16792,#16793);
#16791 = CARTESIAN_POINT('',(40.819712729295,-28.,-56.44736000291));
#16792 = DIRECTION('',(0.,2.2E-16,1.));
#16793 = DIRECTION('',(0.,-1.,2.2E-16));
#16794 = ADVANCED_FACE('',(#16795),#16813,.T.);
#16795 = FACE_BOUND('',#16796,.F.);
#16796 = EDGE_LOOP('',(#16797,#16804,#16805,#16812));
#16797 = ORIENTED_EDGE('',*,*,#16798,.T.);
#16798 = EDGE_CURVE('',#15296,#16160,#16799,.T.);
#16799 = ELLIPSE('',#16800,2.828427124746,2.);
#16800 = AXIS2_PLACEMENT_3D('',#16801,#16802,#16803);
#16801 = CARTESIAN_POINT('',(-43.180287,-28.,-35.650993));
#16802 = DIRECTION('',(0.707106781187,1.6E-16,0.707106781187));
#16803 = DIRECTION('',(0.707106781187,-1.6E-16,-0.707106781187));
#16804 = ORIENTED_EDGE('',*,*,#16159,.T.);
#16805 = ORIENTED_EDGE('',*,*,#16806,.F.);
#16806 = EDGE_CURVE('',#15298,#16152,#16807,.T.);
#16807 = ELLIPSE('',#16808,2.828427124746,2.);
#16808 = AXIS2_PLACEMENT_3D('',#16809,#16810,#16811);
#16809 = CARTESIAN_POINT('',(-43.180287,-28.,-44.650993));
#16810 = DIRECTION('',(-0.707106781187,1.6E-16,0.707106781187));
#16811 = DIRECTION('',(-0.707106781187,-1.6E-16,-0.707106781187));
#16812 = ORIENTED_EDGE('',*,*,#15295,.F.);
#16813 = CYLINDRICAL_SURFACE('',#16814,2.);
#16814 = AXIS2_PLACEMENT_3D('',#16815,#16816,#16817);
#16815 = CARTESIAN_POINT('',(-43.180287,-28.,-37.650993));
#16816 = DIRECTION('',(0.,-2.2E-16,-1.));
#16817 = DIRECTION('',(0.,-1.,2.2E-16));
#16818 = ADVANCED_FACE('',(#16819),#16831,.T.);
#16819 = FACE_BOUND('',#16820,.F.);
#16820 = EDGE_LOOP('',(#16821,#16828,#16829,#16830));
#16821 = ORIENTED_EDGE('',*,*,#16822,.T.);
#16822 = EDGE_CURVE('',#15306,#16184,#16823,.T.);
#16823 = ELLIPSE('',#16824,2.828427124746,2.);
#16824 = AXIS2_PLACEMENT_3D('',#16825,#16826,#16827);
#16825 = CARTESIAN_POINT('',(40.819713,-28.,-35.650993));
#16826 = DIRECTION('',(0.707106781187,-1.6E-16,-0.707106781187));
#16827 = DIRECTION('',(0.707106781187,1.6E-16,0.707106781187));
#16828 = ORIENTED_EDGE('',*,*,#16183,.T.);
#16829 = ORIENTED_EDGE('',*,*,#16798,.F.);
#16830 = ORIENTED_EDGE('',*,*,#15305,.F.);
#16831 = CYLINDRICAL_SURFACE('',#16832,2.);
#16832 = AXIS2_PLACEMENT_3D('',#16833,#16834,#16835);
#16833 = CARTESIAN_POINT('',(38.819713,-28.,-35.650993));
#16834 = DIRECTION('',(-1.,0.,0.));
#16835 = DIRECTION('',(0.,-1.,0.));
#16836 = ADVANCED_FACE('',(#16837),#16849,.T.);
#16837 = FACE_BOUND('',#16838,.F.);
#16838 = EDGE_LOOP('',(#16839,#16840,#16841,#16848));
#16839 = ORIENTED_EDGE('',*,*,#16806,.T.);
#16840 = ORIENTED_EDGE('',*,*,#16231,.T.);
#16841 = ORIENTED_EDGE('',*,*,#16842,.F.);
#16842 = EDGE_CURVE('',#15314,#16208,#16843,.T.);
#16843 = ELLIPSE('',#16844,2.828427124746,2.);
#16844 = AXIS2_PLACEMENT_3D('',#16845,#16846,#16847);
#16845 = CARTESIAN_POINT('',(40.819713,-28.,-44.650993));
#16846 = DIRECTION('',(-0.707106781187,-1.6E-16,-0.707106781187));
#16847 = DIRECTION('',(0.707106781187,-1.6E-16,-0.707106781187));
#16848 = ORIENTED_EDGE('',*,*,#15321,.F.);
#16849 = CYLINDRICAL_SURFACE('',#16850,2.);
#16850 = AXIS2_PLACEMENT_3D('',#16851,#16852,#16853);
#16851 = CARTESIAN_POINT('',(-41.180287,-28.,-44.650993));
#16852 = DIRECTION('',(1.,0.,0.));
#16853 = DIRECTION('',(0.,-1.,0.));
#16854 = ADVANCED_FACE('',(#16855),#16861,.T.);
#16855 = FACE_BOUND('',#16856,.F.);
#16856 = EDGE_LOOP('',(#16857,#16858,#16859,#16860));
#16857 = ORIENTED_EDGE('',*,*,#16842,.T.);
#16858 = ORIENTED_EDGE('',*,*,#16207,.T.);
#16859 = ORIENTED_EDGE('',*,*,#16822,.F.);
#16860 = ORIENTED_EDGE('',*,*,#15313,.F.);
#16861 = CYLINDRICAL_SURFACE('',#16862,2.);
#16862 = AXIS2_PLACEMENT_3D('',#16863,#16864,#16865);
#16863 = CARTESIAN_POINT('',(40.819713,-28.,-42.650993));
#16864 = DIRECTION('',(0.,2.2E-16,1.));
#16865 = DIRECTION('',(0.,-1.,2.2E-16));
#16866 = ADVANCED_FACE('',(#16867),#16885,.T.);
#16867 = FACE_BOUND('',#16868,.F.);
#16868 = EDGE_LOOP('',(#16869,#16876,#16877,#16884));
#16869 = ORIENTED_EDGE('',*,*,#16870,.T.);
#16870 = EDGE_CURVE('',#15330,#16064,#16871,.T.);
#16871 = ELLIPSE('',#16872,2.828427124746,2.);
#16872 = AXIS2_PLACEMENT_3D('',#16873,#16874,#16875);
#16873 = CARTESIAN_POINT('',(-43.180287,-28.,-67.423223));
#16874 = DIRECTION('',(0.707106781187,1.6E-16,0.707106781187));
#16875 = DIRECTION('',(0.707106781187,-1.6E-16,-0.707106781187));
#16876 = ORIENTED_EDGE('',*,*,#16063,.T.);
#16877 = ORIENTED_EDGE('',*,*,#16878,.F.);
#16878 = EDGE_CURVE('',#15332,#16056,#16879,.T.);
#16879 = ELLIPSE('',#16880,2.828427124746,2.);
#16880 = AXIS2_PLACEMENT_3D('',#16881,#16882,#16883);
#16881 = CARTESIAN_POINT('',(-43.180287,-28.,-76.423223));
#16882 = DIRECTION('',(-0.707106781187,1.6E-16,0.707106781187));
#16883 = DIRECTION('',(-0.707106781187,-1.6E-16,-0.707106781187));
#16884 = ORIENTED_EDGE('',*,*,#15329,.F.);
#16885 = CYLINDRICAL_SURFACE('',#16886,2.);
#16886 = AXIS2_PLACEMENT_3D('',#16887,#16888,#16889);
#16887 = CARTESIAN_POINT('',(-43.180287,-28.,-69.423223));
#16888 = DIRECTION('',(0.,-2.2E-16,-1.));
#16889 = DIRECTION('',(0.,-1.,2.2E-16));
#16890 = ADVANCED_FACE('',(#16891),#16903,.T.);
#16891 = FACE_BOUND('',#16892,.F.);
#16892 = EDGE_LOOP('',(#16893,#16900,#16901,#16902));
#16893 = ORIENTED_EDGE('',*,*,#16894,.T.);
#16894 = EDGE_CURVE('',#15340,#16088,#16895,.T.);
#16895 = ELLIPSE('',#16896,2.828427124746,2.);
#16896 = AXIS2_PLACEMENT_3D('',#16897,#16898,#16899);
#16897 = CARTESIAN_POINT('',(40.819713,-28.,-67.423223));
#16898 = DIRECTION('',(0.707106781187,-1.6E-16,-0.707106781187));
#16899 = DIRECTION('',(0.707106781187,1.6E-16,0.707106781187));
#16900 = ORIENTED_EDGE('',*,*,#16087,.T.);
#16901 = ORIENTED_EDGE('',*,*,#16870,.F.);
#16902 = ORIENTED_EDGE('',*,*,#15339,.F.);
#16903 = CYLINDRICAL_SURFACE('',#16904,2.);
#16904 = AXIS2_PLACEMENT_3D('',#16905,#16906,#16907);
#16905 = CARTESIAN_POINT('',(38.819713,-28.,-67.423223));
#16906 = DIRECTION('',(-1.,0.,0.));
#16907 = DIRECTION('',(0.,-1.,0.));
#16908 = ADVANCED_FACE('',(#16909),#16921,.T.);
#16909 = FACE_BOUND('',#16910,.F.);
#16910 = EDGE_LOOP('',(#16911,#16912,#16913,#16920));
#16911 = ORIENTED_EDGE('',*,*,#16878,.T.);
#16912 = ORIENTED_EDGE('',*,*,#16135,.T.);
#16913 = ORIENTED_EDGE('',*,*,#16914,.F.);
#16914 = EDGE_CURVE('',#15348,#16112,#16915,.T.);
#16915 = ELLIPSE('',#16916,2.828427124746,2.);
#16916 = AXIS2_PLACEMENT_3D('',#16917,#16918,#16919);
#16917 = CARTESIAN_POINT('',(40.819713,-28.,-76.423223));
#16918 = DIRECTION('',(-0.707106781187,-1.6E-16,-0.707106781187));
#16919 = DIRECTION('',(0.707106781187,-1.6E-16,-0.707106781187));
#16920 = ORIENTED_EDGE('',*,*,#15355,.F.);
#16921 = CYLINDRICAL_SURFACE('',#16922,2.);
#16922 = AXIS2_PLACEMENT_3D('',#16923,#16924,#16925);
#16923 = CARTESIAN_POINT('',(-41.180287,-28.,-76.423223));
#16924 = DIRECTION('',(1.,0.,0.));
#16925 = DIRECTION('',(0.,-1.,0.));
#16926 = ADVANCED_FACE('',(#16927),#16933,.T.);
#16927 = FACE_BOUND('',#16928,.F.);
#16928 = EDGE_LOOP('',(#16929,#16930,#16931,#16932));
#16929 = ORIENTED_EDGE('',*,*,#16914,.T.);
#16930 = ORIENTED_EDGE('',*,*,#16111,.T.);
#16931 = ORIENTED_EDGE('',*,*,#16894,.F.);
#16932 = ORIENTED_EDGE('',*,*,#15347,.F.);
#16933 = CYLINDRICAL_SURFACE('',#16934,2.);
#16934 = AXIS2_PLACEMENT_3D('',#16935,#16936,#16937);
#16935 = CARTESIAN_POINT('',(40.819713,-28.,-74.423223));
#16936 = DIRECTION('',(0.,2.2E-16,1.));
#16937 = DIRECTION('',(0.,-1.,2.2E-16));
#16938 = ADVANCED_FACE('',(#16939),#16957,.T.);
#16939 = FACE_BOUND('',#16940,.F.);
#16940 = EDGE_LOOP('',(#16941,#16948,#16949,#16956));
#16941 = ORIENTED_EDGE('',*,*,#16942,.T.);
#16942 = EDGE_CURVE('',#15364,#15968,#16943,.T.);
#16943 = ELLIPSE('',#16944,2.828427124746,2.);
#16944 = AXIS2_PLACEMENT_3D('',#16945,#16946,#16947);
#16945 = CARTESIAN_POINT('',(-43.180287,-28.,-85.399086));
#16946 = DIRECTION('',(0.707106781187,1.6E-16,0.707106781187));
#16947 = DIRECTION('',(0.707106781187,-1.6E-16,-0.707106781187));
#16948 = ORIENTED_EDGE('',*,*,#15967,.T.);
#16949 = ORIENTED_EDGE('',*,*,#16950,.F.);
#16950 = EDGE_CURVE('',#15366,#15960,#16951,.T.);
#16951 = ELLIPSE('',#16952,2.828427124746,2.);
#16952 = AXIS2_PLACEMENT_3D('',#16953,#16954,#16955);
#16953 = CARTESIAN_POINT('',(-43.180287,-28.,-94.399086));
#16954 = DIRECTION('',(-0.707106781187,1.6E-16,0.707106781187));
#16955 = DIRECTION('',(-0.707106781187,-1.6E-16,-0.707106781187));
#16956 = ORIENTED_EDGE('',*,*,#15363,.F.);
#16957 = CYLINDRICAL_SURFACE('',#16958,2.);
#16958 = AXIS2_PLACEMENT_3D('',#16959,#16960,#16961);
#16959 = CARTESIAN_POINT('',(-43.180287,-28.,-87.399086));
#16960 = DIRECTION('',(0.,-2.2E-16,-1.));
#16961 = DIRECTION('',(0.,-1.,2.2E-16));
#16962 = ADVANCED_FACE('',(#16963),#16975,.T.);
#16963 = FACE_BOUND('',#16964,.F.);
#16964 = EDGE_LOOP('',(#16965,#16972,#16973,#16974));
#16965 = ORIENTED_EDGE('',*,*,#16966,.T.);
#16966 = EDGE_CURVE('',#15374,#15992,#16967,.T.);
#16967 = ELLIPSE('',#16968,2.828427124746,2.);
#16968 = AXIS2_PLACEMENT_3D('',#16969,#16970,#16971);
#16969 = CARTESIAN_POINT('',(40.819713,-28.,-85.399086));
#16970 = DIRECTION('',(0.707106781187,-1.6E-16,-0.707106781187));
#16971 = DIRECTION('',(0.707106781187,1.6E-16,0.707106781187));
#16972 = ORIENTED_EDGE('',*,*,#15991,.T.);
#16973 = ORIENTED_EDGE('',*,*,#16942,.F.);
#16974 = ORIENTED_EDGE('',*,*,#15373,.F.);
#16975 = CYLINDRICAL_SURFACE('',#16976,2.);
#16976 = AXIS2_PLACEMENT_3D('',#16977,#16978,#16979);
#16977 = CARTESIAN_POINT('',(38.819713,-28.,-85.399086));
#16978 = DIRECTION('',(-1.,0.,0.));
#16979 = DIRECTION('',(0.,-1.,0.));
#16980 = ADVANCED_FACE('',(#16981),#16993,.T.);
#16981 = FACE_BOUND('',#16982,.F.);
#16982 = EDGE_LOOP('',(#16983,#16984,#16985,#16992));
#16983 = ORIENTED_EDGE('',*,*,#16950,.T.);
#16984 = ORIENTED_EDGE('',*,*,#16039,.T.);
#16985 = ORIENTED_EDGE('',*,*,#16986,.F.);
#16986 = EDGE_CURVE('',#15382,#16016,#16987,.T.);
#16987 = ELLIPSE('',#16988,2.828427124746,2.);
#16988 = AXIS2_PLACEMENT_3D('',#16989,#16990,#16991);
#16989 = CARTESIAN_POINT('',(40.819713,-28.,-94.399086));
#16990 = DIRECTION('',(-0.707106781187,-1.6E-16,-0.707106781187));
#16991 = DIRECTION('',(0.707106781187,-1.6E-16,-0.707106781187));
#16992 = ORIENTED_EDGE('',*,*,#15389,.F.);
#16993 = CYLINDRICAL_SURFACE('',#16994,2.);
#16994 = AXIS2_PLACEMENT_3D('',#16995,#16996,#16997);
#16995 = CARTESIAN_POINT('',(-41.180287,-28.,-94.399086));
#16996 = DIRECTION('',(1.,0.,0.));
#16997 = DIRECTION('',(0.,-1.,0.));
#16998 = ADVANCED_FACE('',(#16999),#17005,.T.);
#16999 = FACE_BOUND('',#17000,.F.);
#17000 = EDGE_LOOP('',(#17001,#17002,#17003,#17004));
#17001 = ORIENTED_EDGE('',*,*,#16986,.T.);
#17002 = ORIENTED_EDGE('',*,*,#16015,.T.);
#17003 = ORIENTED_EDGE('',*,*,#16966,.F.);
#17004 = ORIENTED_EDGE('',*,*,#15381,.F.);
#17005 = CYLINDRICAL_SURFACE('',#17006,2.);
#17006 = AXIS2_PLACEMENT_3D('',#17007,#17008,#17009);
#17007 = CARTESIAN_POINT('',(40.819713,-28.,-92.399086));
#17008 = DIRECTION('',(0.,2.2E-16,1.));
#17009 = DIRECTION('',(0.,-1.,2.2E-16));
#17010 = ADVANCED_FACE('',(#17011,#17014),#17017,.F.);
#17011 = FACE_BOUND('',#17012,.F.);
#17012 = EDGE_LOOP('',(#17013));
#17013 = ORIENTED_EDGE('',*,*,#16572,.T.);
#17014 = FACE_BOUND('',#17015,.T.);
#17015 = EDGE_LOOP('',(#17016));
#17016 = ORIENTED_EDGE('',*,*,#16310,.T.);
#17017 = PLANE('',#17018);
#17018 = AXIS2_PLACEMENT_3D('',#17019,#17020,#17021);
#17019 = CARTESIAN_POINT('',(-1.3E-16,6.76032675,2.));
#17020 = DIRECTION('',(0.,0.,1.));
#17021 = DIRECTION('',(1.,0.,0.));
#17022 = ADVANCED_FACE('',(#17023,#17026),#17029,.F.);
#17023 = FACE_BOUND('',#17024,.F.);
#17024 = EDGE_LOOP('',(#17025));
#17025 = ORIENTED_EDGE('',*,*,#16597,.T.);
#17026 = FACE_BOUND('',#17027,.T.);
#17027 = EDGE_LOOP('',(#17028));
#17028 = ORIENTED_EDGE('',*,*,#16335,.T.);
#17029 = PLANE('',#17030);
#17030 = AXIS2_PLACEMENT_3D('',#17031,#17032,#17033);
#17031 = CARTESIAN_POINT('',(-1.3E-16,6.76032675,2.));
#17032 = DIRECTION('',(0.,0.,1.));
#17033 = DIRECTION('',(1.,0.,0.));
#17034 = ADVANCED_FACE('',(#17035,#17038),#17041,.F.);
#17035 = FACE_BOUND('',#17036,.F.);
#17036 = EDGE_LOOP('',(#17037));
#17037 = ORIENTED_EDGE('',*,*,#16622,.T.);
#17038 = FACE_BOUND('',#17039,.T.);
#17039 = EDGE_LOOP('',(#17040));
#17040 = ORIENTED_EDGE('',*,*,#16360,.T.);
#17041 = PLANE('',#17042);
#17042 = AXIS2_PLACEMENT_3D('',#17043,#17044,#17045);
#17043 = CARTESIAN_POINT('',(-1.3E-16,6.76032675,2.));
#17044 = DIRECTION('',(0.,0.,1.));
#17045 = DIRECTION('',(1.,0.,0.));
#17046 = ADVANCED_FACE('',(#17047,#17050),#17053,.F.);
#17047 = FACE_BOUND('',#17048,.F.);
#17048 = EDGE_LOOP('',(#17049));
#17049 = ORIENTED_EDGE('',*,*,#16672,.T.);
#17050 = FACE_BOUND('',#17051,.T.);
#17051 = EDGE_LOOP('',(#17052));
#17052 = ORIENTED_EDGE('',*,*,#16385,.T.);
#17053 = PLANE('',#17054);
#17054 = AXIS2_PLACEMENT_3D('',#17055,#17056,#17057);
#17055 = CARTESIAN_POINT('',(-1.3E-16,6.76032675,2.));
#17056 = DIRECTION('',(0.,0.,1.));
#17057 = DIRECTION('',(1.,0.,0.));
#17058 = ADVANCED_FACE('',(#17059,#17062),#17065,.F.);
#17059 = FACE_BOUND('',#17060,.F.);
#17060 = EDGE_LOOP('',(#17061));
#17061 = ORIENTED_EDGE('',*,*,#16546,.T.);
#17062 = FACE_BOUND('',#17063,.T.);
#17063 = EDGE_LOOP('',(#17064));
#17064 = ORIENTED_EDGE('',*,*,#16410,.T.);
#17065 = PLANE('',#17066);
#17066 = AXIS2_PLACEMENT_3D('',#17067,#17068,#17069);
#17067 = CARTESIAN_POINT('',(-1.3E-16,6.76032675,2.));
#17068 = DIRECTION('',(0.,0.,1.));
#17069 = DIRECTION('',(1.,0.,0.));
#17070 = ADVANCED_FACE('',(#17071,#17074),#17077,.F.);
#17071 = FACE_BOUND('',#17072,.F.);
#17072 = EDGE_LOOP('',(#17073));
#17073 = ORIENTED_EDGE('',*,*,#16519,.T.);
#17074 = FACE_BOUND('',#17075,.T.);
#17075 = EDGE_LOOP('',(#17076));
#17076 = ORIENTED_EDGE('',*,*,#16435,.T.);
#17077 = PLANE('',#17078);
#17078 = AXIS2_PLACEMENT_3D('',#17079,#17080,#17081);
#17079 = CARTESIAN_POINT('',(-1.3E-16,6.76032675,2.));
#17080 = DIRECTION('',(0.,0.,1.));
#17081 = DIRECTION('',(1.,0.,0.));
#17082 = ADVANCED_FACE('',(#17083,#17086),#17089,.F.);
#17083 = FACE_BOUND('',#17084,.F.);
#17084 = EDGE_LOOP('',(#17085));
#17085 = ORIENTED_EDGE('',*,*,#16647,.T.);
#17086 = FACE_BOUND('',#17087,.T.);
#17087 = EDGE_LOOP('',(#17088));
#17088 = ORIENTED_EDGE('',*,*,#16460,.T.);
#17089 = PLANE('',#17090);
#17090 = AXIS2_PLACEMENT_3D('',#17091,#17092,#17093);
#17091 = CARTESIAN_POINT('',(-1.3E-16,6.76032675,2.));
#17092 = DIRECTION('',(0.,0.,1.));
#17093 = DIRECTION('',(1.,0.,0.));
#17094 = ADVANCED_FACE('',(#17095,#17098),#17101,.F.);
#17095 = FACE_BOUND('',#17096,.F.);
#17096 = EDGE_LOOP('',(#17097));
#17097 = ORIENTED_EDGE('',*,*,#16697,.T.);
#17098 = FACE_BOUND('',#17099,.T.);
#17099 = EDGE_LOOP('',(#17100));
#17100 = ORIENTED_EDGE('',*,*,#16485,.T.);
#17101 = PLANE('',#17102);
#17102 = AXIS2_PLACEMENT_3D('',#17103,#17104,#17105);
#17103 = CARTESIAN_POINT('',(-1.3E-16,6.76032675,2.));
#17104 = DIRECTION('',(0.,0.,1.));
#17105 = DIRECTION('',(1.,0.,0.));
#17106 = ( GEOMETRIC_REPRESENTATION_CONTEXT(3) 
GLOBAL_UNCERTAINTY_ASSIGNED_CONTEXT((#17110)) 
GLOBAL_UNIT_ASSIGNED_CONTEXT((#17107,#17108,#17109)) 
REPRESENTATION_CONTEXT('Context #1',
  '3D Context with UNIT and UNCERTAINTY') );
#17107 = ( LENGTH_UNIT() NAMED_UNIT(*) SI_UNIT(.MILLI.,.METRE.) );
#17108 = ( NAMED_UNIT(*) PLANE_ANGLE_UNIT() SI_UNIT($,.RADIAN.) );
#17109 = ( NAMED_UNIT(*) SI_UNIT($,.STERADIAN.) SOLID_ANGLE_UNIT() );
#17110 = UNCERTAINTY_MEASURE_WITH_UNIT(LENGTH_MEASURE(2.E-05),#17107,
  'distance_accuracy_value','confusion accuracy');
#17111 = CONTEXT_DEPENDENT_SHAPE_REPRESENTATION(#17112,#17114);
#17112 = ( REPRESENTATION_RELATIONSHIP('','',#14380,#10) 
REPRESENTATION_RELATIONSHIP_WITH_TRANSFORMATION(#17113) 
SHAPE_REPRESENTATION_RELATIONSHIP() );
#17113 = ITEM_DEFINED_TRANSFORMATION('','',#11,#199);
#17114 = PRODUCT_DEFINITION_SHAPE('Placement','Placement of an item',
  #17115);
#17115 = NEXT_ASSEMBLY_USAGE_OCCURRENCE('295','Fillet001','',#5,#14375,$
  );
#17116 = PRODUCT_RELATED_PRODUCT_CATEGORY('part',$,(#14377));
#17117 = SHAPE_DEFINITION_REPRESENTATION(#17118,#17124);
#17118 = PRODUCT_DEFINITION_SHAPE('','',#17119);
#17119 = PRODUCT_DEFINITION('design','',#17120,#17123);
#17120 = PRODUCT_DEFINITION_FORMATION('','',#17121);
#17121 = PRODUCT('Sketch007','Sketch007','',(#17122));
#17122 = PRODUCT_CONTEXT('',#2,'mechanical');
#17123 = PRODUCT_DEFINITION_CONTEXT('part definition',#2,'design');
#17124 = GEOMETRICALLY_BOUNDED_WIREFRAME_SHAPE_REPRESENTATION('',(#11,
    #17125),#17154);
#17125 = GEOMETRIC_CURVE_SET('',(#17126,#17133,#17140,#17147));
#17126 = TRIMMED_CURVE('',#17127,(#17131,PARAMETER_VALUE(0.)),(#17132,
    PARAMETER_VALUE(5.)),.T.,.PARAMETER.);
#17127 = LINE('',#17128,#17129);
#17128 = CARTESIAN_POINT('',(17.618646857205,0.,0.));
#17129 = VECTOR('',#17130,1.);
#17130 = DIRECTION('',(0.,1.,0.));
#17131 = CARTESIAN_POINT('',(17.618646857205,0.,0.));
#17132 = CARTESIAN_POINT('',(17.618646857205,5.,0.));
#17133 = TRIMMED_CURVE('',#17134,(#17138,PARAMETER_VALUE(0.)),(#17139,
    PARAMETER_VALUE(24.5)),.T.,.PARAMETER.);
#17134 = LINE('',#17135,#17136);
#17135 = CARTESIAN_POINT('',(17.618646857205,5.,0.));
#17136 = VECTOR('',#17137,1.);
#17137 = DIRECTION('',(-1.,0.,0.));
#17138 = CARTESIAN_POINT('',(17.618646857205,5.,0.));
#17139 = CARTESIAN_POINT('',(-6.881353142795,5.,0.));
#17140 = TRIMMED_CURVE('',#17141,(#17145,PARAMETER_VALUE(0.)),(#17146,
    PARAMETER_VALUE(5.)),.T.,.PARAMETER.);
#17141 = LINE('',#17142,#17143);
#17142 = CARTESIAN_POINT('',(-6.881353142795,5.,0.));
#17143 = VECTOR('',#17144,1.);
#17144 = DIRECTION('',(0.,-1.,0.));
#17145 = CARTESIAN_POINT('',(-6.881353142795,5.,0.));
#17146 = CARTESIAN_POINT('',(-6.881353142795,0.,0.));
#17147 = TRIMMED_CURVE('',#17148,(#17152,PARAMETER_VALUE(0.)),(#17153,
    PARAMETER_VALUE(24.5)),.T.,.PARAMETER.);
#17148 = LINE('',#17149,#17150);
#17149 = CARTESIAN_POINT('',(-6.881353142795,0.,0.));
#17150 = VECTOR('',#17151,1.);
#17151 = DIRECTION('',(1.,0.,0.));
#17152 = CARTESIAN_POINT('',(-6.881353142795,0.,0.));
#17153 = CARTESIAN_POINT('',(17.618646857205,0.,0.));
#17154 = ( GEOMETRIC_REPRESENTATION_CONTEXT(3) 
GLOBAL_UNCERTAINTY_ASSIGNED_CONTEXT((#17158)) 
GLOBAL_UNIT_ASSIGNED_CONTEXT((#17155,#17156,#17157)) 
REPRESENTATION_CONTEXT('Context #1',
  '3D Context with UNIT and UNCERTAINTY') );
#17155 = ( LENGTH_UNIT() NAMED_UNIT(*) SI_UNIT(.MILLI.,.METRE.) );
#17156 = ( NAMED_UNIT(*) PLANE_ANGLE_UNIT() SI_UNIT($,.RADIAN.) );
#17157 = ( NAMED_UNIT(*) SI_UNIT($,.STERADIAN.) SOLID_ANGLE_UNIT() );
#17158 = UNCERTAINTY_MEASURE_WITH_UNIT(LENGTH_MEASURE(1.E-07),#17155,
  'distance_accuracy_value','confusion accuracy');
#17159 = CONTEXT_DEPENDENT_SHAPE_REPRESENTATION(#17160,#17162);
#17160 = ( REPRESENTATION_RELATIONSHIP('','',#17124,#10) 
REPRESENTATION_RELATIONSHIP_WITH_TRANSFORMATION(#17161) 
SHAPE_REPRESENTATION_RELATIONSHIP() );
#17161 = ITEM_DEFINED_TRANSFORMATION('','',#11,#203);
#17162 = PRODUCT_DEFINITION_SHAPE('Placement','Placement of an item',
  #17163);
#17163 = NEXT_ASSEMBLY_USAGE_OCCURRENCE('296','Sketch007','',#5,#17119,$
  );
#17164 = PRODUCT_RELATED_PRODUCT_CATEGORY('part',$,(#17121));
#17165 = SHAPE_DEFINITION_REPRESENTATION(#17166,#17172);
#17166 = PRODUCT_DEFINITION_SHAPE('','',#17167);
#17167 = PRODUCT_DEFINITION('design','',#17168,#17171);
#17168 = PRODUCT_DEFINITION_FORMATION('','',#17169);
#17169 = PRODUCT('Pad004','Pad004','',(#17170));
#17170 = PRODUCT_CONTEXT('',#2,'mechanical');
#17171 = PRODUCT_DEFINITION_CONTEXT('part definition',#2,'design');
#17172 = ADVANCED_BREP_SHAPE_REPRESENTATION('',(#11,#17173),#17389);
#17173 = MANIFOLD_SOLID_BREP('',#17174);
#17174 = CLOSED_SHELL('',(#17175,#17215,#17246,#17277,#17308,#17339,
    #17358,#17377));
#17175 = ADVANCED_FACE('',(#17176),#17210,.F.);
#17176 = FACE_BOUND('',#17177,.F.);
#17177 = EDGE_LOOP('',(#17178,#17188,#17196,#17204));
#17178 = ORIENTED_EDGE('',*,*,#17179,.T.);
#17179 = EDGE_CURVE('',#17180,#17182,#17184,.T.);
#17180 = VERTEX_POINT('',#17181);
#17181 = CARTESIAN_POINT('',(17.618646857205,0.564191,5.));
#17182 = VERTEX_POINT('',#17183);
#17183 = CARTESIAN_POINT('',(-6.881353142795,0.564191,5.));
#17184 = LINE('',#17185,#17186);
#17185 = CARTESIAN_POINT('',(17.618646857205,0.564191,5.));
#17186 = VECTOR('',#17187,1.);
#17187 = DIRECTION('',(-1.,0.,0.));
#17188 = ORIENTED_EDGE('',*,*,#17189,.T.);
#17189 = EDGE_CURVE('',#17182,#17190,#17192,.T.);
#17190 = VERTEX_POINT('',#17191);
#17191 = CARTESIAN_POINT('',(-6.881353142795,0.564191,30.));
#17192 = LINE('',#17193,#17194);
#17193 = CARTESIAN_POINT('',(-6.881353142795,0.564191,0.));
#17194 = VECTOR('',#17195,1.);
#17195 = DIRECTION('',(0.,0.,1.));
#17196 = ORIENTED_EDGE('',*,*,#17197,.T.);
#17197 = EDGE_CURVE('',#17190,#17198,#17200,.T.);
#17198 = VERTEX_POINT('',#17199);
#17199 = CARTESIAN_POINT('',(17.618646857205,0.564191,30.));
#17200 = LINE('',#17201,#17202);
#17201 = CARTESIAN_POINT('',(-6.881353142795,0.564191,30.));
#17202 = VECTOR('',#17203,1.);
#17203 = DIRECTION('',(1.,0.,0.));
#17204 = ORIENTED_EDGE('',*,*,#17205,.F.);
#17205 = EDGE_CURVE('',#17180,#17198,#17206,.T.);
#17206 = LINE('',#17207,#17208);
#17207 = CARTESIAN_POINT('',(17.618646857205,0.564191,0.));
#17208 = VECTOR('',#17209,1.);
#17209 = DIRECTION('',(0.,0.,1.));
#17210 = PLANE('',#17211);
#17211 = AXIS2_PLACEMENT_3D('',#17212,#17213,#17214);
#17212 = CARTESIAN_POINT('',(-6.881353142795,0.564191,0.));
#17213 = DIRECTION('',(0.,1.,0.));
#17214 = DIRECTION('',(1.,0.,0.));
#17215 = ADVANCED_FACE('',(#17216),#17241,.F.);
#17216 = FACE_BOUND('',#17217,.F.);
#17217 = EDGE_LOOP('',(#17218,#17226,#17234,#17240));
#17218 = ORIENTED_EDGE('',*,*,#17219,.T.);
#17219 = EDGE_CURVE('',#17180,#17220,#17222,.T.);
#17220 = VERTEX_POINT('',#17221);
#17221 = CARTESIAN_POINT('',(17.618646857205,-2.435809,5.));
#17222 = LINE('',#17223,#17224);
#17223 = CARTESIAN_POINT('',(17.618646857205,0.564191,5.));
#17224 = VECTOR('',#17225,1.);
#17225 = DIRECTION('',(0.,-1.,2.2E-16));
#17226 = ORIENTED_EDGE('',*,*,#17227,.T.);
#17227 = EDGE_CURVE('',#17220,#17228,#17230,.T.);
#17228 = VERTEX_POINT('',#17229);
#17229 = CARTESIAN_POINT('',(-6.881353142795,-2.435809,5.));
#17230 = LINE('',#17231,#17232);
#17231 = CARTESIAN_POINT('',(17.618646857205,-2.435809,5.));
#17232 = VECTOR('',#17233,1.);
#17233 = DIRECTION('',(-1.,0.,0.));
#17234 = ORIENTED_EDGE('',*,*,#17235,.F.);
#17235 = EDGE_CURVE('',#17182,#17228,#17236,.T.);
#17236 = LINE('',#17237,#17238);
#17237 = CARTESIAN_POINT('',(-6.881353142795,0.564191,5.));
#17238 = VECTOR('',#17239,1.);
#17239 = DIRECTION('',(0.,-1.,2.2E-16));
#17240 = ORIENTED_EDGE('',*,*,#17179,.F.);
#17241 = PLANE('',#17242);
#17242 = AXIS2_PLACEMENT_3D('',#17243,#17244,#17245);
#17243 = CARTESIAN_POINT('',(17.618646857205,0.564191,5.));
#17244 = DIRECTION('',(-0.,-2.2E-16,-1.));
#17245 = DIRECTION('',(-1.,0.,0.));
#17246 = ADVANCED_FACE('',(#17247),#17272,.T.);
#17247 = FACE_BOUND('',#17248,.T.);
#17248 = EDGE_LOOP('',(#17249,#17250,#17258,#17266));
#17249 = ORIENTED_EDGE('',*,*,#17197,.T.);
#17250 = ORIENTED_EDGE('',*,*,#17251,.T.);
#17251 = EDGE_CURVE('',#17198,#17252,#17254,.T.);
#17252 = VERTEX_POINT('',#17253);
#17253 = CARTESIAN_POINT('',(17.618646857205,3.064191,30.));
#17254 = LINE('',#17255,#17256);
#17255 = CARTESIAN_POINT('',(17.618646857205,0.564191,30.));
#17256 = VECTOR('',#17257,1.);
#17257 = DIRECTION('',(0.,1.,0.));
#17258 = ORIENTED_EDGE('',*,*,#17259,.T.);
#17259 = EDGE_CURVE('',#17252,#17260,#17262,.T.);
#17260 = VERTEX_POINT('',#17261);
#17261 = CARTESIAN_POINT('',(-6.881353142795,3.064191,30.));
#17262 = LINE('',#17263,#17264);
#17263 = CARTESIAN_POINT('',(17.618646857205,3.064191,30.));
#17264 = VECTOR('',#17265,1.);
#17265 = DIRECTION('',(-1.,0.,0.));
#17266 = ORIENTED_EDGE('',*,*,#17267,.T.);
#17267 = EDGE_CURVE('',#17260,#17190,#17268,.T.);
#17268 = LINE('',#17269,#17270);
#17269 = CARTESIAN_POINT('',(-6.881353142795,3.064191,30.));
#17270 = VECTOR('',#17271,1.);
#17271 = DIRECTION('',(0.,-1.,0.));
#17272 = PLANE('',#17273);
#17273 = AXIS2_PLACEMENT_3D('',#17274,#17275,#17276);
#17274 = CARTESIAN_POINT('',(5.368646857205,1.814191,30.));
#17275 = DIRECTION('',(0.,0.,1.));
#17276 = DIRECTION('',(1.,0.,0.));
#17277 = ADVANCED_FACE('',(#17278),#17303,.F.);
#17278 = FACE_BOUND('',#17279,.T.);
#17279 = EDGE_LOOP('',(#17280,#17288,#17289,#17297));
#17280 = ORIENTED_EDGE('',*,*,#17281,.T.);
#17281 = EDGE_CURVE('',#17282,#17220,#17284,.T.);
#17282 = VERTEX_POINT('',#17283);
#17283 = CARTESIAN_POINT('',(17.618646857205,-2.435809,1.E-15));
#17284 = LINE('',#17285,#17286);
#17285 = CARTESIAN_POINT('',(17.618646857205,-2.435809,1.E-15));
#17286 = VECTOR('',#17287,1.);
#17287 = DIRECTION('',(0.,0.,1.));
#17288 = ORIENTED_EDGE('',*,*,#17227,.T.);
#17289 = ORIENTED_EDGE('',*,*,#17290,.T.);
#17290 = EDGE_CURVE('',#17228,#17291,#17293,.T.);
#17291 = VERTEX_POINT('',#17292);
#17292 = CARTESIAN_POINT('',(-6.881353142795,-2.435809,1.E-15));
#17293 = LINE('',#17294,#17295);
#17294 = CARTESIAN_POINT('',(-6.881353142795,-2.435809,5.));
#17295 = VECTOR('',#17296,1.);
#17296 = DIRECTION('',(0.,0.,-1.));
#17297 = ORIENTED_EDGE('',*,*,#17298,.T.);
#17298 = EDGE_CURVE('',#17291,#17282,#17299,.T.);
#17299 = LINE('',#17300,#17301);
#17300 = CARTESIAN_POINT('',(-6.881353142795,-2.435809,1.E-15));
#17301 = VECTOR('',#17302,1.);
#17302 = DIRECTION('',(1.,0.,0.));
#17303 = PLANE('',#17304);
#17304 = AXIS2_PLACEMENT_3D('',#17305,#17306,#17307);
#17305 = CARTESIAN_POINT('',(5.368646857205,-2.435809,2.5));
#17306 = DIRECTION('',(0.,1.,0.));
#17307 = DIRECTION('',(0.,0.,1.));
#17308 = ADVANCED_FACE('',(#17309),#17334,.F.);
#17309 = FACE_BOUND('',#17310,.F.);
#17310 = EDGE_LOOP('',(#17311,#17319,#17320,#17328));
#17311 = ORIENTED_EDGE('',*,*,#17312,.T.);
#17312 = EDGE_CURVE('',#17313,#17252,#17315,.T.);
#17313 = VERTEX_POINT('',#17314);
#17314 = CARTESIAN_POINT('',(17.618646857205,3.064191,0.));
#17315 = LINE('',#17316,#17317);
#17316 = CARTESIAN_POINT('',(17.618646857205,3.064191,0.));
#17317 = VECTOR('',#17318,1.);
#17318 = DIRECTION('',(0.,0.,1.));
#17319 = ORIENTED_EDGE('',*,*,#17259,.T.);
#17320 = ORIENTED_EDGE('',*,*,#17321,.F.);
#17321 = EDGE_CURVE('',#17322,#17260,#17324,.T.);
#17322 = VERTEX_POINT('',#17323);
#17323 = CARTESIAN_POINT('',(-6.881353142795,3.064191,0.));
#17324 = LINE('',#17325,#17326);
#17325 = CARTESIAN_POINT('',(-6.881353142795,3.064191,0.));
#17326 = VECTOR('',#17327,1.);
#17327 = DIRECTION('',(0.,0.,1.));
#17328 = ORIENTED_EDGE('',*,*,#17329,.F.);
#17329 = EDGE_CURVE('',#17313,#17322,#17330,.T.);
#17330 = LINE('',#17331,#17332);
#17331 = CARTESIAN_POINT('',(17.618646857205,3.064191,0.));
#17332 = VECTOR('',#17333,1.);
#17333 = DIRECTION('',(-1.,0.,0.));
#17334 = PLANE('',#17335);
#17335 = AXIS2_PLACEMENT_3D('',#17336,#17337,#17338);
#17336 = CARTESIAN_POINT('',(17.618646857205,3.064191,0.));
#17337 = DIRECTION('',(0.,-1.,0.));
#17338 = DIRECTION('',(-1.,0.,0.));
#17339 = ADVANCED_FACE('',(#17340),#17353,.T.);
#17340 = FACE_BOUND('',#17341,.T.);
#17341 = EDGE_LOOP('',(#17342,#17343,#17344,#17345,#17351,#17352));
#17342 = ORIENTED_EDGE('',*,*,#17205,.F.);
#17343 = ORIENTED_EDGE('',*,*,#17219,.T.);
#17344 = ORIENTED_EDGE('',*,*,#17281,.F.);
#17345 = ORIENTED_EDGE('',*,*,#17346,.F.);
#17346 = EDGE_CURVE('',#17313,#17282,#17347,.T.);
#17347 = LINE('',#17348,#17349);
#17348 = CARTESIAN_POINT('',(17.618646857205,0.564191,0.));
#17349 = VECTOR('',#17350,1.);
#17350 = DIRECTION('',(0.,-1.,2.2E-16));
#17351 = ORIENTED_EDGE('',*,*,#17312,.T.);
#17352 = ORIENTED_EDGE('',*,*,#17251,.F.);
#17353 = PLANE('',#17354);
#17354 = AXIS2_PLACEMENT_3D('',#17355,#17356,#17357);
#17355 = CARTESIAN_POINT('',(17.618646857205,1.370529028169,
    13.943661971831));
#17356 = DIRECTION('',(1.,0.,0.));
#17357 = DIRECTION('',(-0.,0.,1.));
#17358 = ADVANCED_FACE('',(#17359),#17372,.T.);
#17359 = FACE_BOUND('',#17360,.T.);
#17360 = EDGE_LOOP('',(#17361,#17362,#17368,#17369,#17370,#17371));
#17361 = ORIENTED_EDGE('',*,*,#17321,.F.);
#17362 = ORIENTED_EDGE('',*,*,#17363,.T.);
#17363 = EDGE_CURVE('',#17322,#17291,#17364,.T.);
#17364 = LINE('',#17365,#17366);
#17365 = CARTESIAN_POINT('',(-6.881353142795,3.064191,0.));
#17366 = VECTOR('',#17367,1.);
#17367 = DIRECTION('',(0.,-1.,0.));
#17368 = ORIENTED_EDGE('',*,*,#17290,.F.);
#17369 = ORIENTED_EDGE('',*,*,#17235,.F.);
#17370 = ORIENTED_EDGE('',*,*,#17189,.T.);
#17371 = ORIENTED_EDGE('',*,*,#17267,.F.);
#17372 = PLANE('',#17373);
#17373 = AXIS2_PLACEMENT_3D('',#17374,#17375,#17376);
#17374 = CARTESIAN_POINT('',(-6.881353142795,1.370529028169,
    13.943661971831));
#17375 = DIRECTION('',(-1.,-0.,-0.));
#17376 = DIRECTION('',(0.,0.,-1.));
#17377 = ADVANCED_FACE('',(#17378),#17384,.T.);
#17378 = FACE_BOUND('',#17379,.T.);
#17379 = EDGE_LOOP('',(#17380,#17381,#17382,#17383));
#17380 = ORIENTED_EDGE('',*,*,#17346,.T.);
#17381 = ORIENTED_EDGE('',*,*,#17298,.F.);
#17382 = ORIENTED_EDGE('',*,*,#17363,.F.);
#17383 = ORIENTED_EDGE('',*,*,#17329,.F.);
#17384 = PLANE('',#17385);
#17385 = AXIS2_PLACEMENT_3D('',#17386,#17387,#17388);
#17386 = CARTESIAN_POINT('',(5.368646857205,0.314191,3.1E-16));
#17387 = DIRECTION('',(-0.,-0.,-1.));
#17388 = DIRECTION('',(-1.,0.,0.));
#17389 = ( GEOMETRIC_REPRESENTATION_CONTEXT(3) 
GLOBAL_UNCERTAINTY_ASSIGNED_CONTEXT((#17393)) 
GLOBAL_UNIT_ASSIGNED_CONTEXT((#17390,#17391,#17392)) 
REPRESENTATION_CONTEXT('Context #1',
  '3D Context with UNIT and UNCERTAINTY') );
#17390 = ( LENGTH_UNIT() NAMED_UNIT(*) SI_UNIT(.MILLI.,.METRE.) );
#17391 = ( NAMED_UNIT(*) PLANE_ANGLE_UNIT() SI_UNIT($,.RADIAN.) );
#17392 = ( NAMED_UNIT(*) SI_UNIT($,.STERADIAN.) SOLID_ANGLE_UNIT() );
#17393 = UNCERTAINTY_MEASURE_WITH_UNIT(LENGTH_MEASURE(1.E-07),#17390,
  'distance_accuracy_value','confusion accuracy');
#17394 = CONTEXT_DEPENDENT_SHAPE_REPRESENTATION(#17395,#17397);
#17395 = ( REPRESENTATION_RELATIONSHIP('','',#17172,#10) 
REPRESENTATION_RELATIONSHIP_WITH_TRANSFORMATION(#17396) 
SHAPE_REPRESENTATION_RELATIONSHIP() );
#17396 = ITEM_DEFINED_TRANSFORMATION('','',#11,#207);
#17397 = PRODUCT_DEFINITION_SHAPE('Placement','Placement of an item',
  #17398);
#17398 = NEXT_ASSEMBLY_USAGE_OCCURRENCE('297','Pad004','',#5,#17167,$);
#17399 = PRODUCT_RELATED_PRODUCT_CATEGORY('part',$,(#17169));
#17400 = SHAPE_DEFINITION_REPRESENTATION(#17401,#17407);
#17401 = PRODUCT_DEFINITION_SHAPE('','',#17402);
#17402 = PRODUCT_DEFINITION('design','',#17403,#17406);
#17403 = PRODUCT_DEFINITION_FORMATION('','',#17404);
#17404 = PRODUCT('Chamfer','Chamfer','',(#17405));
#17405 = PRODUCT_CONTEXT('',#2,'mechanical');
#17406 = PRODUCT_DEFINITION_CONTEXT('part definition',#2,'design');
#17407 = ADVANCED_BREP_SHAPE_REPRESENTATION('',(#11,#17408),#17942);
#17408 = MANIFOLD_SOLID_BREP('',#17409);
#17409 = CLOSED_SHELL('',(#17410,#17450,#17497,#17528,#17552,#17592,
    #17616,#17647,#17664,#17695,#17719,#17736,#17767,#17798,#17814,
    #17830,#17852,#17869,#17886,#17903,#17914,#17930));
#17410 = ADVANCED_FACE('',(#17411),#17445,.F.);
#17411 = FACE_BOUND('',#17412,.F.);
#17412 = EDGE_LOOP('',(#17413,#17423,#17431,#17439));
#17413 = ORIENTED_EDGE('',*,*,#17414,.T.);
#17414 = EDGE_CURVE('',#17415,#17417,#17419,.T.);
#17415 = VERTEX_POINT('',#17416);
#17416 = CARTESIAN_POINT('',(17.618646857205,0.564191,5.));
#17417 = VERTEX_POINT('',#17418);
#17418 = CARTESIAN_POINT('',(17.618646857205,-1.435809,5.));
#17419 = LINE('',#17420,#17421);
#17420 = CARTESIAN_POINT('',(17.618646857205,0.564191,5.));
#17421 = VECTOR('',#17422,1.);
#17422 = DIRECTION('',(0.,-1.,2.2E-16));
#17423 = ORIENTED_EDGE('',*,*,#17424,.T.);
#17424 = EDGE_CURVE('',#17417,#17425,#17427,.T.);
#17425 = VERTEX_POINT('',#17426);
#17426 = CARTESIAN_POINT('',(-6.881353142795,-1.435809,5.));
#17427 = LINE('',#17428,#17429);
#17428 = CARTESIAN_POINT('',(17.618646857205,-1.435809,5.));
#17429 = VECTOR('',#17430,1.);
#17430 = DIRECTION('',(-1.,0.,0.));
#17431 = ORIENTED_EDGE('',*,*,#17432,.F.);
#17432 = EDGE_CURVE('',#17433,#17425,#17435,.T.);
#17433 = VERTEX_POINT('',#17434);
#17434 = CARTESIAN_POINT('',(-6.881353142795,0.564191,5.));
#17435 = LINE('',#17436,#17437);
#17436 = CARTESIAN_POINT('',(-6.881353142795,0.564191,5.));
#17437 = VECTOR('',#17438,1.);
#17438 = DIRECTION('',(0.,-1.,2.2E-16));
#17439 = ORIENTED_EDGE('',*,*,#17440,.F.);
#17440 = EDGE_CURVE('',#17415,#17433,#17441,.T.);
#17441 = LINE('',#17442,#17443);
#17442 = CARTESIAN_POINT('',(17.618646857205,0.564191,5.));
#17443 = VECTOR('',#17444,1.);
#17444 = DIRECTION('',(-1.,0.,0.));
#17445 = PLANE('',#17446);
#17446 = AXIS2_PLACEMENT_3D('',#17447,#17448,#17449);
#17447 = CARTESIAN_POINT('',(17.618646857205,0.564191,5.));
#17448 = DIRECTION('',(-0.,-2.2E-16,-1.));
#17449 = DIRECTION('',(-1.,0.,0.));
#17450 = ADVANCED_FACE('',(#17451),#17492,.T.);
#17451 = FACE_BOUND('',#17452,.T.);
#17452 = EDGE_LOOP('',(#17453,#17454,#17462,#17470,#17478,#17486));
#17453 = ORIENTED_EDGE('',*,*,#17414,.T.);
#17454 = ORIENTED_EDGE('',*,*,#17455,.F.);
#17455 = EDGE_CURVE('',#17456,#17417,#17458,.T.);
#17456 = VERTEX_POINT('',#17457);
#17457 = CARTESIAN_POINT('',(17.618646857205,-1.435809,1.));
#17458 = LINE('',#17459,#17460);
#17459 = CARTESIAN_POINT('',(17.618646857205,-1.435809,-2.2E-16));
#17460 = VECTOR('',#17461,1.);
#17461 = DIRECTION('',(0.,2.2E-16,1.));
#17462 = ORIENTED_EDGE('',*,*,#17463,.F.);
#17463 = EDGE_CURVE('',#17464,#17456,#17466,.T.);
#17464 = VERTEX_POINT('',#17465);
#17465 = CARTESIAN_POINT('',(17.618646857205,2.064191,1.));
#17466 = LINE('',#17467,#17468);
#17467 = CARTESIAN_POINT('',(17.618646857205,3.064191,1.));
#17468 = VECTOR('',#17469,1.);
#17469 = DIRECTION('',(0.,-1.,2.2E-16));
#17470 = ORIENTED_EDGE('',*,*,#17471,.T.);
#17471 = EDGE_CURVE('',#17464,#17472,#17474,.T.);
#17472 = VERTEX_POINT('',#17473);
#17473 = CARTESIAN_POINT('',(17.618646857205,2.064191,30.));
#17474 = LINE('',#17475,#17476);
#17475 = CARTESIAN_POINT('',(17.618646857205,2.064191,0.));
#17476 = VECTOR('',#17477,1.);
#17477 = DIRECTION('',(0.,0.,1.));
#17478 = ORIENTED_EDGE('',*,*,#17479,.F.);
#17479 = EDGE_CURVE('',#17480,#17472,#17482,.T.);
#17480 = VERTEX_POINT('',#17481);
#17481 = CARTESIAN_POINT('',(17.618646857205,0.564191,30.));
#17482 = LINE('',#17483,#17484);
#17483 = CARTESIAN_POINT('',(17.618646857205,0.564191,30.));
#17484 = VECTOR('',#17485,1.);
#17485 = DIRECTION('',(0.,1.,0.));
#17486 = ORIENTED_EDGE('',*,*,#17487,.F.);
#17487 = EDGE_CURVE('',#17415,#17480,#17488,.T.);
#17488 = LINE('',#17489,#17490);
#17489 = CARTESIAN_POINT('',(17.618646857205,0.564191,0.));
#17490 = VECTOR('',#17491,1.);
#17491 = DIRECTION('',(0.,0.,1.));
#17492 = PLANE('',#17493);
#17493 = AXIS2_PLACEMENT_3D('',#17494,#17495,#17496);
#17494 = CARTESIAN_POINT('',(17.618646857205,1.370529028169,
    13.943661971831));
#17495 = DIRECTION('',(1.,0.,0.));
#17496 = DIRECTION('',(0.,0.,1.));
#17497 = ADVANCED_FACE('',(#17498),#17523,.T.);
#17498 = FACE_BOUND('',#17499,.T.);
#17499 = EDGE_LOOP('',(#17500,#17508,#17509,#17517));
#17500 = ORIENTED_EDGE('',*,*,#17501,.T.);
#17501 = EDGE_CURVE('',#17502,#17417,#17504,.T.);
#17502 = VERTEX_POINT('',#17503);
#17503 = CARTESIAN_POINT('',(16.618646857205,-2.435809,4.));
#17504 = LINE('',#17505,#17506);
#17505 = CARTESIAN_POINT('',(16.451980190539,-2.602475666667,
    3.833333333333));
#17506 = VECTOR('',#17507,1.);
#17507 = DIRECTION('',(0.57735026919,0.57735026919,0.57735026919));
#17508 = ORIENTED_EDGE('',*,*,#17424,.T.);
#17509 = ORIENTED_EDGE('',*,*,#17510,.T.);
#17510 = EDGE_CURVE('',#17425,#17511,#17513,.T.);
#17511 = VERTEX_POINT('',#17512);
#17512 = CARTESIAN_POINT('',(-5.881353142795,-2.435809,4.));
#17513 = LINE('',#17514,#17515);
#17514 = CARTESIAN_POINT('',(-2.464686476128,-5.852475666667,
    0.583333333333));
#17515 = VECTOR('',#17516,1.);
#17516 = DIRECTION('',(0.57735026919,-0.57735026919,-0.57735026919));
#17517 = ORIENTED_EDGE('',*,*,#17518,.F.);
#17518 = EDGE_CURVE('',#17502,#17511,#17519,.T.);
#17519 = LINE('',#17520,#17521);
#17520 = CARTESIAN_POINT('',(17.618646857205,-2.435809,4.));
#17521 = VECTOR('',#17522,1.);
#17522 = DIRECTION('',(-1.,0.,0.));
#17523 = PLANE('',#17524);
#17524 = AXIS2_PLACEMENT_3D('',#17525,#17526,#17527);
#17525 = CARTESIAN_POINT('',(17.618646857205,-1.935809,4.5));
#17526 = DIRECTION('',(0.,-0.707106781187,0.707106781187));
#17527 = DIRECTION('',(-1.,0.,0.));
#17528 = ADVANCED_FACE('',(#17529),#17547,.F.);
#17529 = FACE_BOUND('',#17530,.F.);
#17530 = EDGE_LOOP('',(#17531,#17532,#17540,#17546));
#17531 = ORIENTED_EDGE('',*,*,#17440,.T.);
#17532 = ORIENTED_EDGE('',*,*,#17533,.T.);
#17533 = EDGE_CURVE('',#17433,#17534,#17536,.T.);
#17534 = VERTEX_POINT('',#17535);
#17535 = CARTESIAN_POINT('',(-6.881353142795,0.564191,30.));
#17536 = LINE('',#17537,#17538);
#17537 = CARTESIAN_POINT('',(-6.881353142795,0.564191,0.));
#17538 = VECTOR('',#17539,1.);
#17539 = DIRECTION('',(0.,0.,1.));
#17540 = ORIENTED_EDGE('',*,*,#17541,.T.);
#17541 = EDGE_CURVE('',#17534,#17480,#17542,.T.);
#17542 = LINE('',#17543,#17544);
#17543 = CARTESIAN_POINT('',(-6.881353142795,0.564191,30.));
#17544 = VECTOR('',#17545,1.);
#17545 = DIRECTION('',(1.,0.,0.));
#17546 = ORIENTED_EDGE('',*,*,#17487,.F.);
#17547 = PLANE('',#17548);
#17548 = AXIS2_PLACEMENT_3D('',#17549,#17550,#17551);
#17549 = CARTESIAN_POINT('',(-6.881353142795,0.564191,0.));
#17550 = DIRECTION('',(0.,1.,0.));
#17551 = DIRECTION('',(1.,0.,0.));
#17552 = ADVANCED_FACE('',(#17553),#17587,.T.);
#17553 = FACE_BOUND('',#17554,.T.);
#17554 = EDGE_LOOP('',(#17555,#17556,#17557,#17565,#17573,#17581));
#17555 = ORIENTED_EDGE('',*,*,#17432,.F.);
#17556 = ORIENTED_EDGE('',*,*,#17533,.T.);
#17557 = ORIENTED_EDGE('',*,*,#17558,.F.);
#17558 = EDGE_CURVE('',#17559,#17534,#17561,.T.);
#17559 = VERTEX_POINT('',#17560);
#17560 = CARTESIAN_POINT('',(-6.881353142795,2.064191,30.));
#17561 = LINE('',#17562,#17563);
#17562 = CARTESIAN_POINT('',(-6.881353142795,3.064191,30.));
#17563 = VECTOR('',#17564,1.);
#17564 = DIRECTION('',(0.,-1.,0.));
#17565 = ORIENTED_EDGE('',*,*,#17566,.F.);
#17566 = EDGE_CURVE('',#17567,#17559,#17569,.T.);
#17567 = VERTEX_POINT('',#17568);
#17568 = CARTESIAN_POINT('',(-6.881353142795,2.064191,1.));
#17569 = LINE('',#17570,#17571);
#17570 = CARTESIAN_POINT('',(-6.881353142795,2.064191,0.));
#17571 = VECTOR('',#17572,1.);
#17572 = DIRECTION('',(0.,0.,1.));
#17573 = ORIENTED_EDGE('',*,*,#17574,.T.);
#17574 = EDGE_CURVE('',#17567,#17575,#17577,.T.);
#17575 = VERTEX_POINT('',#17576);
#17576 = CARTESIAN_POINT('',(-6.881353142795,-1.435809,1.));
#17577 = LINE('',#17578,#17579);
#17578 = CARTESIAN_POINT('',(-6.881353142795,3.064191,1.));
#17579 = VECTOR('',#17580,1.);
#17580 = DIRECTION('',(0.,-1.,0.));
#17581 = ORIENTED_EDGE('',*,*,#17582,.F.);
#17582 = EDGE_CURVE('',#17425,#17575,#17583,.T.);
#17583 = LINE('',#17584,#17585);
#17584 = CARTESIAN_POINT('',(-6.881353142795,-1.435809,5.));
#17585 = VECTOR('',#17586,1.);
#17586 = DIRECTION('',(0.,-2.2E-16,-1.));
#17587 = PLANE('',#17588);
#17588 = AXIS2_PLACEMENT_3D('',#17589,#17590,#17591);
#17589 = CARTESIAN_POINT('',(-6.881353142795,1.370529028169,
    13.943661971831));
#17590 = DIRECTION('',(-1.,-0.,-0.));
#17591 = DIRECTION('',(0.,0.,-1.));
#17592 = ADVANCED_FACE('',(#17593),#17611,.F.);
#17593 = FACE_BOUND('',#17594,.F.);
#17594 = EDGE_LOOP('',(#17595,#17603,#17604,#17605));
#17595 = ORIENTED_EDGE('',*,*,#17596,.T.);
#17596 = EDGE_CURVE('',#17597,#17502,#17599,.T.);
#17597 = VERTEX_POINT('',#17598);
#17598 = CARTESIAN_POINT('',(16.618646857205,-2.435809,1.));
#17599 = LINE('',#17600,#17601);
#17600 = CARTESIAN_POINT('',(16.618646857205,-2.435809,0.));
#17601 = VECTOR('',#17602,1.);
#17602 = DIRECTION('',(0.,2.2E-16,1.));
#17603 = ORIENTED_EDGE('',*,*,#17501,.T.);
#17604 = ORIENTED_EDGE('',*,*,#17455,.F.);
#17605 = ORIENTED_EDGE('',*,*,#17606,.F.);
#17606 = EDGE_CURVE('',#17597,#17456,#17607,.T.);
#17607 = LINE('',#17608,#17609);
#17608 = CARTESIAN_POINT('',(17.118646857205,-1.935809,1.));
#17609 = VECTOR('',#17610,1.);
#17610 = DIRECTION('',(0.707106781187,0.707106781187,9.6E-16));
#17611 = PLANE('',#17612);
#17612 = AXIS2_PLACEMENT_3D('',#17613,#17614,#17615);
#17613 = CARTESIAN_POINT('',(17.118646857205,-1.935809,-1.1E-16));
#17614 = DIRECTION('',(-0.707106781187,0.707106781187,0.));
#17615 = DIRECTION('',(1.1E-16,1.1E-16,1.));
#17616 = ADVANCED_FACE('',(#17617),#17642,.T.);
#17617 = FACE_BOUND('',#17618,.T.);
#17618 = EDGE_LOOP('',(#17619,#17620,#17628,#17636));
#17619 = ORIENTED_EDGE('',*,*,#17463,.T.);
#17620 = ORIENTED_EDGE('',*,*,#17621,.F.);
#17621 = EDGE_CURVE('',#17622,#17456,#17624,.T.);
#17622 = VERTEX_POINT('',#17623);
#17623 = CARTESIAN_POINT('',(16.618646857205,-1.435809,0.));
#17624 = LINE('',#17625,#17626);
#17625 = CARTESIAN_POINT('',(16.868646857205,-1.435809,0.25));
#17626 = VECTOR('',#17627,1.);
#17627 = DIRECTION('',(0.707106781187,8.7E-16,0.707106781187));
#17628 = ORIENTED_EDGE('',*,*,#17629,.F.);
#17629 = EDGE_CURVE('',#17630,#17622,#17632,.T.);
#17630 = VERTEX_POINT('',#17631);
#17631 = CARTESIAN_POINT('',(16.618646857205,2.064191,0.));
#17632 = LINE('',#17633,#17634);
#17633 = CARTESIAN_POINT('',(16.618646857205,3.064191,1.5E-16));
#17634 = VECTOR('',#17635,1.);
#17635 = DIRECTION('',(0.,-1.,2.2E-16));
#17636 = ORIENTED_EDGE('',*,*,#17637,.T.);
#17637 = EDGE_CURVE('',#17630,#17464,#17638,.T.);
#17638 = LINE('',#17639,#17640);
#17639 = CARTESIAN_POINT('',(17.118646857205,2.064191,0.5));
#17640 = VECTOR('',#17641,1.);
#17641 = DIRECTION('',(0.707106781187,5.8E-16,0.707106781187));
#17642 = PLANE('',#17643);
#17643 = AXIS2_PLACEMENT_3D('',#17644,#17645,#17646);
#17644 = CARTESIAN_POINT('',(17.118646857205,3.064191,0.5));
#17645 = DIRECTION('',(0.707106781187,0.,-0.707106781187));
#17646 = DIRECTION('',(1.1E-16,-1.,1.1E-16));
#17647 = ADVANCED_FACE('',(#17648),#17659,.T.);
#17648 = FACE_BOUND('',#17649,.T.);
#17649 = EDGE_LOOP('',(#17650,#17651,#17657,#17658));
#17650 = ORIENTED_EDGE('',*,*,#17479,.T.);
#17651 = ORIENTED_EDGE('',*,*,#17652,.T.);
#17652 = EDGE_CURVE('',#17472,#17559,#17653,.T.);
#17653 = LINE('',#17654,#17655);
#17654 = CARTESIAN_POINT('',(17.618646857205,2.064191,30.));
#17655 = VECTOR('',#17656,1.);
#17656 = DIRECTION('',(-1.,0.,0.));
#17657 = ORIENTED_EDGE('',*,*,#17558,.T.);
#17658 = ORIENTED_EDGE('',*,*,#17541,.T.);
#17659 = PLANE('',#17660);
#17660 = AXIS2_PLACEMENT_3D('',#17661,#17662,#17663);
#17661 = CARTESIAN_POINT('',(5.368646857205,1.814191,30.));
#17662 = DIRECTION('',(0.,0.,1.));
#17663 = DIRECTION('',(1.,0.,0.));
#17664 = ADVANCED_FACE('',(#17665),#17690,.F.);
#17665 = FACE_BOUND('',#17666,.T.);
#17666 = EDGE_LOOP('',(#17667,#17675,#17683,#17689));
#17667 = ORIENTED_EDGE('',*,*,#17668,.F.);
#17668 = EDGE_CURVE('',#17669,#17464,#17671,.T.);
#17669 = VERTEX_POINT('',#17670);
#17670 = CARTESIAN_POINT('',(16.618646857205,3.064191,1.));
#17671 = LINE('',#17672,#17673);
#17672 = CARTESIAN_POINT('',(16.868646857205,2.814191,1.));
#17673 = VECTOR('',#17674,1.);
#17674 = DIRECTION('',(0.707106781187,-0.707106781187,-3.8E-16));
#17675 = ORIENTED_EDGE('',*,*,#17676,.T.);
#17676 = EDGE_CURVE('',#17669,#17677,#17679,.T.);
#17677 = VERTEX_POINT('',#17678);
#17678 = CARTESIAN_POINT('',(16.618646857205,3.064191,29.));
#17679 = LINE('',#17680,#17681);
#17680 = CARTESIAN_POINT('',(16.618646857205,3.064191,0.));
#17681 = VECTOR('',#17682,1.);
#17682 = DIRECTION('',(0.,0.,1.));
#17683 = ORIENTED_EDGE('',*,*,#17684,.T.);
#17684 = EDGE_CURVE('',#17677,#17472,#17685,.T.);
#17685 = LINE('',#17686,#17687);
#17686 = CARTESIAN_POINT('',(12.285313523872,7.397524333333,
    24.666666666667));
#17687 = VECTOR('',#17688,1.);
#17688 = DIRECTION('',(0.57735026919,-0.57735026919,0.57735026919));
#17689 = ORIENTED_EDGE('',*,*,#17471,.F.);
#17690 = PLANE('',#17691);
#17691 = AXIS2_PLACEMENT_3D('',#17692,#17693,#17694);
#17692 = CARTESIAN_POINT('',(17.118646857205,2.564191,0.));
#17693 = DIRECTION('',(-0.707106781187,-0.707106781187,0.));
#17694 = DIRECTION('',(-0.,-0.,-1.));
#17695 = ADVANCED_FACE('',(#17696),#17714,.F.);
#17696 = FACE_BOUND('',#17697,.F.);
#17697 = EDGE_LOOP('',(#17698,#17699,#17707,#17713));
#17698 = ORIENTED_EDGE('',*,*,#17596,.F.);
#17699 = ORIENTED_EDGE('',*,*,#17700,.F.);
#17700 = EDGE_CURVE('',#17701,#17597,#17703,.T.);
#17701 = VERTEX_POINT('',#17702);
#17702 = CARTESIAN_POINT('',(-5.881353142795,-2.435809,1.));
#17703 = LINE('',#17704,#17705);
#17704 = CARTESIAN_POINT('',(-6.881353142795,-2.435809,1.));
#17705 = VECTOR('',#17706,1.);
#17706 = DIRECTION('',(1.,0.,0.));
#17707 = ORIENTED_EDGE('',*,*,#17708,.F.);
#17708 = EDGE_CURVE('',#17511,#17701,#17709,.T.);
#17709 = LINE('',#17710,#17711);
#17710 = CARTESIAN_POINT('',(-5.881353142795,-2.435809,5.));
#17711 = VECTOR('',#17712,1.);
#17712 = DIRECTION('',(0.,-2.2E-16,-1.));
#17713 = ORIENTED_EDGE('',*,*,#17518,.F.);
#17714 = PLANE('',#17715);
#17715 = AXIS2_PLACEMENT_3D('',#17716,#17717,#17718);
#17716 = CARTESIAN_POINT('',(5.368646857205,-2.435809,2.5));
#17717 = DIRECTION('',(0.,1.,0.));
#17718 = DIRECTION('',(0.,0.,1.));
#17719 = ADVANCED_FACE('',(#17720),#17731,.F.);
#17720 = FACE_BOUND('',#17721,.F.);
#17721 = EDGE_LOOP('',(#17722,#17723,#17724,#17730));
#17722 = ORIENTED_EDGE('',*,*,#17510,.T.);
#17723 = ORIENTED_EDGE('',*,*,#17708,.T.);
#17724 = ORIENTED_EDGE('',*,*,#17725,.T.);
#17725 = EDGE_CURVE('',#17701,#17575,#17726,.T.);
#17726 = LINE('',#17727,#17728);
#17727 = CARTESIAN_POINT('',(-6.381353142795,-1.935809,1.));
#17728 = VECTOR('',#17729,1.);
#17729 = DIRECTION('',(-0.707106781187,0.707106781187,2.9E-16));
#17730 = ORIENTED_EDGE('',*,*,#17582,.F.);
#17731 = PLANE('',#17732);
#17732 = AXIS2_PLACEMENT_3D('',#17733,#17734,#17735);
#17733 = CARTESIAN_POINT('',(-6.381353142795,-1.935809,5.));
#17734 = DIRECTION('',(0.707106781187,0.707106781187,0.));
#17735 = DIRECTION('',(1.1E-16,-1.1E-16,-1.));
#17736 = ADVANCED_FACE('',(#17737),#17762,.T.);
#17737 = FACE_BOUND('',#17738,.F.);
#17738 = EDGE_LOOP('',(#17739,#17740,#17748,#17756));
#17739 = ORIENTED_EDGE('',*,*,#17574,.T.);
#17740 = ORIENTED_EDGE('',*,*,#17741,.F.);
#17741 = EDGE_CURVE('',#17742,#17575,#17744,.T.);
#17742 = VERTEX_POINT('',#17743);
#17743 = CARTESIAN_POINT('',(-5.881353142795,-1.435809,0.));
#17744 = LINE('',#17745,#17746);
#17745 = CARTESIAN_POINT('',(-6.131353142795,-1.435809,0.25));
#17746 = VECTOR('',#17747,1.);
#17747 = DIRECTION('',(-0.707106781187,7.7E-16,0.707106781187));
#17748 = ORIENTED_EDGE('',*,*,#17749,.F.);
#17749 = EDGE_CURVE('',#17750,#17742,#17752,.T.);
#17750 = VERTEX_POINT('',#17751);
#17751 = CARTESIAN_POINT('',(-5.881353142795,2.064191,0.));
#17752 = LINE('',#17753,#17754);
#17753 = CARTESIAN_POINT('',(-5.881353142795,3.064191,1.5E-16));
#17754 = VECTOR('',#17755,1.);
#17755 = DIRECTION('',(0.,-1.,0.));
#17756 = ORIENTED_EDGE('',*,*,#17757,.T.);
#17757 = EDGE_CURVE('',#17750,#17567,#17758,.T.);
#17758 = LINE('',#17759,#17760);
#17759 = CARTESIAN_POINT('',(-6.381353142795,2.064191,0.5));
#17760 = VECTOR('',#17761,1.);
#17761 = DIRECTION('',(-0.707106781187,-5.8E-16,0.707106781187));
#17762 = PLANE('',#17763);
#17763 = AXIS2_PLACEMENT_3D('',#17764,#17765,#17766);
#17764 = CARTESIAN_POINT('',(-6.381353142795,3.064191,0.5));
#17765 = DIRECTION('',(-0.707106781187,0.,-0.707106781187));
#17766 = DIRECTION('',(-0.,1.,0.));
#17767 = ADVANCED_FACE('',(#17768),#17793,.F.);
#17768 = FACE_BOUND('',#17769,.F.);
#17769 = EDGE_LOOP('',(#17770,#17778,#17786,#17792));
#17770 = ORIENTED_EDGE('',*,*,#17771,.F.);
#17771 = EDGE_CURVE('',#17772,#17567,#17774,.T.);
#17772 = VERTEX_POINT('',#17773);
#17773 = CARTESIAN_POINT('',(-5.881353142795,3.064191,1.));
#17774 = LINE('',#17775,#17776);
#17775 = CARTESIAN_POINT('',(-6.131353142795,2.814191,1.));
#17776 = VECTOR('',#17777,1.);
#17777 = DIRECTION('',(-0.707106781187,-0.707106781187,5.8E-16));
#17778 = ORIENTED_EDGE('',*,*,#17779,.T.);
#17779 = EDGE_CURVE('',#17772,#17780,#17782,.T.);
#17780 = VERTEX_POINT('',#17781);
#17781 = CARTESIAN_POINT('',(-5.881353142795,3.064191,29.));
#17782 = LINE('',#17783,#17784);
#17783 = CARTESIAN_POINT('',(-5.881353142795,3.064191,0.));
#17784 = VECTOR('',#17785,1.);
#17785 = DIRECTION('',(0.,0.,1.));
#17786 = ORIENTED_EDGE('',*,*,#17787,.T.);
#17787 = EDGE_CURVE('',#17780,#17559,#17788,.T.);
#17788 = LINE('',#17789,#17790);
#17789 = CARTESIAN_POINT('',(2.535313523872,11.480857666667,
    20.583333333333));
#17790 = VECTOR('',#17791,1.);
#17791 = DIRECTION('',(-0.57735026919,-0.57735026919,0.57735026919));
#17792 = ORIENTED_EDGE('',*,*,#17566,.F.);
#17793 = PLANE('',#17794);
#17794 = AXIS2_PLACEMENT_3D('',#17795,#17796,#17797);
#17795 = CARTESIAN_POINT('',(-6.381353142795,2.564191,0.));
#17796 = DIRECTION('',(0.707106781187,-0.707106781187,0.));
#17797 = DIRECTION('',(0.,0.,1.));
#17798 = ADVANCED_FACE('',(#17799),#17809,.T.);
#17799 = FACE_BOUND('',#17800,.T.);
#17800 = EDGE_LOOP('',(#17801,#17807,#17808));
#17801 = ORIENTED_EDGE('',*,*,#17802,.F.);
#17802 = EDGE_CURVE('',#17622,#17597,#17803,.T.);
#17803 = LINE('',#17804,#17805);
#17804 = CARTESIAN_POINT('',(16.618646857205,-1.685809,0.25));
#17805 = VECTOR('',#17806,1.);
#17806 = DIRECTION('',(1.E-16,-0.707106781187,0.707106781187));
#17807 = ORIENTED_EDGE('',*,*,#17621,.T.);
#17808 = ORIENTED_EDGE('',*,*,#17606,.F.);
#17809 = PLANE('',#17810);
#17810 = AXIS2_PLACEMENT_3D('',#17811,#17812,#17813);
#17811 = CARTESIAN_POINT('',(16.618646857205,-1.435809,3.6E-16));
#17812 = DIRECTION('',(0.57735026919,-0.57735026919,-0.57735026919));
#17813 = DIRECTION('',(0.707106781187,0.707106781187,2.775557561563E-16)
  );
#17814 = ADVANCED_FACE('',(#17815),#17825,.T.);
#17815 = FACE_BOUND('',#17816,.T.);
#17816 = EDGE_LOOP('',(#17817,#17823,#17824));
#17817 = ORIENTED_EDGE('',*,*,#17818,.F.);
#17818 = EDGE_CURVE('',#17669,#17630,#17819,.T.);
#17819 = LINE('',#17820,#17821);
#17820 = CARTESIAN_POINT('',(16.618646857205,2.814191,0.75));
#17821 = VECTOR('',#17822,1.);
#17822 = DIRECTION('',(-0.,-0.707106781187,-0.707106781187));
#17823 = ORIENTED_EDGE('',*,*,#17668,.T.);
#17824 = ORIENTED_EDGE('',*,*,#17637,.F.);
#17825 = PLANE('',#17826);
#17826 = AXIS2_PLACEMENT_3D('',#17827,#17828,#17829);
#17827 = CARTESIAN_POINT('',(16.618646857205,3.064191,1.));
#17828 = DIRECTION('',(0.57735026919,0.57735026919,-0.57735026919));
#17829 = DIRECTION('',(0.707106781187,8.049116928532E-16,0.707106781187)
  );
#17830 = ADVANCED_FACE('',(#17831),#17847,.T.);
#17831 = FACE_BOUND('',#17832,.T.);
#17832 = EDGE_LOOP('',(#17833,#17839,#17840,#17846));
#17833 = ORIENTED_EDGE('',*,*,#17834,.F.);
#17834 = EDGE_CURVE('',#17742,#17622,#17835,.T.);
#17835 = LINE('',#17836,#17837);
#17836 = CARTESIAN_POINT('',(-6.881353142795,-1.435809,3.7E-16));
#17837 = VECTOR('',#17838,1.);
#17838 = DIRECTION('',(1.,0.,0.));
#17839 = ORIENTED_EDGE('',*,*,#17749,.F.);
#17840 = ORIENTED_EDGE('',*,*,#17841,.F.);
#17841 = EDGE_CURVE('',#17630,#17750,#17842,.T.);
#17842 = LINE('',#17843,#17844);
#17843 = CARTESIAN_POINT('',(17.618646857205,2.064191,3.1E-16));
#17844 = VECTOR('',#17845,1.);
#17845 = DIRECTION('',(-1.,0.,0.));
#17846 = ORIENTED_EDGE('',*,*,#17629,.T.);
#17847 = PLANE('',#17848);
#17848 = AXIS2_PLACEMENT_3D('',#17849,#17850,#17851);
#17849 = CARTESIAN_POINT('',(5.368646857205,0.314191,3.1E-16));
#17850 = DIRECTION('',(-0.,-0.,-1.));
#17851 = DIRECTION('',(-1.,0.,0.));
#17852 = ADVANCED_FACE('',(#17853),#17864,.F.);
#17853 = FACE_BOUND('',#17854,.F.);
#17854 = EDGE_LOOP('',(#17855,#17856,#17857,#17858));
#17855 = ORIENTED_EDGE('',*,*,#17684,.T.);
#17856 = ORIENTED_EDGE('',*,*,#17652,.T.);
#17857 = ORIENTED_EDGE('',*,*,#17787,.F.);
#17858 = ORIENTED_EDGE('',*,*,#17859,.F.);
#17859 = EDGE_CURVE('',#17677,#17780,#17860,.T.);
#17860 = LINE('',#17861,#17862);
#17861 = CARTESIAN_POINT('',(17.618646857205,3.064191,29.));
#17862 = VECTOR('',#17863,1.);
#17863 = DIRECTION('',(-1.,0.,0.));
#17864 = PLANE('',#17865);
#17865 = AXIS2_PLACEMENT_3D('',#17866,#17867,#17868);
#17866 = CARTESIAN_POINT('',(17.618646857205,2.564191,29.5));
#17867 = DIRECTION('',(0.,-0.707106781187,-0.707106781187));
#17868 = DIRECTION('',(-1.,-0.,0.));
#17869 = ADVANCED_FACE('',(#17870),#17881,.F.);
#17870 = FACE_BOUND('',#17871,.F.);
#17871 = EDGE_LOOP('',(#17872,#17878,#17879,#17880));
#17872 = ORIENTED_EDGE('',*,*,#17873,.F.);
#17873 = EDGE_CURVE('',#17669,#17772,#17874,.T.);
#17874 = LINE('',#17875,#17876);
#17875 = CARTESIAN_POINT('',(17.618646857205,3.064191,1.));
#17876 = VECTOR('',#17877,1.);
#17877 = DIRECTION('',(-1.,0.,0.));
#17878 = ORIENTED_EDGE('',*,*,#17676,.T.);
#17879 = ORIENTED_EDGE('',*,*,#17859,.T.);
#17880 = ORIENTED_EDGE('',*,*,#17779,.F.);
#17881 = PLANE('',#17882);
#17882 = AXIS2_PLACEMENT_3D('',#17883,#17884,#17885);
#17883 = CARTESIAN_POINT('',(17.618646857205,3.064191,0.));
#17884 = DIRECTION('',(0.,-1.,0.));
#17885 = DIRECTION('',(-1.,0.,0.));
#17886 = ADVANCED_FACE('',(#17887),#17898,.F.);
#17887 = FACE_BOUND('',#17888,.F.);
#17888 = EDGE_LOOP('',(#17889,#17895,#17896,#17897));
#17889 = ORIENTED_EDGE('',*,*,#17890,.T.);
#17890 = EDGE_CURVE('',#17742,#17701,#17891,.T.);
#17891 = LINE('',#17892,#17893);
#17892 = CARTESIAN_POINT('',(-5.881353142795,-1.685809,0.25));
#17893 = VECTOR('',#17894,1.);
#17894 = DIRECTION('',(4.8E-16,-0.707106781187,0.707106781187));
#17895 = ORIENTED_EDGE('',*,*,#17700,.T.);
#17896 = ORIENTED_EDGE('',*,*,#17802,.F.);
#17897 = ORIENTED_EDGE('',*,*,#17834,.F.);
#17898 = PLANE('',#17899);
#17899 = AXIS2_PLACEMENT_3D('',#17900,#17901,#17902);
#17900 = CARTESIAN_POINT('',(-6.881353142795,-1.935809,0.5));
#17901 = DIRECTION('',(0.,0.707106781187,0.707106781187));
#17902 = DIRECTION('',(1.,0.,-0.));
#17903 = ADVANCED_FACE('',(#17904),#17909,.F.);
#17904 = FACE_BOUND('',#17905,.F.);
#17905 = EDGE_LOOP('',(#17906,#17907,#17908));
#17906 = ORIENTED_EDGE('',*,*,#17890,.F.);
#17907 = ORIENTED_EDGE('',*,*,#17741,.T.);
#17908 = ORIENTED_EDGE('',*,*,#17725,.F.);
#17909 = PLANE('',#17910);
#17910 = AXIS2_PLACEMENT_3D('',#17911,#17912,#17913);
#17911 = CARTESIAN_POINT('',(-5.881353142795,-1.435809,1.1E-16));
#17912 = DIRECTION('',(0.57735026919,0.57735026919,0.57735026919));
#17913 = DIRECTION('',(-0.707106781187,0.707106781187,1.387778780781E-16
    ));
#17914 = ADVANCED_FACE('',(#17915),#17925,.F.);
#17915 = FACE_BOUND('',#17916,.F.);
#17916 = EDGE_LOOP('',(#17917,#17923,#17924));
#17917 = ORIENTED_EDGE('',*,*,#17918,.F.);
#17918 = EDGE_CURVE('',#17772,#17750,#17919,.T.);
#17919 = LINE('',#17920,#17921);
#17920 = CARTESIAN_POINT('',(-5.881353142795,2.814191,0.75));
#17921 = VECTOR('',#17922,1.);
#17922 = DIRECTION('',(-2.9E-16,-0.707106781187,-0.707106781187));
#17923 = ORIENTED_EDGE('',*,*,#17771,.T.);
#17924 = ORIENTED_EDGE('',*,*,#17757,.F.);
#17925 = PLANE('',#17926);
#17926 = AXIS2_PLACEMENT_3D('',#17927,#17928,#17929);
#17927 = CARTESIAN_POINT('',(-5.881353142795,3.064191,1.));
#17928 = DIRECTION('',(0.57735026919,-0.57735026919,0.57735026919));
#17929 = DIRECTION('',(-0.707106781187,-5.551115123126E-17,
    0.707106781187));
#17930 = ADVANCED_FACE('',(#17931),#17937,.F.);
#17931 = FACE_BOUND('',#17932,.F.);
#17932 = EDGE_LOOP('',(#17933,#17934,#17935,#17936));
#17933 = ORIENTED_EDGE('',*,*,#17818,.F.);
#17934 = ORIENTED_EDGE('',*,*,#17873,.T.);
#17935 = ORIENTED_EDGE('',*,*,#17918,.T.);
#17936 = ORIENTED_EDGE('',*,*,#17841,.F.);
#17937 = PLANE('',#17938);
#17938 = AXIS2_PLACEMENT_3D('',#17939,#17940,#17941);
#17939 = CARTESIAN_POINT('',(17.618646857205,2.564191,0.5));
#17940 = DIRECTION('',(0.,-0.707106781187,0.707106781187));
#17941 = DIRECTION('',(-1.,0.,0.));
#17942 = ( GEOMETRIC_REPRESENTATION_CONTEXT(3) 
GLOBAL_UNCERTAINTY_ASSIGNED_CONTEXT((#17946)) 
GLOBAL_UNIT_ASSIGNED_CONTEXT((#17943,#17944,#17945)) 
REPRESENTATION_CONTEXT('Context #1',
  '3D Context with UNIT and UNCERTAINTY') );
#17943 = ( LENGTH_UNIT() NAMED_UNIT(*) SI_UNIT(.MILLI.,.METRE.) );
#17944 = ( NAMED_UNIT(*) PLANE_ANGLE_UNIT() SI_UNIT($,.RADIAN.) );
#17945 = ( NAMED_UNIT(*) SI_UNIT($,.STERADIAN.) SOLID_ANGLE_UNIT() );
#17946 = UNCERTAINTY_MEASURE_WITH_UNIT(LENGTH_MEASURE(1.E-07),#17943,
  'distance_accuracy_value','confusion accuracy');
#17947 = CONTEXT_DEPENDENT_SHAPE_REPRESENTATION(#17948,#17950);
#17948 = ( REPRESENTATION_RELATIONSHIP('','',#17407,#10) 
REPRESENTATION_RELATIONSHIP_WITH_TRANSFORMATION(#17949) 
SHAPE_REPRESENTATION_RELATIONSHIP() );
#17949 = ITEM_DEFINED_TRANSFORMATION('','',#11,#211);
#17950 = PRODUCT_DEFINITION_SHAPE('Placement','Placement of an item',
  #17951);
#17951 = NEXT_ASSEMBLY_USAGE_OCCURRENCE('298','Chamfer','',#5,#17402,$);
#17952 = PRODUCT_RELATED_PRODUCT_CATEGORY('part',$,(#17404));
#17953 = SHAPE_DEFINITION_REPRESENTATION(#17954,#17960);
#17954 = PRODUCT_DEFINITION_SHAPE('','',#17955);
#17955 = PRODUCT_DEFINITION('design','',#17956,#17959);
#17956 = PRODUCT_DEFINITION_FORMATION('','',#17957);
#17957 = PRODUCT('Open CASCADE STEP translator 7.8 12.51',
  'Open CASCADE STEP translator 7.8 12.51','',(#17958));
#17958 = PRODUCT_CONTEXT('',#2,'mechanical');
#17959 = PRODUCT_DEFINITION_CONTEXT('part definition',#2,'design');
#17960 = GEOMETRICALLY_BOUNDED_WIREFRAME_SHAPE_REPRESENTATION('',(#11,
    #17961),#17966);
#17961 = GEOMETRIC_CURVE_SET('',(#17962,#17963,#17964,#17965));
#17962 = CARTESIAN_POINT('',(0.,0.,0.));
#17963 = CARTESIAN_POINT('',(0.,0.,0.));
#17964 = CARTESIAN_POINT('',(0.,0.,0.));
#17965 = CARTESIAN_POINT('',(0.,0.,0.));
#17966 = ( GEOMETRIC_REPRESENTATION_CONTEXT(3) 
GLOBAL_UNCERTAINTY_ASSIGNED_CONTEXT((#17970)) 
GLOBAL_UNIT_ASSIGNED_CONTEXT((#17967,#17968,#17969)) 
REPRESENTATION_CONTEXT('Context #1',
  '3D Context with UNIT and UNCERTAINTY') );
#17967 = ( LENGTH_UNIT() NAMED_UNIT(*) SI_UNIT(.MILLI.,.METRE.) );
#17968 = ( NAMED_UNIT(*) PLANE_ANGLE_UNIT() SI_UNIT($,.RADIAN.) );
#17969 = ( NAMED_UNIT(*) SI_UNIT($,.STERADIAN.) SOLID_ANGLE_UNIT() );
#17970 = UNCERTAINTY_MEASURE_WITH_UNIT(LENGTH_MEASURE(1.E-07),#17967,
  'distance_accuracy_value','confusion accuracy');
#17971 = CONTEXT_DEPENDENT_SHAPE_REPRESENTATION(#17972,#17974);
#17972 = ( REPRESENTATION_RELATIONSHIP('','',#17960,#10) 
REPRESENTATION_RELATIONSHIP_WITH_TRANSFORMATION(#17973) 
SHAPE_REPRESENTATION_RELATIONSHIP() );
#17973 = ITEM_DEFINED_TRANSFORMATION('','',#11,#215);
#17974 = PRODUCT_DEFINITION_SHAPE('Placement','Placement of an item',
  #17975);
#17975 = NEXT_ASSEMBLY_USAGE_OCCURRENCE('299','','',#5,#17955,$);
#17976 = PRODUCT_RELATED_PRODUCT_CATEGORY('part',$,(#17957));
ENDSEC;
END-ISO-10303-21;
