                                                                        S0000001
,,31HOpen CASCADE IGES processor 7.8,13HFilename.iges,                  G0000001
16HOpen CASCADE 7.8,31HOpen CASCADE IGES processor 7.8,32,308,15,308,15,G0000002
,1.,2,2HMM,1,0.01,15H20260727.103125,4.18514E-06,,,,11,0,               G0000003
15H20260727.103125,;                                                    G0000004
     402       1       0       0       0       0       0       000000000D0000001
     402       0       0       2       1                threaded        D0000002
     402       3       0       0       0       0       0       000020000D0000003
     402       0       0       1       1                Body_Cla        D0000004
     144       4       0       0       0       0       0       000020000D0000005
     144       0       0       1       0                               0D0000006
     108       5       0       0       0       0       0       000010000D0000007
     108       0       0       1       0                               0D0000008
     142       6       0       0       0       0       0       000010500D0000009
     142       0       0       1       0                               0D0000010
     102       7       0       0       0       0       0       000010000D0000011
     102       0       0       1       0                               0D0000012
     110       8       0       0       0       0       0       000010000D0000013
     110       0       0       1       0                               0D0000014
     110       9       0       0       0       0       0       000010000D0000015
     110       0       0       1       0                               0D0000016
     110      10       0       0       0       0       0       000010000D0000017
     110       0       0       1       0                               0D0000018
     110      11       0       0       0       0       0       000010000D0000019
     110       0       0       1       0                               0D0000020
     144      12       0       0       0       0       0       000020000D0000021
     144       0       0       1       0                               0D0000022
     108      13       0       0       0       0       0       000010000D0000023
     108       0       0       1       0                               0D0000024
     142      14       0       0       0       0       0       000010500D0000025
     142       0       0       1       0                               0D0000026
     102      15       0       0       0       0       0       000010000D0000027
     102       0       0       1       0                               0D0000028
     110      16       0       0       0       0       0       000010000D0000029
     110       0       0       1       0                               0D0000030
     110      17       0       0       0       0       0       000010000D0000031
     110       0       0       1       0                               0D0000032
     110      18       0       0       0       0       0       000010000D0000033
     110       0       0       1       0                               0D0000034
     110      19       0       0       0       0       0       000010000D0000035
     110       0       0       1       0                               0D0000036
     144      20       0       0       0       0       0       000020000D0000037
     144       0       0       1       0                               0D0000038
     108      21       0       0       0       0       0       000010000D0000039
     108       0       0       1       0                               0D0000040
     142      22       0       0       0       0       0       000010500D0000041
     142       0       0       1       0                               0D0000042
     102      23       0       0       0       0       0       000010000D0000043
     102       0       0       1       0                               0D0000044
     110      24       0       0       0       0       0       000010000D0000045
     110       0       0       1       0                               0D0000046
     110      25       0       0       0       0       0       000010000D0000047
     110       0       0       1       0                               0D0000048
     110      26       0       0       0       0       0       000010000D0000049
     110       0       0       1       0                               0D0000050
     110      27       0       0       0       0       0       000010000D0000051
     110       0       0       1       0                               0D0000052
     144      28       0       0       0       0       0       000020000D0000053
     144       0       0       1       0                               0D0000054
     108      29       0       0       0       0       0       000010000D0000055
     108       0       0       1       0                               0D0000056
     142      30       0       0       0       0       0       000010500D0000057
     142       0       0       1       0                               0D0000058
     102      31       0       0       0       0       0       000010000D0000059
     102       0       0       1       0                               0D0000060
     110      32       0       0       0       0       0       000010000D0000061
     110       0       0       1       0                               0D0000062
     110      33       0       0       0       0       0       000010000D0000063
     110       0       0       1       0                               0D0000064
     110      34       0       0       0       0       0       000010000D0000065
     110       0       0       1       0                               0D0000066
     110      35       0       0       0       0       0       000010000D0000067
     110       0       0       1       0                               0D0000068
     144      36       0       0       0       0       0       000020000D0000069
     144       0       0       1       0                               0D0000070
     108      37       0       0       0       0       0       000010000D0000071
     108       0       0       1       0                               0D0000072
     142      38       0       0       0       0       0       000010500D0000073
     142       0       0       1       0                               0D0000074
     102      39       0       0       0       0       0       000010000D0000075
     102       0       0       1       0                               0D0000076
     110      40       0       0       0       0       0       000010000D0000077
     110       0       0       1       0                               0D0000078
     110      41       0       0       0       0       0       000010000D0000079
     110       0       0       1       0                               0D0000080
     110      42       0       0       0       0       0       000010000D0000081
     110       0       0       1       0                               0D0000082
     110      43       0       0       0       0       0       000010000D0000083
     110       0       0       1       0                               0D0000084
     144      44       0       0       0       0       0       000020000D0000085
     144       0       0       1       0                               0D0000086
     108      45       0       0       0       0       0       000010000D0000087
     108       0       0       1       0                               0D0000088
     142      46       0       0       0       0       0       000010500D0000089
     142       0       0       1       0                               0D0000090
     102      47       0       0       0       0       0       000010000D0000091
     102       0       0       1       0                               0D0000092
     110      48       0       0       0       0       0       000010000D0000093
     110       0       0       1       0                               0D0000094
     110      49       0       0       0       0       0       000010000D0000095
     110       0       0       1       0                               0D0000096
     110      50       0       0       0       0       0       000010000D0000097
     110       0       0       1       0                               0D0000098
     110      51       0       0       0       0       0       000010000D0000099
     110       0       0       1       0                               0D0000100
     402      52       0       0       0       0       0       000020000D0000101
     402       0       0       1       1                Pad_02_B        D0000102
     144      53       0       0       0       0       0       000020000D0000103
     144       0       0       1       0                               0D0000104
     108      54       0       0       0       0       0       000010000D0000105
     108       0       0       1       0                               0D0000106
     142      55       0       0       0       0       0       000010500D0000107
     142       0       0       1       0                               0D0000108
     102      56       0       0       0       0       0       000010000D0000109
     102       0       0       1       0                               0D0000110
     110      57       0       0       0       0       0       000010000D0000111
     110       0       0       1       0                               0D0000112
     110      58       0       0       0       0       0       000010000D0000113
     110       0       0       1       0                               0D0000114
     110      59       0       0       0       0       0       000010000D0000115
     110       0       0       1       0                               0D0000116
     110      60       0       0       0       0       0       000010000D0000117
     110       0       0       1       0                               0D0000118
     144      61       0       0       0       0       0       000020000D0000119
     144       0       0       1       0                               0D0000120
     108      62       0       0       0       0       0       000010000D0000121
     108       0       0       1       0                               0D0000122
     142      63       0       0       0       0       0       000010500D0000123
     142       0       0       1       0                               0D0000124
     102      64       0       0       0       0       0       000010000D0000125
     102       0       0       1       0                               0D0000126
     110      65       0       0       0       0       0       000010000D0000127
     110       0       0       1       0                               0D0000128
     110      66       0       0       0       0       0       000010000D0000129
     110       0       0       1       0                               0D0000130
     110      67       0       0       0       0       0       000010000D0000131
     110       0       0       1       0                               0D0000132
     110      68       0       0       0       0       0       000010000D0000133
     110       0       0       1       0                               0D0000134
     144      69       0       0       0       0       0       000020000D0000135
     144       0       0       1       0                               0D0000136
     108      70       0       0       0       0       0       000010000D0000137
     108       0       0       1       0                               0D0000138
     142      71       0       0       0       0       0       000010500D0000139
     142       0       0       1       0                               0D0000140
     102      72       0       0       0       0       0       000010000D0000141
     102       0       0       1       0                               0D0000142
     110      73       0       0       0       0       0       000010000D0000143
     110       0       0       1       0                               0D0000144
     110      74       0       0       0       0       0       000010000D0000145
     110       0       0       1       0                               0D0000146
     110      75       0       0       0       0       0       000010000D0000147
     110       0       0       1       0                               0D0000148
     110      76       0       0       0       0       0       000010000D0000149
     110       0       0       1       0                               0D0000150
     144      77       0       0       0       0       0       000020000D0000151
     144       0       0       1       0                               0D0000152
     108      78       0       0       0       0       0       000010000D0000153
     108       0       0       1       0                               0D0000154
     142      79       0       0       0       0       0       000010500D0000155
     142       0       0       1       0                               0D0000156
     102      80       0       0       0       0       0       000010000D0000157
     102       0       0       1       0                               0D0000158
     110      81       0       0       0       0       0       000010000D0000159
     110       0       0       1       0                               0D0000160
     110      82       0       0       0       0       0       000010000D0000161
     110       0       0       1       0                               0D0000162
     110      83       0       0       0       0       0       000010000D0000163
     110       0       0       1       0                               0D0000164
     110      84       0       0       0       0       0       000010000D0000165
     110       0       0       1       0                               0D0000166
     144      85       0       0       0       0       0       000020000D0000167
     144       0       0       1       0                               0D0000168
     108      86       0       0       0       0       0       000010000D0000169
     108       0       0       1       0                               0D0000170
     142      87       0       0       0       0       0       000010500D0000171
     142       0       0       1       0                               0D0000172
     102      88       0       0       0       0       0       000010000D0000173
     102       0       0       1       0                               0D0000174
     110      89       0       0       0       0       0       000010000D0000175
     110       0       0       1       0                               0D0000176
     110      90       0       0       0       0       0       000010000D0000177
     110       0       0       1       0                               0D0000178
     110      91       0       0       0       0       0       000010000D0000179
     110       0       0       1       0                               0D0000180
     110      92       0       0       0       0       0       000010000D0000181
     110       0       0       1       0                               0D0000182
     144      93       0       0       0       0       0       000020000D0000183
     144       0       0       1       0                               0D0000184
     108      94       0       0       0       0       0       000010000D0000185
     108       0       0       1       0                               0D0000186
     142      95       0       0       0       0       0       000010500D0000187
     142       0       0       1       0                               0D0000188
     102      96       0       0       0       0       0       000010000D0000189
     102       0       0       1       0                               0D0000190
     110      97       0       0       0       0       0       000010000D0000191
     110       0       0       1       0                               0D0000192
     110      98       0       0       0       0       0       000010000D0000193
     110       0       0       1       0                               0D0000194
     110      99       0       0       0       0       0       000010000D0000195
     110       0       0       1       0                               0D0000196
     110     100       0       0       0       0       0       000010000D0000197
     110       0       0       1       0                               0D0000198
     402     101       0       0       0       0       0       000020000D0000199
     402       0       0       1       1                _03_Base        D0000200
     144     102       0       0       0       0       0       000020000D0000201
     144       0       0       1       0                               0D0000202
     108     103       0       0       0       0       0       000010000D0000203
     108       0       0       1       0                               0D0000204
     142     104       0       0       0       0       0       000010500D0000205
     142       0       0       1       0                               0D0000206
     102     105       0       0       0       0       0       000010000D0000207
     102       0       0       1       0                               0D0000208
     110     106       0       0       0       0       0       000010000D0000209
     110       0       0       1       0                               0D0000210
     110     107       0       0       0       0       0       000010000D0000211
     110       0       0       1       0                               0D0000212
     110     108       0       0       0       0       0       000010000D0000213
     110       0       0       1       0                               0D0000214
     110     109       0       0       0       0       0       000010000D0000215
     110       0       0       1       0                               0D0000216
     144     110       0       0       0       0       0       000020000D0000217
     144       0       0       1       0                               0D0000218
     108     111       0       0       0       0       0       000010000D0000219
     108       0       0       1       0                               0D0000220
     142     112       0       0       0       0       0       000010500D0000221
     142       0       0       1       0                               0D0000222
     102     113       0       0       0       0       0       000010000D0000223
     102       0       0       1       0                               0D0000224
     110     114       0       0       0       0       0       000010000D0000225
     110       0       0       1       0                               0D0000226
     110     115       0       0       0       0       0       000010000D0000227
     110       0       0       1       0                               0D0000228
     110     116       0       0       0       0       0       000010000D0000229
     110       0       0       1       0                               0D0000230
     110     117       0       0       0       0       0       000010000D0000231
     110       0       0       1       0                               0D0000232
     144     118       0       0       0       0       0       000020000D0000233
     144       0       0       1       0                               0D0000234
     108     119       0       0       0       0       0       000010000D0000235
     108       0       0       1       0                               0D0000236
     142     120       0       0       0       0       0       000010500D0000237
     142       0       0       1       0                               0D0000238
     102     121       0       0       0       0       0       000010000D0000239
     102       0       0       1       0                               0D0000240
     110     122       0       0       0       0       0       000010000D0000241
     110       0       0       1       0                               0D0000242
     110     123       0       0       0       0       0       000010000D0000243
     110       0       0       1       0                               0D0000244
     110     124       0       0       0       0       0       000010000D0000245
     110       0       0       1       0                               0D0000246
     110     125       0       0       0       0       0       000010000D0000247
     110       0       0       1       0                               0D0000248
     144     126       0       0       0       0       0       000020000D0000249
     144       0       0       1       0                               0D0000250
     108     127       0       0       0       0       0       000010000D0000251
     108       0       0       1       0                               0D0000252
     142     128       0       0       0       0       0       000010500D0000253
     142       0       0       1       0                               0D0000254
     102     129       0       0       0       0       0       000010000D0000255
     102       0       0       1       0                               0D0000256
     110     130       0       0       0       0       0       000010000D0000257
     110       0       0       1       0                               0D0000258
     110     131       0       0       0       0       0       000010000D0000259
     110       0       0       1       0                               0D0000260
     110     132       0       0       0       0       0       000010000D0000261
     110       0       0       1       0                               0D0000262
     110     133       0       0       0       0       0       000010000D0000263
     110       0       0       1       0                               0D0000264
     144     134       0       0       0       0       0       000020000D0000265
     144       0       0       1       0                               0D0000266
     108     135       0       0       0       0       0       000010000D0000267
     108       0       0       1       0                               0D0000268
     142     136       0       0       0       0       0       000010500D0000269
     142       0       0       1       0                               0D0000270
     102     137       0       0       0       0       0       000010000D0000271
     102       0       0       1       0                               0D0000272
     110     138       0       0       0       0       0       000010000D0000273
     110       0       0       1       0                               0D0000274
     110     139       0       0       0       0       0       000010000D0000275
     110       0       0       1       0                               0D0000276
     110     140       0       0       0       0       0       000010000D0000277
     110       0       0       1       0                               0D0000278
     110     141       0       0       0       0       0       000010000D0000279
     110       0       0       1       0                               0D0000280
     144     142       0       0       0       0       0       000020000D0000281
     144       0       0       1       0                               0D0000282
     108     143       0       0       0       0       0       000010000D0000283
     108       0       0       1       0                               0D0000284
     142     144       0       0       0       0       0       000010500D0000285
     142       0       0       1       0                               0D0000286
     102     145       0       0       0       0       0       000010000D0000287
     102       0       0       1       0                               0D0000288
     110     146       0       0       0       0       0       000010000D0000289
     110       0       0       1       0                               0D0000290
     110     147       0       0       0       0       0       000010000D0000291
     110       0       0       1       0                               0D0000292
     110     148       0       0       0       0       0       000010000D0000293
     110       0       0       1       0                               0D0000294
     110     149       0       0       0       0       0       000010000D0000295
     110       0       0       1       0                               0D0000296
     402     150       0       0       0       0       0       000020000D0000297
     402       0       0       1       1                _04_Tool        D0000298
     144     151       0       0       0       0       0       000020000D0000299
     144       0       0       1       0                               0D0000300
     108     152       0       0       0       0       0       000010000D0000301
     108       0       0       1       0                               0D0000302
     142     153       0       0       0       0       0       000010500D0000303
     142       0       0       1       0                               0D0000304
     102     154       0       0       0       0       0       000010000D0000305
     102       0       0       1       0                               0D0000306
     110     155       0       0       0       0       0       000010000D0000307
     110       0       0       1       0                               0D0000308
     110     156       0       0       0       0       0       000010000D0000309
     110       0       0       1       0                               0D0000310
     110     157       0       0       0       0       0       000010000D0000311
     110       0       0       1       0                               0D0000312
     110     158       0       0       0       0       0       000010000D0000313
     110       0       0       1       0                               0D0000314
     144     159       0       0       0       0       0       000020000D0000315
     144       0       0       1       0                               0D0000316
     108     160       0       0       0       0       0       000010000D0000317
     108       0       0       1       0                               0D0000318
     142     161       0       0       0       0       0       000010500D0000319
     142       0       0       1       0                               0D0000320
     102     162       0       0       0       0       0       000010000D0000321
     102       0       0       1       0                               0D0000322
     110     163       0       0       0       0       0       000010000D0000323
     110       0       0       1       0                               0D0000324
     110     164       0       0       0       0       0       000010000D0000325
     110       0       0       1       0                               0D0000326
     110     165       0       0       0       0       0       000010000D0000327
     110       0       0       1       0                               0D0000328
     110     166       0       0       0       0       0       000010000D0000329
     110       0       0       1       0                               0D0000330
     144     167       0       0       0       0       0       000020000D0000331
     144       0       0       1       0                               0D0000332
     108     168       0       0       0       0       0       000010000D0000333
     108       0       0       1       0                               0D0000334
     142     169       0       0       0       0       0       000010500D0000335
     142       0       0       1       0                               0D0000336
     102     170       0       0       0       0       0       000010000D0000337
     102       0       0       1       0                               0D0000338
     110     171       0       0       0       0       0       000010000D0000339
     110       0       0       1       0                               0D0000340
     110     172       0       0       0       0       0       000010000D0000341
     110       0       0       1       0                               0D0000342
     110     173       0       0       0       0       0       000010000D0000343
     110       0       0       1       0                               0D0000344
     110     174       0       0       0       0       0       000010000D0000345
     110       0       0       1       0                               0D0000346
     144     175       0       0       0       0       0       000020000D0000347
     144       0       0       1       0                               0D0000348
     108     176       0       0       0       0       0       000010000D0000349
     108       0       0       1       0                               0D0000350
     142     177       0       0       0       0       0       000010500D0000351
     142       0       0       1       0                               0D0000352
     102     178       0       0       0       0       0       000010000D0000353
     102       0       0       1       0                               0D0000354
     110     179       0       0       0       0       0       000010000D0000355
     110       0       0       1       0                               0D0000356
     110     180       0       0       0       0       0       000010000D0000357
     110       0       0       1       0                               0D0000358
     110     181       0       0       0       0       0       000010000D0000359
     110       0       0       1       0                               0D0000360
     110     182       0       0       0       0       0       000010000D0000361
     110       0       0       1       0                               0D0000362
     144     183       0       0       0       0       0       000020000D0000363
     144       0       0       1       0                               0D0000364
     108     184       0       0       0       0       0       000010000D0000365
     108       0       0       1       0                               0D0000366
     142     185       0       0       0       0       0       000010500D0000367
     142       0       0       1       0                               0D0000368
     102     186       0       0       0       0       0       000010000D0000369
     102       0       0       1       0                               0D0000370
     110     187       0       0       0       0       0       000010000D0000371
     110       0       0       1       0                               0D0000372
     110     188       0       0       0       0       0       000010000D0000373
     110       0       0       1       0                               0D0000374
     110     189       0       0       0       0       0       000010000D0000375
     110       0       0       1       0                               0D0000376
     110     190       0       0       0       0       0       000010000D0000377
     110       0       0       1       0                               0D0000378
     144     191       0       0       0       0       0       000020000D0000379
     144       0       0       1       0                               0D0000380
     108     192       0       0       0       0       0       000010000D0000381
     108       0       0       1       0                               0D0000382
     142     193       0       0       0       0       0       000010500D0000383
     142       0       0       1       0                               0D0000384
     102     194       0       0       0       0       0       000010000D0000385
     102       0       0       1       0                               0D0000386
     110     195       0       0       0       0       0       000010000D0000387
     110       0       0       1       0                               0D0000388
     110     196       0       0       0       0       0       000010000D0000389
     110       0       0       1       0                               0D0000390
     110     197       0       0       0       0       0       000010000D0000391
     110       0       0       1       0                               0D0000392
     110     198       0       0       0       0       0       000010000D0000393
     110       0       0       1       0                               0D0000394
     402     199       0       0       0       0       0       000020000D0000395
     402       0       0       1       1                               0D0000396
     144     200       0       0       0       0       0       000020000D0000397
     144       0       0       1       0                               0D0000398
     108     201       0       0       0       0       0       000010000D0000399
     108       0       0       1       0                               0D0000400
     142     202       0       0       0       0       0       000010500D0000401
     142       0       0       1       0                               0D0000402
     102     203       0       0       0       0       0       000010000D0000403
     102       0       0       1       0                               0D0000404
     110     204       0       0       0       0       0       000010000D0000405
     110       0       0       1       0                               0D0000406
     110     205       0       0       0       0       0       000010000D0000407
     110       0       0       1       0                               0D0000408
     110     206       0       0       0       0       0       000010000D0000409
     110       0       0       1       0                               0D0000410
     110     207       0       0       0       0       0       000010000D0000411
     110       0       0       1       0                               0D0000412
     144     208       0       0       0       0       0       000020000D0000413
     144       0       0       1       0                               0D0000414
     108     209       0       0       0       0       0       000010000D0000415
     108       0       0       1       0                               0D0000416
     142     210       0       0       0       0       0       000010500D0000417
     142       0       0       1       0                               0D0000418
     102     211       0       0       0       0       0       000010000D0000419
     102       0       0       1       0                               0D0000420
     110     212       0       0       0       0       0       000010000D0000421
     110       0       0       1       0                               0D0000422
     110     213       0       0       0       0       0       000010000D0000423
     110       0       0       1       0                               0D0000424
     110     214       0       0       0       0       0       000010000D0000425
     110       0       0       1       0                               0D0000426
     110     215       0       0       0       0       0       000010000D0000427
     110       0       0       1       0                               0D0000428
     110     216       0       0       0       0       0       000010000D0000429
     110       0       0       1       0                               0D0000430
     110     217       0       0       0       0       0       000010000D0000431
     110       0       0       1       0                               0D0000432
     110     218       0       0       0       0       0       000010000D0000433
     110       0       0       1       0                               0D0000434
     110     219       0       0       0       0       0       000010000D0000435
     110       0       0       1       0                               0D0000436
     144     220       0       0       0       0       0       000020000D0000437
     144       0       0       1       0                               0D0000438
     108     221       0       0       0       0       0       000010000D0000439
     108       0       0       1       0                               0D0000440
     142     222       0       0       0       0       0       000010500D0000441
     142       0       0       1       0                               0D0000442
     102     223       0       0       0       0       0       000010000D0000443
     102       0       0       1       0                               0D0000444
     110     224       0       0       0       0       0       000010000D0000445
     110       0       0       1       0                               0D0000446
     110     225       0       0       0       0       0       000010000D0000447
     110       0       0       1       0                               0D0000448
     110     226       0       0       0       0       0       000010000D0000449
     110       0       0       1       0                               0D0000450
     110     227       0       0       0       0       0       000010000D0000451
     110       0       0       1       0                               0D0000452
     110     228       0       0       0       0       0       000010000D0000453
     110       0       0       1       0                               0D0000454
     110     229       0       0       0       0       0       000010000D0000455
     110       0       0       1       0                               0D0000456
     110     230       0       0       0       0       0       000010000D0000457
     110       0       0       1       0                               0D0000458
     110     231       0       0       0       0       0       000010000D0000459
     110       0       0       1       0                               0D0000460
     144     232       0       0       0       0       0       000020000D0000461
     144       0       0       1       0                               0D0000462
     108     233       0       0       0       0       0       000010000D0000463
     108       0       0       1       0                               0D0000464
     142     234       0       0       0       0       0       000010500D0000465
     142       0       0       1       0                               0D0000466
     102     235       0       0       0       0       0       000010000D0000467
     102       0       0       1       0                               0D0000468
     110     236       0       0       0       0       0       000010000D0000469
     110       0       0       1       0                               0D0000470
     110     237       0       0       0       0       0       000010000D0000471
     110       0       0       1       0                               0D0000472
     110     238       0       0       0       0       0       000010000D0000473
     110       0       0       1       0                               0D0000474
     110     239       0       0       0       0       0       000010000D0000475
     110       0       0       1       0                               0D0000476
     144     240       0       0       0       0       0       000020000D0000477
     144       0       0       1       0                               0D0000478
     108     241       0       0       0       0       0       000010000D0000479
     108       0       0       1       0                               0D0000480
     142     242       0       0       0       0       0       000010500D0000481
     142       0       0       1       0                               0D0000482
     102     243       0       0       0       0       0       000010000D0000483
     102       0       0       1       0                               0D0000484
     110     244       0       0       0       0       0       000010000D0000485
     110       0       0       1       0                               0D0000486
     110     245       0       0       0       0       0       000010000D0000487
     110       0       0       1       0                               0D0000488
     110     246       0       0       0       0       0       000010000D0000489
     110       0       0       1       0                               0D0000490
     110     247       0       0       0       0       0       000010000D0000491
     110       0       0       1       0                               0D0000492
     144     248       0       0       0       0       0       000020000D0000493
     144       0       0       1       0                               0D0000494
     108     249       0       0       0       0       0       000010000D0000495
     108       0       0       1       0                               0D0000496
     142     250       0       0       0       0       0       000010500D0000497
     142       0       0       1       0                               0D0000498
     102     251       0       0       0       0       0       000010000D0000499
     102       0       0       1       0                               0D0000500
     110     252       0       0       0       0       0       000010000D0000501
     110       0       0       1       0                               0D0000502
     110     253       0       0       0       0       0       000010000D0000503
     110       0       0       1       0                               0D0000504
     110     254       0       0       0       0       0       000010000D0000505
     110       0       0       1       0                               0D0000506
     110     255       0       0       0       0       0       000010000D0000507
     110       0       0       1       0                               0D0000508
     144     256       0       0       0       0       0       000020000D0000509
     144       0       0       1       0                               0D0000510
     108     257       0       0       0       0       0       000010000D0000511
     108       0       0       1       0                               0D0000512
     142     258       0       0       0       0       0       000010500D0000513
     142       0       0       1       0                               0D0000514
     102     259       0       0       0       0       0       000010000D0000515
     102       0       0       1       0                               0D0000516
     110     260       0       0       0       0       0       000010000D0000517
     110       0       0       1       0                               0D0000518
     110     261       0       0       0       0       0       000010000D0000519
     110       0       0       1       0                               0D0000520
     110     262       0       0       0       0       0       000010000D0000521
     110       0       0       1       0                               0D0000522
     110     263       0       0       0       0       0       000010000D0000523
     110       0       0       1       0                               0D0000524
     144     264       0       0       0       0       0       000020000D0000525
     144       0       0       1       0                               0D0000526
     108     265       0       0       0       0       0       000010000D0000527
     108       0       0       1       0                               0D0000528
     142     266       0       0       0       0       0       000010500D0000529
     142       0       0       1       0                               0D0000530
     102     267       0       0       0       0       0       000010000D0000531
     102       0       0       1       0                               0D0000532
     110     268       0       0       0       0       0       000010000D0000533
     110       0       0       1       0                               0D0000534
     110     269       0       0       0       0       0       000010000D0000535
     110       0       0       1       0                               0D0000536
     110     270       0       0       0       0       0       000010000D0000537
     110       0       0       1       0                               0D0000538
     110     271       0       0       0       0       0       000010000D0000539
     110       0       0       1       0                               0D0000540
     144     272       0       0       0       0       0       000020000D0000541
     144       0       0       1       0                               0D0000542
     108     273       0       0       0       0       0       000010000D0000543
     108       0       0       1       0                               0D0000544
     142     274       0       0       0       0       0       000010500D0000545
     142       0       0       1       0                               0D0000546
     102     275       0       0       0       0       0       000010000D0000547
     102       0       0       1       0                               0D0000548
     110     276       0       0       0       0       0       000010000D0000549
     110       0       0       1       0                               0D0000550
     110     277       0       0       0       0       0       000010000D0000551
     110       0       0       1       0                               0D0000552
     110     278       0       0       0       0       0       000010000D0000553
     110       0       0       1       0                               0D0000554
     110     279       0       0       0       0       0       000010000D0000555
     110       0       0       1       0                               0D0000556
     144     280       0       0       0       0       0       000020000D0000557
     144       0       0       1       0                               0D0000558
     108     281       0       0       0       0       0       000010000D0000559
     108       0       0       1       0                               0D0000560
     142     282       0       0       0       0       0       000010500D0000561
     142       0       0       1       0                               0D0000562
     102     283       0       0       0       0       0       000010000D0000563
     102       0       0       1       0                               0D0000564
     110     284       0       0       0       0       0       000010000D0000565
     110       0       0       1       0                               0D0000566
     110     285       0       0       0       0       0       000010000D0000567
     110       0       0       1       0                               0D0000568
     110     286       0       0       0       0       0       000010000D0000569
     110       0       0       1       0                               0D0000570
     110     287       0       0       0       0       0       000010000D0000571
     110       0       0       1       0                               0D0000572
     402     288       0       0       0       0       0       000020000D0000573
     402       0       0       1       1                _06_Tool        D0000574
     144     289       0       0       0       0       0       000020000D0000575
     144       0       0       1       0                               0D0000576
     120     290       0       0       0       0     579       000010000D0000577
     120       0       0       1       0                               0D0000578
     124     291       0       0       0       0       0       000000000D0000579
     124       0       0       1       0                               0D0000580
     110     292       0       0       0       0       0       000010000D0000581
     110       0       0       1       0                               0D0000582
     110     293       0       0       0       0       0       000010000D0000583
     110       0       0       1       0                               0D0000584
     142     294       0       0       0       0       0       000010500D0000585
     142       0       0       1       0                               0D0000586
     102     295       0       0       0       0       0       000010000D0000587
     102       0       0       1       0                               0D0000588
     100     296       0       0       0       0     591       000010000D0000589
     100       0       0       1       0                               0D0000590
     124     297       0       0       0       0       0       000000000D0000591
     124       0       0       1       0                               0D0000592
     110     298       0       0       0       0       0       000010000D0000593
     110       0       0       1       0                               0D0000594
     100     299       0       0       0       0     597       000010000D0000595
     100       0       0       1       0                               0D0000596
     124     300       0       0       0       0       0       000000000D0000597
     124       0       0       1       0                               0D0000598
     110     301       0       0       0       0       0       000010000D0000599
     110       0       0       1       0                               0D0000600
     144     302       0       0       0       0       0       000020000D0000601
     144       0       0       1       0                               0D0000602
     108     303       0       0       0       0       0       000010000D0000603
     108       0       0       1       0                               0D0000604
     142     304       0       0       0       0       0       000010500D0000605
     142       0       0       1       0                               0D0000606
     100     305       0       0       0       0     609       000010000D0000607
     100       0       0       1       0                               0D0000608
     124     306       0       0       0       0       0       000000000D0000609
     124       0       0       1       0                               0D0000610
     144     307       0       0       0       0       0       000020000D0000611
     144       0       0       1       0                               0D0000612
     108     308       0       0       0       0       0       000010000D0000613
     108       0       0       1       0                               0D0000614
     142     309       0       0       0       0       0       000010500D0000615
     142       0       0       1       0                               0D0000616
     100     310       0       0       0       0     619       000010000D0000617
     100       0       0       1       0                               0D0000618
     124     311       0       0       0       0       0       000000000D0000619
     124       0       0       1       0                               0D0000620
     402     312       0       0       0       0       0       000020000D0000621
     402       0       0       1       1                               0D0000622
     144     313       0       0       0       0       0       000020000D0000623
     144       0       0       1       0                               0D0000624
     108     314       0       0       0       0       0       000010000D0000625
     108       0       0       1       0                               0D0000626
     142     315       0       0       0       0       0       000010500D0000627
     142       0       0       1       0                               0D0000628
     102     316       0       0       0       0       0       000010000D0000629
     102       0       0       1       0                               0D0000630
     110     317       0       0       0       0       0       000010000D0000631
     110       0       0       1       0                               0D0000632
     110     318       0       0       0       0       0       000010000D0000633
     110       0       0       1       0                               0D0000634
     110     319       0       0       0       0       0       000010000D0000635
     110       0       0       1       0                               0D0000636
     110     320       0       0       0       0       0       000010000D0000637
     110       0       0       1       0                               0D0000638
     142     321       0       0       0       0       0       000010500D0000639
     142       0       0       1       0                               0D0000640
     100     322       0       0       0       0     643       000010000D0000641
     100       0       0       1       0                               0D0000642
     124     323       0       0       0       0       0       000000000D0000643
     124       0       0       1       0                               0D0000644
     144     324       0       0       0       0       0       000020000D0000645
     144       0       0       1       0                               0D0000646
     108     325       0       0       0       0       0       000010000D0000647
     108       0       0       1       0                               0D0000648
     142     326       0       0       0       0       0       000010500D0000649
     142       0       0       1       0                               0D0000650
     102     327       0       0       0       0       0       000010000D0000651
     102       0       0       1       0                               0D0000652
     110     328       0       0       0       0       0       000010000D0000653
     110       0       0       1       0                               0D0000654
     110     329       0       0       0       0       0       000010000D0000655
     110       0       0       1       0                               0D0000656
     110     330       0       0       0       0       0       000010000D0000657
     110       0       0       1       0                               0D0000658
     110     331       0       0       0       0       0       000010000D0000659
     110       0       0       1       0                               0D0000660
     110     332       0       0       0       0       0       000010000D0000661
     110       0       0       1       0                               0D0000662
     110     333       0       0       0       0       0       000010000D0000663
     110       0       0       1       0                               0D0000664
     110     334       0       0       0       0       0       000010000D0000665
     110       0       0       1       0                               0D0000666
     110     335       0       0       0       0       0       000010000D0000667
     110       0       0       1       0                               0D0000668
     144     336       0       0       0       0       0       000020000D0000669
     144       0       0       1       0                               0D0000670
     108     337       0       0       0       0       0       000010000D0000671
     108       0       0       1       0                               0D0000672
     142     338       0       0       0       0       0       000010500D0000673
     142       0       0       1       0                               0D0000674
     102     339       0       0       0       0       0       000010000D0000675
     102       0       0       1       0                               0D0000676
     110     340       0       0       0       0       0       000010000D0000677
     110       0       0       1       0                               0D0000678
     110     341       0       0       0       0       0       000010000D0000679
     110       0       0       1       0                               0D0000680
     110     342       0       0       0       0       0       000010000D0000681
     110       0       0       1       0                               0D0000682
     110     343       0       0       0       0       0       000010000D0000683
     110       0       0       1       0                               0D0000684
     144     344       0       0       0       0       0       000020000D0000685
     144       0       0       1       0                               0D0000686
     108     345       0       0       0       0       0       000010000D0000687
     108       0       0       1       0                               0D0000688
     142     346       0       0       0       0       0       000010500D0000689
     142       0       0       1       0                               0D0000690
     102     347       0       0       0       0       0       000010000D0000691
     102       0       0       1       0                               0D0000692
     110     348       0       0       0       0       0       000010000D0000693
     110       0       0       1       0                               0D0000694
     110     349       0       0       0       0       0       000010000D0000695
     110       0       0       1       0                               0D0000696
     110     350       0       0       0       0       0       000010000D0000697
     110       0       0       1       0                               0D0000698
     110     351       0       0       0       0       0       000010000D0000699
     110       0       0       1       0                               0D0000700
     144     352       0       0       0       0       0       000020000D0000701
     144       0       0       1       0                               0D0000702
     108     353       0       0       0       0       0       000010000D0000703
     108       0       0       1       0                               0D0000704
     142     354       0       0       0       0       0       000010500D0000705
     142       0       0       1       0                               0D0000706
     102     355       0       0       0       0       0       000010000D0000707
     102       0       0       1       0                               0D0000708
     110     356       0       0       0       0       0       000010000D0000709
     110       0       0       1       0                               0D0000710
     110     357       0       0       0       0       0       000010000D0000711
     110       0       0       1       0                               0D0000712
     110     358       0       0       0       0       0       000010000D0000713
     110       0       0       1       0                               0D0000714
     110     359       0       0       0       0       0       000010000D0000715
     110       0       0       1       0                               0D0000716
     110     360       0       0       0       0       0       000010000D0000717
     110       0       0       1       0                               0D0000718
     110     361       0       0       0       0       0       000010000D0000719
     110       0       0       1       0                               0D0000720
     110     362       0       0       0       0       0       000010000D0000721
     110       0       0       1       0                               0D0000722
     110     363       0       0       0       0       0       000010000D0000723
     110       0       0       1       0                               0D0000724
     144     364       0       0       0       0       0       000020000D0000725
     144       0       0       1       0                               0D0000726
     120     365       0       0       0       0     729       000010000D0000727
     120       0       0       1       0                               0D0000728
     124     366       0       0       0       0       0       000000000D0000729
     124       0       0       1       1                               0D0000730
     110     367       0       0       0       0       0       000010000D0000731
     110       0       0       1       0                               0D0000732
     110     368       0       0       0       0       0       000010000D0000733
     110       0       0       1       0                               0D0000734
     142     369       0       0       0       0       0       000010500D0000735
     142       0       0       1       0                               0D0000736
     102     370       0       0       0       0       0       000010000D0000737
     102       0       0       1       0                               0D0000738
     110     371       0       0       0       0       0       000010000D0000739
     110       0       0       1       0                               0D0000740
     100     372       0       0       0       0     743       000010000D0000741
     100       0       0       1       0                               0D0000742
     124     373       0       0       0       0       0       000000000D0000743
     124       0       0       1       0                               0D0000744
     110     374       0       0       0       0       0       000010000D0000745
     110       0       0       1       0                               0D0000746
     100     375       0       0       0       0     749       000010000D0000747
     100       0       0       1       0                               0D0000748
     124     376       0       0       0       0       0       000000000D0000749
     124       0       0       1       0                               0D0000750
     144     377       0       0       0       0       0       000020000D0000751
     144       0       0       1       0                               0D0000752
     108     378       0       0       0       0       0       000010000D0000753
     108       0       0       1       0                               0D0000754
     142     379       0       0       0       0       0       000010500D0000755
     142       0       0       1       0                               0D0000756
     102     380       0       0       0       0       0       000010000D0000757
     102       0       0       1       0                               0D0000758
     110     381       0       0       0       0       0       000010000D0000759
     110       0       0       1       0                               0D0000760
     110     382       0       0       0       0       0       000010000D0000761
     110       0       0       1       0                               0D0000762
     110     383       0       0       0       0       0       000010000D0000763
     110       0       0       1       0                               0D0000764
     110     384       0       0       0       0       0       000010000D0000765
     110       0       0       1       0                               0D0000766
     142     385       0       0       0       0       0       000010500D0000767
     142       0       0       1       0                               0D0000768
     100     386       0       0       0       0     771       000010000D0000769
     100       0       0       1       0                               0D0000770
     124     387       0       0       0       0       0       000000000D0000771
     124       0       0       1       0                               0D0000772
     144     388       0       0       0       0       0       000020000D0000773
     144       0       0       1       0                               0D0000774
     108     389       0       0       0       0       0       000010000D0000775
     108       0       0       1       0                               0D0000776
     142     390       0       0       0       0       0       000010500D0000777
     142       0       0       1       0                               0D0000778
     102     391       0       0       0       0       0       000010000D0000779
     102       0       0       1       0                               0D0000780
     110     392       0       0       0       0       0       000010000D0000781
     110       0       0       1       0                               0D0000782
     110     393       0       0       0       0       0       000010000D0000783
     110       0       0       1       0                               0D0000784
     110     394       0       0       0       0       0       000010000D0000785
     110       0       0       1       0                               0D0000786
     110     395       0       0       0       0       0       000010000D0000787
     110       0       0       1       0                               0D0000788
     144     396       0       0       0       0       0       000020000D0000789
     144       0       0       1       0                               0D0000790
     108     397       0       0       0       0       0       000010000D0000791
     108       0       0       1       0                               0D0000792
     142     398       0       0       0       0       0       000010500D0000793
     142       0       0       1       0                               0D0000794
     102     399       0       0       0       0       0       000010000D0000795
     102       0       0       1       0                               0D0000796
     110     400       0       0       0       0       0       000010000D0000797
     110       0       0       1       0                               0D0000798
     110     401       0       0       0       0       0       000010000D0000799
     110       0       0       1       0                               0D0000800
     110     402       0       0       0       0       0       000010000D0000801
     110       0       0       1       0                               0D0000802
     110     403       0       0       0       0       0       000010000D0000803
     110       0       0       1       0                               0D0000804
     142     404       0       0       0       0       0       000010500D0000805
     142       0       0       1       0                               0D0000806
     100     405       0       0       0       0     809       000010000D0000807
     100       0       0       1       0                               0D0000808
     124     406       0       0       0       0       0       000000000D0000809
     124       0       0       1       0                               0D0000810
     144     407       0       0       0       0       0       000020000D0000811
     144       0       0       1       0                               0D0000812
     108     408       0       0       0       0       0       000010000D0000813
     108       0       0       1       0                               0D0000814
     142     409       0       0       0       0       0       000010500D0000815
     142       0       0       1       0                               0D0000816
     102     410       0       0       0       0       0       000010000D0000817
     102       0       0       1       0                               0D0000818
     110     411       0       0       0       0       0       000010000D0000819
     110       0       0       1       0                               0D0000820
     110     412       0       0       0       0       0       000010000D0000821
     110       0       0       1       0                               0D0000822
     110     413       0       0       0       0       0       000010000D0000823
     110       0       0       1       0                               0D0000824
     110     414       0       0       0       0       0       000010000D0000825
     110       0       0       1       0                               0D0000826
     144     415       0       0       0       0       0       000020000D0000827
     144       0       0       1       0                               0D0000828
     108     416       0       0       0       0       0       000010000D0000829
     108       0       0       1       0                               0D0000830
     142     417       0       0       0       0       0       000010500D0000831
     142       0       0       1       0                               0D0000832
     102     418       0       0       0       0       0       000010000D0000833
     102       0       0       1       0                               0D0000834
     110     419       0       0       0       0       0       000010000D0000835
     110       0       0       1       0                               0D0000836
     110     420       0       0       0       0       0       000010000D0000837
     110       0       0       1       0                               0D0000838
     110     421       0       0       0       0       0       000010000D0000839
     110       0       0       1       0                               0D0000840
     110     422       0       0       0       0       0       000010000D0000841
     110       0       0       1       0                               0D0000842
     144     423       0       0       0       0       0       000020000D0000843
     144       0       0       1       0                               0D0000844
     120     424       0       0       0       0     847       000010000D0000845
     120       0       0       1       0                               0D0000846
     124     425       0       0       0       0       0       000000000D0000847
     124       0       0       1       1                               0D0000848
     110     426       0       0       0       0       0       000010000D0000849
     110       0       0       1       0                               0D0000850
     110     427       0       0       0       0       0       000010000D0000851
     110       0       0       1       0                               0D0000852
     142     428       0       0       0       0       0       000010500D0000853
     142       0       0       1       0                               0D0000854
     102     429       0       0       0       0       0       000010000D0000855
     102       0       0       1       0                               0D0000856
     100     430       0       0       0       0     859       000010000D0000857
     100       0       0       1       0                               0D0000858
     124     431       0       0       0       0       0       000000000D0000859
     124       0       0       1       0                               0D0000860
     110     432       0       0       0       0       0       000010000D0000861
     110       0       0       1       0                               0D0000862
     100     433       0       0       0       0     865       000010000D0000863
     100       0       0       1       0                               0D0000864
     124     434       0       0       0       0       0       000000000D0000865
     124       0       0       1       0                               0D0000866
     110     435       0       0       0       0       0       000010000D0000867
     110       0       0       1       0                               0D0000868
     144     436       0       0       0       0       0       000020000D0000869
     144       0       0       1       0                               0D0000870
     108     437       0       0       0       0       0       000010000D0000871
     108       0       0       1       0                               0D0000872
     142     438       0       0       0       0       0       000010500D0000873
     142       0       0       1       0                               0D0000874
     100     439       0       0       0       0     877       000010000D0000875
     100       0       0       1       0                               0D0000876
     124     440       0       0       0       0       0       000000000D0000877
     124       0       0       1       0                               0D0000878
     402     441       0       0       0       0       0       000020000D0000879
     402       0       0       5       1                _08_Tool        D0000880
     144     446       0       0       0       0       0       000020000D0000881
     144       0       0       1       0                               0D0000882
     122     447       0       0       0       0       0       000010000D0000883
     122       0       0       1       0                               0D0000884
     100     448       0       0       0       0     887       000010000D0000885
     100       0       0       1       0                               0D0000886
     124     449       0       0       0       0       0       000000000D0000887
     124       0       0       1       0                               0D0000888
     142     450       0       0       0       0       0       000010500D0000889
     142       0       0       1       0                               0D0000890
     102     451       0       0       0       0       0       000010000D0000891
     102       0       0       1       0                               0D0000892
     110     452       0       0       0       0       0       000010000D0000893
     110       0       0       1       0                               0D0000894
     100     453       0       0       0       0     897       000010000D0000895
     100       0       0       1       0                               0D0000896
     124     454       0       0       0       0       0       000000000D0000897
     124       0       0       2       0                               0D0000898
     110     456       0       0       0       0       0       000010000D0000899
     110       0       0       1       0                               0D0000900
     100     457       0       0       0       0     903       000010000D0000901
     100       0       0       1       0                               0D0000902
     124     458       0       0       0       0       0       000000000D0000903
     124       0       0       1       0                               0D0000904
     144     459       0       0       0       0       0       000020000D0000905
     144       0       0       1       0                               0D0000906
     122     460       0       0       0       0       0       000010000D0000907
     122       0       0       1       0                               0D0000908
     100     461       0       0       0       0     911       000010000D0000909
     100       0       0       1       0                               0D0000910
     124     462       0       0       0       0       0       000000000D0000911
     124       0       0       2       0                               0D0000912
     142     464       0       0       0       0       0       000010500D0000913
     142       0       0       1       0                               0D0000914
     102     465       0       0       0       0       0       000010000D0000915
     102       0       0       1       0                               0D0000916
     110     466       0       0       0       0       0       000010000D0000917
     110       0       0       2       0                               0D0000918
     100     468       0       0       0       0     921       000010000D0000919
     100       0       0       1       0                               0D0000920
     124     469       0       0       0       0       0       000000000D0000921
     124       0       0       2       0                               0D0000922
     110     471       0       0       0       0       0       000010000D0000923
     110       0       0       2       0                               0D0000924
     100     473       0       0       0       0     927       000010000D0000925
     100       0       0       1       0                               0D0000926
     124     474       0       0       0       0       0       000000000D0000927
     124       0       0       2       0                               0D0000928
     144     476       0       0       0       0       0       000020000D0000929
     144       0       0       1       0                               0D0000930
     122     477       0       0       0       0       0       000010000D0000931
     122       0       0       1       0                               0D0000932
     100     478       0       0       0       0     935       000010000D0000933
     100       0       0       1       0                               0D0000934
     124     479       0       0       0       0       0       000000000D0000935
     124       0       0       2       0                               0D0000936
     142     481       0       0       0       0       0       000010500D0000937
     142       0       0       1       0                               0D0000938
     102     482       0       0       0       0       0       000010000D0000939
     102       0       0       1       0                               0D0000940
     110     483       0       0       0       0       0       000010000D0000941
     110       0       0       2       0                               0D0000942
     100     485       0       0       0       0     945       000010000D0000943
     100       0       0       1       0                               0D0000944
     124     486       0       0       0       0       0       000000000D0000945
     124       0       0       2       0                               0D0000946
     110     488       0       0       0       0       0       000010000D0000947
     110       0       0       2       0                               0D0000948
     100     490       0       0       0       0     951       000010000D0000949
     100       0       0       1       0                               0D0000950
     124     491       0       0       0       0       0       000000000D0000951
     124       0       0       2       0                               0D0000952
     144     493       0       0       0       0       0       000020000D0000953
     144       0       0       1       0                               0D0000954
     122     494       0       0       0       0       0       000010000D0000955
     122       0       0       1       0                               0D0000956
     100     495       0       0       0       0     959       000010000D0000957
     100       0       0       1       0                               0D0000958
     124     496       0       0       0       0       0       000000000D0000959
     124       0       0       2       0                               0D0000960
     142     498       0       0       0       0       0       000010500D0000961
     142       0       0       1       0                               0D0000962
     102     499       0       0       0       0       0       000010000D0000963
     102       0       0       1       0                               0D0000964
     110     500       0       0       0       0       0       000010000D0000965
     110       0       0       2       0                               0D0000966
     100     502       0       0       0       0     969       000010000D0000967
     100       0       0       1       0                               0D0000968
     124     503       0       0       0       0       0       000000000D0000969
     124       0       0       2       0                               0D0000970
     110     505       0       0       0       0       0       000010000D0000971
     110       0       0       2       0                               0D0000972
     100     507       0       0       0       0     975       000010000D0000973
     100       0       0       1       0                               0D0000974
     124     508       0       0       0       0       0       000000000D0000975
     124       0       0       2       0                               0D0000976
     144     510       0       0       0       0       0       000020000D0000977
     144       0       0       1       0                               0D0000978
     122     511       0       0       0       0       0       000010000D0000979
     122       0       0       1       0                               0D0000980
     100     512       0       0       0       0     983       000010000D0000981
     100       0       0       1       0                               0D0000982
     124     513       0       0       0       0       0       000000000D0000983
     124       0       0       2       0                               0D0000984
     142     515       0       0       0       0       0       000010500D0000985
     142       0       0       1       0                               0D0000986
     102     516       0       0       0       0       0       000010000D0000987
     102       0       0       1       0                               0D0000988
     110     517       0       0       0       0       0       000010000D0000989
     110       0       0       2       0                               0D0000990
     100     519       0       0       0       0     993       000010000D0000991
     100       0       0       1       0                               0D0000992
     124     520       0       0       0       0       0       000000000D0000993
     124       0       0       2       0                               0D0000994
     110     522       0       0       0       0       0       000010000D0000995
     110       0       0       2       0                               0D0000996
     100     524       0       0       0       0     999       000010000D0000997
     100       0       0       1       0                               0D0000998
     124     525       0       0       0       0       0       000000000D0000999
     124       0       0       2       0                               0D0001000
     144     527       0       0       0       0       0       000020000D0001001
     144       0       0       1       0                               0D0001002
     122     528       0       0       0       0       0       000010000D0001003
     122       0       0       1       0                               0D0001004
     100     529       0       0       0       0    1007       000010000D0001005
     100       0       0       1       0                               0D0001006
     124     530       0       0       0       0       0       000000000D0001007
     124       0       0       2       0                               0D0001008
     142     532       0       0       0       0       0       000010500D0001009
     142       0       0       1       0                               0D0001010
     102     533       0       0       0       0       0       000010000D0001011
     102       0       0       1       0                               0D0001012
     110     534       0       0       0       0       0       000010000D0001013
     110       0       0       2       0                               0D0001014
     100     536       0       0       0       0    1017       000010000D0001015
     100       0       0       1       0                               0D0001016
     124     537       0       0       0       0       0       000000000D0001017
     124       0       0       2       0                               0D0001018
     110     539       0       0       0       0       0       000010000D0001019
     110       0       0       2       0                               0D0001020
     100     541       0       0       0       0    1023       000010000D0001021
     100       0       0       1       0                               0D0001022
     124     542       0       0       0       0       0       000000000D0001023
     124       0       0       2       0                               0D0001024
     144     544       0       0       0       0       0       000020000D0001025
     144       0       0       1       0                               0D0001026
     122     545       0       0       0       0       0       000010000D0001027
     122       0       0       1       0                               0D0001028
     100     546       0       0       0       0    1031       000010000D0001029
     100       0       0       1       0                               0D0001030
     124     547       0       0       0       0       0       000000000D0001031
     124       0       0       2       0                               0D0001032
     142     549       0       0       0       0       0       000010500D0001033
     142       0       0       1       0                               0D0001034
     102     550       0       0       0       0       0       000010000D0001035
     102       0       0       1       0                               0D0001036
     110     551       0       0       0       0       0       000010000D0001037
     110       0       0       2       0                               0D0001038
     100     553       0       0       0       0    1041       000010000D0001039
     100       0       0       1       0                               0D0001040
     124     554       0       0       0       0       0       000000000D0001041
     124       0       0       2       0                               0D0001042
     110     556       0       0       0       0       0       000010000D0001043
     110       0       0       2       0                               0D0001044
     100     558       0       0       0       0    1047       000010000D0001045
     100       0       0       1       0                               0D0001046
     124     559       0       0       0       0       0       000000000D0001047
     124       0       0       2       0                               0D0001048
     144     561       0       0       0       0       0       000020000D0001049
     144       0       0       1       0                               0D0001050
     122     562       0       0       0       0       0       000010000D0001051
     122       0       0       1       0                               0D0001052
     100     563       0       0       0       0    1055       000010000D0001053
     100       0       0       1       0                               0D0001054
     124     564       0       0       0       0       0       000000000D0001055
     124       0       0       2       0                               0D0001056
     142     566       0       0       0       0       0       000010500D0001057
     142       0       0       1       0                               0D0001058
     102     567       0       0       0       0       0       000010000D0001059
     102       0       0       1       0                               0D0001060
     110     568       0       0       0       0       0       000010000D0001061
     110       0       0       2       0                               0D0001062
     100     570       0       0       0       0    1065       000010000D0001063
     100       0       0       1       0                               0D0001064
     124     571       0       0       0       0       0       000000000D0001065
     124       0       0       2       0                               0D0001066
     110     573       0       0       0       0       0       000010000D0001067
     110       0       0       2       0                               0D0001068
     100     575       0       0       0       0    1071       000010000D0001069
     100       0       0       1       0                               0D0001070
     124     576       0       0       0       0       0       000000000D0001071
     124       0       0       2       0                               0D0001072
     144     578       0       0       0       0       0       000020000D0001073
     144       0       0       1       0                               0D0001074
     122     579       0       0       0       0       0       000010000D0001075
     122       0       0       1       0                               0D0001076
     100     580       0       0       0       0    1079       000010000D0001077
     100       0       0       1       0                               0D0001078
     124     581       0       0       0       0       0       000000000D0001079
     124       0       0       2       0                               0D0001080
     142     583       0       0       0       0       0       000010500D0001081
     142       0       0       1       0                               0D0001082
     102     584       0       0       0       0       0       000010000D0001083
     102       0       0       1       0                               0D0001084
     110     585       0       0       0       0       0       000010000D0001085
     110       0       0       2       0                               0D0001086
     100     587       0       0       0       0    1089       000010000D0001087
     100       0       0       1       0                               0D0001088
     124     588       0       0       0       0       0       000000000D0001089
     124       0       0       2       0                               0D0001090
     110     590       0       0       0       0       0       000010000D0001091
     110       0       0       2       0                               0D0001092
     100     592       0       0       0       0    1095       000010000D0001093
     100       0       0       1       0                               0D0001094
     124     593       0       0       0       0       0       000000000D0001095
     124       0       0       2       0                               0D0001096
     144     595       0       0       0       0       0       000020000D0001097
     144       0       0       1       0                               0D0001098
     122     596       0       0       0       0       0       000010000D0001099
     122       0       0       1       0                               0D0001100
     100     597       0       0       0       0    1103       000010000D0001101
     100       0       0       1       0                               0D0001102
     124     598       0       0       0       0       0       000000000D0001103
     124       0       0       2       0                               0D0001104
     142     600       0       0       0       0       0       000010500D0001105
     142       0       0       1       0                               0D0001106
     102     601       0       0       0       0       0       000010000D0001107
     102       0       0       1       0                               0D0001108
     110     602       0       0       0       0       0       000010000D0001109
     110       0       0       2       0                               0D0001110
     100     604       0       0       0       0    1113       000010000D0001111
     100       0       0       1       0                               0D0001112
     124     605       0       0       0       0       0       000000000D0001113
     124       0       0       2       0                               0D0001114
     110     607       0       0       0       0       0       000010000D0001115
     110       0       0       2       0                               0D0001116
     100     609       0       0       0       0    1119       000010000D0001117
     100       0       0       1       0                               0D0001118
     124     610       0       0       0       0       0       000000000D0001119
     124       0       0       2       0                               0D0001120
     144     612       0       0       0       0       0       000020000D0001121
     144       0       0       1       0                               0D0001122
     122     613       0       0       0       0       0       000010000D0001123
     122       0       0       1       0                               0D0001124
     100     614       0       0       0       0    1127       000010000D0001125
     100       0       0       1       0                               0D0001126
     124     615       0       0       0       0       0       000000000D0001127
     124       0       0       2       0                               0D0001128
     142     617       0       0       0       0       0       000010500D0001129
     142       0       0       1       0                               0D0001130
     102     618       0       0       0       0       0       000010000D0001131
     102       0       0       1       0                               0D0001132
     110     619       0       0       0       0       0       000010000D0001133
     110       0       0       2       0                               0D0001134
     100     621       0       0       0       0    1137       000010000D0001135
     100       0       0       1       0                               0D0001136
     124     622       0       0       0       0       0       000000000D0001137
     124       0       0       2       0                               0D0001138
     110     624       0       0       0       0       0       000010000D0001139
     110       0       0       2       0                               0D0001140
     100     626       0       0       0       0    1143       000010000D0001141
     100       0       0       1       0                               0D0001142
     124     627       0       0       0       0       0       000000000D0001143
     124       0       0       2       0                               0D0001144
     144     629       0       0       0       0       0       000020000D0001145
     144       0       0       1       0                               0D0001146
     122     630       0       0       0       0       0       000010000D0001147
     122       0       0       1       0                               0D0001148
     100     631       0       0       0       0    1151       000010000D0001149
     100       0       0       1       0                               0D0001150
     124     632       0       0       0       0       0       000000000D0001151
     124       0       0       2       0                               0D0001152
     142     634       0       0       0       0       0       000010500D0001153
     142       0       0       1       0                               0D0001154
     102     635       0       0       0       0       0       000010000D0001155
     102       0       0       1       0                               0D0001156
     110     636       0       0       0       0       0       000010000D0001157
     110       0       0       2       0                               0D0001158
     100     638       0       0       0       0    1161       000010000D0001159
     100       0       0       1       0                               0D0001160
     124     639       0       0       0       0       0       000000000D0001161
     124       0       0       2       0                               0D0001162
     110     641       0       0       0       0       0       000010000D0001163
     110       0       0       2       0                               0D0001164
     100     643       0       0       0       0    1167       000010000D0001165
     100       0       0       1       0                               0D0001166
     124     644       0       0       0       0       0       000000000D0001167
     124       0       0       2       0                               0D0001168
     144     646       0       0       0       0       0       000020000D0001169
     144       0       0       1       0                               0D0001170
     122     647       0       0       0       0       0       000010000D0001171
     122       0       0       1       0                               0D0001172
     100     648       0       0       0       0    1175       000010000D0001173
     100       0       0       1       0                               0D0001174
     124     649       0       0       0       0       0       000000000D0001175
     124       0       0       2       0                               0D0001176
     142     651       0       0       0       0       0       000010500D0001177
     142       0       0       1       0                               0D0001178
     102     652       0       0       0       0       0       000010000D0001179
     102       0       0       1       0                               0D0001180
     110     653       0       0       0       0       0       000010000D0001181
     110       0       0       2       0                               0D0001182
     100     655       0       0       0       0    1185       000010000D0001183
     100       0       0       1       0                               0D0001184
     124     656       0       0       0       0       0       000000000D0001185
     124       0       0       2       0                               0D0001186
     110     658       0       0       0       0       0       000010000D0001187
     110       0       0       2       0                               0D0001188
     100     660       0       0       0       0    1191       000010000D0001189
     100       0       0       1       0                               0D0001190
     124     661       0       0       0       0       0       000000000D0001191
     124       0       0       2       0                               0D0001192
     144     663       0       0       0       0       0       000020000D0001193
     144       0       0       1       0                               0D0001194
     122     664       0       0       0       0       0       000010000D0001195
     122       0       0       1       0                               0D0001196
     100     665       0       0       0       0    1199       000010000D0001197
     100       0       0       1       0                               0D0001198
     124     666       0       0       0       0       0       000000000D0001199
     124       0       0       2       0                               0D0001200
     142     668       0       0       0       0       0       000010500D0001201
     142       0       0       1       0                               0D0001202
     102     669       0       0       0       0       0       000010000D0001203
     102       0       0       1       0                               0D0001204
     110     670       0       0       0       0       0       000010000D0001205
     110       0       0       2       0                               0D0001206
     100     672       0       0       0       0    1209       000010000D0001207
     100       0       0       1       0                               0D0001208
     124     673       0       0       0       0       0       000000000D0001209
     124       0       0       2       0                               0D0001210
     110     675       0       0       0       0       0       000010000D0001211
     110       0       0       2       0                               0D0001212
     100     677       0       0       0       0    1215       000010000D0001213
     100       0       0       1       0                               0D0001214
     124     678       0       0       0       0       0       000000000D0001215
     124       0       0       2       0                               0D0001216
     144     680       0       0       0       0       0       000020000D0001217
     144       0       0       1       0                               0D0001218
     122     681       0       0       0       0       0       000010000D0001219
     122       0       0       1       0                               0D0001220
     100     682       0       0       0       0    1223       000010000D0001221
     100       0       0       1       0                               0D0001222
     124     683       0       0       0       0       0       000000000D0001223
     124       0       0       2       0                               0D0001224
     142     685       0       0       0       0       0       000010500D0001225
     142       0       0       1       0                               0D0001226
     102     686       0       0       0       0       0       000010000D0001227
     102       0       0       1       0                               0D0001228
     110     687       0       0       0       0       0       000010000D0001229
     110       0       0       2       0                               0D0001230
     100     689       0       0       0       0    1233       000010000D0001231
     100       0       0       1       0                               0D0001232
     124     690       0       0       0       0       0       000000000D0001233
     124       0       0       2       0                               0D0001234
     110     692       0       0       0       0       0       000010000D0001235
     110       0       0       2       0                               0D0001236
     100     694       0       0       0       0    1239       000010000D0001237
     100       0       0       1       0                               0D0001238
     124     695       0       0       0       0       0       000000000D0001239
     124       0       0       2       0                               0D0001240
     144     697       0       0       0       0       0       000020000D0001241
     144       0       0       1       0                               0D0001242
     122     698       0       0       0       0       0       000010000D0001243
     122       0       0       1       0                               0D0001244
     100     699       0       0       0       0    1247       000010000D0001245
     100       0       0       1       0                               0D0001246
     124     700       0       0       0       0       0       000000000D0001247
     124       0       0       2       0                               0D0001248
     142     702       0       0       0       0       0       000010500D0001249
     142       0       0       1       0                               0D0001250
     102     703       0       0       0       0       0       000010000D0001251
     102       0       0       1       0                               0D0001252
     110     704       0       0       0       0       0       000010000D0001253
     110       0       0       2       0                               0D0001254
     100     706       0       0       0       0    1257       000010000D0001255
     100       0       0       1       0                               0D0001256
     124     707       0       0       0       0       0       000000000D0001257
     124       0       0       2       0                               0D0001258
     110     709       0       0       0       0       0       000010000D0001259
     110       0       0       2       0                               0D0001260
     100     711       0       0       0       0    1263       000010000D0001261
     100       0       0       1       0                               0D0001262
     124     712       0       0       0       0       0       000000000D0001263
     124       0       0       2       0                               0D0001264
     144     714       0       0       0       0       0       000020000D0001265
     144       0       0       1       0                               0D0001266
     122     715       0       0       0       0       0       000010000D0001267
     122       0       0       1       0                               0D0001268
     100     716       0       0       0       0    1271       000010000D0001269
     100       0       0       1       0                               0D0001270
     124     717       0       0       0       0       0       000000000D0001271
     124       0       0       2       0                               0D0001272
     142     719       0       0       0       0       0       000010500D0001273
     142       0       0       1       0                               0D0001274
     102     720       0       0       0       0       0       000010000D0001275
     102       0       0       1       0                               0D0001276
     110     721       0       0       0       0       0       000010000D0001277
     110       0       0       2       0                               0D0001278
     100     723       0       0       0       0    1281       000010000D0001279
     100       0       0       1       0                               0D0001280
     124     724       0       0       0       0       0       000000000D0001281
     124       0       0       2       0                               0D0001282
     110     726       0       0       0       0       0       000010000D0001283
     110       0       0       2       0                               0D0001284
     100     728       0       0       0       0    1287       000010000D0001285
     100       0       0       1       0                               0D0001286
     124     729       0       0       0       0       0       000000000D0001287
     124       0       0       2       0                               0D0001288
     144     731       0       0       0       0       0       000020000D0001289
     144       0       0       1       0                               0D0001290
     122     732       0       0       0       0       0       000010000D0001291
     122       0       0       1       0                               0D0001292
     100     733       0       0       0       0    1295       000010000D0001293
     100       0       0       1       0                               0D0001294
     124     734       0       0       0       0       0       000000000D0001295
     124       0       0       2       0                               0D0001296
     142     736       0       0       0       0       0       000010500D0001297
     142       0       0       1       0                               0D0001298
     102     737       0       0       0       0       0       000010000D0001299
     102       0       0       1       0                               0D0001300
     110     738       0       0       0       0       0       000010000D0001301
     110       0       0       2       0                               0D0001302
     100     740       0       0       0       0    1305       000010000D0001303
     100       0       0       1       0                               0D0001304
     124     741       0       0       0       0       0       000000000D0001305
     124       0       0       2       0                               0D0001306
     110     743       0       0       0       0       0       000010000D0001307
     110       0       0       2       0                               0D0001308
     100     745       0       0       0       0    1311       000010000D0001309
     100       0       0       1       0                               0D0001310
     124     746       0       0       0       0       0       000000000D0001311
     124       0       0       2       0                               0D0001312
     144     748       0       0       0       0       0       000020000D0001313
     144       0       0       1       0                               0D0001314
     122     749       0       0       0       0       0       000010000D0001315
     122       0       0       1       0                               0D0001316
     100     750       0       0       0       0    1319       000010000D0001317
     100       0       0       1       0                               0D0001318
     124     751       0       0       0       0       0       000000000D0001319
     124       0       0       2       0                               0D0001320
     142     753       0       0       0       0       0       000010500D0001321
     142       0       0       1       0                               0D0001322
     102     754       0       0       0       0       0       000010000D0001323
     102       0       0       1       0                               0D0001324
     110     755       0       0       0       0       0       000010000D0001325
     110       0       0       2       0                               0D0001326
     100     757       0       0       0       0    1329       000010000D0001327
     100       0       0       1       0                               0D0001328
     124     758       0       0       0       0       0       000000000D0001329
     124       0       0       2       0                               0D0001330
     110     760       0       0       0       0       0       000010000D0001331
     110       0       0       2       0                               0D0001332
     100     762       0       0       0       0    1335       000010000D0001333
     100       0       0       1       0                               0D0001334
     124     763       0       0       0       0       0       000000000D0001335
     124       0       0       2       0                               0D0001336
     144     765       0       0       0       0       0       000020000D0001337
     144       0       0       1       0                               0D0001338
     122     766       0       0       0       0       0       000010000D0001339
     122       0       0       1       0                               0D0001340
     100     767       0       0       0       0    1343       000010000D0001341
     100       0       0       1       0                               0D0001342
     124     768       0       0       0       0       0       000000000D0001343
     124       0       0       2       0                               0D0001344
     142     770       0       0       0       0       0       000010500D0001345
     142       0       0       1       0                               0D0001346
     102     771       0       0       0       0       0       000010000D0001347
     102       0       0       1       0                               0D0001348
     110     772       0       0       0       0       0       000010000D0001349
     110       0       0       2       0                               0D0001350
     100     774       0       0       0       0    1353       000010000D0001351
     100       0       0       1       0                               0D0001352
     124     775       0       0       0       0       0       000000000D0001353
     124       0       0       2       0                               0D0001354
     110     777       0       0       0       0       0       000010000D0001355
     110       0       0       2       0                               0D0001356
     100     779       0       0       0       0    1359       000010000D0001357
     100       0       0       1       0                               0D0001358
     124     780       0       0       0       0       0       000000000D0001359
     124       0       0       2       0                               0D0001360
     144     782       0       0       0       0       0       000020000D0001361
     144       0       0       1       0                               0D0001362
     122     783       0       0       0       0       0       000010000D0001363
     122       0       0       1       0                               0D0001364
     100     784       0       0       0       0    1367       000010000D0001365
     100       0       0       1       0                               0D0001366
     124     785       0       0       0       0       0       000000000D0001367
     124       0       0       2       0                               0D0001368
     142     787       0       0       0       0       0       000010500D0001369
     142       0       0       1       0                               0D0001370
     102     788       0       0       0       0       0       000010000D0001371
     102       0       0       1       0                               0D0001372
     110     789       0       0       0       0       0       000010000D0001373
     110       0       0       2       0                               0D0001374
     100     791       0       0       0       0    1377       000010000D0001375
     100       0       0       1       0                               0D0001376
     124     792       0       0       0       0       0       000000000D0001377
     124       0       0       2       0                               0D0001378
     110     794       0       0       0       0       0       000010000D0001379
     110       0       0       2       0                               0D0001380
     100     796       0       0       0       0    1383       000010000D0001381
     100       0       0       1       0                               0D0001382
     124     797       0       0       0       0       0       000000000D0001383
     124       0       0       2       0                               0D0001384
     144     799       0       0       0       0       0       000020000D0001385
     144       0       0       1       0                               0D0001386
     122     800       0       0       0       0       0       000010000D0001387
     122       0       0       1       0                               0D0001388
     100     801       0       0       0       0    1391       000010000D0001389
     100       0       0       1       0                               0D0001390
     124     802       0       0       0       0       0       000000000D0001391
     124       0       0       2       0                               0D0001392
     142     804       0       0       0       0       0       000010500D0001393
     142       0       0       1       0                               0D0001394
     102     805       0       0       0       0       0       000010000D0001395
     102       0       0       1       0                               0D0001396
     110     806       0       0       0       0       0       000010000D0001397
     110       0       0       2       0                               0D0001398
     100     808       0       0       0       0    1401       000010000D0001399
     100       0       0       1       0                               0D0001400
     124     809       0       0       0       0       0       000000000D0001401
     124       0       0       2       0                               0D0001402
     110     811       0       0       0       0       0       000010000D0001403
     110       0       0       2       0                               0D0001404
     100     813       0       0       0       0    1407       000010000D0001405
     100       0       0       1       0                               0D0001406
     124     814       0       0       0       0       0       000000000D0001407
     124       0       0       2       0                               0D0001408
     144     816       0       0       0       0       0       000020000D0001409
     144       0       0       1       0                               0D0001410
     122     817       0       0       0       0       0       000010000D0001411
     122       0       0       1       0                               0D0001412
     100     818       0       0       0       0    1415       000010000D0001413
     100       0       0       1       0                               0D0001414
     124     819       0       0       0       0       0       000000000D0001415
     124       0       0       2       0                               0D0001416
     142     821       0       0       0       0       0       000010500D0001417
     142       0       0       1       0                               0D0001418
     102     822       0       0       0       0       0       000010000D0001419
     102       0       0       1       0                               0D0001420
     110     823       0       0       0       0       0       000010000D0001421
     110       0       0       2       0                               0D0001422
     100     825       0       0       0       0    1425       000010000D0001423
     100       0       0       1       0                               0D0001424
     124     826       0       0       0       0       0       000000000D0001425
     124       0       0       2       0                               0D0001426
     110     828       0       0       0       0       0       000010000D0001427
     110       0       0       2       0                               0D0001428
     100     830       0       0       0       0    1431       000010000D0001429
     100       0       0       1       0                               0D0001430
     124     831       0       0       0       0       0       000000000D0001431
     124       0       0       2       0                               0D0001432
     144     833       0       0       0       0       0       000020000D0001433
     144       0       0       1       0                               0D0001434
     122     834       0       0       0       0       0       000010000D0001435
     122       0       0       1       0                               0D0001436
     100     835       0       0       0       0    1439       000010000D0001437
     100       0       0       1       0                               0D0001438
     124     836       0       0       0       0       0       000000000D0001439
     124       0       0       2       0                               0D0001440
     142     838       0       0       0       0       0       000010500D0001441
     142       0       0       1       0                               0D0001442
     102     839       0       0       0       0       0       000010000D0001443
     102       0       0       1       0                               0D0001444
     110     840       0       0       0       0       0       000010000D0001445
     110       0       0       2       0                               0D0001446
     100     842       0       0       0       0    1449       000010000D0001447
     100       0       0       1       0                               0D0001448
     124     843       0       0       0       0       0       000000000D0001449
     124       0       0       2       0                               0D0001450
     110     845       0       0       0       0       0       000010000D0001451
     110       0       0       2       0                               0D0001452
     100     847       0       0       0       0    1455       000010000D0001453
     100       0       0       1       0                               0D0001454
     124     848       0       0       0       0       0       000000000D0001455
     124       0       0       2       0                               0D0001456
     144     850       0       0       0       0       0       000020000D0001457
     144       0       0       1       0                               0D0001458
     122     851       0       0       0       0       0       000010000D0001459
     122       0       0       1       0                               0D0001460
     100     852       0       0       0       0    1463       000010000D0001461
     100       0       0       1       0                               0D0001462
     124     853       0       0       0       0       0       000000000D0001463
     124       0       0       2       0                               0D0001464
     142     855       0       0       0       0       0       000010500D0001465
     142       0       0       1       0                               0D0001466
     102     856       0       0       0       0       0       000010000D0001467
     102       0       0       1       0                               0D0001468
     110     857       0       0       0       0       0       000010000D0001469
     110       0       0       2       0                               0D0001470
     100     859       0       0       0       0    1473       000010000D0001471
     100       0       0       1       0                               0D0001472
     124     860       0       0       0       0       0       000000000D0001473
     124       0       0       2       0                               0D0001474
     110     862       0       0       0       0       0       000010000D0001475
     110       0       0       2       0                               0D0001476
     100     864       0       0       0       0    1479       000010000D0001477
     100       0       0       1       0                               0D0001478
     124     865       0       0       0       0       0       000000000D0001479
     124       0       0       2       0                               0D0001480
     144     867       0       0       0       0       0       000020000D0001481
     144       0       0       1       0                               0D0001482
     122     868       0       0       0       0       0       000010000D0001483
     122       0       0       1       0                               0D0001484
     100     869       0       0       0       0    1487       000010000D0001485
     100       0       0       1       0                               0D0001486
     124     870       0       0       0       0       0       000000000D0001487
     124       0       0       2       0                               0D0001488
     142     872       0       0       0       0       0       000010500D0001489
     142       0       0       1       0                               0D0001490
     102     873       0       0       0       0       0       000010000D0001491
     102       0       0       1       0                               0D0001492
     110     874       0       0       0       0       0       000010000D0001493
     110       0       0       2       0                               0D0001494
     100     876       0       0       0       0    1497       000010000D0001495
     100       0       0       1       0                               0D0001496
     124     877       0       0       0       0       0       000000000D0001497
     124       0       0       2       0                               0D0001498
     110     879       0       0       0       0       0       000010000D0001499
     110       0       0       2       0                               0D0001500
     100     881       0       0       0       0    1503       000010000D0001501
     100       0       0       1       0                               0D0001502
     124     882       0       0       0       0       0       000000000D0001503
     124       0       0       2       0                               0D0001504
     144     884       0       0       0       0       0       000020000D0001505
     144       0       0       1       0                               0D0001506
     122     885       0       0       0       0       0       000010000D0001507
     122       0       0       1       0                               0D0001508
     100     886       0       0       0       0    1511       000010000D0001509
     100       0       0       1       0                               0D0001510
     124     887       0       0       0       0       0       000000000D0001511
     124       0       0       2       0                               0D0001512
     142     889       0       0       0       0       0       000010500D0001513
     142       0       0       1       0                               0D0001514
     102     890       0       0       0       0       0       000010000D0001515
     102       0       0       1       0                               0D0001516
     110     891       0       0       0       0       0       000010000D0001517
     110       0       0       2       0                               0D0001518
     100     893       0       0       0       0    1521       000010000D0001519
     100       0       0       1       0                               0D0001520
     124     894       0       0       0       0       0       000000000D0001521
     124       0       0       2       0                               0D0001522
     110     896       0       0       0       0       0       000010000D0001523
     110       0       0       2       0                               0D0001524
     100     898       0       0       0       0    1527       000010000D0001525
     100       0       0       1       0                               0D0001526
     124     899       0       0       0       0       0       000000000D0001527
     124       0       0       2       0                               0D0001528
     144     901       0       0       0       0       0       000020000D0001529
     144       0       0       1       0                               0D0001530
     122     902       0       0       0       0       0       000010000D0001531
     122       0       0       1       0                               0D0001532
     100     903       0       0       0       0    1535       000010000D0001533
     100       0       0       1       0                               0D0001534
     124     904       0       0       0       0       0       000000000D0001535
     124       0       0       2       0                               0D0001536
     142     906       0       0       0       0       0       000010500D0001537
     142       0       0       1       0                               0D0001538
     102     907       0       0       0       0       0       000010000D0001539
     102       0       0       1       0                               0D0001540
     110     908       0       0       0       0       0       000010000D0001541
     110       0       0       2       0                               0D0001542
     100     910       0       0       0       0    1545       000010000D0001543
     100       0       0       1       0                               0D0001544
     124     911       0       0       0       0       0       000000000D0001545
     124       0       0       2       0                               0D0001546
     110     913       0       0       0       0       0       000010000D0001547
     110       0       0       2       0                               0D0001548
     100     915       0       0       0       0    1551       000010000D0001549
     100       0       0       1       0                               0D0001550
     124     916       0       0       0       0       0       000000000D0001551
     124       0       0       2       0                               0D0001552
     144     918       0       0       0       0       0       000020000D0001553
     144       0       0       1       0                               0D0001554
     122     919       0       0       0       0       0       000010000D0001555
     122       0       0       1       0                               0D0001556
     100     920       0       0       0       0    1559       000010000D0001557
     100       0       0       1       0                               0D0001558
     124     921       0       0       0       0       0       000000000D0001559
     124       0       0       2       0                               0D0001560
     142     923       0       0       0       0       0       000010500D0001561
     142       0       0       1       0                               0D0001562
     102     924       0       0       0       0       0       000010000D0001563
     102       0       0       1       0                               0D0001564
     110     925       0       0       0       0       0       000010000D0001565
     110       0       0       2       0                               0D0001566
     100     927       0       0       0       0    1569       000010000D0001567
     100       0       0       1       0                               0D0001568
     124     928       0       0       0       0       0       000000000D0001569
     124       0       0       2       0                               0D0001570
     110     930       0       0       0       0       0       000010000D0001571
     110       0       0       2       0                               0D0001572
     100     932       0       0       0       0    1575       000010000D0001573
     100       0       0       1       0                               0D0001574
     124     933       0       0       0       0       0       000000000D0001575
     124       0       0       2       0                               0D0001576
     144     935       0       0       0       0       0       000020000D0001577
     144       0       0       1       0                               0D0001578
     122     936       0       0       0       0       0       000010000D0001579
     122       0       0       1       0                               0D0001580
     100     937       0       0       0       0    1583       000010000D0001581
     100       0       0       1       0                               0D0001582
     124     938       0       0       0       0       0       000000000D0001583
     124       0       0       2       0                               0D0001584
     142     940       0       0       0       0       0       000010500D0001585
     142       0       0       1       0                               0D0001586
     102     941       0       0       0       0       0       000010000D0001587
     102       0       0       1       0                               0D0001588
     110     942       0       0       0       0       0       000010000D0001589
     110       0       0       2       0                               0D0001590
     100     944       0       0       0       0    1593       000010000D0001591
     100       0       0       1       0                               0D0001592
     124     945       0       0       0       0       0       000000000D0001593
     124       0       0       2       0                               0D0001594
     110     947       0       0       0       0       0       000010000D0001595
     110       0       0       2       0                               0D0001596
     100     949       0       0       0       0    1599       000010000D0001597
     100       0       0       1       0                               0D0001598
     124     950       0       0       0       0       0       000000000D0001599
     124       0       0       2       0                               0D0001600
     144     952       0       0       0       0       0       000020000D0001601
     144       0       0       1       0                               0D0001602
     122     953       0       0       0       0       0       000010000D0001603
     122       0       0       1       0                               0D0001604
     100     954       0       0       0       0    1607       000010000D0001605
     100       0       0       1       0                               0D0001606
     124     955       0       0       0       0       0       000000000D0001607
     124       0       0       2       0                               0D0001608
     142     957       0       0       0       0       0       000010500D0001609
     142       0       0       1       0                               0D0001610
     102     958       0       0       0       0       0       000010000D0001611
     102       0       0       1       0                               0D0001612
     110     959       0       0       0       0       0       000010000D0001613
     110       0       0       2       0                               0D0001614
     100     961       0       0       0       0    1617       000010000D0001615
     100       0       0       1       0                               0D0001616
     124     962       0       0       0       0       0       000000000D0001617
     124       0       0       2       0                               0D0001618
     110     964       0       0       0       0       0       000010000D0001619
     110       0       0       2       0                               0D0001620
     100     966       0       0       0       0    1623       000010000D0001621
     100       0       0       1       0                               0D0001622
     124     967       0       0       0       0       0       000000000D0001623
     124       0       0       2       0                               0D0001624
     144     969       0       0       0       0       0       000020000D0001625
     144       0       0       1       0                               0D0001626
     122     970       0       0       0       0       0       000010000D0001627
     122       0       0       1       0                               0D0001628
     100     971       0       0       0       0    1631       000010000D0001629
     100       0       0       1       0                               0D0001630
     124     972       0       0       0       0       0       000000000D0001631
     124       0       0       2       0                               0D0001632
     142     974       0       0       0       0       0       000010500D0001633
     142       0       0       1       0                               0D0001634
     102     975       0       0       0       0       0       000010000D0001635
     102       0       0       1       0                               0D0001636
     110     976       0       0       0       0       0       000010000D0001637
     110       0       0       2       0                               0D0001638
     100     978       0       0       0       0    1641       000010000D0001639
     100       0       0       1       0                               0D0001640
     124     979       0       0       0       0       0       000000000D0001641
     124       0       0       2       0                               0D0001642
     110     981       0       0       0       0       0       000010000D0001643
     110       0       0       2       0                               0D0001644
     100     983       0       0       0       0    1647       000010000D0001645
     100       0       0       1       0                               0D0001646
     124     984       0       0       0       0       0       000000000D0001647
     124       0       0       2       0                               0D0001648
     144     986       0       0       0       0       0       000020000D0001649
     144       0       0       1       0                               0D0001650
     122     987       0       0       0       0       0       000010000D0001651
     122       0       0       1       0                               0D0001652
     100     988       0       0       0       0    1655       000010000D0001653
     100       0       0       1       0                               0D0001654
     124     989       0       0       0       0       0       000000000D0001655
     124       0       0       2       0                               0D0001656
     142     991       0       0       0       0       0       000010500D0001657
     142       0       0       1       0                               0D0001658
     102     992       0       0       0       0       0       000010000D0001659
     102       0       0       1       0                               0D0001660
     110     993       0       0       0       0       0       000010000D0001661
     110       0       0       2       0                               0D0001662
     100     995       0       0       0       0    1665       000010000D0001663
     100       0       0       1       0                               0D0001664
     124     996       0       0       0       0       0       000000000D0001665
     124       0       0       2       0                               0D0001666
     110     998       0       0       0       0       0       000010000D0001667
     110       0       0       2       0                               0D0001668
     100    1000       0       0       0       0    1671       000010000D0001669
     100       0       0       1       0                               0D0001670
     124    1001       0       0       0       0       0       000000000D0001671
     124       0       0       2       0                               0D0001672
     144    1003       0       0       0       0       0       000020000D0001673
     144       0       0       1       0                               0D0001674
     122    1004       0       0       0       0       0       000010000D0001675
     122       0       0       1       0                               0D0001676
     100    1005       0       0       0       0    1679       000010000D0001677
     100       0       0       1       0                               0D0001678
     124    1006       0       0       0       0       0       000000000D0001679
     124       0       0       2       0                               0D0001680
     142    1008       0       0       0       0       0       000010500D0001681
     142       0       0       1       0                               0D0001682
     102    1009       0       0       0       0       0       000010000D0001683
     102       0       0       1       0                               0D0001684
     110    1010       0       0       0       0       0       000010000D0001685
     110       0       0       2       0                               0D0001686
     100    1012       0       0       0       0    1689       000010000D0001687
     100       0       0       1       0                               0D0001688
     124    1013       0       0       0       0       0       000000000D0001689
     124       0       0       2       0                               0D0001690
     110    1015       0       0       0       0       0       000010000D0001691
     110       0       0       2       0                               0D0001692
     100    1017       0       0       0       0    1695       000010000D0001693
     100       0       0       1       0                               0D0001694
     124    1018       0       0       0       0       0       000000000D0001695
     124       0       0       2       0                               0D0001696
     144    1020       0       0       0       0       0       000020000D0001697
     144       0       0       1       0                               0D0001698
     122    1021       0       0       0       0       0       000010000D0001699
     122       0       0       1       0                               0D0001700
     100    1022       0       0       0       0    1703       000010000D0001701
     100       0       0       1       0                               0D0001702
     124    1023       0       0       0       0       0       000000000D0001703
     124       0       0       2       0                               0D0001704
     142    1025       0       0       0       0       0       000010500D0001705
     142       0       0       1       0                               0D0001706
     102    1026       0       0       0       0       0       000010000D0001707
     102       0       0       1       0                               0D0001708
     110    1027       0       0       0       0       0       000010000D0001709
     110       0       0       2       0                               0D0001710
     100    1029       0       0       0       0    1713       000010000D0001711
     100       0       0       1       0                               0D0001712
     124    1030       0       0       0       0       0       000000000D0001713
     124       0       0       2       0                               0D0001714
     110    1032       0       0       0       0       0       000010000D0001715
     110       0       0       2       0                               0D0001716
     100    1034       0       0       0       0    1719       000010000D0001717
     100       0       0       1       0                               0D0001718
     124    1035       0       0       0       0       0       000000000D0001719
     124       0       0       2       0                               0D0001720
     144    1037       0       0       0       0       0       000020000D0001721
     144       0       0       1       0                               0D0001722
     122    1038       0       0       0       0       0       000010000D0001723
     122       0       0       1       0                               0D0001724
     100    1039       0       0       0       0    1727       000010000D0001725
     100       0       0       1       0                               0D0001726
     124    1040       0       0       0       0       0       000000000D0001727
     124       0       0       2       0                               0D0001728
     142    1042       0       0       0       0       0       000010500D0001729
     142       0       0       1       0                               0D0001730
     102    1043       0       0       0       0       0       000010000D0001731
     102       0       0       1       0                               0D0001732
     110    1044       0       0       0       0       0       000010000D0001733
     110       0       0       2       0                               0D0001734
     100    1046       0       0       0       0    1737       000010000D0001735
     100       0       0       1       0                               0D0001736
     124    1047       0       0       0       0       0       000000000D0001737
     124       0       0       2       0                               0D0001738
     110    1049       0       0       0       0       0       000010000D0001739
     110       0       0       2       0                               0D0001740
     100    1051       0       0       0       0    1743       000010000D0001741
     100       0       0       1       0                               0D0001742
     124    1052       0       0       0       0       0       000000000D0001743
     124       0       0       2       0                               0D0001744
     144    1054       0       0       0       0       0       000020000D0001745
     144       0       0       1       0                               0D0001746
     122    1055       0       0       0       0       0       000010000D0001747
     122       0       0       1       0                               0D0001748
     100    1056       0       0       0       0    1751       000010000D0001749
     100       0       0       1       0                               0D0001750
     124    1057       0       0       0       0       0       000000000D0001751
     124       0       0       2       0                               0D0001752
     142    1059       0       0       0       0       0       000010500D0001753
     142       0       0       1       0                               0D0001754
     102    1060       0       0       0       0       0       000010000D0001755
     102       0       0       1       0                               0D0001756
     110    1061       0       0       0       0       0       000010000D0001757
     110       0       0       2       0                               0D0001758
     100    1063       0       0       0       0    1761       000010000D0001759
     100       0       0       1       0                               0D0001760
     124    1064       0       0       0       0       0       000000000D0001761
     124       0       0       2       0                               0D0001762
     110    1066       0       0       0       0       0       000010000D0001763
     110       0       0       2       0                               0D0001764
     100    1068       0       0       0       0    1767       000010000D0001765
     100       0       0       1       0                               0D0001766
     124    1069       0       0       0       0       0       000000000D0001767
     124       0       0       2       0                               0D0001768
     144    1071       0       0       0       0       0       000020000D0001769
     144       0       0       1       0                               0D0001770
     122    1072       0       0       0       0       0       000010000D0001771
     122       0       0       1       0                               0D0001772
     100    1073       0       0       0       0    1775       000010000D0001773
     100       0       0       1       0                               0D0001774
     124    1074       0       0       0       0       0       000000000D0001775
     124       0       0       2       0                               0D0001776
     142    1076       0       0       0       0       0       000010500D0001777
     142       0       0       1       0                               0D0001778
     102    1077       0       0       0       0       0       000010000D0001779
     102       0       0       1       0                               0D0001780
     110    1078       0       0       0       0       0       000010000D0001781
     110       0       0       2       0                               0D0001782
     100    1080       0       0       0       0    1785       000010000D0001783
     100       0       0       1       0                               0D0001784
     124    1081       0       0       0       0       0       000000000D0001785
     124       0       0       2       0                               0D0001786
     110    1083       0       0       0       0       0       000010000D0001787
     110       0       0       2       0                               0D0001788
     100    1085       0       0       0       0    1791       000010000D0001789
     100       0       0       1       0                               0D0001790
     124    1086       0       0       0       0       0       000000000D0001791
     124       0       0       2       0                               0D0001792
     144    1088       0       0       0       0       0       000020000D0001793
     144       0       0       1       0                               0D0001794
     122    1089       0       0       0       0       0       000010000D0001795
     122       0       0       1       0                               0D0001796
     100    1090       0       0       0       0    1799       000010000D0001797
     100       0       0       1       0                               0D0001798
     124    1091       0       0       0       0       0       000000000D0001799
     124       0       0       2       0                               0D0001800
     142    1093       0       0       0       0       0       000010500D0001801
     142       0       0       1       0                               0D0001802
     102    1094       0       0       0       0       0       000010000D0001803
     102       0       0       1       0                               0D0001804
     110    1095       0       0       0       0       0       000010000D0001805
     110       0       0       2       0                               0D0001806
     100    1097       0       0       0       0    1809       000010000D0001807
     100       0       0       1       0                               0D0001808
     124    1098       0       0       0       0       0       000000000D0001809
     124       0       0       2       0                               0D0001810
     110    1100       0       0       0       0       0       000010000D0001811
     110       0       0       2       0                               0D0001812
     100    1102       0       0       0       0    1815       000010000D0001813
     100       0       0       1       0                               0D0001814
     124    1103       0       0       0       0       0       000000000D0001815
     124       0       0       2       0                               0D0001816
     144    1105       0       0       0       0       0       000020000D0001817
     144       0       0       1       0                               0D0001818
     122    1106       0       0       0       0       0       000010000D0001819
     122       0       0       1       0                               0D0001820
     100    1107       0       0       0       0    1823       000010000D0001821
     100       0       0       1       0                               0D0001822
     124    1108       0       0       0       0       0       000000000D0001823
     124       0       0       2       0                               0D0001824
     142    1110       0       0       0       0       0       000010500D0001825
     142       0       0       1       0                               0D0001826
     102    1111       0       0       0       0       0       000010000D0001827
     102       0       0       1       0                               0D0001828
     110    1112       0       0       0       0       0       000010000D0001829
     110       0       0       2       0                               0D0001830
     100    1114       0       0       0       0    1833       000010000D0001831
     100       0       0       1       0                               0D0001832
     124    1115       0       0       0       0       0       000000000D0001833
     124       0       0       2       0                               0D0001834
     110    1117       0       0       0       0       0       000010000D0001835
     110       0       0       2       0                               0D0001836
     100    1119       0       0       0       0    1839       000010000D0001837
     100       0       0       1       0                               0D0001838
     124    1120       0       0       0       0       0       000000000D0001839
     124       0       0       2       0                               0D0001840
     144    1122       0       0       0       0       0       000020000D0001841
     144       0       0       1       0                               0D0001842
     122    1123       0       0       0       0       0       000010000D0001843
     122       0       0       1       0                               0D0001844
     100    1124       0       0       0       0    1847       000010000D0001845
     100       0       0       1       0                               0D0001846
     124    1125       0       0       0       0       0       000000000D0001847
     124       0       0       2       0                               0D0001848
     142    1127       0       0       0       0       0       000010500D0001849
     142       0       0       1       0                               0D0001850
     102    1128       0       0       0       0       0       000010000D0001851
     102       0       0       1       0                               0D0001852
     110    1129       0       0       0       0       0       000010000D0001853
     110       0       0       2       0                               0D0001854
     100    1131       0       0       0       0    1857       000010000D0001855
     100       0       0       1       0                               0D0001856
     124    1132       0       0       0       0       0       000000000D0001857
     124       0       0       2       0                               0D0001858
     110    1134       0       0       0       0       0       000010000D0001859
     110       0       0       2       0                               0D0001860
     100    1136       0       0       0       0    1863       000010000D0001861
     100       0       0       1       0                               0D0001862
     124    1137       0       0       0       0       0       000000000D0001863
     124       0       0       2       0                               0D0001864
     144    1139       0       0       0       0       0       000020000D0001865
     144       0       0       1       0                               0D0001866
     122    1140       0       0       0       0       0       000010000D0001867
     122       0       0       1       0                               0D0001868
     100    1141       0       0       0       0    1871       000010000D0001869
     100       0       0       1       0                               0D0001870
     124    1142       0       0       0       0       0       000000000D0001871
     124       0       0       2       0                               0D0001872
     142    1144       0       0       0       0       0       000010500D0001873
     142       0       0       1       0                               0D0001874
     102    1145       0       0       0       0       0       000010000D0001875
     102       0       0       1       0                               0D0001876
     110    1146       0       0       0       0       0       000010000D0001877
     110       0       0       2       0                               0D0001878
     100    1148       0       0       0       0    1881       000010000D0001879
     100       0       0       1       0                               0D0001880
     124    1149       0       0       0       0       0       000000000D0001881
     124       0       0       2       0                               0D0001882
     110    1151       0       0       0       0       0       000010000D0001883
     110       0       0       2       0                               0D0001884
     100    1153       0       0       0       0    1887       000010000D0001885
     100       0       0       1       0                               0D0001886
     124    1154       0       0       0       0       0       000000000D0001887
     124       0       0       2       0                               0D0001888
     144    1156       0       0       0       0       0       000020000D0001889
     144       0       0       1       0                               0D0001890
     122    1157       0       0       0       0       0       000010000D0001891
     122       0       0       1       0                               0D0001892
     100    1158       0       0       0       0    1895       000010000D0001893
     100       0       0       1       0                               0D0001894
     124    1159       0       0       0       0       0       000000000D0001895
     124       0       0       2       0                               0D0001896
     142    1161       0       0       0       0       0       000010500D0001897
     142       0       0       1       0                               0D0001898
     102    1162       0       0       0       0       0       000010000D0001899
     102       0       0       1       0                               0D0001900
     110    1163       0       0       0       0       0       000010000D0001901
     110       0       0       2       0                               0D0001902
     100    1165       0       0       0       0    1905       000010000D0001903
     100       0       0       1       0                               0D0001904
     124    1166       0       0       0       0       0       000000000D0001905
     124       0       0       2       0                               0D0001906
     110    1168       0       0       0       0       0       000010000D0001907
     110       0       0       2       0                               0D0001908
     100    1170       0       0       0       0    1911       000010000D0001909
     100       0       0       1       0                               0D0001910
     124    1171       0       0       0       0       0       000000000D0001911
     124       0       0       2       0                               0D0001912
     144    1173       0       0       0       0       0       000020000D0001913
     144       0       0       1       0                               0D0001914
     122    1174       0       0       0       0       0       000010000D0001915
     122       0       0       1       0                               0D0001916
     100    1175       0       0       0       0    1919       000010000D0001917
     100       0       0       1       0                               0D0001918
     124    1176       0       0       0       0       0       000000000D0001919
     124       0       0       2       0                               0D0001920
     142    1178       0       0       0       0       0       000010500D0001921
     142       0       0       1       0                               0D0001922
     102    1179       0       0       0       0       0       000010000D0001923
     102       0       0       1       0                               0D0001924
     110    1180       0       0       0       0       0       000010000D0001925
     110       0       0       2       0                               0D0001926
     100    1182       0       0       0       0    1929       000010000D0001927
     100       0       0       1       0                               0D0001928
     124    1183       0       0       0       0       0       000000000D0001929
     124       0       0       2       0                               0D0001930
     110    1185       0       0       0       0       0       000010000D0001931
     110       0       0       2       0                               0D0001932
     100    1187       0       0       0       0    1935       000010000D0001933
     100       0       0       1       0                               0D0001934
     124    1188       0       0       0       0       0       000000000D0001935
     124       0       0       2       0                               0D0001936
     144    1190       0       0       0       0       0       000020000D0001937
     144       0       0       1       0                               0D0001938
     122    1191       0       0       0       0       0       000010000D0001939
     122       0       0       1       0                               0D0001940
     100    1192       0       0       0       0    1943       000010000D0001941
     100       0       0       1       0                               0D0001942
     124    1193       0       0       0       0       0       000000000D0001943
     124       0       0       2       0                               0D0001944
     142    1195       0       0       0       0       0       000010500D0001945
     142       0       0       1       0                               0D0001946
     102    1196       0       0       0       0       0       000010000D0001947
     102       0       0       1       0                               0D0001948
     110    1197       0       0       0       0       0       000010000D0001949
     110       0       0       2       0                               0D0001950
     100    1199       0       0       0       0    1953       000010000D0001951
     100       0       0       1       0                               0D0001952
     124    1200       0       0       0       0       0       000000000D0001953
     124       0       0       2       0                               0D0001954
     110    1202       0       0       0       0       0       000010000D0001955
     110       0       0       2       0                               0D0001956
     100    1204       0       0       0       0    1959       000010000D0001957
     100       0       0       1       0                               0D0001958
     124    1205       0       0       0       0       0       000000000D0001959
     124       0       0       2       0                               0D0001960
     144    1207       0       0       0       0       0       000020000D0001961
     144       0       0       1       0                               0D0001962
     122    1208       0       0       0       0       0       000010000D0001963
     122       0       0       1       0                               0D0001964
     100    1209       0       0       0       0    1967       000010000D0001965
     100       0       0       1       0                               0D0001966
     124    1210       0       0       0       0       0       000000000D0001967
     124       0       0       2       0                               0D0001968
     142    1212       0       0       0       0       0       000010500D0001969
     142       0       0       1       0                               0D0001970
     102    1213       0       0       0       0       0       000010000D0001971
     102       0       0       1       0                               0D0001972
     110    1214       0       0       0       0       0       000010000D0001973
     110       0       0       2       0                               0D0001974
     100    1216       0       0       0       0    1977       000010000D0001975
     100       0       0       1       0                               0D0001976
     124    1217       0       0       0       0       0       000000000D0001977
     124       0       0       2       0                               0D0001978
     110    1219       0       0       0       0       0       000010000D0001979
     110       0       0       2       0                               0D0001980
     100    1221       0       0       0       0    1983       000010000D0001981
     100       0       0       1       0                               0D0001982
     124    1222       0       0       0       0       0       000000000D0001983
     124       0       0       2       0                               0D0001984
     144    1224       0       0       0       0       0       000020000D0001985
     144       0       0       1       0                               0D0001986
     122    1225       0       0       0       0       0       000010000D0001987
     122       0       0       1       0                               0D0001988
     100    1226       0       0       0       0    1991       000010000D0001989
     100       0       0       1       0                               0D0001990
     124    1227       0       0       0       0       0       000000000D0001991
     124       0       0       2       0                               0D0001992
     142    1229       0       0       0       0       0       000010500D0001993
     142       0       0       1       0                               0D0001994
     102    1230       0       0       0       0       0       000010000D0001995
     102       0       0       1       0                               0D0001996
     110    1231       0       0       0       0       0       000010000D0001997
     110       0       0       2       0                               0D0001998
     100    1233       0       0       0       0    2001       000010000D0001999
     100       0       0       1       0                               0D0002000
     124    1234       0       0       0       0       0       000000000D0002001
     124       0       0       2       0                               0D0002002
     110    1236       0       0       0       0       0       000010000D0002003
     110       0       0       2       0                               0D0002004
     100    1238       0       0       0       0    2007       000010000D0002005
     100       0       0       1       0                               0D0002006
     124    1239       0       0       0       0       0       000000000D0002007
     124       0       0       2       0                               0D0002008
     144    1241       0       0       0       0       0       000020000D0002009
     144       0       0       1       0                               0D0002010
     122    1242       0       0       0       0       0       000010000D0002011
     122       0       0       1       0                               0D0002012
     100    1243       0       0       0       0    2015       000010000D0002013
     100       0       0       1       0                               0D0002014
     124    1244       0       0       0       0       0       000000000D0002015
     124       0       0       2       0                               0D0002016
     142    1246       0       0       0       0       0       000010500D0002017
     142       0       0       1       0                               0D0002018
     102    1247       0       0       0       0       0       000010000D0002019
     102       0       0       1       0                               0D0002020
     110    1248       0       0       0       0       0       000010000D0002021
     110       0       0       2       0                               0D0002022
     100    1250       0       0       0       0    2025       000010000D0002023
     100       0       0       1       0                               0D0002024
     124    1251       0       0       0       0       0       000000000D0002025
     124       0       0       2       0                               0D0002026
     110    1253       0       0       0       0       0       000010000D0002027
     110       0       0       2       0                               0D0002028
     100    1255       0       0       0       0    2031       000010000D0002029
     100       0       0       1       0                               0D0002030
     124    1256       0       0       0       0       0       000000000D0002031
     124       0       0       2       0                               0D0002032
     144    1258       0       0       0       0       0       000020000D0002033
     144       0       0       1       0                               0D0002034
     108    1259       0       0       0       0       0       000010000D0002035
     108       0       0       1       0                               0D0002036
     142    1260       0       0       0       0       0       000010500D0002037
     142       0       0       1       0                               0D0002038
     100    1261       0       0       0       0    2041       000010000D0002039
     100       0       0       1       0                               0D0002040
     124    1262       0       0       0       0       0       000000000D0002041
     124       0       0       1       0                               0D0002042
     144    1263       0       0       0       0       0       000020000D0002043
     144       0       0       1       0                               0D0002044
     108    1264       0       0       0       0       0       000010000D0002045
     108       0       0       1       0                               0D0002046
     142    1265       0       0       0       0       0       000010500D0002047
     142       0       0       1       0                               0D0002048
     100    1266       0       0       0       0    2051       000010000D0002049
     100       0       0       1       0                               0D0002050
     124    1267       0       0       0       0       0       000000000D0002051
     124       0       0       2       0                               0D0002052
     402    1269       0       0       0       0       0       000020000D0002053
     402       0       0       8       1                               0D0002054
     144    1277       0       0       0       0       0       000020000D0002055
     144       0       0       1       0                               0D0002056
     108    1278       0       0       0       0       0       000010000D0002057
     108       0       0       1       0                               0D0002058
     142    1279       0       0       0       0       0       000010500D0002059
     142       0       0       1       0                               0D0002060
     102    1280       0       0       0       0       0       000010000D0002061
     102       0       0       1       0                               0D0002062
     110    1281       0       0       0       0       0       000010000D0002063
     110       0       0       1       0                               0D0002064
     110    1282       0       0       0       0       0       000010000D0002065
     110       0       0       1       0                               0D0002066
     110    1283       0       0       0       0       0       000010000D0002067
     110       0       0       1       0                               0D0002068
     110    1284       0       0       0       0       0       000010000D0002069
     110       0       0       1       0                               0D0002070
     142    1285       0       0       0       0       0       000010500D0002071
     142       0       0       1       0                               0D0002072
     100    1286       0       0       0       0    2075       000010000D0002073
     100       0       0       1       0                               0D0002074
     124    1287       0       0       0       0       0       000000000D0002075
     124       0       0       1       0                               0D0002076
     144    1288       0       0       0       0       0       000020000D0002077
     144       0       0       1       0                               0D0002078
     108    1289       0       0       0       0       0       000010000D0002079
     108       0       0       1       0                               0D0002080
     142    1290       0       0       0       0       0       000010500D0002081
     142       0       0       1       0                               0D0002082
     102    1291       0       0       0       0       0       000010000D0002083
     102       0       0       1       0                               0D0002084
     110    1292       0       0       0       0       0       000010000D0002085
     110       0       0       1       0                               0D0002086
     110    1293       0       0       0       0       0       000010000D0002087
     110       0       0       1       0                               0D0002088
     110    1294       0       0       0       0       0       000010000D0002089
     110       0       0       1       0                               0D0002090
     110    1295       0       0       0       0       0       000010000D0002091
     110       0       0       1       0                               0D0002092
     110    1296       0       0       0       0       0       000010000D0002093
     110       0       0       1       0                               0D0002094
     110    1297       0       0       0       0       0       000010000D0002095
     110       0       0       1       0                               0D0002096
     110    1298       0       0       0       0       0       000010000D0002097
     110       0       0       1       0                               0D0002098
     110    1299       0       0       0       0       0       000010000D0002099
     110       0       0       1       0                               0D0002100
     144    1300       0       0       0       0       0       000020000D0002101
     144       0       0       1       0                               0D0002102
     108    1301       0       0       0       0       0       000010000D0002103
     108       0       0       1       0                               0D0002104
     142    1302       0       0       0       0       0       000010500D0002105
     142       0       0       1       0                               0D0002106
     102    1303       0       0       0       0       0       000010000D0002107
     102       0       0       1       0                               0D0002108
     110    1304       0       0       0       0       0       000010000D0002109
     110       0       0       1       0                               0D0002110
     110    1305       0       0       0       0       0       000010000D0002111
     110       0       0       1       0                               0D0002112
     110    1306       0       0       0       0       0       000010000D0002113
     110       0       0       1       0                               0D0002114
     110    1307       0       0       0       0       0       000010000D0002115
     110       0       0       1       0                               0D0002116
     144    1308       0       0       0       0       0       000020000D0002117
     144       0       0       1       0                               0D0002118
     108    1309       0       0       0       0       0       000010000D0002119
     108       0       0       1       0                               0D0002120
     142    1310       0       0       0       0       0       000010500D0002121
     142       0       0       1       0                               0D0002122
     102    1311       0       0       0       0       0       000010000D0002123
     102       0       0       1       0                               0D0002124
     110    1312       0       0       0       0       0       000010000D0002125
     110       0       0       1       0                               0D0002126
     110    1313       0       0       0       0       0       000010000D0002127
     110       0       0       1       0                               0D0002128
     110    1314       0       0       0       0       0       000010000D0002129
     110       0       0       1       0                               0D0002130
     110    1315       0       0       0       0       0       000010000D0002131
     110       0       0       1       0                               0D0002132
     144    1316       0       0       0       0       0       000020000D0002133
     144       0       0       1       0                               0D0002134
     108    1317       0       0       0       0       0       000010000D0002135
     108       0       0       1       0                               0D0002136
     142    1318       0       0       0       0       0       000010500D0002137
     142       0       0       1       0                               0D0002138
     102    1319       0       0       0       0       0       000010000D0002139
     102       0       0       1       0                               0D0002140
     110    1320       0       0       0       0       0       000010000D0002141
     110       0       0       1       0                               0D0002142
     110    1321       0       0       0       0       0       000010000D0002143
     110       0       0       1       0                               0D0002144
     110    1322       0       0       0       0       0       000010000D0002145
     110       0       0       1       0                               0D0002146
     110    1323       0       0       0       0       0       000010000D0002147
     110       0       0       1       0                               0D0002148
     110    1324       0       0       0       0       0       000010000D0002149
     110       0       0       1       0                               0D0002150
     110    1325       0       0       0       0       0       000010000D0002151
     110       0       0       1       0                               0D0002152
     110    1326       0       0       0       0       0       000010000D0002153
     110       0       0       1       0                               0D0002154
     110    1327       0       0       0       0       0       000010000D0002155
     110       0       0       1       0                               0D0002156
     144    1328       0       0       0       0       0       000020000D0002157
     144       0       0       1       0                               0D0002158
     120    1329       0       0       0       0    2161       000010000D0002159
     120       0       0       1       0                               0D0002160
     124    1330       0       0       0       0       0       000000000D0002161
     124       0       0       1       1                               0D0002162
     110    1331       0       0       0       0       0       000010000D0002163
     110       0       0       1       0                               0D0002164
     110    1332       0       0       0       0       0       000010000D0002165
     110       0       0       1       0                               0D0002166
     142    1333       0       0       0       0       0       000010500D0002167
     142       0       0       1       0                               0D0002168
     102    1334       0       0       0       0       0       000010000D0002169
     102       0       0       1       0                               0D0002170
     110    1335       0       0       0       0       0       000010000D0002171
     110       0       0       1       0                               0D0002172
     100    1336       0       0       0       0    2175       000010000D0002173
     100       0       0       1       0                               0D0002174
     124    1337       0       0       0       0       0       000000000D0002175
     124       0       0       1       0                               0D0002176
     110    1338       0       0       0       0       0       000010000D0002177
     110       0       0       1       0                               0D0002178
     100    1339       0       0       0       0    2181       000010000D0002179
     100       0       0       1       0                               0D0002180
     124    1340       0       0       0       0       0       000000000D0002181
     124       0       0       1       0                               0D0002182
     144    1341       0       0       0       0       0       000020000D0002183
     144       0       0       1       0                               0D0002184
     108    1342       0       0       0       0       0       000010000D0002185
     108       0       0       1       0                               0D0002186
     142    1343       0       0       0       0       0       000010500D0002187
     142       0       0       1       0                               0D0002188
     102    1344       0       0       0       0       0       000010000D0002189
     102       0       0       1       0                               0D0002190
     110    1345       0       0       0       0       0       000010000D0002191
     110       0       0       1       0                               0D0002192
     110    1346       0       0       0       0       0       000010000D0002193
     110       0       0       1       0                               0D0002194
     110    1347       0       0       0       0       0       000010000D0002195
     110       0       0       1       0                               0D0002196
     110    1348       0       0       0       0       0       000010000D0002197
     110       0       0       1       0                               0D0002198
     142    1349       0       0       0       0       0       000010500D0002199
     142       0       0       1       0                               0D0002200
     100    1350       0       0       0       0    2203       000010000D0002201
     100       0       0       1       0                               0D0002202
     124    1351       0       0       0       0       0       000000000D0002203
     124       0       0       1       0                               0D0002204
     144    1352       0       0       0       0       0       000020000D0002205
     144       0       0       1       0                               0D0002206
     108    1353       0       0       0       0       0       000010000D0002207
     108       0       0       1       0                               0D0002208
     142    1354       0       0       0       0       0       000010500D0002209
     142       0       0       1       0                               0D0002210
     102    1355       0       0       0       0       0       000010000D0002211
     102       0       0       1       0                               0D0002212
     110    1356       0       0       0       0       0       000010000D0002213
     110       0       0       1       0                               0D0002214
     110    1357       0       0       0       0       0       000010000D0002215
     110       0       0       1       0                               0D0002216
     110    1358       0       0       0       0       0       000010000D0002217
     110       0       0       1       0                               0D0002218
     110    1359       0       0       0       0       0       000010000D0002219
     110       0       0       1       0                               0D0002220
     144    1360       0       0       0       0       0       000020000D0002221
     144       0       0       1       0                               0D0002222
     108    1361       0       0       0       0       0       000010000D0002223
     108       0       0       1       0                               0D0002224
     142    1362       0       0       0       0       0       000010500D0002225
     142       0       0       1       0                               0D0002226
     102    1363       0       0       0       0       0       000010000D0002227
     102       0       0       1       0                               0D0002228
     110    1364       0       0       0       0       0       000010000D0002229
     110       0       0       1       0                               0D0002230
     110    1365       0       0       0       0       0       000010000D0002231
     110       0       0       1       0                               0D0002232
     110    1366       0       0       0       0       0       000010000D0002233
     110       0       0       1       0                               0D0002234
     110    1367       0       0       0       0       0       000010000D0002235
     110       0       0       1       0                               0D0002236
     142    1368       0       0       0       0       0       000010500D0002237
     142       0       0       1       0                               0D0002238
     100    1369       0       0       0       0    2241       000010000D0002239
     100       0       0       1       0                               0D0002240
     124    1370       0       0       0       0       0       000000000D0002241
     124       0       0       1       0                               0D0002242
     144    1371       0       0       0       0       0       000020000D0002243
     144       0       0       1       0                               0D0002244
     108    1372       0       0       0       0       0       000010000D0002245
     108       0       0       1       0                               0D0002246
     142    1373       0       0       0       0       0       000010500D0002247
     142       0       0       1       0                               0D0002248
     102    1374       0       0       0       0       0       000010000D0002249
     102       0       0       1       0                               0D0002250
     110    1375       0       0       0       0       0       000010000D0002251
     110       0       0       1       0                               0D0002252
     110    1376       0       0       0       0       0       000010000D0002253
     110       0       0       1       0                               0D0002254
     110    1377       0       0       0       0       0       000010000D0002255
     110       0       0       1       0                               0D0002256
     110    1378       0       0       0       0       0       000010000D0002257
     110       0       0       1       0                               0D0002258
     144    1379       0       0       0       0       0       000020000D0002259
     144       0       0       1       0                               0D0002260
     108    1380       0       0       0       0       0       000010000D0002261
     108       0       0       1       0                               0D0002262
     142    1381       0       0       0       0       0       000010500D0002263
     142       0       0       1       0                               0D0002264
     102    1382       0       0       0       0       0       000010000D0002265
     102       0       0       1       0                               0D0002266
     110    1383       0       0       0       0       0       000010000D0002267
     110       0       0       1       0                               0D0002268
     110    1384       0       0       0       0       0       000010000D0002269
     110       0       0       1       0                               0D0002270
     110    1385       0       0       0       0       0       000010000D0002271
     110       0       0       1       0                               0D0002272
     110    1386       0       0       0       0       0       000010000D0002273
     110       0       0       1       0                               0D0002274
     144    1387       0       0       0       0       0       000020000D0002275
     144       0       0       1       0                               0D0002276
     120    1388       0       0       0       0    2279       000010000D0002277
     120       0       0       1       0                               0D0002278
     124    1389       0       0       0       0       0       000000000D0002279
     124       0       0       1       1                               0D0002280
     110    1390       0       0       0       0       0       000010000D0002281
     110       0       0       1       0                               0D0002282
     110    1391       0       0       0       0       0       000010000D0002283
     110       0       0       1       0                               0D0002284
     142    1392       0       0       0       0       0       000010500D0002285
     142       0       0       1       0                               0D0002286
     102    1393       0       0       0       0       0       000010000D0002287
     102       0       0       5       0                               0D0002288
     110    1398       0       0       0       0       0       000010000D0002289
     110       0       0       1       0                               0D0002290
     100    1399       0       0       0       0    2293       000010000D0002291
     100       0       0       1       0                               0D0002292
     124    1400       0       0       0       0       0       000000000D0002293
     124       0       0       1       0                               0D0002294
     110    1401       0       0       0       0       0       000010000D0002295
     110       0       0       1       0                               0D0002296
     126    1402       0       0       0       0       0       000010000D0002297
     126       0       0      25       0                               0D0002298
     126    1427       0       0       0       0       0       000010000D0002299
     126       0       0      17       0                               0D0002300
     126    1444       0       0       0       0       0       000010000D0002301
     126       0       0      17       0                               0D0002302
     126    1461       0       0       0       0       0       000010000D0002303
     126       0       0      17       0                               0D0002304
     126    1478       0       0       0       0       0       000010000D0002305
     126       0       0      16       0                               0D0002306
     126    1494       0       0       0       0       0       000010000D0002307
     126       0       0       7       0                               0D0002308
     126    1501       0       0       0       0       0       000010000D0002309
     126       0       0      10       0                               0D0002310
     126    1511       0       0       0       0       0       000010000D0002311
     126       0       0       6       0                               0D0002312
     126    1517       0       0       0       0       0       000010000D0002313
     126       0       0       6       0                               0D0002314
     126    1523       0       0       0       0       0       000010000D0002315
     126       0       0      17       0                               0D0002316
     126    1540       0       0       0       0       0       000010000D0002317
     126       0       0      17       0                               0D0002318
     100    1557       0       0       0       0    2321       000010000D0002319
     100       0       0       1       0                               0D0002320
     124    1558       0       0       0       0       0       000000000D0002321
     124       0       0       1       0                               0D0002322
     126    1559       0       0       0       0       0       000010000D0002323
     126       0       0      16       0                               0D0002324
     126    1575       0       0       0       0       0       000010000D0002325
     126       0       0      18       0                               0D0002326
     126    1593       0       0       0       0       0       000010000D0002327
     126       0       0      17       0                               0D0002328
     126    1610       0       0       0       0       0       000010000D0002329
     126       0       0      17       0                               0D0002330
     126    1627       0       0       0       0       0       000010000D0002331
     126       0       0      17       0                               0D0002332
     126    1644       0       0       0       0       0       000010000D0002333
     126       0       0      17       0                               0D0002334
     126    1661       0       0       0       0       0       000010000D0002335
     126       0       0      16       0                               0D0002336
     126    1677       0       0       0       0       0       000010000D0002337
     126       0       0      17       0                               0D0002338
     126    1694       0       0       0       0       0       000010000D0002339
     126       0       0       6       0                               0D0002340
     110    1700       0       0       0       0       0       000010000D0002341
     110       0       0       1       0                               0D0002342
     126    1701       0       0       0       0       0       000010000D0002343
     126       0       0      22       0                               0D0002344
     126    1723       0       0       0       0       0       000010000D0002345
     126       0       0      17       0                               0D0002346
     126    1740       0       0       0       0       0       000010000D0002347
     126       0       0      17       0                               0D0002348
     126    1757       0       0       0       0       0       000010000D0002349
     126       0       0      17       0                               0D0002350
     126    1774       0       0       0       0       0       000010000D0002351
     126       0       0      17       0                               0D0002352
     126    1791       0       0       0       0       0       000010000D0002353
     126       0       0       7       0                               0D0002354
     126    1798       0       0       0       0       0       000010000D0002355
     126       0       0      11       0                               0D0002356
     126    1809       0       0       0       0       0       000010000D0002357
     126       0       0      17       0                               0D0002358
     126    1826       0       0       0       0       0       000010000D0002359
     126       0       0      17       0                               0D0002360
     126    1843       0       0       0       0       0       000010000D0002361
     126       0       0      16       0                               0D0002362
     126    1859       0       0       0       0       0       000010000D0002363
     126       0       0      17       0                               0D0002364
     126    1876       0       0       0       0       0       000010000D0002365
     126       0       0      16       0                               0D0002366
     126    1892       0       0       0       0       0       000010000D0002367
     126       0       0      16       0                               0D0002368
     126    1908       0       0       0       0       0       000010000D0002369
     126       0       0      17       0                               0D0002370
     126    1925       0       0       0       0       0       000010000D0002371
     126       0       0      17       0                               0D0002372
     126    1942       0       0       0       0       0       000010000D0002373
     126       0       0      16       0                               0D0002374
     126    1958       0       0       0       0       0       000010000D0002375
     126       0       0      15       0                               0D0002376
     126    1973       0       0       0       0       0       000010000D0002377
     126       0       0      17       0                               0D0002378
     126    1990       0       0       0       0       0       000010000D0002379
     126       0       0      17       0                               0D0002380
     126    2007       0       0       0       0       0       000010000D0002381
     126       0       0      16       0                               0D0002382
     126    2023       0       0       0       0       0       000010000D0002383
     126       0       0      16       0                               0D0002384
     126    2039       0       0       0       0       0       000010000D0002385
     126       0       0      16       0                               0D0002386
     126    2055       0       0       0       0       0       000010000D0002387
     126       0       0      17       0                               0D0002388
     126    2072       0       0       0       0       0       000010000D0002389
     126       0       0      17       0                               0D0002390
     126    2089       0       0       0       0       0       000010000D0002391
     126       0       0      16       0                               0D0002392
     126    2105       0       0       0       0       0       000010000D0002393
     126       0       0      16       0                               0D0002394
     126    2121       0       0       0       0       0       000010000D0002395
     126       0       0      17       0                               0D0002396
     126    2138       0       0       0       0       0       000010000D0002397
     126       0       0      17       0                               0D0002398
     126    2155       0       0       0       0       0       000010000D0002399
     126       0       0      17       0                               0D0002400
     126    2172       0       0       0       0       0       000010000D0002401
     126       0       0      17       0                               0D0002402
     126    2189       0       0       0       0       0       000010000D0002403
     126       0       0      17       0                               0D0002404
     126    2206       0       0       0       0       0       000010000D0002405
     126       0       0      17       0                               0D0002406
     126    2223       0       0       0       0       0       000010000D0002407
     126       0       0       7       0                               0D0002408
     144    2230       0       0       0       0       0       000020000D0002409
     144       0       0       1       0                               0D0002410
     122    2231       0       0       0       0       0       000010000D0002411
     122       0       0       1       0                               0D0002412
     100    2232       0       0       0       0    2415       000010000D0002413
     100       0       0       1       0                               0D0002414
     124    2233       0       0       0       0       0       000000000D0002415
     124       0       0       2       0                               0D0002416
     142    2235       0       0       0       0       0       000010500D0002417
     142       0       0       1       0                               0D0002418
     102    2236       0       0       0       0       0       000010000D0002419
     102       0       0       1       0                               0D0002420
     110    2237       0       0       0       0       0       000010000D0002421
     110       0       0       2       0                               0D0002422
     100    2239       0       0       0       0    2425       000010000D0002423
     100       0       0       1       0                               0D0002424
     124    2240       0       0       0       0       0       000000000D0002425
     124       0       0       2       0                               0D0002426
     126    2242       0       0       0       0       0       000010000D0002427
     126       0       0      25       0                               0D0002428
     126    2267       0       0       0       0       0       000010000D0002429
     126       0       0       7       0                               0D0002430
     100    2274       0       0       0       0    2433       000010000D0002431
     100       0       0       1       0                               0D0002432
     124    2275       0       0       0       0       0       000000000D0002433
     124       0       0       2       0                               0D0002434
     144    2277       0       0       0       0       0       000020000D0002435
     144       0       0       1       0                               0D0002436
     122    2278       0       0       0       0       0       000010000D0002437
     122       0       0       1       0                               0D0002438
     100    2279       0       0       0       0    2441       000010000D0002439
     100       0       0       1       0                               0D0002440
     124    2280       0       0       0       0       0       000000000D0002441
     124       0       0       2       0                               0D0002442
     142    2282       0       0       0       0       0       000010500D0002443
     142       0       0       1       0                               0D0002444
     102    2283       0       0       0       0       0       000010000D0002445
     102       0       0       1       0                               0D0002446
     110    2284       0       0       0       0       0       000010000D0002447
     110       0       0       2       0                               0D0002448
     100    2286       0       0       0       0    2451       000010000D0002449
     100       0       0       1       0                               0D0002450
     124    2287       0       0       0       0       0       000000000D0002451
     124       0       0       2       0                               0D0002452
     126    2289       0       0       0       0       0       000010000D0002453
     126       0       0      17       0                               0D0002454
     100    2306       0       0       0       0    2457       000010000D0002455
     100       0       0       1       0                               0D0002456
     124    2307       0       0       0       0       0       000000000D0002457
     124       0       0       2       0                               0D0002458
     144    2309       0       0       0       0       0       000020000D0002459
     144       0       0       1       0                               0D0002460
     122    2310       0       0       0       0       0       000010000D0002461
     122       0       0       1       0                               0D0002462
     100    2311       0       0       0       0    2465       000010000D0002463
     100       0       0       1       0                               0D0002464
     124    2312       0       0       0       0       0       000000000D0002465
     124       0       0       2       0                               0D0002466
     142    2314       0       0       0       0       0       000010500D0002467
     142       0       0       1       0                               0D0002468
     102    2315       0       0       0       0       0       000010000D0002469
     102       0       0       1       0                               0D0002470
     110    2316       0       0       0       0       0       000010000D0002471
     110       0       0       2       0                               0D0002472
     100    2318       0       0       0       0    2475       000010000D0002473
     100       0       0       1       0                               0D0002474
     124    2319       0       0       0       0       0       000000000D0002475
     124       0       0       2       0                               0D0002476
     126    2321       0       0       0       0       0       000010000D0002477
     126       0       0      17       0                               0D0002478
     100    2338       0       0       0       0    2481       000010000D0002479
     100       0       0       1       0                               0D0002480
     124    2339       0       0       0       0       0       000000000D0002481
     124       0       0       2       0                               0D0002482
     144    2341       0       0       0       0       0       000020000D0002483
     144       0       0       1       0                               0D0002484
     122    2342       0       0       0       0       0       000010000D0002485
     122       0       0       1       0                               0D0002486
     100    2343       0       0       0       0    2489       000010000D0002487
     100       0       0       1       0                               0D0002488
     124    2344       0       0       0       0       0       000000000D0002489
     124       0       0       2       0                               0D0002490
     142    2346       0       0       0       0       0       000010500D0002491
     142       0       0       1       0                               0D0002492
     102    2347       0       0       0       0       0       000010000D0002493
     102       0       0       1       0                               0D0002494
     110    2348       0       0       0       0       0       000010000D0002495
     110       0       0       2       0                               0D0002496
     100    2350       0       0       0       0    2499       000010000D0002497
     100       0       0       1       0                               0D0002498
     124    2351       0       0       0       0       0       000000000D0002499
     124       0       0       2       0                               0D0002500
     126    2353       0       0       0       0       0       000010000D0002501
     126       0       0      17       0                               0D0002502
     100    2370       0       0       0       0    2505       000010000D0002503
     100       0       0       1       0                               0D0002504
     124    2371       0       0       0       0       0       000000000D0002505
     124       0       0       2       0                               0D0002506
     144    2373       0       0       0       0       0       000020000D0002507
     144       0       0       1       0                               0D0002508
     122    2374       0       0       0       0       0       000010000D0002509
     122       0       0       1       0                               0D0002510
     100    2375       0       0       0       0    2513       000010000D0002511
     100       0       0       1       0                               0D0002512
     124    2376       0       0       0       0       0       000000000D0002513
     124       0       0       2       0                               0D0002514
     142    2378       0       0       0       0       0       000010500D0002515
     142       0       0       1       0                               0D0002516
     102    2379       0       0       0       0       0       000010000D0002517
     102       0       0       1       0                               0D0002518
     110    2380       0       0       0       0       0       000010000D0002519
     110       0       0       2       0                               0D0002520
     100    2382       0       0       0       0    2523       000010000D0002521
     100       0       0       1       0                               0D0002522
     124    2383       0       0       0       0       0       000000000D0002523
     124       0       0       2       0                               0D0002524
     126    2385       0       0       0       0       0       000010000D0002525
     126       0       0      16       0                               0D0002526
     100    2401       0       0       0       0    2529       000010000D0002527
     100       0       0       1       0                               0D0002528
     124    2402       0       0       0       0       0       000000000D0002529
     124       0       0       2       0                               0D0002530
     144    2404       0       0       0       0       0       000020000D0002531
     144       0       0       1       0                               0D0002532
     122    2405       0       0       0       0       0       000010000D0002533
     122       0       0       1       0                               0D0002534
     100    2406       0       0       0       0    2537       000010000D0002535
     100       0       0       1       0                               0D0002536
     124    2407       0       0       0       0       0       000000000D0002537
     124       0       0       2       0                               0D0002538
     142    2409       0       0       0       0       0       000010500D0002539
     142       0       0       1       0                               0D0002540
     102    2410       0       0       0       0       0       000010000D0002541
     102       0       0       1       0                               0D0002542
     110    2411       0       0       0       0       0       000010000D0002543
     110       0       0       2       0                               0D0002544
     126    2413       0       0       0       0       0       000010000D0002545
     126       0       0       7       0                               0D0002546
     100    2420       0       0       0       0    2549       000010000D0002547
     100       0       0       1       0                               0D0002548
     124    2421       0       0       0       0       0       000000000D0002549
     124       0       0       2       0                               0D0002550
     144    2423       0       0       0       0       0       000020000D0002551
     144       0       0       1       0                               0D0002552
     122    2424       0       0       0       0       0       000010000D0002553
     122       0       0       1       0                               0D0002554
     100    2425       0       0       0       0    2557       000010000D0002555
     100       0       0       1       0                               0D0002556
     124    2426       0       0       0       0       0       000000000D0002557
     124       0       0       2       0                               0D0002558
     142    2428       0       0       0       0       0       000010500D0002559
     142       0       0       1       0                               0D0002560
     102    2429       0       0       0       0       0       000010000D0002561
     102       0       0       1       0                               0D0002562
     100    2430       0       0       0       0    2565       000010000D0002563
     100       0       0       1       0                               0D0002564
     124    2431       0       0       0       0       0       000000000D0002565
     124       0       0       2       0                               0D0002566
     110    2433       0       0       0       0       0       000010000D0002567
     110       0       0       2       0                               0D0002568
     126    2435       0       0       0       0       0       000010000D0002569
     126       0       0      10       0                               0D0002570
     110    2445       0       0       0       0       0       000010000D0002571
     110       0       0       2       0                               0D0002572
     100    2447       0       0       0       0    2575       000010000D0002573
     100       0       0       1       0                               0D0002574
     124    2448       0       0       0       0       0       000000000D0002575
     124       0       0       2       0                               0D0002576
     126    2450       0       0       0       0       0       000010000D0002577
     126       0       0      17       0                               0D0002578
     144    2467       0       0       0       0       0       000020000D0002579
     144       0       0       1       0                               0D0002580
     122    2468       0       0       0       0       0       000010000D0002581
     122       0       0       1       0                               0D0002582
     100    2469       0       0       0       0    2585       000010000D0002583
     100       0       0       1       0                               0D0002584
     124    2470       0       0       0       0       0       000000000D0002585
     124       0       0       2       0                               0D0002586
     142    2472       0       0       0       0       0       000010500D0002587
     142       0       0       1       0                               0D0002588
     102    2473       0       0       0       0       0       000010000D0002589
     102       0       0       1       0                               0D0002590
     110    2474       0       0       0       0       0       000010000D0002591
     110       0       0       2       0                               0D0002592
     100    2476       0       0       0       0    2595       000010000D0002593
     100       0       0       1       0                               0D0002594
     124    2477       0       0       0       0       0       000000000D0002595
     124       0       0       2       0                               0D0002596
     126    2479       0       0       0       0       0       000010000D0002597
     126       0       0       6       0                               0D0002598
     144    2485       0       0       0       0       0       000020000D0002599
     144       0       0       1       0                               0D0002600
     122    2486       0       0       0       0       0       000010000D0002601
     122       0       0       1       0                               0D0002602
     100    2487       0       0       0       0    2605       000010000D0002603
     100       0       0       1       0                               0D0002604
     124    2488       0       0       0       0       0       000000000D0002605
     124       0       0       2       0                               0D0002606
     142    2490       0       0       0       0       0       000010500D0002607
     142       0       0       1       0                               0D0002608
     102    2491       0       0       0       0       0       000010000D0002609
     102       0       0       1       0                               0D0002610
     110    2492       0       0       0       0       0       000010000D0002611
     110       0       0       2       0                               0D0002612
     126    2494       0       0       0       0       0       000010000D0002613
     126       0       0       6       0                               0D0002614
     100    2500       0       0       0       0    2617       000010000D0002615
     100       0       0       1       0                               0D0002616
     124    2501       0       0       0       0       0       000000000D0002617
     124       0       0       2       0                               0D0002618
     144    2503       0       0       0       0       0       000020000D0002619
     144       0       0       1       0                               0D0002620
     122    2504       0       0       0       0       0       000010000D0002621
     122       0       0       1       0                               0D0002622
     100    2505       0       0       0       0    2625       000010000D0002623
     100       0       0       1       0                               0D0002624
     124    2506       0       0       0       0       0       000000000D0002625
     124       0       0       2       0                               0D0002626
     142    2508       0       0       0       0       0       000010500D0002627
     142       0       0       1       0                               0D0002628
     102    2509       0       0       0       0       0       000010000D0002629
     102       0       0       1       0                               0D0002630
     126    2510       0       0       0       0       0       000010000D0002631
     126       0       0      17       0                               0D0002632
     110    2527       0       0       0       0       0       000010000D0002633
     110       0       0       2       0                               0D0002634
     100    2529       0       0       0       0    2637       000010000D0002635
     100       0       0       1       0                               0D0002636
     124    2530       0       0       0       0       0       000000000D0002637
     124       0       0       2       0                               0D0002638
     126    2532       0       0       0       0       0       000010000D0002639
     126       0       0      18       0                               0D0002640
     100    2550       0       0       0       0    2643       000010000D0002641
     100       0       0       2       0                               0D0002642
     124    2552       0       0       0       0       0       000000000D0002643
     124       0       0       2       0                               0D0002644
     144    2554       0       0       0       0       0       000020000D0002645
     144       0       0       1       0                               0D0002646
     122    2555       0       0       0       0       0       000010000D0002647
     122       0       0       1       0                               0D0002648
     100    2556       0       0       0       0    2651       000010000D0002649
     100       0       0       1       0                               0D0002650
     124    2557       0       0       0       0       0       000000000D0002651
     124       0       0       1       0                               0D0002652
     142    2558       0       0       0       0       0       000010500D0002653
     142       0       0       1       0                               0D0002654
     102    2559       0       0       0       0       0       000010000D0002655
     102       0       0       1       0                               0D0002656
     100    2560       0       0       0       0    2659       000010000D0002657
     100       0       0       2       0                               0D0002658
     124    2562       0       0       0       0       0       000000000D0002659
     124       0       0       1       0                               0D0002660
     126    2563       0       0       0       0       0       000010000D0002661
     126       0       0      17       0                               0D0002662
     100    2580       0       0       0       0    2665       000010000D0002663
     100       0       0       2       0                               0D0002664
     124    2582       0       0       0       0       0       000000000D0002665
     124       0       0       2       0                               0D0002666
     126    2584       0       0       0       0       0       000010000D0002667
     126       0       0      16       0                               0D0002668
     144    2600       0       0       0       0       0       000020000D0002669
     144       0       0       1       0                               0D0002670
     108    2601       0       0       0       0       0       000010000D0002671
     108       0       0       1       0                               0D0002672
     142    2602       0       0       0       0       0       000010500D0002673
     142       0       0       1       0                               0D0002674
     102    2603       0       0       0       0       0       000010000D0002675
     102       0       0       1       0                               0D0002676
     100    2604       0       0       0       0    2679       000010000D0002677
     100       0       0       1       0                               0D0002678
     124    2605       0       0       0       0       0       000000000D0002679
     124       0       0       1       0                               0D0002680
     100    2606       0       0       0       0    2683       000010000D0002681
     100       0       0       2       0                               0D0002682
     124    2608       0       0       0       0       0       000000000D0002683
     124       0       0       1       0                               0D0002684
     144    2609       0       0       0       0       0       000020000D0002685
     144       0       0       1       0                               0D0002686
     122    2610       0       0       0       0       0       000010000D0002687
     122       0       0       1       0                               0D0002688
     100    2611       0       0       0       0    2691       000010000D0002689
     100       0       0       1       0                               0D0002690
     124    2612       0       0       0       0       0       000000000D0002691
     124       0       0       2       0                               0D0002692
     142    2614       0       0       0       0       0       000010500D0002693
     142       0       0       1       0                               0D0002694
     102    2615       0       0       0       0       0       000010000D0002695
     102       0       0       1       0                               0D0002696
     100    2616       0       0       0       0    2699       000010000D0002697
     100       0       0       1       0                               0D0002698
     124    2617       0       0       0       0       0       000000000D0002699
     124       0       0       2       0                               0D0002700
     110    2619       0       0       0       0       0       000010000D0002701
     110       0       0       2       0                               0D0002702
     100    2621       0       0       0       0    2705       000010000D0002703
     100       0       0       1       0                               0D0002704
     124    2622       0       0       0       0       0       000000000D0002705
     124       0       0       2       0                               0D0002706
     126    2624       0       0       0       0       0       000010000D0002707
     126       0       0      17       0                               0D0002708
     144    2641       0       0       0       0       0       000020000D0002709
     144       0       0       1       0                               0D0002710
     122    2642       0       0       0       0       0       000010000D0002711
     122       0       0       1       0                               0D0002712
     100    2643       0       0       0       0    2715       000010000D0002713
     100       0       0       1       0                               0D0002714
     124    2644       0       0       0       0       0       000000000D0002715
     124       0       0       2       0                               0D0002716
     142    2646       0       0       0       0       0       000010500D0002717
     142       0       0       1       0                               0D0002718
     102    2647       0       0       0       0       0       000010000D0002719
     102       0       0       1       0                               0D0002720
     100    2648       0       0       0       0    2723       000010000D0002721
     100       0       0       1       0                               0D0002722
     124    2649       0       0       0       0       0       000000000D0002723
     124       0       0       2       0                               0D0002724
     110    2651       0       0       0       0       0       000010000D0002725
     110       0       0       2       0                               0D0002726
     100    2653       0       0       0       0    2729       000010000D0002727
     100       0       0       1       0                               0D0002728
     124    2654       0       0       0       0       0       000000000D0002729
     124       0       0       2       0                               0D0002730
     126    2656       0       0       0       0       0       000010000D0002731
     126       0       0      17       0                               0D0002732
     144    2673       0       0       0       0       0       000020000D0002733
     144       0       0       1       0                               0D0002734
     122    2674       0       0       0       0       0       000010000D0002735
     122       0       0       1       0                               0D0002736
     100    2675       0       0       0       0    2739       000010000D0002737
     100       0       0       1       0                               0D0002738
     124    2676       0       0       0       0       0       000000000D0002739
     124       0       0       2       0                               0D0002740
     142    2678       0       0       0       0       0       000010500D0002741
     142       0       0       1       0                               0D0002742
     102    2679       0       0       0       0       0       000010000D0002743
     102       0       0       1       0                               0D0002744
     100    2680       0       0       0       0    2747       000010000D0002745
     100       0       0       1       0                               0D0002746
     124    2681       0       0       0       0       0       000000000D0002747
     124       0       0       2       0                               0D0002748
     110    2683       0       0       0       0       0       000010000D0002749
     110       0       0       2       0                               0D0002750
     100    2685       0       0       0       0    2753       000010000D0002751
     100       0       0       1       0                               0D0002752
     124    2686       0       0       0       0       0       000000000D0002753
     124       0       0       2       0                               0D0002754
     126    2688       0       0       0       0       0       000010000D0002755
     126       0       0      17       0                               0D0002756
     144    2705       0       0       0       0       0       000020000D0002757
     144       0       0       1       0                               0D0002758
     122    2706       0       0       0       0       0       000010000D0002759
     122       0       0       1       0                               0D0002760
     100    2707       0       0       0       0    2763       000010000D0002761
     100       0       0       1       0                               0D0002762
     124    2708       0       0       0       0       0       000000000D0002763
     124       0       0       2       0                               0D0002764
     142    2710       0       0       0       0       0       000010500D0002765
     142       0       0       1       0                               0D0002766
     102    2711       0       0       0       0       0       000010000D0002767
     102       0       0       1       0                               0D0002768
     100    2712       0       0       0       0    2771       000010000D0002769
     100       0       0       1       0                               0D0002770
     124    2713       0       0       0       0       0       000000000D0002771
     124       0       0       2       0                               0D0002772
     110    2715       0       0       0       0       0       000010000D0002773
     110       0       0       2       0                               0D0002774
     100    2717       0       0       0       0    2777       000010000D0002775
     100       0       0       1       0                               0D0002776
     124    2718       0       0       0       0       0       000000000D0002777
     124       0       0       2       0                               0D0002778
     126    2720       0       0       0       0       0       000010000D0002779
     126       0       0      16       0                               0D0002780
     144    2736       0       0       0       0       0       000020000D0002781
     144       0       0       1       0                               0D0002782
     122    2737       0       0       0       0       0       000010000D0002783
     122       0       0       1       0                               0D0002784
     100    2738       0       0       0       0    2787       000010000D0002785
     100       0       0       1       0                               0D0002786
     124    2739       0       0       0       0       0       000000000D0002787
     124       0       0       2       0                               0D0002788
     142    2741       0       0       0       0       0       000010500D0002789
     142       0       0       1       0                               0D0002790
     102    2742       0       0       0       0       0       000010000D0002791
     102       0       0       1       0                               0D0002792
     100    2743       0       0       0       0    2795       000010000D0002793
     100       0       0       1       0                               0D0002794
     124    2744       0       0       0       0       0       000000000D0002795
     124       0       0       2       0                               0D0002796
     110    2746       0       0       0       0       0       000010000D0002797
     110       0       0       2       0                               0D0002798
     100    2748       0       0       0       0    2801       000010000D0002799
     100       0       0       1       0                               0D0002800
     124    2749       0       0       0       0       0       000000000D0002801
     124       0       0       2       0                               0D0002802
     126    2751       0       0       0       0       0       000010000D0002803
     126       0       0      17       0                               0D0002804
     144    2768       0       0       0       0       0       000020000D0002805
     144       0       0       1       0                               0D0002806
     122    2769       0       0       0       0       0       000010000D0002807
     122       0       0       1       0                               0D0002808
     100    2770       0       0       0       0    2811       000010000D0002809
     100       0       0       1       0                               0D0002810
     124    2771       0       0       0       0       0       000000000D0002811
     124       0       0       2       0                               0D0002812
     142    2773       0       0       0       0       0       000010500D0002813
     142       0       0       1       0                               0D0002814
     102    2774       0       0       0       0       0       000010000D0002815
     102       0       0       1       0                               0D0002816
     100    2775       0       0       0       0    2819       000010000D0002817
     100       0       0       1       0                               0D0002818
     124    2776       0       0       0       0       0       000000000D0002819
     124       0       0       2       0                               0D0002820
     110    2778       0       0       0       0       0       000010000D0002821
     110       0       0       2       0                               0D0002822
     100    2780       0       0       0       0    2825       000010000D0002823
     100       0       0       1       0                               0D0002824
     124    2781       0       0       0       0       0       000000000D0002825
     124       0       0       2       0                               0D0002826
     126    2783       0       0       0       0       0       000010000D0002827
     126       0       0      16       0                               0D0002828
     126    2799       0       0       0       0       0       000010000D0002829
     126       0       0       6       0                               0D0002830
     144    2805       0       0       0       0       0       000020000D0002831
     144       0       0       1       0                               0D0002832
     120    2806       0       0       0       0    2835       000010000D0002833
     120       0       0       1       0                               0D0002834
     124    2807       0       0       0       0       0       000000000D0002835
     124       0       0       1       1                               0D0002836
     110    2808       0       0       0       0       0       000010000D0002837
     110       0       0       1       0                               0D0002838
     110    2809       0       0       0       0       0       000010000D0002839
     110       0       0       1       0                               0D0002840
     142    2810       0       0       0       0       0       000010500D0002841
     142       0       0       1       0                               0D0002842
     102    2811       0       0       0       0       0       000010000D0002843
     102       0       0       5       0                               0D0002844
     110    2816       0       0       0       0       0       000010000D0002845
     110       0       0       1       0                               0D0002846
     126    2817       0       0       0       0       0       000010000D0002847
     126       0       0      16       0                               0D0002848
     126    2833       0       0       0       0       0       000010000D0002849
     126       0       0      16       0                               0D0002850
     126    2849       0       0       0       0       0       000010000D0002851
     126       0       0      17       0                               0D0002852
     126    2866       0       0       0       0       0       000010000D0002853
     126       0       0      16       0                               0D0002854
     126    2882       0       0       0       0       0       000010000D0002855
     126       0       0      16       0                               0D0002856
     126    2898       0       0       0       0       0       000010000D0002857
     126       0       0       6       0                               0D0002858
     126    2904       0       0       0       0       0       000010000D0002859
     126       0       0      13       0                               0D0002860
     126    2917       0       0       0       0       0       000010000D0002861
     126       0       0      17       0                               0D0002862
     126    2934       0       0       0       0       0       000010000D0002863
     126       0       0      16       0                               0D0002864
     126    2950       0       0       0       0       0       000010000D0002865
     126       0       0      18       0                               0D0002866
     126    2968       0       0       0       0       0       000010000D0002867
     126       0       0      17       0                               0D0002868
     126    2985       0       0       0       0       0       000010000D0002869
     126       0       0      16       0                               0D0002870
     126    3001       0       0       0       0       0       000010000D0002871
     126       0       0      16       0                               0D0002872
     126    3017       0       0       0       0       0       000010000D0002873
     126       0       0      17       0                               0D0002874
     126    3034       0       0       0       0       0       000010000D0002875
     126       0       0      16       0                               0D0002876
     126    3050       0       0       0       0       0       000010000D0002877
     126       0       0      17       0                               0D0002878
     126    3067       0       0       0       0       0       000010000D0002879
     126       0       0      16       0                               0D0002880
     126    3083       0       0       0       0       0       000010000D0002881
     126       0       0      16       0                               0D0002882
     126    3099       0       0       0       0       0       000010000D0002883
     126       0       0      17       0                               0D0002884
     126    3116       0       0       0       0       0       000010000D0002885
     126       0       0      16       0                               0D0002886
     126    3132       0       0       0       0       0       000010000D0002887
     126       0       0      16       0                               0D0002888
     126    3148       0       0       0       0       0       000010000D0002889
     126       0       0      17       0                               0D0002890
     126    3165       0       0       0       0       0       000010000D0002891
     126       0       0      17       0                               0D0002892
     126    3182       0       0       0       0       0       000010000D0002893
     126       0       0      17       0                               0D0002894
     126    3199       0       0       0       0       0       000010000D0002895
     126       0       0      16       0                               0D0002896
     126    3215       0       0       0       0       0       000010000D0002897
     126       0       0      17       0                               0D0002898
     126    3232       0       0       0       0       0       000010000D0002899
     126       0       0      17       0                               0D0002900
     126    3249       0       0       0       0       0       000010000D0002901
     126       0       0      17       0                               0D0002902
     126    3266       0       0       0       0       0       000010000D0002903
     126       0       0      17       0                               0D0002904
     126    3283       0       0       0       0       0       000010000D0002905
     126       0       0      16       0                               0D0002906
     126    3299       0       0       0       0       0       000010000D0002907
     126       0       0      17       0                               0D0002908
     126    3316       0       0       0       0       0       000010000D0002909
     126       0       0      16       0                               0D0002910
     126    3332       0       0       0       0       0       000010000D0002911
     126       0       0      24       0                               0D0002912
     110    3356       0       0       0       0       0       000010000D0002913
     110       0       0       1       0                               0D0002914
     100    3357       0       0       0       0    2917       000010000D0002915
     100       0       0       1       0                               0D0002916
     124    3358       0       0       0       0       0       000000000D0002917
     124       0       0       1       0                               0D0002918
     110    3359       0       0       0       0       0       000010000D0002919
     110       0       0       1       0                               0D0002920
     126    3360       0       0       0       0       0       000010000D0002921
     126       0       0      11       0                               0D0002922
     126    3371       0       0       0       0       0       000010000D0002923
     126       0       0      17       0                               0D0002924
     126    3388       0       0       0       0       0       000010000D0002925
     126       0       0      16       0                               0D0002926
     126    3404       0       0       0       0       0       000010000D0002927
     126       0       0      17       0                               0D0002928
     126    3421       0       0       0       0       0       000010000D0002929
     126       0       0      18       0                               0D0002930
     126    3439       0       0       0       0       0       000010000D0002931
     126       0       0       7       0                               0D0002932
     126    3446       0       0       0       0       0       000010000D0002933
     126       0       0      22       0                               0D0002934
     126    3468       0       0       0       0       0       000010000D0002935
     126       0       0      21       0                               0D0002936
     126    3489       0       0       0       0       0       000010000D0002937
     126       0       0      16       0                               0D0002938
     126    3505       0       0       0       0       0       000010000D0002939
     126       0       0      16       0                               0D0002940
     100    3521       0       0       0       0    2943       000010000D0002941
     100       0       0       1       0                               0D0002942
     124    3522       0       0       0       0       0       000000000D0002943
     124       0       0       1       0                               0D0002944
     126    3523       0       0       0       0       0       000010000D0002945
     126       0       0      16       0                               0D0002946
     126    3539       0       0       0       0       0       000010000D0002947
     126       0       0      16       0                               0D0002948
     126    3555       0       0       0       0       0       000010000D0002949
     126       0       0      16       0                               0D0002950
     126    3571       0       0       0       0       0       000010000D0002951
     126       0       0      17       0                               0D0002952
     126    3588       0       0       0       0       0       000010000D0002953
     126       0       0      17       0                               0D0002954
     126    3605       0       0       0       0       0       000010000D0002955
     126       0       0      16       0                               0D0002956
     126    3621       0       0       0       0       0       000010000D0002957
     126       0       0      17       0                               0D0002958
     126    3638       0       0       0       0       0       000010000D0002959
     126       0       0      17       0                               0D0002960
     126    3655       0       0       0       0       0       000010000D0002961
     126       0       0      16       0                               0D0002962
     126    3671       0       0       0       0       0       000010000D0002963
     126       0       0       5       0                               0D0002964
     144    3676       0       0       0       0       0       000020000D0002965
     144       0       0       1       0                               0D0002966
     122    3677       0       0       0       0       0       000010000D0002967
     122       0       0       1       0                               0D0002968
     100    3678       0       0       0       0    2971       000010000D0002969
     100       0       0       1       0                               0D0002970
     124    3679       0       0       0       0       0       000000000D0002971
     124       0       0       2       0                               0D0002972
     142    3681       0       0       0       0       0       000010500D0002973
     142       0       0       1       0                               0D0002974
     102    3682       0       0       0       0       0       000010000D0002975
     102       0       0       1       0                               0D0002976
     110    3683       0       0       0       0       0       000010000D0002977
     110       0       0       2       0                               0D0002978
     100    3685       0       0       0       0    2981       000010000D0002979
     100       0       0       1       0                               0D0002980
     124    3686       0       0       0       0       0       000000000D0002981
     124       0       0       2       0                               0D0002982
     126    3688       0       0       0       0       0       000010000D0002983
     126       0       0      21       0                               0D0002984
     126    3709       0       0       0       0       0       000010000D0002985
     126       0       0       5       0                               0D0002986
     100    3714       0       0       0       0    2989       000010000D0002987
     100       0       0       1       0                               0D0002988
     124    3715       0       0       0       0       0       000000000D0002989
     124       0       0       2       0                               0D0002990
     144    3717       0       0       0       0       0       000020000D0002991
     144       0       0       1       0                               0D0002992
     122    3718       0       0       0       0       0       000010000D0002993
     122       0       0       1       0                               0D0002994
     100    3719       0       0       0       0    2997       000010000D0002995
     100       0       0       1       0                               0D0002996
     124    3720       0       0       0       0       0       000000000D0002997
     124       0       0       2       0                               0D0002998
     142    3722       0       0       0       0       0       000010500D0002999
     142       0       0       1       0                               0D0003000
     102    3723       0       0       0       0       0       000010000D0003001
     102       0       0       1       0                               0D0003002
     110    3724       0       0       0       0       0       000010000D0003003
     110       0       0       2       0                               0D0003004
     100    3726       0       0       0       0    3007       000010000D0003005
     100       0       0       1       0                               0D0003006
     124    3727       0       0       0       0       0       000000000D0003007
     124       0       0       2       0                               0D0003008
     126    3729       0       0       0       0       0       000010000D0003009
     126       0       0      17       0                               0D0003010
     100    3746       0       0       0       0    3013       000010000D0003011
     100       0       0       1       0                               0D0003012
     124    3747       0       0       0       0       0       000000000D0003013
     124       0       0       2       0                               0D0003014
     144    3749       0       0       0       0       0       000020000D0003015
     144       0       0       1       0                               0D0003016
     122    3750       0       0       0       0       0       000010000D0003017
     122       0       0       1       0                               0D0003018
     100    3751       0       0       0       0    3021       000010000D0003019
     100       0       0       1       0                               0D0003020
     124    3752       0       0       0       0       0       000000000D0003021
     124       0       0       2       0                               0D0003022
     142    3754       0       0       0       0       0       000010500D0003023
     142       0       0       1       0                               0D0003024
     102    3755       0       0       0       0       0       000010000D0003025
     102       0       0       1       0                               0D0003026
     110    3756       0       0       0       0       0       000010000D0003027
     110       0       0       2       0                               0D0003028
     100    3758       0       0       0       0    3031       000010000D0003029
     100       0       0       1       0                               0D0003030
     124    3759       0       0       0       0       0       000000000D0003031
     124       0       0       2       0                               0D0003032
     126    3761       0       0       0       0       0       000010000D0003033
     126       0       0      17       0                               0D0003034
     100    3778       0       0       0       0    3037       000010000D0003035
     100       0       0       1       0                               0D0003036
     124    3779       0       0       0       0       0       000000000D0003037
     124       0       0       2       0                               0D0003038
     144    3781       0       0       0       0       0       000020000D0003039
     144       0       0       1       0                               0D0003040
     122    3782       0       0       0       0       0       000010000D0003041
     122       0       0       1       0                               0D0003042
     100    3783       0       0       0       0    3045       000010000D0003043
     100       0       0       1       0                               0D0003044
     124    3784       0       0       0       0       0       000000000D0003045
     124       0       0       2       0                               0D0003046
     142    3786       0       0       0       0       0       000010500D0003047
     142       0       0       1       0                               0D0003048
     102    3787       0       0       0       0       0       000010000D0003049
     102       0       0       1       0                               0D0003050
     110    3788       0       0       0       0       0       000010000D0003051
     110       0       0       2       0                               0D0003052
     100    3790       0       0       0       0    3055       000010000D0003053
     100       0       0       1       0                               0D0003054
     124    3791       0       0       0       0       0       000000000D0003055
     124       0       0       2       0                               0D0003056
     126    3793       0       0       0       0       0       000010000D0003057
     126       0       0      17       0                               0D0003058
     100    3810       0       0       0       0    3061       000010000D0003059
     100       0       0       1       0                               0D0003060
     124    3811       0       0       0       0       0       000000000D0003061
     124       0       0       2       0                               0D0003062
     144    3813       0       0       0       0       0       000020000D0003063
     144       0       0       1       0                               0D0003064
     122    3814       0       0       0       0       0       000010000D0003065
     122       0       0       1       0                               0D0003066
     100    3815       0       0       0       0    3069       000010000D0003067
     100       0       0       1       0                               0D0003068
     124    3816       0       0       0       0       0       000000000D0003069
     124       0       0       2       0                               0D0003070
     142    3818       0       0       0       0       0       000010500D0003071
     142       0       0       1       0                               0D0003072
     102    3819       0       0       0       0       0       000010000D0003073
     102       0       0       1       0                               0D0003074
     110    3820       0       0       0       0       0       000010000D0003075
     110       0       0       2       0                               0D0003076
     100    3822       0       0       0       0    3079       000010000D0003077
     100       0       0       1       0                               0D0003078
     124    3823       0       0       0       0       0       000000000D0003079
     124       0       0       2       0                               0D0003080
     126    3825       0       0       0       0       0       000010000D0003081
     126       0       0      17       0                               0D0003082
     100    3842       0       0       0       0    3085       000010000D0003083
     100       0       0       1       0                               0D0003084
     124    3843       0       0       0       0       0       000000000D0003085
     124       0       0       2       0                               0D0003086
     144    3845       0       0       0       0       0       000020000D0003087
     144       0       0       1       0                               0D0003088
     122    3846       0       0       0       0       0       000010000D0003089
     122       0       0       1       0                               0D0003090
     100    3847       0       0       0       0    3093       000010000D0003091
     100       0       0       1       0                               0D0003092
     124    3848       0       0       0       0       0       000000000D0003093
     124       0       0       2       0                               0D0003094
     142    3850       0       0       0       0       0       000010500D0003095
     142       0       0       1       0                               0D0003096
     102    3851       0       0       0       0       0       000010000D0003097
     102       0       0       1       0                               0D0003098
     110    3852       0       0       0       0       0       000010000D0003099
     110       0       0       2       0                               0D0003100
     126    3854       0       0       0       0       0       000010000D0003101
     126       0       0       7       0                               0D0003102
     100    3861       0       0       0       0    3105       000010000D0003103
     100       0       0       1       0                               0D0003104
     124    3862       0       0       0       0       0       000000000D0003105
     124       0       0       2       0                               0D0003106
     144    3864       0       0       0       0       0       000020000D0003107
     144       0       0       1       0                               0D0003108
     122    3865       0       0       0       0       0       000010000D0003109
     122       0       0       1       0                               0D0003110
     100    3866       0       0       0       0    3113       000010000D0003111
     100       0       0       1       0                               0D0003112
     124    3867       0       0       0       0       0       000000000D0003113
     124       0       0       2       0                               0D0003114
     142    3869       0       0       0       0       0       000010500D0003115
     142       0       0       1       0                               0D0003116
     102    3870       0       0       0       0       0       000010000D0003117
     102       0       0       1       0                               0D0003118
     126    3871       0       0       0       0       0       000010000D0003119
     126       0       0      11       0                               0D0003120
     110    3882       0       0       0       0       0       000010000D0003121
     110       0       0       2       0                               0D0003122
     100    3884       0       0       0       0    3125       000010000D0003123
     100       0       0       1       0                               0D0003124
     124    3885       0       0       0       0       0       000000000D0003125
     124       0       0       2       0                               0D0003126
     126    3887       0       0       0       0       0       000010000D0003127
     126       0       0      17       0                               0D0003128
     100    3904       0       0       0       0    3131       000010000D0003129
     100       0       0       2       0                               0D0003130
     124    3906       0       0       0       0       0       000000000D0003131
     124       0       0       2       0                               0D0003132
     144    3908       0       0       0       0       0       000020000D0003133
     144       0       0       1       0                               0D0003134
     122    3909       0       0       0       0       0       000010000D0003135
     122       0       0       1       0                               0D0003136
     100    3910       0       0       0       0    3139       000010000D0003137
     100       0       0       1       0                               0D0003138
     124    3911       0       0       0       0       0       000000000D0003139
     124       0       0       2       0                               0D0003140
     142    3913       0       0       0       0       0       000010500D0003141
     142       0       0       1       0                               0D0003142
     102    3914       0       0       0       0       0       000010000D0003143
     102       0       0       1       0                               0D0003144
     100    3915       0       0       0       0    3147       000010000D0003145
     100       0       0       2       0                               0D0003146
     124    3917       0       0       0       0       0       000000000D0003147
     124       0       0       2       0                               0D0003148
     126    3919       0       0       0       0       0       000010000D0003149
     126       0       0      17       0                               0D0003150
     100    3936       0       0       0       0    3153       000010000D0003151
     100       0       0       2       0                               0D0003152
     124    3938       0       0       0       0       0       000000000D0003153
     124       0       0       2       0                               0D0003154
     126    3940       0       0       0       0       0       000010000D0003155
     126       0       0      17       0                               0D0003156
     144    3957       0       0       0       0       0       000020000D0003157
     144       0       0       1       0                               0D0003158
     122    3958       0       0       0       0       0       000010000D0003159
     122       0       0       1       0                               0D0003160
     100    3959       0       0       0       0    3163       000010000D0003161
     100       0       0       1       0                               0D0003162
     124    3960       0       0       0       0       0       000000000D0003163
     124       0       0       2       0                               0D0003164
     142    3962       0       0       0       0       0       000010500D0003165
     142       0       0       1       0                               0D0003166
     102    3963       0       0       0       0       0       000010000D0003167
     102       0       0       1       0                               0D0003168
     100    3964       0       0       0       0    3171       000010000D0003169
     100       0       0       2       0                               0D0003170
     124    3966       0       0       0       0       0       000000000D0003171
     124       0       0       2       0                               0D0003172
     126    3968       0       0       0       0       0       000010000D0003173
     126       0       0      17       0                               0D0003174
     100    3985       0       0       0       0    3177       000010000D0003175
     100       0       0       2       0                               0D0003176
     124    3987       0       0       0       0       0       000000000D0003177
     124       0       0       2       0                               0D0003178
     126    3989       0       0       0       0       0       000010000D0003179
     126       0       0      16       0                               0D0003180
     144    4005       0       0       0       0       0       000020000D0003181
     144       0       0       1       0                               0D0003182
     122    4006       0       0       0       0       0       000010000D0003183
     122       0       0       1       0                               0D0003184
     100    4007       0       0       0       0    3187       000010000D0003185
     100       0       0       1       0                               0D0003186
     124    4008       0       0       0       0       0       000000000D0003187
     124       0       0       2       0                               0D0003188
     142    4010       0       0       0       0       0       000010500D0003189
     142       0       0       1       0                               0D0003190
     102    4011       0       0       0       0       0       000010000D0003191
     102       0       0       1       0                               0D0003192
     100    4012       0       0       0       0    3195       000010000D0003193
     100       0       0       2       0                               0D0003194
     124    4014       0       0       0       0       0       000000000D0003195
     124       0       0       2       0                               0D0003196
     126    4016       0       0       0       0       0       000010000D0003197
     126       0       0      16       0                               0D0003198
     100    4032       0       0       0       0    3201       000010000D0003199
     100       0       0       2       0                               0D0003200
     124    4034       0       0       0       0       0       000000000D0003201
     124       0       0       2       0                               0D0003202
     126    4036       0       0       0       0       0       000010000D0003203
     126       0       0      17       0                               0D0003204
     144    4053       0       0       0       0       0       000020000D0003205
     144       0       0       1       0                               0D0003206
     122    4054       0       0       0       0       0       000010000D0003207
     122       0       0       1       0                               0D0003208
     100    4055       0       0       0       0    3211       000010000D0003209
     100       0       0       1       0                               0D0003210
     124    4056       0       0       0       0       0       000000000D0003211
     124       0       0       2       0                               0D0003212
     142    4058       0       0       0       0       0       000010500D0003213
     142       0       0       1       0                               0D0003214
     102    4059       0       0       0       0       0       000010000D0003215
     102       0       0       1       0                               0D0003216
     100    4060       0       0       0       0    3219       000010000D0003217
     100       0       0       2       0                               0D0003218
     124    4062       0       0       0       0       0       000000000D0003219
     124       0       0       2       0                               0D0003220
     126    4064       0       0       0       0       0       000010000D0003221
     126       0       0      17       0                               0D0003222
     100    4081       0       0       0       0    3225       000010000D0003223
     100       0       0       2       0                               0D0003224
     124    4083       0       0       0       0       0       000000000D0003225
     124       0       0       2       0                               0D0003226
     126    4085       0       0       0       0       0       000010000D0003227
     126       0       0      17       0                               0D0003228
     144    4102       0       0       0       0       0       000020000D0003229
     144       0       0       1       0                               0D0003230
     122    4103       0       0       0       0       0       000010000D0003231
     122       0       0       1       0                               0D0003232
     100    4104       0       0       0       0    3235       000010000D0003233
     100       0       0       1       0                               0D0003234
     124    4105       0       0       0       0       0       000000000D0003235
     124       0       0       2       0                               0D0003236
     142    4107       0       0       0       0       0       000010500D0003237
     142       0       0       1       0                               0D0003238
     102    4108       0       0       0       0       0       000010000D0003239
     102       0       0       1       0                               0D0003240
     100    4109       0       0       0       0    3243       000010000D0003241
     100       0       0       2       0                               0D0003242
     124    4111       0       0       0       0       0       000000000D0003243
     124       0       0       2       0                               0D0003244
     126    4113       0       0       0       0       0       000010000D0003245
     126       0       0      16       0                               0D0003246
     100    4129       0       0       0       0    3249       000010000D0003247
     100       0       0       2       0                               0D0003248
     124    4131       0       0       0       0       0       000000000D0003249
     124       0       0       2       0                               0D0003250
     126    4133       0       0       0       0       0       000010000D0003251
     126       0       0      17       0                               0D0003252
     144    4150       0       0       0       0       0       000020000D0003253
     144       0       0       1       0                               0D0003254
     122    4151       0       0       0       0       0       000010000D0003255
     122       0       0       1       0                               0D0003256
     100    4152       0       0       0       0    3259       000010000D0003257
     100       0       0       1       0                               0D0003258
     124    4153       0       0       0       0       0       000000000D0003259
     124       0       0       2       0                               0D0003260
     142    4155       0       0       0       0       0       000010500D0003261
     142       0       0       1       0                               0D0003262
     102    4156       0       0       0       0       0       000010000D0003263
     102       0       0       1       0                               0D0003264
     100    4157       0       0       0       0    3267       000010000D0003265
     100       0       0       2       0                               0D0003266
     124    4159       0       0       0       0       0       000000000D0003267
     124       0       0       2       0                               0D0003268
     126    4161       0       0       0       0       0       000010000D0003269
     126       0       0      16       0                               0D0003270
     100    4177       0       0       0       0    3273       000010000D0003271
     100       0       0       2       0                               0D0003272
     124    4179       0       0       0       0       0       000000000D0003273
     124       0       0       2       0                               0D0003274
     126    4181       0       0       0       0       0       000010000D0003275
     126       0       0      16       0                               0D0003276
     144    4197       0       0       0       0       0       000020000D0003277
     144       0       0       1       0                               0D0003278
     122    4198       0       0       0       0       0       000010000D0003279
     122       0       0       1       0                               0D0003280
     100    4199       0       0       0       0    3283       000010000D0003281
     100       0       0       1       0                               0D0003282
     124    4200       0       0       0       0       0       000000000D0003283
     124       0       0       2       0                               0D0003284
     142    4202       0       0       0       0       0       000010500D0003285
     142       0       0       1       0                               0D0003286
     102    4203       0       0       0       0       0       000010000D0003287
     102       0       0       1       0                               0D0003288
     100    4204       0       0       0       0    3291       000010000D0003289
     100       0       0       2       0                               0D0003290
     124    4206       0       0       0       0       0       000000000D0003291
     124       0       0       2       0                               0D0003292
     126    4208       0       0       0       0       0       000010000D0003293
     126       0       0      17       0                               0D0003294
     100    4225       0       0       0       0    3297       000010000D0003295
     100       0       0       2       0                               0D0003296
     124    4227       0       0       0       0       0       000000000D0003297
     124       0       0       2       0                               0D0003298
     126    4229       0       0       0       0       0       000010000D0003299
     126       0       0      16       0                               0D0003300
     144    4245       0       0       0       0       0       000020000D0003301
     144       0       0       1       0                               0D0003302
     122    4246       0       0       0       0       0       000010000D0003303
     122       0       0       1       0                               0D0003304
     100    4247       0       0       0       0    3307       000010000D0003305
     100       0       0       1       0                               0D0003306
     124    4248       0       0       0       0       0       000000000D0003307
     124       0       0       2       0                               0D0003308
     142    4250       0       0       0       0       0       000010500D0003309
     142       0       0       1       0                               0D0003310
     102    4251       0       0       0       0       0       000010000D0003311
     102       0       0       1       0                               0D0003312
     100    4252       0       0       0       0    3315       000010000D0003313
     100       0       0       2       0                               0D0003314
     124    4254       0       0       0       0       0       000000000D0003315
     124       0       0       2       0                               0D0003316
     126    4256       0       0       0       0       0       000010000D0003317
     126       0       0      17       0                               0D0003318
     100    4273       0       0       0       0    3321       000010000D0003319
     100       0       0       2       0                               0D0003320
     124    4275       0       0       0       0       0       000000000D0003321
     124       0       0       2       0                               0D0003322
     126    4277       0       0       0       0       0       000010000D0003323
     126       0       0      17       0                               0D0003324
     144    4294       0       0       0       0       0       000020000D0003325
     144       0       0       1       0                               0D0003326
     122    4295       0       0       0       0       0       000010000D0003327
     122       0       0       1       0                               0D0003328
     100    4296       0       0       0       0    3331       000010000D0003329
     100       0       0       1       0                               0D0003330
     124    4297       0       0       0       0       0       000000000D0003331
     124       0       0       2       0                               0D0003332
     142    4299       0       0       0       0       0       000010500D0003333
     142       0       0       1       0                               0D0003334
     102    4300       0       0       0       0       0       000010000D0003335
     102       0       0       1       0                               0D0003336
     100    4301       0       0       0       0    3339       000010000D0003337
     100       0       0       2       0                               0D0003338
     124    4303       0       0       0       0       0       000000000D0003339
     124       0       0       2       0                               0D0003340
     126    4305       0       0       0       0       0       000010000D0003341
     126       0       0      16       0                               0D0003342
     100    4321       0       0       0       0    3345       000010000D0003343
     100       0       0       2       0                               0D0003344
     124    4323       0       0       0       0       0       000000000D0003345
     124       0       0       2       0                               0D0003346
     126    4325       0       0       0       0       0       000010000D0003347
     126       0       0      16       0                               0D0003348
     144    4341       0       0       0       0       0       000020000D0003349
     144       0       0       1       0                               0D0003350
     122    4342       0       0       0       0       0       000010000D0003351
     122       0       0       1       0                               0D0003352
     100    4343       0       0       0       0    3355       000010000D0003353
     100       0       0       1       0                               0D0003354
     124    4344       0       0       0       0       0       000000000D0003355
     124       0       0       2       0                               0D0003356
     142    4346       0       0       0       0       0       000010500D0003357
     142       0       0       1       0                               0D0003358
     102    4347       0       0       0       0       0       000010000D0003359
     102       0       0       1       0                               0D0003360
     100    4348       0       0       0       0    3363       000010000D0003361
     100       0       0       2       0                               0D0003362
     124    4350       0       0       0       0       0       000000000D0003363
     124       0       0       2       0                               0D0003364
     126    4352       0       0       0       0       0       000010000D0003365
     126       0       0      16       0                               0D0003366
     100    4368       0       0       0       0    3369       000010000D0003367
     100       0       0       2       0                               0D0003368
     124    4370       0       0       0       0       0       000000000D0003369
     124       0       0       2       0                               0D0003370
     126    4372       0       0       0       0       0       000010000D0003371
     126       0       0      16       0                               0D0003372
     144    4388       0       0       0       0       0       000020000D0003373
     144       0       0       1       0                               0D0003374
     122    4389       0       0       0       0       0       000010000D0003375
     122       0       0       1       0                               0D0003376
     100    4390       0       0       0       0    3379       000010000D0003377
     100       0       0       1       0                               0D0003378
     124    4391       0       0       0       0       0       000000000D0003379
     124       0       0       2       0                               0D0003380
     142    4393       0       0       0       0       0       000010500D0003381
     142       0       0       1       0                               0D0003382
     102    4394       0       0       0       0       0       000010000D0003383
     102       0       0       1       0                               0D0003384
     100    4395       0       0       0       0    3387       000010000D0003385
     100       0       0       2       0                               0D0003386
     124    4397       0       0       0       0       0       000000000D0003387
     124       0       0       2       0                               0D0003388
     126    4399       0       0       0       0       0       000010000D0003389
     126       0       0      17       0                               0D0003390
     100    4416       0       0       0       0    3393       000010000D0003391
     100       0       0       2       0                               0D0003392
     124    4418       0       0       0       0       0       000000000D0003393
     124       0       0       2       0                               0D0003394
     126    4420       0       0       0       0       0       000010000D0003395
     126       0       0      17       0                               0D0003396
     144    4437       0       0       0       0       0       000020000D0003397
     144       0       0       1       0                               0D0003398
     122    4438       0       0       0       0       0       000010000D0003399
     122       0       0       1       0                               0D0003400
     100    4439       0       0       0       0    3403       000010000D0003401
     100       0       0       1       0                               0D0003402
     124    4440       0       0       0       0       0       000000000D0003403
     124       0       0       2       0                               0D0003404
     142    4442       0       0       0       0       0       000010500D0003405
     142       0       0       1       0                               0D0003406
     102    4443       0       0       0       0       0       000010000D0003407
     102       0       0       1       0                               0D0003408
     100    4444       0       0       0       0    3411       000010000D0003409
     100       0       0       2       0                               0D0003410
     124    4446       0       0       0       0       0       000000000D0003411
     124       0       0       2       0                               0D0003412
     126    4448       0       0       0       0       0       000010000D0003413
     126       0       0      17       0                               0D0003414
     100    4465       0       0       0       0    3417       000010000D0003415
     100       0       0       2       0                               0D0003416
     124    4467       0       0       0       0       0       000000000D0003417
     124       0       0       2       0                               0D0003418
     126    4469       0       0       0       0       0       000010000D0003419
     126       0       0      16       0                               0D0003420
     144    4485       0       0       0       0       0       000020000D0003421
     144       0       0       1       0                               0D0003422
     122    4486       0       0       0       0       0       000010000D0003423
     122       0       0       1       0                               0D0003424
     100    4487       0       0       0       0    3427       000010000D0003425
     100       0       0       1       0                               0D0003426
     124    4488       0       0       0       0       0       000000000D0003427
     124       0       0       2       0                               0D0003428
     142    4490       0       0       0       0       0       000010500D0003429
     142       0       0       1       0                               0D0003430
     102    4491       0       0       0       0       0       000010000D0003431
     102       0       0       1       0                               0D0003432
     100    4492       0       0       0       0    3435       000010000D0003433
     100       0       0       2       0                               0D0003434
     124    4494       0       0       0       0       0       000000000D0003435
     124       0       0       2       0                               0D0003436
     126    4496       0       0       0       0       0       000010000D0003437
     126       0       0      16       0                               0D0003438
     100    4512       0       0       0       0    3441       000010000D0003439
     100       0       0       2       0                               0D0003440
     124    4514       0       0       0       0       0       000000000D0003441
     124       0       0       2       0                               0D0003442
     126    4516       0       0       0       0       0       000010000D0003443
     126       0       0      17       0                               0D0003444
     144    4533       0       0       0       0       0       000020000D0003445
     144       0       0       1       0                               0D0003446
     122    4534       0       0       0       0       0       000010000D0003447
     122       0       0       1       0                               0D0003448
     100    4535       0       0       0       0    3451       000010000D0003449
     100       0       0       1       0                               0D0003450
     124    4536       0       0       0       0       0       000000000D0003451
     124       0       0       2       0                               0D0003452
     142    4538       0       0       0       0       0       000010500D0003453
     142       0       0       1       0                               0D0003454
     102    4539       0       0       0       0       0       000010000D0003455
     102       0       0       1       0                               0D0003456
     100    4540       0       0       0       0    3459       000010000D0003457
     100       0       0       2       0                               0D0003458
     124    4542       0       0       0       0       0       000000000D0003459
     124       0       0       2       0                               0D0003460
     126    4544       0       0       0       0       0       000010000D0003461
     126       0       0      16       0                               0D0003462
     100    4560       0       0       0       0    3465       000010000D0003463
     100       0       0       2       0                               0D0003464
     124    4562       0       0       0       0       0       000000000D0003465
     124       0       0       2       0                               0D0003466
     126    4564       0       0       0       0       0       000010000D0003467
     126       0       0      17       0                               0D0003468
     144    4581       0       0       0       0       0       000020000D0003469
     144       0       0       1       0                               0D0003470
     122    4582       0       0       0       0       0       000010000D0003471
     122       0       0       1       0                               0D0003472
     100    4583       0       0       0       0    3475       000010000D0003473
     100       0       0       1       0                               0D0003474
     124    4584       0       0       0       0       0       000000000D0003475
     124       0       0       2       0                               0D0003476
     142    4586       0       0       0       0       0       000010500D0003477
     142       0       0       1       0                               0D0003478
     102    4587       0       0       0       0       0       000010000D0003479
     102       0       0       1       0                               0D0003480
     100    4588       0       0       0       0    3483       000010000D0003481
     100       0       0       2       0                               0D0003482
     124    4590       0       0       0       0       0       000000000D0003483
     124       0       0       2       0                               0D0003484
     126    4592       0       0       0       0       0       000010000D0003485
     126       0       0      16       0                               0D0003486
     100    4608       0       0       0       0    3489       000010000D0003487
     100       0       0       2       0                               0D0003488
     124    4610       0       0       0       0       0       000000000D0003489
     124       0       0       2       0                               0D0003490
     126    4612       0       0       0       0       0       000010000D0003491
     126       0       0      16       0                               0D0003492
     144    4628       0       0       0       0       0       000020000D0003493
     144       0       0       1       0                               0D0003494
     122    4629       0       0       0       0       0       000010000D0003495
     122       0       0       1       0                               0D0003496
     100    4630       0       0       0       0    3499       000010000D0003497
     100       0       0       1       0                               0D0003498
     124    4631       0       0       0       0       0       000000000D0003499
     124       0       0       2       0                               0D0003500
     142    4633       0       0       0       0       0       000010500D0003501
     142       0       0       1       0                               0D0003502
     102    4634       0       0       0       0       0       000010000D0003503
     102       0       0       1       0                               0D0003504
     100    4635       0       0       0       0    3507       000010000D0003505
     100       0       0       2       0                               0D0003506
     124    4637       0       0       0       0       0       000000000D0003507
     124       0       0       2       0                               0D0003508
     126    4639       0       0       0       0       0       000010000D0003509
     126       0       0      17       0                               0D0003510
     100    4656       0       0       0       0    3513       000010000D0003511
     100       0       0       2       0                               0D0003512
     124    4658       0       0       0       0       0       000000000D0003513
     124       0       0       2       0                               0D0003514
     126    4660       0       0       0       0       0       000010000D0003515
     126       0       0      17       0                               0D0003516
     144    4677       0       0       0       0       0       000020000D0003517
     144       0       0       1       0                               0D0003518
     122    4678       0       0       0       0       0       000010000D0003519
     122       0       0       1       0                               0D0003520
     100    4679       0       0       0       0    3523       000010000D0003521
     100       0       0       1       0                               0D0003522
     124    4680       0       0       0       0       0       000000000D0003523
     124       0       0       2       0                               0D0003524
     142    4682       0       0       0       0       0       000010500D0003525
     142       0       0       1       0                               0D0003526
     102    4683       0       0       0       0       0       000010000D0003527
     102       0       0       1       0                               0D0003528
     100    4684       0       0       0       0    3531       000010000D0003529
     100       0       0       2       0                               0D0003530
     124    4686       0       0       0       0       0       000000000D0003531
     124       0       0       2       0                               0D0003532
     126    4688       0       0       0       0       0       000010000D0003533
     126       0       0      17       0                               0D0003534
     100    4705       0       0       0       0    3537       000010000D0003535
     100       0       0       2       0                               0D0003536
     124    4707       0       0       0       0       0       000000000D0003537
     124       0       0       2       0                               0D0003538
     126    4709       0       0       0       0       0       000010000D0003539
     126       0       0      18       0                               0D0003540
     144    4727       0       0       0       0       0       000020000D0003541
     144       0       0       1       0                               0D0003542
     122    4728       0       0       0       0       0       000010000D0003543
     122       0       0       1       0                               0D0003544
     100    4729       0       0       0       0    3547       000010000D0003545
     100       0       0       1       0                               0D0003546
     124    4730       0       0       0       0       0       000000000D0003547
     124       0       0       2       0                               0D0003548
     142    4732       0       0       0       0       0       000010500D0003549
     142       0       0       1       0                               0D0003550
     102    4733       0       0       0       0       0       000010000D0003551
     102       0       0       1       0                               0D0003552
     100    4734       0       0       0       0    3555       000010000D0003553
     100       0       0       2       0                               0D0003554
     124    4736       0       0       0       0       0       000000000D0003555
     124       0       0       2       0                               0D0003556
     126    4738       0       0       0       0       0       000010000D0003557
     126       0       0      16       0                               0D0003558
     100    4754       0       0       0       0    3561       000010000D0003559
     100       0       0       2       0                               0D0003560
     124    4756       0       0       0       0       0       000000000D0003561
     124       0       0       2       0                               0D0003562
     126    4758       0       0       0       0       0       000010000D0003563
     126       0       0      16       0                               0D0003564
     144    4774       0       0       0       0       0       000020000D0003565
     144       0       0       1       0                               0D0003566
     122    4775       0       0       0       0       0       000010000D0003567
     122       0       0       1       0                               0D0003568
     100    4776       0       0       0       0    3571       000010000D0003569
     100       0       0       1       0                               0D0003570
     124    4777       0       0       0       0       0       000000000D0003571
     124       0       0       2       0                               0D0003572
     142    4779       0       0       0       0       0       000010500D0003573
     142       0       0       1       0                               0D0003574
     102    4780       0       0       0       0       0       000010000D0003575
     102       0       0       1       0                               0D0003576
     100    4781       0       0       0       0    3579       000010000D0003577
     100       0       0       2       0                               0D0003578
     124    4783       0       0       0       0       0       000000000D0003579
     124       0       0       2       0                               0D0003580
     126    4785       0       0       0       0       0       000010000D0003581
     126       0       0      16       0                               0D0003582
     100    4801       0       0       0       0    3585       000010000D0003583
     100       0       0       2       0                               0D0003584
     124    4803       0       0       0       0       0       000000000D0003585
     124       0       0       2       0                               0D0003586
     126    4805       0       0       0       0       0       000010000D0003587
     126       0       0      17       0                               0D0003588
     144    4822       0       0       0       0       0       000020000D0003589
     144       0       0       1       0                               0D0003590
     122    4823       0       0       0       0       0       000010000D0003591
     122       0       0       1       0                               0D0003592
     100    4824       0       0       0       0    3595       000010000D0003593
     100       0       0       1       0                               0D0003594
     124    4825       0       0       0       0       0       000000000D0003595
     124       0       0       2       0                               0D0003596
     142    4827       0       0       0       0       0       000010500D0003597
     142       0       0       1       0                               0D0003598
     102    4828       0       0       0       0       0       000010000D0003599
     102       0       0       1       0                               0D0003600
     110    4829       0       0       0       0       0       000010000D0003601
     110       0       0       2       0                               0D0003602
     100    4831       0       0       0       0    3605       000010000D0003603
     100       0       0       1       0                               0D0003604
     124    4832       0       0       0       0       0       000000000D0003605
     124       0       0       2       0                               0D0003606
     126    4834       0       0       0       0       0       000010000D0003607
     126       0       0      17       0                               0D0003608
     100    4851       0       0       0       0    3611       000010000D0003609
     100       0       0       2       0                               0D0003610
     124    4853       0       0       0       0       0       000000000D0003611
     124       0       0       2       0                               0D0003612
     126    4855       0       0       0       0       0       000010000D0003613
     126       0       0      13       0                               0D0003614
     144    4868       0       0       0       0       0       000020000D0003615
     144       0       0       1       0                               0D0003616
     122    4869       0       0       0       0       0       000010000D0003617
     122       0       0       1       0                               0D0003618
     100    4870       0       0       0       0    3621       000010000D0003619
     100       0       0       1       0                               0D0003620
     124    4871       0       0       0       0       0       000000000D0003621
     124       0       0       2       0                               0D0003622
     142    4873       0       0       0       0       0       000010500D0003623
     142       0       0       1       0                               0D0003624
     102    4874       0       0       0       0       0       000010000D0003625
     102       0       0       1       0                               0D0003626
     110    4875       0       0       0       0       0       000010000D0003627
     110       0       0       2       0                               0D0003628
     100    4877       0       0       0       0    3631       000010000D0003629
     100       0       0       1       0                               0D0003630
     124    4878       0       0       0       0       0       000000000D0003631
     124       0       0       2       0                               0D0003632
     126    4880       0       0       0       0       0       000010000D0003633
     126       0       0      17       0                               0D0003634
     100    4897       0       0       0       0    3637       000010000D0003635
     100       0       0       1       0                               0D0003636
     124    4898       0       0       0       0       0       000000000D0003637
     124       0       0       2       0                               0D0003638
     144    4900       0       0       0       0       0       000020000D0003639
     144       0       0       1       0                               0D0003640
     122    4901       0       0       0       0       0       000010000D0003641
     122       0       0       1       0                               0D0003642
     100    4902       0       0       0       0    3645       000010000D0003643
     100       0       0       1       0                               0D0003644
     124    4903       0       0       0       0       0       000000000D0003645
     124       0       0       2       0                               0D0003646
     142    4905       0       0       0       0       0       000010500D0003647
     142       0       0       1       0                               0D0003648
     102    4906       0       0       0       0       0       000010000D0003649
     102       0       0       1       0                               0D0003650
     110    4907       0       0       0       0       0       000010000D0003651
     110       0       0       2       0                               0D0003652
     100    4909       0       0       0       0    3655       000010000D0003653
     100       0       0       1       0                               0D0003654
     124    4910       0       0       0       0       0       000000000D0003655
     124       0       0       2       0                               0D0003656
     126    4912       0       0       0       0       0       000010000D0003657
     126       0       0      17       0                               0D0003658
     100    4929       0       0       0       0    3661       000010000D0003659
     100       0       0       1       0                               0D0003660
     124    4930       0       0       0       0       0       000000000D0003661
     124       0       0       2       0                               0D0003662
     144    4932       0       0       0       0       0       000020000D0003663
     144       0       0       1       0                               0D0003664
     122    4933       0       0       0       0       0       000010000D0003665
     122       0       0       1       0                               0D0003666
     100    4934       0       0       0       0    3669       000010000D0003667
     100       0       0       1       0                               0D0003668
     124    4935       0       0       0       0       0       000000000D0003669
     124       0       0       2       0                               0D0003670
     142    4937       0       0       0       0       0       000010500D0003671
     142       0       0       1       0                               0D0003672
     102    4938       0       0       0       0       0       000010000D0003673
     102       0       0       1       0                               0D0003674
     110    4939       0       0       0       0       0       000010000D0003675
     110       0       0       2       0                               0D0003676
     100    4941       0       0       0       0    3679       000010000D0003677
     100       0       0       1       0                               0D0003678
     124    4942       0       0       0       0       0       000000000D0003679
     124       0       0       2       0                               0D0003680
     126    4944       0       0       0       0       0       000010000D0003681
     126       0       0      17       0                               0D0003682
     100    4961       0       0       0       0    3685       000010000D0003683
     100       0       0       1       0                               0D0003684
     124    4962       0       0       0       0       0       000000000D0003685
     124       0       0       2       0                               0D0003686
     144    4964       0       0       0       0       0       000020000D0003687
     144       0       0       1       0                               0D0003688
     122    4965       0       0       0       0       0       000010000D0003689
     122       0       0       1       0                               0D0003690
     100    4966       0       0       0       0    3693       000010000D0003691
     100       0       0       1       0                               0D0003692
     124    4967       0       0       0       0       0       000000000D0003693
     124       0       0       2       0                               0D0003694
     142    4969       0       0       0       0       0       000010500D0003695
     142       0       0       1       0                               0D0003696
     102    4970       0       0       0       0       0       000010000D0003697
     102       0       0       1       0                               0D0003698
     110    4971       0       0       0       0       0       000010000D0003699
     110       0       0       2       0                               0D0003700
     100    4973       0       0       0       0    3703       000010000D0003701
     100       0       0       1       0                               0D0003702
     124    4974       0       0       0       0       0       000000000D0003703
     124       0       0       2       0                               0D0003704
     126    4976       0       0       0       0       0       000010000D0003705
     126       0       0      17       0                               0D0003706
     100    4993       0       0       0       0    3709       000010000D0003707
     100       0       0       1       0                               0D0003708
     124    4994       0       0       0       0       0       000000000D0003709
     124       0       0       2       0                               0D0003710
     144    4996       0       0       0       0       0       000020000D0003711
     144       0       0       1       0                               0D0003712
     122    4997       0       0       0       0       0       000010000D0003713
     122       0       0       1       0                               0D0003714
     100    4998       0       0       0       0    3717       000010000D0003715
     100       0       0       1       0                               0D0003716
     124    4999       0       0       0       0       0       000000000D0003717
     124       0       0       2       0                               0D0003718
     142    5001       0       0       0       0       0       000010500D0003719
     142       0       0       1       0                               0D0003720
     102    5002       0       0       0       0       0       000010000D0003721
     102       0       0       1       0                               0D0003722
     110    5003       0       0       0       0       0       000010000D0003723
     110       0       0       2       0                               0D0003724
     100    5005       0       0       0       0    3727       000010000D0003725
     100       0       0       1       0                               0D0003726
     124    5006       0       0       0       0       0       000000000D0003727
     124       0       0       2       0                               0D0003728
     126    5008       0       0       0       0       0       000010000D0003729
     126       0       0      17       0                               0D0003730
     100    5025       0       0       0       0    3733       000010000D0003731
     100       0       0       1       0                               0D0003732
     124    5026       0       0       0       0       0       000000000D0003733
     124       0       0       2       0                               0D0003734
     144    5028       0       0       0       0       0       000020000D0003735
     144       0       0       1       0                               0D0003736
     122    5029       0       0       0       0       0       000010000D0003737
     122       0       0       1       0                               0D0003738
     100    5030       0       0       0       0    3741       000010000D0003739
     100       0       0       1       0                               0D0003740
     124    5031       0       0       0       0       0       000000000D0003741
     124       0       0       2       0                               0D0003742
     142    5033       0       0       0       0       0       000010500D0003743
     142       0       0       1       0                               0D0003744
     102    5034       0       0       0       0       0       000010000D0003745
     102       0       0       1       0                               0D0003746
     100    5035       0       0       0       0    3749       000010000D0003747
     100       0       0       1       0                               0D0003748
     124    5036       0       0       0       0       0       000000000D0003749
     124       0       0       2       0                               0D0003750
     110    5038       0       0       0       0       0       000010000D0003751
     110       0       0       2       0                               0D0003752
     100    5040       0       0       0       0    3755       000010000D0003753
     100       0       0       1       0                               0D0003754
     124    5041       0       0       0       0       0       000000000D0003755
     124       0       0       2       0                               0D0003756
     126    5043       0       0       0       0       0       000010000D0003757
     126       0       0      16       0                               0D0003758
     144    5059       0       0       0       0       0       000020000D0003759
     144       0       0       1       0                               0D0003760
     122    5060       0       0       0       0       0       000010000D0003761
     122       0       0       1       0                               0D0003762
     100    5061       0       0       0       0    3765       000010000D0003763
     100       0       0       1       0                               0D0003764
     124    5062       0       0       0       0       0       000000000D0003765
     124       0       0       2       0                               0D0003766
     142    5064       0       0       0       0       0       000010500D0003767
     142       0       0       1       0                               0D0003768
     102    5065       0       0       0       0       0       000010000D0003769
     102       0       0       1       0                               0D0003770
     100    5066       0       0       0       0    3773       000010000D0003771
     100       0       0       1       0                               0D0003772
     124    5067       0       0       0       0       0       000000000D0003773
     124       0       0       2       0                               0D0003774
     110    5069       0       0       0       0       0       000010000D0003775
     110       0       0       2       0                               0D0003776
     100    5071       0       0       0       0    3779       000010000D0003777
     100       0       0       1       0                               0D0003778
     124    5072       0       0       0       0       0       000000000D0003779
     124       0       0       2       0                               0D0003780
     126    5074       0       0       0       0       0       000010000D0003781
     126       0       0      17       0                               0D0003782
     144    5091       0       0       0       0       0       000020000D0003783
     144       0       0       1       0                               0D0003784
     122    5092       0       0       0       0       0       000010000D0003785
     122       0       0       1       0                               0D0003786
     100    5093       0       0       0       0    3789       000010000D0003787
     100       0       0       1       0                               0D0003788
     124    5094       0       0       0       0       0       000000000D0003789
     124       0       0       2       0                               0D0003790
     142    5096       0       0       0       0       0       000010500D0003791
     142       0       0       1       0                               0D0003792
     102    5097       0       0       0       0       0       000010000D0003793
     102       0       0       1       0                               0D0003794
     100    5098       0       0       0       0    3797       000010000D0003795
     100       0       0       1       0                               0D0003796
     124    5099       0       0       0       0       0       000000000D0003797
     124       0       0       2       0                               0D0003798
     110    5101       0       0       0       0       0       000010000D0003799
     110       0       0       2       0                               0D0003800
     100    5103       0       0       0       0    3803       000010000D0003801
     100       0       0       1       0                               0D0003802
     124    5104       0       0       0       0       0       000000000D0003803
     124       0       0       2       0                               0D0003804
     126    5106       0       0       0       0       0       000010000D0003805
     126       0       0      17       0                               0D0003806
     144    5123       0       0       0       0       0       000020000D0003807
     144       0       0       1       0                               0D0003808
     122    5124       0       0       0       0       0       000010000D0003809
     122       0       0       1       0                               0D0003810
     100    5125       0       0       0       0    3813       000010000D0003811
     100       0       0       1       0                               0D0003812
     124    5126       0       0       0       0       0       000000000D0003813
     124       0       0       2       0                               0D0003814
     142    5128       0       0       0       0       0       000010500D0003815
     142       0       0       1       0                               0D0003816
     102    5129       0       0       0       0       0       000010000D0003817
     102       0       0       1       0                               0D0003818
     100    5130       0       0       0       0    3821       000010000D0003819
     100       0       0       1       0                               0D0003820
     124    5131       0       0       0       0       0       000000000D0003821
     124       0       0       2       0                               0D0003822
     110    5133       0       0       0       0       0       000010000D0003823
     110       0       0       2       0                               0D0003824
     100    5135       0       0       0       0    3827       000010000D0003825
     100       0       0       1       0                               0D0003826
     124    5136       0       0       0       0       0       000000000D0003827
     124       0       0       2       0                               0D0003828
     126    5138       0       0       0       0       0       000010000D0003829
     126       0       0      16       0                               0D0003830
     144    5154       0       0       0       0       0       000020000D0003831
     144       0       0       1       0                               0D0003832
     122    5155       0       0       0       0       0       000010000D0003833
     122       0       0       1       0                               0D0003834
     100    5156       0       0       0       0    3837       000010000D0003835
     100       0       0       1       0                               0D0003836
     124    5157       0       0       0       0       0       000000000D0003837
     124       0       0       2       0                               0D0003838
     142    5159       0       0       0       0       0       000010500D0003839
     142       0       0       1       0                               0D0003840
     102    5160       0       0       0       0       0       000010000D0003841
     102       0       0       1       0                               0D0003842
     100    5161       0       0       0       0    3845       000010000D0003843
     100       0       0       1       0                               0D0003844
     124    5162       0       0       0       0       0       000000000D0003845
     124       0       0       2       0                               0D0003846
     110    5164       0       0       0       0       0       000010000D0003847
     110       0       0       2       0                               0D0003848
     126    5166       0       0       0       0       0       000010000D0003849
     126       0       0       6       0                               0D0003850
     144    5172       0       0       0       0       0       000020000D0003851
     144       0       0       1       0                               0D0003852
     122    5173       0       0       0       0       0       000010000D0003853
     122       0       0       1       0                               0D0003854
     100    5174       0       0       0       0    3857       000010000D0003855
     100       0       0       1       0                               0D0003856
     124    5175       0       0       0       0       0       000000000D0003857
     124       0       0       2       0                               0D0003858
     142    5177       0       0       0       0       0       000010500D0003859
     142       0       0       1       0                               0D0003860
     102    5178       0       0       0       0       0       000010000D0003861
     102       0       0       1       0                               0D0003862
     100    5179       0       0       0       0    3865       000010000D0003863
     100       0       0       1       0                               0D0003864
     124    5180       0       0       0       0       0       000000000D0003865
     124       0       0       2       0                               0D0003866
     110    5182       0       0       0       0       0       000010000D0003867
     110       0       0       2       0                               0D0003868
     100    5184       0       0       0       0    3871       000010000D0003869
     100       0       0       1       0                               0D0003870
     124    5185       0       0       0       0       0       000000000D0003871
     124       0       0       2       0                               0D0003872
     126    5187       0       0       0       0       0       000010000D0003873
     126       0       0      17       0                               0D0003874
     144    5204       0       0       0       0       0       000020000D0003875
     144       0       0       1       0                               0D0003876
     122    5205       0       0       0       0       0       000010000D0003877
     122       0       0       1       0                               0D0003878
     100    5206       0       0       0       0    3881       000010000D0003879
     100       0       0       1       0                               0D0003880
     124    5207       0       0       0       0       0       000000000D0003881
     124       0       0       2       0                               0D0003882
     142    5209       0       0       0       0       0       000010500D0003883
     142       0       0       1       0                               0D0003884
     102    5210       0       0       0       0       0       000010000D0003885
     102       0       0       1       0                               0D0003886
     100    5211       0       0       0       0    3889       000010000D0003887
     100       0       0       1       0                               0D0003888
     124    5212       0       0       0       0       0       000000000D0003889
     124       0       0       2       0                               0D0003890
     110    5214       0       0       0       0       0       000010000D0003891
     110       0       0       2       0                               0D0003892
     100    5216       0       0       0       0    3895       000010000D0003893
     100       0       0       1       0                               0D0003894
     124    5217       0       0       0       0       0       000000000D0003895
     124       0       0       2       0                               0D0003896
     126    5219       0       0       0       0       0       000010000D0003897
     126       0       0      17       0                               0D0003898
     144    5236       0       0       0       0       0       000020000D0003899
     144       0       0       1       0                               0D0003900
     122    5237       0       0       0       0       0       000010000D0003901
     122       0       0       1       0                               0D0003902
     100    5238       0       0       0       0    3905       000010000D0003903
     100       0       0       1       0                               0D0003904
     124    5239       0       0       0       0       0       000000000D0003905
     124       0       0       2       0                               0D0003906
     142    5241       0       0       0       0       0       000010500D0003907
     142       0       0       1       0                               0D0003908
     102    5242       0       0       0       0       0       000010000D0003909
     102       0       0       1       0                               0D0003910
     100    5243       0       0       0       0    3913       000010000D0003911
     100       0       0       1       0                               0D0003912
     124    5244       0       0       0       0       0       000000000D0003913
     124       0       0       2       0                               0D0003914
     110    5246       0       0       0       0       0       000010000D0003915
     110       0       0       2       0                               0D0003916
     100    5248       0       0       0       0    3919       000010000D0003917
     100       0       0       1       0                               0D0003918
     124    5249       0       0       0       0       0       000000000D0003919
     124       0       0       2       0                               0D0003920
     126    5251       0       0       0       0       0       000010000D0003921
     126       0       0      16       0                               0D0003922
     144    5267       0       0       0       0       0       000020000D0003923
     144       0       0       1       0                               0D0003924
     122    5268       0       0       0       0       0       000010000D0003925
     122       0       0       1       0                               0D0003926
     100    5269       0       0       0       0    3929       000010000D0003927
     100       0       0       1       0                               0D0003928
     124    5270       0       0       0       0       0       000000000D0003929
     124       0       0       2       0                               0D0003930
     142    5272       0       0       0       0       0       000010500D0003931
     142       0       0       1       0                               0D0003932
     102    5273       0       0       0       0       0       000010000D0003933
     102       0       0       1       0                               0D0003934
     100    5274       0       0       0       0    3937       000010000D0003935
     100       0       0       1       0                               0D0003936
     124    5275       0       0       0       0       0       000000000D0003937
     124       0       0       2       0                               0D0003938
     110    5277       0       0       0       0       0       000010000D0003939
     110       0       0       2       0                               0D0003940
     100    5279       0       0       0       0    3943       000010000D0003941
     100       0       0       1       0                               0D0003942
     124    5280       0       0       0       0       0       000000000D0003943
     124       0       0       2       0                               0D0003944
     126    5282       0       0       0       0       0       000010000D0003945
     126       0       0      17       0                               0D0003946
     144    5299       0       0       0       0       0       000020000D0003947
     144       0       0       1       0                               0D0003948
     122    5300       0       0       0       0       0       000010000D0003949
     122       0       0       1       0                               0D0003950
     100    5301       0       0       0       0    3953       000010000D0003951
     100       0       0       1       0                               0D0003952
     124    5302       0       0       0       0       0       000000000D0003953
     124       0       0       2       0                               0D0003954
     142    5304       0       0       0       0       0       000010500D0003955
     142       0       0       1       0                               0D0003956
     102    5305       0       0       0       0       0       000010000D0003957
     102       0       0       1       0                               0D0003958
     100    5306       0       0       0       0    3961       000010000D0003959
     100       0       0       1       0                               0D0003960
     124    5307       0       0       0       0       0       000000000D0003961
     124       0       0       2       0                               0D0003962
     110    5309       0       0       0       0       0       000010000D0003963
     110       0       0       2       0                               0D0003964
     100    5311       0       0       0       0    3967       000010000D0003965
     100       0       0       1       0                               0D0003966
     124    5312       0       0       0       0       0       000000000D0003967
     124       0       0       2       0                               0D0003968
     126    5314       0       0       0       0       0       000010000D0003969
     126       0       0      16       0                               0D0003970
     144    5330       0       0       0       0       0       000020000D0003971
     144       0       0       1       0                               0D0003972
     122    5331       0       0       0       0       0       000010000D0003973
     122       0       0       1       0                               0D0003974
     100    5332       0       0       0       0    3977       000010000D0003975
     100       0       0       1       0                               0D0003976
     124    5333       0       0       0       0       0       000000000D0003977
     124       0       0       2       0                               0D0003978
     142    5335       0       0       0       0       0       000010500D0003979
     142       0       0       1       0                               0D0003980
     102    5336       0       0       0       0       0       000010000D0003981
     102       0       0       1       0                               0D0003982
     100    5337       0       0       0       0    3985       000010000D0003983
     100       0       0       1       0                               0D0003984
     124    5338       0       0       0       0       0       000000000D0003985
     124       0       0       2       0                               0D0003986
     110    5340       0       0       0       0       0       000010000D0003987
     110       0       0       2       0                               0D0003988
     100    5342       0       0       0       0    3991       000010000D0003989
     100       0       0       1       0                               0D0003990
     124    5343       0       0       0       0       0       000000000D0003991
     124       0       0       2       0                               0D0003992
     126    5345       0       0       0       0       0       000010000D0003993
     126       0       0      11       0                               0D0003994
     126    5356       0       0       0       0       0       000010000D0003995
     126       0       0      24       0                               0D0003996
     144    5380       0       0       0       0       0       000020000D0003997
     144       0       0       1       0                               0D0003998
     108    5381       0       0       0       0       0       000010000D0003999
     108       0       0       1       0                               0D0004000
     142    5382       0       0       0       0       0       000010500D0004001
     142       0       0       1       0                               0D0004002
     100    5383       0       0       0       0    4005       000010000D0004003
     100       0       0       1       0                               0D0004004
     124    5384       0       0       0       0       0       000000000D0004005
     124       0       0       1       0                               0D0004006
     144    5385       0       0       0       0       0       000020000D0004007
     144       0       0       1       0                               0D0004008
     122    5386       0       0       0       0       0       000010000D0004009
     122       0       0       1       0                               0D0004010
     100    5387       0       0       0       0    4013       000010000D0004011
     100       0       0       1       0                               0D0004012
     124    5388       0       0       0       0       0       000000000D0004013
     124       0       0       2       0                               0D0004014
     142    5390       0       0       0       0       0       000010500D0004015
     142       0       0       1       0                               0D0004016
     102    5391       0       0       0       0       0       000010000D0004017
     102       0       0       1       0                               0D0004018
     100    5392       0       0       0       0    4021       000010000D0004019
     100       0       0       1       0                               0D0004020
     124    5393       0       0       0       0       0       000000000D0004021
     124       0       0       2       0                               0D0004022
     110    5395       0       0       0       0       0       000010000D0004023
     110       0       0       2       0                               0D0004024
     100    5397       0       0       0       0    4027       000010000D0004025
     100       0       0       1       0                               0D0004026
     124    5398       0       0       0       0       0       000000000D0004027
     124       0       0       2       0                               0D0004028
     126    5400       0       0       0       0       0       000010000D0004029
     126       0       0      16       0                               0D0004030
     144    5416       0       0       0       0       0       000020000D0004031
     144       0       0       1       0                               0D0004032
     122    5417       0       0       0       0       0       000010000D0004033
     122       0       0       1       0                               0D0004034
     100    5418       0       0       0       0    4037       000010000D0004035
     100       0       0       1       0                               0D0004036
     124    5419       0       0       0       0       0       000000000D0004037
     124       0       0       2       0                               0D0004038
     142    5421       0       0       0       0       0       000010500D0004039
     142       0       0       1       0                               0D0004040
     102    5422       0       0       0       0       0       000010000D0004041
     102       0       0       1       0                               0D0004042
     100    5423       0       0       0       0    4045       000010000D0004043
     100       0       0       1       0                               0D0004044
     124    5424       0       0       0       0       0       000000000D0004045
     124       0       0       2       0                               0D0004046
     110    5426       0       0       0       0       0       000010000D0004047
     110       0       0       2       0                               0D0004048
     100    5428       0       0       0       0    4051       000010000D0004049
     100       0       0       1       0                               0D0004050
     124    5429       0       0       0       0       0       000000000D0004051
     124       0       0       2       0                               0D0004052
     126    5431       0       0       0       0       0       000010000D0004053
     126       0       0      16       0                               0D0004054
     144    5447       0       0       0       0       0       000020000D0004055
     144       0       0       1       0                               0D0004056
     122    5448       0       0       0       0       0       000010000D0004057
     122       0       0       1       0                               0D0004058
     100    5449       0       0       0       0    4061       000010000D0004059
     100       0       0       1       0                               0D0004060
     124    5450       0       0       0       0       0       000000000D0004061
     124       0       0       2       0                               0D0004062
     142    5452       0       0       0       0       0       000010500D0004063
     142       0       0       1       0                               0D0004064
     102    5453       0       0       0       0       0       000010000D0004065
     102       0       0       1       0                               0D0004066
     100    5454       0       0       0       0    4069       000010000D0004067
     100       0       0       1       0                               0D0004068
     124    5455       0       0       0       0       0       000000000D0004069
     124       0       0       2       0                               0D0004070
     110    5457       0       0       0       0       0       000010000D0004071
     110       0       0       2       0                               0D0004072
     100    5459       0       0       0       0    4075       000010000D0004073
     100       0       0       1       0                               0D0004074
     124    5460       0       0       0       0       0       000000000D0004075
     124       0       0       2       0                               0D0004076
     126    5462       0       0       0       0       0       000010000D0004077
     126       0       0      17       0                               0D0004078
     144    5479       0       0       0       0       0       000020000D0004079
     144       0       0       1       0                               0D0004080
     122    5480       0       0       0       0       0       000010000D0004081
     122       0       0       1       0                               0D0004082
     100    5481       0       0       0       0    4085       000010000D0004083
     100       0       0       1       0                               0D0004084
     124    5482       0       0       0       0       0       000000000D0004085
     124       0       0       2       0                               0D0004086
     142    5484       0       0       0       0       0       000010500D0004087
     142       0       0       1       0                               0D0004088
     102    5485       0       0       0       0       0       000010000D0004089
     102       0       0       1       0                               0D0004090
     100    5486       0       0       0       0    4093       000010000D0004091
     100       0       0       1       0                               0D0004092
     124    5487       0       0       0       0       0       000000000D0004093
     124       0       0       2       0                               0D0004094
     110    5489       0       0       0       0       0       000010000D0004095
     110       0       0       2       0                               0D0004096
     100    5491       0       0       0       0    4099       000010000D0004097
     100       0       0       1       0                               0D0004098
     124    5492       0       0       0       0       0       000000000D0004099
     124       0       0       2       0                               0D0004100
     126    5494       0       0       0       0       0       000010000D0004101
     126       0       0      18       0                               0D0004102
     144    5512       0       0       0       0       0       000020000D0004103
     144       0       0       1       0                               0D0004104
     122    5513       0       0       0       0       0       000010000D0004105
     122       0       0       1       0                               0D0004106
     100    5514       0       0       0       0    4109       000010000D0004107
     100       0       0       1       0                               0D0004108
     124    5515       0       0       0       0       0       000000000D0004109
     124       0       0       2       0                               0D0004110
     142    5517       0       0       0       0       0       000010500D0004111
     142       0       0       1       0                               0D0004112
     102    5518       0       0       0       0       0       000010000D0004113
     102       0       0       1       0                               0D0004114
     100    5519       0       0       0       0    4117       000010000D0004115
     100       0       0       1       0                               0D0004116
     124    5520       0       0       0       0       0       000000000D0004117
     124       0       0       2       0                               0D0004118
     110    5522       0       0       0       0       0       000010000D0004119
     110       0       0       2       0                               0D0004120
     126    5524       0       0       0       0       0       000010000D0004121
     126       0       0       7       0                               0D0004122
     144    5531       0       0       0       0       0       000020000D0004123
     144       0       0       1       0                               0D0004124
     122    5532       0       0       0       0       0       000010000D0004125
     122       0       0       1       0                               0D0004126
     100    5533       0       0       0       0    4129       000010000D0004127
     100       0       0       1       0                               0D0004128
     124    5534       0       0       0       0       0       000000000D0004129
     124       0       0       2       0                               0D0004130
     142    5536       0       0       0       0       0       000010500D0004131
     142       0       0       1       0                               0D0004132
     102    5537       0       0       0       0       0       000010000D0004133
     102       0       0       1       0                               0D0004134
     110    5538       0       0       0       0       0       000010000D0004135
     110       0       0       2       0                               0D0004136
     100    5540       0       0       0       0    4139       000010000D0004137
     100       0       0       1       0                               0D0004138
     124    5541       0       0       0       0       0       000000000D0004139
     124       0       0       2       0                               0D0004140
     126    5543       0       0       0       0       0       000010000D0004141
     126       0       0      17       0                               0D0004142
     100    5560       0       0       0       0    4145       000010000D0004143
     100       0       0       1       0                               0D0004144
     124    5561       0       0       0       0       0       000000000D0004145
     124       0       0       2       0                               0D0004146
     126    5563       0       0       0       0       0       000010000D0004147
     126       0       0      22       0                               0D0004148
     144    5585       0       0       0       0       0       000020000D0004149
     144       0       0       1       0                               0D0004150
     122    5586       0       0       0       0       0       000010000D0004151
     122       0       0       1       0                               0D0004152
     100    5587       0       0       0       0    4155       000010000D0004153
     100       0       0       1       0                               0D0004154
     124    5588       0       0       0       0       0       000000000D0004155
     124       0       0       2       0                               0D0004156
     142    5590       0       0       0       0       0       000010500D0004157
     142       0       0       1       0                               0D0004158
     102    5591       0       0       0       0       0       000010000D0004159
     102       0       0       1       0                               0D0004160
     126    5592       0       0       0       0       0       000010000D0004161
     126       0       0      21       0                               0D0004162
     100    5613       0       0       0       0    4165       000010000D0004163
     100       0       0       1       0                               0D0004164
     124    5614       0       0       0       0       0       000000000D0004165
     124       0       0       2       0                               0D0004166
     126    5616       0       0       0       0       0       000010000D0004167
     126       0       0      16       0                               0D0004168
     100    5632       0       0       0       0    4171       000010000D0004169
     100       0       0       2       0                               0D0004170
     124    5634       0       0       0       0       0       000000000D0004171
     124       0       0       2       0                               0D0004172
     144    5636       0       0       0       0       0       000020000D0004173
     144       0       0       1       0                               0D0004174
     122    5637       0       0       0       0       0       000010000D0004175
     122       0       0       1       0                               0D0004176
     100    5638       0       0       0       0    4179       000010000D0004177
     100       0       0       1       0                               0D0004178
     124    5639       0       0       0       0       0       000000000D0004179
     124       0       0       2       0                               0D0004180
     142    5641       0       0       0       0       0       000010500D0004181
     142       0       0       1       0                               0D0004182
     102    5642       0       0       0       0       0       000010000D0004183
     102       0       0       1       0                               0D0004184
     100    5643       0       0       0       0    4187       000010000D0004185
     100       0       0       2       0                               0D0004186
     124    5645       0       0       0       0       0       000000000D0004187
     124       0       0       2       0                               0D0004188
     126    5647       0       0       0       0       0       000010000D0004189
     126       0       0      17       0                               0D0004190
     100    5664       0       0       0       0    4193       000010000D0004191
     100       0       0       2       0                               0D0004192
     124    5666       0       0       0       0       0       000000000D0004193
     124       0       0       2       0                               0D0004194
     126    5668       0       0       0       0       0       000010000D0004195
     126       0       0      17       0                               0D0004196
     144    5685       0       0       0       0       0       000020000D0004197
     144       0       0       1       0                               0D0004198
     122    5686       0       0       0       0       0       000010000D0004199
     122       0       0       1       0                               0D0004200
     100    5687       0       0       0       0    4203       000010000D0004201
     100       0       0       1       0                               0D0004202
     124    5688       0       0       0       0       0       000000000D0004203
     124       0       0       2       0                               0D0004204
     142    5690       0       0       0       0       0       000010500D0004205
     142       0       0       1       0                               0D0004206
     102    5691       0       0       0       0       0       000010000D0004207
     102       0       0       1       0                               0D0004208
     100    5692       0       0       0       0    4211       000010000D0004209
     100       0       0       2       0                               0D0004210
     124    5694       0       0       0       0       0       000000000D0004211
     124       0       0       2       0                               0D0004212
     126    5696       0       0       0       0       0       000010000D0004213
     126       0       0      16       0                               0D0004214
     100    5712       0       0       0       0    4217       000010000D0004215
     100       0       0       2       0                               0D0004216
     124    5714       0       0       0       0       0       000000000D0004217
     124       0       0       2       0                               0D0004218
     126    5716       0       0       0       0       0       000010000D0004219
     126       0       0      16       0                               0D0004220
     144    5732       0       0       0       0       0       000020000D0004221
     144       0       0       1       0                               0D0004222
     108    5733       0       0       0       0       0       000010000D0004223
     108       0       0       1       0                               0D0004224
     142    5734       0       0       0       0       0       000010500D0004225
     142       0       0       1       0                               0D0004226
     102    5735       0       0       0       0       0       000010000D0004227
     102       0       0       1       0                               0D0004228
     100    5736       0       0       0       0    4231       000010000D0004229
     100       0       0       2       0                               0D0004230
     124    5738       0       0       0       0       0       000000000D0004231
     124       0       0       2       0                               0D0004232
     100    5740       0       0       0       0    4235       000010000D0004233
     100       0       0       1       0                               0D0004234
     124    5741       0       0       0       0       0       000000000D0004235
     124       0       0       1       0                               0D0004236
     144    5742       0       0       0       0       0       000020000D0004237
     144       0       0       1       0                               0D0004238
     122    5743       0       0       0       0       0       000010000D0004239
     122       0       0       1       0                               0D0004240
     100    5744       0       0       0       0    4243       000010000D0004241
     100       0       0       1       0                               0D0004242
     124    5745       0       0       0       0       0       000000000D0004243
     124       0       0       2       0                               0D0004244
     142    5747       0       0       0       0       0       000010500D0004245
     142       0       0       1       0                               0D0004246
     102    5748       0       0       0       0       0       000010000D0004247
     102       0       0       1       0                               0D0004248
     110    5749       0       0       0       0       0       000010000D0004249
     110       0       0       2       0                               0D0004250
     100    5751       0       0       0       0    4253       000010000D0004251
     100       0       0       1       0                               0D0004252
     124    5752       0       0       0       0       0       000000000D0004253
     124       0       0       2       0                               0D0004254
     126    5754       0       0       0       0       0       000010000D0004255
     126       0       0      16       0                               0D0004256
     100    5770       0       0       0       0    4259       000010000D0004257
     100       0       0       1       0                               0D0004258
     124    5771       0       0       0       0       0       000000000D0004259
     124       0       0       2       0                               0D0004260
     144    5773       0       0       0       0       0       000020000D0004261
     144       0       0       1       0                               0D0004262
     122    5774       0       0       0       0       0       000010000D0004263
     122       0       0       1       0                               0D0004264
     100    5775       0       0       0       0    4267       000010000D0004265
     100       0       0       1       0                               0D0004266
     124    5776       0       0       0       0       0       000000000D0004267
     124       0       0       2       0                               0D0004268
     142    5778       0       0       0       0       0       000010500D0004269
     142       0       0       1       0                               0D0004270
     102    5779       0       0       0       0       0       000010000D0004271
     102       0       0       1       0                               0D0004272
     110    5780       0       0       0       0       0       000010000D0004273
     110       0       0       2       0                               0D0004274
     100    5782       0       0       0       0    4277       000010000D0004275
     100       0       0       1       0                               0D0004276
     124    5783       0       0       0       0       0       000000000D0004277
     124       0       0       2       0                               0D0004278
     126    5785       0       0       0       0       0       000010000D0004279
     126       0       0      17       0                               0D0004280
     100    5802       0       0       0       0    4283       000010000D0004281
     100       0       0       1       0                               0D0004282
     124    5803       0       0       0       0       0       000000000D0004283
     124       0       0       2       0                               0D0004284
     144    5805       0       0       0       0       0       000020000D0004285
     144       0       0       1       0                               0D0004286
     122    5806       0       0       0       0       0       000010000D0004287
     122       0       0       1       0                               0D0004288
     100    5807       0       0       0       0    4291       000010000D0004289
     100       0       0       1       0                               0D0004290
     124    5808       0       0       0       0       0       000000000D0004291
     124       0       0       2       0                               0D0004292
     142    5810       0       0       0       0       0       000010500D0004293
     142       0       0       1       0                               0D0004294
     102    5811       0       0       0       0       0       000010000D0004295
     102       0       0       1       0                               0D0004296
     110    5812       0       0       0       0       0       000010000D0004297
     110       0       0       2       0                               0D0004298
     100    5814       0       0       0       0    4301       000010000D0004299
     100       0       0       1       0                               0D0004300
     124    5815       0       0       0       0       0       000000000D0004301
     124       0       0       2       0                               0D0004302
     126    5817       0       0       0       0       0       000010000D0004303
     126       0       0      17       0                               0D0004304
     100    5834       0       0       0       0    4307       000010000D0004305
     100       0       0       1       0                               0D0004306
     124    5835       0       0       0       0       0       000000000D0004307
     124       0       0       2       0                               0D0004308
     144    5837       0       0       0       0       0       000020000D0004309
     144       0       0       1       0                               0D0004310
     122    5838       0       0       0       0       0       000010000D0004311
     122       0       0       1       0                               0D0004312
     100    5839       0       0       0       0    4315       000010000D0004313
     100       0       0       1       0                               0D0004314
     124    5840       0       0       0       0       0       000000000D0004315
     124       0       0       2       0                               0D0004316
     142    5842       0       0       0       0       0       000010500D0004317
     142       0       0       1       0                               0D0004318
     102    5843       0       0       0       0       0       000010000D0004319
     102       0       0       1       0                               0D0004320
     110    5844       0       0       0       0       0       000010000D0004321
     110       0       0       2       0                               0D0004322
     100    5846       0       0       0       0    4325       000010000D0004323
     100       0       0       1       0                               0D0004324
     124    5847       0       0       0       0       0       000000000D0004325
     124       0       0       2       0                               0D0004326
     126    5849       0       0       0       0       0       000010000D0004327
     126       0       0      17       0                               0D0004328
     100    5866       0       0       0       0    4331       000010000D0004329
     100       0       0       1       0                               0D0004330
     124    5867       0       0       0       0       0       000000000D0004331
     124       0       0       2       0                               0D0004332
     144    5869       0       0       0       0       0       000020000D0004333
     144       0       0       1       0                               0D0004334
     122    5870       0       0       0       0       0       000010000D0004335
     122       0       0       1       0                               0D0004336
     100    5871       0       0       0       0    4339       000010000D0004337
     100       0       0       1       0                               0D0004338
     124    5872       0       0       0       0       0       000000000D0004339
     124       0       0       2       0                               0D0004340
     142    5874       0       0       0       0       0       000010500D0004341
     142       0       0       1       0                               0D0004342
     102    5875       0       0       0       0       0       000010000D0004343
     102       0       0       1       0                               0D0004344
     110    5876       0       0       0       0       0       000010000D0004345
     110       0       0       2       0                               0D0004346
     100    5878       0       0       0       0    4349       000010000D0004347
     100       0       0       1       0                               0D0004348
     124    5879       0       0       0       0       0       000000000D0004349
     124       0       0       2       0                               0D0004350
     126    5881       0       0       0       0       0       000010000D0004351
     126       0       0      16       0                               0D0004352
     100    5897       0       0       0       0    4355       000010000D0004353
     100       0       0       1       0                               0D0004354
     124    5898       0       0       0       0       0       000000000D0004355
     124       0       0       2       0                               0D0004356
     144    5900       0       0       0       0       0       000020000D0004357
     144       0       0       1       0                XY-plane        D0004358
     108    5901       0       0       0       0       0       000010000D0004359
     108       0       0       1       0                               0D0004360
     142    5902       0       0       0       0       0       000010500D0004361
     142       0       0       1       0                               0D0004362
     144    5903       0       0       0       0       0       000020000D0004363
     144       0       0       1       0                XZ-plane        D0004364
     108    5904       0       0       0       0       0       000010000D0004365
     108       0       0       1       0                               0D0004366
     142    5905       0       0       0       0       0       000010500D0004367
     142       0       0       1       0                               0D0004368
     144    5906       0       0       0       0       0       000020000D0004369
     144       0       0       1       0                YZ-plane        D0004370
     108    5907       0       0       0       0       0       000010000D0004371
     108       0       0       1       0                               0D0004372
     142    5908       0       0       0       0       0       000010500D0004373
     142       0       0       1       0                               0D0004374
     102    5909       0       0       0       0       0       000020000D0004375
     102       0       0       1       0                Sketch_0        D0004376
     110    5910       0       0       0       0       0       000010000D0004377
     110       0       0       1       0                               0D0004378
     110    5911       0       0       0       0       0       000010000D0004379
     110       0       0       1       0                               0D0004380
     110    5912       0       0       0       0       0       000010000D0004381
     110       0       0       1       0                               0D0004382
     110    5913       0       0       0       0       0       000010000D0004383
     110       0       0       1       0                               0D0004384
     110    5914       0       0       0       0       0       000020000D0004385
     110       0       0       1       0                  X-axis        D0004386
     110    5915       0       0       0       0       0       000020000D0004387
     110       0       0       2       0                  Y-axis        D0004388
     110    5917       0       0       0       0       0       000020000D0004389
     110       0       0       2       0                  Z-axis        D0004390
     116    5919       0       0       0       0       0       000020400D0004391
     116       0       0       1       0                               0D0004392
     406    5920       0       0       0       0       0       000000000D0004393
     406       0       0       1      15                               0D0004394
     406    5921       0       0       0       0       0       000000000D0004395
     406       0       0       1      15                               0D0004396
     406    5922       0       0       0       0       0       000000000D0004397
     406       0       0       1      15                               0D0004398
     406    5923       0       0       0       0       0       000000000D0004399
     406       0       0       1      15                               0D0004400
     406    5924       0       0       0       0       0       000000000D0004401
     406       0       0       1      15                               0D0004402
     406    5925       0       0       0       0       0       000000000D0004403
     406       0       0       1      15                               0D0004404
     406    5926       0       0       0       0       0       000000000D0004405
     406       0       0       1      15                               0D0004406
     406    5927       0       0       0       0       0       000000000D0004407
     406       0       0       1      15                               0D0004408
     406    5928       0       0       0       0       0       000000000D0004409
     406       0       0       1      15                               0D0004410
     406    5929       0       0       0       0       0       000000000D0004411
     406       0       0       1      15                               0D0004412
     406    5930       0       0       0       0       0       000000000D0004413
     406       0       0       1      15                               0D0004414
     406    5931       0       0       0       0       0       000000000D0004415
     406       0       0       1      15                               0D0004416
     406    5932       0       0       0       0       0       000000000D0004417
     406       0       0       1      15                               0D0004418
     406    5933       0       0       0       0       0       000000000D0004419
     406       0       0       1      15                               0D0004420
402,17,3,101,199,297,395,573,621,879,2053,4357,4363,4369,4375,   0000001P0000001
4385,4387,4389,4391,0,1,4405;                                    0000001P0000002
402,6,5,21,37,53,69,85,0,1,4403;                                 0000003P0000003
144,7,1,0,9;                                                     0000005P0000004
108,-0.,-1.,-0.,-0.,0,0.,0.,0.,0.;                               0000007P0000005
142,0,7,0,11,2;                                                  0000009P0000006
102,4,13,15,17,19;                                               0000011P0000007
110,30.,0.,50.,0.,0.,50.;                                        0000013P0000008
110,0.,0.,50.,0.,0.,0.;                                          0000015P0000009
110,0.,0.,0.,30.,0.,0.;                                          0000017P0000010
110,30.,0.,0.,30.,0.,50.;                                        0000019P0000011
144,23,1,0,25;                                                   0000021P0000012
108,1.,-0.,-0.,30.,0,30.,0.,0.,0.;                               0000023P0000013
142,0,23,0,27,2;                                                 0000025P0000014
102,4,29,31,33,35;                                               0000027P0000015
110,30.,30.,50.,30.,0.,50.;                                      0000029P0000016
110,30.,0.,50.,30.,0.,0.;                                        0000031P0000017
110,30.,0.,0.,30.,30.,0.;                                        0000033P0000018
110,30.,30.,0.,30.,30.,50.;                                      0000035P0000019
144,39,1,0,41;                                                   0000037P0000020
108,-0.,1.,-0.,30.,0,30.,30.,0.,0.;                              0000039P0000021
142,0,39,0,43,2;                                                 0000041P0000022
102,4,45,47,49,51;                                               0000043P0000023
110,0.,30.,50.,30.,30.,50.;                                      0000045P0000024
110,30.,30.,50.,30.,30.,0.;                                      0000047P0000025
110,30.,30.,0.,0.,30.,0.;                                        0000049P0000026
110,0.,30.,0.,0.,30.,50.;                                        0000051P0000027
144,55,1,0,57;                                                   0000053P0000028
108,-1.,-0.,-0.,-0.,0,0.,30.,0.,0.;                              0000055P0000029
142,0,55,0,59,2;                                                 0000057P0000030
102,4,61,63,65,67;                                               0000059P0000031
110,0.,0.,50.,0.,30.,50.;                                        0000061P0000032
110,0.,30.,50.,0.,30.,0.;                                        0000063P0000033
110,0.,30.,0.,0.,0.,0.;                                          0000065P0000034
110,0.,0.,0.,0.,0.,50.;                                          0000067P0000035
144,71,1,0,73;                                                   0000069P0000036
108,-0.,-0.,-1.,-0.,0,15.,15.,0.,0.;                             0000071P0000037
142,0,71,0,75,2;                                                 0000073P0000038
102,4,77,79,81,83;                                               0000075P0000039
110,0.,0.,0.,0.,30.,0.;                                          0000077P0000040
110,0.,30.,0.,30.,30.,0.;                                        0000079P0000041
110,30.,30.,0.,30.,0.,0.;                                        0000081P0000042
110,30.,0.,0.,0.,0.,0.;                                          0000083P0000043
144,87,1,0,89;                                                   0000085P0000044
108,0.,0.,1.,50.,0,15.,15.,50.,0.;                               0000087P0000045
142,0,87,0,91,2;                                                 0000089P0000046
102,4,93,95,97,99;                                               0000091P0000047
110,0.,0.,50.,30.,0.,50.;                                        0000093P0000048
110,30.,0.,50.,30.,30.,50.;                                      0000095P0000049
110,30.,30.,50.,0.,30.,50.;                                      0000097P0000050
110,0.,30.,50.,0.,0.,50.;                                        0000099P0000051
402,6,103,119,135,151,167,183,0,1,4407;                          0000101P0000052
144,105,1,0,107;                                                 0000103P0000053
108,-0.,-1.,-0.,-0.,0,0.,0.,0.,0.;                               0000105P0000054
142,0,105,0,109,2;                                               0000107P0000055
102,4,111,113,115,117;                                           0000109P0000056
110,30.,0.,50.,0.,0.,50.;                                        0000111P0000057
110,0.,0.,50.,0.,0.,0.;                                          0000113P0000058
110,0.,0.,0.,30.,0.,0.;                                          0000115P0000059
110,30.,0.,0.,30.,0.,50.;                                        0000117P0000060
144,121,1,0,123;                                                 0000119P0000061
108,1.,-0.,-0.,30.,0,30.,0.,0.,0.;                               0000121P0000062
142,0,121,0,125,2;                                               0000123P0000063
102,4,127,129,131,133;                                           0000125P0000064
110,30.,30.,50.,30.,0.,50.;                                      0000127P0000065
110,30.,0.,50.,30.,0.,0.;                                        0000129P0000066
110,30.,0.,0.,30.,30.,0.;                                        0000131P0000067
110,30.,30.,0.,30.,30.,50.;                                      0000133P0000068
144,137,1,0,139;                                                 0000135P0000069
108,-0.,1.,-0.,30.,0,30.,30.,0.,0.;                              0000137P0000070
142,0,137,0,141,2;                                               0000139P0000071
102,4,143,145,147,149;                                           0000141P0000072
110,0.,30.,50.,30.,30.,50.;                                      0000143P0000073
110,30.,30.,50.,30.,30.,0.;                                      0000145P0000074
110,30.,30.,0.,0.,30.,0.;                                        0000147P0000075
110,0.,30.,0.,0.,30.,50.;                                        0000149P0000076
144,153,1,0,155;                                                 0000151P0000077
108,-1.,-0.,-0.,-0.,0,0.,30.,0.,0.;                              0000153P0000078
142,0,153,0,157,2;                                               0000155P0000079
102,4,159,161,163,165;                                           0000157P0000080
110,0.,0.,50.,0.,30.,50.;                                        0000159P0000081
110,0.,30.,50.,0.,30.,0.;                                        0000161P0000082
110,0.,30.,0.,0.,0.,0.;                                          0000163P0000083
110,0.,0.,0.,0.,0.,50.;                                          0000165P0000084
144,169,1,0,171;                                                 0000167P0000085
108,-0.,-0.,-1.,-0.,0,15.,15.,0.,0.;                             0000169P0000086
142,0,169,0,173,2;                                               0000171P0000087
102,4,175,177,179,181;                                           0000173P0000088
110,0.,0.,0.,0.,30.,0.;                                          0000175P0000089
110,0.,30.,0.,30.,30.,0.;                                        0000177P0000090
110,30.,30.,0.,30.,0.,0.;                                        0000179P0000091
110,30.,0.,0.,0.,0.,0.;                                          0000181P0000092
144,185,1,0,187;                                                 0000183P0000093
108,0.,0.,1.,50.,0,15.,15.,50.,0.;                               0000185P0000094
142,0,185,0,189,2;                                               0000187P0000095
102,4,191,193,195,197;                                           0000189P0000096
110,0.,0.,50.,30.,0.,50.;                                        0000191P0000097
110,30.,0.,50.,30.,30.,50.;                                      0000193P0000098
110,30.,30.,50.,0.,30.,50.;                                      0000195P0000099
110,0.,30.,50.,0.,0.,50.;                                        0000197P0000100
402,6,201,217,233,249,265,281,0,1,4401;                          0000199P0000101
144,203,1,0,205;                                                 0000201P0000102
108,-0.,-1.,-0.,-0.,0,0.,0.,0.,0.;                               0000203P0000103
142,0,203,0,207,2;                                               0000205P0000104
102,4,209,211,213,215;                                           0000207P0000105
110,30.,0.,50.,0.,0.,50.;                                        0000209P0000106
110,0.,0.,50.,0.,0.,0.;                                          0000211P0000107
110,0.,0.,0.,30.,0.,0.;                                          0000213P0000108
110,30.,0.,0.,30.,0.,50.;                                        0000215P0000109
144,219,1,0,221;                                                 0000217P0000110
108,1.,-0.,-0.,30.,0,30.,0.,0.,0.;                               0000219P0000111
142,0,219,0,223,2;                                               0000221P0000112
102,4,225,227,229,231;                                           0000223P0000113
110,30.,30.,50.,30.,0.,50.;                                      0000225P0000114
110,30.,0.,50.,30.,0.,0.;                                        0000227P0000115
110,30.,0.,0.,30.,30.,0.;                                        0000229P0000116
110,30.,30.,0.,30.,30.,50.;                                      0000231P0000117
144,235,1,0,237;                                                 0000233P0000118
108,-0.,1.,-0.,30.,0,30.,30.,0.,0.;                              0000235P0000119
142,0,235,0,239,2;                                               0000237P0000120
102,4,241,243,245,247;                                           0000239P0000121
110,0.,30.,50.,30.,30.,50.;                                      0000241P0000122
110,30.,30.,50.,30.,30.,0.;                                      0000243P0000123
110,30.,30.,0.,0.,30.,0.;                                        0000245P0000124
110,0.,30.,0.,0.,30.,50.;                                        0000247P0000125
144,251,1,0,253;                                                 0000249P0000126
108,-1.,-0.,-0.,-0.,0,0.,30.,0.,0.;                              0000251P0000127
142,0,251,0,255,2;                                               0000253P0000128
102,4,257,259,261,263;                                           0000255P0000129
110,0.,0.,50.,0.,30.,50.;                                        0000257P0000130
110,0.,30.,50.,0.,30.,0.;                                        0000259P0000131
110,0.,30.,0.,0.,0.,0.;                                          0000261P0000132
110,0.,0.,0.,0.,0.,50.;                                          0000263P0000133
144,267,1,0,269;                                                 0000265P0000134
108,-0.,-0.,-1.,-0.,0,15.,15.,0.,0.;                             0000267P0000135
142,0,267,0,271,2;                                               0000269P0000136
102,4,273,275,277,279;                                           0000271P0000137
110,0.,0.,0.,0.,30.,0.;                                          0000273P0000138
110,0.,30.,0.,30.,30.,0.;                                        0000275P0000139
110,30.,30.,0.,30.,0.,0.;                                        0000277P0000140
110,30.,0.,0.,0.,0.,0.;                                          0000279P0000141
144,283,1,0,285;                                                 0000281P0000142
108,0.,0.,1.,50.,0,15.,15.,50.,0.;                               0000283P0000143
142,0,283,0,287,2;                                               0000285P0000144
102,4,289,291,293,295;                                           0000287P0000145
110,0.,0.,50.,30.,0.,50.;                                        0000289P0000146
110,30.,0.,50.,30.,30.,50.;                                      0000291P0000147
110,30.,30.,50.,0.,30.,50.;                                      0000293P0000148
110,0.,30.,50.,0.,0.,50.;                                        0000295P0000149
402,6,299,315,331,347,363,379,0,1,4419;                          0000297P0000150
144,301,1,0,303;                                                 0000299P0000151
108,-1.,-0.,-0.,1.,0,-1.,5.,15.,0.;                              0000301P0000152
142,0,301,0,305,2;                                               0000303P0000153
102,4,307,309,311,313;                                           0000305P0000154
110,-1.,25.,15.,-1.,5.,15.;                                      0000307P0000155
110,-1.,5.,15.,-1.,5.,51.;                                       0000309P0000156
110,-1.,5.,51.,-1.,25.,51.;                                      0000311P0000157
110,-1.,25.,51.,-1.,25.,15.;                                     0000313P0000158
144,317,1,0,319;                                                 0000315P0000159
108,1.,0.,0.,31.,0,31.,5.,15.,0.;                                0000317P0000160
142,0,317,0,321,2;                                               0000319P0000161
102,4,323,325,327,329;                                           0000321P0000162
110,31.,5.,51.,31.,5.,15.;                                       0000323P0000163
110,31.,5.,15.,31.,25.,15.;                                      0000325P0000164
110,31.,25.,15.,31.,25.,51.;                                     0000327P0000165
110,31.,25.,51.,31.,5.,51.;                                      0000329P0000166
144,333,1,0,335;                                                 0000331P0000167
108,-0.,-1.,-0.,-5.,0,-1.,5.,15.,0.;                             0000333P0000168
142,0,333,0,337,2;                                               0000335P0000169
102,4,339,341,343,345;                                           0000337P0000170
110,-1.,5.,51.,-1.,5.,15.;                                       0000339P0000171
110,-1.,5.,15.,31.,5.,15.;                                       0000341P0000172
110,31.,5.,15.,31.,5.,51.;                                       0000343P0000173
110,31.,5.,51.,-1.,5.,51.;                                       0000345P0000174
144,349,1,0,351;                                                 0000347P0000175
108,0.,1.,0.,25.,0,-1.,25.,15.,0.;                               0000349P0000176
142,0,349,0,353,2;                                               0000351P0000177
102,4,355,357,359,361;                                           0000353P0000178
110,31.,25.,15.,-1.,25.,15.;                                     0000355P0000179
110,-1.,25.,15.,-1.,25.,51.;                                     0000357P0000180
110,-1.,25.,51.,31.,25.,51.;                                     0000359P0000181
110,31.,25.,51.,31.,25.,15.;                                     0000361P0000182
144,365,1,0,367;                                                 0000363P0000183
108,-0.,-0.,-1.,-15.,0,-1.,5.,15.,0.;                            0000365P0000184
142,0,365,0,369,2;                                               0000367P0000185
102,4,371,373,375,377;                                           0000369P0000186
110,31.,5.,15.,-1.,5.,15.;                                       0000371P0000187
110,-1.,5.,15.,-1.,25.,15.;                                      0000373P0000188
110,-1.,25.,15.,31.,25.,15.;                                     0000375P0000189
110,31.,25.,15.,31.,5.,15.;                                      0000377P0000190
144,381,1,0,383;                                                 0000379P0000191
108,0.,0.,1.,51.,0,-1.,5.,51.,0.;                                0000381P0000192
142,0,381,0,385,2;                                               0000383P0000193
102,4,387,389,391,393;                                           0000385P0000194
110,-1.,25.,51.,-1.,5.,51.;                                      0000387P0000195
110,-1.,5.,51.,31.,5.,51.;                                       0000389P0000196
110,31.,5.,51.,31.,25.,51.;                                      0000391P0000197
110,31.,25.,51.,-1.,25.,51.;                                     0000393P0000198
402,10,397,413,437,461,477,493,509,525,541,557;                  0000395P0000199
144,399,1,0,401;                                                 0000397P0000200
108,-0.,-1.,-0.,-0.,0,0.,0.,0.,0.;                               0000399P0000201
142,0,399,0,403,2;                                               0000401P0000202
102,4,405,407,409,411;                                           0000403P0000203
110,30.,0.,50.,0.,0.,50.;                                        0000405P0000204
110,0.,0.,50.,0.,0.,0.;                                          0000407P0000205
110,0.,0.,0.,30.,0.,0.;                                          0000409P0000206
110,30.,0.,0.,30.,0.,50.;                                        0000411P0000207
144,415,1,0,417;                                                 0000413P0000208
108,-1.,-0.,-0.,-0.,0,0.,30.,0.,0.;                              0000415P0000209
142,0,415,0,419,2;                                               0000417P0000210
102,8,421,423,425,427,429,431,433,435;                           0000419P0000211
110,0.,30.,50.,0.,30.,0.;                                        0000421P0000212
110,0.,30.,0.,0.,0.,0.;                                          0000423P0000213
110,0.,0.,0.,0.,0.,50.;                                          0000425P0000214
110,0.,0.,50.,0.,5.,50.;                                         0000427P0000215
110,0.,5.,50.,0.,5.,15.;                                         0000429P0000216
110,0.,5.,15.,0.,25.,15.;                                        0000431P0000217
110,0.,25.,15.,0.,25.,50.;                                       0000433P0000218
110,0.,25.,50.,0.,30.,50.;                                       0000435P0000219
144,439,1,0,441;                                                 0000437P0000220
108,1.,-0.,-0.,30.,0,30.,0.,0.,0.;                               0000439P0000221
142,0,439,0,443,2;                                               0000441P0000222
102,8,445,447,449,451,453,455,457,459;                           0000443P0000223
110,30.,0.,50.,30.,0.,0.;                                        0000445P0000224
110,30.,0.,0.,30.,30.,0.;                                        0000447P0000225
110,30.,30.,0.,30.,30.,50.;                                      0000449P0000226
110,30.,30.,50.,30.,25.,50.;                                     0000451P0000227
110,30.,25.,50.,30.,25.,15.;                                     0000453P0000228
110,30.,25.,15.,30.,5.,15.;                                      0000455P0000229
110,30.,5.,15.,30.,5.,50.;                                       0000457P0000230
110,30.,5.,50.,30.,0.,50.;                                       0000459P0000231
144,463,1,0,465;                                                 0000461P0000232
108,-0.,-0.,-1.,-0.,0,15.,15.,0.,0.;                             0000463P0000233
142,0,463,0,467,2;                                               0000465P0000234
102,4,469,471,473,475;                                           0000467P0000235
110,0.,0.,0.,0.,30.,0.;                                          0000469P0000236
110,0.,30.,0.,30.,30.,0.;                                        0000471P0000237
110,30.,30.,0.,30.,0.,0.;                                        0000473P0000238
110,30.,0.,0.,0.,0.,0.;                                          0000475P0000239
144,479,1,0,481;                                                 0000477P0000240
108,0.,0.,1.,50.,0,15.,15.,50.,0.;                               0000479P0000241
142,0,479,0,483,2;                                               0000481P0000242
102,4,485,487,489,491;                                           0000483P0000243
110,0.,5.,50.,0.,0.,50.;                                         0000485P0000244
110,0.,0.,50.,30.,0.,50.;                                        0000487P0000245
110,30.,0.,50.,30.,5.,50.;                                       0000489P0000246
110,30.,5.,50.,0.,5.,50.;                                        0000491P0000247
144,495,1,0,497;                                                 0000493P0000248
108,0.,1.,0.,5.,0,-1.,5.,15.,0.;                                 0000495P0000249
142,0,495,0,499,2;                                               0000497P0000250
102,4,501,503,505,507;                                           0000499P0000251
110,30.,5.,15.,0.,5.,15.;                                        0000501P0000252
110,0.,5.,15.,0.,5.,50.;                                         0000503P0000253
110,0.,5.,50.,30.,5.,50.;                                        0000505P0000254
110,30.,5.,50.,30.,5.,15.;                                       0000507P0000255
144,511,1,0,513;                                                 0000509P0000256
108,0.,0.,1.,15.,0,-1.,5.,15.,0.;                                0000511P0000257
142,0,511,0,515,2;                                               0000513P0000258
102,4,517,519,521,523;                                           0000515P0000259
110,30.,25.,15.,0.,25.,15.;                                      0000517P0000260
110,0.,25.,15.,0.,5.,15.;                                        0000519P0000261
110,0.,5.,15.,30.,5.,15.;                                        0000521P0000262
110,30.,5.,15.,30.,25.,15.;                                      0000523P0000263
144,527,1,0,529;                                                 0000525P0000264
108,-0.,-1.,-0.,-25.,0,-1.,25.,15.,0.;                           0000527P0000265
142,0,527,0,531,2;                                               0000529P0000266
102,4,533,535,537,539;                                           0000531P0000267
110,0.,25.,50.,0.,25.,15.;                                       0000533P0000268
110,0.,25.,15.,30.,25.,15.;                                      0000535P0000269
110,30.,25.,15.,30.,25.,50.;                                     0000537P0000270
110,30.,25.,50.,0.,25.,50.;                                      0000539P0000271
144,543,1,0,545;                                                 0000541P0000272
108,0.,0.,1.,50.,0,15.,15.,50.,0.;                               0000543P0000273
142,0,543,0,547,2;                                               0000545P0000274
102,4,549,551,553,555;                                           0000547P0000275
110,0.,30.,50.,0.,25.,50.;                                       0000549P0000276
110,0.,25.,50.,30.,25.,50.;                                      0000551P0000277
110,30.,25.,50.,30.,30.,50.;                                     0000553P0000278
110,30.,30.,50.,0.,30.,50.;                                      0000555P0000279
144,559,1,0,561;                                                 0000557P0000280
108,-0.,1.,-0.,30.,0,30.,30.,0.,0.;                              0000559P0000281
142,0,559,0,563,2;                                               0000561P0000282
102,4,565,567,569,571;                                           0000563P0000283
110,0.,30.,50.,30.,30.,50.;                                      0000565P0000284
110,30.,30.,50.,30.,30.,0.;                                      0000567P0000285
110,30.,30.,0.,0.,30.,0.;                                        0000569P0000286
110,0.,30.,0.,0.,30.,50.;                                        0000571P0000287
402,3,575,601,611,0,1,4409;                                      0000573P0000288
144,577,1,0,585;                                                 0000575P0000289
120,581,583,0.,6.283185307;                                      0000577P0000290
124,0.,1.,0.,15.,0.,0.,1.,0.,1.,0.,0.,25.;                       0000579P0000291
110,0.,0.,1.,0.,0.,0.;                                           0000581P0000292
110,5.,0.,0.,5.,0.,28.;                                          0000583P0000293
142,0,577,0,587,2;                                               0000585P0000294
102,4,589,593,595,599;                                           0000587P0000295
100,0.,0.,0.,5.,0.,5.,0.;                                        0000589P0000296
124,0.,-1.,0.,15.,0.,0.,-1.,28.,1.,0.,-0.,25.;                   0000591P0000297
110,15.,28.,30.,15.,0.,30.;                                      0000593P0000298
100,0.,0.,0.,5.,0.,5.,0.;                                        0000595P0000299
124,0.,1.,0.,15.,0.,0.,1.,0.,1.,0.,0.,25.;                       0000597P0000300
110,15.,0.,30.,15.,28.,30.;                                      0000599P0000301
144,603,1,0,605;                                                 0000601P0000302
108,0.,1.,0.,28.,0,15.,28.,25.,0.;                               0000603P0000303
142,0,603,0,607,2;                                               0000605P0000304
100,0.,0.,0.,5.,0.,5.,0.;                                        0000607P0000305
124,0.,1.,0.,15.,0.,0.,1.,28.,1.,0.,0.,25.;                      0000609P0000306
144,613,1,0,615;                                                 0000611P0000307
108,-0.,-1.,-0.,-0.,0,15.,0.,25.,0.;                             0000613P0000308
142,0,613,0,617,2;                                               0000615P0000309
100,0.,0.,0.,5.,0.,5.,0.;                                        0000617P0000310
124,0.,-1.,0.,15.,0.,0.,-1.,0.,1.,0.,-0.,25.;                    0000619P0000311
402,13,623,645,669,685,701,725,751,773,789,811,827,843,869;      0000621P0000312
144,625,1,1,627,639;                                             0000623P0000313
108,-0.,-1.,-0.,-0.,0,0.,0.,0.,0.;                               0000625P0000314
142,0,625,0,629,2;                                               0000627P0000315
102,4,631,633,635,637;                                           0000629P0000316
110,30.,0.,0.,30.,0.,50.;                                        0000631P0000317
110,30.,0.,50.,0.,0.,50.;                                        0000633P0000318
110,0.,0.,50.,0.,0.,0.;                                          0000635P0000319
110,0.,0.,0.,30.,0.,0.;                                          0000637P0000320
142,0,625,0,641,2;                                               0000639P0000321
100,0.,0.,0.,5.,0.,5.,0.;                                        0000641P0000322
124,0.,1.,0.,15.,0.,0.,1.,0.,1.,0.,0.,25.;                       0000643P0000323
144,647,1,0,649;                                                 0000645P0000324
108,-1.,-0.,-0.,-0.,0,0.,30.,0.,0.;                              0000647P0000325
142,0,647,0,651,2;                                               0000649P0000326
102,8,653,655,657,659,661,663,665,667;                           0000651P0000327
110,0.,30.,50.,0.,30.,0.;                                        0000653P0000328
110,0.,30.,0.,0.,0.,0.;                                          0000655P0000329
110,0.,0.,0.,0.,0.,50.;                                          0000657P0000330
110,0.,0.,50.,0.,5.,50.;                                         0000659P0000331
110,0.,5.,50.,0.,5.,15.;                                         0000661P0000332
110,0.,5.,15.,0.,25.,15.;                                        0000663P0000333
110,0.,25.,15.,0.,25.,50.;                                       0000665P0000334
110,0.,25.,50.,0.,30.,50.;                                       0000667P0000335
144,671,1,0,673;                                                 0000669P0000336
108,-0.,-0.,-1.,-0.,0,15.,15.,0.,0.;                             0000671P0000337
142,0,671,0,675,2;                                               0000673P0000338
102,4,677,679,681,683;                                           0000675P0000339
110,0.,0.,0.,0.,30.,0.;                                          0000677P0000340
110,0.,30.,0.,30.,30.,0.;                                        0000679P0000341
110,30.,30.,0.,30.,0.,0.;                                        0000681P0000342
110,30.,0.,0.,0.,0.,0.;                                          0000683P0000343
144,687,1,0,689;                                                 0000685P0000344
108,0.,0.,1.,50.,0,15.,15.,50.,0.;                               0000687P0000345
142,0,687,0,691,2;                                               0000689P0000346
102,4,693,695,697,699;                                           0000691P0000347
110,0.,5.,50.,0.,0.,50.;                                         0000693P0000348
110,0.,0.,50.,30.,0.,50.;                                        0000695P0000349
110,30.,0.,50.,30.,5.,50.;                                       0000697P0000350
110,30.,5.,50.,0.,5.,50.;                                        0000699P0000351
144,703,1,0,705;                                                 0000701P0000352
108,1.,-0.,-0.,30.,0,30.,0.,0.,0.;                               0000703P0000353
142,0,703,0,707,2;                                               0000705P0000354
102,8,709,711,713,715,717,719,721,723;                           0000707P0000355
110,30.,0.,50.,30.,0.,0.;                                        0000709P0000356
110,30.,0.,0.,30.,30.,0.;                                        0000711P0000357
110,30.,30.,0.,30.,30.,50.;                                      0000713P0000358
110,30.,30.,50.,30.,25.,50.;                                     0000715P0000359
110,30.,25.,50.,30.,25.,15.;                                     0000717P0000360
110,30.,25.,15.,30.,5.,15.;                                      0000719P0000361
110,30.,5.,15.,30.,5.,50.;                                       0000721P0000362
110,30.,5.,50.,30.,0.,50.;                                       0000723P0000363
144,727,1,0,735;                                                 0000725P0000364
120,731,733,0.,6.283185307;                                      0000727P0000365
124,0.,-1.,0.,15.,0.,0.,1.,0.,1.,0.,0.,25.;                      0000729P0000366
110,0.,0.,1.,0.,0.,0.;                                           0000731P0000367
110,5.,0.,0.,5.,0.,5.;                                           0000733P0000368
142,0,727,0,737,2;                                               0000735P0000369
102,4,739,741,745,747;                                           0000737P0000370
110,15.,0.,30.,15.,5.,30.;                                       0000739P0000371
100,0.,0.,0.,5.,0.,5.,0.;                                        0000741P0000372
124,0.,1.,0.,15.,0.,0.,1.,5.,1.,0.,0.,25.;                       0000743P0000373
110,15.,5.,30.,15.,0.,30.;                                       0000745P0000374
100,0.,0.,0.,5.,0.,5.,0.;                                        0000747P0000375
124,0.,-1.,0.,15.,0.,0.,-1.,0.,1.,0.,-0.,25.;                    0000749P0000376
144,753,1,1,755,767;                                             0000751P0000377
108,0.,1.,0.,5.,0,-1.,5.,15.,0.;                                 0000753P0000378
142,0,753,0,757,2;                                               0000755P0000379
102,4,759,761,763,765;                                           0000757P0000380
110,30.,5.,15.,0.,5.,15.;                                        0000759P0000381
110,0.,5.,15.,0.,5.,50.;                                         0000761P0000382
110,0.,5.,50.,30.,5.,50.;                                        0000763P0000383
110,30.,5.,50.,30.,5.,15.;                                       0000765P0000384
142,0,753,0,769,2;                                               0000767P0000385
100,0.,0.,0.,5.,0.,5.,0.;                                        0000769P0000386
124,0.,-1.,0.,15.,0.,0.,-1.,5.,1.,0.,-0.,25.;                    0000771P0000387
144,775,1,0,777;                                                 0000773P0000388
108,0.,0.,1.,15.,0,-1.,5.,15.,0.;                                0000775P0000389
142,0,775,0,779,2;                                               0000777P0000390
102,4,781,783,785,787;                                           0000779P0000391
110,30.,25.,15.,0.,25.,15.;                                      0000781P0000392
110,0.,25.,15.,0.,5.,15.;                                        0000783P0000393
110,0.,5.,15.,30.,5.,15.;                                        0000785P0000394
110,30.,5.,15.,30.,25.,15.;                                      0000787P0000395
144,791,1,1,793,805;                                             0000789P0000396
108,-0.,-1.,-0.,-25.,0,-1.,25.,15.,0.;                           0000791P0000397
142,0,791,0,795,2;                                               0000793P0000398
102,4,797,799,801,803;                                           0000795P0000399
110,30.,25.,50.,0.,25.,50.;                                      0000797P0000400
110,0.,25.,50.,0.,25.,15.;                                       0000799P0000401
110,0.,25.,15.,30.,25.,15.;                                      0000801P0000402
110,30.,25.,15.,30.,25.,50.;                                     0000803P0000403
142,0,791,0,807,2;                                               0000805P0000404
100,0.,0.,0.,5.,0.,5.,0.;                                        0000807P0000405
124,0.,1.,0.,15.,0.,0.,1.,25.,1.,0.,0.,25.;                      0000809P0000406
144,813,1,0,815;                                                 0000811P0000407
108,0.,0.,1.,50.,0,15.,15.,50.,0.;                               0000813P0000408
142,0,813,0,817,2;                                               0000815P0000409
102,4,819,821,823,825;                                           0000817P0000410
110,0.,30.,50.,0.,25.,50.;                                       0000819P0000411
110,0.,25.,50.,30.,25.,50.;                                      0000821P0000412
110,30.,25.,50.,30.,30.,50.;                                     0000823P0000413
110,30.,30.,50.,0.,30.,50.;                                      0000825P0000414
144,829,1,0,831;                                                 0000827P0000415
108,-0.,1.,-0.,30.,0,30.,30.,0.,0.;                              0000829P0000416
142,0,829,0,833,2;                                               0000831P0000417
102,4,835,837,839,841;                                           0000833P0000418
110,0.,30.,50.,30.,30.,50.;                                      0000835P0000419
110,30.,30.,50.,30.,30.,0.;                                      0000837P0000420
110,30.,30.,0.,0.,30.,0.;                                        0000839P0000421
110,0.,30.,0.,0.,30.,50.;                                        0000841P0000422
144,845,1,0,853;                                                 0000843P0000423
120,849,851,0.,6.283185307;                                      0000845P0000424
124,0.,-1.,0.,15.,0.,0.,1.,0.,1.,0.,0.,25.;                      0000847P0000425
110,0.,0.,1.,0.,0.,0.;                                           0000849P0000426
110,5.,0.,25.,5.,0.,28.;                                         0000851P0000427
142,0,845,0,855,2;                                               0000853P0000428
102,4,857,861,863,867;                                           0000855P0000429
100,0.,0.,0.,5.,0.,5.,0.;                                        0000857P0000430
124,0.,1.,0.,15.,0.,0.,1.,28.,1.,0.,0.,25.;                      0000859P0000431
110,15.,28.,30.,15.,25.,30.;                                     0000861P0000432
100,0.,0.,0.,5.,0.,5.,0.;                                        0000863P0000433
124,0.,-1.,0.,15.,0.,0.,-1.,25.,1.,0.,-0.,25.;                   0000865P0000434
110,15.,25.,30.,15.,28.,30.;                                     0000867P0000435
144,871,1,0,873;                                                 0000869P0000436
108,-0.,-1.,-0.,-28.,0,15.,28.,25.,0.;                           0000871P0000437
142,0,871,0,875,2;                                               0000873P0000438
100,0.,0.,0.,5.,0.,5.,0.;                                        0000875P0000439
124,0.,-1.,0.,15.,0.,0.,-1.,28.,1.,0.,-0.,25.;                   0000877P0000440
402,50,881,905,929,953,977,1001,1025,1049,1073,1097,1121,1145,   0000879P0000441
1169,1193,1217,1241,1265,1289,1313,1337,1361,1385,1409,1433,     0000879P0000442
1457,1481,1505,1529,1553,1577,1601,1625,1649,1673,1697,1721,     0000879P0000443
1745,1769,1793,1817,1841,1865,1889,1913,1937,1961,1985,2009,     0000879P0000444
2033,2043,0,1,4411;                                              0000879P0000445
144,883,1,0,889;                                                 0000881P0000446
122,885,19.821229547,25.397916667,26.180890237;                  0000883P0000447
100,0.,0.,0.,0.2,0.,0.2,0.;                                      0000885P0000448
124,0.,1.,0.,19.92,-1.E-17,0.,1.,25.35,1.,0.,1.E-17,25.;         0000887P0000449
142,0,883,0,891,2;                                               0000889P0000450
102,4,893,895,899,901;                                           0000891P0000451
110,19.92,25.35,25.2,19.821229547,25.397916667,26.180890237;     0000893P0000452
100,0.,0.,0.,0.2,0.,0.2,0.;                                      0000895P0000453
124,0.,-1.,0.,19.821229547,-1.E-17,0.,-1.,25.397916667,1.,0.,    0000897P0000454
-1.E-17,25.980890237;                                            0000897P0000455
110,19.821229547,25.397916667,26.180890237,19.92,25.35,25.2;     0000899P0000456
100,0.,0.,0.,0.2,0.,0.2,0.;                                      0000901P0000457
124,0.,1.,0.,19.92,-1.E-17,0.,1.,25.35,1.,0.,1.E-17,25.;         0000903P0000458
144,907,1,0,913;                                                 0000905P0000459
122,909,19.528883879,25.445833333,27.122397152;                  0000907P0000460
100,0.,0.,0.,0.2,0.,0.2,0.;                                      0000909P0000461
124,3.E-17,1.,0.,19.821229547,0.,0.,1.,25.397916667,1.,-3.E-17,  0000911P0000462
0.,25.980890237;                                                 0000911P0000463
142,0,907,0,915,2;                                               0000913P0000464
102,4,917,919,923,925;                                           0000915P0000465
110,19.821229547,25.397916667,26.180890237,19.528883879,         0000917P0000466
25.445833333,27.122397152;                                       0000917P0000467
100,0.,0.,0.,0.2,0.,0.2,0.;                                      0000919P0000468
124,3.E-17,-1.,0.,19.528883879,0.,0.,-1.,25.445833333,1.,3.E-17, 0000921P0000469
0.,26.922397152;                                                 0000921P0000470
110,19.528883879,25.445833333,27.122397152,19.821229547,         0000923P0000471
25.397916667,26.180890237;                                       0000923P0000472
100,0.,0.,0.,0.2,0.,0.2,0.;                                      0000925P0000473
124,0.,1.,0.,19.821229547,-1.E-17,0.,1.,25.397916667,1.,0.,      0000927P0000474
1.E-17,25.980890237;                                             0000927P0000475
144,931,1,0,937;                                                 0000929P0000476
122,933,19.054700848,25.49375,27.986718686;                      0000931P0000477
100,0.,0.,0.,0.2,0.,0.2,0.;                                      0000933P0000478
124,3.E-17,1.,0.,19.528883879,0.,0.,1.,25.445833333,1.,-3.E-17,  0000935P0000479
0.,26.922397152;                                                 0000935P0000480
142,0,931,0,939,2;                                               0000937P0000481
102,4,941,943,947,949;                                           0000939P0000482
110,19.528883879,25.445833333,27.122397152,19.054700848,         0000941P0000483
25.49375,27.986718686;                                           0000941P0000484
100,0.,0.,0.,0.2,0.,0.2,0.;                                      0000943P0000485
124,3.E-17,-1.,0.,19.054700848,0.,0.,-1.,25.49375,1.,3.E-17,0.,  0000945P0000486
27.786718686;                                                    0000945P0000487
110,19.054700848,25.49375,27.986718686,19.528883879,             0000947P0000488
25.445833333,27.122397152;                                       0000947P0000489
100,0.,0.,0.,0.2,0.,0.2,0.;                                      0000949P0000490
124,3.E-17,1.,0.,19.528883879,0.,0.,1.,25.445833333,1.,-3.E-17,  0000951P0000491
0.,26.922397152;                                                 0000951P0000492
144,955,1,0,961;                                                 0000953P0000493
122,957,18.417719183,25.541666667,28.739151818;                  0000955P0000494
100,0.,0.,0.,0.2,0.,0.2,0.;                                      0000957P0000495
124,7.E-17,1.,0.,19.054700848,0.,0.,1.,25.49375,1.,-7.E-17,0.,   0000959P0000496
27.786718686;                                                    0000959P0000497
142,0,955,0,963,2;                                               0000961P0000498
102,4,965,967,971,973;                                           0000963P0000499
110,19.054700848,25.49375,27.986718686,18.417719183,             0000965P0000500
25.541666667,28.739151818;                                       0000965P0000501
100,0.,0.,0.,0.2,0.,0.2,0.;                                      0000967P0000502
124,7.E-17,-1.,0.,18.417719183,0.,0.,-1.,25.541666667,1.,7.E-17, 0000969P0000503
0.,28.539151818;                                                 0000969P0000504
110,18.417719183,25.541666667,28.739151818,19.054700848,         0000971P0000505
25.49375,27.986718686;                                           0000971P0000506
100,0.,0.,0.,0.2,0.,0.2,0.;                                      0000973P0000507
124,3.E-17,1.,0.,19.054700848,0.,0.,1.,25.49375,1.,-3.E-17,0.,   0000975P0000508
27.786718686;                                                    0000975P0000509
144,979,1,0,985;                                                 0000977P0000510
122,981,17.643514073,25.589583333,29.349485913;                  0000979P0000511
100,0.,0.,0.,0.2,0.,0.2,0.;                                      0000981P0000512
124,-1.E-16,1.,-1.E-17,18.417719183,1.E-17,1.E-17,1.,            0000983P0000513
25.541666667,1.,1.E-16,-1.E-17,28.539151818;                     0000983P0000514
142,0,979,0,987,2;                                               0000985P0000515
102,4,989,991,995,997;                                           0000987P0000516
110,18.417719183,25.541666667,28.739151818,17.643514073,         0000989P0000517
25.589583333,29.349485913;                                       0000989P0000518
100,0.,0.,0.,0.2,0.,0.2,0.;                                      0000991P0000519
124,-1.E-16,-1.,1.E-17,17.643514073,1.E-17,-1.E-17,-1.,          0000993P0000520
25.589583333,1.,-1.E-16,1.E-17,29.149485913;                     0000993P0000521
110,17.643514073,25.589583333,29.349485913,18.417719183,         0000995P0000522
25.541666667,28.739151818;                                       0000995P0000523
100,0.,0.,0.,0.2,0.,0.2,0.;                                      0000997P0000524
124,7.E-17,1.,0.,18.417719183,0.,0.,1.,25.541666667,1.,-7.E-17,  0000999P0000525
0.,28.539151818;                                                 0000999P0000526
144,1003,1,0,1009;                                               0001001P0000527
122,1005,16.763170312,25.6375,29.793215698;                      0001003P0000528
100,0.,0.,0.,0.2,0.,0.2,0.;                                      0001005P0000529
124,-6.E-17,1.,0.,17.643514073,1.E-17,6.E-34,1.,25.589583333,1., 0001007P0000530
6.E-17,-1.E-17,29.149485913;                                     0001007P0000531
142,0,1003,0,1011,2;                                             0001009P0000532
102,4,1013,1015,1019,1021;                                       0001011P0000533
110,17.643514073,25.589583333,29.349485913,16.763170312,25.6375, 0001013P0000534
29.793215698;                                                    0001013P0000535
100,0.,0.,0.,0.2,-3.552713679E-15,0.2,-3.552713679E-15;          0001015P0000536
124,-6.E-17,-1.,-0.,16.763170312,1.E-17,-6.E-34,-1.,25.6375,1.,  0001017P0000537
-6.E-17,1.E-17,29.593215698;                                     0001017P0000538
110,16.763170312,25.6375,29.793215698,17.643514073,25.589583333, 0001019P0000539
29.349485913;                                                    0001019P0000540
100,0.,0.,0.,0.2,0.,0.2,0.;                                      0001021P0000541
124,-1.E-16,1.,-1.E-17,17.643514073,1.E-17,1.E-17,1.,            0001023P0000542
25.589583333,1.,1.E-16,-1.E-17,29.149485913;                     0001023P0000543
144,1027,1,0,1033;                                               0001025P0000544
122,1029,15.812034221,25.685416667,30.05252516;                  0001027P0000545
100,0.,0.,0.,0.2,0.,0.2,0.;                                      0001029P0000546
124,-3.E-17,1.,1.E-17,16.763170312,3.E-34,-1.E-17,1.,25.6375,1., 0001031P0000547
3.E-17,0.,29.593215698;                                          0001031P0000548
142,0,1027,0,1035,2;                                             0001033P0000549
102,4,1037,1039,1043,1045;                                       0001035P0000550
110,16.763170312,25.6375,29.793215698,15.812034221,25.685416667, 0001037P0000551
30.05252516;                                                     0001037P0000552
100,0.,0.,0.,0.2,0.,0.2,0.;                                      0001039P0000553
124,-3.E-17,-1.,-1.E-17,15.812034221,3.E-34,1.E-17,-1.,          0001041P0000554
25.685416667,1.,-3.E-17,-0.,29.85252516;                         0001041P0000555
110,15.812034221,25.685416667,30.05252516,16.763170312,25.6375,  0001043P0000556
29.793215698;                                                    0001043P0000557
100,0.,0.,0.,0.2,3.552713679E-15,0.2,3.552713679E-15;            0001045P0000558
124,-6.E-17,1.,0.,16.763170312,1.E-17,6.E-34,1.,25.6375,1.,      0001047P0000559
6.E-17,-1.E-17,29.593215698;                                     0001047P0000560
144,1051,1,0,1057;                                               0001049P0000561
122,1053,14.828294476,25.733333333,30.117002869;                 0001051P0000562
100,0.,0.,0.,0.2,0.,0.2,0.;                                      0001053P0000563
124,-7.E-17,1.,0.,15.812034221,0.,0.,1.,25.685416667,1.,7.E-17,  0001055P0000564
0.,29.85252516;                                                  0001055P0000565
142,0,1051,0,1059,2;                                             0001057P0000566
102,4,1061,1063,1067,1069;                                       0001059P0000567
110,15.812034221,25.685416667,30.05252516,14.828294476,          0001061P0000568
25.733333333,30.117002869;                                       0001061P0000569
100,0.,0.,0.,0.2,0.,0.2,0.;                                      0001063P0000570
124,-7.E-17,-1.,-0.,14.828294476,0.,0.,-1.,25.733333333,1.,      0001065P0000571
-7.E-17,0.,29.917002869;                                         0001065P0000572
110,14.828294476,25.733333333,30.117002869,15.812034221,         0001067P0000573
25.685416667,30.05252516;                                        0001067P0000574
100,0.,0.,0.,0.2,0.,0.2,0.;                                      0001069P0000575
124,-3.E-17,1.,1.E-17,15.812034221,3.E-34,-1.E-17,1.,            0001071P0000576
25.685416667,1.,3.E-17,0.,29.85252516;                           0001071P0000577
144,1075,1,0,1081;                                               0001073P0000578
122,1077,13.85144881,25.78125,29.984060008;                      0001075P0000579
100,0.,0.,0.,0.2,0.,0.2,0.;                                      0001077P0000580
124,-4.E-17,1.,0.,14.828294476,-1.E-17,-4.E-34,1.,25.733333333,  0001079P0000581
1.,4.E-17,1.E-17,29.917002869;                                   0001079P0000582
142,0,1075,0,1083,2;                                             0001081P0000583
102,4,1085,1087,1091,1093;                                       0001083P0000584
110,14.828294476,25.733333333,30.117002869,13.85144881,25.78125, 0001085P0000585
29.984060008;                                                    0001085P0000586
100,0.,0.,0.,0.2,0.,0.2,0.;                                      0001087P0000587
124,-4.E-17,-1.,0.,13.85144881,-1.E-17,4.E-34,-1.,25.78125,1.,   0001089P0000588
-4.E-17,-1.E-17,29.784060008;                                    0001089P0000589
110,13.85144881,25.78125,29.984060008,14.828294476,25.733333333, 0001091P0000590
30.117002869;                                                    0001091P0000591
100,0.,0.,0.,0.2,0.,0.2,0.;                                      0001093P0000592
124,-7.E-17,1.,0.,14.828294476,0.,0.,1.,25.733333333,1.,7.E-17,  0001095P0000593
0.,29.917002869;                                                 0001095P0000594
144,1099,1,0,1105;                                               0001097P0000595
122,1101,12.920718152,25.829166667,29.659034312;                 0001099P0000596
100,0.,0.,0.,0.2,0.,0.2,0.;                                      0001101P0000597
124,-1.1E-16,1.,0.,13.85144881,-1.E-17,-1.1E-33,1.,25.78125,1.,  0001103P0000598
1.1E-16,1.E-17,29.784060008;                                     0001103P0000599
142,0,1099,0,1107,2;                                             0001105P0000600
102,4,1109,1111,1115,1117;                                       0001107P0000601
110,13.85144881,25.78125,29.984060008,12.920718152,25.829166667, 0001109P0000602
29.659034312;                                                    0001109P0000603
100,0.,0.,0.,0.2,0.,0.2,0.;                                      0001111P0000604
124,-1.1E-16,-1.,0.,12.920718152,-1.E-17,1.1E-33,-1.,            0001113P0000605
25.829166667,1.,-1.1E-16,-1.E-17,29.459034312;                   0001113P0000606
110,12.920718152,25.829166667,29.659034312,13.85144881,25.78125, 0001115P0000607
29.984060008;                                                    0001115P0000608
100,0.,0.,0.,0.2,0.,0.2,0.;                                      0001117P0000609
124,-4.E-17,1.,0.,13.85144881,-1.E-17,-4.E-34,1.,25.78125,1.,    0001119P0000610
4.E-17,1.E-17,29.784060008;                                      0001119P0000611
144,1123,1,0,1129;                                               0001121P0000612
122,1125,12.073471889,25.877083333,29.154975754;                 0001123P0000613
100,0.,0.,0.,0.2,0.,0.2,0.;                                      0001125P0000614
124,-1.7E-16,1.,-1.E-17,12.920718152,-2.E-17,1.E-17,1.,          0001127P0000615
25.829166667,1.,1.7E-16,2.E-17,29.459034312;                     0001127P0000616
142,0,1123,0,1131,2;                                             0001129P0000617
102,4,1133,1135,1139,1141;                                       0001131P0000618
110,12.920718152,25.829166667,29.659034312,12.073471889,         0001133P0000619
25.877083333,29.154975754;                                       0001133P0000620
100,0.,0.,0.,0.2,0.,0.2,0.;                                      0001135P0000621
124,-1.7E-16,-1.,1.E-17,12.073471889,-2.E-17,-1.E-17,-1.,        0001137P0000622
25.877083333,1.,-1.7E-16,-2.E-17,28.954975754;                   0001137P0000623
110,12.073471889,25.877083333,29.154975754,12.920718152,         0001139P0000624
25.829166667,29.659034312;                                       0001139P0000625
100,0.,0.,0.,0.2,0.,0.2,0.;                                      0001141P0000626
124,-1.1E-16,1.,0.,12.920718152,-1.E-17,-1.1E-33,1.,             0001143P0000627
25.829166667,1.,1.1E-16,1.E-17,29.459034312;                     0001143P0000628
144,1147,1,0,1153;                                               0001145P0000629
122,1149,11.343727459,25.925,28.492122583;                       0001147P0000630
100,0.,0.,0.,0.2,0.,0.2,0.;                                      0001149P0000631
124,-1.8E-16,1.,-1.E-17,12.073471889,-1.8E-33,1.E-17,1.,         0001151P0000632
25.877083333,1.,1.8E-16,0.,28.954975754;                         0001151P0000633
142,0,1147,0,1155,2;                                             0001153P0000634
102,4,1157,1159,1163,1165;                                       0001155P0000635
110,12.073471889,25.877083333,29.154975754,11.343727459,25.925,  0001157P0000636
28.492122583;                                                    0001157P0000637
100,0.,0.,0.,0.2,0.,0.2,0.;                                      0001159P0000638
124,-1.8E-16,-1.,1.E-17,11.343727459,-1.8E-33,-1.E-17,-1.,       0001161P0000639
25.925,1.,-1.8E-16,0.,28.292122583;                              0001161P0000640
110,11.343727459,25.925,28.492122583,12.073471889,25.877083333,  0001163P0000641
29.154975754;                                                    0001163P0000642
100,0.,0.,0.,0.2,0.,0.2,0.;                                      0001165P0000643
124,-1.7E-16,1.,-1.E-17,12.073471889,-2.E-17,1.E-17,1.,          0001167P0000644
25.877083333,1.,1.7E-16,2.E-17,28.954975754;                     0001167P0000645
144,1171,1,0,1177;                                               0001169P0000646
122,1173,10.760784531,25.972916667,27.697088746;                 0001171P0000647
100,0.,0.,0.,0.2,0.,0.2,0.;                                      0001173P0000648
124,-2.2E-16,1.,-1.E-17,11.343727459,-3.E-17,1.E-17,1.,25.925,   0001175P0000649
1.,2.2E-16,3.E-17,28.292122583;                                  0001175P0000650
142,0,1171,0,1179,2;                                             0001177P0000651
102,4,1181,1183,1187,1189;                                       0001179P0000652
110,11.343727459,25.925,28.492122583,10.760784531,25.972916667,  0001181P0000653
27.697088746;                                                    0001181P0000654
100,0.,0.,0.,0.2,0.,0.2,0.;                                      0001183P0000655
124,-2.2E-16,-1.,1.E-17,10.760784531,-3.E-17,-1.E-17,-1.,        0001185P0000656
25.972916667,1.,-2.2E-16,-3.E-17,27.497088746;                   0001185P0000657
110,10.760784531,25.972916667,27.697088746,11.343727459,25.925,  0001187P0000658
28.492122583;                                                    0001187P0000659
100,0.,0.,0.,0.2,0.,0.2,0.;                                      0001189P0000660
124,-1.8E-16,1.,-1.E-17,11.343727459,-1.8E-33,1.E-17,1.,25.925,  0001191P0000661
1.,1.8E-16,0.,28.292122583;                                      0001191P0000662
144,1195,1,0,1201;                                               0001193P0000663
122,1197,10.348048608,26.020833333,26.80179532;                  0001195P0000664
100,0.,0.,0.,0.2,0.,0.2,0.;                                      0001197P0000665
124,-2.8E-16,1.,-1.E-17,10.760784531,-2.E-17,1.E-17,1.,          0001199P0000666
25.972916667,1.,2.8E-16,2.E-17,27.497088746;                     0001199P0000667
142,0,1195,0,1203,2;                                             0001201P0000668
102,4,1205,1207,1211,1213;                                       0001203P0000669
110,10.760784531,25.972916667,27.697088746,10.348048608,         0001205P0000670
26.020833333,26.80179532;                                        0001205P0000671
100,0.,0.,0.,0.2,0.,0.2,0.;                                      0001207P0000672
124,-2.8E-16,-1.,1.E-17,10.348048608,-2.E-17,-1.E-17,-1.,        0001209P0000673
26.020833333,1.,-2.8E-16,-2.E-17,26.60179532;                    0001209P0000674
110,10.348048608,26.020833333,26.80179532,10.760784531,          0001211P0000675
25.972916667,27.697088746;                                       0001211P0000676
100,0.,0.,0.,0.2,0.,0.2,0.;                                      0001213P0000677
124,-2.2E-16,1.,-1.E-17,10.760784531,-3.E-17,1.E-17,1.,          0001215P0000678
25.972916667,1.,2.2E-16,3.E-17,27.497088746;                     0001215P0000679
144,1219,1,0,1225;                                               0001217P0000680
122,1221,10.122091282,26.06875,25.842188866;                     0001219P0000681
100,0.,0.,0.,0.2,0.,0.2,0.;                                      0001221P0000682
124,-2.2E-16,1.,-1.E-17,10.348048608,1.E-17,1.E-17,1.,           0001223P0000683
26.020833333,1.,2.2E-16,-1.E-17,26.60179532;                     0001223P0000684
142,0,1219,0,1227,2;                                             0001225P0000685
102,4,1229,1231,1235,1237;                                       0001227P0000686
110,10.348048608,26.020833333,26.80179532,10.122091282,26.06875, 0001229P0000687
25.842188866;                                                    0001229P0000688
100,0.,0.,0.,0.2,0.,0.2,0.;                                      0001231P0000689
124,-2.2E-16,-1.,1.E-17,10.122091282,1.E-17,-1.E-17,-1.,         0001233P0000690
26.06875,1.,-2.2E-16,1.E-17,25.642188866;                        0001233P0000691
110,10.122091282,26.06875,25.842188866,10.348048608,             0001235P0000692
26.020833333,26.80179532;                                        0001235P0000693
100,0.,0.,0.,0.2,0.,0.2,0.;                                      0001237P0000694
124,-2.8E-16,1.,-1.E-17,10.348048608,-2.E-17,1.E-17,1.,          0001239P0000695
26.020833333,1.,2.8E-16,2.E-17,26.60179532;                      0001239P0000696
144,1243,1,0,1249;                                               0001241P0000697
122,1245,10.091984873,26.116666667,24.856798149;                 0001243P0000698
100,0.,0.,0.,0.2,0.,0.2,0.;                                      0001245P0000699
124,-2.4E-16,1.,-1.E-17,10.122091282,2.E-17,1.E-17,1.,26.06875,  0001247P0000700
1.,2.4E-16,-2.E-17,25.642188866;                                 0001247P0000701
142,0,1243,0,1251,2;                                             0001249P0000702
102,4,1253,1255,1259,1261;                                       0001251P0000703
110,10.122091282,26.06875,25.842188866,10.091984873,             0001253P0000704
26.116666667,24.856798149;                                       0001253P0000705
100,0.,0.,0.,0.2,0.,0.2,0.;                                      0001255P0000706
124,-2.4E-16,-1.,1.E-17,10.091984873,2.E-17,-1.E-17,-1.,         0001257P0000707
26.116666667,1.,-2.4E-16,2.E-17,24.656798149;                    0001257P0000708
110,10.091984873,26.116666667,24.856798149,10.122091282,         0001259P0000709
26.06875,25.842188866;                                           0001259P0000710
100,0.,0.,0.,0.2,0.,0.2,0.;                                      0001261P0000711
124,-2.2E-16,1.,-1.E-17,10.122091282,1.E-17,1.E-17,1.,26.06875,  0001263P0000712
1.,2.2E-16,-1.E-17,25.642188866;                                 0001263P0000713
144,1267,1,0,1273;                                               0001265P0000714
122,1269,10.25893817,26.164583333,23.88518719;                   0001267P0000715
100,0.,0.,0.,0.2,0.,0.2,0.;                                      0001269P0000716
124,-2.1E-16,1.,-1.E-17,10.091984873,-1.E-17,1.E-17,1.,          0001271P0000717
26.116666667,1.,2.1E-16,1.E-17,24.656798149;                     0001271P0000718
142,0,1267,0,1275,2;                                             0001273P0000719
102,4,1277,1279,1283,1285;                                       0001275P0000720
110,10.091984873,26.116666667,24.856798149,10.25893817,          0001277P0000721
26.164583333,23.88518719;                                        0001277P0000722
100,0.,0.,0.,0.2,0.,0.2,0.;                                      0001279P0000723
124,-2.1E-16,-1.,1.E-17,10.25893817,-1.E-17,-1.E-17,-1.,         0001281P0000724
26.164583333,1.,-2.1E-16,-1.E-17,23.68518719;                    0001281P0000725
110,10.25893817,26.164583333,23.88518719,10.091984873,           0001283P0000726
26.116666667,24.856798149;                                       0001283P0000727
100,0.,0.,0.,0.2,0.,0.2,0.;                                      0001285P0000728
124,-2.4E-16,1.,-1.E-17,10.091984873,2.E-17,1.E-17,1.,           0001287P0000729
26.116666667,1.,2.4E-16,-2.E-17,24.656798149;                    0001287P0000730
144,1291,1,0,1297;                                               0001289P0000731
122,1293,10.616247901,26.2125,22.966366741;                      0001291P0000732
100,0.,0.,0.,0.2,0.,0.2,0.;                                      0001293P0000733
124,-2.1E-16,1.,-1.E-17,10.25893817,-1.E-17,1.E-17,1.,           0001295P0000734
26.164583333,1.,2.1E-16,1.E-17,23.68518719;                      0001295P0000735
142,0,1291,0,1299,2;                                             0001297P0000736
102,4,1301,1303,1307,1309;                                       0001299P0000737
110,10.25893817,26.164583333,23.88518719,10.616247901,26.2125,   0001301P0000738
22.966366741;                                                    0001301P0000739
100,0.,0.,0.,0.2,0.,0.2,0.;                                      0001303P0000740
124,-2.1E-16,-1.,1.E-17,10.616247901,-1.E-17,-1.E-17,-1.,        0001305P0000741
26.2125,1.,-2.1E-16,-1.E-17,22.766366741;                        0001305P0000742
110,10.616247901,26.2125,22.966366741,10.25893817,26.164583333,  0001307P0000743
23.88518719;                                                     0001307P0000744
100,0.,0.,0.,0.2,0.,0.2,0.;                                      0001309P0000745
124,-2.1E-16,1.,-1.E-17,10.25893817,-1.E-17,1.E-17,1.,           0001311P0000746
26.164583333,1.,2.1E-16,1.E-17,23.68518719;                      0001311P0000747
144,1315,1,0,1321;                                               0001313P0000748
122,1317,11.149567868,26.260416667,22.137227988;                 0001315P0000749
100,0.,0.,0.,0.2,0.,0.2,0.;                                      0001317P0000750
124,-2.1E-16,1.,-1.E-17,10.616247901,-1.E-17,1.E-17,1.,26.2125,  0001319P0000751
1.,2.1E-16,1.E-17,22.766366741;                                  0001319P0000752
142,0,1315,0,1323,2;                                             0001321P0000753
102,4,1325,1327,1331,1333;                                       0001323P0000754
110,10.616247901,26.2125,22.966366741,11.149567868,26.260416667, 0001325P0000755
22.137227988;                                                    0001325P0000756
100,0.,0.,0.,0.2,0.,0.2,0.;                                      0001327P0000757
124,-2.1E-16,-1.,1.E-17,11.149567868,-1.E-17,-1.E-17,-1.,        0001329P0000758
26.260416667,1.,-2.1E-16,-1.E-17,21.937227988;                   0001329P0000759
110,11.149567868,26.260416667,22.137227988,10.616247901,26.2125, 0001331P0000760
22.966366741;                                                    0001331P0000761
100,0.,0.,0.,0.2,0.,0.2,0.;                                      0001333P0000762
124,-2.1E-16,1.,-1.E-17,10.616247901,-1.E-17,1.E-17,1.,26.2125,  0001335P0000763
1.,2.1E-16,1.E-17,22.766366741;                                  0001335P0000764
144,1339,1,0,1345;                                               0001337P0000765
122,1341,11.83748496,26.308333333,21.43106134;                   0001339P0000766
100,0.,0.,0.,0.2,0.,0.2,0.;                                      0001341P0000767
124,-1.7E-16,1.,-2.E-17,11.149567868,3.E-17,2.E-17,1.,           0001343P0000768
26.260416667,1.,1.7E-16,-3.E-17,21.937227988;                    0001343P0000769
142,0,1339,0,1347,2;                                             0001345P0000770
102,4,1349,1351,1355,1357;                                       0001347P0000771
110,11.149567868,26.260416667,22.137227988,11.83748496,          0001349P0000772
26.308333333,21.43106134;                                        0001349P0000773
100,0.,0.,0.,0.2,0.,0.2,0.;                                      0001351P0000774
124,-1.7E-16,-1.,2.E-17,11.83748496,3.E-17,-2.E-17,-1.,          0001353P0000775
26.308333333,1.,-1.7E-16,3.E-17,21.23106134;                     0001353P0000776
110,11.83748496,26.308333333,21.43106134,11.149567868,           0001355P0000777
26.260416667,22.137227988;                                       0001355P0000778
100,0.,0.,0.,0.2,0.,0.2,0.;                                      0001357P0000779
124,-2.1E-16,1.,-1.E-17,11.149567868,-1.E-17,1.E-17,1.,          0001359P0000780
26.260416667,1.,2.1E-16,1.E-17,21.937227988;                     0001359P0000781
144,1363,1,0,1369;                                               0001361P0000782
122,1365,12.6523789,26.35625,20.876219806;                       0001363P0000783
100,0.,0.,0.,0.2,0.,0.2,0.;                                      0001365P0000784
124,-1.7E-16,1.,-2.E-17,11.83748496,5.E-17,2.E-17,1.,            0001367P0000785
26.308333333,1.,1.7E-16,-5.E-17,21.23106134;                     0001367P0000786
142,0,1363,0,1371,2;                                             0001369P0000787
102,4,1373,1375,1379,1381;                                       0001371P0000788
110,11.83748496,26.308333333,21.43106134,12.6523789,26.35625,    0001373P0000789
20.876219806;                                                    0001373P0000790
100,0.,0.,0.,0.2,0.,0.2,0.;                                      0001375P0000791
124,-1.7E-16,-1.,2.E-17,12.6523789,5.E-17,-2.E-17,-1.,26.35625,  0001377P0000792
1.,-1.7E-16,5.E-17,20.676219806;                                 0001377P0000793
110,12.6523789,26.35625,20.876219806,11.83748496,26.308333333,   0001379P0000794
21.43106134;                                                     0001379P0000795
100,0.,0.,0.,0.2,0.,0.2,0.;                                      0001381P0000796
124,-1.7E-16,1.,-2.E-17,11.83748496,3.E-17,2.E-17,1.,            0001383P0000797
26.308333333,1.,1.7E-16,-3.E-17,21.23106134;                     0001383P0000798
144,1387,1,0,1393;                                               0001385P0000799
122,1389,13.561531213,26.404166667,20.494980601;                 0001387P0000800
100,0.,0.,0.,0.2,0.,0.2,0.;                                      0001389P0000801
124,-1.5E-16,1.,-1.E-17,12.6523789,3.E-17,1.E-17,1.,26.35625,1., 0001391P0000802
1.5E-16,-3.E-17,20.676219806;                                    0001391P0000803
142,0,1387,0,1395,2;                                             0001393P0000804
102,4,1397,1399,1403,1405;                                       0001395P0000805
110,12.6523789,26.35625,20.876219806,13.561531213,26.404166667,  0001397P0000806
20.494980601;                                                    0001397P0000807
100,0.,0.,0.,0.2,0.,0.2,0.;                                      0001399P0000808
124,-1.5E-16,-1.,1.E-17,13.561531213,3.E-17,-1.E-17,-1.,         0001401P0000809
26.404166667,1.,-1.5E-16,3.E-17,20.294980601;                    0001401P0000810
110,13.561531213,26.404166667,20.494980601,12.6523789,26.35625,  0001403P0000811
20.876219806;                                                    0001403P0000812
100,0.,0.,0.,0.2,0.,0.2,0.;                                      0001405P0000813
124,-1.7E-16,1.,-2.E-17,12.6523789,5.E-17,2.E-17,1.,26.35625,1., 0001407P0000814
1.7E-16,-5.E-17,20.676219806;                                    0001407P0000815
144,1411,1,0,1417;                                               0001409P0000816
122,1413,14.528438898,26.452083333,20.302650704;                 0001411P0000817
100,0.,0.,0.,0.2,0.,0.2,0.;                                      0001413P0000818
124,-1.7E-16,1.,0.,13.561531213,4.E-17,6.8E-33,1.,26.404166667,  0001415P0000819
1.,1.7E-16,-4.E-17,20.294980601;                                 0001415P0000820
142,0,1411,0,1419,2;                                             0001417P0000821
102,4,1421,1423,1427,1429;                                       0001419P0000822
110,13.561531213,26.404166667,20.494980601,14.528438898,         0001421P0000823
26.452083333,20.302650704;                                       0001421P0000824
100,0.,0.,0.,0.2,0.,0.2,0.;                                      0001423P0000825
124,-1.7E-16,-1.,-0.,14.528438898,4.E-17,-6.8E-33,-1.,           0001425P0000826
26.452083333,1.,-1.7E-16,4.E-17,20.102650704;                    0001425P0000827
110,14.528438898,26.452083333,20.302650704,13.561531213,         0001427P0000828
26.404166667,20.494980601;                                       0001427P0000829
100,0.,0.,0.,0.2,0.,0.2,0.;                                      0001429P0000830
124,-1.5E-16,1.,-1.E-17,13.561531213,3.E-17,1.E-17,1.,           0001431P0000831
26.404166667,1.,1.5E-16,-3.E-17,20.294980601;                    0001431P0000832
144,1435,1,0,1441;                                               0001433P0000833
122,1437,15.514280039,26.5,20.306952275;                         0001435P0000834
100,0.,0.,0.,0.2,0.,0.2,0.;                                      0001437P0000835
124,-1.5E-16,1.,0.,14.528438898,3.E-17,4.5E-33,1.,26.452083333,  0001439P0000836
1.,1.5E-16,-3.E-17,20.102650704;                                 0001439P0000837
142,0,1435,0,1443,2;                                             0001441P0000838
102,4,1445,1447,1451,1453;                                       0001443P0000839
110,14.528438898,26.452083333,20.302650704,15.514280039,26.5,    0001445P0000840
20.306952275;                                                    0001445P0000841
100,0.,0.,0.,0.2,0.,0.2,0.;                                      0001447P0000842
124,-1.5E-16,-1.,-0.,15.514280039,3.E-17,-4.5E-33,-1.,26.5,1.,   0001449P0000843
-1.5E-16,3.E-17,20.106952275;                                    0001449P0000844
110,15.514280039,26.5,20.306952275,14.528438898,26.452083333,    0001451P0000845
20.302650704;                                                    0001451P0000846
100,0.,0.,0.,0.2,0.,0.2,0.;                                      0001453P0000847
124,-1.7E-16,1.,0.,14.528438898,4.E-17,6.8E-33,1.,26.452083333,  0001455P0000848
1.,1.7E-16,-4.E-17,20.102650704;                                 0001455P0000849
144,1459,1,0,1465;                                               0001457P0000850
122,1461,16.479472534,26.547916667,20.507712602;                 0001459P0000851
100,0.,0.,0.,0.2,0.,0.2,0.;                                      0001461P0000852
124,-1.7E-16,1.,0.,15.514280039,5.E-17,8.5E-33,1.,26.5,1.,       0001463P0000853
1.7E-16,-5.E-17,20.106952275;                                    0001463P0000854
142,0,1459,0,1467,2;                                             0001465P0000855
102,4,1469,1471,1475,1477;                                       0001467P0000856
110,15.514280039,26.5,20.306952275,16.479472534,26.547916667,    0001469P0000857
20.507712602;                                                    0001469P0000858
100,0.,0.,0.,0.2,0.,0.2,0.;                                      0001471P0000859
124,-1.7E-16,-1.,-0.,16.479472534,5.E-17,-8.5E-33,-1.,           0001473P0000860
26.547916667,1.,-1.7E-16,5.E-17,20.307712602;                    0001473P0000861
110,16.479472534,26.547916667,20.507712602,15.514280039,26.5,    0001475P0000862
20.306952275;                                                    0001475P0000863
100,0.,0.,0.,0.2,0.,0.2,0.;                                      0001477P0000864
124,-1.5E-16,1.,0.,15.514280039,3.E-17,4.5E-33,1.,26.5,1.,       0001479P0000865
1.5E-16,-3.E-17,20.106952275;                                    0001479P0000866
144,1483,1,0,1489;                                               0001481P0000867
122,1485,17.385263332,26.595833333,20.896871041;                 0001483P0000868
100,0.,0.,0.,0.2,0.,0.2,0.;                                      0001485P0000869
124,-2.1E-16,1.,-1.E-17,16.479472534,3.E-17,1.E-17,1.,           0001487P0000870
26.547916667,1.,2.1E-16,-3.E-17,20.307712602;                    0001487P0000871
142,0,1483,0,1491,2;                                             0001489P0000872
102,4,1493,1495,1499,1501;                                       0001491P0000873
110,16.479472534,26.547916667,20.507712602,17.385263332,         0001493P0000874
26.595833333,20.896871041;                                       0001493P0000875
100,0.,0.,0.,0.2,0.,0.2,0.;                                      0001495P0000876
124,-2.1E-16,-1.,1.E-17,17.385263332,3.E-17,-1.E-17,-1.,         0001497P0000877
26.595833333,1.,-2.1E-16,3.E-17,20.696871041;                    0001497P0000878
110,17.385263332,26.595833333,20.896871041,16.479472534,         0001499P0000879
26.547916667,20.507712602;                                       0001499P0000880
100,0.,0.,0.,0.2,0.,0.2,0.;                                      0001501P0000881
124,-1.7E-16,1.,0.,16.479472534,5.E-17,8.5E-33,1.,26.547916667,  0001503P0000882
1.,1.7E-16,-5.E-17,20.307712602;                                 0001503P0000883
144,1507,1,0,1513;                                               0001505P0000884
122,1509,18.195284398,26.64375,21.458802649;                     0001507P0000885
100,0.,0.,0.,0.2,0.,0.2,0.;                                      0001509P0000886
124,-1.4E-16,1.,-1.E-17,17.385263332,3.E-17,1.E-17,1.,           0001511P0000887
26.595833333,1.,1.4E-16,-3.E-17,20.696871041;                    0001511P0000888
142,0,1507,0,1515,2;                                             0001513P0000889
102,4,1517,1519,1523,1525;                                       0001515P0000890
110,17.385263332,26.595833333,20.896871041,18.195284398,         0001517P0000891
26.64375,21.458802649;                                           0001517P0000892
100,0.,0.,0.,0.2,0.,0.2,0.;                                      0001519P0000893
124,-1.4E-16,-1.,1.E-17,18.195284398,3.E-17,-1.E-17,-1.,         0001521P0000894
26.64375,1.,-1.4E-16,3.E-17,21.258802649;                        0001521P0000895
110,18.195284398,26.64375,21.458802649,17.385263332,             0001523P0000896
26.595833333,20.896871041;                                       0001523P0000897
100,0.,0.,0.,0.2,0.,0.2,0.;                                      0001525P0000898
124,-2.1E-16,1.,-1.E-17,17.385263332,3.E-17,1.E-17,1.,           0001527P0000899
26.595833333,1.,2.1E-16,-3.E-17,20.696871041;                    0001527P0000900
144,1531,1,0,1537;                                               0001529P0000901
122,1533,18.877012908,26.691666667,22.170945541;                 0001531P0000902
100,0.,0.,0.,0.2,0.,0.2,0.;                                      0001533P0000903
124,-1.9E-16,1.,-1.E-17,18.195284398,4.E-17,1.E-17,1.,26.64375,  0001535P0000904
1.,1.9E-16,-4.E-17,21.258802649;                                 0001535P0000905
142,0,1531,0,1539,2;                                             0001537P0000906
102,4,1541,1543,1547,1549;                                       0001539P0000907
110,18.195284398,26.64375,21.458802649,18.877012908,             0001541P0000908
26.691666667,22.170945541;                                       0001541P0000909
100,0.,0.,0.,0.2,0.,0.2,0.;                                      0001543P0000910
124,-1.9E-16,-1.,1.E-17,18.877012908,4.E-17,-1.E-17,-1.,         0001545P0000911
26.691666667,1.,-1.9E-16,4.E-17,21.970945541;                    0001545P0000912
110,18.877012908,26.691666667,22.170945541,18.195284398,         0001547P0000913
26.64375,21.458802649;                                           0001547P0000914
100,0.,0.,0.,0.2,0.,0.2,0.;                                      0001549P0000915
124,-1.4E-16,1.,-1.E-17,18.195284398,3.E-17,1.E-17,1.,26.64375,  0001551P0000916
1.,1.4E-16,-3.E-17,21.258802649;                                 0001551P0000917
144,1555,1,0,1561;                                               0001553P0000918
122,1557,19.403077059,26.739583333,23.004706759;                 0001555P0000919
100,0.,0.,0.,0.2,0.,0.2,0.;                                      0001557P0000920
124,-3.1E-16,1.,-1.E-17,18.877012908,4.E-17,1.E-17,1.,           0001559P0000921
26.691666667,1.,3.1E-16,-4.E-17,21.970945541;                    0001559P0000922
142,0,1555,0,1563,2;                                             0001561P0000923
102,4,1565,1567,1571,1573;                                       0001563P0000924
110,18.877012908,26.691666667,22.170945541,19.403077059,         0001565P0000925
26.739583333,23.004706759;                                       0001565P0000926
100,0.,0.,0.,0.2,0.,0.2,0.;                                      0001567P0000927
124,-3.1E-16,-1.,1.E-17,19.403077059,4.E-17,-1.E-17,-1.,         0001569P0000928
26.739583333,1.,-3.1E-16,4.E-17,22.804706759;                    0001569P0000929
110,19.403077059,26.739583333,23.004706759,18.877012908,         0001571P0000930
26.691666667,22.170945541;                                       0001571P0000931
100,0.,0.,0.,0.2,0.,0.2,0.;                                      0001573P0000932
124,-1.9E-16,1.,-1.E-17,18.877012908,4.E-17,1.E-17,1.,           0001575P0000933
26.691666667,1.,1.9E-16,-4.E-17,21.970945541;                    0001575P0000934
144,1579,1,0,1585;                                               0001577P0000935
122,1581,19.752355065,26.7875,23.926610298;                      0001579P0000936
100,0.,0.,0.,0.2,0.,0.2,0.;                                      0001581P0000937
124,-3.3E-16,1.,-1.E-17,19.403077059,2.E-17,1.E-17,1.,           0001583P0000938
26.739583333,1.,3.3E-16,-2.E-17,22.804706759;                    0001583P0000939
142,0,1579,0,1587,2;                                             0001585P0000940
102,4,1589,1591,1595,1597;                                       0001587P0000941
110,19.403077059,26.739583333,23.004706759,19.752355065,26.7875, 0001589P0000942
23.926610298;                                                    0001589P0000943
100,0.,0.,0.,0.2,0.,0.2,0.;                                      0001591P0000944
124,-3.3E-16,-1.,1.E-17,19.752355065,2.E-17,-1.E-17,-1.,26.7875, 0001593P0000945
1.,-3.3E-16,2.E-17,23.726610298;                                 0001593P0000946
110,19.752355065,26.7875,23.926610298,19.403077059,26.739583333, 0001595P0000947
23.004706759;                                                    0001595P0000948
100,0.,0.,0.,0.2,0.,0.2,0.;                                      0001597P0000949
124,-3.1E-16,1.,-1.E-17,19.403077059,4.E-17,1.E-17,1.,           0001599P0000950
26.739583333,1.,3.1E-16,-4.E-17,22.804706759;                    0001599P0000951
144,1603,1,0,1609;                                               0001601P0000952
122,1605,19.910823208,26.835416667,24.899641185;                 0001603P0000953
100,0.,0.,0.,0.2,0.,0.2,0.;                                      0001605P0000954
124,-3.9E-16,1.,-1.E-17,19.752355065,4.E-17,1.E-17,1.,26.7875,   0001607P0000955
1.,3.9E-16,-4.E-17,23.726610298;                                 0001607P0000956
142,0,1603,0,1611,2;                                             0001609P0000957
102,4,1613,1615,1619,1621;                                       0001611P0000958
110,19.752355065,26.7875,23.926610298,19.910823208,26.835416667, 0001613P0000959
24.899641185;                                                    0001613P0000960
100,0.,0.,0.,0.2,0.,0.2,0.;                                      0001615P0000961
124,-3.9E-16,-1.,1.E-17,19.910823208,4.E-17,-1.E-17,-1.,         0001617P0000962
26.835416667,1.,-3.9E-16,4.E-17,24.699641185;                    0001617P0000963
110,19.910823208,26.835416667,24.899641185,19.752355065,26.7875, 0001619P0000964
23.926610298;                                                    0001619P0000965
100,0.,0.,0.,0.2,0.,0.2,0.;                                      0001621P0000966
124,-3.3E-16,1.,-1.E-17,19.752355065,2.E-17,1.E-17,1.,26.7875,   0001623P0000967
1.,3.3E-16,-2.E-17,23.726610298;                                 0001623P0000968
144,1627,1,0,1633;                                               0001625P0000969
122,1629,19.872118898,26.883333333,25.884731657;                 0001627P0000970
100,0.,0.,0.,0.2,0.,0.2,0.;                                      0001629P0000971
124,-3.9E-16,1.,-1.E-17,19.910823208,4.E-17,1.E-17,1.,           0001631P0000972
26.835416667,1.,3.9E-16,-4.E-17,24.699641185;                    0001631P0000973
142,0,1627,0,1635,2;                                             0001633P0000974
102,4,1637,1639,1643,1645;                                       0001635P0000975
110,19.910823208,26.835416667,24.899641185,19.872118898,         0001637P0000976
26.883333333,25.884731657;                                       0001637P0000977
100,0.,0.,0.,0.2,0.,0.2,0.;                                      0001639P0000978
124,-3.9E-16,-1.,1.E-17,19.872118898,4.E-17,-1.E-17,-1.,         0001641P0000979
26.883333333,1.,-3.9E-16,4.E-17,25.684731657;                    0001641P0000980
110,19.872118898,26.883333333,25.884731657,19.910823208,         0001643P0000981
26.835416667,24.899641185;                                       0001643P0000982
100,0.,0.,0.,0.2,0.,0.2,0.;                                      0001645P0000983
124,-3.9E-16,1.,-1.E-17,19.910823208,4.E-17,1.E-17,1.,           0001647P0000984
26.835416667,1.,3.9E-16,-4.E-17,24.699641185;                    0001647P0000985
144,1651,1,0,1657;                                               0001649P0000986
122,1653,19.637796136,26.93125,26.842329747;                     0001651P0000987
100,0.,0.,0.,0.2,0.,0.2,0.;                                      0001653P0000988
124,-3.7E-16,1.,-1.E-17,19.872118898,5.E-17,1.E-17,1.,           0001655P0000989
26.883333333,1.,3.7E-16,-5.E-17,25.684731657;                    0001655P0000990
142,0,1651,0,1659,2;                                             0001657P0000991
102,4,1661,1663,1667,1669;                                       0001659P0000992
110,19.872118898,26.883333333,25.884731657,19.637796136,         0001661P0000993
26.93125,26.842329747;                                           0001661P0000994
100,0.,0.,0.,0.2,0.,0.2,0.;                                      0001663P0000995
124,-3.7E-16,-1.,1.E-17,19.637796136,5.E-17,-1.E-17,-1.,         0001665P0000996
26.93125,1.,-3.7E-16,5.E-17,26.642329747;                        0001665P0000997
110,19.637796136,26.93125,26.842329747,19.872118898,             0001667P0000998
26.883333333,25.884731657;                                       0001667P0000999
100,0.,0.,0.,0.2,0.,0.2,0.;                                      0001669P0001000
124,-3.9E-16,1.,-1.E-17,19.872118898,4.E-17,1.E-17,1.,           0001671P0001001
26.883333333,1.,3.9E-16,-4.E-17,25.684731657;                    0001671P0001002
144,1675,1,0,1681;                                               0001673P0001003
122,1677,19.217263119,26.979166667,27.733987329;                 0001675P0001004
100,0.,0.,0.,0.2,0.,0.2,0.;                                      0001677P0001005
124,-3.2E-16,1.,-1.E-17,19.637796136,6.E-17,1.E-17,1.,26.93125,  0001679P0001006
1.,3.2E-16,-6.E-17,26.642329747;                                 0001679P0001007
142,0,1675,0,1683,2;                                             0001681P0001008
102,4,1685,1687,1691,1693;                                       0001683P0001009
110,19.637796136,26.93125,26.842329747,19.217263119,             0001685P0001010
26.979166667,27.733987329;                                       0001685P0001011
100,0.,0.,0.,0.2,0.,0.2,0.;                                      0001687P0001012
124,-3.2E-16,-1.,1.E-17,19.217263119,6.E-17,-1.E-17,-1.,         0001689P0001013
26.979166667,1.,-3.2E-16,6.E-17,27.533987329;                    0001689P0001014
110,19.217263119,26.979166667,27.733987329,19.637796136,         0001691P0001015
26.93125,26.842329747;                                           0001691P0001016
100,0.,0.,0.,0.2,0.,0.2,0.;                                      0001693P0001017
124,-3.7E-16,1.,-1.E-17,19.637796136,5.E-17,1.E-17,1.,26.93125,  0001695P0001018
1.,3.7E-16,-5.E-17,26.642329747;                                 0001695P0001019
144,1699,1,0,1705;                                               0001697P0001020
122,1701,18.627404497,27.027083333,28.523903821;                 0001699P0001021
100,0.,0.,0.,0.2,0.,0.2,0.;                                      0001701P0001022
124,-4.2E-16,1.,-2.E-17,19.217263119,6.E-17,2.E-17,1.,           0001703P0001023
26.979166667,1.,4.2E-16,-6.E-17,27.533987329;                    0001703P0001024
142,0,1699,0,1707,2;                                             0001705P0001025
102,4,1709,1711,1715,1717;                                       0001707P0001026
110,19.217263119,26.979166667,27.733987329,18.627404497,         0001709P0001027
27.027083333,28.523903821;                                       0001709P0001028
100,0.,0.,0.,0.2,0.,0.2,0.;                                      0001711P0001029
124,-4.2E-16,-1.,2.E-17,18.627404497,6.E-17,-2.E-17,-1.,         0001713P0001030
27.027083333,1.,-4.2E-16,6.E-17,28.323903821;                    0001713P0001031
110,18.627404497,27.027083333,28.523903821,19.217263119,         0001715P0001032
26.979166667,27.733987329;                                       0001715P0001033
100,0.,0.,0.,0.2,0.,0.2,0.;                                      0001717P0001034
124,-3.2E-16,1.,-1.E-17,19.217263119,6.E-17,1.E-17,1.,           0001719P0001035
26.979166667,1.,3.2E-16,-6.E-17,27.533987329;                    0001719P0001036
144,1723,1,0,1729;                                               0001721P0001037
122,1725,17.891903441,27.075,29.180363612;                       0001723P0001038
100,0.,0.,0.,0.2,0.,0.2,0.;                                      0001725P0001039
124,-3.7E-16,1.,-2.E-17,18.627404497,6.E-17,2.E-17,1.,           0001727P0001040
27.027083333,1.,3.7E-16,-6.E-17,28.323903821;                    0001727P0001041
142,0,1723,0,1731,2;                                             0001729P0001042
102,4,1733,1735,1739,1741;                                       0001731P0001043
110,18.627404497,27.027083333,28.523903821,17.891903441,27.075,  0001733P0001044
29.180363612;                                                    0001733P0001045
100,0.,0.,0.,0.2,0.,0.2,0.;                                      0001735P0001046
124,-3.7E-16,-1.,2.E-17,17.891903441,6.E-17,-2.E-17,-1.,27.075,  0001737P0001047
1.,-3.7E-16,6.E-17,28.980363612;                                 0001737P0001048
110,17.891903441,27.075,29.180363612,18.627404497,27.027083333,  0001739P0001049
28.523903821;                                                    0001739P0001050
100,0.,0.,0.,0.2,0.,0.2,0.;                                      0001741P0001051
124,-4.2E-16,1.,-2.E-17,18.627404497,6.E-17,2.E-17,1.,           0001743P0001052
27.027083333,1.,4.2E-16,-6.E-17,28.323903821;                    0001743P0001053
144,1747,1,0,1753;                                               0001745P0001054
122,1749,17.040290754,27.122916667,29.677009453;                 0001747P0001055
100,0.,0.,0.,0.2,0.,0.2,0.;                                      0001749P0001056
124,-3.7E-16,1.,-1.E-17,17.891903441,7.E-17,1.E-17,1.,27.075,1., 0001751P0001057
3.7E-16,-7.E-17,28.980363612;                                    0001751P0001058
142,0,1747,0,1755,2;                                             0001753P0001059
102,4,1757,1759,1763,1765;                                       0001755P0001060
110,17.891903441,27.075,29.180363612,17.040290754,27.122916667,  0001757P0001061
29.677009453;                                                    0001757P0001062
100,0.,0.,0.,0.2,0.,0.2,0.;                                      0001759P0001063
124,-3.7E-16,-1.,1.E-17,17.040290754,7.E-17,-1.E-17,-1.,         0001761P0001064
27.122916667,1.,-3.7E-16,7.E-17,29.477009453;                    0001761P0001065
110,17.040290754,27.122916667,29.677009453,17.891903441,27.075,  0001763P0001066
29.180363612;                                                    0001763P0001067
100,0.,0.,0.,0.2,0.,0.2,0.;                                      0001765P0001068
124,-3.7E-16,1.,-2.E-17,17.891903441,6.E-17,2.E-17,1.,27.075,1., 0001767P0001069
3.7E-16,-6.E-17,28.980363612;                                    0001767P0001070
144,1771,1,0,1777;                                               0001769P0001071
122,1773,16.106759187,27.170833333,29.993900719;                 0001771P0001072
100,0.,0.,0.,0.2,0.,0.2,0.;                                      0001773P0001073
124,-3.7E-16,1.,-2.E-17,17.040290754,6.E-17,2.E-17,1.,           0001775P0001074
27.122916667,1.,3.7E-16,-6.E-17,29.477009453;                    0001775P0001075
142,0,1771,0,1779,2;                                             0001777P0001076
102,4,1781,1783,1787,1789;                                       0001779P0001077
110,17.040290754,27.122916667,29.677009453,16.106759187,         0001781P0001078
27.170833333,29.993900719;                                       0001781P0001079
100,0.,0.,0.,0.2,0.,0.2,0.;                                      0001783P0001080
124,-3.7E-16,-1.,2.E-17,16.106759187,6.E-17,-2.E-17,-1.,         0001785P0001081
27.170833333,1.,-3.7E-16,6.E-17,29.793900719;                    0001785P0001082
110,16.106759187,27.170833333,29.993900719,17.040290754,         0001787P0001083
27.122916667,29.677009453;                                       0001787P0001084
100,0.,0.,0.,0.2,0.,0.2,0.;                                      0001789P0001085
124,-3.7E-16,1.,-1.E-17,17.040290754,7.E-17,1.E-17,1.,           0001791P0001086
27.122916667,1.,3.7E-16,-7.E-17,29.477009453;                    0001791P0001087
144,1795,1,0,1801;                                               0001793P0001088
122,1797,15.128790586,27.21875,30.118314039;                     0001795P0001089
100,0.,0.,0.,0.2,0.,0.2,0.;                                      0001797P0001090
124,-3.9E-16,1.,-2.E-17,16.106759187,6.E-17,2.E-17,1.,           0001799P0001091
27.170833333,1.,3.9E-16,-6.E-17,29.793900719;                    0001799P0001092
142,0,1795,0,1803,2;                                             0001801P0001093
102,4,1805,1807,1811,1813;                                       0001803P0001094
110,16.106759187,27.170833333,29.993900719,15.128790586,         0001805P0001095
27.21875,30.118314039;                                           0001805P0001096
100,0.,0.,0.,0.2,0.,0.2,0.;                                      0001807P0001097
124,-3.9E-16,-1.,2.E-17,15.128790586,6.E-17,-2.E-17,-1.,         0001809P0001098
27.21875,1.,-3.9E-16,6.E-17,29.918314039;                        0001809P0001099
110,15.128790586,27.21875,30.118314039,16.106759187,             0001811P0001100
27.170833333,29.993900719;                                       0001811P0001101
100,0.,0.,0.,0.2,0.,0.2,0.;                                      0001813P0001102
124,-3.7E-16,1.,-2.E-17,16.106759187,6.E-17,2.E-17,1.,           0001815P0001103
27.170833333,1.,3.7E-16,-6.E-17,29.793900719;                    0001815P0001104
144,1819,1,0,1825;                                               0001817P0001105
122,1821,14.145650966,27.266666667,30.045254145;                 0001819P0001106
100,0.,0.,0.,0.2,0.,0.2,0.;                                      0001821P0001107
124,-3.7E-16,1.,-2.E-17,15.128790586,6.E-17,2.E-17,1.,27.21875,  0001823P0001108
1.,3.7E-16,-6.E-17,29.918314039;                                 0001823P0001109
142,0,1819,0,1827,2;                                             0001825P0001110
102,4,1829,1831,1835,1837;                                       0001827P0001111
110,15.128790586,27.21875,30.118314039,14.145650966,             0001829P0001112
27.266666667,30.045254145;                                       0001829P0001113
100,0.,0.,0.,0.2,0.,0.2,0.;                                      0001831P0001114
124,-3.7E-16,-1.,2.E-17,14.145650966,6.E-17,-2.E-17,-1.,         0001833P0001115
27.266666667,1.,-3.7E-16,6.E-17,29.845254145;                    0001833P0001116
110,14.145650966,27.266666667,30.045254145,15.128790586,         0001835P0001117
27.21875,30.118314039;                                           0001835P0001118
100,0.,0.,0.,0.2,0.,0.2,0.;                                      0001837P0001119
124,-3.9E-16,1.,-2.E-17,15.128790586,6.E-17,2.E-17,1.,27.21875,  0001839P0001120
1.,3.9E-16,-6.E-17,29.918314039;                                 0001839P0001121
144,1843,1,0,1849;                                               0001841P0001122
122,1845,13.196813965,27.314583333,29.777654434;                 0001843P0001123
100,0.,0.,0.,0.2,0.,0.2,0.;                                      0001845P0001124
124,-3.7E-16,1.,-3.E-17,14.145650966,6.E-17,3.E-17,1.,           0001847P0001125
27.266666667,1.,3.7E-16,-6.E-17,29.845254145;                    0001847P0001126
142,0,1843,0,1851,2;                                             0001849P0001127
102,4,1853,1855,1859,1861;                                       0001851P0001128
110,14.145650966,27.266666667,30.045254145,13.196813965,         0001853P0001129
27.314583333,29.777654434;                                       0001853P0001130
100,0.,0.,0.,0.2,0.,0.2,0.;                                      0001855P0001131
124,-3.7E-16,-1.,3.E-17,13.196813965,6.E-17,-3.E-17,-1.,         0001857P0001132
27.314583333,1.,-3.7E-16,6.E-17,29.577654434;                    0001857P0001133
110,13.196813965,27.314583333,29.777654434,14.145650966,         0001859P0001134
27.266666667,30.045254145;                                       0001859P0001135
100,0.,0.,0.,0.2,0.,0.2,0.;                                      0001861P0001136
124,-3.7E-16,1.,-2.E-17,14.145650966,6.E-17,2.E-17,1.,           0001863P0001137
27.266666667,1.,3.7E-16,-6.E-17,29.845254145;                    0001863P0001138
144,1867,1,0,1873;                                               0001865P0001139
122,1869,12.320375948,27.3625,29.326259194;                      0001867P0001140
100,0.,0.,0.,0.2,0.,0.2,0.;                                      0001869P0001141
124,-3.2E-16,1.,-4.E-17,13.196813965,3.E-17,4.E-17,1.,           0001871P0001142
27.314583333,1.,3.2E-16,-3.E-17,29.577654434;                    0001871P0001143
142,0,1867,0,1875,2;                                             0001873P0001144
102,4,1877,1879,1883,1885;                                       0001875P0001145
110,13.196813965,27.314583333,29.777654434,12.320375948,27.3625, 0001877P0001146
29.326259194;                                                    0001877P0001147
100,0.,0.,0.,0.2,0.,0.2,0.;                                      0001879P0001148
124,-3.2E-16,-1.,4.E-17,12.320375948,3.E-17,-4.E-17,-1.,27.3625, 0001881P0001149
1.,-3.2E-16,3.E-17,29.126259194;                                 0001881P0001150
110,12.320375948,27.3625,29.326259194,13.196813965,27.314583333, 0001883P0001151
29.777654434;                                                    0001883P0001152
100,0.,0.,0.,0.2,0.,0.2,0.;                                      0001885P0001153
124,-3.7E-16,1.,-3.E-17,13.196813965,6.E-17,3.E-17,1.,           0001887P0001154
27.314583333,1.,3.7E-16,-6.E-17,29.577654434;                    0001887P0001155
144,1891,1,0,1897;                                               0001889P0001156
122,1893,11.55152642,27.410416667,28.70919221;                   0001891P0001157
100,0.,0.,0.,0.2,0.,0.2,0.;                                      0001893P0001158
124,-3.9E-16,1.,-3.E-17,12.320375948,5.E-17,3.E-17,1.,27.3625,   0001895P0001159
1.,3.9E-16,-5.E-17,29.126259194;                                 0001895P0001160
142,0,1891,0,1899,2;                                             0001897P0001161
102,4,1901,1903,1907,1909;                                       0001899P0001162
110,12.320375948,27.3625,29.326259194,11.55152642,27.410416667,  0001901P0001163
28.70919221;                                                     0001901P0001164
100,0.,0.,0.,0.2,0.,0.2,0.;                                      0001903P0001165
124,-3.9E-16,-1.,3.E-17,11.55152642,5.E-17,-3.E-17,-1.,          0001905P0001166
27.410416667,1.,-3.9E-16,5.E-17,28.50919221;                     0001905P0001167
110,11.55152642,27.410416667,28.70919221,12.320375948,27.3625,   0001907P0001168
29.326259194;                                                    0001907P0001169
100,0.,0.,0.,0.2,0.,0.2,0.;                                      0001909P0001170
124,-3.2E-16,1.,-4.E-17,12.320375948,3.E-17,4.E-17,1.,27.3625,   0001911P0001171
1.,3.2E-16,-3.E-17,29.126259194;                                 0001911P0001172
144,1915,1,0,1921;                                               0001913P0001173
122,1917,10.921135143,27.458333333,27.951229085;                 0001915P0001174
100,0.,0.,0.,0.2,0.,0.2,0.;                                      0001917P0001175
124,-3.9E-16,1.,-4.E-17,11.55152642,5.E-17,4.E-17,1.,            0001919P0001176
27.410416667,1.,3.9E-16,-5.E-17,28.50919221;                     0001919P0001177
142,0,1915,0,1923,2;                                             0001921P0001178
102,4,1925,1927,1931,1933;                                       0001923P0001179
110,11.55152642,27.410416667,28.70919221,10.921135143,           0001925P0001180
27.458333333,27.951229085;                                       0001925P0001181
100,0.,0.,0.,0.2,0.,0.2,0.;                                      0001927P0001182
124,-3.9E-16,-1.,4.E-17,10.921135143,5.E-17,-4.E-17,-1.,         0001929P0001183
27.458333333,1.,-3.9E-16,5.E-17,27.751229085;                    0001929P0001184
110,10.921135143,27.458333333,27.951229085,11.55152642,          0001931P0001185
27.410416667,28.70919221;                                        0001931P0001186
100,0.,0.,0.,0.2,0.,0.2,0.;                                      0001933P0001187
124,-3.9E-16,1.,-3.E-17,11.55152642,5.E-17,3.E-17,1.,            0001935P0001188
27.410416667,1.,3.9E-16,-5.E-17,28.50919221;                     0001935P0001189
144,1939,1,0,1945;                                               0001937P0001190
122,1941,10.4545127,27.50625,27.082802487;                       0001939P0001191
100,0.,0.,0.,0.2,1.776356839E-15,0.2,1.776356839E-15;            0001941P0001192
124,-3.5E-16,1.,-4.E-17,10.921135143,5.E-17,4.E-17,1.,           0001943P0001193
27.458333333,1.,3.5E-16,-5.E-17,27.751229085;                    0001943P0001194
142,0,1939,0,1947,2;                                             0001945P0001195
102,4,1949,1951,1955,1957;                                       0001947P0001196
110,10.921135143,27.458333333,27.951229085,10.4545127,27.50625,  0001949P0001197
27.082802487;                                                    0001949P0001198
100,0.,0.,0.,0.2,0.,0.2,0.;                                      0001951P0001199
124,-3.5E-16,-1.,4.E-17,10.4545127,5.E-17,-4.E-17,-1.,27.50625,  0001953P0001200
1.,-3.5E-16,5.E-17,26.882802487;                                 0001953P0001201
110,10.4545127,27.50625,27.082802487,10.921135143,27.458333333,  0001955P0001202
27.951229085;                                                    0001955P0001203
100,0.,0.,0.,0.2,0.,0.2,0.;                                      0001957P0001204
124,-3.9E-16,1.,-4.E-17,10.921135143,5.E-17,4.E-17,1.,           0001959P0001205
27.458333333,1.,3.9E-16,-5.E-17,27.751229085;                    0001959P0001206
144,1963,1,0,1969;                                               0001961P0001207
122,1965,10.170394257,27.554166667,26.138780257;                 0001963P0001208
100,0.,0.,0.,0.2,0.,0.2,0.;                                      0001965P0001209
124,-4.E-16,1.,-4.E-17,10.4545127,5.E-17,4.E-17,1.,27.50625,1.,  0001967P0001210
4.E-16,-5.E-17,26.882802487;                                     0001967P0001211
142,0,1963,0,1971,2;                                             0001969P0001212
102,4,1973,1975,1979,1981;                                       0001971P0001213
110,10.4545127,27.50625,27.082802487,10.170394257,27.554166667,  0001973P0001214
26.138780257;                                                    0001973P0001215
100,0.,0.,0.,0.2,0.,0.2,0.;                                      0001975P0001216
124,-4.E-16,-1.,4.E-17,10.170394257,5.E-17,-4.E-17,-1.,          0001977P0001217
27.554166667,1.,-4.E-16,5.E-17,25.938780257;                     0001977P0001218
110,10.170394257,27.554166667,26.138780257,10.4545127,27.50625,  0001979P0001219
27.082802487;                                                    0001979P0001220
100,0.,0.,0.,0.2,0.,0.2,0.;                                      0001981P0001221
124,-3.5E-16,1.,-4.E-17,10.4545127,5.E-17,4.E-17,1.,27.50625,1., 0001983P0001222
3.5E-16,-5.E-17,26.882802487;                                    0001983P0001223
144,1987,1,0,1993;                                               0001985P0001224
122,1989,10.080187339,27.602083333,25.157065445;                 0001987P0001225
100,0.,0.,0.,0.2,0.,0.2,0.;                                      0001989P0001226
124,-4.E-16,1.,-4.E-17,10.170394257,5.E-17,4.E-17,1.,            0001991P0001227
27.554166667,1.,4.E-16,-5.E-17,25.938780257;                     0001991P0001228
142,0,1987,0,1995,2;                                             0001993P0001229
102,4,1997,1999,2003,2005;                                       0001995P0001230
110,10.170394257,27.554166667,26.138780257,10.080187339,         0001997P0001231
27.602083333,25.157065445;                                       0001997P0001232
100,0.,0.,0.,0.2,0.,0.2,0.;                                      0001999P0001233
124,-4.E-16,-1.,4.E-17,10.080187339,5.E-17,-4.E-17,-1.,          0002001P0001234
27.602083333,1.,-4.E-16,5.E-17,24.957065445;                     0002001P0001235
110,10.080187339,27.602083333,25.157065445,10.170394257,         0002003P0001236
27.554166667,26.138780257;                                       0002003P0001237
100,0.,0.,0.,0.2,0.,0.2,0.;                                      0002005P0001238
124,-4.E-16,1.,-4.E-17,10.170394257,5.E-17,4.E-17,1.,            0002007P0001239
27.554166667,1.,4.E-16,-5.E-17,25.938780257;                     0002007P0001240
144,2011,1,0,2017;                                               0002009P0001241
122,2013,10.187513804,27.65,24.177074481;                        0002011P0001242
100,0.,0.,0.,0.2,0.,0.2,0.;                                      0002013P0001243
124,-4.E-16,1.,-4.E-17,10.080187339,4.E-17,4.E-17,1.,            0002015P0001244
27.602083333,1.,4.E-16,-4.E-17,24.957065445;                     0002015P0001245
142,0,2011,0,2019,2;                                             0002017P0001246
102,4,2021,2023,2027,2029;                                       0002019P0001247
110,10.080187339,27.602083333,25.157065445,10.187513804,27.65,   0002021P0001248
24.177074481;                                                    0002021P0001249
100,0.,0.,0.,0.2,0.,0.2,0.;                                      0002023P0001250
124,-4.E-16,-1.,4.E-17,10.187513804,4.E-17,-4.E-17,-1.,27.65,1., 0002025P0001251
-4.E-16,4.E-17,23.977074481;                                     0002025P0001252
110,10.187513804,27.65,24.177074481,10.080187339,27.602083333,   0002027P0001253
25.157065445;                                                    0002027P0001254
100,0.,0.,0.,0.2,0.,0.2,0.;                                      0002029P0001255
124,-4.E-16,1.,-4.E-17,10.080187339,5.E-17,4.E-17,1.,            0002031P0001256
27.602083333,1.,4.E-16,-5.E-17,24.957065445;                     0002031P0001257
144,2035,1,0,2037;                                               0002033P0001258
108,-0.,-1.,-0.,-25.35,0,19.92,25.35,25.,0.;                     0002035P0001259
142,0,2035,0,2039,2;                                             0002037P0001260
100,0.,0.,0.,0.2,0.,0.2,0.;                                      0002039P0001261
124,0.,-1.,0.,19.92,-1.E-17,0.,-1.,25.35,1.,0.,-1.E-17,25.;      0002041P0001262
144,2045,1,0,2047;                                               0002043P0001263
108,0.,1.,0.,27.65,0,10.187513804,27.65,23.977074481,0.;         0002045P0001264
142,0,2045,0,2049,2;                                             0002047P0001265
100,0.,0.,0.,0.2,0.,0.2,0.;                                      0002049P0001266
124,-4.E-16,1.,-4.E-17,10.187513804,4.E-17,4.E-17,1.,27.65,1.,   0002051P0001267
4.E-16,-4.E-17,23.977074481;                                     0002051P0001268
402,90,2055,2077,2101,2117,2133,2157,2183,2205,2221,2243,2259,   0002053P0001269
2275,2409,2435,2459,2483,2507,2531,2551,2579,2599,2619,2645,     0002053P0001270
2669,2685,2709,2733,2757,2781,2805,2831,2965,2991,3015,3039,     0002053P0001271
3063,3087,3107,3133,3157,3181,3205,3229,3253,3277,3301,3325,     0002053P0001272
3349,3373,3397,3421,3445,3469,3493,3517,3541,3565,3589,3615,     0002053P0001273
3639,3663,3687,3711,3735,3759,3783,3807,3831,3851,3875,3899,     0002053P0001274
3923,3947,3971,3997,4007,4031,4055,4079,4103,4123,4149,4173,     0002053P0001275
4197,4221,4237,4261,4285,4309,4333;                              0002053P0001276
144,2057,1,1,2059,2071;                                          0002055P0001277
108,-0.,-1.,-0.,-0.,0,0.,0.,0.,0.;                               0002057P0001278
142,0,2057,0,2061,2;                                             0002059P0001279
102,4,2063,2065,2067,2069;                                       0002061P0001280
110,30.,0.,0.,30.,0.,50.;                                        0002063P0001281
110,30.,0.,50.,0.,0.,50.;                                        0002065P0001282
110,0.,0.,50.,0.,0.,0.;                                          0002067P0001283
110,0.,0.,0.,30.,0.,0.;                                          0002069P0001284
142,0,2057,0,2073,2;                                             0002071P0001285
100,0.,0.,0.,5.,0.,5.,0.;                                        0002073P0001286
124,0.,1.,0.,15.,0.,0.,1.,0.,1.,0.,0.,25.;                       0002075P0001287
144,2079,1,0,2081;                                               0002077P0001288
108,-1.,-0.,-0.,-0.,0,0.,30.,0.,0.;                              0002079P0001289
142,0,2079,0,2083,2;                                             0002081P0001290
102,8,2085,2087,2089,2091,2093,2095,2097,2099;                   0002083P0001291
110,0.,30.,50.,0.,30.,0.;                                        0002085P0001292
110,0.,30.,0.,0.,0.,0.;                                          0002087P0001293
110,0.,0.,0.,0.,0.,50.;                                          0002089P0001294
110,0.,0.,50.,0.,5.,50.;                                         0002091P0001295
110,0.,5.,50.,0.,5.,15.;                                         0002093P0001296
110,0.,5.,15.,0.,25.,15.;                                        0002095P0001297
110,0.,25.,15.,0.,25.,50.;                                       0002097P0001298
110,0.,25.,50.,0.,30.,50.;                                       0002099P0001299
144,2103,1,0,2105;                                               0002101P0001300
108,-0.,-0.,-1.,-0.,0,15.,15.,0.,0.;                             0002103P0001301
142,0,2103,0,2107,2;                                             0002105P0001302
102,4,2109,2111,2113,2115;                                       0002107P0001303
110,0.,0.,0.,0.,30.,0.;                                          0002109P0001304
110,0.,30.,0.,30.,30.,0.;                                        0002111P0001305
110,30.,30.,0.,30.,0.,0.;                                        0002113P0001306
110,30.,0.,0.,0.,0.,0.;                                          0002115P0001307
144,2119,1,0,2121;                                               0002117P0001308
108,0.,0.,1.,50.,0,15.,15.,50.,0.;                               0002119P0001309
142,0,2119,0,2123,2;                                             0002121P0001310
102,4,2125,2127,2129,2131;                                       0002123P0001311
110,0.,5.,50.,0.,0.,50.;                                         0002125P0001312
110,0.,0.,50.,30.,0.,50.;                                        0002127P0001313
110,30.,0.,50.,30.,5.,50.;                                       0002129P0001314
110,30.,5.,50.,0.,5.,50.;                                        0002131P0001315
144,2135,1,0,2137;                                               0002133P0001316
108,1.,-0.,-0.,30.,0,30.,0.,0.,0.;                               0002135P0001317
142,0,2135,0,2139,2;                                             0002137P0001318
102,8,2141,2143,2145,2147,2149,2151,2153,2155;                   0002139P0001319
110,30.,0.,50.,30.,0.,0.;                                        0002141P0001320
110,30.,0.,0.,30.,30.,0.;                                        0002143P0001321
110,30.,30.,0.,30.,30.,50.;                                      0002145P0001322
110,30.,30.,50.,30.,25.,50.;                                     0002147P0001323
110,30.,25.,50.,30.,25.,15.;                                     0002149P0001324
110,30.,25.,15.,30.,5.,15.;                                      0002151P0001325
110,30.,5.,15.,30.,5.,50.;                                       0002153P0001326
110,30.,5.,50.,30.,0.,50.;                                       0002155P0001327
144,2159,1,0,2167;                                               0002157P0001328
120,2163,2165,0.,6.283185307;                                    0002159P0001329
124,0.,-1.,0.,15.,0.,0.,1.,0.,1.,0.,0.,25.;                      0002161P0001330
110,0.,0.,1.,0.,0.,0.;                                           0002163P0001331
110,5.,0.,0.,5.,0.,5.;                                           0002165P0001332
142,0,2159,0,2169,2;                                             0002167P0001333
102,4,2171,2173,2177,2179;                                       0002169P0001334
110,15.,0.,30.,15.,5.,30.;                                       0002171P0001335
100,0.,0.,0.,5.,0.,5.,0.;                                        0002173P0001336
124,0.,1.,0.,15.,0.,0.,1.,5.,1.,0.,0.,25.;                       0002175P0001337
110,15.,5.,30.,15.,0.,30.;                                       0002177P0001338
100,0.,0.,0.,5.,0.,5.,0.;                                        0002179P0001339
124,0.,-1.,0.,15.,0.,0.,-1.,0.,1.,0.,-0.,25.;                    0002181P0001340
144,2185,1,1,2187,2199;                                          0002183P0001341
108,0.,1.,0.,5.,0,-1.,5.,15.,0.;                                 0002185P0001342
142,0,2185,0,2189,2;                                             0002187P0001343
102,4,2191,2193,2195,2197;                                       0002189P0001344
110,30.,5.,15.,0.,5.,15.;                                        0002191P0001345
110,0.,5.,15.,0.,5.,50.;                                         0002193P0001346
110,0.,5.,50.,30.,5.,50.;                                        0002195P0001347
110,30.,5.,50.,30.,5.,15.;                                       0002197P0001348
142,0,2185,0,2201,2;                                             0002199P0001349
100,0.,0.,0.,5.,0.,5.,0.;                                        0002201P0001350
124,0.,-1.,0.,15.,0.,0.,-1.,5.,1.,0.,-0.,25.;                    0002203P0001351
144,2207,1,0,2209;                                               0002205P0001352
108,0.,0.,1.,15.,0,-1.,5.,15.,0.;                                0002207P0001353
142,0,2207,0,2211,2;                                             0002209P0001354
102,4,2213,2215,2217,2219;                                       0002211P0001355
110,30.,25.,15.,0.,25.,15.;                                      0002213P0001356
110,0.,25.,15.,0.,5.,15.;                                        0002215P0001357
110,0.,5.,15.,30.,5.,15.;                                        0002217P0001358
110,30.,5.,15.,30.,25.,15.;                                      0002219P0001359
144,2223,1,1,2225,2237;                                          0002221P0001360
108,-0.,-1.,-0.,-25.,0,-1.,25.,15.,0.;                           0002223P0001361
142,0,2223,0,2227,2;                                             0002225P0001362
102,4,2229,2231,2233,2235;                                       0002227P0001363
110,30.,25.,50.,0.,25.,50.;                                      0002229P0001364
110,0.,25.,50.,0.,25.,15.;                                       0002231P0001365
110,0.,25.,15.,30.,25.,15.;                                      0002233P0001366
110,30.,25.,15.,30.,25.,50.;                                     0002235P0001367
142,0,2223,0,2239,2;                                             0002237P0001368
100,0.,0.,0.,5.,0.,5.,0.;                                        0002239P0001369
124,0.,1.,0.,15.,0.,0.,1.,25.,1.,0.,0.,25.;                      0002241P0001370
144,2245,1,0,2247;                                               0002243P0001371
108,0.,0.,1.,50.,0,15.,15.,50.,0.;                               0002245P0001372
142,0,2245,0,2249,2;                                             0002247P0001373
102,4,2251,2253,2255,2257;                                       0002249P0001374
110,0.,30.,50.,0.,25.,50.;                                       0002251P0001375
110,0.,25.,50.,30.,25.,50.;                                      0002253P0001376
110,30.,25.,50.,30.,30.,50.;                                     0002255P0001377
110,30.,30.,50.,0.,30.,50.;                                      0002257P0001378
144,2261,1,0,2263;                                               0002259P0001379
108,-0.,1.,-0.,30.,0,30.,30.,0.,0.;                              0002261P0001380
142,0,2261,0,2265,2;                                             0002263P0001381
102,4,2267,2269,2271,2273;                                       0002265P0001382
110,0.,30.,50.,30.,30.,50.;                                      0002267P0001383
110,30.,30.,50.,30.,30.,0.;                                      0002269P0001384
110,30.,30.,0.,0.,30.,0.;                                        0002271P0001385
110,0.,30.,0.,0.,30.,50.;                                        0002273P0001386
144,2277,1,0,2285;                                               0002275P0001387
120,2281,2283,0.,6.283185307;                                    0002277P0001388
124,0.,-1.,0.,15.,0.,0.,1.,0.,1.,0.,0.,25.;                      0002279P0001389
110,0.,0.,1.,0.,0.,0.;                                           0002281P0001390
110,5.,0.,25.,5.,0.,27.216263943;                                0002283P0001391
142,0,2277,0,2287,2;                                             0002285P0001392
102,58,2289,2291,2295,2297,2299,2301,2303,2305,2307,2309,2311,   0002287P0001393
2313,2315,2317,2319,2323,2325,2327,2329,2331,2333,2335,2337,     0002287P0001394
2339,2341,2343,2345,2347,2349,2351,2353,2355,2357,2359,2361,     0002287P0001395
2363,2365,2367,2369,2371,2373,2375,2377,2379,2381,2383,2385,     0002287P0001396
2387,2389,2391,2393,2395,2397,2399,2401,2403,2405,2407;          0002287P0001397
110,15.,25.716690386,30.,15.,25.,30.;                            0002289P0001398
100,0.,0.,0.,5.,0.,5.,0.;                                        0002291P0001399
124,0.,-1.,0.,15.,0.,0.,-1.,25.,1.,0.,-0.,25.;                   0002293P0001400
110,15.,25.,30.,15.,25.716690386,30.;                            0002295P0001401
126,25,7,0,0,1,0,0.,0.,0.,0.,0.,0.,0.,0.,2.458999139E-02,        0002297P0001402
2.458999139E-02,2.458999139E-02,2.458999139E-02,2.458999139E-02, 0002297P0001403
2.458999139E-02,4.841017457E-02,4.841017457E-02,4.841017457E-02, 0002297P0001404
4.841017457E-02,4.841017457E-02,4.841017457E-02,0.43682539,      0002297P0001405
0.43682539,0.43682539,0.43682539,0.43682539,0.43682539,1.,1.,1., 0002297P0001406
1.,1.,1.,1.,1.,1.,1.,1.,1.,1.,1.,1.,1.,1.,1.,1.,1.,1.,1.,1.,1.,  0002297P0001407
1.,1.,1.,1.,1.,1.,1.,1.,1.,1.,15.,25.716690386,30.,15.00225181,  0002297P0001408
25.716584986,30.,15.004504346,25.716479528,29.999998817,         0002297P0001409
15.00675811,25.716373986,29.999996449,15.009012208,25.716268402, 0002297P0001410
29.999992895,15.011267532,25.716162735,29.999988152,             0002297P0001411
15.013523498,25.716057012,29.999982221,15.017966476,             0002297P0001412
25.715848743,29.999968198,15.020153401,25.715746204,             0002297P0001413
29.999960181,15.022341078,25.715643605,29.999951045,             0002297P0001414
15.024529498,25.715540945,29.999940788,15.026718653,             0002297P0001415
25.715438225,29.99992941,15.028908533,25.715335445,29.999916909, 0002297P0001416
15.066819295,25.713555682,29.999681106,15.102732992,             0002297P0001417
25.711862708,29.999159992,15.138795808,25.710154723,             0002297P0001418
29.998334349,15.174959443,25.708433111,29.997200681,             0002297P0001419
15.211171678,25.706699661,29.995757943,15.247376342,             0002297P0001420
25.704956642,29.994007913,15.335909282,25.700669824,             0002297P0001421
29.988979771,15.388174838,25.698118008,29.98536758,15.440120478, 0002297P0001422
25.695560195,29.981134433,15.491605871,25.693004392,             0002297P0001423
29.976305252,15.54253117,25.690457793,29.970910661,15.592828345, 0002297P0001424
25.68792674,29.964983228,15.642452531,25.685416667,29.958553695, 0002297P0001425
0.,1.,-4.663001349E-02,-0.998444108,3.057783721E-02;             0002297P0001426
126,16,6,0,0,1,0,0.,0.,0.,0.,0.,0.,0.,0.281978821,0.281978821,   0002299P0001427
0.281978821,0.281978821,0.281978821,0.643672679,0.643672679,     0002299P0001428
0.643672679,0.643672679,0.643672679,1.,1.,1.,1.,1.,1.,1.,1.,1.,  0002299P0001429
1.,1.,1.,1.,1.,1.,1.,1.,1.,1.,1.,1.,1.,1.,1.,15.642452531,       0002299P0001430
25.685416667,29.958553695,15.686203792,25.683380996,             0002299P0001431
29.952885085,15.730503746,25.68131923,29.946674345,15.775331156, 0002299P0001432
25.679229392,29.939899749,15.820652981,25.677109759,             0002299P0001433
29.932541218,15.86642179,25.674959169,29.924582889,15.971771477, 0002299P0001434
25.669978695,29.905026544,16.031616285,25.667127846,             0002299P0001435
29.893032483,16.091925776,25.664226434,29.88002209,16.152466315, 0002299P0001436
25.661278903,29.866008801,16.212956459,25.658294668,             0002299P0001437
29.851041039,16.332266873,25.652330316,29.819627968,             0002299P0001438
16.391119621,25.649349752,29.803202145,16.449296255,             0002299P0001439
25.646363861,29.786032252,16.506594013,25.64338621,29.768209681, 0002299P0001440
16.562894571,25.640428419,29.749817749,16.618131714,25.6375,     0002299P0001441
29.730924831,0.,1.,-4.115853723E-02,-0.998599627,                0002299P0001442
3.323791337E-02;                                                 0002299P0001443
126,16,6,0,0,1,0,0.,0.,0.,0.,0.,0.,0.,0.281978821,0.281978821,   0002301P0001444
0.281978821,0.281978821,0.281978821,0.643672679,0.643672679,     0002301P0001445
0.643672679,0.643672679,0.643672679,1.,1.,1.,1.,1.,1.,1.,1.,1.,  0002301P0001446
1.,1.,1.,1.,1.,1.,1.,1.,1.,1.,1.,1.,1.,1.,1.,16.618131714,       0002301P0001447
25.6375,29.730924831,16.659874517,25.63546433,29.716647421,      0002301P0001448
16.702046914,25.633402563,29.701729373,16.744623763,             0002301P0001449
25.631312726,29.686153632,16.787568684,25.629193093,             0002301P0001450
29.669907107,16.830832035,25.627042503,29.65298371,16.930167888, 0002301P0001451
25.622062029,29.612816615,16.986420062,25.61921118,29.589132203, 0002301P0001452
17.042924967,25.616309767,29.564359219,17.099456336,             0002301P0001453
25.613362236,29.538557409,17.155748031,25.610378002,             0002301P0001454
29.511830334,17.266400494,25.604413649,29.457261218,             0002301P0001455
17.320796974,25.601433085,29.429431798,17.374382569,             0002301P0001456
25.598447194,29.40100804,17.426976809,25.595469543,29.372119926, 0002301P0001457
17.478480354,25.592511752,29.342872692,17.528841953,             0002301P0001458
25.589583333,29.31334654,0.,1.,-3.370569329E-02,-0.998599627,    0002301P0001459
4.077634499E-02;                                                 0002301P0001460
126,16,6,0,0,1,0,0.,0.,0.,0.,0.,0.,0.,0.281978821,0.281978821,   0002303P0001461
0.281978821,0.281978821,0.281978821,0.643672678,0.643672678,     0002303P0001462
0.643672678,0.643672678,0.643672678,1.,1.,1.,1.,1.,1.,1.,1.,1.,  0002303P0001463
1.,1.,1.,1.,1.,1.,1.,1.,1.,1.,1.,1.,1.,1.,1.,17.528841953,       0002303P0001464
25.589583333,29.31334654,17.5669003,25.587547663,29.291033577,   0002303P0001465
17.605251893,25.585485897,29.26800719,17.643868696,25.583396059, 0002303P0001466
29.244255677,17.682712449,25.581276426,29.219773466,             0002303P0001467
17.721733292,25.579125836,29.194564487,17.811066918,             0002303P0001468
25.574145362,29.135399374,17.861467901,25.571294513,             0002303P0001469
29.100975553,17.911899515,25.568393101,29.065434629,             0002303P0001470
17.962151946,25.56544557,29.028880255,18.011985047,25.562461335, 0002303P0001471
28.991466975,18.109536797,25.556496983,28.915932797,             0002303P0001472
18.157292958,25.553516419,28.877817147,18.20413602,25.550530528, 0002303P0001473
28.839280755,18.249915051,25.547552877,28.800486974,             0002303P0001474
18.294553687,25.544595085,28.761558731,18.338017694,             0002303P0001475
25.541666667,28.722584837,0.,1.,-2.489954587E-02,-0.998599627,   0002303P0001476
4.667758228E-02;                                                 0002303P0001477
126,16,6,0,0,1,0,0.,0.,0.,0.,0.,0.,0.,0.281978821,0.281978821,   0002305P0001478
0.281978821,0.281978821,0.281978821,0.643672678,0.643672678,     0002305P0001479
0.643672678,0.643672678,0.643672678,1.,1.,1.,1.,1.,1.,1.,1.,1.,  0002305P0001480
1.,1.,1.,1.,1.,1.,1.,1.,1.,1.,1.,1.,1.,1.,1.,18.338017694,       0002305P0001481
25.541666667,28.722584837,18.370863519,25.539630996,28.6931322,  0002305P0001482
18.403854469,25.53756923,28.662921996,18.436960738,25.535479392, 0002305P0001483
28.63194835,18.470143723,25.533359759,28.600213428,18.50335535,  0002305P0001484
25.531209169,28.567731021,18.57909995,25.526228695,28.491943406, 0002305P0001485
18.621626113,25.523377846,28.448162313,18.663959576,             0002305P0001486
25.520476434,28.403280436,18.705915405,25.517528903,             0002305P0001487
28.357441179,18.747289083,25.514544668,28.310843859,             0002305P0001488
18.827823361,25.508580316,28.217377362,18.867021764,             0002305P0001489
25.505599752,28.170505848,18.905241516,25.502613861,28.12340408, 0002305P0001490
18.942367284,25.49963621,28.076262225,18.978348743,25.496678419, 0002305P0001491
28.029215965,19.013170053,25.49375,27.982359155,0.,1.,           0002305P0001492
-1.509366697E-02,-0.998599627,5.070468705E-02;                   0002305P0001493
126,6,6,0,0,1,0,0.,0.,0.,0.,0.,0.,0.,1.,1.,1.,1.,1.,1.,1.,1.,1., 0002307P0001494
1.,1.,1.,1.,1.,19.013170053,25.49375,27.982359155,19.050634341,  0002307P0001495
25.490851793,27.931945857,19.088078948,25.487900848,             0002307P0001496
27.879971717,19.125422034,25.4848909,27.826428992,19.16254444,   0002307P0001497
25.481817837,27.77136232,19.199295789,25.478679473,27.714876308, 0002307P0001498
19.23549008,25.475481068,27.657183431,0.,1.,-1.73282386E-02,     0002307P0001499
-0.998872868,4.418965573E-02;                                    0002307P0001500
126,9,5,0,0,1,0,0.,0.,0.,0.,0.,0.,0.421441855,0.421441855,       0002309P0001501
0.421441855,0.421441855,1.,1.,1.,1.,1.,1.,1.,1.,1.,1.,1.,1.,1.,  0002309P0001502
1.,1.,1.,19.23549008,25.475481068,27.657183431,19.26165307,      0002309P0001503
25.473169106,27.615480218,19.287510902,25.470824642,27.57312328, 0002309P0001504
19.31296799,25.468451235,27.530228675,19.337926884,25.466054681, 0002309P0001505
27.486941208,19.395745031,25.460335414,27.383717928,             0002309P0001506
19.428090627,25.456999518,27.323573657,19.459080862,             0002309P0001507
25.453661292,27.263478077,19.488643961,25.450341684,             0002309P0001508
27.203718849,19.516772936,25.447057156,27.144472486,0.,1.,       0002309P0001509
1.07257711E-03,-0.998433477,5.59414056E-02;                      0002309P0001510
126,4,4,1,0,1,0,0.,0.,0.,0.,0.,1.,1.,1.,1.,1.,1.,1.,1.,1.,1.,    0002311P0001511
19.516772936,25.447057156,27.144472486,19.519397316,             0002311P0001512
25.446750716,27.138944914,19.522008485,25.446444589,             0002311P0001513
27.133421887,19.524606458,25.446138791,27.127903541,             0002311P0001514
19.527191263,25.445833333,27.12238999,0.,1.,-6.233329144E-03,    0002311P0001515
-0.998606582,5.240267833E-02;                                    0002311P0001516
126,5,5,0,0,1,0,0.,0.,0.,0.,0.,0.,1.,1.,1.,1.,1.,1.,1.,1.,1.,1., 0002313P0001517
1.,1.,19.527191263,25.445833333,27.12238999,19.528346825,        0002313P0001518
25.445707719,27.119925103,19.529158383,25.445619329,             0002313P0001519
27.118189739,19.530310261,25.445493953,27.115728609,             0002313P0001520
19.531690183,25.445343237,27.112767331,19.532241357,             0002313P0001521
25.445283029,27.111584307,0.,1.,0.,0.,1.;                        0002313P0001522
126,16,6,0,0,1,0,0.,0.,0.,0.,0.,0.,0.,0.276929316,0.276929316,   0002315P0001523
0.276929316,0.276929316,0.276929316,0.639093263,0.639093263,     0002315P0001524
0.639093263,0.639093263,0.639093263,1.,1.,1.,1.,1.,1.,1.,1.,1.,  0002315P0001525
1.,1.,1.,1.,1.,1.,1.,1.,1.,1.,1.,1.,1.,1.,1.,19.532241357,       0002315P0001526
25.445283029,27.111584307,19.550363611,25.443303418,             0002315P0001527
27.072687243,19.568327834,25.441298961,27.033082876,             0002315P0001528
19.586106609,25.43926787,26.992777723,19.603667985,25.437208607, 0002315P0001529
26.951788431,19.620976174,25.435120171,26.910144992,             0002315P0001530
19.660245616,25.430232754,26.812638725,19.682005723,             0002315P0001531
25.427412138,26.756328666,19.7031684,25.424542244,26.699108435,  0002315P0001532
19.723623222,25.421627491,26.641177129,19.743263639,             0002315P0001533
25.418677068,26.582790251,19.780659469,25.412746983,             0002315P0001534
26.465961735,19.798427629,25.409766419,26.407500243,             0002315P0001535
19.815204971,25.406780528,26.34920919,19.83095963,25.403802877,  0002315P0001536
26.291308691,19.845698299,25.400845085,26.233943305,             0002315P0001537
19.859443069,25.397916667,26.177205613,0.,1.,6.208749517E-03,    0002315P0001538
-0.998592714,5.266918423E-02;                                    0002315P0001539
126,16,6,0,0,1,0,0.,0.,0.,0.,0.,0.,0.,0.281978821,0.281978821,   0002317P0001540
0.281978821,0.281978821,0.281978821,0.643672678,0.643672678,     0002317P0001541
0.643672678,0.643672678,0.643672678,1.,1.,1.,1.,1.,1.,1.,1.,1.,  0002317P0001542
1.,1.,1.,1.,1.,1.,1.,1.,1.,1.,1.,1.,1.,1.,1.,19.859443069,       0002317P0001543
25.397916667,26.177205613,19.869830016,25.395880996,             0002317P0001544
26.134328843,19.879907474,25.39381923,26.090745543,19.889647552, 0002317P0001545
25.391729392,26.046467753,19.89901966,25.389609759,26.001519122, 0002317P0001546
19.907991994,25.387459169,25.955938248,19.927488525,             0002317P0001547
25.382478695,25.850577475,19.937737565,25.379627846,             0002317P0001548
25.790409247,19.947204306,25.376726434,25.729442979,             0002317P0001549
19.955817562,25.373778903,25.667901603,19.963521681,             0002317P0001550
25.370794668,25.606065223,19.976952081,25.364830316,             0002317P0001551
25.483421917,19.982708194,25.361849752,25.422591655,             0002317P0001552
19.987527358,25.358863861,25.362125948,19.991422235,25.35588621, 0002317P0001553
25.302246845,19.994428202,25.352928419,25.243094668,             0002317P0001554
19.996585366,25.35,25.184755735,0.,1.,1.628036476E-02,           0002317P0001555
-0.998599627,5.033620759E-02;                                    0002317P0001556
100,0.,0.,0.,0.184755735,4.996585366,-0.184755735,4.996585366;   0002319P0001557
124,0.,1.,0.,15.,0.,0.,1.,25.35,1.,0.,0.,25.;                    0002321P0001558
126,16,6,0,0,1,0,0.,0.,0.,0.,0.,0.,0.,0.282270659,0.282270659,   0002323P0001559
0.282270659,0.282270659,0.282270659,0.643081562,0.643081562,     0002323P0001560
0.643081562,0.643081562,0.643081562,1.,1.,1.,1.,1.,1.,1.,1.,1.,  0002323P0001561
1.,1.,1.,1.,1.,1.,1.,1.,1.,1.,1.,1.,1.,1.,1.,19.996585366,25.35, 0002323P0001562
24.815244265,19.998217226,25.352037779,24.859376755,             0002323P0001563
19.999404032,25.354101707,24.904141193,20.000120773,             0002323P0001564
25.356193767,24.949520171,20.000342112,25.358315688,             0002323P0001565
24.995484316,20.000044505,25.360468634,25.04198929,19.998139475, 0002323P0001566
25.365444906,25.1490292,19.996190376,25.368288867,25.209884523,  0002323P0001567
19.993320104,25.37118314,25.271362621,19.989503542,25.374123309, 0002323P0001568
25.333232601,19.984741928,25.377100038,25.395211019,             0002323P0001569
19.973470919,25.383061624,25.518023525,19.966978738,             0002323P0001570
25.386047096,25.578884565,19.959638,25.389037982,25.63920088,    0002323P0001571
19.951505645,25.392020641,25.698756049,19.942644649,25.39498339, 0002323P0001572
25.757418825,19.933111808,25.397916667,25.815112194,0.,1.,       0002323P0001573
-2.598889448E-02,-0.998599629,4.607991618E-02;                   0002323P0001574
126,16,6,0,0,1,0,0.,0.,0.,0.,0.,0.,0.,0.282270659,0.282270659,   0002325P0001575
0.282270659,0.282270659,0.282270659,0.643081562,0.643081562,     0002325P0001576
0.643081562,0.643081562,0.643081562,1.,1.,1.,1.,1.,1.,1.,1.,1.,  0002325P0001577
1.,1.,1.,1.,1.,1.,1.,1.,1.,1.,1.,1.,1.,1.,1.,19.933111808,       0002325P0001578
25.397916667,25.815112194,19.925912305,25.399954445,             0002325P0001579
25.858684053,19.918150692,25.402018374,25.902786442,             0002325P0001580
19.909805931,25.404110434,25.947397319,19.900859049,             0002325P0001581
25.406232355,25.992482848,19.891295816,25.408385301,             0002325P0001582
26.037994887,19.868088705,25.413361572,26.142506138,             0002325P0001583
19.854046135,25.416205534,26.201751185,19.838976723,             0002325P0001584
25.419099806,26.261422852,19.822901889,25.422039976,             0002325P0001585
26.321289873,19.805879357,25.425016705,26.381074743,             0002325P0001586
19.770349741,25.430978291,26.499174673,19.751854153,             0002325P0001587
25.433963763,26.557519577,19.732635643,25.436954649,             0002325P0001588
26.615161517,19.712793156,25.439937308,26.671899768,             0002325P0001589
19.692414571,25.442900057,26.727618272,19.671570897,             0002325P0001590
25.445833333,26.782252888,0.,1.,-3.465401745E-02,-0.998599629,   0002325P0001591
3.997349604E-02;                                                 0002325P0001592
126,16,6,0,0,1,0,0.,0.,0.,0.,0.,0.,0.,0.282270659,0.282270659,   0002327P0001593
0.282270659,0.282270659,0.282270659,0.643081562,0.643081562,     0002327P0001594
0.643081562,0.643081562,0.643081562,1.,1.,1.,1.,1.,1.,1.,1.,1.,  0002327P0001595
1.,1.,1.,1.,1.,1.,1.,1.,1.,1.,1.,1.,1.,1.,1.,19.671570897,       0002327P0001596
25.445833333,26.782252888,19.655829095,25.447871112,             0002327P0001597
26.823514678,19.639430696,25.44993504,26.865184282,19.62235948,  0002327P0001598
25.452027101,26.907235904,19.604603601,25.454149022,             0002327P0001599
26.949632607,19.586158711,25.456301968,26.992324377,             0002327P0001600
19.542581298,25.461278239,27.090110779,19.517009073,             0002327P0001601
25.464122201,27.145366826,19.490345568,25.467016473,             0002327P0001602
27.200836209,19.462657876,25.469956642,27.256296576,             0002327P0001603
19.434057891,25.472933371,27.3114875,19.375696203,25.478894957,  0002327P0001604
27.420133073,19.345939816,25.481880429,27.473619259,             0002327P0001605
19.315615169,25.484871315,27.526272465,19.284859238,             0002327P0001606
25.487853975,27.577915723,19.253781276,25.490816724,             0002327P0001607
27.628452826,19.222463654,25.49375,27.677835075,0.,1.,           0002327P0001608
-4.192776114E-02,-0.998599629,3.226211642E-02;                   0002327P0001609
126,16,6,0,0,1,0,0.,0.,0.,0.,0.,0.,0.,0.282270659,0.282270659,   0002329P0001610
0.282270659,0.282270659,0.282270659,0.643081562,0.643081562,     0002329P0001611
0.643081562,0.643081562,0.643081562,1.,1.,1.,1.,1.,1.,1.,1.,1.,  0002329P0001612
1.,1.,1.,1.,1.,1.,1.,1.,1.,1.,1.,1.,1.,1.,1.,19.222463654,       0002329P0001613
25.49375,27.677835075,19.198811596,25.495787779,27.715130112,    0002329P0001614
19.174434817,25.497851707,27.752693871,19.149322566,             0002329P0001615
25.499943767,27.790497842,19.123470598,25.502065688,             0002329P0001616
27.828503465,19.096884625,25.504218634,27.866660866,             0002329P0001617
19.034686567,25.509194906,27.953796238,18.998611429,             0002329P0001618
25.512038867,28.002844722,18.961424385,25.51493314,28.051884693, 0002329P0001619
18.923235514,25.517873309,28.100711639,18.884206381,             0002329P0001620
25.520850038,28.149092668,18.805355878,25.526811624,             0002329P0001621
28.243921701,18.765533428,25.529797096,28.290401666,             0002329P0001622
18.725320197,25.532787982,28.335952081,18.68488569,25.535770641, 0002329P0001623
28.380426839,18.64435615,25.53873339,28.423753445,18.603822002,  0002329P0001624
25.541666667,28.465900601,0.,1.,-4.751808047E-02,-0.998599629,   0002329P0001625
2.325539377E-02;                                                 0002329P0001626
126,16,6,0,0,1,0,0.,0.,0.,0.,0.,0.,0.,0.282270659,0.282270659,   0002331P0001627
0.282270659,0.282270659,0.282270659,0.643081562,0.643081562,     0002331P0001628
0.643081562,0.643081562,0.643081562,1.,1.,1.,1.,1.,1.,1.,1.,1.,  0002331P0001629
1.,1.,1.,1.,1.,1.,1.,1.,1.,1.,1.,1.,1.,1.,1.,18.603822002,       0002331P0001630
25.541666667,28.465900601,18.57320933,25.543704445,28.497731468, 0002331P0001631
18.541832914,25.545768374,28.529681175,18.509687899,             0002331P0001632
25.547860434,28.561719643,18.476777814,25.549982355,             0002331P0001633
28.593808239,18.4431182,25.552135301,28.625899227,18.364796788,  0002331P0001634
25.557111572,28.698885033,18.319667174,25.559955534,             0002331P0001635
28.739756629,18.273449673,25.562849806,28.780398203,             0002331P0001636
18.226292927,25.565789976,28.820631297,18.17840169,25.568766705, 0002331P0001637
28.860259906,18.082228265,25.574728291,28.937464955,             0002331P0001638
18.033938649,25.577713763,28.975072502,17.985451418,             0002331P0001639
25.580704649,29.01169125,17.936961805,25.583687308,29.04721182,  0002331P0001640
17.888607971,25.586650057,29.081588341,17.840484767,             0002331P0001641
25.589583333,29.114808172,0.,1.,-5.120052079E-02,-0.998599629,   0002331P0001642
1.331495332E-02;                                                 0002331P0001643
126,16,6,0,0,1,0,0.,0.,0.,0.,0.,0.,0.,0.282270659,0.282270659,   0002333P0001644
0.282270659,0.282270659,0.282270659,0.643081562,0.643081562,     0002333P0001645
0.643081562,0.643081562,0.643081562,1.,1.,1.,1.,1.,1.,1.,1.,1.,  0002333P0001646
1.,1.,1.,1.,1.,1.,1.,1.,1.,1.,1.,1.,1.,1.,1.,17.840484767,       0002333P0001647
25.589583333,29.114808172,17.8041406,25.591621112,29.139896839,  0002333P0001648
17.767024327,25.59368504,29.164949695,17.729137189,25.595777101, 0002333P0001649
29.189936296,17.690490348,25.597899022,29.214819488,             0002333P0001650
17.651108546,25.600051968,29.239555593,17.55980843,25.605028239, 0002333P0001651
29.295461409,17.507436321,25.607872201,29.326515097,             0002333P0001652
17.454044023,25.610766473,29.357126493,17.399812774,             0002333P0001653
25.613706642,29.387150352,17.344982293,25.616683371,             0002333P0001654
29.416435428,17.235347368,25.622644957,29.472916666,             0002333P0001655
17.180529441,25.625630429,29.500141829,17.125715,25.628621315,   0002333P0001656
29.526358646,17.071117169,25.631603975,29.551498856,             0002333P0001657
17.016880476,25.634566724,29.575545054,16.96310039,25.6375,      0002333P0001658
29.598503763,0.,1.,-5.282722995E-02,-0.998599629,                0002333P0001659
2.839909628E-03;                                                 0002333P0001660
126,16,6,0,0,1,0,0.,0.,0.,0.,0.,0.,0.,0.282270659,0.282270659,   0002335P0001661
0.282270659,0.282270659,0.282270659,0.643081562,0.643081562,     0002335P0001662
0.643081562,0.643081562,0.643081562,1.,1.,1.,1.,1.,1.,1.,1.,1.,  0002335P0001663
1.,1.,1.,1.,1.,1.,1.,1.,1.,1.,1.,1.,1.,1.,1.,16.96310039,        0002335P0001664
25.6375,29.598503763,16.922483967,25.639537779,29.615842906,     0002335P0001665
16.881118078,25.641601707,29.632993025,16.839010009,             0002335P0001666
25.643693767,29.649924531,16.796178104,25.645815688,             0002335P0001667
29.666603245,16.752655318,25.647968634,29.682991297,             0002335P0001668
16.652042251,25.652944906,29.719572472,16.594530418,             0002335P0001669
25.655788867,29.739561428,16.536107055,25.65868314,29.758913579, 0002335P0001670
16.47697872,25.661623309,29.777522728,16.417410473,25.664600038, 0002335P0001671
29.795288458,16.298715952,25.670561624,29.82877813,16.239570687, 0002335P0001672
25.673547096,29.844527803,16.18062987,25.676537982,29.859290068, 0002335P0001673
16.122115954,25.679520641,29.873040524,16.064174039,25.68248339, 0002335P0001674
29.88579093,16.006896374,25.685416667,29.897566711,0.,1.,        0002335P0001675
5.233289463E-02,0.998599629,7.749158111E-03;                     0002335P0001676
126,16,6,0,0,1,0,0.,0.,0.,0.,0.,0.,0.,0.282270659,0.282270659,   0002337P0001677
0.282270659,0.282270659,0.282270659,0.643081562,0.643081562,     0002337P0001678
0.643081562,0.643081562,0.643081562,1.,1.,1.,1.,1.,1.,1.,1.,1.,  0002337P0001679
1.,1.,1.,1.,1.,1.,1.,1.,1.,1.,1.,1.,1.,1.,1.,16.006896374,       0002337P0001680
25.685416667,29.897566711,15.963638468,25.687454445,             0002337P0001681
29.906460154,15.919683828,25.689518374,29.915018947,             0002337P0001682
15.875045491,25.691610434,29.92321555,15.829748248,25.693732355, 0002337P0001683
29.931020125,15.783831943,25.695885301,29.938402134,15.6779456,  0002337P0001684
25.700861572,29.954189911,15.617603177,25.703705534,             0002337P0001685
29.962311569,15.556494482,25.706599806,29.969627474,             0002337P0001686
15.494843098,25.709539976,29.976074745,15.432928784,             0002337P0001687
25.712516705,29.981607824,15.309940324,25.718478291,29.9907613,  0002337P0001688
15.248842438,25.721463763,29.994403124,15.188141753,             0002337P0001689
25.724454649,29.997118123,15.128061121,25.727437308,             0002337P0001690
29.998926736,15.068740385,25.730400057,29.999869414,             0002337P0001691
15.010264873,25.733333333,29.999989463,0.,1.,4.973736266E-02,    0002337P0001692
0.998599629,1.802709257E-02;                                     0002337P0001693
126,5,5,0,0,1,0,0.,0.,0.,0.,0.,0.,1.,1.,1.,1.,1.,1.,1.,1.,1.,1., 0002339P0001694
1.,1.,15.010264873,25.733333333,29.999989463,15.008137142,       0002339P0001695
25.733431513,29.999993831,15.006188652,25.733521416,             0002339P0001696
29.999996703,15.004054387,25.733619887,29.999999188,             0002339P0001697
15.001813874,25.733723253,30.,15.,25.733806934,30.,0.,1.,0.,0.,  0002339P0001698
1.;                                                              0002339P0001699
110,15.,25.733806934,30.,15.,27.216263943,30.;                   0002341P0001700
126,21,6,0,0,1,0,0.,0.,0.,0.,0.,0.,0.,6.883443951E-02,           0002343P0001701
6.883443951E-02,6.883443951E-02,6.883443951E-02,6.883443951E-02, 0002343P0001702
0.26038298,0.26038298,0.26038298,0.26038298,0.26038298,          0002343P0001703
0.622123112,0.622123112,0.622123112,0.622123112,0.622123112,1.,  0002343P0001704
1.,1.,1.,1.,1.,1.,1.,1.,1.,1.,1.,1.,1.,1.,1.,1.,1.,1.,1.,1.,1.,  0002343P0001705
1.,1.,1.,1.,1.,1.,1.,15.,27.216263943,30.,15.010297393,          0002343P0001706
27.21578907,30.,15.020626626,27.215312734,29.999974552,          0002343P0001707
15.030987387,27.214834913,29.999923359,15.041379329,             0002343P0001708
27.214355587,29.99984613,15.051802066,27.213874736,29.999742576, 0002343P0001709
15.091343494,27.212049962,29.999250207,15.120666834,             0002343P0001710
27.210695641,29.998681952,15.150216691,27.209328961,             0002343P0001711
29.997901545,15.179981457,27.207949611,29.996903138,15.20994595, 0002343P0001712
27.206557448,29.995681487,15.297019891,27.202499367,             0002343P0001713
29.991495525,15.354609462,27.199799955,29.987946471,             0002343P0001714
15.412699516,27.19705624,29.983556943,15.471087369,27.194272499, 0002343P0001715
29.978313667,15.529529859,27.191457025,29.972226218,             0002343P0001716
15.648538773,27.185663649,29.958139392,15.709104803,             0002343P0001717
27.182683085,29.950064144,15.769104854,27.179697194,             0002343P0001718
29.941157969,15.828325417,27.176719543,29.931483152,             0002343P0001719
15.886637723,27.173761752,29.921105733,15.943966688,             0002343P0001720
27.170833333,29.910084204,0.,1.,-4.524262906E-02,-0.998568073,   0002343P0001721
2.854658138E-02;                                                 0002343P0001722
126,16,6,0,0,1,0,0.,0.,0.,0.,0.,0.,0.,0.281978821,0.281978821,   0002345P0001723
0.281978821,0.281978821,0.281978821,0.643672678,0.643672678,     0002345P0001724
0.643672678,0.643672678,0.643672678,1.,1.,1.,1.,1.,1.,1.,1.,1.,  0002345P0001725
1.,1.,1.,1.,1.,1.,1.,1.,1.,1.,1.,1.,1.,1.,1.,15.943966688,       0002345P0001726
27.170833333,29.910084204,15.987290285,27.168797663,             0002345P0001727
29.901755216,16.031128454,27.166735897,29.892851613,             0002345P0001728
16.075458672,27.164646059,29.883353006,16.120246736,             0002345P0001729
27.162526426,29.873241369,16.165444332,27.160375836,             0002345P0001730
29.862503764,16.269403634,27.155395362,29.836552451,             0002345P0001731
16.328404599,27.152544513,29.820927323,16.387807336,             0002345P0001732
27.149643101,29.804259392,16.447379463,27.14669557,29.786576329, 0002345P0001733
16.506843021,27.143711335,29.76794365,16.624013175,27.137746983, 0002345P0001734
29.729305443,16.681753379,27.134766419,29.709317384,             0002345P0001735
16.738773305,27.131780528,29.688627917,16.794876149,             0002345P0001736
27.128802877,29.667340644,16.849948894,27.125845085,29.64554595, 0002345P0001737
16.903929624,27.122916667,29.623316125,0.,1.,-3.905264218E-02,   0002345P0001738
-0.998599627,3.568858655E-02;                                    0002345P0001739
126,16,6,0,0,1,0,0.,0.,0.,0.,0.,0.,0.,0.281978821,0.281978821,   0002347P0001740
0.281978821,0.281978821,0.281978821,0.643672678,0.643672678,     0002347P0001741
0.643672678,0.643672678,0.643672678,1.,1.,1.,1.,1.,1.,1.,1.,1.,  0002347P0001742
1.,1.,1.,1.,1.,1.,1.,1.,1.,1.,1.,1.,1.,1.,1.,16.903929624,       0002347P0001743
27.122916667,29.623316125,16.944722953,27.120880996,             0002347P0001744
29.606517008,16.985905965,27.11881923,29.589052222,17.027452523, 0002347P0001745
27.116729392,29.570906278,17.069325517,27.114609759,             0002347P0001746
29.552068331,17.111475024,27.112459169,29.532535336,             0002347P0001747
17.208173453,27.107478695,29.486378852,17.262874807,             0002347P0001748
27.104627846,29.459304502,17.317761965,27.101726434,             0002347P0001749
29.431128183,17.372612728,27.098778903,29.401923341,             0002347P0001750
17.427167779,27.095794668,29.371809592,17.534282488,             0002347P0001751
27.089830316,29.310587087,17.586878562,27.086849752,             0002347P0001752
29.279488749,17.63862898,27.083863861,29.247846685,17.689361544, 0002347P0001753
27.08088621,29.215801652,17.738983524,27.077928419,29.183464753, 0002347P0001754
17.78744866,27.075,29.150919171,0.,1.,-3.115348907E-02,          0002347P0001755
-0.998599627,4.275797224E-02;                                    0002347P0001756
126,16,6,0,0,1,0,0.,0.,0.,0.,0.,0.,0.,0.281978821,0.281978821,   0002349P0001757
0.281978821,0.281978821,0.281978821,0.643672678,0.643672678,     0002349P0001758
0.643672678,0.643672678,0.643672678,1.,1.,1.,1.,1.,1.,1.,1.,1.,  0002349P0001759
1.,1.,1.,1.,1.,1.,1.,1.,1.,1.,1.,1.,1.,1.,1.,17.78744866,27.075, 0002349P0001760
29.150919171,17.824073846,27.07296433,29.12632442,17.860948179,  0002349P0001761
27.070902563,29.100999673,17.898042958,27.068812726,             0002349P0001762
29.074934963,17.935319656,27.066693093,29.048127061,             0002349P0001763
17.972728747,27.064542503,29.020582936,18.058283803,             0002349P0001764
27.059562029,28.956074491,18.106489254,27.05671118,28.918637971, 0002349P0001765
18.154657082,27.053809767,28.880084561,18.202584191,             0002349P0001766
27.050862236,28.840530531,18.250040317,27.047878002,             0002349P0001767
28.800144796,18.342798863,27.041913649,28.718796113,             0002349P0001768
18.388139043,27.038933085,28.677836113,18.432542143,             0002349P0001769
27.035947194,28.636511898,18.475867484,27.032969543,             0002349P0001770
28.594995732,18.518046347,27.030011752,28.553414975,             0002349P0001771
18.559049986,27.027083333,28.511860361,0.,1.,-2.200350499E-02,   0002349P0001772
-0.998599627,4.811060008E-02;                                    0002349P0001773
126,16,6,0,0,1,0,0.,0.,0.,0.,0.,0.,0.,0.281978821,0.281978821,   0002351P0001774
0.281978821,0.281978821,0.281978821,0.643672678,0.643672678,     0002351P0001775
0.643672678,0.643672678,0.643672678,1.,1.,1.,1.,1.,1.,1.,1.,1.,  0002351P0001776
1.,1.,1.,1.,1.,1.,1.,1.,1.,1.,1.,1.,1.,1.,1.,18.559049986,       0002351P0001777
27.027083333,28.511860361,18.590036506,27.025047663,             0002351P0001778
28.480457469,18.621121633,27.022985897,28.448289564,             0002351P0001779
18.652275256,27.020896059,28.415352601,18.683458978,             0002351P0001780
27.018776426,28.381651098,18.714625654,27.016625836,             0002351P0001781
28.347201756,18.785602252,27.011645362,28.266931402,             0002351P0001782
18.825376323,27.008794513,28.22063581,18.864890853,27.005893101, 0002351P0001783
28.173253251,18.903970007,27.00294557,28.124938151,18.942421816, 0002351P0001784
26.999961335,28.075901942,19.017099888,26.993996983,             0002351P0001785
27.977693278,19.05336374,26.991016419,27.928516184,19.088636711, 0002351P0001786
26.988030528,27.879169011,19.122815291,26.985052877,             0002351P0001787
27.829848611,19.155857531,26.982095085,27.780693487,             0002351P0001788
19.187753353,26.979166667,27.731798283,0.,1.,-1.197006715E-02,   0002351P0001789
-0.998599627,5.153155891E-02;                                    0002351P0001790
126,5,5,0,0,1,0,0.,0.,0.,0.,0.,0.,1.,1.,1.,1.,1.,1.,1.,1.,1.,1., 0002353P0001791
1.,1.,19.187753353,26.979166667,27.731798283,19.213797868,       0002353P0001792
26.976967088,27.691872932,19.239774734,26.974735748,             0002353P0001793
27.651011487,19.265638999,26.972469804,27.609217856,             0002353P0001794
19.291333945,26.970166885,27.56651484,19.316791842,26.967826095, 0002353P0001795
27.522956241,0.,1.,-1.978114982E-02,-0.998922392,                0002353P0001796
4.198524141E-02;                                                 0002353P0001797
126,11,6,0,0,1,0,0.,0.,0.,0.,0.,0.,0.,0.52241277,0.52241277,     0002355P0001798
0.52241277,0.52241277,0.52241277,1.,1.,1.,1.,1.,1.,1.,1.,1.,1.,  0002355P0001799
1.,1.,1.,1.,1.,1.,1.,1.,1.,19.316791842,26.967826095,            0002355P0001800
27.522956241,19.349357261,26.964831787,27.467236632,             0002355P0001801
19.381563915,26.961776736,27.41014979,19.413260307,26.95866198,  0002355P0001802
27.351839793,19.444271876,26.955492059,27.292525766,             0002355P0001803
19.474416787,26.9522779,27.232505299,19.530111979,26.946080316,  0002355P0001804
27.117034299,19.555843488,26.943099752,27.0616146,19.5805701,    0002355P0001805
26.940113861,27.006225787,19.604229628,26.93713621,26.951081395, 0002355P0001806
19.62680858,26.934178419,26.896325512,19.648315948,26.93125,     0002355P0001807
26.84205289,0.,1.,2.968013662E-03,-0.998479338,5.504727545E-02;  0002355P0001808
126,16,6,0,0,1,0,0.,0.,0.,0.,0.,0.,0.,0.281978821,0.281978821,   0002357P0001809
0.281978821,0.281978821,0.281978821,0.643672678,0.643672678,     0002357P0001810
0.643672678,0.643672678,0.643672678,1.,1.,1.,1.,1.,1.,1.,1.,1.,  0002357P0001811
1.,1.,1.,1.,1.,1.,1.,1.,1.,1.,1.,1.,1.,1.,1.,19.648315948,       0002357P0001812
26.93125,26.84205289,19.664569102,26.92921433,26.801038977,      0002357P0001813
19.680614111,26.927152563,26.759282338,19.696421675,             0002357P0001814
26.925062726,26.716791013,19.711958216,26.922943093,             0002357P0001815
26.673584165,19.727186863,26.920792503,26.629695588,19.76115704, 0002357P0001816
26.915812029,26.528073572,19.779680136,26.91296118,26.469917287, 0002357P0001817
19.797539612,26.910059767,26.410861854,19.814633949,             0002357P0001818
26.907112236,26.351118129,19.830869053,26.904128002,             0002357P0001819
26.290955742,19.861237398,26.898163649,26.171375143,             0002357P0001820
19.875403429,26.895183085,26.111937972,19.888590893,             0002357P0001821
26.892197194,26.052731412,19.900781426,26.889219543,25.99397711, 0002357P0001822
19.911990532,26.886261752,25.935818947,19.922245912,             0002357P0001823
26.883333333,25.878347985,0.,1.,9.116479262E-03,-0.998599627,    0002357P0001824
5.211212793E-02;                                                 0002357P0001825
126,16,6,0,0,1,0,0.,0.,0.,0.,0.,0.,0.,0.281978821,0.281978821,   0002359P0001826
0.281978821,0.281978821,0.281978821,0.643672678,0.643672678,     0002359P0001827
0.643672678,0.643672678,0.643672678,1.,1.,1.,1.,1.,1.,1.,1.,1.,  0002359P0001828
1.,1.,1.,1.,1.,1.,1.,1.,1.,1.,1.,1.,1.,1.,1.,19.922245912,       0002359P0001829
26.883333333,25.878347985,19.92999592,26.881297663,25.834917081, 0002359P0001830
19.937393886,26.879235897,25.790799858,19.944412701,             0002359P0001831
26.877146059,25.746010038,19.951023281,26.875026426,             0002359P0001832
25.700573092,19.957196233,26.872875836,25.654529488,             0002359P0001833
19.970224278,26.867895362,25.548174999,19.976781019,             0002359P0001834
26.865044513,25.487493307,19.982508201,26.862143101,             0002359P0001835
25.426062823,19.987348381,26.85919557,25.364110408,19.99126311,  0002359P0001836
26.856211335,25.301919039,19.997181264,26.850246983,             0002359P0001837
25.178684582,19.999213042,26.847266419,25.117616378,             0002359P0001838
20.000331874,26.844280528,25.056969249,20.000563954,             0002359P0001839
26.841302877,24.996964056,19.999953161,26.838345085,             0002359P0001840
24.937738699,19.998544795,26.835416667,24.879376889,0.,1.,       0002359P0001841
1.932295056E-02,-0.998599627,4.924842791E-02;                    0002359P0001842
126,16,6,0,0,1,0,0.,0.,0.,0.,0.,0.,0.,0.281978821,0.281978821,   0002361P0001843
0.281978821,0.281978821,0.281978821,0.643672678,0.643672678,     0002361P0001844
0.643672678,0.643672678,0.643672678,1.,1.,1.,1.,1.,1.,1.,1.,1.,  0002361P0001845
1.,1.,1.,1.,1.,1.,1.,1.,1.,1.,1.,1.,1.,1.,1.,19.998544795,       0002361P0001846
26.835416667,24.879376889,19.99748049,26.833380996,24.835272771, 0002361P0001847
19.995934379,26.83131923,24.790566297,19.993882636,26.829229392, 0002361P0001848
24.745276319,19.991301836,26.827109759,24.699433595,             0002361P0001849
19.988171247,26.824959169,24.653083641,19.979734075,             0002361P0001850
26.819978695,24.546266876,19.974061204,26.817127846,             0002361P0001851
24.485496183,19.967426142,26.814226434,24.424157118,             0002361P0001852
19.959817829,26.811278903,24.362483439,19.951255004,             0002361P0001853
26.808294668,24.300760109,19.93248535,26.802330316,24.17881973,  0002361P0001854
19.922301298,26.799349752,24.118572417,19.911306577,             0002361P0001855
26.796363861,24.058919738,19.899570886,26.79338621,24.000072897, 0002361P0001856
19.887164718,26.790428419,23.94215828,19.874149151,26.7875,      0002361P0001857
23.885248883,0.,1.,2.875359396E-02,-0.998599627,4.440737446E-02; 0002361P0001858
126,16,6,0,0,1,0,0.,0.,0.,0.,0.,0.,0.,0.281978821,0.281978821,   0002363P0001859
0.281978821,0.281978821,0.281978821,0.643672678,0.643672678,     0002363P0001860
0.643672678,0.643672678,0.643672678,1.,1.,1.,1.,1.,1.,1.,1.,1.,  0002363P0001861
1.,1.,1.,1.,1.,1.,1.,1.,1.,1.,1.,1.,1.,1.,1.,19.874149151,       0002363P0001862
26.7875,23.885248883,19.864313265,26.78546433,23.842242356,      0002363P0001863
19.853885156,26.783402563,23.798741623,19.842845233,             0002363P0001864
26.781312726,23.754769906,19.831176674,26.779193093,             0002363P0001865
23.710362018,19.818868238,26.777042503,23.665566692,             0002363P0001866
19.789304606,26.772062029,23.562576406,19.771629893,26.76921118, 0002363P0001867
23.504156692,19.752898989,26.766309767,23.445371845,             0002363P0001868
19.733147661,26.763362236,23.386453137,19.712451084,             0002363P0001869
26.760378002,23.327676074,19.669747236,26.754413649,23.21192575, 0002363P0001870
19.647756249,26.751433085,23.154918294,19.625089418,             0002363P0001871
26.748447194,23.098655155,19.601857152,26.745469543,             0002363P0001872
23.043329402,19.578153724,26.742511752,22.98905083,19.55405354,  0002363P0001873
26.739583333,22.935878793,0.,1.,3.702976358E-02,-0.998599627,    0002363P0001874
3.778333867E-02;                                                 0002363P0001875
126,16,6,0,0,1,0,0.,0.,0.,0.,0.,0.,0.,0.281978821,0.281978821,   0002365P0001876
0.281978821,0.281978821,0.281978821,0.643672678,0.643672678,     0002365P0001877
0.643672678,0.643672678,0.643672678,1.,1.,1.,1.,1.,1.,1.,1.,1.,  0002365P0001878
1.,1.,1.,1.,1.,1.,1.,1.,1.,1.,1.,1.,1.,1.,1.,19.55405354,        0002365P0001879
26.739583333,22.935878793,19.53584099,26.737547663,22.895696594, 0002365P0001880
19.516949577,26.735485897,22.855148182,19.497364733,             0002365P0001881
26.733396059,22.814260217,19.477076915,26.731276426,             0002365P0001882
22.773070167,19.456084822,26.729125836,22.731628028,             0002365P0001883
19.406581729,26.724145362,22.636599343,19.377614823,             0002365P0001884
26.721294513,22.582876192,19.347540134,26.718393101,22.52900581, 0002365P0001885
19.316438818,26.71544557,22.475207694,19.28443947,26.712461335,  0002365P0001886
22.421736832,19.219516011,26.706496983,22.316824008,19.18660104, 0002365P0001887
26.703516419,22.265345291,19.153172188,26.700530528,22.21473069, 0002365P0001888
19.119376135,26.697552877,22.165147387,19.085327153,             0002365P0001889
26.694595085,22.116684177,19.051109988,26.691666667,             0002365P0001890
22.069384388,0.,1.,4.381916632E-02,-0.998599627,2.96422795E-02;  0002365P0001891
126,16,6,0,0,1,0,0.,0.,0.,0.,0.,0.,0.,0.281978821,0.281978821,   0002367P0001892
0.281978821,0.281978821,0.281978821,0.643672678,0.643672678,     0002367P0001893
0.643672678,0.643672678,0.643672678,1.,1.,1.,1.,1.,1.,1.,1.,1.,  0002367P0001894
1.,1.,1.,1.,1.,1.,1.,1.,1.,1.,1.,1.,1.,1.,1.,19.051109988,       0002367P0001895
26.691666667,22.069384388,19.025252019,26.689630996,             0002367P0001896
22.033639858,18.998655803,26.68756923,21.997671809,18.971312382, 0002367P0001897
26.685479392,21.961509272,18.943219872,26.683359759,             0002367P0001898
21.925190864,18.914386968,26.681209169,21.888765838,             0002367P0001899
18.846931992,26.676228695,21.805514212,18.807835931,             0002367P0001900
26.673377846,21.758644642,18.767624974,26.670476434,             0002367P0001901
21.711851652,18.726422407,26.667528903,21.665334154,18.68440508, 0002367P0001902
26.664544668,21.619316379,18.599868725,26.658580316,             0002367P0001903
21.529453368,18.557351327,26.655599752,21.48557029,18.51450264,  0002367P0001904
26.652613861,21.442636434,18.471499732,26.64963621,21.400786379, 0002367P0001905
18.428472284,26.646678419,21.360084358,18.385511977,26.64375,    0002367P0001906
21.320555932,0.,1.,4.884920366E-02,-0.998599627,2.031106531E-02; 0002367P0001907
126,16,6,0,0,1,0,0.,0.,0.,0.,0.,0.,0.,0.281978821,0.281978821,   0002369P0001908
0.281978821,0.281978821,0.281978821,0.643672678,0.643672678,     0002369P0001909
0.643672678,0.643672678,0.643672678,1.,1.,1.,1.,1.,1.,1.,1.,1.,  0002369P0001910
1.,1.,1.,1.,1.,1.,1.,1.,1.,1.,1.,1.,1.,1.,1.,18.385511977,       0002369P0001911
26.64375,21.320555932,18.353046801,26.64171433,21.290684234,     0002369P0001912
18.319813637,26.639652563,21.260740686,18.285809492,             0002369P0001913
26.637562726,21.230755524,18.251040223,26.635443093,             0002369P0001914
21.200766965,18.215524166,26.633292503,21.170821539,             0002369P0001915
18.132825663,26.628312029,21.102689573,18.085170178,26.62546118, 0002369P0001916
21.064555424,18.036437445,26.622559767,21.026718593,             0002369P0001917
17.986787935,26.619612236,20.989349418,17.936439649,             0002369P0001918
26.616628002,20.952632371,17.835684584,26.610663649,             0002369P0001919
20.881427224,17.785271857,26.607683085,20.846901719,             0002369P0001920
17.734723735,26.604697194,20.813372426,17.684240565,             0002369P0001921
26.601719543,20.780935925,17.633962227,26.598761752,             0002369P0001922
20.749629302,17.583983661,26.595833333,20.719459329,0.,1.,       0002369P0001923
5.19179166E-02,-0.998599627,1.016434984E-02;                     0002369P0001924
126,16,6,0,0,1,0,0.,0.,0.,0.,0.,0.,0.,0.281978821,0.281978821,   0002371P0001925
0.281978821,0.281978821,0.281978821,0.643672678,0.643672678,     0002371P0001926
0.643672678,0.643672678,0.643672678,1.,1.,1.,1.,1.,1.,1.,1.,1.,  0002371P0001927
1.,1.,1.,1.,1.,1.,1.,1.,1.,1.,1.,1.,1.,1.,1.,17.583983661,       0002371P0001928
26.595833333,20.719459329,17.546214774,26.593797663,             0002371P0001929
20.696659828,17.507678992,26.591735897,20.673943034,             0002371P0001930
17.468379411,26.589646059,20.651339169,17.428329387,             0002371P0001931
26.587526426,20.628884516,17.387556168,26.585375836,             0002371P0001932
20.606621017,17.292934532,26.580395362,20.556344249,             0002371P0001933
17.238633019,26.577544513,20.528476631,17.18333516,26.574643101, 0002371P0001934
20.501115129,17.127232163,26.57169557,20.474394672,17.070574432, 0002371P0001935
26.568711335,20.448452564,16.957646031,26.562746983,             0002371P0001936
20.398764211,16.901362076,26.559766419,20.374982497,             0002371P0001937
16.845144057,26.556780528,20.352203989,16.789207553,             0002371P0001938
26.553802877,20.330483386,16.733697031,26.550845085,             0002371P0001939
20.309829141,16.678706874,26.547916667,20.290228962,0.,1.,       0002371P0001940
-5.290209452E-02,0.998599627,3.904702794E-04;                    0002371P0001941
126,16,6,0,0,1,0,0.,0.,0.,0.,0.,0.,0.,0.281978821,0.281978821,   0002373P0001942
0.281978821,0.281978821,0.281978821,0.643672678,0.643672678,     0002373P0001943
0.643672678,0.643672678,0.643672678,1.,1.,1.,1.,1.,1.,1.,1.,1.,  0002373P0001944
1.,1.,1.,1.,1.,1.,1.,1.,1.,1.,1.,1.,1.,1.,1.,16.678706874,       0002373P0001945
26.547916667,20.290228962,16.637150719,26.545880996,             0002373P0001946
20.275417073,16.594859554,26.54381923,20.260839125,16.551842438, 0002373P0001947
26.541729392,20.246524115,16.508119692,26.539609759,             0002373P0001948
20.232504937,16.463726379,26.537459169,20.218817256,             0002373P0001949
16.360980726,26.532478695,20.18841433,16.302213422,26.529627846, 0002373P0001950
20.171932142,16.242570678,26.526726434,20.156144551,             0002373P0001951
16.182266762,26.523778903,20.141145653,16.121574428,             0002373P0001952
26.520794668,20.127020076,16.001006834,26.514830316,             0002373P0001953
20.100843533,15.941111484,26.511849752,20.08876046,15.881480755, 0002373P0001954
26.508863861,20.077647308,15.8223368,26.50588621,20.067514697,   0002373P0001955
15.763822874,26.502928419,20.05834211,15.706029014,26.5,         0002373P0001956
20.050098685,0.,1.,-5.176222209E-02,0.998599627,1.092961278E-02; 0002373P0001957
126,16,6,0,0,1,0,0.,0.,0.,0.,0.,0.,0.,0.281978821,0.281978821,   0002375P0001958
0.281978821,0.281978821,0.281978821,0.643672678,0.643672678,     0002375P0001959
0.643672678,0.643672678,0.643672678,1.,1.,1.,1.,1.,1.,1.,1.,1.,  0002375P0001960
1.,1.,1.,1.,1.,1.,1.,1.,1.,1.,1.,1.,1.,1.,1.,15.706029014,26.5,  0002375P0001961
20.050098685,15.662354096,26.49796433,20.043869114,15.618005563, 0002375P0001962
26.495902563,20.038015324,15.572998074,26.493812726,             0002375P0001963
20.032563927,15.527358101,26.491693093,20.0275431,15.481127112,  0002375P0001964
26.489542503,20.022980807,15.37438274,26.484562029,20.013672417, 0002375P0001965
15.313509187,26.48171118,20.00923743,15.251916249,26.478809767,  0002375P0001966
20.00565763,15.189832653,26.475862236,20.002982507,15.127542548, 0002375P0001967
26.472878002,20.00124061,15.004176621,26.466913649,19.999626882, 0002375P0001968
14.94307471,26.463933085,19.999727591,14.88242548,26.460947194,  0002375P0001969
20.000725995,14.82244874,26.457969543,20.002588207,14.763280778, 0002375P0001970
26.455011752,20.005265563,14.705003672,26.452083333,20.00870987, 0002375P0001971
0.,1.,-4.854406587E-02,0.998599627,2.102992488E-02;              0002375P0001972
126,16,6,0,0,1,0,0.,0.,0.,0.,0.,0.,0.,0.281978821,0.281978821,   0002377P0001973
0.281978821,0.281978821,0.281978821,0.643672678,0.643672678,     0002377P0001974
0.643672678,0.643672678,0.643672678,1.,1.,1.,1.,1.,1.,1.,1.,1.,  0002377P0001975
1.,1.,1.,1.,1.,1.,1.,1.,1.,1.,1.,1.,1.,1.,1.,14.705003672,       0002377P0001976
26.452083333,20.00870987,14.660963564,26.450047663,20.011312738, 0002377P0001977
14.616338283,26.447985897,20.01441814,14.571147499,26.445896059, 0002377P0001978
20.018049231,14.52542277,26.443776426,20.022228346,14.479210307, 0002377P0001979
26.441625836,20.026974619,14.372753065,26.436645362,             0002377P0001980
20.039134503,14.312217373,26.433794513,20.046924784,             0002377P0001981
14.251147233,26.430893101,20.055696506,14.189776651,26.42794557, 0002377P0001982
20.065452565,14.128389759,26.424961335,20.076164287,             0002377P0001983
14.007178714,26.418996983,20.099178165,13.947323521,             0002377P0001984
26.416016419,20.111458614,13.888090891,26.413030528,             0002377P0001985
20.124528486,13.829689467,26.410052877,20.138310753,             0002377P0001986
13.772243099,26.407095085,20.152730555,13.715822607,             0002377P0001987
26.404166667,20.167724302,0.,1.,-4.337683672E-02,0.998599627,    0002377P0001988
3.028587307E-02;                                                 0002377P0001989
126,16,6,0,0,1,0,0.,0.,0.,0.,0.,0.,0.,0.281978821,0.281978821,   0002379P0001990
0.281978821,0.281978821,0.281978821,0.643672678,0.643672678,     0002379P0001991
0.643672678,0.643672678,0.643672678,1.,1.,1.,1.,1.,1.,1.,1.,1.,  0002379P0001992
1.,1.,1.,1.,1.,1.,1.,1.,1.,1.,1.,1.,1.,1.,1.,13.715822607,       0002379P0001993
26.404166667,20.167724302,13.673185546,26.402130996,             0002379P0001994
20.179055102,13.630075248,26.40006923,20.190995012,13.586515605, 0002379P0001995
26.397979392,20.203562801,13.542541996,26.395859759,             0002379P0001996
20.216774064,13.498203516,26.393709169,20.230638338,             0002379P0001997
13.396307725,26.388728695,20.263778269,13.338540437,             0002379P0001998
26.385877846,20.283481034,13.280445099,26.382976434,             0002379P0001999
20.304252089,13.222251594,26.380028903,20.326047618,             0002379P0002000
13.164232637,26.377044668,20.348782877,13.050043168,             0002379P0002001
26.371080316,20.39550034,12.993837914,26.368099752,20.419467462, 0002379P0002002
12.938400109,26.365113861,20.444084039,12.883918854,26.36213621, 0002379P0002003
20.469232994,12.830500585,26.359178419,20.494816278,             0002379P0002004
12.778202023,26.35625,20.520757458,0.,1.,-3.646800197E-02,       0002379P0002005
0.998599627,3.832582556E-02;                                     0002379P0002006
126,16,6,0,0,1,0,0.,0.,0.,0.,0.,0.,0.,0.281978821,0.281978821,   0002381P0002007
0.281978821,0.281978821,0.281978821,0.643672678,0.643672678,     0002381P0002008
0.643672678,0.643672678,0.643672678,1.,1.,1.,1.,1.,1.,1.,1.,1.,  0002381P0002009
1.,1.,1.,1.,1.,1.,1.,1.,1.,1.,1.,1.,1.,1.,1.,12.778202023,       0002381P0002010
26.35625,20.520757458,12.738679912,26.35421433,20.540361252,     0002381P0002011
12.698815501,26.352152563,20.560656276,12.658635945,             0002381P0002012
26.350062726,20.581656159,12.618179021,26.347943093,20.60336913, 0002381P0002013
12.577494741,26.345792503,20.625794745,12.484251578,             0002381P0002014
26.340812029,20.678584135,12.431572085,26.33796118,20.709408306, 0002381P0002015
12.37878411,26.335059767,20.741344724,12.326104187,26.332112236, 0002381P0002016
20.77430462,12.273782659,26.329128002,20.808150582,12.171199541, 0002381P0002017
26.323163649,20.876695896,12.120900899,26.320183085,             0002381P0002018
20.911387397,12.071483782,26.317197194,20.94656231,12.023110149, 0002381P0002019
26.314219543,20.982068207,11.975864753,26.311261752,             0002381P0002020
21.017787789,11.92978794,26.308333333,21.053634848,0.,1.,        0002381P0002021
-2.809495537E-02,0.998599627,4.482697351E-02;                    0002381P0002022
126,16,6,0,0,1,0,0.,0.,0.,0.,0.,0.,0.,0.281978821,0.281978821,   0002383P0002023
0.281978821,0.281978821,0.281978821,0.643672678,0.643672678,     0002383P0002024
0.643672678,0.643672678,0.643672678,1.,1.,1.,1.,1.,1.,1.,1.,1.,  0002383P0002025
1.,1.,1.,1.,1.,1.,1.,1.,1.,1.,1.,1.,1.,1.,1.,11.92978794,        0002383P0002026
26.308333333,21.053634848,11.894967615,26.306297663,             0002383P0002027
21.080724532,11.859949671,26.304235897,21.108559813,             0002383P0002028
11.824763435,26.302146059,21.137148632,11.789447566,             0002383P0002029
26.300026426,21.166491522,11.754050983,26.297875836,             0002383P0002030
21.196578077,11.673204216,26.292895362,21.266897401,11.62772763, 0002383P0002031
26.290044513,21.30760537,11.582366488,26.287143101,21.349424884, 0002383P0002032
11.537315276,26.28419557,21.392225788,11.492791917,26.281211335, 0002383P0002033
21.435823517,11.405933924,26.275246983,21.523444548,             0002383P0002034
11.363561415,26.272266419,21.567467543,11.32214911,26.269280528, 0002383P0002035
21.611788498,11.28182533,26.266302877,21.656225755,11.242649739, 0002383P0002036
26.263345085,21.700647473,11.204644686,26.260416667,             0002383P0002037
21.744961131,0.,1.,-1.859387972E-02,0.998599627,4.9528292E-02;   0002383P0002038
126,16,6,0,0,1,0,0.,0.,0.,0.,0.,0.,0.,0.281978821,0.281978821,   0002385P0002039
0.281978821,0.281978821,0.281978821,0.643672678,0.643672678,     0002385P0002040
0.643672678,0.643672678,0.643672678,1.,1.,1.,1.,1.,1.,1.,1.,1.,  0002385P0002041
1.,1.,1.,1.,1.,1.,1.,1.,1.,1.,1.,1.,1.,1.,1.,11.204644686,       0002385P0002042
26.260416667,21.744961131,11.175924203,26.258380996,             0002385P0002043
21.778449038,11.147158717,26.25631923,21.812706972,11.118378549, 0002385P0002044
26.254229392,21.847736869,11.089621687,26.252109759,             0002385P0002045
21.883531544,11.060933996,26.249959169,21.920071046,10.99572967, 0002385P0002046
26.244978695,22.005096942,10.959281904,26.242127846,22.05405426, 0002385P0002047
10.92316887,26.239226434,22.104077792,10.887555202,26.236278903, 0002385P0002048
22.155001222,10.852617652,26.233294668,22.206600244,             0002385P0002049
10.784972183,26.227330316,22.309778956,10.752227088,             0002385P0002050
26.224349752,22.361365896,10.720482325,26.221363861,22.41305338, 0002385P0002051
10.68982742,26.21838621,22.464637815,10.660294557,26.215428419,  0002385P0002052
22.51597811,10.631887189,26.2125,22.566979147,0.,1.,             0002385P0002053
-8.346248837E-03,0.998599627,5.22410203E-02;                     0002385P0002054
126,16,6,0,0,1,0,0.,0.,0.,0.,0.,0.,0.,0.281978821,0.281978821,   0002387P0002055
0.281978821,0.281978821,0.281978821,0.643672678,0.643672678,     0002387P0002056
0.643672678,0.643672678,0.643672678,1.,1.,1.,1.,1.,1.,1.,1.,1.,  0002387P0002057
1.,1.,1.,1.,1.,1.,1.,1.,1.,1.,1.,1.,1.,1.,1.,10.631887189,       0002387P0002058
26.2125,22.566979147,10.610419693,26.21046433,22.605520718,      0002387P0002059
10.589061616,26.208402563,22.644825829,10.567843057,             0002387P0002060
26.206312726,22.684890334,10.546799808,26.204193093,             0002387P0002061
22.725699616,10.525972836,26.202042503,22.767224982,             0002387P0002062
10.479028943,26.197062029,22.863543611,10.453073396,26.19421118, 0002387P0002063
22.918784611,10.42765843,26.191309767,22.975003687,10.402912216, 0002387P0002064
26.188362236,23.032005038,10.378963239,26.185378002,             0002387P0002065
23.089533621,10.333246299,26.179413649,23.204127327,             0002387P0002066
10.311443353,26.176433085,23.261206966,10.290640702,             0002387P0002067
26.173447194,23.318185696,10.270885486,26.170469543,             0002387P0002068
23.374846164,10.252181112,26.167511752,23.431043693,             0002387P0002069
10.234512002,26.164583333,23.486684388,0.,1.,2.236488889E-03,    0002387P0002070
0.998599627,5.285624078E-02;                                     0002387P0002071
126,16,6,0,0,1,0,0.,0.,0.,0.,0.,0.,0.,0.281978821,0.281978821,   0002389P0002072
0.281978821,0.281978821,0.281978821,0.643672678,0.643672678,     0002389P0002073
0.643672678,0.643672678,0.643672678,1.,1.,1.,1.,1.,1.,1.,1.,1.,  0002389P0002074
1.,1.,1.,1.,1.,1.,1.,1.,1.,1.,1.,1.,1.,1.,1.,10.234512002,       0002389P0002075
26.164583333,23.486684388,10.221159426,26.162547663,             0002389P0002076
23.528732155,10.208066298,26.160485897,23.571506321,             0002389P0002077
10.195261285,26.158396059,23.614996819,10.182776548,             0002389P0002078
26.156276426,23.659182192,10.170646509,26.154125836,             0002389P0002079
23.704026155,10.143847875,26.149145362,23.807770265,             0002389P0002080
10.129426678,26.146294513,23.86707699,10.115730205,26.143393101, 0002389P0002081
23.92723438,10.102845021,26.14044557,23.988025014,10.090846181,  0002389P0002082
26.137461335,24.049173352,10.068893332,26.131496983,             0002389P0002083
24.170581047,10.058907937,26.128516419,24.230861604,             0002389P0002084
10.049882637,26.125530528,24.290843851,10.041820293,             0002389P0002085
26.122552877,24.350305399,10.034695401,26.119595085,             0002389P0002086
24.409103799,10.028473974,26.116666667,24.467150144,0.,1.,       0002389P0002087
1.272943026E-02,0.998599627,5.134925196E-02;                     0002389P0002088
126,16,6,0,0,1,0,0.,0.,0.,0.,0.,0.,0.,0.281978821,0.281978821,   0002391P0002089
0.281978821,0.281978821,0.281978821,0.643672678,0.643672678,     0002391P0002090
0.643672678,0.643672678,0.643672678,1.,1.,1.,1.,1.,1.,1.,1.,1.,  0002391P0002091
1.,1.,1.,1.,1.,1.,1.,1.,1.,1.,1.,1.,1.,1.,1.,10.028473974,       0002391P0002092
26.116666667,24.467150144,10.023772431,26.114630996,             0002391P0002093
24.511015866,10.019469948,26.11256923,24.555541677,10.01559261,  0002391P0002094
26.110479392,24.600712,10.012167654,26.108359759,24.646499395,   0002391P0002095
10.009221578,26.106209169,24.692861442,10.003644184,             0002391P0002096
26.101228695,24.799865647,10.001336355,26.098377846,             0002391P0002097
24.860856896,9.999908298,26.095476434,24.922537247,9.999401491,  0002391P0002098
26.092528903,24.984676383,9.999834549,26.089544668,25.046989335, 0002391P0002099
10.002527212,26.083580316,25.170336429,10.004760286,             0002391P0002100
26.080599752,25.231397603,10.007874709,26.077613861,             0002391P0002101
25.291975044,10.011828945,26.07463621,25.351850257,10.016569602, 0002391P0002102
26.071678419,25.410888737,10.022045652,26.06875,25.469010138,0., 0002391P0002103
1.,2.271127749E-02,0.998599627,4.778056034E-02;                  0002391P0002104
126,16,6,0,0,1,0,0.,0.,0.,0.,0.,0.,0.,0.281978821,0.281978821,   0002393P0002105
0.281978821,0.281978821,0.281978821,0.643672678,0.643672678,     0002393P0002106
0.643672678,0.643672678,0.643672678,1.,1.,1.,1.,1.,1.,1.,1.,1.,  0002393P0002107
1.,1.,1.,1.,1.,1.,1.,1.,1.,1.,1.,1.,1.,1.,1.,10.022045652,       0002393P0002108
26.06875,25.469010138,10.026183912,26.06671433,25.512932579,     0002393P0002109
10.030844822,26.064652563,25.557422298,10.036050837,             0002393P0002110
26.062562726,25.60245883,10.041823177,26.060443093,25.648009856, 0002393P0002111
10.04817935,26.058292503,25.694028525,10.06404713,26.053312029,  0002393P0002112
25.799996542,10.073945331,26.05046118,25.860223481,10.084843027, 0002393P0002113
26.047559767,25.920950289,10.096734945,26.044612236,             0002393P0002114
25.981943005,10.109582514,26.041628002,26.042918667,             0002393P0002115
10.136812576,26.035663649,26.163252701,10.151174461,             0002393P0002116
26.032683085,26.222642851,10.16630356,26.029697194,26.281383266, 0002393P0002117
10.182115611,26.026719543,26.339268119,10.198531478,             0002393P0002118
26.023761752,26.396176249,10.215485138,26.020833333,             0002393P0002119
26.452039096,0.,1.,3.17812535E-02,0.998599627,4.2293451E-02;     0002393P0002120
126,16,6,0,0,1,0,0.,0.,0.,0.,0.,0.,0.,0.281978821,0.281978821,   0002395P0002121
0.281978821,0.281978821,0.281978821,0.643672678,0.643672678,     0002395P0002122
0.643672678,0.643672678,0.643672678,1.,1.,1.,1.,1.,1.,1.,1.,1.,  0002395P0002123
1.,1.,1.,1.,1.,1.,1.,1.,1.,1.,1.,1.,1.,1.,1.,10.215485138,       0002395P0002124
26.020833333,26.452039096,10.228297048,26.018797663,             0002395P0002125
26.494254745,10.241734212,26.016735897,26.536922084,             0002395P0002126
10.255814555,26.014646059,26.580016582,10.270552427,             0002395P0002127
26.012526426,26.623502338,10.285955645,26.010375836,             0002395P0002128
26.667329952,10.3226315,26.005395362,26.768007103,10.344338312,  0002395P0002129
26.002544513,26.825051585,10.367124212,25.999643101,             0002395P0002130
26.882386633,10.390937388,25.99669557,26.939784035,10.41568363,  0002395P0002131
25.993711335,26.9969742,10.466357788,25.987746983,27.109463691,  0002395P0002132
10.492271846,25.984766419,27.164798267,10.518808179,             0002395P0002133
25.981780528,27.219343194,10.545843182,25.978802877,             0002395P0002134
27.272913575,10.573275152,25.975845085,27.325406459,             0002395P0002135
10.601025723,25.972916667,27.376767828,0.,1.,3.957519341E-02,    0002395P0002136
0.998599627,3.510823462E-02;                                     0002395P0002137
126,16,6,0,0,1,0,0.,0.,0.,0.,0.,0.,0.,0.281978821,0.281978821,   0002397P0002138
0.281978821,0.281978821,0.281978821,0.643672679,0.643672679,     0002397P0002139
0.643672679,0.643672679,0.643672679,1.,1.,1.,1.,1.,1.,1.,1.,1.,  0002397P0002140
1.,1.,1.,1.,1.,1.,1.,1.,1.,1.,1.,1.,1.,1.,1.,10.601025723,       0002397P0002141
25.972916667,27.376767828,10.621996876,25.970880996,             0002397P0002142
27.415581701,10.643670785,25.96881923,27.454713541,10.666060122, 0002397P0002143
25.966729392,27.494135735,10.689171792,25.964609759,             0002397P0002144
27.533810243,10.713003607,25.962459169,27.573687096,             0002397P0002145
10.769014979,25.957478695,27.665031135,10.801658861,             0002397P0002146
25.954627846,27.716602789,10.835418097,25.951726434,             0002397P0002147
27.768244042,10.870196418,25.948778903,27.81974159,10.905847757, 0002397P0002148
25.945794668,27.870850038,10.977931414,25.939830316,             0002397P0002149
27.970978468,11.014357179,25.936849752,28.020035753,             0002397P0002150
11.051235297,25.933863861,28.068195181,11.08840778,25.93088621,  0002397P0002151
28.115300208,11.125754443,25.927928419,28.161270227,             0002397P0002152
11.163187723,25.925,28.206067927,0.,1.,4.578016593E-02,          0002397P0002153
0.998599627,2.651340187E-02;                                     0002397P0002154
126,16,6,0,0,1,0,0.,0.,0.,0.,0.,0.,0.,0.281978821,0.281978821,   0002399P0002155
0.281978821,0.281978821,0.281978821,0.643672678,0.643672678,     0002399P0002156
0.643672678,0.643672678,0.643672678,1.,1.,1.,1.,1.,1.,1.,1.,1.,  0002399P0002157
1.,1.,1.,1.,1.,1.,1.,1.,1.,1.,1.,1.,1.,1.,1.,11.163187723,       0002399P0002158
25.925,28.206067927,11.191476116,25.92296433,28.239921625,       0002399P0002159
11.220516549,25.920902563,28.273946799,11.250315934,             0002399P0002160
25.918812726,28.308113865,11.280873456,25.916693093,             0002399P0002161
28.342384169,11.312177006,25.914542503,28.376709183,             0002399P0002162
11.385275005,25.909562029,28.455052592,11.427545286,25.90671118, 0002399P0002163
28.499080786,11.470922405,25.903809767,28.542954817,             0002399P0002164
11.515269501,25.900862236,28.586484854,11.560394514,             0002399P0002165
25.897878002,28.629459552,11.650993469,25.891913649,             0002399P0002166
28.713206703,11.696468426,25.888933085,28.75401702,11.74220765,  0002399P0002167
25.885947194,28.793857318,11.788025117,25.882969543,             0002399P0002168
28.832605697,11.833786982,25.880011752,28.870207128,             0002399P0002169
11.879400003,25.877083333,28.906642505,0.,1.,5.014703776E-02,    0002399P0002170
0.998599627,1.685404038E-02;                                     0002399P0002171
126,16,6,0,0,1,0,0.,0.,0.,0.,0.,0.,0.,0.281978821,0.281978821,   0002401P0002172
0.281978821,0.281978821,0.281978821,0.643672678,0.643672678,     0002401P0002173
0.643672678,0.643672678,0.643672678,1.,1.,1.,1.,1.,1.,1.,1.,1.,  0002401P0002174
1.,1.,1.,1.,1.,1.,1.,1.,1.,1.,1.,1.,1.,1.,1.,11.879400003,       0002401P0002175
25.877083333,28.906642505,11.91386984,25.875047663,28.934176781, 0002401P0002176
11.949110806,25.872985897,28.961729159,11.985123778,             0002401P0002177
25.870896059,28.989269269,12.021900247,25.868776426,             0002401P0002178
29.016759397,12.059418677,25.866625836,29.044154402,             0002401P0002179
12.146668376,25.861645362,29.106351646,12.196867878,             0002401P0002180
25.858794513,29.141068623,12.248121264,25.855893101,             0002401P0002181
29.175413863,12.300256572,25.85294557,29.209228633,12.353043464, 0002401P0002182
25.849961335,29.24234412,12.458520115,25.843996983,29.306347497, 0002401P0002183
12.511218417,25.841016419,29.337272286,12.563982291,             0002401P0002184
25.838030528,29.367193844,12.616605143,25.835052877,             0002401P0002185
29.396029804,12.668944845,25.832095085,29.423752926,             0002401P0002186
12.720906216,25.829166667,29.450363078,0.,1.,5.250047637E-02,    0002401P0002187
0.998599627,6.517979206E-03;                                     0002401P0002188
126,16,6,0,0,1,0,0.,0.,0.,0.,0.,0.,0.,0.281978821,0.281978821,   0002403P0002189
0.281978821,0.281978821,0.281978821,0.643672678,0.643672678,     0002403P0002190
0.643672678,0.643672678,0.643672678,1.,1.,1.,1.,1.,1.,1.,1.,1.,  0002403P0002191
1.,1.,1.,1.,1.,1.,1.,1.,1.,1.,1.,1.,1.,1.,1.,12.720906216,       0002403P0002192
25.829166667,29.450363078,12.760173513,25.827130996,             0002403P0002193
29.470472415,12.800200067,25.82506923,29.490445752,12.840980682, 0002403P0002194
25.822979392,29.510253155,12.882499504,25.820859759,             0002403P0002195
29.529859361,12.924726425,25.818709169,29.549224432,             0002403P0002196
13.022624696,25.813728695,29.592778256,13.078737881,             0002403P0002197
25.810877846,29.616790109,13.135809679,25.807976434,             0002403P0002198
29.640227575,13.193639937,25.805028903,29.662969396,             0002403P0002199
13.251969283,25.802044668,29.684896066,13.36808868,25.796080316, 0002403P0002200
29.726585894,13.425894459,25.793099752,29.746383507,             0002403P0002201
13.483564482,25.790113861,29.765184956,13.54087988,25.78713621,  0002403P0002202
29.782950716,13.597695949,25.784178419,29.79968243,13.653919392, 0002403P0002203
25.78125,29.815398945,0.,1.,-5.274598985E-02,-0.998599627,       0002403P0002204
4.079782685E-03;                                                 0002403P0002205
126,16,6,0,0,1,0,0.,0.,0.,0.,0.,0.,0.,0.281978821,0.281978821,   0002405P0002206
0.281978821,0.281978821,0.281978821,0.643672678,0.643672678,     0002405P0002207
0.643672678,0.643672678,0.643672678,1.,1.,1.,1.,1.,1.,1.,1.,1.,  0002405P0002208
1.,1.,1.,1.,1.,1.,1.,1.,1.,1.,1.,1.,1.,1.,1.,13.653919392,       0002405P0002209
25.78125,29.815398945,13.696407543,25.77921433,29.827275941,     0002405P0002210
13.739612595,25.777152563,29.838868296,13.783523488,             0002405P0002211
25.775062726,29.850147712,13.828117656,25.772943093,             0002405P0002212
29.861082797,13.873357633,25.770792503,29.871640414,             0002405P0002213
13.977973804,25.765812029,29.894802106,14.037747693,25.76296118, 0002405P0002214
29.907144744,14.098346438,25.760059767,29.91873341,14.159549726, 0002405P0002215
25.757112236,29.929489182,14.221079568,25.754128002,             0002405P0002216
29.939346667,14.343179448,25.748163649,29.957049075,             0002405P0002217
14.403771768,25.745183085,29.964924626,14.464032454,             0002405P0002218
25.742197194,29.971851078,14.523739152,25.739219543,             0002405P0002219
29.977833332,14.582750389,25.736261752,29.98290185,14.640978498, 0002405P0002220
25.733333333,29.987093699,0.,1.,-5.087372066E-02,-0.998599627,   0002405P0002221
1.451373888E-02;                                                 0002405P0002222
126,6,6,0,0,1,0,0.,0.,0.,0.,0.,0.,0.,1.,1.,1.,1.,1.,1.,1.,1.,1., 0002407P0002223
1.,1.,1.,1.,1.,14.640978498,25.733333333,29.987093699,           0002407P0002224
14.698296997,25.730681665,29.991220065,14.756708372,             0002407P0002225
25.727985861,29.994630483,14.816182857,25.725241173,             0002407P0002226
29.997268871,14.876647548,25.722444273,29.99907694,14.93798352,  0002407P0002227
25.71959316,30.,15.,25.716690386,30.,0.,1.,-4.652675841E-02,     0002407P0002228
-0.998886885,7.762158655E-03;                                    0002407P0002229
144,2411,1,0,2417;                                               0002409P0002230
122,2413,14.828294476,25.733333333,30.117002869;                 0002411P0002231
100,0.,0.,0.,0.2,0.,0.2,0.;                                      0002413P0002232
124,-7.E-17,-1.,0.,15.812034221,0.,0.,-1.,25.685416667,1.,       0002415P0002233
-7.E-17,0.,29.85252516;                                          0002415P0002234
142,0,2411,0,2419,2;                                             0002417P0002235
102,5,2421,2423,2427,2429,2431;                                  0002419P0002236
110,14.828294476,25.733333333,30.117002869,15.812034221,         0002421P0002237
25.685416667,30.05252516;                                        0002421P0002238
100,0.,0.,0.,0.2,0.,0.106028535,0.16958169;                      0002423P0002239
124,-3.E-17,-1.,-1.E-17,15.812034221,3.E-34,1.E-17,-1.,          0002425P0002240
25.685416667,1.,-3.E-17,-0.,29.85252516;                         0002425P0002241
126,25,7,0,0,1,0,0.,0.,0.,0.,0.,0.,0.,0.,0.56317461,0.56317461,  0002427P0002242
0.56317461,0.56317461,0.56317461,0.56317461,0.951589825,         0002427P0002243
0.951589825,0.951589825,0.951589825,0.951589825,0.951589825,     0002427P0002244
0.975410009,0.975410009,0.975410009,0.975410009,0.975410009,     0002427P0002245
0.975410009,1.,1.,1.,1.,1.,1.,1.,1.,1.,1.,1.,1.,1.,1.,1.,1.,1.,  0002427P0002246
1.,1.,1.,1.,1.,1.,1.,1.,1.,1.,1.,1.,1.,1.,1.,1.,1.,15.642452531, 0002427P0002247
25.685416667,29.958553695,15.592828345,25.68792674,29.964983228, 0002427P0002248
15.54253117,25.690457793,29.970910661,15.491605871,25.693004392, 0002427P0002249
29.976305252,15.440120478,25.695560195,29.981134433,             0002427P0002250
15.388174838,25.698118008,29.98536758,15.335909282,25.700669824, 0002427P0002251
29.988979771,15.247376342,25.704956642,29.994007913,             0002427P0002252
15.211171678,25.706699661,29.995757943,15.174959443,             0002427P0002253
25.708433111,29.997200681,15.138795808,25.710154723,             0002427P0002254
29.998334349,15.102732992,25.711862708,29.999159992,             0002427P0002255
15.066819295,25.713555682,29.999681106,15.028908533,             0002427P0002256
25.715335445,29.999916909,15.026718653,25.715438225,29.99992941, 0002427P0002257
15.024529498,25.715540945,29.999940788,15.022341078,             0002427P0002258
25.715643605,29.999951045,15.020153401,25.715746204,             0002427P0002259
29.999960181,15.017966476,25.715848743,29.999968198,             0002427P0002260
15.013523498,25.716057012,29.999982221,15.011267532,             0002427P0002261
25.716162735,29.999988152,15.009012208,25.716268402,             0002427P0002262
29.999992895,15.00675811,25.716373986,29.999996449,15.004504346, 0002427P0002263
25.716479528,29.999998817,15.00225181,25.716584986,30.,15.,      0002427P0002264
25.716690386,30.,0.,1.,-4.663001349E-02,-0.998444108,            0002427P0002265
3.057783721E-02;                                                 0002427P0002266
126,6,6,0,0,1,0,0.,0.,0.,0.,0.,0.,0.,1.,1.,1.,1.,1.,1.,1.,1.,1., 0002429P0002267
1.,1.,1.,1.,1.,15.,25.716690386,30.,14.93798352,25.71959316,30., 0002429P0002268
14.876647548,25.722444273,29.99907694,14.816182857,25.725241173, 0002429P0002269
29.997268871,14.756708372,25.727985861,29.994630483,             0002429P0002270
14.698296997,25.730681665,29.991220065,14.640978498,             0002429P0002271
25.733333333,29.987093699,0.,1.,-4.652675841E-02,-0.998886885,   0002429P0002272
7.762158655E-03;                                                 0002429P0002273
100,0.,0.,0.,7.009082994E-02,-0.187315978,0.2,0.;                0002431P0002274
124,-7.E-17,1.,0.,14.828294476,0.,0.,1.,25.733333333,1.,7.E-17,  0002433P0002275
0.,29.917002869;                                                 0002433P0002276
144,2437,1,0,2443;                                               0002435P0002277
122,2439,15.812034221,25.685416667,30.05252516;                  0002437P0002278
100,0.,0.,0.,0.2,0.,0.2,0.;                                      0002439P0002279
124,-3.E-17,-1.,-1.E-17,16.763170312,3.E-34,1.E-17,-1.,25.6375,  0002441P0002280
1.,-3.E-17,0.,29.593215698;                                      0002441P0002281
142,0,2437,0,2445,2;                                             0002443P0002282
102,4,2447,2449,2453,2455;                                       0002445P0002283
110,15.812034221,25.685416667,30.05252516,16.763170312,25.6375,  0002447P0002284
29.793215698;                                                    0002447P0002285
100,0.,0.,0.,0.2,-3.552713679E-15,0.137709133,0.145038598;       0002449P0002286
124,-6.E-17,-1.,-0.,16.763170312,1.E-17,-6.E-34,-1.,25.6375,1.,  0002451P0002287
-6.E-17,1.E-17,29.593215698;                                     0002451P0002288
126,16,6,0,0,1,0,0.,0.,0.,0.,0.,0.,0.,0.356327321,0.356327321,   0002453P0002289
0.356327321,0.356327321,0.356327321,0.718021179,0.718021179,     0002453P0002290
0.718021179,0.718021179,0.718021179,1.,1.,1.,1.,1.,1.,1.,1.,1.,  0002453P0002291
1.,1.,1.,1.,1.,1.,1.,1.,1.,1.,1.,1.,1.,1.,1.,16.618131714,       0002453P0002292
25.6375,29.730924831,16.562894571,25.640428419,29.749817749,     0002453P0002293
16.506594013,25.64338621,29.768209681,16.449296255,25.646363861, 0002453P0002294
29.786032252,16.391119621,25.649349752,29.803202145,             0002453P0002295
16.332266873,25.652330316,29.819627968,16.212956459,             0002453P0002296
25.658294668,29.851041039,16.152466315,25.661278903,             0002453P0002297
29.866008801,16.091925776,25.664226434,29.88002209,16.031616285, 0002453P0002298
25.667127846,29.893032483,15.971771477,25.669978695,             0002453P0002299
29.905026544,15.86642179,25.674959169,29.924582889,15.820652981, 0002453P0002300
25.677109759,29.932541218,15.775331156,25.679229392,             0002453P0002301
29.939899749,15.730503746,25.68131923,29.946674345,15.686203792, 0002453P0002302
25.683380996,29.952885085,15.642452531,25.685416667,             0002453P0002303
29.958553695,0.,1.,-4.115853723E-02,-0.998599627,                0002453P0002304
3.323791337E-02;                                                 0002453P0002305
100,0.,0.,0.,0.106028535,-0.16958169,0.2,0.;                     0002455P0002306
124,-3.E-17,1.,1.E-17,15.812034221,3.E-34,-1.E-17,1.,            0002457P0002307
25.685416667,1.,3.E-17,0.,29.85252516;                           0002457P0002308
144,2461,1,0,2467;                                               0002459P0002309
122,2463,16.763170312,25.6375,29.793215698;                      0002461P0002310
100,0.,0.,0.,0.2,0.,0.2,0.;                                      0002463P0002311
124,-6.E-17,-1.,0.,17.643514073,1.E-17,-6.E-34,-1.,25.589583333, 0002465P0002312
1.,-6.E-17,1.E-17,29.149485913;                                  0002465P0002313
142,0,2461,0,2469,2;                                             0002467P0002314
102,4,2471,2473,2477,2479;                                       0002469P0002315
110,16.763170312,25.6375,29.793215698,17.643514073,25.589583333, 0002471P0002316
29.349485913;                                                    0002471P0002317
100,0.,0.,0.,0.2,0.,0.163860627,0.11467212;                      0002473P0002318
124,-1.E-16,-1.,1.E-17,17.643514073,1.E-17,-1.E-17,-1.,          0002475P0002319
25.589583333,1.,-1.E-16,1.E-17,29.149485913;                     0002475P0002320
126,16,6,0,0,1,0,0.,0.,0.,0.,0.,0.,0.,0.356327321,0.356327321,   0002477P0002321
0.356327321,0.356327321,0.356327321,0.718021179,0.718021179,     0002477P0002322
0.718021179,0.718021179,0.718021179,1.,1.,1.,1.,1.,1.,1.,1.,1.,  0002477P0002323
1.,1.,1.,1.,1.,1.,1.,1.,1.,1.,1.,1.,1.,1.,1.,17.528841953,       0002477P0002324
25.589583333,29.31334654,17.478480354,25.592511752,29.342872692, 0002477P0002325
17.426976809,25.595469543,29.372119926,17.374382569,             0002477P0002326
25.598447194,29.40100804,17.320796974,25.601433085,29.429431798, 0002477P0002327
17.266400494,25.604413649,29.457261218,17.155748031,             0002477P0002328
25.610378002,29.511830334,17.099456336,25.613362236,             0002477P0002329
29.538557409,17.042924967,25.616309767,29.564359219,             0002477P0002330
16.986420062,25.61921118,29.589132203,16.930167888,25.622062029, 0002477P0002331
29.612816615,16.830832035,25.627042503,29.65298371,16.787568684, 0002477P0002332
25.629193093,29.669907107,16.744623763,25.631312726,             0002477P0002333
29.686153632,16.702046914,25.633402563,29.701729373,             0002477P0002334
16.659874517,25.63546433,29.716647421,16.618131714,25.6375,      0002477P0002335
29.730924831,0.,1.,-3.370569329E-02,-0.998599627,                0002477P0002336
4.077634499E-02;                                                 0002477P0002337
100,0.,0.,0.,0.137709133,-0.145038598,0.2,3.552713679E-15;       0002479P0002338
124,-6.E-17,1.,0.,16.763170312,1.E-17,6.E-34,1.,25.6375,1.,      0002481P0002339
6.E-17,-1.E-17,29.593215698;                                     0002481P0002340
144,2485,1,0,2491;                                               0002483P0002341
122,2487,17.643514073,25.589583333,29.349485913;                 0002485P0002342
100,0.,0.,0.,0.2,0.,0.2,0.;                                      0002487P0002343
124,-1.E-16,-1.,1.E-17,18.417719183,1.E-17,-1.E-17,-1.,          0002489P0002344
25.541666667,1.,-1.E-16,1.E-17,28.539151818;                     0002489P0002345
142,0,2485,0,2493,2;                                             0002491P0002346
102,4,2495,2497,2501,2503;                                       0002493P0002347
110,17.643514073,25.589583333,29.349485913,18.417719183,         0002495P0002348
25.541666667,28.739151818;                                       0002495P0002349
100,0.,0.,0.,0.2,0.,0.18343302,7.970148832E-02;                  0002497P0002350
124,7.E-17,-1.,0.,18.417719183,0.,0.,-1.,25.541666667,1.,7.E-17, 0002499P0002351
0.,28.539151818;                                                 0002499P0002352
126,16,6,0,0,1,0,0.,0.,0.,0.,0.,0.,0.,0.356327322,0.356327322,   0002501P0002353
0.356327322,0.356327322,0.356327322,0.718021179,0.718021179,     0002501P0002354
0.718021179,0.718021179,0.718021179,1.,1.,1.,1.,1.,1.,1.,1.,1.,  0002501P0002355
1.,1.,1.,1.,1.,1.,1.,1.,1.,1.,1.,1.,1.,1.,1.,18.338017694,       0002501P0002356
25.541666667,28.722584837,18.294553687,25.544595085,             0002501P0002357
28.761558731,18.249915051,25.547552877,28.800486974,18.20413602, 0002501P0002358
25.550530528,28.839280755,18.157292958,25.553516419,             0002501P0002359
28.877817147,18.109536797,25.556496983,28.915932797,             0002501P0002360
18.011985047,25.562461335,28.991466975,17.962151946,25.56544557, 0002501P0002361
29.028880255,17.911899515,25.568393101,29.065434629,             0002501P0002362
17.861467901,25.571294513,29.100975553,17.811066918,             0002501P0002363
25.574145362,29.135399374,17.721733292,25.579125836,             0002501P0002364
29.194564487,17.682712449,25.581276426,29.219773466,             0002501P0002365
17.643868696,25.583396059,29.244255677,17.605251893,             0002501P0002366
25.585485897,29.26800719,17.5669003,25.587547663,29.291033577,   0002501P0002367
17.528841953,25.589583333,29.31334654,0.,1.,-2.489954587E-02,    0002501P0002368
-0.998599627,4.667758228E-02;                                    0002501P0002369
100,0.,0.,0.,0.163860627,-0.11467212,0.2,0.;                     0002503P0002370
124,-1.E-16,1.,-1.E-17,17.643514073,1.E-17,1.E-17,1.,            0002505P0002371
25.589583333,1.,1.E-16,-1.E-17,29.149485913;                     0002505P0002372
144,2509,1,0,2515;                                               0002507P0002373
122,2511,18.417719183,25.541666667,28.739151818;                 0002509P0002374
100,0.,0.,0.,0.2,0.,0.2,0.;                                      0002511P0002375
124,7.E-17,-1.,0.,19.054700848,0.,0.,-1.,25.49375,1.,7.E-17,0.,  0002513P0002376
27.786718686;                                                    0002513P0002377
142,0,2509,0,2517,2;                                             0002515P0002378
102,4,2519,2521,2525,2527;                                       0002517P0002379
110,18.417719183,25.541666667,28.739151818,19.054700848,         0002519P0002380
25.49375,27.986718686;                                           0002519P0002381
100,0.,0.,0.,0.2,0.,0.195640469,4.153079513E-02;                 0002521P0002382
124,3.E-17,-1.,0.,19.054700848,0.,0.,-1.,25.49375,1.,3.E-17,0.,  0002523P0002383
27.786718686;                                                    0002523P0002384
126,16,6,0,0,1,0,0.,0.,0.,0.,0.,0.,0.,0.356327322,0.356327322,   0002525P0002385
0.356327322,0.356327322,0.356327322,0.718021179,0.718021179,     0002525P0002386
0.718021179,0.718021179,0.718021179,1.,1.,1.,1.,1.,1.,1.,1.,1.,  0002525P0002387
1.,1.,1.,1.,1.,1.,1.,1.,1.,1.,1.,1.,1.,1.,1.,19.013170053,       0002525P0002388
25.49375,27.982359155,18.978348743,25.496678419,28.029215965,    0002525P0002389
18.942367284,25.49963621,28.076262225,18.905241516,25.502613861, 0002525P0002390
28.12340408,18.867021764,25.505599752,28.170505848,18.827823361, 0002525P0002391
25.508580316,28.217377362,18.747289083,25.514544668,             0002525P0002392
28.310843859,18.705915405,25.517528903,28.357441179,             0002525P0002393
18.663959576,25.520476434,28.403280436,18.621626113,             0002525P0002394
25.523377846,28.448162313,18.57909995,25.526228695,28.491943406, 0002525P0002395
18.50335535,25.531209169,28.567731021,18.470143723,25.533359759, 0002525P0002396
28.600213428,18.436960738,25.535479392,28.63194835,18.403854469, 0002525P0002397
25.53756923,28.662921996,18.370863519,25.539630996,28.6931322,   0002525P0002398
18.338017694,25.541666667,28.722584837,0.,1.,-1.509366697E-02,   0002525P0002399
-0.998599627,5.070468705E-02;                                    0002525P0002400
100,0.,0.,0.,0.18343302,-7.970148832E-02,0.2,0.;                 0002527P0002401
124,7.E-17,1.,0.,18.417719183,0.,0.,1.,25.541666667,1.,-7.E-17,  0002529P0002402
0.,28.539151818;                                                 0002529P0002403
144,2533,1,0,2539;                                               0002531P0002404
122,2535,19.054700848,25.49375,27.986718686;                     0002533P0002405
100,0.,0.,0.,0.2,0.,0.2,0.;                                      0002535P0002406
124,3.E-17,-1.,0.,19.23549008,0.,0.,-1.,25.475481068,1.,3.E-17,  0002537P0002407
0.,27.457183431;                                                 0002537P0002408
142,0,2533,0,2541,2;                                             0002539P0002409
102,3,2543,2545,2547;                                            0002541P0002410
110,19.054700848,25.49375,27.986718686,19.23549008,25.475481068, 0002543P0002411
27.657183431;                                                    0002543P0002412
126,6,6,0,0,1,0,0.,0.,0.,0.,0.,0.,0.,1.,1.,1.,1.,1.,1.,1.,1.,1., 0002545P0002413
1.,1.,1.,1.,1.,19.23549008,25.475481068,27.657183431,            0002545P0002414
19.199295789,25.478679473,27.714876308,19.16254444,25.481817837, 0002545P0002415
27.77136232,19.125422034,25.4848909,27.826428992,19.088078948,   0002545P0002416
25.487900848,27.879971717,19.050634341,25.490851793,             0002545P0002417
27.931945857,19.013170053,25.49375,27.982359155,0.,1.,           0002545P0002418
-1.73282386E-02,-0.998872868,4.418965573E-02;                    0002545P0002419
100,0.,0.,0.,0.195640469,-4.153079513E-02,0.2,0.;                0002547P0002420
124,3.E-17,1.,0.,19.054700848,0.,0.,1.,25.49375,1.,-3.E-17,0.,   0002549P0002421
27.786718686;                                                    0002549P0002422
144,2553,1,0,2559;                                               0002551P0002423
122,2555,19.054700848,25.49375,27.986718686;                     0002553P0002424
100,0.,0.,0.,0.2,0.,0.2,0.;                                      0002555P0002425
124,3.E-17,-1.,0.,19.528883879,0.,0.,-1.,25.445833333,1.,3.E-17, 0002557P0002426
0.,26.922397152;                                                 0002557P0002427
142,0,2553,0,2561,2;                                             0002559P0002428
102,6,2563,2567,2569,2571,2573,2577;                             0002561P0002429
100,0.,0.,0.,-0.140144265,-0.142687018,0.2,0.;                   0002563P0002430
124,3.E-17,-1.,0.,19.528883879,0.,0.,-1.,25.445833333,1.,3.E-17, 0002565P0002431
0.,26.922397152;                                                 0002565P0002432
110,19.528883879,25.445833333,27.122397152,19.516772936,         0002567P0002433
25.447057156,27.144472486;                                       0002567P0002434
126,9,5,0,0,1,0,0.,0.,0.,0.,0.,0.,0.578558145,0.578558145,       0002569P0002435
0.578558145,0.578558145,1.,1.,1.,1.,1.,1.,1.,1.,1.,1.,1.,1.,1.,  0002569P0002436
1.,1.,1.,19.516772936,25.447057156,27.144472486,19.488643961,    0002569P0002437
25.450341684,27.203718849,19.459080862,25.453661292,             0002569P0002438
27.263478077,19.428090627,25.456999518,27.323573657,             0002569P0002439
19.395745031,25.460335414,27.383717928,19.337926884,             0002569P0002440
25.466054681,27.486941208,19.31296799,25.468451235,27.530228675, 0002569P0002441
19.287510902,25.470824642,27.57312328,19.26165307,25.473169106,  0002569P0002442
27.615480218,19.23549008,25.475481068,27.657183431,0.,1.,        0002569P0002443
1.07257711E-03,-0.998433477,5.59414056E-02;                      0002569P0002444
110,19.23549008,25.475481068,27.657183431,19.054700848,25.49375, 0002571P0002445
27.986718686;                                                    0002571P0002446
100,0.,0.,0.,0.2,0.,-0.108883611,0.167762806;                    0002573P0002447
124,3.E-17,1.,0.,19.054700848,0.,0.,1.,25.49375,1.,-3.E-17,0.,   0002575P0002448
27.786718686;                                                    0002575P0002449
126,16,6,0,0,1,0,0.,0.,0.,0.,0.,0.,0.,0.356918438,0.356918438,   0002577P0002450
0.356918438,0.356918438,0.356918438,0.717729341,0.717729341,     0002577P0002451
0.717729341,0.717729341,0.717729341,1.,1.,1.,1.,1.,1.,1.,1.,1.,  0002577P0002452
1.,1.,1.,1.,1.,1.,1.,1.,1.,1.,1.,1.,1.,1.,1.,19.222463654,       0002577P0002453
25.49375,27.677835075,19.253781276,25.490816724,27.628452826,    0002577P0002454
19.284859238,25.487853975,27.577915723,19.315615169,             0002577P0002455
25.484871315,27.526272465,19.345939816,25.481880429,             0002577P0002456
27.473619259,19.375696203,25.478894957,27.420133073,             0002577P0002457
19.434057891,25.472933371,27.3114875,19.462657876,25.469956642,  0002577P0002458
27.256296576,19.490345568,25.467016473,27.200836209,             0002577P0002459
19.517009073,25.464122201,27.145366826,19.542581298,             0002577P0002460
25.461278239,27.090110779,19.586158711,25.456301968,             0002577P0002461
26.992324377,19.604603601,25.454149022,26.949632607,19.62235948, 0002577P0002462
25.452027101,26.907235904,19.639430696,25.44993504,26.865184282, 0002577P0002463
19.655829095,25.447871112,26.823514678,19.671570897,             0002577P0002464
25.445833333,26.782252888,0.,1.,-4.192776114E-02,-0.998599629,   0002577P0002465
3.226211642E-02;                                                 0002577P0002466
144,2581,1,0,2587;                                               0002579P0002467
122,2583,19.516772936,25.447057156,27.144472486;                 0002581P0002468
100,0.,0.,0.,0.2,0.,0.2,0.;                                      0002583P0002469
124,3.E-17,-1.,0.,19.528883879,0.,0.,-1.,25.445833333,1.,3.E-17, 0002585P0002470
0.,26.922397152;                                                 0002585P0002471
142,0,2581,0,2589,2;                                             0002587P0002472
102,3,2591,2593,2597;                                            0002589P0002473
110,19.516772936,25.447057156,27.144472486,19.528883879,         0002591P0002474
25.445833333,27.122397152;                                       0002591P0002475
100,0.,0.,0.,0.2,0.,0.199992837,1.692615988E-03;                 0002593P0002476
124,3.E-17,-1.,0.,19.528883879,0.,0.,-1.,25.445833333,1.,3.E-17, 0002595P0002477
0.,26.922397152;                                                 0002595P0002478
126,4,4,1,0,1,0,0.,0.,0.,0.,0.,1.,1.,1.,1.,1.,1.,1.,1.,1.,1.,    0002597P0002479
19.527191263,25.445833333,27.12238999,19.524606458,25.446138791, 0002597P0002480
27.127903541,19.522008485,25.446444589,27.133421887,             0002597P0002481
19.519397316,25.446750716,27.138944914,19.516772936,             0002597P0002482
25.447057156,27.144472486,0.,1.,-6.233329144E-03,-0.998606582,   0002597P0002483
5.240267833E-02;                                                 0002597P0002484
144,2601,1,0,2607;                                               0002599P0002485
122,2603,19.528883879,25.445833333,27.122397152;                 0002601P0002486
100,0.,0.,0.,0.2,0.,0.2,0.;                                      0002603P0002487
124,3.E-17,-1.,0.,19.532241357,0.,0.,-1.,25.445283029,1.,3.E-17, 0002605P0002488
0.,26.911584307;                                                 0002605P0002489
142,0,2601,0,2609,2;                                             0002607P0002490
102,3,2611,2613,2615;                                            0002609P0002491
110,19.528883879,25.445833333,27.122397152,19.532241357,         0002611P0002492
25.445283029,27.111584307;                                       0002611P0002493
126,5,5,0,0,1,0,0.,0.,0.,0.,0.,0.,1.,1.,1.,1.,1.,1.,1.,1.,1.,1., 0002613P0002494
1.,1.,19.532241357,25.445283029,27.111584307,19.531690183,       0002613P0002495
25.445343237,27.112767331,19.530310261,25.445493953,             0002613P0002496
27.115728609,19.529158383,25.445619329,27.118189739,             0002613P0002497
19.528346825,25.445707719,27.119925103,19.527191263,             0002613P0002498
25.445833333,27.12238999,0.,1.,0.,0.,1.;                         0002613P0002499
100,0.,0.,0.,0.199992837,-1.692615988E-03,0.2,0.;                0002615P0002500
124,3.E-17,1.,0.,19.528883879,0.,0.,1.,25.445833333,1.,-3.E-17,  0002617P0002501
0.,26.922397152;                                                 0002617P0002502
144,2621,1,0,2627;                                               0002619P0002503
122,2623,19.528883879,25.445833333,27.122397152;                 0002621P0002504
100,0.,0.,0.,0.2,0.,0.2,0.;                                      0002623P0002505
124,3.E-17,-1.,0.,19.821229547,0.,0.,-1.,25.397916667,1.,3.E-17, 0002625P0002506
0.,25.980890237;                                                 0002625P0002507
142,0,2621,0,2629,2;                                             0002627P0002508
102,5,2631,2633,2635,2639,2641;                                  0002629P0002509
126,16,6,0,0,1,0,0.,0.,0.,0.,0.,0.,0.,0.360906737,0.360906737,   0002631P0002510
0.360906737,0.360906737,0.360906737,0.723070684,0.723070684,     0002631P0002511
0.723070684,0.723070684,0.723070684,1.,1.,1.,1.,1.,1.,1.,1.,1.,  0002631P0002512
1.,1.,1.,1.,1.,1.,1.,1.,1.,1.,1.,1.,1.,1.,1.,19.859443069,       0002631P0002513
25.397916667,26.177205613,19.845698299,25.400845085,             0002631P0002514
26.233943305,19.83095963,25.403802877,26.291308691,19.815204971, 0002631P0002515
25.406780528,26.34920919,19.798427629,25.409766419,26.407500243, 0002631P0002516
19.780659469,25.412746983,26.465961735,19.743263639,             0002631P0002517
25.418677068,26.582790251,19.723623222,25.421627491,             0002631P0002518
26.641177129,19.7031684,25.424542244,26.699108435,19.682005723,  0002631P0002519
25.427412138,26.756328666,19.660245616,25.430232754,             0002631P0002520
26.812638725,19.620976174,25.435120171,26.910144992,             0002631P0002521
19.603667985,25.437208607,26.951788431,19.586106609,25.43926787, 0002631P0002522
26.992777723,19.568327834,25.441298961,27.033082876,             0002631P0002523
19.550363611,25.443303418,27.072687243,19.532241357,             0002631P0002524
25.445283029,27.111584307,0.,1.,6.208749517E-03,-0.998592714,    0002631P0002525
5.266918423E-02;                                                 0002631P0002526
110,19.532241357,25.445283029,27.111584307,19.528883879,         0002633P0002527
25.445833333,27.122397152;                                       0002633P0002528
100,0.,0.,0.,0.2,0.,-0.140144265,0.142687018;                    0002635P0002529
124,3.E-17,1.,0.,19.528883879,0.,0.,1.,25.445833333,1.,-3.E-17,  0002637P0002530
0.,26.922397152;                                                 0002637P0002531
126,16,6,0,0,1,0,0.,0.,0.,0.,0.,0.,0.,0.356918438,0.356918438,   0002639P0002532
0.356918438,0.356918438,0.356918438,0.717729341,0.717729341,     0002639P0002533
0.717729341,0.717729341,0.717729341,1.,1.,1.,1.,1.,1.,1.,1.,1.,  0002639P0002534
1.,1.,1.,1.,1.,1.,1.,1.,1.,1.,1.,1.,1.,1.,1.,19.671570897,       0002639P0002535
25.445833333,26.782252888,19.692414571,25.442900057,             0002639P0002536
26.727618272,19.712793156,25.439937308,26.671899768,             0002639P0002537
19.732635643,25.436954649,26.615161517,19.751854153,             0002639P0002538
25.433963763,26.557519577,19.770349741,25.430978291,             0002639P0002539
26.499174673,19.805879357,25.425016705,26.381074743,             0002639P0002540
19.822901889,25.422039976,26.321289873,19.838976723,             0002639P0002541
25.419099806,26.261422852,19.854046135,25.416205534,             0002639P0002542
26.201751185,19.868088705,25.413361572,26.142506138,             0002639P0002543
19.891295816,25.408385301,26.037994887,19.900859049,             0002639P0002544
25.406232355,25.992482848,19.909805931,25.404110434,             0002639P0002545
25.947397319,19.918150692,25.402018374,25.902786442,             0002639P0002546
19.925912305,25.399954445,25.858684053,19.933111808,             0002639P0002547
25.397916667,25.815112194,0.,1.,-3.465401745E-02,-0.998599629,   0002639P0002548
3.997349604E-02;                                                 0002639P0002549
100,0.,0.,0.,-0.165778043,-0.111882261,0.196315376,              0002641P0002550
-3.821352269E-02;                                                0002641P0002551
124,0.,-1.,0.,19.821229547,-1.E-17,0.,-1.,25.397916667,1.,0.,    0002643P0002552
-1.E-17,25.980890237;                                            0002643P0002553
144,2647,1,0,2653;                                               0002645P0002554
122,2649,19.821229547,25.397916667,26.180890237;                 0002647P0002555
100,0.,0.,0.,0.2,0.,0.2,0.;                                      0002649P0002556
124,0.,-1.,0.,19.92,-1.E-17,0.,-1.,25.35,1.,0.,-1.E-17,25.;      0002651P0002557
142,0,2647,0,2655,2;                                             0002653P0002558
102,4,2657,2661,2663,2667;                                       0002655P0002559
100,0.,0.,0.,-0.184755735,-7.658536585E-02,0.184755735,          0002657P0002560
-7.658536585E-02;                                                0002657P0002561
124,0.,-1.,0.,19.92,-1.E-17,0.,-1.,25.35,1.,0.,-1.E-17,25.;      0002659P0002562
126,16,6,0,0,1,0,0.,0.,0.,0.,0.,0.,0.,0.356327322,0.356327322,   0002661P0002563
0.356327322,0.356327322,0.356327322,0.718021179,0.718021179,     0002661P0002564
0.718021179,0.718021179,0.718021179,1.,1.,1.,1.,1.,1.,1.,1.,1.,  0002661P0002565
1.,1.,1.,1.,1.,1.,1.,1.,1.,1.,1.,1.,1.,1.,1.,19.996585366,25.35, 0002661P0002566
25.184755735,19.994428202,25.352928419,25.243094668,             0002661P0002567
19.991422235,25.35588621,25.302246845,19.987527358,25.358863861, 0002661P0002568
25.362125948,19.982708194,25.361849752,25.422591655,             0002661P0002569
19.976952081,25.364830316,25.483421917,19.963521681,             0002661P0002570
25.370794668,25.606065223,19.955817562,25.373778903,             0002661P0002571
25.667901603,19.947204306,25.376726434,25.729442979,             0002661P0002572
19.937737565,25.379627846,25.790409247,19.927488525,             0002661P0002573
25.382478695,25.850577475,19.907991994,25.387459169,             0002661P0002574
25.955938248,19.89901966,25.389609759,26.001519122,19.889647552, 0002661P0002575
25.391729392,26.046467753,19.879907474,25.39381923,26.090745543, 0002661P0002576
19.869830016,25.395880996,26.134328843,19.859443069,             0002661P0002577
25.397916667,26.177205613,0.,1.,1.628036476E-02,-0.998599627,    0002661P0002578
5.033620759E-02;                                                 0002661P0002579
100,0.,0.,0.,0.196315376,3.821352269E-02,-0.165778043,           0002663P0002580
0.111882261;                                                     0002663P0002581
124,0.,1.,0.,19.821229547,-1.E-17,0.,1.,25.397916667,1.,0.,      0002665P0002582
1.E-17,25.980890237;                                             0002665P0002583
126,16,6,0,0,1,0,0.,0.,0.,0.,0.,0.,0.,0.356918438,0.356918438,   0002667P0002584
0.356918438,0.356918438,0.356918438,0.717729341,0.717729341,     0002667P0002585
0.717729341,0.717729341,0.717729341,1.,1.,1.,1.,1.,1.,1.,1.,1.,  0002667P0002586
1.,1.,1.,1.,1.,1.,1.,1.,1.,1.,1.,1.,1.,1.,1.,19.933111808,       0002667P0002587
25.397916667,25.815112194,19.942644649,25.39498339,25.757418825, 0002667P0002588
19.951505645,25.392020641,25.698756049,19.959638,25.389037982,   0002667P0002589
25.63920088,19.966978738,25.386047096,25.578884565,19.973470919, 0002667P0002590
25.383061624,25.518023525,19.984741928,25.377100038,             0002667P0002591
25.395211019,19.989503542,25.374123309,25.333232601,             0002667P0002592
19.993320104,25.37118314,25.271362621,19.996190376,25.368288867, 0002667P0002593
25.209884523,19.998139475,25.365444906,25.1490292,20.000044505,  0002667P0002594
25.360468634,25.04198929,20.000342112,25.358315688,24.995484316, 0002667P0002595
20.000120773,25.356193767,24.949520171,19.999404032,             0002667P0002596
25.354101707,24.904141193,19.998217226,25.352037779,             0002667P0002597
24.859376755,19.996585366,25.35,24.815244265,0.,1.,              0002667P0002598
-2.598889448E-02,-0.998599629,4.607991618E-02;                   0002667P0002599
144,2671,1,0,2673;                                               0002669P0002600
108,0.,1.,0.,25.35,0,19.92,25.35,25.,0.;                         0002671P0002601
142,0,2671,0,2675,2;                                             0002673P0002602
102,2,2677,2681;                                                 0002675P0002603
100,0.,0.,0.,-0.184755735,-4.996585366,0.184755735,-4.996585366; 0002677P0002604
124,0.,-1.,0.,15.,0.,0.,-1.,25.35,1.,0.,-0.,25.;                 0002679P0002605
100,0.,0.,0.,0.184755735,7.658536585E-02,-0.184755735,           0002681P0002606
7.658536585E-02;                                                 0002681P0002607
124,0.,1.,0.,19.92,-1.E-17,0.,1.,25.35,1.,0.,1.E-17,25.;         0002683P0002608
144,2687,1,0,2693;                                               0002685P0002609
122,2689,18.417719183,25.541666667,28.739151818;                 0002687P0002610
100,0.,0.,0.,0.2,0.,0.2,0.;                                      0002689P0002611
124,7.E-17,-1.,0.,19.054700848,0.,0.,-1.,25.49375,1.,7.E-17,0.,  0002691P0002612
27.786718686;                                                    0002691P0002613
142,0,2687,0,2695,2;                                             0002693P0002614
102,4,2697,2701,2703,2707;                                       0002695P0002615
100,0.,0.,0.,-0.108883611,-0.167762806,0.2,0.;                   0002697P0002616
124,3.E-17,-1.,0.,19.054700848,0.,0.,-1.,25.49375,1.,3.E-17,0.,  0002699P0002617
27.786718686;                                                    0002699P0002618
110,19.054700848,25.49375,27.986718686,18.417719183,             0002701P0002619
25.541666667,28.739151818;                                       0002701P0002620
100,0.,0.,0.,0.2,0.,-7.325121625E-02,0.186102819;                0002703P0002621
124,7.E-17,1.,0.,18.417719183,0.,0.,1.,25.541666667,1.,-7.E-17,  0002705P0002622
0.,28.539151818;                                                 0002705P0002623
126,16,6,0,0,1,0,0.,0.,0.,0.,0.,0.,0.,0.356918438,0.356918438,   0002707P0002624
0.356918438,0.356918438,0.356918438,0.717729341,0.717729341,     0002707P0002625
0.717729341,0.717729341,0.717729341,1.,1.,1.,1.,1.,1.,1.,1.,1.,  0002707P0002626
1.,1.,1.,1.,1.,1.,1.,1.,1.,1.,1.,1.,1.,1.,1.,18.603822002,       0002707P0002627
25.541666667,28.465900601,18.64435615,25.53873339,28.423753445,  0002707P0002628
18.68488569,25.535770641,28.380426839,18.725320197,25.532787982, 0002707P0002629
28.335952081,18.765533428,25.529797096,28.290401666,             0002707P0002630
18.805355878,25.526811624,28.243921701,18.884206381,             0002707P0002631
25.520850038,28.149092668,18.923235514,25.517873309,             0002707P0002632
28.100711639,18.961424385,25.51493314,28.051884693,18.998611429, 0002707P0002633
25.512038867,28.002844722,19.034686567,25.509194906,             0002707P0002634
27.953796238,19.096884625,25.504218634,27.866660866,             0002707P0002635
19.123470598,25.502065688,27.828503465,19.149322566,             0002707P0002636
25.499943767,27.790497842,19.174434817,25.497851707,             0002707P0002637
27.752693871,19.198811596,25.495787779,27.715130112,             0002707P0002638
19.222463654,25.49375,27.677835075,0.,1.,-4.751808047E-02,       0002707P0002639
-0.998599629,2.325539377E-02;                                    0002707P0002640
144,2711,1,0,2717;                                               0002709P0002641
122,2713,17.643514073,25.589583333,29.349485913;                 0002711P0002642
100,0.,0.,0.,0.2,0.,0.2,0.;                                      0002713P0002643
124,-1.E-16,-1.,1.E-17,18.417719183,1.E-17,-1.E-17,-1.,          0002715P0002644
25.541666667,1.,-1.E-16,1.E-17,28.539151818;                     0002715P0002645
142,0,2711,0,2719,2;                                             0002717P0002646
102,4,2721,2725,2727,2731;                                       0002719P0002647
100,0.,0.,0.,-7.325121625E-02,-0.186102819,0.2,0.;               0002721P0002648
124,7.E-17,-1.,0.,18.417719183,0.,0.,-1.,25.541666667,1.,7.E-17, 0002723P0002649
0.,28.539151818;                                                 0002723P0002650
110,18.417719183,25.541666667,28.739151818,17.643514073,         0002725P0002651
25.589583333,29.349485913;                                       0002725P0002652
100,0.,0.,0.,0.2,0.,-3.46777418E-02,0.196970694;                 0002727P0002653
124,-1.E-16,1.,-1.E-17,17.643514073,1.E-17,1.E-17,1.,            0002729P0002654
25.589583333,1.,1.E-16,-1.E-17,29.149485913;                     0002729P0002655
126,16,6,0,0,1,0,0.,0.,0.,0.,0.,0.,0.,0.356918438,0.356918438,   0002731P0002656
0.356918438,0.356918438,0.356918438,0.717729341,0.717729341,     0002731P0002657
0.717729341,0.717729341,0.717729341,1.,1.,1.,1.,1.,1.,1.,1.,1.,  0002731P0002658
1.,1.,1.,1.,1.,1.,1.,1.,1.,1.,1.,1.,1.,1.,1.,17.840484767,       0002731P0002659
25.589583333,29.114808172,17.888607971,25.586650057,             0002731P0002660
29.081588341,17.936961805,25.583687308,29.04721182,17.985451418, 0002731P0002661
25.580704649,29.01169125,18.033938649,25.577713763,28.975072502, 0002731P0002662
18.082228265,25.574728291,28.937464955,18.17840169,25.568766705, 0002731P0002663
28.860259906,18.226292927,25.565789976,28.820631297,             0002731P0002664
18.273449673,25.562849806,28.780398203,18.319667174,             0002731P0002665
25.559955534,28.739756629,18.364796788,25.557111572,             0002731P0002666
28.698885033,18.4431182,25.552135301,28.625899227,18.476777814,  0002731P0002667
25.549982355,28.593808239,18.509687899,25.547860434,             0002731P0002668
28.561719643,18.541832914,25.545768374,28.529681175,18.57320933, 0002731P0002669
25.543704445,28.497731468,18.603822002,25.541666667,             0002731P0002670
28.465900601,0.,1.,-5.120052079E-02,-0.998599629,                0002731P0002671
1.331495332E-02;                                                 0002731P0002672
144,2735,1,0,2741;                                               0002733P0002673
122,2737,16.763170312,25.6375,29.793215698;                      0002735P0002674
100,0.,0.,0.,0.2,0.,0.2,0.;                                      0002737P0002675
124,-6.E-17,-1.,0.,17.643514073,1.E-17,-6.E-34,-1.,25.589583333, 0002739P0002676
1.,-6.E-17,1.E-17,29.149485913;                                  0002739P0002677
142,0,2735,0,2743,2;                                             0002741P0002678
102,4,2745,2749,2751,2755;                                       0002743P0002679
100,0.,0.,0.,-3.46777418E-02,-0.196970694,0.2,0.;                0002745P0002680
124,-1.E-16,-1.,1.E-17,17.643514073,1.E-17,-1.E-17,-1.,          0002747P0002681
25.589583333,1.,-1.E-16,1.E-17,29.149485913;                     0002747P0002682
110,17.643514073,25.589583333,29.349485913,16.763170312,25.6375, 0002749P0002683
29.793215698;                                                    0002749P0002684
100,0.,0.,0.,0.2,3.552713679E-15,5.28806448E-03,0.199930079;     0002751P0002685
124,-6.E-17,1.,0.,16.763170312,1.E-17,6.E-34,1.,25.6375,1.,      0002753P0002686
6.E-17,-1.E-17,29.593215698;                                     0002753P0002687
126,16,6,0,0,1,0,0.,0.,0.,0.,0.,0.,0.,0.356918438,0.356918438,   0002755P0002688
0.356918438,0.356918438,0.356918438,0.717729341,0.717729341,     0002755P0002689
0.717729341,0.717729341,0.717729341,1.,1.,1.,1.,1.,1.,1.,1.,1.,  0002755P0002690
1.,1.,1.,1.,1.,1.,1.,1.,1.,1.,1.,1.,1.,1.,1.,16.96310039,        0002755P0002691
25.6375,29.598503763,17.016880476,25.634566724,29.575545054,     0002755P0002692
17.071117169,25.631603975,29.551498856,17.125715,25.628621315,   0002755P0002693
29.526358646,17.180529441,25.625630429,29.500141829,             0002755P0002694
17.235347368,25.622644957,29.472916666,17.344982293,             0002755P0002695
25.616683371,29.416435428,17.399812774,25.613706642,             0002755P0002696
29.387150352,17.454044023,25.610766473,29.357126493,             0002755P0002697
17.507436321,25.607872201,29.326515097,17.55980843,25.605028239, 0002755P0002698
29.295461409,17.651108546,25.600051968,29.239555593,             0002755P0002699
17.690490348,25.597899022,29.214819488,17.729137189,             0002755P0002700
25.595777101,29.189936296,17.767024327,25.59368504,29.164949695, 0002755P0002701
17.8041406,25.591621112,29.139896839,17.840484767,25.589583333,  0002755P0002702
29.114808172,0.,1.,-5.282722995E-02,-0.998599629,                0002755P0002703
2.839909628E-03;                                                 0002755P0002704
144,2759,1,0,2765;                                               0002757P0002705
122,2761,15.812034221,25.685416667,30.05252516;                  0002759P0002706
100,0.,0.,0.,0.2,0.,0.2,0.;                                      0002761P0002707
124,-3.E-17,-1.,-1.E-17,16.763170312,3.E-34,1.E-17,-1.,25.6375,  0002763P0002708
1.,-3.E-17,0.,29.593215698;                                      0002763P0002709
142,0,2759,0,2767,2;                                             0002765P0002710
102,4,2769,2773,2775,2779;                                       0002767P0002711
100,0.,0.,0.,5.28806448E-03,-0.199930079,0.2,-3.552713679E-15;   0002769P0002712
124,-6.E-17,-1.,-0.,16.763170312,1.E-17,-6.E-34,-1.,25.6375,1.,  0002771P0002713
-6.E-17,1.E-17,29.593215698;                                     0002771P0002714
110,16.763170312,25.6375,29.793215698,15.812034221,25.685416667, 0002773P0002715
30.05252516;                                                     0002773P0002716
100,0.,0.,0.,0.2,0.,4.504155184E-02,0.194862153;                 0002775P0002717
124,-3.E-17,1.,1.E-17,15.812034221,3.E-34,-1.E-17,1.,            0002777P0002718
25.685416667,1.,3.E-17,0.,29.85252516;                           0002777P0002719
126,16,6,0,0,1,0,0.,0.,0.,0.,0.,0.,0.,0.356918438,0.356918438,   0002779P0002720
0.356918438,0.356918438,0.356918438,0.717729341,0.717729341,     0002779P0002721
0.717729341,0.717729341,0.717729341,1.,1.,1.,1.,1.,1.,1.,1.,1.,  0002779P0002722
1.,1.,1.,1.,1.,1.,1.,1.,1.,1.,1.,1.,1.,1.,1.,16.006896374,       0002779P0002723
25.685416667,29.897566711,16.064174039,25.68248339,29.88579093,  0002779P0002724
16.122115954,25.679520641,29.873040524,16.18062987,25.676537982, 0002779P0002725
29.859290068,16.239570687,25.673547096,29.844527803,             0002779P0002726
16.298715952,25.670561624,29.82877813,16.417410473,25.664600038, 0002779P0002727
29.795288458,16.47697872,25.661623309,29.777522728,16.536107055, 0002779P0002728
25.65868314,29.758913579,16.594530418,25.655788867,29.739561428, 0002779P0002729
16.652042251,25.652944906,29.719572472,16.752655318,             0002779P0002730
25.647968634,29.682991297,16.796178104,25.645815688,             0002779P0002731
29.666603245,16.839010009,25.643693767,29.649924531,             0002779P0002732
16.881118078,25.641601707,29.632993025,16.922483967,             0002779P0002733
25.639537779,29.615842906,16.96310039,25.6375,29.598503763,0.,   0002779P0002734
1.,5.233289463E-02,0.998599629,7.749158111E-03;                  0002779P0002735
144,2783,1,0,2789;                                               0002781P0002736
122,2785,14.828294476,25.733333333,30.117002869;                 0002783P0002737
100,0.,0.,0.,0.2,0.,0.2,0.;                                      0002785P0002738
124,-7.E-17,-1.,0.,15.812034221,0.,0.,-1.,25.685416667,1.,       0002787P0002739
-7.E-17,0.,29.85252516;                                          0002787P0002740
142,0,2783,0,2791,2;                                             0002789P0002741
102,4,2793,2797,2799,2803;                                       0002791P0002742
100,0.,0.,0.,4.504155184E-02,-0.194862153,0.2,0.;                0002793P0002743
124,-3.E-17,-1.,-1.E-17,15.812034221,3.E-34,1.E-17,-1.,          0002795P0002744
25.685416667,1.,-3.E-17,-0.,29.85252516;                         0002795P0002745
110,15.812034221,25.685416667,30.05252516,14.828294476,          0002797P0002746
25.733333333,30.117002869;                                       0002797P0002747
100,0.,0.,0.,0.2,0.,8.298659429E-02,0.181970396;                 0002799P0002748
124,-7.E-17,1.,0.,14.828294476,0.,0.,1.,25.733333333,1.,7.E-17,  0002801P0002749
0.,29.917002869;                                                 0002801P0002750
126,16,6,0,0,1,0,0.,0.,0.,0.,0.,0.,0.,0.356918438,0.356918438,   0002803P0002751
0.356918438,0.356918438,0.356918438,0.717729341,0.717729341,     0002803P0002752
0.717729341,0.717729341,0.717729341,1.,1.,1.,1.,1.,1.,1.,1.,1.,  0002803P0002753
1.,1.,1.,1.,1.,1.,1.,1.,1.,1.,1.,1.,1.,1.,1.,15.010264873,       0002803P0002754
25.733333333,29.999989463,15.068740385,25.730400057,             0002803P0002755
29.999869414,15.128061121,25.727437308,29.998926736,             0002803P0002756
15.188141753,25.724454649,29.997118123,15.248842438,             0002803P0002757
25.721463763,29.994403124,15.309940324,25.718478291,29.9907613,  0002803P0002758
15.432928784,25.712516705,29.981607824,15.494843098,             0002803P0002759
25.709539976,29.976074745,15.556494482,25.706599806,             0002803P0002760
29.969627474,15.617603177,25.703705534,29.962311569,15.6779456,  0002803P0002761
25.700861572,29.954189911,15.783831943,25.695885301,             0002803P0002762
29.938402134,15.829748248,25.693732355,29.931020125,             0002803P0002763
15.875045491,25.691610434,29.92321555,15.919683828,25.689518374, 0002803P0002764
29.915018947,15.963638468,25.687454445,29.906460154,             0002803P0002765
16.006896374,25.685416667,29.897566711,0.,1.,4.973736266E-02,    0002803P0002766
0.998599629,1.802709257E-02;                                     0002803P0002767
144,2807,1,0,2813;                                               0002805P0002768
122,2809,13.85144881,25.78125,29.984060008;                      0002807P0002769
100,0.,0.,0.,0.2,0.,0.2,0.;                                      0002809P0002770
124,-4.E-17,-1.,0.,14.828294476,-1.E-17,4.E-34,-1.,25.733333333, 0002811P0002771
1.,-4.E-17,-1.E-17,29.917002869;                                 0002811P0002772
142,0,2807,0,2815,2;                                             0002813P0002773
102,5,2817,2821,2823,2827,2829;                                  0002815P0002774
100,0.,0.,0.,8.298659429E-02,-0.181970396,0.2,0.;                0002817P0002775
124,-7.E-17,-1.,-0.,14.828294476,0.,0.,-1.,25.733333333,1.,      0002819P0002776
-7.E-17,0.,29.917002869;                                         0002819P0002777
110,14.828294476,25.733333333,30.117002869,13.85144881,25.78125, 0002821P0002778
29.984060008;                                                    0002821P0002779
100,0.,0.,0.,0.2,0.,0.117599676,0.161772421;                     0002823P0002780
124,-4.E-17,1.,0.,13.85144881,-1.E-17,-4.E-34,1.,25.78125,1.,    0002825P0002781
4.E-17,1.E-17,29.784060008;                                      0002825P0002782
126,16,6,0,0,1,0,0.,0.,0.,0.,0.,0.,0.,0.360859797,0.360859797,   0002827P0002783
0.360859797,0.360859797,0.360859797,0.722525371,0.722525371,     0002827P0002784
0.722525371,0.722525371,0.722525371,1.,1.,1.,1.,1.,1.,1.,1.,1.,  0002827P0002785
1.,1.,1.,1.,1.,1.,1.,1.,1.,1.,1.,1.,1.,1.,1.,14.013221231,       0002827P0002786
25.78125,29.901659684,14.070546764,25.778316724,29.913200187,    0002827P0002787
14.128864559,25.775353975,29.924103087,14.188099634,             0002827P0002788
25.772371315,29.934308933,14.248123018,25.769380429,             0002827P0002789
29.943750209,14.308720409,25.766394957,29.952362455,             0002827P0002790
14.430537091,25.760459083,29.967845626,14.491779255,             0002827P0002791
25.757507722,29.974715584,14.552950482,25.754592145,29.98065396, 0002827P0002792
14.613774103,25.751721522,29.985649518,14.674023186,             0002827P0002793
25.748900246,29.989718372,14.779172043,25.744004641,             0002827P0002794
29.995330298,14.824389932,25.741908859,29.997241357,14.8691176,  0002827P0002795
25.739842461,29.998642953,14.913312467,25.737804422,             0002827P0002796
29.999555102,14.956945789,25.735793183,30.,15.,25.733806934,30., 0002827P0002797
0.,1.,4.511530749E-02,0.99859367,2.78440437E-02;                 0002827P0002798
126,5,5,0,0,1,0,0.,0.,0.,0.,0.,0.,1.,1.,1.,1.,1.,1.,1.,1.,1.,1., 0002829P0002799
1.,1.,15.,25.733806934,30.,15.001813874,25.733723253,30.,        0002829P0002800
15.004054387,25.733619887,29.999999188,15.006188652,             0002829P0002801
25.733521416,29.999996703,15.008137142,25.733431513,             0002829P0002802
29.999993831,15.010264873,25.733333333,29.999989463,0.,1.,0.,0., 0002829P0002803
1.;                                                              0002829P0002804
144,2833,1,0,2841;                                               0002831P0002805
120,2837,2839,0.,6.283185307;                                    0002833P0002806
124,0.,-1.,0.,15.,0.,0.,1.,0.,1.,0.,0.,25.;                      0002835P0002807
110,0.,0.,1.,0.,0.,0.;                                           0002837P0002808
110,5.,0.,25.733806934,5.,0.,28.;                                0002839P0002809
142,0,2833,0,2843,2;                                             0002841P0002810
102,58,2845,2847,2849,2851,2853,2855,2857,2859,2861,2863,2865,   0002843P0002811
2867,2869,2871,2873,2875,2877,2879,2881,2883,2885,2887,2889,     0002843P0002812
2891,2893,2895,2897,2899,2901,2903,2905,2907,2909,2911,2913,     0002843P0002813
2915,2919,2921,2923,2925,2927,2929,2931,2933,2935,2937,2939,     0002843P0002814
2941,2945,2947,2949,2951,2953,2955,2957,2959,2961,2963;          0002843P0002815
110,15.,27.216263943,30.,15.,25.733806934,30.;                   0002845P0002816
126,16,6,0,0,1,0,0.,0.,0.,0.,0.,0.,0.,0.277474629,0.277474629,   0002847P0002817
0.277474629,0.277474629,0.277474629,0.639140203,0.639140203,     0002847P0002818
0.639140203,0.639140203,0.639140203,1.,1.,1.,1.,1.,1.,1.,1.,1.,  0002847P0002819
1.,1.,1.,1.,1.,1.,1.,1.,1.,1.,1.,1.,1.,1.,1.,15.,25.733806934,   0002847P0002820
30.,14.956945789,25.735793183,30.,14.913312467,25.737804422,     0002847P0002821
29.999555102,14.8691176,25.739842461,29.998642953,14.824389932,  0002847P0002822
25.741908859,29.997241357,14.779172043,25.744004641,             0002847P0002823
29.995330298,14.674023186,25.748900246,29.989718372,             0002847P0002824
14.613774103,25.751721522,29.985649518,14.552950482,             0002847P0002825
25.754592145,29.98065396,14.491779255,25.757507722,29.974715584, 0002847P0002826
14.430537091,25.760459083,29.967845626,14.308720409,             0002847P0002827
25.766394957,29.952362455,14.248123018,25.769380429,             0002847P0002828
29.943750209,14.188099634,25.772371315,29.934308933,             0002847P0002829
14.128864559,25.775353975,29.924103087,14.070546764,             0002847P0002830
25.778316724,29.913200187,14.013221231,25.78125,29.901659684,0., 0002847P0002831
1.,4.511530749E-02,0.99859367,2.78440437E-02;                    0002847P0002832
126,16,6,0,0,1,0,0.,0.,0.,0.,0.,0.,0.,0.282270659,0.282270659,   0002849P0002833
0.282270659,0.282270659,0.282270659,0.643081562,0.643081562,     0002849P0002834
0.643081562,0.643081562,0.643081562,1.,1.,1.,1.,1.,1.,1.,1.,1.,  0002849P0002835
1.,1.,1.,1.,1.,1.,1.,1.,1.,1.,1.,1.,1.,1.,1.,14.013221231,       0002849P0002836
25.78125,29.901659684,13.969927174,25.783287779,29.892943931,    0002849P0002837
13.926122528,25.785351707,29.883647895,13.881830054,             0002849P0002838
25.787443767,29.87375132,13.837084232,25.789565688,29.863236427, 0002849P0002839
13.791933669,25.791718634,29.852090672,13.688296,25.796694906,   0002849P0002840
29.825250308,13.629577122,25.799538867,29.809148669,             0002849P0002841
13.570467721,25.80243314,29.792005927,13.511198173,25.805373309, 0002849P0002842
29.773851556,13.4520438,25.808350038,29.754752932,13.335255778,  0002849P0002843
25.814311624,29.715123331,13.277591903,25.817297096,             0002849P0002844
29.694602802,13.220655793,25.820287982,29.673384325,             0002849P0002845
13.164644599,25.823270641,29.651573789,13.109671239,25.82623339, 0002849P0002846
29.62926307,13.05579734,25.829166667,29.606525373,0.,1.,         0002849P0002847
3.873973751E-02,0.998599629,3.602796205E-02;                     0002849P0002848
126,16,6,0,0,1,0,0.,0.,0.,0.,0.,0.,0.,0.282270659,0.282270659,   0002851P0002849
0.282270659,0.282270659,0.282270659,0.643081562,0.643081562,     0002851P0002850
0.643081562,0.643081562,0.643081562,1.,1.,1.,1.,1.,1.,1.,1.,1.,  0002851P0002851
1.,1.,1.,1.,1.,1.,1.,1.,1.,1.,1.,1.,1.,1.,1.,13.05579734,        0002851P0002852
25.829166667,29.606525373,13.015110066,25.831204445,             0002851P0002853
29.589353145,12.974038142,25.833268374,29.571510488,             0002851P0002854
12.932607913,25.835360434,29.552982091,12.890856708,             0002851P0002855
25.837482355,29.533757404,12.848834662,25.839635301,             0002851P0002856
29.513833829,12.752628659,25.844611572,29.466870266,12.69829873, 0002851P0002857
25.847455534,29.439385211,12.64379368,25.850349806,29.410802094, 0002851P0002858
12.589333385,25.853289976,29.381195731,12.535174207,             0002851P0002859
25.856266705,29.350687032,12.428631611,25.862228291,             0002851P0002860
29.288569221,12.376216491,25.865213763,29.25696432,12.324653674, 0002851P0002861
25.868204649,29.224820575,12.274115243,25.871187308,             0002851P0002862
29.192281056,12.224693531,25.874150057,29.159458307,             0002851P0002863
12.176434334,25.877083333,29.126436347,0.,1.,3.077920545E-02,    0002851P0002864
0.998599629,4.302815151E-02;                                     0002851P0002865
126,16,6,0,0,1,0,0.,0.,0.,0.,0.,0.,0.,0.282270659,0.282270659,   0002853P0002866
0.282270659,0.282270659,0.282270659,0.643081562,0.643081562,     0002853P0002867
0.643081562,0.643081562,0.643081562,1.,1.,1.,1.,1.,1.,1.,1.,1.,  0002853P0002868
1.,1.,1.,1.,1.,1.,1.,1.,1.,1.,1.,1.,1.,1.,1.,12.176434334,       0002853P0002869
25.877083333,29.126436347,12.13998746,25.879121112,29.101497119, 0002853P0002870
12.103297321,25.88118504,29.075824233,12.066392785,25.883277101, 0002853P0002871
29.04940794,12.029312534,25.885399022,29.022245344,11.992106215, 0002853P0002872
25.887551968,28.994343892,11.907194604,25.892528239,             0002853P0002873
28.929142743,11.859435003,25.895372201,28.891377814,             0002853P0002874
11.811722715,25.898266473,28.852501952,11.764258286,             0002853P0002875
25.901206642,28.812632309,11.717268826,25.904183371,             0002853P0002876
28.771938478,11.625249404,25.910144957,28.689826523,             0002853P0002877
11.580187537,25.913130429,28.648406205,11.536068291,             0002853P0002878
25.916121315,28.606627784,11.49303177,25.919103975,28.564665762, 0002853P0002879
11.451146017,25.922066724,28.522648834,11.410439158,25.925,      0002853P0002880
28.480668464,0.,1.,2.158287013E-02,0.998599629,4.830073528E-02;  0002853P0002881
126,16,6,0,0,1,0,0.,0.,0.,0.,0.,0.,0.,0.282270659,0.282270659,   0002855P0002882
0.282270659,0.282270659,0.282270659,0.643081562,0.643081562,     0002855P0002883
0.643081562,0.643081562,0.643081562,1.,1.,1.,1.,1.,1.,1.,1.,1.,  0002855P0002884
1.,1.,1.,1.,1.,1.,1.,1.,1.,1.,1.,1.,1.,1.,1.,11.410439158,       0002855P0002885
25.925,28.480668464,11.379696048,25.927037779,28.44896356,       0002855P0002886
11.348860825,25.929101707,28.416491228,11.317963719,             0002855P0002887
25.931193767,28.383247669,11.287043216,25.933315688,             0002855P0002888
28.349237756,11.25614648,25.935468634,28.314478688,11.185938513, 0002855P0002889
25.940444906,28.233657819,11.146666817,25.943288867,             0002855P0002890
28.187129298,11.107662967,25.94618314,28.139521581,11.069100129, 0002855P0002891
25.949123309,28.090989447,11.031167041,25.952100038,             0002855P0002892
28.041744366,10.957365427,25.958061624,27.94293511,10.921466073, 0002855P0002893
25.961047096,27.893362426,10.886561812,25.964037982,             0002855P0002894
27.843626756,10.852755143,25.967020641,27.793927032,             0002855P0002895
10.820087088,25.96998339,27.74440293,10.78856697,25.972916667,   0002855P0002896
27.695149686,0.,1.,1.151996981E-02,0.998599629,5.163401599E-02;  0002855P0002897
126,5,5,0,0,1,0,0.,0.,0.,0.,0.,0.,1.,1.,1.,1.,1.,1.,1.,1.,1.,1., 0002857P0002898
1.,1.,10.78856697,25.972916667,27.695149686,10.764668189,        0002857P0002899
25.974962474,27.657805522,10.740834835,25.977035769,             0002857P0002900
27.619651873,10.71710338,25.979138818,27.580692661,10.693518558, 0002857P0002901
25.981273548,27.540945566,10.670132856,25.983440893,             0002857P0002902
27.500450063,0.,1.,2.006090046E-02,0.99892619,4.176154411E-02;   0002857P0002903
126,13,7,0,0,1,0,0.,0.,0.,0.,0.,0.,0.,0.,0.533477333,            0002859P0002904
0.533477333,0.533477333,0.533477333,0.533477333,0.533477333,1.,  0002859P0002905
1.,1.,1.,1.,1.,1.,1.,1.,1.,1.,1.,1.,1.,1.,1.,1.,1.,1.,1.,1.,1.,  0002859P0002906
10.670132856,25.983440893,27.500450063,10.64131237,25.986111923, 0002859P0002907
27.450543497,10.612761549,25.988830349,27.399554238,10.58457628, 0002859P0002908
25.991595878,27.347570621,10.55686382,25.994406401,27.294717616, 0002859P0002909
10.52973838,25.997257429,27.241160201,10.503316849,26.00014034,  0002859P0002910
27.187108295,10.455327521,26.00557896,27.085355291,10.433560993, 0002859P0002911
26.008130977,27.037696042,10.412492922,26.010688994,             0002859P0002912
26.990021601,10.39216839,26.013245003,26.942467246,10.372608133, 0002859P0002913
26.015791804,26.895135368,10.353815981,26.018323059,             0002859P0002914
26.848101285,10.335786306,26.020833333,26.801419056,0.,1.,       0002859P0002915
-3.21597217E-03,0.998486101,5.491049771E-02;                     0002859P0002916
126,16,6,0,0,1,0,0.,0.,0.,0.,0.,0.,0.,0.282270659,0.282270659,   0002861P0002917
0.282270659,0.282270659,0.282270659,0.643081562,0.643081562,     0002861P0002918
0.643081562,0.643081562,0.643081562,1.,1.,1.,1.,1.,1.,1.,1.,1.,  0002861P0002919
1.,1.,1.,1.,1.,1.,1.,1.,1.,1.,1.,1.,1.,1.,1.,10.335786306,       0002861P0002920
26.020833333,26.801419056,10.319875218,26.022871112,             0002861P0002921
26.760222248,10.304179195,26.02493504,26.718283027,10.288727554, 0002861P0002922
26.027027101,26.675609708,10.273553812,26.029149022,             0002861P0002923
26.632221816,10.258694666,26.031301968,26.588153608,             0002861P0002924
10.225647121,26.036278239,26.486325168,10.207677475,             0002861P0002925
26.039122201,26.428150764,10.190376059,26.042016473,             0002861P0002926
26.369087612,10.173841795,26.044956642,26.309345846,10.15816579, 0002861P0002927
26.047933371,26.249193871,10.128838898,26.053894957,             0002861P0002928
26.129402883,10.115162959,26.056880429,26.069743992,             0002861P0002929
10.102466692,26.059871315,26.010323885,10.090766718,             0002861P0002930
26.062853975,25.95136573,10.080046223,26.065816724,25.893014128, 0002861P0002931
10.070276577,26.06875,25.835360386,0.,1.,-9.570829216E-03,       0002861P0002932
0.998599629,5.203057313E-02;                                     0002861P0002933
126,16,6,0,0,1,0,0.,0.,0.,0.,0.,0.,0.,0.282270659,0.282270659,   0002863P0002934
0.282270659,0.282270659,0.282270659,0.643081562,0.643081562,     0002863P0002935
0.643081562,0.643081562,0.643081562,1.,1.,1.,1.,1.,1.,1.,1.,1.,  0002863P0002936
1.,1.,1.,1.,1.,1.,1.,1.,1.,1.,1.,1.,1.,1.,1.,10.070276577,       0002863P0002937
26.06875,25.835360386,10.062898231,26.070787779,25.791818456,    0002863P0002938
10.055878647,26.072851707,25.747591894,10.049244893,             0002863P0002939
26.074943767,25.702694692,10.043025923,26.077065688,             0002863P0002940
25.657152667,10.037250867,26.079218634,25.611006704,             0002863P0002941
10.025168087,26.084194906,25.50463388,10.019157298,26.087038867, 0002863P0002942
25.444044773,10.013978512,26.08993314,25.382717983,10.00968677,  0002863P0002943
26.092873309,25.320879149,10.00631784,26.095850038,25.258809449, 0002863P0002944
10.001462176,26.101811624,25.13557646,9.999954856,26.104797096,  0002863P0002945
25.074388695,9.999359934,26.107787982,25.013630235,9.999649206,  0002863P0002946
26.110770641,24.953523083,10.000777366,26.11373339,24.894205584, 0002863P0002947
10.002698156,26.116666667,24.835761504,0.,1.,-1.975191988E-02,   0002863P0002948
0.998599629,4.907792755E-02;                                     0002863P0002949
126,16,6,0,0,1,0,0.,0.,0.,0.,0.,0.,0.,0.282270659,0.282270659,   0002865P0002950
0.282270659,0.282270659,0.282270659,0.643081562,0.643081562,     0002865P0002951
0.643081562,0.643081562,0.643081562,1.,1.,1.,1.,1.,1.,1.,1.,1.,  0002865P0002952
1.,1.,1.,1.,1.,1.,1.,1.,1.,1.,1.,1.,1.,1.,1.,10.002698156,       0002865P0002953
26.116666667,24.835761504,10.004148798,26.118704445,             0002865P0002954
24.791622685,10.006087492,26.120768374,24.746884504,             0002865P0002955
10.008537975,26.122860434,24.701566069,10.011523472,             0002865P0002956
26.124982355,24.655698451,10.015064377,26.127135301,             0002865P0002957
24.609327521,10.024431493,26.132111572,24.502681243,             0002865P0002958
10.030620897,26.134955534,24.442110122,10.037772672,             0002865P0002959
26.137849806,24.380982001,10.045895769,26.140789976,             0002865P0002960
24.319528964,10.054969179,26.143766705,24.258033676,             0002865P0002961
10.074779701,26.149728291,24.136306561,10.085501519,             0002865P0002962
26.152713763,24.076046647,10.097031828,26.155704649,             0002865P0002963
24.016389323,10.109298732,26.158687308,23.957546512,             0002865P0002964
10.122230252,26.161650057,23.899644748,10.135764357,             0002865P0002965
26.164583333,23.842756894,0.,1.,-2.913995931E-02,0.998599629,    0002865P0002966
4.415477418E-02;                                                 0002865P0002967
126,16,6,0,0,1,0,0.,0.,0.,0.,0.,0.,0.,0.282270659,0.282270659,   0002867P0002968
0.282270659,0.282270659,0.282270659,0.643081562,0.643081562,     0002867P0002969
0.643081562,0.643081562,0.643081562,1.,1.,1.,1.,1.,1.,1.,1.,1.,  0002867P0002970
1.,1.,1.,1.,1.,1.,1.,1.,1.,1.,1.,1.,1.,1.,1.,10.135764357,       0002867P0002971
26.164583333,23.842756894,10.145985741,26.166621112,             0002867P0002972
23.799793386,10.156804874,26.16868504,23.756339851,10.168241206, 0002867P0002973
26.170777101,23.712419745,10.180311301,26.172899022,             0002867P0002974
23.668068145,10.193025998,26.175051968,23.623334068,             0002867P0002975
10.223466914,26.180028239,23.520696248,10.241608003,             0002867P0002976
26.182872201,23.462575079,10.260803191,26.185766473,             0002867P0002977
23.404099958,10.28101498,26.188706642,23.345500094,10.302166427, 0002867P0002978
26.191683371,23.287048289,10.34584773,26.197644957,23.171714464, 0002867P0002979
10.368368199,26.200630429,23.114801873,10.391560792,             0002867P0002980
26.203621315,23.058640961,10.415312804,26.206603975,             0002867P0002981
23.003425064,10.439528474,26.209566724,22.949263825,             0002867P0002982
10.464132492,26.2125,22.896216278,0.,1.,-3.735801213E-02,        0002867P0002983
0.998599629,3.745878056E-02;                                     0002867P0002984
126,16,6,0,0,1,0,0.,0.,0.,0.,0.,0.,0.,0.282270659,0.282270659,   0002869P0002985
0.282270659,0.282270659,0.282270659,0.643081562,0.643081562,     0002869P0002986
0.643081562,0.643081562,0.643081562,1.,1.,1.,1.,1.,1.,1.,1.,1.,  0002869P0002987
1.,1.,1.,1.,1.,1.,1.,1.,1.,1.,1.,1.,1.,1.,1.,10.464132492,       0002869P0002988
26.2125,22.896216278,10.482714225,26.214537779,22.856153092,     0002869P0002989
10.501979402,26.216601707,22.815728888,10.521942406,             0002869P0002990
26.218693767,22.774970529,10.542612478,26.220815688,22.73391569, 0002869P0002991
10.563990464,26.222968634,22.692614565,10.61428296,26.227944906, 0002869P0002992
22.598106173,10.643647358,26.230788867,22.544768555,             0002869P0002993
10.674115262,26.23368314,22.491294244,10.705604227,26.236623309, 0002869P0002994
22.437900372,10.737984468,26.239600038,22.384838925,             0002869P0002995
10.803782722,26.245561624,22.280529112,10.837197632,             0002869P0002996
26.248547096,22.229248917,10.871121312,26.251537982,             0002869P0002997
22.178839311,10.905404774,26.254520641,22.129467279,             0002869P0002998
10.939932322,26.25748339,22.081221171,10.974618387,26.260416667, 0002869P0002999
22.034143822,0.,1.,-4.407611871E-02,0.998599629,2.925879476E-02; 0002869P0003000
126,16,6,0,0,1,0,0.,0.,0.,0.,0.,0.,0.,0.282270659,0.282270659,   0002871P0003001
0.282270659,0.282270659,0.282270659,0.643081562,0.643081562,     0002871P0003002
0.643081562,0.643081562,0.643081562,1.,1.,1.,1.,1.,1.,1.,1.,1.,  0002871P0003003
1.,1.,1.,1.,1.,1.,1.,1.,1.,1.,1.,1.,1.,1.,1.,10.974618387,       0002871P0003004
26.260416667,22.034143822,11.000814401,26.262454445,             0002871P0003005
21.998589518,11.027752114,26.264518374,21.9628177,11.055440265,  0002871P0003006
26.266610434,21.92685756,11.083880397,26.268732355,21.890747858, 0002871P0003007
11.113063334,26.270885301,21.854537951,11.181188136,             0002871P0003008
26.275861572,21.771953553,11.220596846,26.278705534,             0002871P0003009
21.725541023,11.26111416,26.281599806,21.679214549,11.302616001, 0002871P0003010
26.284539976,21.633170464,11.344924951,26.287516705,             0002871P0003011
21.587629823,11.430198317,26.293478291,21.498532122,             0002871P0003012
11.473166039,26.296463763,21.454943254,11.51645875,26.299454649, 0002871P0003013
21.41230893,11.559897162,26.302437308,21.370763079,11.603350286, 0002871P0003014
26.305400057,21.330369212,11.646725732,26.308333333,             0002871P0003015
21.291152243,0.,1.,-4.902454308E-02,0.998599629,1.988405107E-02; 0002871P0003016
126,16,6,0,0,1,0,0.,0.,0.,0.,0.,0.,0.,0.282270659,0.282270659,   0002873P0003017
0.282270659,0.282270659,0.282270659,0.643081562,0.643081562,     0002873P0003018
0.643081562,0.643081562,0.643081562,1.,1.,1.,1.,1.,1.,1.,1.,1.,  0002873P0003019
1.,1.,1.,1.,1.,1.,1.,1.,1.,1.,1.,1.,1.,1.,1.,11.646725732,       0002873P0003020
26.308333333,21.291152243,11.679484241,26.310371112,             0002873P0003021
21.261534347,11.713012925,26.31243504,21.231851176,11.747314527, 0002873P0003022
26.314527101,21.202133076,11.782382832,26.316649022,             0002873P0003023
21.172418337,11.818199007,26.318801968,21.142753497,             0002873P0003024
11.901420864,26.323778239,21.075408906,11.949291603,             0002873P0003025
26.326622201,21.037784955,11.998231534,26.329516473,21.00046635, 0002873P0003026
12.048079927,26.332456642,20.963620751,12.098618856,             0002873P0003027
26.335433371,20.927429399,12.199943559,26.341394957,             0002873P0003028
20.857121136,12.250738914,26.344380429,20.822973713,             0002873P0003029
12.301662427,26.347371315,20.789826464,12.352511711,             0002873P0003030
26.350353975,20.757774885,12.403145743,26.353316724,             0002873P0003031
20.726855097,12.453469019,26.35625,20.697073093,0.,1.,           0002873P0003032
-5.200460309E-02,0.998599629,9.710950987E-03;                    0002873P0003033
126,16,6,0,0,1,0,0.,0.,0.,0.,0.,0.,0.,0.282270659,0.282270659,   0002875P0003034
0.282270659,0.282270659,0.282270659,0.643081562,0.643081562,     0002875P0003035
0.643081562,0.643081562,0.643081562,1.,1.,1.,1.,1.,1.,1.,1.,1.,  0002875P0003036
1.,1.,1.,1.,1.,1.,1.,1.,1.,1.,1.,1.,1.,1.,1.,12.453469019,       0002875P0003037
26.35625,20.697073093,12.491474751,26.358287779,20.674580782,    0002875P0003038
12.530248209,26.360351707,20.652178053,12.569786033,             0002875P0003039
26.362443767,20.629895192,12.610074497,26.364565688,             0002875P0003040
20.607768481,12.651085869,26.366718634,20.585839768,             0002875P0003041
12.746063376,26.371694906,20.53643891,12.800474105,26.374538867, 0002875P0003042
20.50911416,12.855871685,26.37743314,20.482301791,12.912065188,  0002875P0003043
26.380373309,20.456134049,12.968804928,26.383350038,             0002875P0003044
20.430745091,13.08211272,26.389311624,20.382049184,13.138696245, 0002875P0003045
26.392297096,20.358714246,13.195205953,26.395287982,             0002875P0003046
20.336384953,13.251424479,26.398270641,20.315114536,             0002875P0003047
13.307206432,26.40123339,20.294910273,13.36245703,26.404166667,  0002875P0003048
20.275759,0.,1.,5.289664756E-02,-0.998599629,8.520495247E-04;    0002875P0003049
126,16,6,0,0,1,0,0.,0.,0.,0.,0.,0.,0.,0.282270659,0.282270659,   0002877P0003050
0.282270659,0.282270659,0.282270659,0.643081562,0.643081562,     0002877P0003051
0.643081562,0.643081562,0.643081562,1.,1.,1.,1.,1.,1.,1.,1.,1.,  0002877P0003052
1.,1.,1.,1.,1.,1.,1.,1.,1.,1.,1.,1.,1.,1.,1.,13.36245703,        0002877P0003053
26.404166667,20.275759,13.404184031,26.406204445,20.261295353,   0002877P0003054
13.446645487,26.408268374,20.24707255,13.489832065,26.410360434, 0002877P0003055
20.233119598,13.533723082,26.412482355,20.219469315,             0002877P0003056
13.578283022,26.414635301,20.20615718,13.681202774,26.419611572, 0002877P0003057
20.176683528,13.739968871,26.422455534,20.160755086,             0002877P0003058
13.799599854,26.425349806,20.145525484,13.859882265,             0002877P0003059
26.428289976,20.131086249,13.920544682,26.431266705,             0002877P0003060
20.117519067,14.041286189,26.437228291,20.092390686,             0002877P0003061
14.101386021,26.440213763,20.080805143,14.161213025,             0002877P0003062
26.443204649,20.070190342,14.220543587,26.446187308,             0002877P0003063
20.060555106,14.279233783,26.449150057,20.051877582,             0002877P0003064
14.337193359,26.452083333,20.044125974,0.,1.,5.166486038E-02,    0002877P0003065
-0.998599629,1.138083974E-02;                                    0002877P0003066
126,16,6,0,0,1,0,0.,0.,0.,0.,0.,0.,0.,0.282270659,0.282270659,   0002879P0003067
0.282270659,0.282270659,0.282270659,0.643081562,0.643081562,     0002879P0003068
0.643081562,0.643081562,0.643081562,1.,1.,1.,1.,1.,1.,1.,1.,1.,  0002879P0003069
1.,1.,1.,1.,1.,1.,1.,1.,1.,1.,1.,1.,1.,1.,1.,14.337193359,       0002879P0003070
26.452083333,20.044125974,14.380966266,26.454121112,             0002879P0003071
20.038271715,14.425410866,26.45618504,20.032799892,14.470512232, 0002879P0003072
26.458277101,20.027737068,14.516243553,26.460399022,             0002879P0003073
20.023111281,14.562562951,26.462551968,20.018950213,14.66929266, 0002879P0003074
26.467528239,20.010587152,14.73005463,26.470372201,20.006694553, 0002879P0003075
14.791524799,26.473266473,20.003659196,14.853475742,             0002879P0003076
26.476206642,20.001528213,14.915625204,26.479183371,             0002879P0003077
20.000327537,15.038952584,26.485144957,19.9997756,15.10015568,   0002879P0003078
26.488130429,20.00040462,15.16089789,26.491121315,20.0019305,    0002879P0003079
15.220958331,26.494103975,20.004317306,15.280200323,             0002879P0003080
26.497066724,20.00751493,15.338541766,26.5,20.011474218,0.,1.,   0002879P0003081
4.835869853E-02,-0.998599629,2.145268252E-02;                    0002879P0003082
126,16,6,0,0,1,0,0.,0.,0.,0.,0.,0.,0.,0.282270659,0.282270659,   0002881P0003083
0.282270659,0.282270659,0.282270659,0.643081562,0.643081562,     0002881P0003084
0.643081562,0.643081562,0.643081562,1.,1.,1.,1.,1.,1.,1.,1.,1.,  0002881P0003085
1.,1.,1.,1.,1.,1.,1.,1.,1.,1.,1.,1.,1.,1.,1.,15.338541766,26.5,  0002881P0003086
20.011474218,15.38260307,26.502037779,20.014464399,15.427246338, 0002881P0003087
26.504101707,20.017963252,15.472451645,26.506193767,             0002881P0003088
20.021993833,15.51818713,26.508315688,20.026578268,15.564406236, 0002881P0003089
26.510468634,20.031735338,15.670660641,26.515444906,             0002881P0003090
20.044818649,15.730978856,26.518288867,20.053118184,             0002881P0003091
15.791820146,26.52118314,20.062398943,15.852952255,26.524123309, 0002881P0003092
20.072661772,15.914093425,26.527100038,20.08387581,16.03505501,  0002881P0003093
26.533061624,20.107922478,16.094904029,26.536047096,             0002881P0003094
20.120740805,16.154122609,26.539037982,20.134346102,             0002881P0003095
16.212501467,26.542020641,20.148659117,16.269916655,26.54498339, 0002881P0003096
20.163603502,16.326297521,26.547916667,20.17911472,0.,1.,        0002881P0003097
4.311090637E-02,-0.998599629,3.066318742E-02;                    0002881P0003098
126,16,6,0,0,1,0,0.,0.,0.,0.,0.,0.,0.,0.282270659,0.282270659,   0002883P0003099
0.282270659,0.282270659,0.282270659,0.643081562,0.643081562,     0002883P0003100
0.643081562,0.643081562,0.643081562,1.,1.,1.,1.,1.,1.,1.,1.,1.,  0002883P0003101
1.,1.,1.,1.,1.,1.,1.,1.,1.,1.,1.,1.,1.,1.,1.,16.326297521,       0002883P0003102
26.547916667,20.17911472,16.368878135,26.549954445,20.190829282, 0002883P0003103
16.411927617,26.552018374,20.203158331,16.455421846,             0002883P0003104
26.554110434,20.216120485,16.499325188,26.556232355,             0002883P0003105
20.229731076,16.543588278,26.558385301,20.243999224,             0002883P0003106
16.645101201,26.563361572,20.278003605,16.702553849,             0002883P0003107
26.566205534,20.298162043,16.760323446,26.569099806,20.31938629, 0002883P0003108
16.818182232,26.572039976,20.341630872,16.875860255,             0002883P0003109
26.575016705,20.364809373,16.989599365,26.580978291,             0002883P0003110
20.412489159,17.045691334,26.583963763,20.43698213,17.101008624, 0002883P0003111
26.586954649,20.462120582,17.155361952,26.589937308,             0002883P0003112
20.487785132,17.208645083,26.592900057,20.51387625,17.260801647, 0002883P0003113
26.595833333,20.540316613,0.,1.,3.613218586E-02,-0.998599629,    0002883P0003114
3.864254722E-02;                                                 0002883P0003115
126,16,6,0,0,1,0,0.,0.,0.,0.,0.,0.,0.,0.282270659,0.282270659,   0002885P0003116
0.282270659,0.282270659,0.282270659,0.643081562,0.643081562,     0002885P0003117
0.643081562,0.643081562,0.643081562,1.,1.,1.,1.,1.,1.,1.,1.,1.,  0002885P0003118
1.,1.,1.,1.,1.,1.,1.,1.,1.,1.,1.,1.,1.,1.,1.,17.260801647,       0002885P0003119
26.595833333,20.540316613,17.300191934,26.597871112,             0002885P0003120
20.560285211,17.339919168,26.59993504,20.580949437,17.379956,    0002885P0003121
26.602027101,20.602322727,17.420264454,26.604149022,20.624413,   0002885P0003122
17.460794338,26.606301968,20.647219351,17.553489976,             0002885P0003123
26.611278239,20.700779506,17.605770299,26.614122201,             0002885P0003124
20.731987473,17.65814872,26.617016473,20.764303042,17.710411117, 0002885P0003125
26.619956642,20.797636244,17.762310187,26.622933371,             0002885P0003126
20.831848578,17.864260131,26.628894957,20.90124711,17.914342924, 0002885P0003127
26.631880429,20.936431317,17.963537902,26.634871315,             0002885P0003128
20.972093601,18.011683383,26.637853975,21.008079238,             0002885P0003129
18.058695106,26.640816724,21.044269518,18.104533251,26.64375,    0002885P0003130
21.080577428,0.,1.,2.770273672E-02,-0.998599629,4.507038594E-02; 0002885P0003131
126,16,6,0,0,1,0,0.,0.,0.,0.,0.,0.,0.,0.282270659,0.282270659,   0002887P0003132
0.282270659,0.282270659,0.282270659,0.643081562,0.643081562,     0002887P0003133
0.643081562,0.643081562,0.643081562,1.,1.,1.,1.,1.,1.,1.,1.,1.,  0002887P0003134
1.,1.,1.,1.,1.,1.,1.,1.,1.,1.,1.,1.,1.,1.,1.,18.104533251,       0002887P0003135
26.64375,21.080577428,18.139151669,26.645787779,21.107998312,    0002887P0003136
18.173961583,26.647851707,21.136168034,18.208933514,             0002887P0003137
26.649943767,21.165094309,18.244028672,26.652065688,             0002887P0003138
21.194777326,18.279198052,26.654218634,21.225206193,18.35935462, 0002887P0003139
26.659194906,21.296171649,18.404363532,26.662038867,             0002887P0003140
21.337176127,18.449247753,26.66493314,21.379285529,18.493815395, 0002887P0003141
26.667873309,21.422369004,18.537851733,26.670850038,             0002887P0003142
21.466241525,18.62391916,26.676811624,21.55457241,18.665981924,  0002887P0003143
26.679797096,21.599035187,18.707079382,26.682787982,             0002887P0003144
21.643789442,18.747083946,26.685770641,21.688651322,             0002887P0003145
18.785936714,26.68873339,21.733487701,18.823616011,26.691666667, 0002887P0003146
21.778205376,0.,1.,1.816100636E-02,-0.998599629,4.968862203E-02; 0002887P0003147
126,16,6,0,0,1,0,0.,0.,0.,0.,0.,0.,0.,0.282270659,0.282270659,   0002889P0003148
0.282270659,0.282270659,0.282270659,0.643081562,0.643081562,     0002889P0003149
0.643081562,0.643081562,0.643081562,1.,1.,1.,1.,1.,1.,1.,1.,1.,  0002889P0003150
1.,1.,1.,1.,1.,1.,1.,1.,1.,1.,1.,1.,1.,1.,1.,18.823616011,       0002889P0003151
26.691666667,21.778205376,18.852072609,26.693704445,             0002889P0003152
21.811977579,18.880567564,26.695768374,21.846521767,             0002889P0003153
18.909070452,26.697860434,21.88183962,18.937543223,26.699982355, 0002889P0003154
21.917923591,18.965940026,26.702135301,21.954753236,             0002889P0003155
19.030339191,26.707111572,22.040274689,19.066269559,             0002889P0003156
26.709955534,22.089429323,19.10185745,26.712849806,22.139641842, 0002889P0003157
19.136940921,26.715789976,22.190745761,19.171346442,             0002889P0003158
26.718766705,22.242516963,19.238075694,26.724728291,             0002889P0003159
22.346233665,19.270429583,26.727713763,22.398189804,             0002889P0003160
19.301779435,26.730704649,22.450239119,19.332036875,             0002889P0003161
26.733687308,22.502176011,19.361170726,26.736650057,             0002889P0003162
22.553858283,19.38917833,26.739583333,22.605190281,0.,1.,        0002889P0003163
7.890100858E-03,-0.998599629,5.231183059E-02;                    0002889P0003164
126,16,6,0,0,1,0,0.,0.,0.,0.,0.,0.,0.,0.282270659,0.282270659,   0002891P0003165
0.282270659,0.282270659,0.282270659,0.643081562,0.643081562,     0002891P0003166
0.643081562,0.643081562,0.643081562,1.,1.,1.,1.,1.,1.,1.,1.,1.,  0002891P0003167
1.,1.,1.,1.,1.,1.,1.,1.,1.,1.,1.,1.,1.,1.,1.,19.38917833,        0002891P0003168
26.739583333,22.605190281,19.410330559,26.741621112,             0002891P0003169
22.643957831,19.431366466,26.74368504,22.683489513,19.452255903, 0002891P0003170
26.745777101,22.723780912,19.472963087,26.747899022,             0002891P0003171
22.764817044,19.493447166,26.750051968,22.806568735,             0002891P0003172
19.539503263,26.755028239,22.903212448,19.56491246,26.757872201, 0002891P0003173
22.958543652,19.589775148,26.760766473,23.014843224,             0002891P0003174
19.613965825,26.763706642,23.071915736,19.637359128,             0002891P0003175
26.766683371,23.129506973,19.682070986,26.772644957,             0002891P0003176
23.244445205,19.703416973,26.775630429,23.301808638,             0002891P0003177
19.723760502,26.778621315,23.359063202,19.743055964,             0002891P0003178
26.781603975,23.415989809,19.761301157,26.784566724,             0002891P0003179
23.472442899,19.778512545,26.7875,23.528328211,0.,1.,            0002891P0003180
-2.69759685E-03,-0.998599629,5.283468825E-02;                    0002891P0003181
126,16,6,0,0,1,0,0.,0.,0.,0.,0.,0.,0.,0.282270659,0.282270659,   0002893P0003182
0.282270659,0.282270659,0.282270659,0.643081562,0.643081562,     0002893P0003183
0.643081562,0.643081562,0.643081562,1.,1.,1.,1.,1.,1.,1.,1.,1.,  0002893P0003184
1.,1.,1.,1.,1.,1.,1.,1.,1.,1.,1.,1.,1.,1.,1.,19.778512545,       0002893P0003185
26.7875,23.528328211,19.791511131,26.789537779,23.570534567,     0002893P0003186
19.804243386,26.791601707,23.613466524,19.816680648,             0002893P0003187
26.793693767,23.657113745,19.828790841,26.795815688,             0002893P0003188
23.701454414,19.840539748,26.797968634,23.746451795,             0002893P0003189
19.866403598,26.802944906,23.850337467,19.880271429,             0002893P0003190
26.805788867,23.909623659,19.893410662,26.80868314,23.969749823, 0002893P0003191
19.905737275,26.811623309,24.030499433,19.917179105,             0002893P0003192
26.814600038,24.091598384,19.938078361,26.820561624,             0002893P0003193
24.213143307,19.947559392,26.823547096,24.273610857,             0002893P0003194
19.956079795,26.826537982,24.333771867,19.963638555,             0002893P0003195
26.829520641,24.393402552,19.970262533,26.83248339,24.452359836, 0002893P0003196
19.975986659,26.835416667,24.510554632,0.,1.,-1.317698446E-02,   0002893P0003197
-0.998599629,5.123620196E-02;                                    0002893P0003198
126,16,6,0,0,1,0,0.,0.,0.,0.,0.,0.,0.,0.282270659,0.282270659,   0002895P0003199
0.282270659,0.282270659,0.282270659,0.643081562,0.643081562,     0002895P0003200
0.643081562,0.643081562,0.643081562,1.,1.,1.,1.,1.,1.,1.,1.,1.,  0002895P0003201
1.,1.,1.,1.,1.,1.,1.,1.,1.,1.,1.,1.,1.,1.,1.,19.975986659,       0002895P0003202
26.835416667,24.510554632,19.9803097,26.837454445,24.554505184,  0002895P0003203
19.984227096,26.839518374,24.599113674,19.98771282,26.841610434, 0002895P0003204
24.644364255,19.99073979,26.843732355,24.690229156,19.993281799, 0002895P0003205
26.845885301,24.736665557,19.997914952,26.850861572,             0002895P0003206
24.843622115,19.999684618,26.853705534,24.904482921,             0002895P0003207
20.000572848,26.856599806,24.966021576,20.000540476,             0002895P0003208
26.859539976,25.028009151,19.999571435,26.862516705,             0002895P0003209
25.090162656,19.995818973,26.868478291,25.21343417,19.993054378, 0002895P0003210
26.871463763,25.27457803,19.989409556,26.874454649,25.335229985, 0002895P0003211
19.984928125,26.877437308,25.39517054,19.979664933,26.880400057, 0002895P0003212
25.454264849,19.973671969,26.883333333,25.512432574,0.,1.,       0002895P0003213
-2.312730836E-02,-0.998599629,4.75805519E-02;                    0002895P0003214
126,16,6,0,0,1,0,0.,0.,0.,0.,0.,0.,0.,0.282270659,0.282270659,   0002897P0003215
0.282270659,0.282270659,0.282270659,0.643081562,0.643081562,     0002897P0003216
0.643081562,0.643081562,0.643081562,1.,1.,1.,1.,1.,1.,1.,1.,1.,  0002897P0003217
1.,1.,1.,1.,1.,1.,1.,1.,1.,1.,1.,1.,1.,1.,1.,19.973671969,       0002897P0003218
26.883333333,25.512432574,19.969145893,26.885371112,             0002897P0003219
25.556362682,19.964091144,26.88743504,25.600856646,19.958485376, 0002897P0003220
26.889527101,25.64589375,19.952307588,26.891649022,25.69144138,  0002897P0003221
19.945540636,26.893801968,25.737452352,19.928757069,             0002897P0003222
26.898778239,25.843185428,19.918357515,26.901622201,             0002897P0003223
25.903177249,19.906959079,26.904516473,25.963657582,             0002897P0003224
19.894569022,26.907456642,26.024394284,19.88122802,26.910433371, 0002897P0003225
26.085106844,19.852974502,26.916394957,26.205155526,             0002897P0003226
19.838075282,26.919380429,26.264520733,19.822411575,             0002897P0003227
26.922371315,26.323228421,19.806069886,26.925353975,             0002897P0003228
26.381072199,19.789130844,26.928316724,26.43793086,19.771661411, 0002897P0003229
26.93125,26.493736046,0.,1.,-3.214905717E-02,-0.998599629,       0002897P0003230
4.201451458E-02;                                                 0002897P0003231
126,16,6,0,0,1,0,0.,0.,0.,0.,0.,0.,0.,0.282270659,0.282270659,   0002899P0003232
0.282270659,0.282270659,0.282270659,0.643081562,0.643081562,     0002899P0003233
0.643081562,0.643081562,0.643081562,1.,1.,1.,1.,1.,1.,1.,1.,1.,  0002899P0003234
1.,1.,1.,1.,1.,1.,1.,1.,1.,1.,1.,1.,1.,1.,1.,19.771661411,       0002899P0003235
26.93125,26.493736046,19.758467943,26.933287779,26.535881889,    0002899P0003236
19.744643999,26.935351707,26.578474869,19.730171815,             0002899P0003237
26.937443767,26.62149023,19.715037311,26.939565688,26.664891824, 0002899P0003238
19.699233094,26.941718634,26.708629999,19.661706678,             0002899P0003239
26.946694906,26.808894347,19.639555452,26.949538867,             0002899P0003240
26.865608478,19.616328004,26.95243314,26.922602167,19.592077731, 0002899P0003241
26.955373309,26.979649382,19.566900415,26.958350038,             0002899P0003242
27.036483351,19.515280237,26.964311624,27.148489175,             0002899P0003243
19.488844605,26.967297096,27.203692181,19.461790921,             0002899P0003244
26.970287982,27.258098455,19.434245102,26.973270641,             0002899P0003245
27.311522992,19.406310323,26.97623339,27.363863097,19.378065829, 0002899P0003246
26.979166667,27.415065133,0.,1.,-3.988000233E-02,-0.998599629,   0002899P0003247
3.476156966E-02;                                                 0002899P0003248
126,16,6,0,0,1,0,0.,0.,0.,0.,0.,0.,0.,0.282270659,0.282270659,   0002901P0003249
0.282270659,0.282270659,0.282270659,0.643081562,0.643081562,     0002901P0003250
0.643081562,0.643081562,0.643081562,1.,1.,1.,1.,1.,1.,1.,1.,1.,  0002901P0003251
1.,1.,1.,1.,1.,1.,1.,1.,1.,1.,1.,1.,1.,1.,1.,19.378065829,       0002901P0003252
26.979166667,27.415065133,19.356734693,26.981204445,             0002901P0003253
27.453734531,19.334696595,26.983268374,27.492716393,19.31193906, 0002901P0003254
26.985360434,27.531982918,19.2884555,26.987482355,27.571495878,  0002901P0003255
19.264248568,26.989635301,27.611205142,19.20748601,26.994611572, 0002901P0003256
27.70197509,19.174472498,26.997455534,27.753134424,19.140348633, 0002901P0003257
27.000349806,27.80435314,19.105211806,27.003289976,27.855420388, 0002901P0003258
19.069209061,27.006266705,27.906093849,18.996294804,             0002901P0003259
27.012228291,28.005559714,18.959384166,27.015213763,             0002901P0003260
28.054384087,18.922026726,27.018204649,28.102304501,             0002901P0003261
18.884382757,27.021187308,28.149164772,18.846573838,             0002901P0003262
27.024150057,28.194884834,18.808688317,27.027083333,             0002901P0003263
28.239427928,0.,1.,-4.600974184E-02,-0.998599629,                0002901P0003264
2.611292719E-02;                                                 0002901P0003265
126,16,6,0,0,1,0,0.,0.,0.,0.,0.,0.,0.,0.282270659,0.282270659,   0002903P0003266
0.282270659,0.282270659,0.282270659,0.643081562,0.643081562,     0002903P0003267
0.643081562,0.643081562,0.643081562,1.,1.,1.,1.,1.,1.,1.,1.,1.,  0002903P0003268
1.,1.,1.,1.,1.,1.,1.,1.,1.,1.,1.,1.,1.,1.,1.,18.808688317,       0002903P0003269
27.027083333,28.239427928,18.780075973,27.029121112,             0002903P0003270
28.273068282,18.750708562,27.03118504,28.306873882,18.720579406, 0002903P0003271
27.033277101,28.340814997,18.689689667,27.035399022,             0002903P0003272
28.374852854,18.658051943,27.037551968,28.408938857,             0002903P0003273
18.584332293,27.042528239,28.486569937,18.541782006,             0002903P0003274
27.045372201,28.530120396,18.498131819,27.048266473,             0002903P0003275
28.573507677,18.453519201,27.051206642,28.616544578,18.40813656, 0002903P0003276
27.054183371,28.659022962,18.316855773,27.060144957,             0002903P0003277
28.741955255,18.270952113,27.063130429,28.782440667,             0002903P0003278
18.224790841,27.066121315,28.821951189,18.17856015,27.069103975, 0002903P0003279
28.860365726,18.132395142,27.072066724,28.897630058,18.08638972, 0002903P0003280
27.075,28.933725778,0.,1.,-5.029216304E-02,-0.998599629,         0002903P0003281
1.641583527E-02;                                                 0002903P0003282
126,16,6,0,0,1,0,0.,0.,0.,0.,0.,0.,0.,0.282270659,0.282270659,   0002905P0003283
0.282270659,0.282270659,0.282270659,0.643081562,0.643081562,     0002905P0003284
0.643081562,0.643081562,0.643081562,1.,1.,1.,1.,1.,1.,1.,1.,1.,  0002905P0003285
1.,1.,1.,1.,1.,1.,1.,1.,1.,1.,1.,1.,1.,1.,1.,18.08638972,27.075, 0002905P0003286
28.933725778,18.051644968,27.077037779,28.960986408,             0002905P0003287
18.016127365,27.079101707,28.988258431,17.97983629,27.081193767, 0002905P0003288
29.01551138,17.942780615,27.083315688,29.042707494,17.904982372, 0002905P0003289
27.085468634,29.069801662,17.817265517,27.090444906,             0002905P0003290
29.131176941,17.766886874,27.093288867,29.165369949,             0002905P0003291
17.715462945,27.09618314,29.19918377,17.663165761,27.099123309,  0002905P0003292
29.232462367,17.610225362,27.102100038,29.265040141,             0002905P0003293
17.504243024,27.108061624,29.328109083,17.4511894,27.111047096,  0002905P0003294
29.358630019,17.398077698,27.114037982,29.388144279,             0002905P0003295
17.345116476,27.117020641,29.416570715,17.292448931,27.11998339, 0002905P0003296
29.443883133,17.240170751,27.122916667,29.470082215,0.,1.,       0002905P0003297
-5.255532419E-02,-0.998599629,6.059637867E-03;                   0002905P0003298
126,16,6,0,0,1,0,0.,0.,0.,0.,0.,0.,0.,0.282270659,0.282270659,   0002907P0003299
0.282270659,0.282270659,0.282270659,0.643081562,0.643081562,     0002907P0003300
0.643081562,0.643081562,0.643081562,1.,1.,1.,1.,1.,1.,1.,1.,1.,  0002907P0003301
1.,1.,1.,1.,1.,1.,1.,1.,1.,1.,1.,1.,1.,1.,1.,17.240170751,       0002907P0003302
27.122916667,29.470082215,17.200688615,27.124954445,29.48986859, 0002907P0003303
17.160446872,27.127018374,29.509512047,17.119450987,             0002907P0003304
27.129110434,29.528982609,17.077717182,27.131232355,             0002907P0003305
29.548245039,17.035276041,27.133385301,29.567259527,             0002907P0003306
16.937083866,27.138361572,29.609914751,16.8808996,27.141205534,  0002907P0003307
29.633377438,16.82376663,27.144099806,29.656260154,16.765884642, 0002907P0003308
27.147039976,29.678444292,16.707512073,27.150016705,             0002907P0003309
29.699813439,16.591083438,27.155978291,29.740486773,             0002907P0003310
16.533009985,27.158963763,29.759817802,16.475080319,             0002907P0003311
27.161954649,29.778150783,16.417514989,27.164937308,             0002907P0003312
29.795447781,16.36045954,27.167900057,29.811711675,16.304007604, 0002907P0003313
27.170833333,29.826962209,0.,1.,5.270835801E-02,0.998599629,     0002907P0003314
4.539857581E-03;                                                 0002907P0003315
126,16,6,0,0,1,0,0.,0.,0.,0.,0.,0.,0.,0.282270659,0.282270659,   0002909P0003316
0.282270659,0.282270659,0.282270659,0.643081562,0.643081562,     0002909P0003317
0.643081562,0.643081562,0.643081562,1.,1.,1.,1.,1.,1.,1.,1.,1.,  0002909P0003318
1.,1.,1.,1.,1.,1.,1.,1.,1.,1.,1.,1.,1.,1.,1.,16.304007604,       0002909P0003319
27.170833333,29.826962209,16.261373315,27.172871112,             0002909P0003320
29.838479896,16.218023161,27.17493504,29.849706091,16.173968474, 0002909P0003321
27.177027101,29.860612511,16.129232177,27.179149022,29.87116786, 0002909P0003322
16.083852176,27.181301968,29.881339223,15.979127154,             0002909P0003323
27.186278239,29.90356176,15.919393096,27.189122201,29.915352085, 0002909P0003324
15.858845007,27.192016473,29.926384941,15.797702212,             0002909P0003325
27.194956642,29.936583914,15.736241167,27.197933371,             0002909P0003326
29.945886451,15.614040912,27.203894957,29.96253112,15.553279313, 0002909P0003327
27.206880429,29.969896088,15.492857594,27.209871315,             0002909P0003328
29.976311711,15.432999438,27.212853975,29.981784786,             0002909P0003329
15.373846896,27.215816724,29.98634715,15.315487781,27.21875,     0002909P0003330
29.99003682,0.,1.,5.074512014E-02,0.998599629,1.495707506E-02;   0002909P0003331
126,25,7,0,0,1,0,0.,0.,0.,0.,0.,0.,0.,0.,0.561280981,            0002911P0003332
0.561280981,0.561280981,0.561280981,0.561280981,0.561280981,     0002911P0003333
0.832690648,0.832690648,0.832690648,0.832690648,0.832690648,     0002911P0003334
0.832690648,0.928173327,0.928173327,0.928173327,0.928173327,     0002911P0003335
0.928173327,0.928173327,1.,1.,1.,1.,1.,1.,1.,1.,1.,1.,1.,1.,1.,  0002911P0003336
1.,1.,1.,1.,1.,1.,1.,1.,1.,1.,1.,1.,1.,1.,1.,1.,1.,1.,1.,1.,1.,  0002911P0003337
15.315487781,27.21875,29.99003682,15.291142586,27.219875593,     0002911P0003338
29.991576009,15.266606122,27.221008961,29.992988166,15.24188135, 0002911P0003339
27.222150391,29.994269352,15.216971942,27.223300158,29.99541562, 0002911P0003340
15.191882354,27.224458514,29.996423061,15.166617898,             0002911P0003341
27.225625683,29.997287848,15.128886554,27.227370599,             0002911P0003342
29.998353691,15.11654892,27.227941445,29.998666876,15.104172658, 0002911P0003343
27.228514413,29.998945419,15.0917586,27.22908952,29.999188912,   0002911P0003344
15.079307672,27.229666776,29.999396954,15.066820889,             0002911P0003345
27.230246191,29.999569159,15.049894251,27.231032365,             0002911P0003346
29.999752991,15.045484842,27.231237232,29.999796351,             0002911P0003347
15.041071183,27.231442367,29.999835212,15.036653325,             0002911P0003348
27.231647768,29.99986956,15.032231318,27.231853438,29.999899377, 0002911P0003349
15.027805219,27.232059374,29.999924649,15.020042519,             0002911P0003350
27.232420693,29.99996094,15.016707651,27.232575961,29.999973939, 0002911P0003351
15.013370648,27.232731375,29.999984351,15.010031099,             0002911P0003352
27.232886953,29.99999217,15.006689747,27.233042663,29.999997388, 0002911P0003353
15.003345908,27.233198537,30.,15.,27.233354557,30.,0.,1.,        0002911P0003354
4.640785882E-02,0.99890298,6.256847891E-03;                      0002911P0003355
110,15.,27.233354557,30.,15.,28.,30.;                            0002913P0003356
100,0.,0.,0.,5.,0.,5.,0.;                                        0002915P0003357
124,0.,1.,0.,15.,0.,0.,1.,28.,1.,0.,0.,25.;                      0002917P0003358
110,15.,28.,30.,15.,27.233354557,30.;                            0002919P0003359
126,11,6,0,0,1,0,0.,0.,0.,0.,0.,0.,0.,0.471950318,0.471950318,   0002921P0003360
0.471950318,0.471950318,0.471950318,1.,1.,1.,1.,1.,1.,1.,1.,1.,  0002921P0003361
1.,1.,1.,1.,1.,1.,1.,1.,1.,1.,15.,27.233354557,30.,14.946502018, 0002921P0003362
27.235849175,30.,14.892422441,27.238383912,29.999313113,         0002921P0003363
14.83789989,27.240956686,29.997911329,14.783105312,27.243563521, 0002921P0003364
29.995777319,14.72824061,27.246197328,29.992910117,14.61234428,  0002921P0003365
27.251811624,29.98532691,14.55133415,27.254797096,29.98043011,   0002921P0003366
14.490846345,27.257787982,29.974670784,14.431098704,             0002921P0003367
27.260770641,29.968100188,14.372224077,27.26373339,29.960777841, 0002921P0003368
14.314300937,27.266666667,29.952758504,0.,1.,4.63897774E-02,     0002921P0003369
0.998455495,3.057143503E-02;                                     0002921P0003370
126,16,6,0,0,1,0,0.,0.,0.,0.,0.,0.,0.,0.282270659,0.282270659,   0002923P0003371
0.282270659,0.282270659,0.282270659,0.643081562,0.643081562,     0002923P0003372
0.643081562,0.643081562,0.643081562,1.,1.,1.,1.,1.,1.,1.,1.,1.,  0002923P0003373
1.,1.,1.,1.,1.,1.,1.,1.,1.,1.,1.,1.,1.,1.,1.,14.314300937,       0002923P0003374
27.266666667,29.952758504,14.270555549,27.268704445,             0002923P0003375
29.946702046,14.226265097,27.270768374,29.940097559,             0002923P0003376
14.181451067,27.272860434,29.932923434,14.136146785,             0002923P0003377
27.274982355,29.92515982,14.090400005,27.277135301,29.91679123,  0002923P0003378
13.985317077,27.282111572,29.896327857,13.92572474,27.284955534, 0002923P0003379
29.883840953,13.86567905,27.287849806,29.870338727,13.805411754, 0002923P0003380
27.290789976,29.855836538,13.745201773,27.293766705,             0002923P0003381
29.840384825,13.626212255,27.299728291,29.807958879,             0002923P0003382
13.567403186,27.302713763,29.79099692,13.509277917,27.305704649, 0002923P0003383
29.773293886,13.452039693,27.308687308,29.754943433,             0002923P0003384
13.395806833,27.311650057,29.736030372,13.340645316,             0002923P0003385
27.314583333,29.716624008,0.,1.,4.086693454E-02,0.998599629,     0002923P0003386
3.359575824E-02;                                                 0002923P0003387
126,16,6,0,0,1,0,0.,0.,0.,0.,0.,0.,0.,0.282270659,0.282270659,   0002925P0003388
0.282270659,0.282270659,0.282270659,0.643081562,0.643081562,     0002925P0003389
0.643081562,0.643081562,0.643081562,1.,1.,1.,1.,1.,1.,1.,1.,1.,  0002925P0003390
1.,1.,1.,1.,1.,1.,1.,1.,1.,1.,1.,1.,1.,1.,1.,13.340645316,       0002925P0003391
27.314583333,29.716624008,13.298985592,27.316621112,             0002925P0003392
29.701967708,13.256901008,27.31868504,29.686665712,13.214416923, 0002925P0003393
27.320777101,29.670701129,13.171569954,27.322899022,29.65406115, 0002925P0003394
13.128409982,27.325051968,29.636740122,13.029516365,             0002925P0003395
27.330028239,29.59573739,12.97360985,27.332872201,29.571620364,  0002925P0003396
12.917461506,27.335766473,29.546418014,12.861295365,             0002925P0003397
27.338706642,29.520191594,12.805374693,27.341683371,             0002925P0003398
29.493046139,12.695238619,27.347644957,29.43754846,12.640991831, 0002925P0003399
27.350630429,29.409202374,12.58756286,27.353621315,29.380266419, 0002925P0003400
12.535132203,27.356603975,29.35087289,12.483798892,27.359566724, 0002925P0003401
29.321128485,12.433613765,27.3625,29.291114272,0.,1.,            0002925P0003402
3.334860184E-02,0.998599629,4.10688698E-02;                      0002925P0003403
126,16,6,0,0,1,0,0.,0.,0.,0.,0.,0.,0.,0.282270659,0.282270659,   0002927P0003404
0.282270659,0.282270659,0.282270659,0.643081562,0.643081562,     0002927P0003405
0.643081562,0.643081562,0.643081562,1.,1.,1.,1.,1.,1.,1.,1.,1.,  0002927P0003406
1.,1.,1.,1.,1.,1.,1.,1.,1.,1.,1.,1.,1.,1.,1.,12.433613765,       0002927P0003407
27.3625,29.291114272,12.395712369,27.364537779,29.268446588,     0002927P0003408
12.357523373,27.366601707,29.245061468,12.319074994,             0002927P0003409
27.368693767,29.220947414,12.280405669,27.370815688,             0002927P0003410
29.196099177,12.241565404,27.372968634,29.170521158,             0002927P0003411
12.152831736,27.377944906,29.110625353,12.102855722,             0002927P0003412
27.380788867,29.075846516,12.052859113,27.38368314,29.039955932, 0002927P0003413
12.003049231,27.386623309,29.003058287,11.953663117,             0002927P0003414
27.389600038,28.965308996,11.856802514,27.395561624,             0002927P0003415
28.888967848,11.809296047,27.398547096,28.850375748,11.76270858, 0002927P0003416
27.401537982,28.811368668,11.717190611,27.404520641,             0002927P0003417
28.772112231,11.672817912,27.40748339,28.732730737,11.629624138, 0002927P0003418
27.410416667,28.693313763,0.,1.,2.449130307E-02,0.998599629,     0002927P0003419
4.689304196E-02;                                                 0002927P0003420
126,16,6,0,0,1,0,0.,0.,0.,0.,0.,0.,0.,0.282270659,0.282270659,   0002929P0003421
0.282270659,0.282270659,0.282270659,0.643081562,0.643081562,     0002929P0003422
0.643081562,0.643081562,0.643081562,1.,1.,1.,1.,1.,1.,1.,1.,1.,  0002929P0003423
1.,1.,1.,1.,1.,1.,1.,1.,1.,1.,1.,1.,1.,1.,1.,11.629624138,       0002929P0003424
27.410416667,28.693313763,11.597002833,27.412454445,             0002929P0003425
28.663544817,11.564242735,27.414518374,28.633015498,             0002929P0003426
11.531373788,27.416610434,28.601720167,11.498434703,             0002929P0003427
27.418732355,28.569661342,11.465473605,27.420885301,             0002929P0003428
28.536853306,11.390462594,27.425861572,28.460469279,             0002929P0003429
11.348423649,27.428705534,28.416425023,11.306586168,             0002929P0003430
27.431599806,28.371287232,11.265132441,27.434539976,             0002929P0003431
28.325199825,11.224263766,27.437516705,28.278362355,             0002929P0003432
11.144567646,27.443478291,28.184242879,11.105708911,             0002929P0003433
27.446463763,28.136954261,11.067833463,27.449454649,             0002929P0003434
28.089442212,11.031055755,27.452437308,28.041899036,             0002929P0003435
10.995425259,27.455400057,27.994461644,10.960957093,             0002929P0003436
27.458333333,27.947224525,0.,1.,1.465066402E-02,0.998599629,     0002929P0003437
5.083443081E-02;                                                 0002929P0003438
126,6,6,0,0,1,0,0.,0.,0.,0.,0.,0.,0.,1.,1.,1.,1.,1.,1.,1.,1.,1., 0002931P0003439
1.,1.,1.,1.,1.,10.960957093,27.458333333,27.947224525,           0002931P0003440
10.926216323,27.46105289,27.899613811,10.891505057,27.463818869, 0002931P0003441
27.850629195,10.856891366,27.466636413,27.800265489,             0002931P0003442
10.822471071,27.469509063,27.7485572,10.7883637,27.47243888,     0002931P0003443
27.695584587,10.754715444,27.47542269,27.641506964,0.,1.,        0002931P0003444
1.775922312E-02,0.998883165,4.378393564E-02;                     0002931P0003445
126,21,5,0,0,1,0,0.,0.,0.,0.,0.,0.,0.42718356,0.42718356,        0002933P0003446
0.42718356,0.42718356,0.907588425,0.907588425,0.907588425,       0002933P0003447
0.907588425,0.953988749,0.953988749,0.953988749,0.953988749,     0002933P0003448
0.975679226,0.975679226,0.975679226,0.975679226,1.,1.,1.,1.,1.,  0002933P0003449
1.,1.,1.,1.,1.,1.,1.,1.,1.,1.,1.,1.,1.,1.,1.,1.,1.,1.,1.,1.,1.,  0002933P0003450
1.,1.,10.754715444,27.47542269,27.641506964,10.726102124,        0002933P0003451
27.477960019,27.595521212,10.697834657,27.480538008,             0002933P0003452
27.548703163,10.670037027,27.483152658,27.501198351,             0002933P0003453
10.642838613,27.485796762,27.453196711,10.586592685,27.49144984, 0002933P0003454
27.350673777,10.557728645,27.494464073,27.296069919,             0002933P0003455
10.529952398,27.497482208,27.241476784,10.503328856,             0002933P0003456
27.500488378,27.187123333,10.475415493,27.50375741,27.127949306, 0002933P0003457
10.472967755,27.504045116,27.122740844,10.470530854,             0002933P0003458
27.504332586,27.117535999,10.468104786,27.50461981,27.112334872, 0002933P0003459
10.464560501,27.505040926,27.104707992,10.463433358,             0002933P0003460
27.505175073,27.102278256,10.462308106,27.505309221,             0002933P0003461
27.099848335,10.461184739,27.505443368,27.097418221,             0002933P0003462
10.458805767,27.505727929,27.092262876,10.457496652,             0002933P0003463
27.505880002,27.089507617,10.456073756,27.506053488,             0002933P0003464
27.086363877,10.454849864,27.5062094,27.083538311,10.4545127,    0002933P0003465
27.50625,27.082802487,0.,1.,-1.281382392E-03,0.998442375,        0002933P0003466
5.577796087E-02;                                                 0002933P0003467
126,21,6,0,0,1,0,0.,0.,0.,0.,0.,0.,0.,1.945602901E-02,           0002935P0003468
1.945602901E-02,1.945602901E-02,1.945602901E-02,1.945602901E-02, 0002935P0003469
0.283349919,0.283349919,0.283349919,0.283349919,0.283349919,     0002935P0003470
0.644130142,0.644130142,0.644130142,0.644130142,0.644130142,1.,  0002935P0003471
1.,1.,1.,1.,1.,1.,1.,1.,1.,1.,1.,1.,1.,1.,1.,1.,1.,1.,1.,1.,1.,  0002935P0003472
1.,1.,1.,1.,1.,1.,1.,10.4545127,27.50625,27.082802487,           0002935P0003473
10.454043031,27.506302027,27.081777486,10.452691727,             0002935P0003474
27.506446595,27.078928429,10.451280082,27.506599428,             0002935P0003475
27.075915874,10.450169054,27.506723195,27.073475269,10.44925927, 0002935P0003476
27.506827505,27.071416956,10.430788969,27.508886918,             0002935P0003477
27.030773085,10.413742274,27.510828296,26.992258971,             0002935P0003478
10.396875904,27.512794661,26.953090328,10.380218711,27.5147874,  0002935P0003479
26.913282644,10.363802819,27.516807431,26.87286314,10.325597621, 0002935P0003480
27.521654232,26.775834904,10.304041534,27.524505752,             0002935P0003481
26.718713702,10.283100748,27.527407906,26.660657625,10.26288777, 0002935P0003482
27.530356274,26.601871677,10.243510872,27.533341463,             0002935P0003483
26.542620188,10.206872992,27.539311624,26.42467359,10.189580474, 0002935P0003484
27.542297096,26.365960871,10.173280376,27.545287982,             0002935P0003485
26.307426683,10.158002916,27.548270641,26.249292763,             0002935P0003486
10.143740137,27.55123339,26.191704469,10.130469037,27.554166667, 0002935P0003487
26.134754686,0.,1.,-6.379380627E-03,0.998599505,5.25198291E-02;  0002935P0003488
126,16,6,0,0,1,0,0.,0.,0.,0.,0.,0.,0.,0.282270659,0.282270659,   0002937P0003489
0.282270659,0.282270659,0.282270659,0.643081562,0.643081562,     0002937P0003490
0.643081562,0.643081562,0.643081562,1.,1.,1.,1.,1.,1.,1.,1.,1.,  0002937P0003491
1.,1.,1.,1.,1.,1.,1.,1.,1.,1.,1.,1.,1.,1.,1.,10.130469037,       0002937P0003492
27.554166667,26.134754686,10.120446282,27.556204445,             0002937P0003493
26.091744407,10.110739824,27.558268374,26.048028872,             0002937P0003494
10.101377534,27.560360434,26.003620394,10.09238989,27.562482355, 0002937P0003495
25.958542973,10.083808462,27.564635301,25.91283564,10.065254313, 0002937P0003496
27.569611572,25.807398858,10.055555858,27.572455534,             0002937P0003497
25.747289713,10.046642821,27.575349806,25.686393467,             0002937P0003498
10.038583914,27.578289976,25.624931979,10.031432003,             0002937P0003499
27.581266705,25.56318372,10.019062201,27.587228291,25.440477016, 0002937P0003500
10.013822269,27.590213763,25.379495398,10.009519241,             0002937P0003501
27.593204649,25.318886584,10.00613852,27.596187308,25.258873885, 0002937P0003502
10.00364333,27.599150057,25.199598152,10.001992611,27.602083333, 0002937P0003503
25.141145821,0.,1.,-1.671894278E-02,0.998599629,5.019221318E-02; 0002937P0003504
126,16,6,0,0,1,0,0.,0.,0.,0.,0.,0.,0.,0.282270659,0.282270659,   0002939P0003505
0.282270659,0.282270659,0.282270659,0.643081562,0.643081562,     0002939P0003506
0.643081562,0.643081562,0.643081562,1.,1.,1.,1.,1.,1.,1.,1.,1.,  0002939P0003507
1.,1.,1.,1.,1.,1.,1.,1.,1.,1.,1.,1.,1.,1.,1.,10.001992611,       0002939P0003508
27.602083333,25.141145821,10.000745937,27.604121112,25.09700077, 0002939P0003509
9.999949814,27.60618504,25.052227681,9.999629102,27.608277101,   0002939P0003510
25.006844176,9.99980888,27.610399022,24.960879849,10.000512303,  0002939P0003511
27.612551968,24.914379243,10.003351347,27.617528239,             0002939P0003512
24.807360033,10.005831428,27.620372201,24.746524036,             0002939P0003513
10.009238081,27.623266473,24.685073326,10.013594409,             0002939P0003514
27.626206642,24.623239008,10.018896698,27.629183371,             0002939P0003515
24.561304502,10.031239006,27.635144957,24.43859503,10.038262046, 0002939P0003516
27.638130429,24.377792961,10.046128857,27.641121315,             0002939P0003517
24.317543002,10.054780613,27.644103975,24.258061067,             0002939P0003518
10.064153194,27.647066724,24.199477851,10.074189135,27.65,       0002939P0003519
24.141869868,0.,1.,-2.639002292E-02,0.998599629,4.585136859E-02; 0002939P0003520
100,0.,0.,0.,-0.858130132,4.925810865,-1.219566891,4.84898511;   0002941P0003521
124,0.,-1.,0.,15.,0.,0.,-1.,27.65,1.,0.,-0.,25.;                 0002943P0003522
126,16,6,0,0,1,0,0.,0.,0.,0.,0.,0.,0.,0.281978821,0.281978821,   0002945P0003523
0.281978821,0.281978821,0.281978821,0.643672678,0.643672678,     0002945P0003524
0.643672678,0.643672678,0.643672678,1.,1.,1.,1.,1.,1.,1.,1.,1.,  0002945P0003525
1.,1.,1.,1.,1.,1.,1.,1.,1.,1.,1.,1.,1.,1.,1.,10.15101489,27.65,  0002945P0003526
23.780433109,10.140254173,27.64796433,23.823217604,10.129796767, 0002945P0003527
27.645902563,23.866711303,10.119670669,27.643812726,23.91090241, 0002945P0003528
10.109906671,27.641693093,23.955767543,10.100536916,             0002945P0003529
27.639542503,24.001268385,10.080121694,27.634562029,             0002945P0003530
24.106455008,10.069347983,27.63171118,24.166531507,10.059349579, 0002945P0003531
27.628809767,24.227412842,10.050199607,27.625862236,24.28887671, 0002945P0003532
10.041956164,27.622878002,24.350643506,10.027456025,             0002945P0003533
27.616913649,24.473164941,10.021169294,27.613933085,             0002945P0003534
24.533942656,10.015822657,27.610947194,24.594364006,             0002945P0003535
10.011405391,27.607969543,24.654206841,10.007883345,             0002945P0003536
27.605011752,24.713330534,10.005217166,27.602083333,24.77164842, 0002945P0003537
0.,1.,1.584048414E-02,0.998599627,5.047636212E-02;               0002945P0003538
126,16,6,0,0,1,0,0.,0.,0.,0.,0.,0.,0.,0.281978821,0.281978821,   0002947P0003539
0.281978821,0.281978821,0.281978821,0.643672678,0.643672678,     0002947P0003540
0.643672678,0.643672678,0.643672678,1.,1.,1.,1.,1.,1.,1.,1.,1.,  0002947P0003541
1.,1.,1.,1.,1.,1.,1.,1.,1.,1.,1.,1.,1.,1.,1.,10.005217166,       0002947P0003542
27.602083333,24.77164842,10.003202331,27.600047663,24.815719346, 0002947P0003543
10.001626109,27.597985897,24.860424767,10.000513585,             0002947P0003544
27.595896059,24.905747544,9.999890271,27.593776426,24.951658625, 0002947P0003545
9.999780026,27.591625836,24.998114051,10.000745485,27.586645362, 0002947P0003546
25.105259164,10.002165387,27.583794513,25.166277541,             0002947P0003547
10.004505489,27.580893101,25.227930027,10.007793131,27.57794557, 0002947P0003548
25.289984201,10.012029496,27.574961335,25.352154488,             0002947P0003549
10.022247296,27.568996983,25.475107132,10.028203901,             0002947P0003550
27.566016419,25.535918089,10.035010679,27.563030528,25.59619241, 0002947P0003551
10.042612834,27.560052877,25.655714543,10.050948862,             0002947P0003552
27.557095085,25.714353494,10.059962924,27.554166667,             0002947P0003553
25.772032182,0.,1.,2.55858498E-02,0.998599627,4.630494964E-02;   0002947P0003554
126,16,6,0,0,1,0,0.,0.,0.,0.,0.,0.,0.,0.281978821,0.281978821,   0002949P0003555
0.281978821,0.281978821,0.281978821,0.643672678,0.643672678,     0002949P0003556
0.643672678,0.643672678,0.643672678,1.,1.,1.,1.,1.,1.,1.,1.,1.,  0002949P0003557
1.,1.,1.,1.,1.,1.,1.,1.,1.,1.,1.,1.,1.,1.,1.,10.059962924,       0002949P0003558
27.554166667,25.772032182,10.066774867,27.552130996,             0002949P0003559
25.815620064,10.074143115,27.55006923,25.859742259,10.082088834, 0002949P0003560
27.547979392,25.90437697,10.090631231,27.545859759,25.94949064,  0002949P0003561
10.099784921,27.543709169,25.99503544,10.122092298,27.538728695, 0002949P0003562
26.099837101,10.135648803,27.535877846,26.159347434,             0002949P0003563
10.150233456,27.532976434,26.219295686,10.165826709,             0002949P0003564
27.530028903,26.279448654,10.18237279,27.527044668,26.339526259, 0002949P0003565
10.21689828,27.521080316,26.45797349,10.234859059,27.518099752,  0002949P0003566
26.516376093,10.253545955,27.515113861,26.574083336,             0002949P0003567
10.272862299,27.51213621,26.63089492,10.292721706,27.509178419,  0002949P0003568
26.686694739,10.313054089,27.50625,26.741418396,0.,1.,           0002949P0003569
3.430392847E-02,0.998599627,4.027436608E-02;                     0002949P0003570
126,16,6,0,0,1,0,0.,0.,0.,0.,0.,0.,0.,0.281978821,0.281978821,   0002951P0003571
0.281978821,0.281978821,0.281978821,0.643672678,0.643672678,     0002951P0003572
0.643672678,0.643672678,0.643672678,1.,1.,1.,1.,1.,1.,1.,1.,1.,  0002951P0003573
1.,1.,1.,1.,1.,1.,1.,1.,1.,1.,1.,1.,1.,1.,1.,10.313054089,       0002951P0003574
27.50625,26.741418396,10.328419306,27.50421433,26.782773155,     0002951P0003575
10.344436186,27.502152563,26.824540592,10.361121122,             0002951P0003576
27.500062726,26.866695126,10.378486247,27.497943093,             0002951P0003577
26.909200046,10.396536347,27.495792503,26.952005568,             0002951P0003578
10.439289987,27.490812029,27.050255929,10.464438794,27.48796118, 0002951P0003579
27.105868842,10.490682414,27.485059767,27.161705903,             0002951P0003580
10.517955201,27.482112236,27.217542488,10.546146662,             0002951P0003581
27.479128002,27.27311526,10.603593623,27.473163649,27.382301352, 0002951P0003582
10.63283744,27.470183085,27.435950702,10.662654166,27.467197194, 0002951P0003583
27.488773887,10.692909136,27.464219543,27.540593901,             0002951P0003584
10.723494554,27.461261752,27.591314194,10.754328901,             0002951P0003585
27.458333333,27.640885632,0.,1.,4.164468415E-02,0.998599627,     0002951P0003586
3.262674292E-02;                                                 0002951P0003587
126,16,6,0,0,1,0,0.,0.,0.,0.,0.,0.,0.,0.281978821,0.281978821,   0002953P0003588
0.281978821,0.281978821,0.281978821,0.643672678,0.643672678,     0002953P0003589
0.643672678,0.643672678,0.643672678,1.,1.,1.,1.,1.,1.,1.,1.,1.,  0002953P0003590
1.,1.,1.,1.,1.,1.,1.,1.,1.,1.,1.,1.,1.,1.,1.,10.754328901,       0002953P0003591
27.458333333,27.640885632,10.77763047,27.456297663,27.678346851, 0002953P0003592
10.801652894,27.454235897,27.716082542,10.826407137,             0002953P0003593
27.452146059,27.754064369,10.85189777,27.450026426,27.792253942, 0002953P0003594
10.878119557,27.447875836,27.83060152,10.939602877,27.442895362, 0002953P0003595
27.918355771,10.975334246,27.440044513,27.967838372,             0002953P0003596
11.012183137,27.437143101,28.017322351,11.05004044,27.43419557,  0002953P0003597
28.066600681,11.088745378,27.431211335,28.115437339,             0002953P0003598
11.166807279,27.425246983,28.210978407,11.206159978,             0002953P0003599
27.422266419,28.257720451,11.245909373,27.419280528,             0002953P0003600
28.303538696,11.285888216,27.416302877,28.348286537,             0002953P0003601
11.325971622,27.413345085,28.391890854,11.366069916,             0002953P0003602
27.410416667,28.43431975,0.,1.,4.731338115E-02,0.998599627,      0002953P0003603
2.366913676E-02;                                                 0002953P0003604
126,16,6,0,0,1,0,0.,0.,0.,0.,0.,0.,0.,0.281978821,0.281978821,   0002955P0003605
0.281978821,0.281978821,0.281978821,0.643672678,0.643672678,     0002955P0003606
0.643672678,0.643672678,0.643672678,1.,1.,1.,1.,1.,1.,1.,1.,1.,  0002955P0003607
1.,1.,1.,1.,1.,1.,1.,1.,1.,1.,1.,1.,1.,1.,1.,11.366069916,       0002955P0003608
27.410416667,28.43431975,11.396372264,27.408380996,28.466383339, 0002955P0003609
11.427435718,27.40631923,28.498572173,11.459265371,27.404229392, 0002955P0003610
28.530856302,11.491858049,27.402109759,28.563197193,             0002955P0003611
11.525198703,27.399959169,28.595547148,11.602943111,             0002955P0003612
27.394978695,28.669281904,11.647822406,27.392127846,             0002955P0003613
28.710647438,11.693797064,27.389226434,28.751791525,             0002955P0003614
11.740718888,27.386278903,28.792533045,11.788383277,             0002955P0003615
27.383294668,28.83267277,11.883925888,27.377330316,28.910732782, 0002955P0003616
11.931807434,27.374349752,28.948690799,11.979893538,             0002955P0003617
27.371363861,28.985664475,12.027991078,27.36838621,29.021543491, 0002955P0003618
12.075963101,27.365428419,29.056281092,12.12371537,27.3625,      0002955P0003619
29.089863901,0.,1.,5.108241795E-02,0.998599627,1.376120078E-02;  0002955P0003620
126,16,6,0,0,1,0,0.,0.,0.,0.,0.,0.,0.,0.281978821,0.281978821,   0002957P0003621
0.281978821,0.281978821,0.281978821,0.643672678,0.643672678,     0002957P0003622
0.643672678,0.643672678,0.643672678,1.,1.,1.,1.,1.,1.,1.,1.,1.,  0002957P0003623
1.,1.,1.,1.,1.,1.,1.,1.,1.,1.,1.,1.,1.,1.,1.,12.12371537,        0002957P0003624
27.3625,29.089863901,12.159801842,27.36046433,29.115242487,      0002957P0003625
12.196659109,27.358402563,29.140592065,12.234286192,             0002957P0003626
27.356312726,29.165882268,12.272672299,27.354193093,             0002957P0003627
29.191075971,12.311793173,27.352042503,29.216129434,             0002957P0003628
12.402677185,27.347062029,29.272884201,12.454902476,27.34421118, 0002957P0003629
29.304471818,12.508156991,27.341309767,29.335624052,             0002957P0003630
12.562259399,27.338362236,29.366192967,12.616969484,             0002957P0003631
27.335378002,29.396024124,12.726156713,27.329413649,             0002957P0003632
29.453468926,12.780644635,27.326433085,29.481118879,             0002957P0003633
12.835136761,27.323447194,29.50776347,12.889421854,27.320469543, 0002957P0003634
29.533333097,12.943356388,27.317511752,29.557809247,             0002957P0003635
12.996845352,27.314583333,29.581197601,0.,1.,5.280046551E-02,    0002957P0003636
0.998599627,3.300744455E-03;                                     0002957P0003637
126,16,6,0,0,1,0,0.,0.,0.,0.,0.,0.,0.,0.281978821,0.281978821,   0002959P0003638
0.281978821,0.281978821,0.281978821,0.643672678,0.643672678,     0002959P0003639
0.643672678,0.643672678,0.643672678,1.,1.,1.,1.,1.,1.,1.,1.,1.,  0002959P0003640
1.,1.,1.,1.,1.,1.,1.,1.,1.,1.,1.,1.,1.,1.,1.,12.996845352,       0002959P0003641
27.314583333,29.581197601,13.037267053,27.312547663,             0002959P0003642
29.598872219,13.078438292,27.310485897,29.616364739,             0002959P0003643
13.120352057,27.308396059,29.6336456,13.162990367,27.306276426,  0002959P0003644
29.650680573,13.206320736,27.304125836,29.667431633,             0002959P0003645
13.306695305,27.299145362,29.704927673,13.364169716,             0002959P0003646
27.296294513,29.725469111,13.422565887,27.293393101,             0002959P0003647
29.745378712,13.481676634,27.29044557,29.764547662,13.541235775, 0002959P0003648
27.287461335,29.782872513,13.659683689,27.281496983,             0002959P0003649
29.817395661,13.718590264,27.278516419,29.833627389,             0002959P0003650
13.777300522,27.275530528,29.848873099,13.835593589,             0002959P0003651
27.272552877,29.863106701,13.893325131,27.269595085,             0002959P0003652
29.876338669,13.950403176,27.266666667,29.88859351,0.,1.,        0002959P0003653
-5.239854316E-02,-0.998599627,7.292238709E-03;                   0002959P0003654
126,16,6,0,0,1,0,0.,0.,0.,0.,0.,0.,0.,0.281978821,0.281978821,   0002961P0003655
0.281978821,0.281978821,0.281978821,0.643672678,0.643672678,     0002961P0003656
0.643672678,0.643672678,0.643672678,1.,1.,1.,1.,1.,1.,1.,1.,1.,  0002961P0003657
1.,1.,1.,1.,1.,1.,1.,1.,1.,1.,1.,1.,1.,1.,1.,13.950403176,       0002961P0003658
27.266666667,29.88859351,13.993537152,27.264630996,29.897854514, 0002961P0003659
14.037369314,27.26256923,29.906787642,14.081886897,27.260479392, 0002961P0003660
29.915365324,14.127065458,27.258359759,29.923557603,             0002961P0003661
14.172865581,27.256209169,29.931333694,14.278700609,             0002961P0003662
27.251228695,29.94806552,14.339116508,27.248377846,29.956736028, 0002961P0003663
14.400309694,27.245476434,29.964603614,14.46205545,27.242528903, 0002961P0003664
29.971602953,14.524072311,27.239544668,29.977685744,             0002961P0003665
14.647025157,27.233580316,29.987901114,14.707985252,             0002961P0003666
27.230599752,29.992062904,14.768556389,27.227613861,             0002961P0003667
29.995297609,14.82851693,27.22463621,29.997623699,14.887727524,  0002961P0003668
27.221678419,29.999080213,14.946102933,27.21875,29.999709502,0., 0002961P0003669
1.,-4.989278837E-02,-0.998599627,1.759243418E-02;                0002961P0003670
126,4,4,1,0,1,0,0.,0.,0.,0.,0.,1.,1.,1.,1.,1.,1.,1.,1.,1.,1.,    0002963P0003671
14.946102933,27.21875,29.999709502,14.959482984,27.218132574,    0002963P0003672
29.99985374,14.972926492,27.217512472,29.999950913,14.986432528, 0002963P0003673
27.216889619,30.,15.,27.216263943,30.,0.,1.,4.606037991E-02,     0002963P0003674
0.998934955,2.719744394E-03;                                     0002963P0003675
144,2967,1,0,2973;                                               0002965P0003676
122,2969,15.128790586,27.21875,30.118314039;                     0002967P0003677
100,0.,0.,0.,0.2,0.,0.2,0.;                                      0002969P0003678
124,-3.9E-16,-1.,2.E-17,16.106759187,6.E-17,-2.E-17,-1.,         0002971P0003679
27.170833333,1.,-3.9E-16,6.E-17,29.793900719;                    0002971P0003680
142,0,2967,0,2975,2;                                             0002973P0003681
102,5,2977,2979,2983,2985,2987;                                  0002975P0003682
110,15.128790586,27.21875,30.118314039,16.106759187,             0002977P0003683
27.170833333,29.993900719;                                       0002977P0003684
100,0.,0.,0.,0.2,0.,0.116183485,0.162792499;                     0002979P0003685
124,-3.7E-16,-1.,2.E-17,16.106759187,6.E-17,-2.E-17,-1.,         0002981P0003686
27.170833333,1.,-3.7E-16,6.E-17,29.793900719;                    0002981P0003687
126,21,6,0,0,1,0,0.,0.,0.,0.,0.,0.,0.,0.377876888,0.377876888,   0002983P0003688
0.377876888,0.377876888,0.377876888,0.73961702,0.73961702,       0002983P0003689
0.73961702,0.73961702,0.73961702,0.93116556,0.93116556,          0002983P0003690
0.93116556,0.93116556,0.93116556,1.,1.,1.,1.,1.,1.,1.,1.,1.,1.,  0002983P0003691
1.,1.,1.,1.,1.,1.,1.,1.,1.,1.,1.,1.,1.,1.,1.,1.,1.,1.,1.,        0002983P0003692
15.943966688,27.170833333,29.910084204,15.886637723,             0002983P0003693
27.173761752,29.921105733,15.828325417,27.176719543,             0002983P0003694
29.931483152,15.769104854,27.179697194,29.941157969,             0002983P0003695
15.709104803,27.182683085,29.950064144,15.648538773,             0002983P0003696
27.185663649,29.958139392,15.529529859,27.191457025,             0002983P0003697
29.972226218,15.471087369,27.194272499,29.978313667,             0002983P0003698
15.412699516,27.19705624,29.983556943,15.354609462,27.199799955, 0002983P0003699
29.987946471,15.297019891,27.202499367,29.991495525,15.20994595, 0002983P0003700
27.206557448,29.995681487,15.179981457,27.207949611,             0002983P0003701
29.996903138,15.150216691,27.209328961,29.997901545,             0002983P0003702
15.120666834,27.210695641,29.998681952,15.091343494,             0002983P0003703
27.212049962,29.999250207,15.051802066,27.213874736,             0002983P0003704
29.999742576,15.041379329,27.214355587,29.99984613,15.030987387, 0002983P0003705
27.214834913,29.999923359,15.020626626,27.215312734,             0002983P0003706
29.999974552,15.010297393,27.21578907,30.,15.,27.216263943,30.,  0002983P0003707
0.,1.,-4.524262906E-02,-0.998568073,2.854658138E-02;             0002983P0003708
126,4,4,1,0,1,0,0.,0.,0.,0.,0.,1.,1.,1.,1.,1.,1.,1.,1.,1.,1.,    0002985P0003709
15.,27.216263943,30.,14.986432528,27.216889619,30.,14.972926492, 0002985P0003710
27.217512472,29.999950913,14.959482984,27.218132574,29.99985374, 0002985P0003711
14.946102933,27.21875,29.999709502,0.,1.,4.606037991E-02,        0002985P0003712
0.998934955,2.719744394E-03;                                     0002985P0003713
100,0.,0.,0.,8.139546329E-02,-0.182687653,0.2,0.;                0002987P0003714
124,-3.9E-16,1.,-2.E-17,15.128790586,6.E-17,2.E-17,1.,27.21875,  0002989P0003715
1.,3.9E-16,-6.E-17,29.918314039;                                 0002989P0003716
144,2993,1,0,2999;                                               0002991P0003717
122,2995,16.106759187,27.170833333,29.993900719;                 0002993P0003718
100,0.,0.,0.,0.2,0.,0.2,0.;                                      0002995P0003719
124,-3.7E-16,-1.,2.E-17,17.040290754,6.E-17,-2.E-17,-1.,         0002997P0003720
27.122916667,1.,-3.7E-16,6.E-17,29.477009453;                    0002997P0003721
142,0,2993,0,3001,2;                                             0002999P0003722
102,4,3003,3005,3009,3011;                                       0003001P0003723
110,16.106759187,27.170833333,29.993900719,17.040290754,         0003003P0003724
27.122916667,29.677009453;                                       0003003P0003725
100,0.,0.,0.,0.2,0.,0.146306672,0.13636113;                      0003005P0003726
124,-3.7E-16,-1.,1.E-17,17.040290754,7.E-17,-1.E-17,-1.,         0003007P0003727
27.122916667,1.,-3.7E-16,7.E-17,29.477009453;                    0003007P0003728
126,16,6,0,0,1,0,0.,0.,0.,0.,0.,0.,0.,0.356327322,0.356327322,   0003009P0003729
0.356327322,0.356327322,0.356327322,0.718021179,0.718021179,     0003009P0003730
0.718021179,0.718021179,0.718021179,1.,1.,1.,1.,1.,1.,1.,1.,1.,  0003009P0003731
1.,1.,1.,1.,1.,1.,1.,1.,1.,1.,1.,1.,1.,1.,1.,16.903929624,       0003009P0003732
27.122916667,29.623316125,16.849948894,27.125845085,29.64554595, 0003009P0003733
16.794876149,27.128802877,29.667340644,16.738773305,             0003009P0003734
27.131780528,29.688627917,16.681753379,27.134766419,             0003009P0003735
29.709317384,16.624013175,27.137746983,29.729305443,             0003009P0003736
16.506843021,27.143711335,29.76794365,16.447379463,27.14669557,  0003009P0003737
29.786576329,16.387807336,27.149643101,29.804259392,             0003009P0003738
16.328404599,27.152544513,29.820927323,16.269403634,             0003009P0003739
27.155395362,29.836552451,16.165444332,27.160375836,             0003009P0003740
29.862503764,16.120246736,27.162526426,29.873241369,             0003009P0003741
16.075458672,27.164646059,29.883353006,16.031128454,             0003009P0003742
27.166735897,29.892851613,15.987290285,27.168797663,             0003009P0003743
29.901755216,15.943966688,27.170833333,29.910084204,0.,1.,       0003009P0003744
-3.905264218E-02,-0.998599627,3.568858655E-02;                   0003009P0003745
100,0.,0.,0.,0.116183485,-0.162792499,0.2,0.;                    0003011P0003746
124,-3.7E-16,1.,-2.E-17,16.106759187,6.E-17,2.E-17,1.,           0003013P0003747
27.170833333,1.,3.7E-16,-6.E-17,29.793900719;                    0003013P0003748
144,3017,1,0,3023;                                               0003015P0003749
122,3019,17.040290754,27.122916667,29.677009453;                 0003017P0003750
100,0.,0.,0.,0.2,0.,0.2,0.;                                      0003019P0003751
124,-3.7E-16,-1.,1.E-17,17.891903441,7.E-17,-1.E-17,-1.,27.075,  0003021P0003752
1.,-3.7E-16,7.E-17,28.980363612;                                 0003021P0003753
142,0,3017,0,3025,2;                                             0003023P0003754
102,4,3027,3029,3033,3035;                                       0003025P0003755
110,17.040290754,27.122916667,29.677009453,17.891903441,27.075,  0003027P0003756
29.180363612;                                                    0003027P0003757
100,0.,0.,0.,0.2,0.,0.170555559,0.104454781;                     0003029P0003758
124,-3.7E-16,-1.,2.E-17,17.891903441,6.E-17,-2.E-17,-1.,27.075,  0003031P0003759
1.,-3.7E-16,6.E-17,28.980363612;                                 0003031P0003760
126,16,6,0,0,1,0,0.,0.,0.,0.,0.,0.,0.,0.356327322,0.356327322,   0003033P0003761
0.356327322,0.356327322,0.356327322,0.718021179,0.718021179,     0003033P0003762
0.718021179,0.718021179,0.718021179,1.,1.,1.,1.,1.,1.,1.,1.,1.,  0003033P0003763
1.,1.,1.,1.,1.,1.,1.,1.,1.,1.,1.,1.,1.,1.,1.,17.78744866,27.075, 0003033P0003764
29.150919171,17.738983524,27.077928419,29.183464753,             0003033P0003765
17.689361544,27.08088621,29.215801652,17.63862898,27.083863861,  0003033P0003766
29.247846685,17.586878562,27.086849752,29.279488749,             0003033P0003767
17.534282488,27.089830316,29.310587087,17.427167779,             0003033P0003768
27.095794668,29.371809592,17.372612728,27.098778903,             0003033P0003769
29.401923341,17.317761965,27.101726434,29.431128183,             0003033P0003770
17.262874807,27.104627846,29.459304502,17.208173453,             0003033P0003771
27.107478695,29.486378852,17.111475024,27.112459169,             0003033P0003772
29.532535336,17.069325517,27.114609759,29.552068331,             0003033P0003773
17.027452523,27.116729392,29.570906278,16.985905965,27.11881923, 0003033P0003774
29.589052222,16.944722953,27.120880996,29.606517008,             0003033P0003775
16.903929624,27.122916667,29.623316125,0.,1.,-3.115348907E-02,   0003033P0003776
-0.998599627,4.275797224E-02;                                    0003033P0003777
100,0.,0.,0.,0.146306672,-0.13636113,0.2,0.;                     0003035P0003778
124,-3.7E-16,1.,-1.E-17,17.040290754,7.E-17,1.E-17,1.,           0003037P0003779
27.122916667,1.,3.7E-16,-7.E-17,29.477009453;                    0003037P0003780
144,3041,1,0,3047;                                               0003039P0003781
122,3043,17.891903441,27.075,29.180363612;                       0003041P0003782
100,0.,0.,0.,0.2,0.,0.2,0.;                                      0003043P0003783
124,-3.7E-16,-1.,2.E-17,18.627404497,6.E-17,-2.E-17,-1.,         0003045P0003784
27.027083333,1.,-3.7E-16,6.E-17,28.323903821;                    0003045P0003785
142,0,3041,0,3049,2;                                             0003047P0003786
102,4,3051,3053,3057,3059;                                       0003049P0003787
110,17.891903441,27.075,29.180363612,18.627404497,27.027083333,  0003051P0003788
28.523903821;                                                    0003051P0003789
100,0.,0.,0.,0.2,0.,0.18795654,6.835451101E-02;                  0003053P0003790
124,-4.2E-16,-1.,2.E-17,18.627404497,6.E-17,-2.E-17,-1.,         0003055P0003791
27.027083333,1.,-4.2E-16,6.E-17,28.323903821;                    0003055P0003792
126,16,6,0,0,1,0,0.,0.,0.,0.,0.,0.,0.,0.356327322,0.356327322,   0003057P0003793
0.356327322,0.356327322,0.356327322,0.718021179,0.718021179,     0003057P0003794
0.718021179,0.718021179,0.718021179,1.,1.,1.,1.,1.,1.,1.,1.,1.,  0003057P0003795
1.,1.,1.,1.,1.,1.,1.,1.,1.,1.,1.,1.,1.,1.,1.,18.559049986,       0003057P0003796
27.027083333,28.511860361,18.518046347,27.030011752,             0003057P0003797
28.553414975,18.475867484,27.032969543,28.594995732,             0003057P0003798
18.432542143,27.035947194,28.636511898,18.388139043,             0003057P0003799
27.038933085,28.677836113,18.342798863,27.041913649,             0003057P0003800
28.718796113,18.250040317,27.047878002,28.800144796,             0003057P0003801
18.202584191,27.050862236,28.840530531,18.154657082,             0003057P0003802
27.053809767,28.880084561,18.106489254,27.05671118,28.918637971, 0003057P0003803
18.058283803,27.059562029,28.956074491,17.972728747,             0003057P0003804
27.064542503,29.020582936,17.935319656,27.066693093,             0003057P0003805
29.048127061,17.898042958,27.068812726,29.074934963,             0003057P0003806
17.860948179,27.070902563,29.100999673,17.824073846,27.07296433, 0003057P0003807
29.12632442,17.78744866,27.075,29.150919171,0.,1.,               0003057P0003808
-2.200350499E-02,-0.998599627,4.811060008E-02;                   0003057P0003809
100,0.,0.,0.,0.170555559,-0.104454781,0.2,0.;                    0003059P0003810
124,-3.7E-16,1.,-2.E-17,17.891903441,6.E-17,2.E-17,1.,27.075,1., 0003061P0003811
3.7E-16,-6.E-17,28.980363612;                                    0003061P0003812
144,3065,1,0,3071;                                               0003063P0003813
122,3067,18.627404497,27.027083333,28.523903821;                 0003065P0003814
100,0.,0.,0.,0.2,0.,0.2,0.;                                      0003067P0003815
124,-4.2E-16,-1.,2.E-17,19.217263119,6.E-17,-2.E-17,-1.,         0003069P0003816
26.979166667,1.,-4.2E-16,6.E-17,27.533987329;                    0003069P0003817
142,0,3065,0,3073,2;                                             0003071P0003818
102,4,3075,3077,3081,3083;                                       0003073P0003819
110,18.627404497,27.027083333,28.523903821,19.217263119,         0003075P0003820
26.979166667,27.733987329;                                       0003075P0003821
100,0.,0.,0.,0.2,0.,0.197810954,2.950976693E-02;                 0003077P0003822
124,-3.2E-16,-1.,1.E-17,19.217263119,6.E-17,-1.E-17,-1.,         0003079P0003823
26.979166667,1.,-3.2E-16,6.E-17,27.533987329;                    0003079P0003824
126,16,6,0,0,1,0,0.,0.,0.,0.,0.,0.,0.,0.356327322,0.356327322,   0003081P0003825
0.356327322,0.356327322,0.356327322,0.718021179,0.718021179,     0003081P0003826
0.718021179,0.718021179,0.718021179,1.,1.,1.,1.,1.,1.,1.,1.,1.,  0003081P0003827
1.,1.,1.,1.,1.,1.,1.,1.,1.,1.,1.,1.,1.,1.,1.,19.187753353,       0003081P0003828
26.979166667,27.731798283,19.155857531,26.982095085,             0003081P0003829
27.780693487,19.122815291,26.985052877,27.829848611,             0003081P0003830
19.088636711,26.988030528,27.879169011,19.05336374,26.991016419, 0003081P0003831
27.928516184,19.017099888,26.993996983,27.977693278,             0003081P0003832
18.942421816,26.999961335,28.075901942,18.903970007,27.00294557, 0003081P0003833
28.124938151,18.864890853,27.005893101,28.173253251,             0003081P0003834
18.825376323,27.008794513,28.22063581,18.785602252,27.011645362, 0003081P0003835
28.266931402,18.714625654,27.016625836,28.347201756,             0003081P0003836
18.683458978,27.018776426,28.381651098,18.652275256,             0003081P0003837
27.020896059,28.415352601,18.621121633,27.022985897,             0003081P0003838
28.448289564,18.590036506,27.025047663,28.480457469,             0003081P0003839
18.559049986,27.027083333,28.511860361,0.,1.,-1.197006715E-02,   0003081P0003840
-0.998599627,5.153155891E-02;                                    0003081P0003841
100,0.,0.,0.,0.18795654,-6.835451101E-02,0.2,0.;                 0003083P0003842
124,-4.2E-16,1.,-2.E-17,18.627404497,6.E-17,2.E-17,1.,           0003085P0003843
27.027083333,1.,4.2E-16,-6.E-17,28.323903821;                    0003085P0003844
144,3089,1,0,3095;                                               0003087P0003845
122,3091,19.217263119,26.979166667,27.733987329;                 0003089P0003846
100,0.,0.,0.,0.2,0.,0.2,0.;                                      0003091P0003847
124,-3.2E-16,-1.,1.E-17,19.316791842,6.E-17,-1.E-17,-1.,         0003093P0003848
26.967826095,1.,-3.2E-16,6.E-17,27.322956241;                    0003093P0003849
142,0,3089,0,3097,2;                                             0003095P0003850
102,3,3099,3101,3103;                                            0003097P0003851
110,19.217263119,26.979166667,27.733987329,19.316791842,         0003099P0003852
26.967826095,27.522956241;                                       0003099P0003853
126,5,5,0,0,1,0,0.,0.,0.,0.,0.,0.,1.,1.,1.,1.,1.,1.,1.,1.,1.,1., 0003101P0003854
1.,1.,19.316791842,26.967826095,27.522956241,19.291333945,       0003101P0003855
26.970166885,27.56651484,19.265638999,26.972469804,27.609217856, 0003101P0003856
19.239774734,26.974735748,27.651011487,19.213797868,             0003101P0003857
26.976967088,27.691872932,19.187753353,26.979166667,             0003101P0003858
27.731798283,0.,1.,-1.978114982E-02,-0.998922392,                0003101P0003859
4.198524141E-02;                                                 0003101P0003860
100,0.,0.,0.,0.197810954,-2.950976693E-02,0.2,0.;                0003103P0003861
124,-3.2E-16,1.,-1.E-17,19.217263119,6.E-17,1.E-17,1.,           0003105P0003862
26.979166667,1.,3.2E-16,-6.E-17,27.533987329;                    0003105P0003863
144,3109,1,0,3115;                                               0003107P0003864
122,3111,19.217263119,26.979166667,27.733987329;                 0003109P0003865
100,0.,0.,0.,0.2,0.,0.2,0.;                                      0003111P0003866
124,-3.2E-16,-1.,1.E-17,19.637796136,6.E-17,-1.E-17,-1.,         0003113P0003867
26.93125,1.,-3.2E-16,6.E-17,26.642329747;                        0003113P0003868
142,0,3109,0,3117,2;                                             0003115P0003869
102,5,3119,3121,3123,3127,3129;                                  0003117P0003870
126,11,6,0,0,1,0,0.,0.,0.,0.,0.,0.,0.,0.47758723,0.47758723,     0003119P0003871
0.47758723,0.47758723,0.47758723,1.,1.,1.,1.,1.,1.,1.,1.,1.,1.,  0003119P0003872
1.,1.,1.,1.,1.,1.,1.,1.,1.,19.648315948,26.93125,26.84205289,    0003119P0003873
19.62680858,26.934178419,26.896325512,19.604229628,26.93713621,  0003119P0003874
26.951081395,19.5805701,26.940113861,27.006225787,19.555843488,  0003119P0003875
26.943099752,27.0616146,19.530111979,26.946080316,27.117034299,  0003119P0003876
19.474416787,26.9522779,27.232505299,19.444271876,26.955492059,  0003119P0003877
27.292525766,19.413260307,26.95866198,27.351839793,19.381563915, 0003119P0003878
26.961776736,27.41014979,19.349357261,26.964831787,27.467236632, 0003119P0003879
19.316791842,26.967826095,27.522956241,0.,1.,2.968013662E-03,    0003119P0003880
-0.998479338,5.504727545E-02;                                    0003119P0003881
110,19.316791842,26.967826095,27.522956241,19.217263119,         0003121P0003882
26.979166667,27.733987329;                                       0003121P0003883
100,0.,0.,0.,0.2,0.,-0.118922196,0.16080271;                     0003123P0003884
124,-3.2E-16,1.,-1.E-17,19.217263119,6.E-17,1.E-17,1.,           0003125P0003885
26.979166667,1.,3.2E-16,-6.E-17,27.533987329;                    0003125P0003886
126,16,6,0,0,1,0,0.,0.,0.,0.,0.,0.,0.,0.356918438,0.356918438,   0003127P0003887
0.356918438,0.356918438,0.356918438,0.717729341,0.717729341,     0003127P0003888
0.717729341,0.717729341,0.717729341,1.,1.,1.,1.,1.,1.,1.,1.,1.,  0003127P0003889
1.,1.,1.,1.,1.,1.,1.,1.,1.,1.,1.,1.,1.,1.,1.,19.378065829,       0003127P0003890
26.979166667,27.415065133,19.406310323,26.97623339,27.363863097, 0003127P0003891
19.434245102,26.973270641,27.311522992,19.461790921,             0003127P0003892
26.970287982,27.258098455,19.488844605,26.967297096,             0003127P0003893
27.203692181,19.515280237,26.964311624,27.148489175,             0003127P0003894
19.566900415,26.958350038,27.036483351,19.592077731,             0003127P0003895
26.955373309,26.979649382,19.616328004,26.95243314,26.922602167, 0003127P0003896
19.639555452,26.949538867,26.865608478,19.661706678,             0003127P0003897
26.946694906,26.808894347,19.699233094,26.941718634,             0003127P0003898
26.708629999,19.715037311,26.939565688,26.664891824,             0003127P0003899
19.730171815,26.937443767,26.62149023,19.744643999,26.935351707, 0003127P0003900
26.578474869,19.758467943,26.933287779,26.535881889,             0003127P0003901
19.771661411,26.93125,26.493736046,0.,1.,-3.988000233E-02,       0003127P0003902
-0.998599629,3.476156966E-02;                                    0003127P0003903
100,0.,0.,0.,-0.148593701,-0.133865275,0.199723142,              0003129P0003904
-1.051981173E-02;                                                0003129P0003905
124,-3.7E-16,-1.,1.E-17,19.637796136,5.E-17,-1.E-17,-1.,         0003131P0003906
26.93125,1.,-3.7E-16,5.E-17,26.642329747;                        0003131P0003907
144,3135,1,0,3141;                                               0003133P0003908
122,3137,19.637796136,26.93125,26.842329747;                     0003135P0003909
100,0.,0.,0.,0.2,0.,0.2,0.;                                      0003137P0003910
124,-3.7E-16,-1.,1.E-17,19.872118898,5.E-17,-1.E-17,-1.,         0003139P0003911
26.883333333,1.,-3.7E-16,5.E-17,25.684731657;                    0003139P0003912
142,0,3135,0,3143,2;                                             0003141P0003913
102,4,3145,3149,3151,3155;                                       0003143P0003914
100,0.,0.,0.,-0.172299082,-0.101553071,0.193616328,              0003145P0003915
-5.012701373E-02;                                                0003145P0003916
124,-3.9E-16,-1.,1.E-17,19.872118898,4.E-17,-1.E-17,-1.,         0003147P0003917
26.883333333,1.,-3.9E-16,4.E-17,25.684731657;                    0003147P0003918
126,16,6,0,0,1,0,0.,0.,0.,0.,0.,0.,0.,0.356327322,0.356327322,   0003149P0003919
0.356327322,0.356327322,0.356327322,0.718021179,0.718021179,     0003149P0003920
0.718021179,0.718021179,0.718021179,1.,1.,1.,1.,1.,1.,1.,1.,1.,  0003149P0003921
1.,1.,1.,1.,1.,1.,1.,1.,1.,1.,1.,1.,1.,1.,1.,19.922245912,       0003149P0003922
26.883333333,25.878347985,19.911990532,26.886261752,             0003149P0003923
25.935818947,19.900781426,26.889219543,25.99397711,19.888590893, 0003149P0003924
26.892197194,26.052731412,19.875403429,26.895183085,             0003149P0003925
26.111937972,19.861237398,26.898163649,26.171375143,             0003149P0003926
19.830869053,26.904128002,26.290955742,19.814633949,             0003149P0003927
26.907112236,26.351118129,19.797539612,26.910059767,             0003149P0003928
26.410861854,19.779680136,26.91296118,26.469917287,19.76115704,  0003149P0003929
26.915812029,26.528073572,19.727186863,26.920792503,             0003149P0003930
26.629695588,19.711958216,26.922943093,26.673584165,             0003149P0003931
19.696421675,26.925062726,26.716791013,19.680614111,             0003149P0003932
26.927152563,26.759282338,19.664569102,26.92921433,26.801038977, 0003149P0003933
19.648315948,26.93125,26.84205289,0.,1.,9.116479262E-03,         0003149P0003934
-0.998599627,5.211212793E-02;                                    0003149P0003935
100,0.,0.,0.,0.199723142,1.051981173E-02,-0.148593701,           0003151P0003936
0.133865275;                                                     0003151P0003937
124,-3.7E-16,1.,-1.E-17,19.637796136,5.E-17,1.E-17,1.,26.93125,  0003153P0003938
1.,3.7E-16,-5.E-17,26.642329747;                                 0003153P0003939
126,16,6,0,0,1,0,0.,0.,0.,0.,0.,0.,0.,0.356918438,0.356918438,   0003155P0003940
0.356918438,0.356918438,0.356918438,0.717729341,0.717729341,     0003155P0003941
0.717729341,0.717729341,0.717729341,1.,1.,1.,1.,1.,1.,1.,1.,1.,  0003155P0003942
1.,1.,1.,1.,1.,1.,1.,1.,1.,1.,1.,1.,1.,1.,1.,19.771661411,       0003155P0003943
26.93125,26.493736046,19.789130844,26.928316724,26.43793086,     0003155P0003944
19.806069886,26.925353975,26.381072199,19.822411575,             0003155P0003945
26.922371315,26.323228421,19.838075282,26.919380429,             0003155P0003946
26.264520733,19.852974502,26.916394957,26.205155526,19.88122802, 0003155P0003947
26.910433371,26.085106844,19.894569022,26.907456642,             0003155P0003948
26.024394284,19.906959079,26.904516473,25.963657582,             0003155P0003949
19.918357515,26.901622201,25.903177249,19.928757069,             0003155P0003950
26.898778239,25.843185428,19.945540636,26.893801968,             0003155P0003951
25.737452352,19.952307588,26.891649022,25.69144138,19.958485376, 0003155P0003952
26.889527101,25.64589375,19.964091144,26.88743504,25.600856646,  0003155P0003953
19.969145893,26.885371112,25.556362682,19.973671969,             0003155P0003954
26.883333333,25.512432574,0.,1.,-3.214905717E-02,-0.998599629,   0003155P0003955
4.201451458E-02;                                                 0003155P0003956
144,3159,1,0,3165;                                               0003157P0003957
122,3161,19.872118898,26.883333333,25.884731657;                 0003159P0003958
100,0.,0.,0.,0.2,0.,0.2,0.;                                      0003161P0003959
124,-3.9E-16,-1.,1.E-17,19.910823208,4.E-17,-1.E-17,-1.,         0003163P0003960
26.835416667,1.,-3.9E-16,4.E-17,24.699641185;                    0003163P0003961
142,0,3159,0,3167,2;                                             0003165P0003962
102,4,3169,3173,3175,3179;                                       0003167P0003963
100,0.,0.,0.,-0.189086553,-6.51634509E-02,0.179735704,           0003169P0003964
-8.772158652E-02;                                                0003169P0003965
124,-3.9E-16,-1.,1.E-17,19.910823208,4.E-17,-1.E-17,-1.,         0003171P0003966
26.835416667,1.,-3.9E-16,4.E-17,24.699641185;                    0003171P0003967
126,16,6,0,0,1,0,0.,0.,0.,0.,0.,0.,0.,0.356327322,0.356327322,   0003173P0003968
0.356327322,0.356327322,0.356327322,0.718021179,0.718021179,     0003173P0003969
0.718021179,0.718021179,0.718021179,1.,1.,1.,1.,1.,1.,1.,1.,1.,  0003173P0003970
1.,1.,1.,1.,1.,1.,1.,1.,1.,1.,1.,1.,1.,1.,1.,19.998544795,       0003173P0003971
26.835416667,24.879376889,19.999953161,26.838345085,             0003173P0003972
24.937738699,20.000563954,26.841302877,24.996964056,             0003173P0003973
20.000331874,26.844280528,25.056969249,19.999213042,             0003173P0003974
26.847266419,25.117616378,19.997181264,26.850246983,             0003173P0003975
25.178684582,19.99126311,26.856211335,25.301919039,19.987348381, 0003173P0003976
26.85919557,25.364110408,19.982508201,26.862143101,25.426062823, 0003173P0003977
19.976781019,26.865044513,25.487493307,19.970224278,             0003173P0003978
26.867895362,25.548174999,19.957196233,26.872875836,             0003173P0003979
25.654529488,19.951023281,26.875026426,25.700573092,             0003173P0003980
19.944412701,26.877146059,25.746010038,19.937393886,             0003173P0003981
26.879235897,25.790799858,19.92999592,26.881297663,25.834917081, 0003173P0003982
19.922245912,26.883333333,25.878347985,0.,1.,1.932295056E-02,    0003173P0003983
-0.998599627,4.924842791E-02;                                    0003173P0003984
100,0.,0.,0.,0.193616328,5.012701373E-02,-0.172299082,           0003175P0003985
0.101553071;                                                     0003175P0003986
124,-3.9E-16,1.,-1.E-17,19.872118898,4.E-17,1.E-17,1.,           0003177P0003987
26.883333333,1.,3.9E-16,-4.E-17,25.684731657;                    0003177P0003988
126,16,6,0,0,1,0,0.,0.,0.,0.,0.,0.,0.,0.356918438,0.356918438,   0003179P0003989
0.356918438,0.356918438,0.356918438,0.717729341,0.717729341,     0003179P0003990
0.717729341,0.717729341,0.717729341,1.,1.,1.,1.,1.,1.,1.,1.,1.,  0003179P0003991
1.,1.,1.,1.,1.,1.,1.,1.,1.,1.,1.,1.,1.,1.,1.,19.973671969,       0003179P0003992
26.883333333,25.512432574,19.979664933,26.880400057,             0003179P0003993
25.454264849,19.984928125,26.877437308,25.39517054,19.989409556, 0003179P0003994
26.874454649,25.335229985,19.993054378,26.871463763,25.27457803, 0003179P0003995
19.995818973,26.868478291,25.21343417,19.999571435,26.862516705, 0003179P0003996
25.090162656,20.000540476,26.859539976,25.028009151,             0003179P0003997
20.000572848,26.856599806,24.966021576,19.999684618,             0003179P0003998
26.853705534,24.904482921,19.997914952,26.850861572,             0003179P0003999
24.843622115,19.993281799,26.845885301,24.736665557,19.99073979, 0003179P0004000
26.843732355,24.690229156,19.98771282,26.841610434,24.644364255, 0003179P0004001
19.984227096,26.839518374,24.599113674,19.9803097,26.837454445,  0003179P0004002
24.554505184,19.975986659,26.835416667,24.510554632,0.,1.,       0003179P0004003
-2.312730836E-02,-0.998599629,4.75805519E-02;                    0003179P0004004
144,3183,1,0,3189;                                               0003181P0004005
122,3185,19.910823208,26.835416667,24.899641185;                 0003183P0004006
100,0.,0.,0.,0.2,0.,0.2,0.;                                      0003185P0004007
124,-3.9E-16,-1.,1.E-17,19.752355065,4.E-17,-1.E-17,-1.,26.7875, 0003187P0004008
1.,-3.9E-16,4.E-17,23.726610298;                                 0003187P0004009
142,0,3183,0,3191,2;                                             0003189P0004010
102,4,3193,3197,3199,3203;                                       0003191P0004011
100,0.,0.,0.,-0.198282088,-2.61574798E-02,0.158638585,           0003193P0004012
-0.121794086;                                                    0003193P0004013
124,-3.3E-16,-1.,1.E-17,19.752355065,2.E-17,-1.E-17,-1.,26.7875, 0003195P0004014
1.,-3.3E-16,2.E-17,23.726610298;                                 0003195P0004015
126,16,6,0,0,1,0,0.,0.,0.,0.,0.,0.,0.,0.356327322,0.356327322,   0003197P0004016
0.356327322,0.356327322,0.356327322,0.718021179,0.718021179,     0003197P0004017
0.718021179,0.718021179,0.718021179,1.,1.,1.,1.,1.,1.,1.,1.,1.,  0003197P0004018
1.,1.,1.,1.,1.,1.,1.,1.,1.,1.,1.,1.,1.,1.,1.,19.874149151,       0003197P0004019
26.7875,23.885248883,19.887164718,26.790428419,23.94215828,      0003197P0004020
19.899570886,26.79338621,24.000072897,19.911306577,26.796363861, 0003197P0004021
24.058919738,19.922301298,26.799349752,24.118572417,19.93248535, 0003197P0004022
26.802330316,24.17881973,19.951255004,26.808294668,24.300760109, 0003197P0004023
19.959817829,26.811278903,24.362483439,19.967426142,             0003197P0004024
26.814226434,24.424157118,19.974061204,26.817127846,             0003197P0004025
24.485496183,19.979734075,26.819978695,24.546266876,             0003197P0004026
19.988171247,26.824959169,24.653083641,19.991301836,             0003197P0004027
26.827109759,24.699433595,19.993882636,26.829229392,             0003197P0004028
24.745276319,19.995934379,26.83131923,24.790566297,19.99748049,  0003197P0004029
26.833380996,24.835272771,19.998544795,26.835416667,             0003197P0004030
24.879376889,0.,1.,2.875359396E-02,-0.998599627,4.440737446E-02; 0003197P0004031
100,0.,0.,0.,0.179735704,8.772158652E-02,-0.189086553,           0003199P0004032
6.51634509E-02;                                                  0003199P0004033
124,-3.9E-16,1.,-1.E-17,19.910823208,4.E-17,1.E-17,1.,           0003201P0004034
26.835416667,1.,3.9E-16,-4.E-17,24.699641185;                    0003201P0004035
126,16,6,0,0,1,0,0.,0.,0.,0.,0.,0.,0.,0.356918438,0.356918438,   0003203P0004036
0.356918438,0.356918438,0.356918438,0.717729341,0.717729341,     0003203P0004037
0.717729341,0.717729341,0.717729341,1.,1.,1.,1.,1.,1.,1.,1.,1.,  0003203P0004038
1.,1.,1.,1.,1.,1.,1.,1.,1.,1.,1.,1.,1.,1.,1.,19.975986659,       0003203P0004039
26.835416667,24.510554632,19.970262533,26.83248339,24.452359836, 0003203P0004040
19.963638555,26.829520641,24.393402552,19.956079795,             0003203P0004041
26.826537982,24.333771867,19.947559392,26.823547096,             0003203P0004042
24.273610857,19.938078361,26.820561624,24.213143307,             0003203P0004043
19.917179105,26.814600038,24.091598384,19.905737275,             0003203P0004044
26.811623309,24.030499433,19.893410662,26.80868314,23.969749823, 0003203P0004045
19.880271429,26.805788867,23.909623659,19.866403598,             0003203P0004046
26.802944906,23.850337467,19.840539748,26.797968634,             0003203P0004047
23.746451795,19.828790841,26.795815688,23.701454414,             0003203P0004048
19.816680648,26.793693767,23.657113745,19.804243386,             0003203P0004049
26.791601707,23.613466524,19.791511131,26.789537779,             0003203P0004050
23.570534567,19.778512545,26.7875,23.528328211,0.,1.,            0003203P0004051
-1.317698446E-02,-0.998599629,5.123620196E-02;                   0003203P0004052
144,3207,1,0,3213;                                               0003205P0004053
122,3209,19.752355065,26.7875,23.926610298;                      0003207P0004054
100,0.,0.,0.,0.2,0.,0.2,0.;                                      0003209P0004055
124,-3.3E-16,-1.,1.E-17,19.403077059,2.E-17,-1.E-17,-1.,         0003211P0004056
26.739583333,1.,-3.3E-16,2.E-17,22.804706759;                    0003211P0004057
142,0,3207,0,3215,2;                                             0003213P0004058
102,4,3217,3221,3223,3227;                                       0003215P0004059
100,0.,0.,0.,-0.199516479,1.389872957E-02,0.131172033,           0003217P0004060
-0.150976481;                                                    0003217P0004061
124,-3.1E-16,-1.,1.E-17,19.403077059,4.E-17,-1.E-17,-1.,         0003219P0004062
26.739583333,1.,-3.1E-16,4.E-17,22.804706759;                    0003219P0004063
126,16,6,0,0,1,0,0.,0.,0.,0.,0.,0.,0.,0.356327322,0.356327322,   0003221P0004064
0.356327322,0.356327322,0.356327322,0.718021179,0.718021179,     0003221P0004065
0.718021179,0.718021179,0.718021179,1.,1.,1.,1.,1.,1.,1.,1.,1.,  0003221P0004066
1.,1.,1.,1.,1.,1.,1.,1.,1.,1.,1.,1.,1.,1.,1.,19.55405354,        0003221P0004067
26.739583333,22.935878793,19.578153724,26.742511752,22.98905083, 0003221P0004068
19.601857152,26.745469543,23.043329402,19.625089418,             0003221P0004069
26.748447194,23.098655155,19.647756249,26.751433085,             0003221P0004070
23.154918294,19.669747236,26.754413649,23.21192575,19.712451084, 0003221P0004071
26.760378002,23.327676074,19.733147661,26.763362236,             0003221P0004072
23.386453137,19.752898989,26.766309767,23.445371845,             0003221P0004073
19.771629893,26.76921118,23.504156692,19.789304606,26.772062029, 0003221P0004074
23.562576406,19.818868238,26.777042503,23.665566692,             0003221P0004075
19.831176674,26.779193093,23.710362018,19.842845233,             0003221P0004076
26.781312726,23.754769906,19.853885156,26.783402563,             0003221P0004077
23.798741623,19.864313265,26.78546433,23.842242356,19.874149151, 0003221P0004078
26.7875,23.885248883,0.,1.,3.702976358E-02,-0.998599627,         0003221P0004079
3.778333867E-02;                                                 0003221P0004080
100,0.,0.,0.,0.158638585,0.121794086,-0.198282088,               0003223P0004081
2.61574798E-02;                                                  0003223P0004082
124,-3.3E-16,1.,-1.E-17,19.752355065,2.E-17,1.E-17,1.,26.7875,   0003225P0004083
1.,3.3E-16,-2.E-17,23.726610298;                                 0003225P0004084
126,16,6,0,0,1,0,0.,0.,0.,0.,0.,0.,0.,0.356918438,0.356918438,   0003227P0004085
0.356918438,0.356918438,0.356918438,0.717729341,0.717729341,     0003227P0004086
0.717729341,0.717729341,0.717729341,1.,1.,1.,1.,1.,1.,1.,1.,1.,  0003227P0004087
1.,1.,1.,1.,1.,1.,1.,1.,1.,1.,1.,1.,1.,1.,1.,19.778512545,       0003227P0004088
26.7875,23.528328211,19.761301157,26.784566724,23.472442899,     0003227P0004089
19.743055964,26.781603975,23.415989809,19.723760502,             0003227P0004090
26.778621315,23.359063202,19.703416973,26.775630429,             0003227P0004091
23.301808638,19.682070986,26.772644957,23.244445205,             0003227P0004092
19.637359128,26.766683371,23.129506973,19.613965825,             0003227P0004093
26.763706642,23.071915736,19.589775148,26.760766473,             0003227P0004094
23.014843224,19.56491246,26.757872201,22.958543652,19.539503263, 0003227P0004095
26.755028239,22.903212448,19.493447166,26.750051968,             0003227P0004096
22.806568735,19.472963087,26.747899022,22.764817044,             0003227P0004097
19.452255903,26.745777101,22.723780912,19.431366466,26.74368504, 0003227P0004098
22.683489513,19.410330559,26.741621112,22.643957831,19.38917833, 0003227P0004099
26.739583333,22.605190281,0.,1.,-2.69759685E-03,-0.998599629,    0003227P0004100
5.283468825E-02;                                                 0003227P0004101
144,3231,1,0,3237;                                               0003229P0004102
122,3233,19.403077059,26.739583333,23.004706759;                 0003231P0004103
100,0.,0.,0.,0.2,0.,0.2,0.;                                      0003233P0004104
124,-3.1E-16,-1.,1.E-17,18.877012908,4.E-17,-1.E-17,-1.,         0003235P0004105
26.691666667,1.,-3.1E-16,4.E-17,21.970945541;                    0003235P0004106
142,0,3231,0,3239,2;                                             0003237P0004107
102,4,3241,3245,3247,3251;                                       0003239P0004108
100,0.,0.,0.,-0.192740166,5.339689673E-02,9.84388469E-02,        0003241P0004109
-0.17409708;                                                     0003241P0004110
124,-1.9E-16,-1.,1.E-17,18.877012908,4.E-17,-1.E-17,-1.,         0003243P0004111
26.691666667,1.,-1.9E-16,4.E-17,21.970945541;                    0003243P0004112
126,16,6,0,0,1,0,0.,0.,0.,0.,0.,0.,0.,0.356327322,0.356327322,   0003245P0004113
0.356327322,0.356327322,0.356327322,0.718021179,0.718021179,     0003245P0004114
0.718021179,0.718021179,0.718021179,1.,1.,1.,1.,1.,1.,1.,1.,1.,  0003245P0004115
1.,1.,1.,1.,1.,1.,1.,1.,1.,1.,1.,1.,1.,1.,1.,19.051109988,       0003245P0004116
26.691666667,22.069384388,19.085327153,26.694595085,             0003245P0004117
22.116684177,19.119376135,26.697552877,22.165147387,             0003245P0004118
19.153172188,26.700530528,22.21473069,19.18660104,26.703516419,  0003245P0004119
22.265345291,19.219516011,26.706496983,22.316824008,19.28443947, 0003245P0004120
26.712461335,22.421736832,19.316438818,26.71544557,22.475207694, 0003245P0004121
19.347540134,26.718393101,22.52900581,19.377614823,26.721294513, 0003245P0004122
22.582876192,19.406581729,26.724145362,22.636599343,             0003245P0004123
19.456084822,26.729125836,22.731628028,19.477076915,             0003245P0004124
26.731276426,22.773070167,19.497364733,26.733396059,             0003245P0004125
22.814260217,19.516949577,26.735485897,22.855148182,19.53584099, 0003245P0004126
26.737547663,22.895696594,19.55405354,26.739583333,22.935878793, 0003245P0004127
0.,1.,4.381916632E-02,-0.998599627,2.96422795E-02;               0003245P0004128
100,0.,0.,0.,0.131172033,0.150976481,-0.199516479,               0003247P0004129
-1.389872957E-02;                                                0003247P0004130
124,-3.1E-16,1.,-1.E-17,19.403077059,4.E-17,1.E-17,1.,           0003249P0004131
26.739583333,1.,3.1E-16,-4.E-17,22.804706759;                    0003249P0004132
126,16,6,0,0,1,0,0.,0.,0.,0.,0.,0.,0.,0.356918438,0.356918438,   0003251P0004133
0.356918438,0.356918438,0.356918438,0.717729341,0.717729341,     0003251P0004134
0.717729341,0.717729341,0.717729341,1.,1.,1.,1.,1.,1.,1.,1.,1.,  0003251P0004135
1.,1.,1.,1.,1.,1.,1.,1.,1.,1.,1.,1.,1.,1.,1.,19.38917833,        0003251P0004136
26.739583333,22.605190281,19.361170726,26.736650057,             0003251P0004137
22.553858283,19.332036875,26.733687308,22.502176011,             0003251P0004138
19.301779435,26.730704649,22.450239119,19.270429583,             0003251P0004139
26.727713763,22.398189804,19.238075694,26.724728291,             0003251P0004140
22.346233665,19.171346442,26.718766705,22.242516963,             0003251P0004141
19.136940921,26.715789976,22.190745761,19.10185745,26.712849806, 0003251P0004142
22.139641842,19.066269559,26.709955534,22.089429323,             0003251P0004143
19.030339191,26.707111572,22.040274689,18.965940026,             0003251P0004144
26.702135301,21.954753236,18.937543223,26.699982355,             0003251P0004145
21.917923591,18.909070452,26.697860434,21.88183962,18.880567564, 0003251P0004146
26.695768374,21.846521767,18.852072609,26.693704445,             0003251P0004147
21.811977579,18.823616011,26.691666667,21.778205376,0.,1.,       0003251P0004148
7.890100858E-03,-0.998599629,5.231183059E-02;                    0003251P0004149
144,3255,1,0,3261;                                               0003253P0004150
122,3257,18.877012908,26.691666667,22.170945541;                 0003255P0004151
100,0.,0.,0.,0.2,0.,0.2,0.;                                      0003257P0004152
124,-1.9E-16,-1.,1.E-17,18.195284398,4.E-17,-1.E-17,-1.,         0003259P0004153
26.64375,1.,-1.9E-16,4.E-17,21.258802649;                        0003259P0004154
142,0,3255,0,3263,2;                                             0003261P0004155
102,4,3265,3269,3271,3275;                                       0003263P0004156
100,0.,0.,0.,-0.178225221,9.075114694E-02,6.175328265E-02,       0003265P0004157
-0.19022758;                                                     0003265P0004158
124,-1.4E-16,-1.,1.E-17,18.195284398,3.E-17,-1.E-17,-1.,         0003267P0004159
26.64375,1.,-1.4E-16,3.E-17,21.258802649;                        0003267P0004160
126,16,6,0,0,1,0,0.,0.,0.,0.,0.,0.,0.,0.356327322,0.356327322,   0003269P0004161
0.356327322,0.356327322,0.356327322,0.718021179,0.718021179,     0003269P0004162
0.718021179,0.718021179,0.718021179,1.,1.,1.,1.,1.,1.,1.,1.,1.,  0003269P0004163
1.,1.,1.,1.,1.,1.,1.,1.,1.,1.,1.,1.,1.,1.,1.,18.385511977,       0003269P0004164
26.64375,21.320555932,18.428472284,26.646678419,21.360084358,    0003269P0004165
18.471499732,26.64963621,21.400786379,18.51450264,26.652613861,  0003269P0004166
21.442636434,18.557351327,26.655599752,21.48557029,18.599868725, 0003269P0004167
26.658580316,21.529453368,18.68440508,26.664544668,21.619316379, 0003269P0004168
18.726422407,26.667528903,21.665334154,18.767624974,             0003269P0004169
26.670476434,21.711851652,18.807835931,26.673377846,             0003269P0004170
21.758644642,18.846931992,26.676228695,21.805514212,             0003269P0004171
18.914386968,26.681209169,21.888765838,18.943219872,             0003269P0004172
26.683359759,21.925190864,18.971312382,26.685479392,             0003269P0004173
21.961509272,18.998655803,26.68756923,21.997671809,19.025252019, 0003269P0004174
26.689630996,22.033639858,19.051109988,26.691666667,             0003269P0004175
22.069384388,0.,1.,4.884920366E-02,-0.998599627,2.031106531E-02; 0003269P0004176
100,0.,0.,0.,9.84388469E-02,0.17409708,-0.192740166,             0003271P0004177
-5.339689673E-02;                                                0003271P0004178
124,-1.9E-16,1.,-1.E-17,18.877012908,4.E-17,1.E-17,1.,           0003273P0004179
26.691666667,1.,1.9E-16,-4.E-17,21.970945541;                    0003273P0004180
126,16,6,0,0,1,0,0.,0.,0.,0.,0.,0.,0.,0.356918438,0.356918438,   0003275P0004181
0.356918438,0.356918438,0.356918438,0.717729341,0.717729341,     0003275P0004182
0.717729341,0.717729341,0.717729341,1.,1.,1.,1.,1.,1.,1.,1.,1.,  0003275P0004183
1.,1.,1.,1.,1.,1.,1.,1.,1.,1.,1.,1.,1.,1.,1.,18.823616011,       0003275P0004184
26.691666667,21.778205376,18.785936714,26.68873339,21.733487701, 0003275P0004185
18.747083946,26.685770641,21.688651322,18.707079382,             0003275P0004186
26.682787982,21.643789442,18.665981924,26.679797096,             0003275P0004187
21.599035187,18.62391916,26.676811624,21.55457241,18.537851733,  0003275P0004188
26.670850038,21.466241525,18.493815395,26.667873309,             0003275P0004189
21.422369004,18.449247753,26.66493314,21.379285529,18.404363532, 0003275P0004190
26.662038867,21.337176127,18.35935462,26.659194906,21.296171649, 0003275P0004191
18.279198052,26.654218634,21.225206193,18.244028672,             0003275P0004192
26.652065688,21.194777326,18.208933514,26.649943767,             0003275P0004193
21.165094309,18.173961583,26.647851707,21.136168034,             0003275P0004194
18.139151669,26.645787779,21.107998312,18.104533251,26.64375,    0003275P0004195
21.080577428,0.,1.,1.816100636E-02,-0.998599629,4.968862203E-02; 0003275P0004196
144,3279,1,0,3285;                                               0003277P0004197
122,3281,18.195284398,26.64375,21.458802649;                     0003279P0004198
100,0.,0.,0.,0.2,0.,0.2,0.;                                      0003281P0004199
124,-1.4E-16,-1.,1.E-17,17.385263332,3.E-17,-1.E-17,-1.,         0003283P0004200
26.595833333,1.,-1.4E-16,3.E-17,20.696871041;                    0003283P0004201
142,0,3279,0,3287,2;                                             0003285P0004202
102,4,3289,3293,3295,3299;                                       0003287P0004203
100,0.,0.,0.,-0.156554428,0.124461685,2.258828763E-02,           0003289P0004204
-0.198720329;                                                    0003289P0004205
124,-2.1E-16,-1.,1.E-17,17.385263332,3.E-17,-1.E-17,-1.,         0003291P0004206
26.595833333,1.,-2.1E-16,3.E-17,20.696871041;                    0003291P0004207
126,16,6,0,0,1,0,0.,0.,0.,0.,0.,0.,0.,0.356327322,0.356327322,   0003293P0004208
0.356327322,0.356327322,0.356327322,0.718021179,0.718021179,     0003293P0004209
0.718021179,0.718021179,0.718021179,1.,1.,1.,1.,1.,1.,1.,1.,1.,  0003293P0004210
1.,1.,1.,1.,1.,1.,1.,1.,1.,1.,1.,1.,1.,1.,1.,17.583983661,       0003293P0004211
26.595833333,20.719459329,17.633962227,26.598761752,             0003293P0004212
20.749629302,17.684240565,26.601719543,20.780935925,             0003293P0004213
17.734723735,26.604697194,20.813372426,17.785271857,             0003293P0004214
26.607683085,20.846901719,17.835684584,26.610663649,             0003293P0004215
20.881427224,17.936439649,26.616628002,20.952632371,             0003293P0004216
17.986787935,26.619612236,20.989349418,18.036437445,             0003293P0004217
26.622559767,21.026718593,18.085170178,26.62546118,21.064555424, 0003293P0004218
18.132825663,26.628312029,21.102689573,18.215524166,             0003293P0004219
26.633292503,21.170821539,18.251040223,26.635443093,             0003293P0004220
21.200766965,18.285809492,26.637562726,21.230755524,             0003293P0004221
18.319813637,26.639652563,21.260740686,18.353046801,26.64171433, 0003293P0004222
21.290684234,18.385511977,26.64375,21.320555932,0.,1.,           0003293P0004223
5.19179166E-02,-0.998599627,1.016434984E-02;                     0003293P0004224
100,0.,0.,0.,6.175328265E-02,0.19022758,-0.178225221,            0003295P0004225
-9.075114694E-02;                                                0003295P0004226
124,-1.4E-16,1.,-1.E-17,18.195284398,3.E-17,1.E-17,1.,26.64375,  0003297P0004227
1.,1.4E-16,-3.E-17,21.258802649;                                 0003297P0004228
126,16,6,0,0,1,0,0.,0.,0.,0.,0.,0.,0.,0.356918438,0.356918438,   0003299P0004229
0.356918438,0.356918438,0.356918438,0.717729341,0.717729341,     0003299P0004230
0.717729341,0.717729341,0.717729341,1.,1.,1.,1.,1.,1.,1.,1.,1.,  0003299P0004231
1.,1.,1.,1.,1.,1.,1.,1.,1.,1.,1.,1.,1.,1.,1.,18.104533251,       0003299P0004232
26.64375,21.080577428,18.058695106,26.640816724,21.044269518,    0003299P0004233
18.011683383,26.637853975,21.008079238,17.963537902,             0003299P0004234
26.634871315,20.972093601,17.914342924,26.631880429,             0003299P0004235
20.936431317,17.864260131,26.628894957,20.90124711,17.762310187, 0003299P0004236
26.622933371,20.831848578,17.710411117,26.619956642,             0003299P0004237
20.797636244,17.65814872,26.617016473,20.764303042,17.605770299, 0003299P0004238
26.614122201,20.731987473,17.553489976,26.611278239,             0003299P0004239
20.700779506,17.460794338,26.606301968,20.647219351,             0003299P0004240
17.420264454,26.604149022,20.624413,17.379956,26.602027101,      0003299P0004241
20.602322727,17.339919168,26.59993504,20.580949437,17.300191934, 0003299P0004242
26.597871112,20.560285211,17.260801647,26.595833333,             0003299P0004243
20.540316613,0.,1.,2.770273672E-02,-0.998599629,4.507038594E-02; 0003299P0004244
144,3303,1,0,3309;                                               0003301P0004245
122,3305,17.385263332,26.595833333,20.896871041;                 0003303P0004246
100,0.,0.,0.,0.2,0.,0.2,0.;                                      0003305P0004247
124,-2.1E-16,-1.,1.E-17,16.479472534,3.E-17,-1.E-17,-1.,         0003307P0004248
26.547916667,1.,-2.1E-16,3.E-17,20.307712602;                    0003307P0004249
142,0,3303,0,3311,2;                                             0003309P0004250
102,4,3313,3317,3319,3323;                                       0003311P0004251
100,0.,0.,0.,-0.128597883,0.153175013,-1.748364049E-02,          0003313P0004252
-0.19923434;                                                     0003313P0004253
124,-1.7E-16,-1.,-0.,16.479472534,5.E-17,-8.5E-33,-1.,           0003315P0004254
26.547916667,1.,-1.7E-16,5.E-17,20.307712602;                    0003315P0004255
126,16,6,0,0,1,0,0.,0.,0.,0.,0.,0.,0.,0.356327322,0.356327322,   0003317P0004256
0.356327322,0.356327322,0.356327322,0.718021179,0.718021179,     0003317P0004257
0.718021179,0.718021179,0.718021179,1.,1.,1.,1.,1.,1.,1.,1.,1.,  0003317P0004258
1.,1.,1.,1.,1.,1.,1.,1.,1.,1.,1.,1.,1.,1.,1.,16.678706874,       0003317P0004259
26.547916667,20.290228962,16.733697031,26.550845085,             0003317P0004260
20.309829141,16.789207553,26.553802877,20.330483386,             0003317P0004261
16.845144057,26.556780528,20.352203989,16.901362076,             0003317P0004262
26.559766419,20.374982497,16.957646031,26.562746983,             0003317P0004263
20.398764211,17.070574432,26.568711335,20.448452564,             0003317P0004264
17.127232163,26.57169557,20.474394672,17.18333516,26.574643101,  0003317P0004265
20.501115129,17.238633019,26.577544513,20.528476631,             0003317P0004266
17.292934532,26.580395362,20.556344249,17.387556168,             0003317P0004267
26.585375836,20.606621017,17.428329387,26.587526426,             0003317P0004268
20.628884516,17.468379411,26.589646059,20.651339169,             0003317P0004269
17.507678992,26.591735897,20.673943034,17.546214774,             0003317P0004270
26.593797663,20.696659828,17.583983661,26.595833333,             0003317P0004271
20.719459329,0.,1.,-5.290209452E-02,0.998599627,3.904702794E-04; 0003317P0004272
100,0.,0.,0.,2.258828763E-02,0.198720329,-0.156554428,           0003319P0004273
-0.124461685;                                                    0003319P0004274
124,-2.1E-16,1.,-1.E-17,17.385263332,3.E-17,1.E-17,1.,           0003321P0004275
26.595833333,1.,2.1E-16,-3.E-17,20.696871041;                    0003321P0004276
126,16,6,0,0,1,0,0.,0.,0.,0.,0.,0.,0.,0.356918438,0.356918438,   0003323P0004277
0.356918438,0.356918438,0.356918438,0.717729341,0.717729341,     0003323P0004278
0.717729341,0.717729341,0.717729341,1.,1.,1.,1.,1.,1.,1.,1.,1.,  0003323P0004279
1.,1.,1.,1.,1.,1.,1.,1.,1.,1.,1.,1.,1.,1.,1.,17.260801647,       0003323P0004280
26.595833333,20.540316613,17.208645083,26.592900057,20.51387625, 0003323P0004281
17.155361952,26.589937308,20.487785132,17.101008624,             0003323P0004282
26.586954649,20.462120582,17.045691334,26.583963763,20.43698213, 0003323P0004283
16.989599365,26.580978291,20.412489159,16.875860255,             0003323P0004284
26.575016705,20.364809373,16.818182232,26.572039976,             0003323P0004285
20.341630872,16.760323446,26.569099806,20.31938629,16.702553849, 0003323P0004286
26.566205534,20.298162043,16.645101201,26.563361572,             0003323P0004287
20.278003605,16.543588278,26.558385301,20.243999224,             0003323P0004288
16.499325188,26.556232355,20.229731076,16.455421846,             0003323P0004289
26.554110434,20.216120485,16.411927617,26.552018374,             0003323P0004290
20.203158331,16.368878135,26.549954445,20.190829282,             0003323P0004291
16.326297521,26.547916667,20.17911472,0.,1.,3.613218586E-02,     0003323P0004292
-0.998599629,3.864254722E-02;                                    0003323P0004293
144,3327,1,0,3333;                                               0003325P0004294
122,3329,16.479472534,26.547916667,20.507712602;                 0003327P0004295
100,0.,0.,0.,0.2,0.,0.2,0.;                                      0003329P0004296
124,-1.7E-16,-1.,0.,15.514280039,5.E-17,-8.5E-33,-1.,26.5,1.,    0003331P0004297
-1.7E-16,5.E-17,20.106952275;                                    0003331P0004298
142,0,3327,0,3335,2;                                             0003333P0004299
102,4,3337,3341,3343,3347;                                       0003335P0004300
100,0.,0.,0.,-9.54780563E-02,0.175738273,-5.685359011E-02,       0003337P0004301
-0.191748975;                                                    0003337P0004302
124,-1.5E-16,-1.,-0.,15.514280039,3.E-17,-4.5E-33,-1.,26.5,1.,   0003339P0004303
-1.5E-16,3.E-17,20.106952275;                                    0003339P0004304
126,16,6,0,0,1,0,0.,0.,0.,0.,0.,0.,0.,0.356327322,0.356327322,   0003341P0004305
0.356327322,0.356327322,0.356327322,0.718021179,0.718021179,     0003341P0004306
0.718021179,0.718021179,0.718021179,1.,1.,1.,1.,1.,1.,1.,1.,1.,  0003341P0004307
1.,1.,1.,1.,1.,1.,1.,1.,1.,1.,1.,1.,1.,1.,1.,15.706029014,26.5,  0003341P0004308
20.050098685,15.763822874,26.502928419,20.05834211,15.8223368,   0003341P0004309
26.50588621,20.067514697,15.881480755,26.508863861,20.077647308, 0003341P0004310
15.941111484,26.511849752,20.08876046,16.001006834,26.514830316, 0003341P0004311
20.100843533,16.121574428,26.520794668,20.127020076,             0003341P0004312
16.182266762,26.523778903,20.141145653,16.242570678,             0003341P0004313
26.526726434,20.156144551,16.302213422,26.529627846,             0003341P0004314
20.171932142,16.360980726,26.532478695,20.18841433,16.463726379, 0003341P0004315
26.537459169,20.218817256,16.508119692,26.539609759,             0003341P0004316
20.232504937,16.551842438,26.541729392,20.246524115,             0003341P0004317
16.594859554,26.54381923,20.260839125,16.637150719,26.545880996, 0003341P0004318
20.275417073,16.678706874,26.547916667,20.290228962,0.,1.,       0003341P0004319
-5.176222209E-02,0.998599627,1.092961278E-02;                    0003341P0004320
100,0.,0.,0.,-1.748364049E-02,0.19923434,-0.128597883,           0003343P0004321
-0.153175013;                                                    0003343P0004322
124,-1.7E-16,1.,0.,16.479472534,5.E-17,8.5E-33,1.,26.547916667,  0003345P0004323
1.,1.7E-16,-5.E-17,20.307712602;                                 0003345P0004324
126,16,6,0,0,1,0,0.,0.,0.,0.,0.,0.,0.,0.356918438,0.356918438,   0003347P0004325
0.356918438,0.356918438,0.356918438,0.717729341,0.717729341,     0003347P0004326
0.717729341,0.717729341,0.717729341,1.,1.,1.,1.,1.,1.,1.,1.,1.,  0003347P0004327
1.,1.,1.,1.,1.,1.,1.,1.,1.,1.,1.,1.,1.,1.,1.,16.326297521,       0003347P0004328
26.547916667,20.17911472,16.269916655,26.54498339,20.163603502,  0003347P0004329
16.212501467,26.542020641,20.148659117,16.154122609,             0003347P0004330
26.539037982,20.134346102,16.094904029,26.536047096,             0003347P0004331
20.120740805,16.03505501,26.533061624,20.107922478,15.914093425, 0003347P0004332
26.527100038,20.08387581,15.852952255,26.524123309,20.072661772, 0003347P0004333
15.791820146,26.52118314,20.062398943,15.730978856,26.518288867, 0003347P0004334
20.053118184,15.670660641,26.515444906,20.044818649,             0003347P0004335
15.564406236,26.510468634,20.031735338,15.51818713,26.508315688, 0003347P0004336
20.026578268,15.472451645,26.506193767,20.021993833,             0003347P0004337
15.427246338,26.504101707,20.017963252,15.38260307,26.502037779, 0003347P0004338
20.014464399,15.338541766,26.5,20.011474218,0.,1.,               0003347P0004339
4.311090637E-02,-0.998599629,3.066318742E-02;                    0003347P0004340
144,3351,1,0,3357;                                               0003349P0004341
122,3353,15.514280039,26.5,20.306952275;                         0003351P0004342
100,0.,0.,0.,0.2,0.,0.2,0.;                                      0003353P0004343
124,-1.5E-16,-1.,0.,14.528438898,3.E-17,-4.5E-33,-1.,            0003355P0004344
26.452083333,1.,-1.5E-16,3.E-17,20.102650704;                    0003355P0004345
142,0,3351,0,3359,2;                                             0003357P0004346
102,4,3361,3365,3367,3371;                                       0003359P0004347
100,0.,0.,0.,-5.852472954E-02,0.191245539,-9.394083451E-02,      0003361P0004348
-0.176564775;                                                    0003361P0004349
124,-1.7E-16,-1.,-0.,14.528438898,4.E-17,-6.8E-33,-1.,           0003363P0004350
26.452083333,1.,-1.7E-16,4.E-17,20.102650704;                    0003363P0004351
126,16,6,0,0,1,0,0.,0.,0.,0.,0.,0.,0.,0.356327322,0.356327322,   0003365P0004352
0.356327322,0.356327322,0.356327322,0.718021179,0.718021179,     0003365P0004353
0.718021179,0.718021179,0.718021179,1.,1.,1.,1.,1.,1.,1.,1.,1.,  0003365P0004354
1.,1.,1.,1.,1.,1.,1.,1.,1.,1.,1.,1.,1.,1.,1.,14.705003672,       0003365P0004355
26.452083333,20.00870987,14.763280778,26.455011752,20.005265563, 0003365P0004356
14.82244874,26.457969543,20.002588207,14.88242548,26.460947194,  0003365P0004357
20.000725995,14.94307471,26.463933085,19.999727591,15.004176621, 0003365P0004358
26.466913649,19.999626882,15.127542548,26.472878002,20.00124061, 0003365P0004359
15.189832653,26.475862236,20.002982507,15.251916249,             0003365P0004360
26.478809767,20.00565763,15.313509187,26.48171118,20.00923743,   0003365P0004361
15.37438274,26.484562029,20.013672417,15.481127112,26.489542503, 0003365P0004362
20.022980807,15.527358101,26.491693093,20.0275431,15.572998074,  0003365P0004363
26.493812726,20.032563927,15.618005563,26.495902563,             0003365P0004364
20.038015324,15.662354096,26.49796433,20.043869114,15.706029014, 0003365P0004365
26.5,20.050098685,0.,1.,-4.854406587E-02,0.998599627,            0003365P0004366
2.102992488E-02;                                                 0003365P0004367
100,0.,0.,0.,-5.685359011E-02,0.191748975,-9.54780563E-02,       0003367P0004368
-0.175738273;                                                    0003367P0004369
124,-1.5E-16,1.,0.,15.514280039,3.E-17,4.5E-33,1.,26.5,1.,       0003369P0004370
1.5E-16,-3.E-17,20.106952275;                                    0003369P0004371
126,16,6,0,0,1,0,0.,0.,0.,0.,0.,0.,0.,0.356918438,0.356918438,   0003371P0004372
0.356918438,0.356918438,0.356918438,0.717729341,0.717729341,     0003371P0004373
0.717729341,0.717729341,0.717729341,1.,1.,1.,1.,1.,1.,1.,1.,1.,  0003371P0004374
1.,1.,1.,1.,1.,1.,1.,1.,1.,1.,1.,1.,1.,1.,1.,15.338541766,26.5,  0003371P0004375
20.011474218,15.280200323,26.497066724,20.00751493,15.220958331, 0003371P0004376
26.494103975,20.004317306,15.16089789,26.491121315,20.0019305,   0003371P0004377
15.10015568,26.488130429,20.00040462,15.038952584,26.485144957,  0003371P0004378
19.9997756,14.915625204,26.479183371,20.000327537,14.853475742,  0003371P0004379
26.476206642,20.001528213,14.791524799,26.473266473,             0003371P0004380
20.003659196,14.73005463,26.470372201,20.006694553,14.66929266,  0003371P0004381
26.467528239,20.010587152,14.562562951,26.462551968,             0003371P0004382
20.018950213,14.516243553,26.460399022,20.023111281,             0003371P0004383
14.470512232,26.458277101,20.027737068,14.425410866,26.45618504, 0003371P0004384
20.032799892,14.380966266,26.454121112,20.038271715,             0003371P0004385
14.337193359,26.452083333,20.044125974,0.,1.,4.835869853E-02,    0003371P0004386
-0.998599629,2.145268252E-02;                                    0003371P0004387
144,3375,1,0,3381;                                               0003373P0004388
122,3377,14.528438898,26.452083333,20.302650704;                 0003375P0004389
100,0.,0.,0.,0.2,0.,0.2,0.;                                      0003377P0004390
124,-1.7E-16,-1.,0.,13.561531213,4.E-17,-6.8E-33,-1.,            0003379P0004391
26.404166667,1.,-1.7E-16,4.E-17,20.294980601;                    0003379P0004392
142,0,3375,0,3383,2;                                             0003381P0004393
102,4,3385,3389,3391,3395;                                       0003383P0004394
100,0.,0.,0.,-1.922160031E-02,0.199074182,-0.127256299,          0003385P0004395
-0.154291394;                                                    0003385P0004396
124,-1.5E-16,-1.,1.E-17,13.561531213,3.E-17,-1.E-17,-1.,         0003387P0004397
26.404166667,1.,-1.5E-16,3.E-17,20.294980601;                    0003387P0004398
126,16,6,0,0,1,0,0.,0.,0.,0.,0.,0.,0.,0.356327322,0.356327322,   0003389P0004399
0.356327322,0.356327322,0.356327322,0.718021179,0.718021179,     0003389P0004400
0.718021179,0.718021179,0.718021179,1.,1.,1.,1.,1.,1.,1.,1.,1.,  0003389P0004401
1.,1.,1.,1.,1.,1.,1.,1.,1.,1.,1.,1.,1.,1.,1.,13.715822607,       0003389P0004402
26.404166667,20.167724302,13.772243099,26.407095085,             0003389P0004403
20.152730555,13.829689467,26.410052877,20.138310753,             0003389P0004404
13.888090891,26.413030528,20.124528486,13.947323521,             0003389P0004405
26.416016419,20.111458614,14.007178714,26.418996983,             0003389P0004406
20.099178165,14.128389759,26.424961335,20.076164287,             0003389P0004407
14.189776651,26.42794557,20.065452565,14.251147233,26.430893101, 0003389P0004408
20.055696506,14.312217373,26.433794513,20.046924784,             0003389P0004409
14.372753065,26.436645362,20.039134503,14.479210307,             0003389P0004410
26.441625836,20.026974619,14.52542277,26.443776426,20.022228346, 0003389P0004411
14.571147499,26.445896059,20.018049231,14.616338283,             0003389P0004412
26.447985897,20.01441814,14.660963564,26.450047663,20.011312738, 0003389P0004413
14.705003672,26.452083333,20.00870987,0.,1.,-4.337683672E-02,    0003389P0004414
0.998599627,3.028587307E-02;                                     0003389P0004415
100,0.,0.,0.,-9.394083451E-02,0.176564775,-5.852472954E-02,      0003391P0004416
-0.191245539;                                                    0003391P0004417
124,-1.7E-16,1.,0.,14.528438898,4.E-17,6.8E-33,1.,26.452083333,  0003393P0004418
1.,1.7E-16,-4.E-17,20.102650704;                                 0003393P0004419
126,16,6,0,0,1,0,0.,0.,0.,0.,0.,0.,0.,0.356918438,0.356918438,   0003395P0004420
0.356918438,0.356918438,0.356918438,0.717729341,0.717729341,     0003395P0004421
0.717729341,0.717729341,0.717729341,1.,1.,1.,1.,1.,1.,1.,1.,1.,  0003395P0004422
1.,1.,1.,1.,1.,1.,1.,1.,1.,1.,1.,1.,1.,1.,1.,14.337193359,       0003395P0004423
26.452083333,20.044125974,14.279233783,26.449150057,             0003395P0004424
20.051877582,14.220543587,26.446187308,20.060555106,             0003395P0004425
14.161213025,26.443204649,20.070190342,14.101386021,             0003395P0004426
26.440213763,20.080805143,14.041286189,26.437228291,             0003395P0004427
20.092390686,13.920544682,26.431266705,20.117519067,             0003395P0004428
13.859882265,26.428289976,20.131086249,13.799599854,             0003395P0004429
26.425349806,20.145525484,13.739968871,26.422455534,             0003395P0004430
20.160755086,13.681202774,26.419611572,20.176683528,             0003395P0004431
13.578283022,26.414635301,20.20615718,13.533723082,26.412482355, 0003395P0004432
20.219469315,13.489832065,26.410360434,20.233119598,             0003395P0004433
13.446645487,26.408268374,20.24707255,13.404184031,26.406204445, 0003395P0004434
20.261295353,13.36245703,26.404166667,20.275759,0.,1.,           0003395P0004435
5.166486038E-02,-0.998599629,1.138083974E-02;                    0003395P0004436
144,3399,1,0,3405;                                               0003397P0004437
122,3401,13.561531213,26.404166667,20.494980601;                 0003399P0004438
100,0.,0.,0.,0.2,0.,0.2,0.;                                      0003401P0004439
124,-1.5E-16,-1.,1.E-17,12.6523789,3.E-17,-1.E-17,-1.,26.35625,  0003403P0004440
1.,-1.5E-16,3.E-17,20.676219806;                                 0003403P0004441
142,0,3399,0,3407,2;                                             0003405P0004442
102,4,3409,3413,3415,3419;                                       0003407P0004443
100,0.,0.,0.,2.085328753E-02,0.19890988,-0.155462348,            0003409P0004444
-0.125823124;                                                    0003409P0004445
124,-1.7E-16,-1.,2.E-17,12.6523789,5.E-17,-2.E-17,-1.,26.35625,  0003411P0004446
1.,-1.7E-16,5.E-17,20.676219806;                                 0003411P0004447
126,16,6,0,0,1,0,0.,0.,0.,0.,0.,0.,0.,0.356327322,0.356327322,   0003413P0004448
0.356327322,0.356327322,0.356327322,0.718021179,0.718021179,     0003413P0004449
0.718021179,0.718021179,0.718021179,1.,1.,1.,1.,1.,1.,1.,1.,1.,  0003413P0004450
1.,1.,1.,1.,1.,1.,1.,1.,1.,1.,1.,1.,1.,1.,1.,12.778202023,       0003413P0004451
26.35625,20.520757458,12.830500585,26.359178419,20.494816278,    0003413P0004452
12.883918854,26.36213621,20.469232994,12.938400109,26.365113861, 0003413P0004453
20.444084039,12.993837914,26.368099752,20.419467462,             0003413P0004454
13.050043168,26.371080316,20.39550034,13.164232637,26.377044668, 0003413P0004455
20.348782877,13.222251594,26.380028903,20.326047618,             0003413P0004456
13.280445099,26.382976434,20.304252089,13.338540437,             0003413P0004457
26.385877846,20.283481034,13.396307725,26.388728695,             0003413P0004458
20.263778269,13.498203516,26.393709169,20.230638338,             0003413P0004459
13.542541996,26.395859759,20.216774064,13.586515605,             0003413P0004460
26.397979392,20.203562801,13.630075248,26.40006923,20.190995012, 0003413P0004461
13.673185546,26.402130996,20.179055102,13.715822607,             0003413P0004462
26.404166667,20.167724302,0.,1.,-3.646800197E-02,0.998599627,    0003413P0004463
3.832582556E-02;                                                 0003413P0004464
100,0.,0.,0.,-0.127256299,0.154291394,-1.922160031E-02,          0003415P0004465
-0.199074182;                                                    0003415P0004466
124,-1.5E-16,1.,-1.E-17,13.561531213,3.E-17,1.E-17,1.,           0003417P0004467
26.404166667,1.,1.5E-16,-3.E-17,20.294980601;                    0003417P0004468
126,16,6,0,0,1,0,0.,0.,0.,0.,0.,0.,0.,0.356918438,0.356918438,   0003419P0004469
0.356918438,0.356918438,0.356918438,0.717729341,0.717729341,     0003419P0004470
0.717729341,0.717729341,0.717729341,1.,1.,1.,1.,1.,1.,1.,1.,1.,  0003419P0004471
1.,1.,1.,1.,1.,1.,1.,1.,1.,1.,1.,1.,1.,1.,1.,13.36245703,        0003419P0004472
26.404166667,20.275759,13.307206432,26.40123339,20.294910273,    0003419P0004473
13.251424479,26.398270641,20.315114536,13.195205953,             0003419P0004474
26.395287982,20.336384953,13.138696245,26.392297096,             0003419P0004475
20.358714246,13.08211272,26.389311624,20.382049184,12.968804928, 0003419P0004476
26.383350038,20.430745091,12.912065188,26.380373309,             0003419P0004477
20.456134049,12.855871685,26.37743314,20.482301791,12.800474105, 0003419P0004478
26.374538867,20.50911416,12.746063376,26.371694906,20.53643891,  0003419P0004479
12.651085869,26.366718634,20.585839768,12.610074497,             0003419P0004480
26.364565688,20.607768481,12.569786033,26.362443767,             0003419P0004481
20.629895192,12.530248209,26.360351707,20.652178053,             0003419P0004482
12.491474751,26.358287779,20.674580782,12.453469019,26.35625,    0003419P0004483
20.697073093,0.,1.,5.289664756E-02,-0.998599629,8.520495247E-04; 0003419P0004484
144,3423,1,0,3429;                                               0003421P0004485
122,3425,12.6523789,26.35625,20.876219806;                       0003423P0004486
100,0.,0.,0.,0.2,0.,0.2,0.;                                      0003425P0004487
124,-1.7E-16,-1.,2.E-17,11.83748496,5.E-17,-2.E-17,-1.,          0003427P0004488
26.308333333,1.,-1.7E-16,5.E-17,21.23106134;                     0003427P0004489
142,0,3423,0,3431,2;                                             0003429P0004490
102,4,3433,3437,3439,3443;                                       0003431P0004491
100,0.,0.,0.,6.009090355E-02,0.190759229,-0.177426491,           0003433P0004492
-9.230298013E-02;                                                0003433P0004493
124,-1.7E-16,-1.,2.E-17,11.83748496,3.E-17,-2.E-17,-1.,          0003435P0004494
26.308333333,1.,-1.7E-16,3.E-17,21.23106134;                     0003435P0004495
126,16,6,0,0,1,0,0.,0.,0.,0.,0.,0.,0.,0.356327322,0.356327322,   0003437P0004496
0.356327322,0.356327322,0.356327322,0.718021179,0.718021179,     0003437P0004497
0.718021179,0.718021179,0.718021179,1.,1.,1.,1.,1.,1.,1.,1.,1.,  0003437P0004498
1.,1.,1.,1.,1.,1.,1.,1.,1.,1.,1.,1.,1.,1.,1.,11.92978794,        0003437P0004499
26.308333333,21.053634848,11.975864753,26.311261752,             0003437P0004500
21.017787789,12.023110149,26.314219543,20.982068207,             0003437P0004501
12.071483782,26.317197194,20.94656231,12.120900899,26.320183085, 0003437P0004502
20.911387397,12.171199541,26.323163649,20.876695896,             0003437P0004503
12.273782659,26.329128002,20.808150582,12.326104187,             0003437P0004504
26.332112236,20.77430462,12.37878411,26.335059767,20.741344724,  0003437P0004505
12.431572085,26.33796118,20.709408306,12.484251578,26.340812029, 0003437P0004506
20.678584135,12.577494741,26.345792503,20.625794745,             0003437P0004507
12.618179021,26.347943093,20.60336913,12.658635945,26.350062726, 0003437P0004508
20.581656159,12.698815501,26.352152563,20.560656276,             0003437P0004509
12.738679912,26.35421433,20.540361252,12.778202023,26.35625,     0003437P0004510
20.520757458,0.,1.,-2.809495537E-02,0.998599627,4.482697351E-02; 0003437P0004511
100,0.,0.,0.,-0.155462348,0.125823124,2.085328753E-02,           0003439P0004512
-0.19890988;                                                     0003439P0004513
124,-1.7E-16,1.,-2.E-17,12.6523789,5.E-17,2.E-17,1.,26.35625,1., 0003441P0004514
1.7E-16,-5.E-17,20.676219806;                                    0003441P0004515
126,16,6,0,0,1,0,0.,0.,0.,0.,0.,0.,0.,0.356918438,0.356918438,   0003443P0004516
0.356918438,0.356918438,0.356918438,0.717729341,0.717729341,     0003443P0004517
0.717729341,0.717729341,0.717729341,1.,1.,1.,1.,1.,1.,1.,1.,1.,  0003443P0004518
1.,1.,1.,1.,1.,1.,1.,1.,1.,1.,1.,1.,1.,1.,1.,12.453469019,       0003443P0004519
26.35625,20.697073093,12.403145743,26.353316724,20.726855097,    0003443P0004520
12.352511711,26.350353975,20.757774885,12.301662427,             0003443P0004521
26.347371315,20.789826464,12.250738914,26.344380429,             0003443P0004522
20.822973713,12.199943559,26.341394957,20.857121136,             0003443P0004523
12.098618856,26.335433371,20.927429399,12.048079927,             0003443P0004524
26.332456642,20.963620751,11.998231534,26.329516473,21.00046635, 0003443P0004525
11.949291603,26.326622201,21.037784955,11.901420864,             0003443P0004526
26.323778239,21.075408906,11.818199007,26.318801968,             0003443P0004527
21.142753497,11.782382832,26.316649022,21.172418337,             0003443P0004528
11.747314527,26.314527101,21.202133076,11.713012925,26.31243504, 0003443P0004529
21.231851176,11.679484241,26.310371112,21.261534347,             0003443P0004530
11.646725732,26.308333333,21.291152243,0.,1.,-5.200460309E-02,   0003443P0004531
0.998599629,9.710950987E-03;                                     0003443P0004532
144,3447,1,0,3453;                                               0003445P0004533
122,3449,11.83748496,26.308333333,21.43106134;                   0003447P0004534
100,0.,0.,0.,0.2,0.,0.2,0.;                                      0003449P0004535
124,-1.7E-16,-1.,2.E-17,11.149567868,3.E-17,-2.E-17,-1.,         0003451P0004536
26.260416667,1.,-1.7E-16,3.E-17,21.937227988;                    0003451P0004537
142,0,3447,0,3455,2;                                             0003453P0004538
102,4,3457,3461,3463,3467;                                       0003455P0004539
100,0.,0.,0.,9.69158343E-02,0.174949481,-0.192266857,            0003457P0004540
-5.507681743E-02;                                                0003457P0004541
124,-2.1E-16,-1.,1.E-17,11.149567868,-1.E-17,-1.E-17,-1.,        0003459P0004542
26.260416667,1.,-2.1E-16,-1.E-17,21.937227988;                   0003459P0004543
126,16,6,0,0,1,0,0.,0.,0.,0.,0.,0.,0.,0.356327322,0.356327322,   0003461P0004544
0.356327322,0.356327322,0.356327322,0.718021179,0.718021179,     0003461P0004545
0.718021179,0.718021179,0.718021179,1.,1.,1.,1.,1.,1.,1.,1.,1.,  0003461P0004546
1.,1.,1.,1.,1.,1.,1.,1.,1.,1.,1.,1.,1.,1.,1.,11.204644686,       0003461P0004547
26.260416667,21.744961131,11.242649739,26.263345085,             0003461P0004548
21.700647473,11.28182533,26.266302877,21.656225755,11.32214911,  0003461P0004549
26.269280528,21.611788498,11.363561415,26.272266419,             0003461P0004550
21.567467543,11.405933924,26.275246983,21.523444548,             0003461P0004551
11.492791917,26.281211335,21.435823517,11.537315276,26.28419557, 0003461P0004552
21.392225788,11.582366488,26.287143101,21.349424884,11.62772763, 0003461P0004553
26.290044513,21.30760537,11.673204216,26.292895362,21.266897401, 0003461P0004554
11.754050983,26.297875836,21.196578077,11.789447566,             0003461P0004555
26.300026426,21.166491522,11.824763435,26.302146059,             0003461P0004556
21.137148632,11.859949671,26.304235897,21.108559813,             0003461P0004557
11.894967615,26.306297663,21.080724532,11.92978794,26.308333333, 0003461P0004558
21.053634848,0.,1.,-1.859387972E-02,0.998599627,4.9528292E-02;   0003461P0004559
100,0.,0.,0.,-0.177426491,9.230298013E-02,6.009090355E-02,       0003463P0004560
-0.190759229;                                                    0003463P0004561
124,-1.7E-16,1.,-2.E-17,11.83748496,3.E-17,2.E-17,1.,            0003465P0004562
26.308333333,1.,1.7E-16,-3.E-17,21.23106134;                     0003465P0004563
126,16,6,0,0,1,0,0.,0.,0.,0.,0.,0.,0.,0.356918438,0.356918438,   0003467P0004564
0.356918438,0.356918438,0.356918438,0.717729341,0.717729341,     0003467P0004565
0.717729341,0.717729341,0.717729341,1.,1.,1.,1.,1.,1.,1.,1.,1.,  0003467P0004566
1.,1.,1.,1.,1.,1.,1.,1.,1.,1.,1.,1.,1.,1.,1.,11.646725732,       0003467P0004567
26.308333333,21.291152243,11.603350286,26.305400057,             0003467P0004568
21.330369212,11.559897162,26.302437308,21.370763079,11.51645875, 0003467P0004569
26.299454649,21.41230893,11.473166039,26.296463763,21.454943254, 0003467P0004570
11.430198317,26.293478291,21.498532122,11.344924951,             0003467P0004571
26.287516705,21.587629823,11.302616001,26.284539976,             0003467P0004572
21.633170464,11.26111416,26.281599806,21.679214549,11.220596846, 0003467P0004573
26.278705534,21.725541023,11.181188136,26.275861572,             0003467P0004574
21.771953553,11.113063334,26.270885301,21.854537951,             0003467P0004575
11.083880397,26.268732355,21.890747858,11.055440265,             0003467P0004576
26.266610434,21.92685756,11.027752114,26.264518374,21.9628177,   0003467P0004577
11.000814401,26.262454445,21.998589518,10.974618387,             0003467P0004578
26.260416667,22.034143822,0.,1.,-4.902454308E-02,0.998599629,    0003467P0004579
1.988405107E-02;                                                 0003467P0004580
144,3471,1,0,3477;                                               0003469P0004581
122,3473,11.149567868,26.260416667,22.137227988;                 0003471P0004582
100,0.,0.,0.,0.2,0.,0.2,0.;                                      0003473P0004583
124,-2.1E-16,-1.,1.E-17,10.616247901,-1.E-17,-1.E-17,-1.,        0003475P0004584
26.2125,1.,-2.1E-16,-1.E-17,22.766366741;                        0003475P0004585
142,0,3471,0,3479,2;                                             0003477P0004586
102,4,3481,3485,3487,3491;                                       0003479P0004587
100,0.,0.,0.,0.129849537,0.152115409,-0.199387594,               0003481P0004588
-1.563928798E-02;                                                0003481P0004589
124,-2.1E-16,-1.,1.E-17,10.616247901,-1.E-17,-1.E-17,-1.,        0003483P0004590
26.2125,1.,-2.1E-16,-1.E-17,22.766366741;                        0003483P0004591
126,16,6,0,0,1,0,0.,0.,0.,0.,0.,0.,0.,0.356327322,0.356327322,   0003485P0004592
0.356327322,0.356327322,0.356327322,0.718021179,0.718021179,     0003485P0004593
0.718021179,0.718021179,0.718021179,1.,1.,1.,1.,1.,1.,1.,1.,1.,  0003485P0004594
1.,1.,1.,1.,1.,1.,1.,1.,1.,1.,1.,1.,1.,1.,1.,10.631887189,       0003485P0004595
26.2125,22.566979147,10.660294557,26.215428419,22.51597811,      0003485P0004596
10.68982742,26.21838621,22.464637815,10.720482325,26.221363861,  0003485P0004597
22.41305338,10.752227088,26.224349752,22.361365896,10.784972183, 0003485P0004598
26.227330316,22.309778956,10.852617652,26.233294668,             0003485P0004599
22.206600244,10.887555202,26.236278903,22.155001222,10.92316887, 0003485P0004600
26.239226434,22.104077792,10.959281904,26.242127846,22.05405426, 0003485P0004601
10.99572967,26.244978695,22.005096942,11.060933996,26.249959169, 0003485P0004602
21.920071046,11.089621687,26.252109759,21.883531544,             0003485P0004603
11.118378549,26.254229392,21.847736869,11.147158717,26.25631923, 0003485P0004604
21.812706972,11.175924203,26.258380996,21.778449038,             0003485P0004605
11.204644686,26.260416667,21.744961131,0.,1.,-8.346248837E-03,   0003485P0004606
0.998599627,5.22410203E-02;                                      0003485P0004607
100,0.,0.,0.,-0.192266857,5.507681743E-02,9.69158343E-02,        0003487P0004608
-0.174949481;                                                    0003487P0004609
124,-2.1E-16,1.,-1.E-17,11.149567868,-1.E-17,1.E-17,1.,          0003489P0004610
26.260416667,1.,2.1E-16,1.E-17,21.937227988;                     0003489P0004611
126,16,6,0,0,1,0,0.,0.,0.,0.,0.,0.,0.,0.356918438,0.356918438,   0003491P0004612
0.356918438,0.356918438,0.356918438,0.717729341,0.717729341,     0003491P0004613
0.717729341,0.717729341,0.717729341,1.,1.,1.,1.,1.,1.,1.,1.,1.,  0003491P0004614
1.,1.,1.,1.,1.,1.,1.,1.,1.,1.,1.,1.,1.,1.,1.,10.974618387,       0003491P0004615
26.260416667,22.034143822,10.939932322,26.25748339,22.081221171, 0003491P0004616
10.905404774,26.254520641,22.129467279,10.871121312,             0003491P0004617
26.251537982,22.178839311,10.837197632,26.248547096,             0003491P0004618
22.229248917,10.803782722,26.245561624,22.280529112,             0003491P0004619
10.737984468,26.239600038,22.384838925,10.705604227,             0003491P0004620
26.236623309,22.437900372,10.674115262,26.23368314,22.491294244, 0003491P0004621
10.643647358,26.230788867,22.544768555,10.61428296,26.227944906, 0003491P0004622
22.598106173,10.563990464,26.222968634,22.692614565,             0003491P0004623
10.542612478,26.220815688,22.73391569,10.521942406,26.218693767, 0003491P0004624
22.774970529,10.501979402,26.216601707,22.815728888,             0003491P0004625
10.482714225,26.214537779,22.856153092,10.464132492,26.2125,     0003491P0004626
22.896216278,0.,1.,-4.407611871E-02,0.998599629,2.925879476E-02; 0003491P0004627
144,3495,1,0,3501;                                               0003493P0004628
122,3497,10.616247901,26.2125,22.966366741;                      0003495P0004629
100,0.,0.,0.,0.2,0.,0.2,0.;                                      0003497P0004630
124,-2.1E-16,-1.,1.E-17,10.25893817,-1.E-17,-1.E-17,-1.,         0003499P0004631
26.164583333,1.,-2.1E-16,-1.E-17,23.68518719;                    0003499P0004632
142,0,3495,0,3503,2;                                             0003501P0004633
102,4,3505,3509,3511,3515;                                       0003503P0004634
100,0.,0.,0.,0.157569704,0.123173813,-0.198502802,               0003505P0004635
2.442616813E-02;                                                 0003505P0004636
124,-2.1E-16,-1.,1.E-17,10.25893817,-1.E-17,-1.E-17,-1.,         0003507P0004637
26.164583333,1.,-2.1E-16,-1.E-17,23.68518719;                    0003507P0004638
126,16,6,0,0,1,0,0.,0.,0.,0.,0.,0.,0.,0.356327322,0.356327322,   0003509P0004639
0.356327322,0.356327322,0.356327322,0.718021179,0.718021179,     0003509P0004640
0.718021179,0.718021179,0.718021179,1.,1.,1.,1.,1.,1.,1.,1.,1.,  0003509P0004641
1.,1.,1.,1.,1.,1.,1.,1.,1.,1.,1.,1.,1.,1.,1.,10.234512002,       0003509P0004642
26.164583333,23.486684388,10.252181112,26.167511752,             0003509P0004643
23.431043693,10.270885486,26.170469543,23.374846164,             0003509P0004644
10.290640702,26.173447194,23.318185696,10.311443353,             0003509P0004645
26.176433085,23.261206966,10.333246299,26.179413649,             0003509P0004646
23.204127327,10.378963239,26.185378002,23.089533621,             0003509P0004647
10.402912216,26.188362236,23.032005038,10.42765843,26.191309767, 0003509P0004648
22.975003687,10.453073396,26.19421118,22.918784611,10.479028943, 0003509P0004649
26.197062029,22.863543611,10.525972836,26.202042503,             0003509P0004650
22.767224982,10.546799808,26.204193093,22.725699616,             0003509P0004651
10.567843057,26.206312726,22.684890334,10.589061616,             0003509P0004652
26.208402563,22.644825829,10.610419693,26.21046433,22.605520718, 0003509P0004653
10.631887189,26.2125,22.566979147,0.,1.,2.236488889E-03,         0003509P0004654
0.998599627,5.285624078E-02;                                     0003509P0004655
100,0.,0.,0.,-0.199387594,1.563928798E-02,0.129849537,           0003511P0004656
-0.152115409;                                                    0003511P0004657
124,-2.1E-16,1.,-1.E-17,10.616247901,-1.E-17,1.E-17,1.,26.2125,  0003513P0004658
1.,2.1E-16,1.E-17,22.766366741;                                  0003513P0004659
126,16,6,0,0,1,0,0.,0.,0.,0.,0.,0.,0.,0.356918438,0.356918438,   0003515P0004660
0.356918438,0.356918438,0.356918438,0.717729341,0.717729341,     0003515P0004661
0.717729341,0.717729341,0.717729341,1.,1.,1.,1.,1.,1.,1.,1.,1.,  0003515P0004662
1.,1.,1.,1.,1.,1.,1.,1.,1.,1.,1.,1.,1.,1.,1.,10.464132492,       0003515P0004663
26.2125,22.896216278,10.439528474,26.209566724,22.949263825,     0003515P0004664
10.415312804,26.206603975,23.003425064,10.391560792,             0003515P0004665
26.203621315,23.058640961,10.368368199,26.200630429,             0003515P0004666
23.114801873,10.34584773,26.197644957,23.171714464,10.302166427, 0003515P0004667
26.191683371,23.287048289,10.28101498,26.188706642,23.345500094, 0003515P0004668
10.260803191,26.185766473,23.404099958,10.241608003,             0003515P0004669
26.182872201,23.462575079,10.223466914,26.180028239,             0003515P0004670
23.520696248,10.193025998,26.175051968,23.623334068,             0003515P0004671
10.180311301,26.172899022,23.668068145,10.168241206,             0003515P0004672
26.170777101,23.712419745,10.156804874,26.16868504,23.756339851, 0003515P0004673
10.145985741,26.166621112,23.799793386,10.135764357,             0003515P0004674
26.164583333,23.842756894,0.,1.,-3.735801213E-02,0.998599629,    0003515P0004675
3.745878056E-02;                                                 0003515P0004676
144,3519,1,0,3525;                                               0003517P0004677
122,3521,10.25893817,26.164583333,23.88518719;                   0003519P0004678
100,0.,0.,0.,0.2,0.,0.2,0.;                                      0003521P0004679
124,-2.1E-16,-1.,1.E-17,10.091984873,-1.E-17,-1.E-17,-1.,        0003523P0004680
26.116666667,1.,-2.1E-16,-1.E-17,24.656798149;                   0003523P0004681
142,0,3519,0,3527,2;                                             0003525P0004682
102,4,3529,3533,3535,3539;                                       0003527P0004683
100,0.,0.,0.,0.178963355,8.928671635E-02,-0.189648005,           0003529P0004684
6.351089915E-02;                                                 0003529P0004685
124,-2.4E-16,-1.,1.E-17,10.091984873,2.E-17,-1.E-17,-1.,         0003531P0004686
26.116666667,1.,-2.4E-16,2.E-17,24.656798149;                    0003531P0004687
126,16,6,0,0,1,0,0.,0.,0.,0.,0.,0.,0.,0.356327322,0.356327322,   0003533P0004688
0.356327322,0.356327322,0.356327322,0.718021179,0.718021179,     0003533P0004689
0.718021179,0.718021179,0.718021179,1.,1.,1.,1.,1.,1.,1.,1.,1.,  0003533P0004690
1.,1.,1.,1.,1.,1.,1.,1.,1.,1.,1.,1.,1.,1.,1.,10.028473974,       0003533P0004691
26.116666667,24.467150144,10.034695401,26.119595085,             0003533P0004692
24.409103799,10.041820293,26.122552877,24.350305399,             0003533P0004693
10.049882637,26.125530528,24.290843851,10.058907937,             0003533P0004694
26.128516419,24.230861604,10.068893332,26.131496983,             0003533P0004695
24.170581047,10.090846181,26.137461335,24.049173352,             0003533P0004696
10.102845021,26.14044557,23.988025014,10.115730205,26.143393101, 0003533P0004697
23.92723438,10.129426678,26.146294513,23.86707699,10.143847875,  0003533P0004698
26.149145362,23.807770265,10.170646509,26.154125836,             0003533P0004699
23.704026155,10.182776548,26.156276426,23.659182192,             0003533P0004700
10.195261285,26.158396059,23.614996819,10.208066298,             0003533P0004701
26.160485897,23.571506321,10.221159426,26.162547663,             0003533P0004702
23.528732155,10.234512002,26.164583333,23.486684388,0.,1.,       0003533P0004703
1.272943026E-02,0.998599627,5.134925196E-02;                     0003533P0004704
100,0.,0.,0.,-0.198502802,-2.442616813E-02,0.157569704,          0003535P0004705
-0.123173813;                                                    0003535P0004706
124,-2.1E-16,1.,-1.E-17,10.25893817,-1.E-17,1.E-17,1.,           0003537P0004707
26.164583333,1.,2.1E-16,1.E-17,23.68518719;                      0003537P0004708
126,16,6,0,0,1,0,0.,0.,0.,0.,0.,0.,0.,0.356918438,0.356918438,   0003539P0004709
0.356918438,0.356918438,0.356918438,0.717729341,0.717729341,     0003539P0004710
0.717729341,0.717729341,0.717729341,1.,1.,1.,1.,1.,1.,1.,1.,1.,  0003539P0004711
1.,1.,1.,1.,1.,1.,1.,1.,1.,1.,1.,1.,1.,1.,1.,10.135764357,       0003539P0004712
26.164583333,23.842756894,10.122230252,26.161650057,             0003539P0004713
23.899644748,10.109298732,26.158687308,23.957546512,             0003539P0004714
10.097031828,26.155704649,24.016389323,10.085501519,             0003539P0004715
26.152713763,24.076046647,10.074779701,26.149728291,             0003539P0004716
24.136306561,10.054969179,26.143766705,24.258033676,             0003539P0004717
10.045895769,26.140789976,24.319528964,10.037772672,             0003539P0004718
26.137849806,24.380982001,10.030620897,26.134955534,             0003539P0004719
24.442110122,10.024431493,26.132111572,24.502681243,             0003539P0004720
10.015064377,26.127135301,24.609327521,10.011523472,             0003539P0004721
26.124982355,24.655698451,10.008537975,26.122860434,             0003539P0004722
24.701566069,10.006087492,26.120768374,24.746884504,             0003539P0004723
10.004148798,26.118704445,24.791622685,10.002698156,             0003539P0004724
26.116666667,24.835761504,0.,1.,-2.913995931E-02,0.998599629,    0003539P0004725
4.415477418E-02;                                                 0003539P0004726
144,3543,1,0,3549;                                               0003541P0004727
122,3545,10.091984873,26.116666667,24.856798149;                 0003543P0004728
100,0.,0.,0.,0.2,0.,0.2,0.;                                      0003545P0004729
124,-2.4E-16,-1.,1.E-17,10.122091282,2.E-17,-1.E-17,-1.,         0003547P0004730
26.06875,1.,-2.4E-16,2.E-17,25.642188866;                        0003547P0004731
142,0,3543,0,3551,2;                                             0003549P0004732
102,4,3553,3557,3559,3563;                                       0003551P0004733
100,0.,0.,0.,0.193171521,5.181470481E-02,-0.173178728,           0003553P0004734
0.10004563;                                                      0003553P0004735
124,-2.2E-16,-1.,1.E-17,10.122091282,1.E-17,-1.E-17,-1.,         0003555P0004736
26.06875,1.,-2.2E-16,1.E-17,25.642188866;                        0003555P0004737
126,16,6,0,0,1,0,0.,0.,0.,0.,0.,0.,0.,0.356327322,0.356327322,   0003557P0004738
0.356327322,0.356327322,0.356327322,0.718021179,0.718021179,     0003557P0004739
0.718021179,0.718021179,0.718021179,1.,1.,1.,1.,1.,1.,1.,1.,1.,  0003557P0004740
1.,1.,1.,1.,1.,1.,1.,1.,1.,1.,1.,1.,1.,1.,1.,10.022045652,       0003557P0004741
26.06875,25.469010138,10.016569602,26.071678419,25.410888737,    0003557P0004742
10.011828945,26.07463621,25.351850257,10.007874709,26.077613861, 0003557P0004743
25.291975044,10.004760286,26.080599752,25.231397603,             0003557P0004744
10.002527212,26.083580316,25.170336429,9.999834549,26.089544668, 0003557P0004745
25.046989335,9.999401491,26.092528903,24.984676383,9.999908298,  0003557P0004746
26.095476434,24.922537247,10.001336355,26.098377846,             0003557P0004747
24.860856896,10.003644184,26.101228695,24.799865647,             0003557P0004748
10.009221578,26.106209169,24.692861442,10.012167654,             0003557P0004749
26.108359759,24.646499395,10.01559261,26.110479392,24.600712,    0003557P0004750
10.019469948,26.11256923,24.555541677,10.023772431,26.114630996, 0003557P0004751
24.511015866,10.028473974,26.116666667,24.467150144,0.,1.,       0003557P0004752
2.271127749E-02,0.998599627,4.778056034E-02;                     0003557P0004753
100,0.,0.,0.,-0.189648005,-6.351089915E-02,0.178963355,          0003559P0004754
-8.928671635E-02;                                                0003559P0004755
124,-2.4E-16,1.,-1.E-17,10.091984873,2.E-17,1.E-17,1.,           0003561P0004756
26.116666667,1.,2.4E-16,-2.E-17,24.656798149;                    0003561P0004757
126,16,6,0,0,1,0,0.,0.,0.,0.,0.,0.,0.,0.356918438,0.356918438,   0003563P0004758
0.356918438,0.356918438,0.356918438,0.717729341,0.717729341,     0003563P0004759
0.717729341,0.717729341,0.717729341,1.,1.,1.,1.,1.,1.,1.,1.,1.,  0003563P0004760
1.,1.,1.,1.,1.,1.,1.,1.,1.,1.,1.,1.,1.,1.,1.,10.002698156,       0003563P0004761
26.116666667,24.835761504,10.000777366,26.11373339,24.894205584, 0003563P0004762
9.999649206,26.110770641,24.953523083,9.999359934,26.107787982,  0003563P0004763
25.013630235,9.999954856,26.104797096,25.074388695,10.001462176, 0003563P0004764
26.101811624,25.13557646,10.00631784,26.095850038,25.258809449,  0003563P0004765
10.00968677,26.092873309,25.320879149,10.013978512,26.08993314,  0003563P0004766
25.382717983,10.019157298,26.087038867,25.444044773,             0003563P0004767
10.025168087,26.084194906,25.50463388,10.037250867,26.079218634, 0003563P0004768
25.611006704,10.043025923,26.077065688,25.657152667,             0003563P0004769
10.049244893,26.074943767,25.702694692,10.055878647,             0003563P0004770
26.072851707,25.747591894,10.062898231,26.070787779,             0003563P0004771
25.791818456,10.070276577,26.06875,25.835360386,0.,1.,           0003563P0004772
-1.975191988E-02,0.998599629,4.907792755E-02;                    0003563P0004773
144,3567,1,0,3573;                                               0003565P0004774
122,3569,10.122091282,26.06875,25.842188866;                     0003567P0004775
100,0.,0.,0.,0.2,0.,0.2,0.;                                      0003569P0004776
124,-2.2E-16,-1.,1.E-17,10.348048608,1.E-17,-1.E-17,-1.,         0003571P0004777
26.020833333,1.,-2.2E-16,1.E-17,26.60179532;                     0003571P0004778
142,0,3567,0,3575,2;                                             0003573P0004779
102,4,3577,3581,3583,3587;                                       0003575P0004780
100,0.,0.,0.,0.199623736,1.226230226E-02,-0.149756223,           0003577P0004781
0.13256347;                                                      0003577P0004782
124,-2.8E-16,-1.,1.E-17,10.348048608,-2.E-17,-1.E-17,-1.,        0003579P0004783
26.020833333,1.,-2.8E-16,-2.E-17,26.60179532;                    0003579P0004784
126,16,6,0,0,1,0,0.,0.,0.,0.,0.,0.,0.,0.356327322,0.356327322,   0003581P0004785
0.356327322,0.356327322,0.356327322,0.718021179,0.718021179,     0003581P0004786
0.718021179,0.718021179,0.718021179,1.,1.,1.,1.,1.,1.,1.,1.,1.,  0003581P0004787
1.,1.,1.,1.,1.,1.,1.,1.,1.,1.,1.,1.,1.,1.,1.,10.215485138,       0003581P0004788
26.020833333,26.452039096,10.198531478,26.023761752,             0003581P0004789
26.396176249,10.182115611,26.026719543,26.339268119,10.16630356, 0003581P0004790
26.029697194,26.281383266,10.151174461,26.032683085,             0003581P0004791
26.222642851,10.136812576,26.035663649,26.163252701,             0003581P0004792
10.109582514,26.041628002,26.042918667,10.096734945,             0003581P0004793
26.044612236,25.981943005,10.084843027,26.047559767,             0003581P0004794
25.920950289,10.073945331,26.05046118,25.860223481,10.06404713,  0003581P0004795
26.053312029,25.799996542,10.04817935,26.058292503,25.694028525, 0003581P0004796
10.041823177,26.060443093,25.648009856,10.036050837,             0003581P0004797
26.062562726,25.60245883,10.030844822,26.064652563,25.557422298, 0003581P0004798
10.026183912,26.06671433,25.512932579,10.022045652,26.06875,     0003581P0004799
25.469010138,0.,1.,3.17812535E-02,0.998599627,4.2293451E-02;     0003581P0004800
100,0.,0.,0.,-0.173178728,-0.10004563,0.193171521,               0003583P0004801
-5.181470481E-02;                                                0003583P0004802
124,-2.2E-16,1.,-1.E-17,10.122091282,1.E-17,1.E-17,1.,26.06875,  0003585P0004803
1.,2.2E-16,-1.E-17,25.642188866;                                 0003585P0004804
126,16,6,0,0,1,0,0.,0.,0.,0.,0.,0.,0.,0.356918438,0.356918438,   0003587P0004805
0.356918438,0.356918438,0.356918438,0.717729341,0.717729341,     0003587P0004806
0.717729341,0.717729341,0.717729341,1.,1.,1.,1.,1.,1.,1.,1.,1.,  0003587P0004807
1.,1.,1.,1.,1.,1.,1.,1.,1.,1.,1.,1.,1.,1.,1.,10.070276577,       0003587P0004808
26.06875,25.835360386,10.080046223,26.065816724,25.893014128,    0003587P0004809
10.090766718,26.062853975,25.95136573,10.102466692,26.059871315, 0003587P0004810
26.010323885,10.115162959,26.056880429,26.069743992,             0003587P0004811
10.128838898,26.053894957,26.129402883,10.15816579,26.047933371, 0003587P0004812
26.249193871,10.173841795,26.044956642,26.309345846,             0003587P0004813
10.190376059,26.042016473,26.369087612,10.207677475,             0003587P0004814
26.039122201,26.428150764,10.225647121,26.036278239,             0003587P0004815
26.486325168,10.258694666,26.031301968,26.588153608,             0003587P0004816
10.273553812,26.029149022,26.632221816,10.288727554,             0003587P0004817
26.027027101,26.675609708,10.304179195,26.02493504,26.718283027, 0003587P0004818
10.319875218,26.022871112,26.760222248,10.335786306,             0003587P0004819
26.020833333,26.801419056,0.,1.,-9.570829216E-03,0.998599629,    0003587P0004820
5.203057313E-02;                                                 0003587P0004821
144,3591,1,0,3597;                                               0003589P0004822
122,3593,10.348048608,26.020833333,26.80179532;                  0003591P0004823
100,0.,0.,0.,0.2,0.,0.2,0.;                                      0003593P0004824
124,-2.8E-16,-1.,1.E-17,10.760784531,-2.E-17,-1.E-17,-1.,        0003595P0004825
25.972916667,1.,-2.8E-16,-2.E-17,27.497088746;                   0003595P0004826
142,0,3591,0,3599,2;                                             0003597P0004827
102,5,3601,3603,3607,3609,3613;                                  0003599P0004828
110,10.670132856,25.983440893,27.500450063,10.760784531,         0003601P0004829
25.972916667,27.697088746;                                       0003601P0004830
100,0.,0.,0.,0.2,0.,-0.120320918,0.159758808;                    0003603P0004831
124,-2.2E-16,-1.,1.E-17,10.760784531,-3.E-17,-1.E-17,-1.,        0003605P0004832
25.972916667,1.,-2.2E-16,-3.E-17,27.497088746;                   0003605P0004833
126,16,6,0,0,1,0,0.,0.,0.,0.,0.,0.,0.,0.356327322,0.356327322,   0003607P0004834
0.356327322,0.356327322,0.356327322,0.718021179,0.718021179,     0003607P0004835
0.718021179,0.718021179,0.718021179,1.,1.,1.,1.,1.,1.,1.,1.,1.,  0003607P0004836
1.,1.,1.,1.,1.,1.,1.,1.,1.,1.,1.,1.,1.,1.,1.,10.601025723,       0003607P0004837
25.972916667,27.376767828,10.573275152,25.975845085,             0003607P0004838
27.325406459,10.545843182,25.978802877,27.272913575,             0003607P0004839
10.518808179,25.981780528,27.219343194,10.492271846,             0003607P0004840
25.984766419,27.164798267,10.466357788,25.987746983,             0003607P0004841
27.109463691,10.41568363,25.993711335,26.9969742,10.390937388,   0003607P0004842
25.99669557,26.939784035,10.367124212,25.999643101,26.882386633, 0003607P0004843
10.344338312,26.002544513,26.825051585,10.3226315,26.005395362,  0003607P0004844
26.768007103,10.285955645,26.010375836,26.667329952,             0003607P0004845
10.270552427,26.012526426,26.623502338,10.255814555,             0003607P0004846
26.014646059,26.580016582,10.241734212,26.016735897,             0003607P0004847
26.536922084,10.228297048,26.018797663,26.494254745,             0003607P0004848
10.215485138,26.020833333,26.452039096,0.,1.,3.957519341E-02,    0003607P0004849
0.998599627,3.510823462E-02;                                     0003607P0004850
100,0.,0.,0.,-0.149756223,-0.13256347,0.199623736,               0003609P0004851
-1.226230226E-02;                                                0003609P0004852
124,-2.8E-16,1.,-1.E-17,10.348048608,-2.E-17,1.E-17,1.,          0003611P0004853
26.020833333,1.,2.8E-16,2.E-17,26.60179532;                      0003611P0004854
126,13,7,0,0,1,0,0.,0.,0.,0.,0.,0.,0.,0.,0.466522667,            0003613P0004855
0.466522667,0.466522667,0.466522667,0.466522667,0.466522667,1.,  0003613P0004856
1.,1.,1.,1.,1.,1.,1.,1.,1.,1.,1.,1.,1.,1.,1.,1.,1.,1.,1.,1.,1.,  0003613P0004857
10.335786306,26.020833333,26.801419056,10.353815981,             0003613P0004858
26.018323059,26.848101285,10.372608133,26.015791804,             0003613P0004859
26.895135368,10.39216839,26.013245003,26.942467246,10.412492922, 0003613P0004860
26.010688994,26.990021601,10.433560993,26.008130977,             0003613P0004861
27.037696042,10.455327521,26.00557896,27.085355291,10.503316849, 0003613P0004862
26.00014034,27.187108295,10.52973838,25.997257429,27.241160201,  0003613P0004863
10.55686382,25.994406401,27.294717616,10.58457628,25.991595878,  0003613P0004864
27.347570621,10.612761549,25.988830349,27.399554238,10.64131237, 0003613P0004865
25.986111923,27.450543497,10.670132856,25.983440893,             0003613P0004866
27.500450063,0.,1.,-3.21597217E-03,0.998486101,5.491049771E-02;  0003613P0004867
144,3617,1,0,3623;                                               0003615P0004868
122,3619,10.760784531,25.972916667,27.697088746;                 0003617P0004869
100,0.,0.,0.,0.2,0.,0.2,0.;                                      0003619P0004870
124,-2.2E-16,-1.,1.E-17,11.343727459,-3.E-17,-1.E-17,-1.,25.925, 0003621P0004871
1.,-2.2E-16,-3.E-17,28.292122583;                                0003621P0004872
142,0,3617,0,3625,2;                                             0003623P0004873
102,4,3627,3629,3633,3635;                                       0003625P0004874
110,10.760784531,25.972916667,27.697088746,11.343727459,25.925,  0003627P0004875
28.492122583;                                                    0003627P0004876
100,0.,0.,0.,0.2,0.,-8.60546564E-02,0.180539736;                 0003629P0004877
124,-1.8E-16,-1.,1.E-17,11.343727459,-1.8E-33,-1.E-17,-1.,       0003631P0004878
25.925,1.,-1.8E-16,0.,28.292122583;                              0003631P0004879
126,16,6,0,0,1,0,0.,0.,0.,0.,0.,0.,0.,0.356327321,0.356327321,   0003633P0004880
0.356327321,0.356327321,0.356327321,0.718021179,0.718021179,     0003633P0004881
0.718021179,0.718021179,0.718021179,1.,1.,1.,1.,1.,1.,1.,1.,1.,  0003633P0004882
1.,1.,1.,1.,1.,1.,1.,1.,1.,1.,1.,1.,1.,1.,1.,11.163187723,       0003633P0004883
25.925,28.206067927,11.125754443,25.927928419,28.161270227,      0003633P0004884
11.08840778,25.93088621,28.115300208,11.051235297,25.933863861,  0003633P0004885
28.068195181,11.014357179,25.936849752,28.020035753,             0003633P0004886
10.977931414,25.939830316,27.970978468,10.905847757,             0003633P0004887
25.945794668,27.870850038,10.870196418,25.948778903,27.81974159, 0003633P0004888
10.835418097,25.951726434,27.768244042,10.801658861,             0003633P0004889
25.954627846,27.716602789,10.769014979,25.957478695,             0003633P0004890
27.665031135,10.713003607,25.962459169,27.573687096,             0003633P0004891
10.689171792,25.964609759,27.533810243,10.666060122,             0003633P0004892
25.966729392,27.494135735,10.643670785,25.96881923,27.454713541, 0003633P0004893
10.621996876,25.970880996,27.415581701,10.601025723,             0003633P0004894
25.972916667,27.376767828,0.,1.,4.578016593E-02,0.998599627,     0003633P0004895
2.651340187E-02;                                                 0003633P0004896
100,0.,0.,0.,-0.120320918,-0.159758808,0.2,0.;                   0003635P0004897
124,-2.2E-16,1.,-1.E-17,10.760784531,-3.E-17,1.E-17,1.,          0003637P0004898
25.972916667,1.,2.2E-16,3.E-17,27.497088746;                     0003637P0004899
144,3641,1,0,3647;                                               0003639P0004900
122,3643,11.343727459,25.925,28.492122583;                       0003641P0004901
100,0.,0.,0.,0.2,0.,0.2,0.;                                      0003643P0004902
124,-1.8E-16,-1.,1.E-17,12.073471889,-1.8E-33,-1.E-17,-1.,       0003645P0004903
25.877083333,1.,-1.8E-16,0.,28.954975754;                        0003645P0004904
142,0,3641,0,3649,2;                                             0003647P0004905
102,4,3651,3653,3657,3659;                                       0003649P0004906
110,11.343727459,25.925,28.492122583,12.073471889,25.877083333,  0003651P0004907
29.154975754;                                                    0003651P0004908
100,0.,0.,0.,0.2,0.,-4.833324959E-02,0.194071886;                0003653P0004909
124,-1.7E-16,-1.,1.E-17,12.073471889,-2.E-17,-1.E-17,-1.,        0003655P0004910
25.877083333,1.,-1.7E-16,-2.E-17,28.954975754;                   0003655P0004911
126,16,6,0,0,1,0,0.,0.,0.,0.,0.,0.,0.,0.356327322,0.356327322,   0003657P0004912
0.356327322,0.356327322,0.356327322,0.718021179,0.718021179,     0003657P0004913
0.718021179,0.718021179,0.718021179,1.,1.,1.,1.,1.,1.,1.,1.,1.,  0003657P0004914
1.,1.,1.,1.,1.,1.,1.,1.,1.,1.,1.,1.,1.,1.,1.,11.879400003,       0003657P0004915
25.877083333,28.906642505,11.833786982,25.880011752,             0003657P0004916
28.870207128,11.788025117,25.882969543,28.832605697,11.74220765, 0003657P0004917
25.885947194,28.793857318,11.696468426,25.888933085,28.75401702, 0003657P0004918
11.650993469,25.891913649,28.713206703,11.560394514,             0003657P0004919
25.897878002,28.629459552,11.515269501,25.900862236,             0003657P0004920
28.586484854,11.470922405,25.903809767,28.542954817,             0003657P0004921
11.427545286,25.90671118,28.499080786,11.385275005,25.909562029, 0003657P0004922
28.455052592,11.312177006,25.914542503,28.376709183,             0003657P0004923
11.280873456,25.916693093,28.342384169,11.250315934,             0003657P0004924
25.918812726,28.308113865,11.220516549,25.920902563,             0003657P0004925
28.273946799,11.191476116,25.92296433,28.239921625,11.163187723, 0003657P0004926
25.925,28.206067927,0.,1.,5.014703776E-02,0.998599627,           0003657P0004927
1.685404038E-02;                                                 0003657P0004928
100,0.,0.,0.,-8.60546564E-02,-0.180539736,0.2,0.;                0003659P0004929
124,-1.8E-16,1.,-1.E-17,11.343727459,-1.8E-33,1.E-17,1.,25.925,  0003661P0004930
1.,1.8E-16,0.,28.292122583;                                      0003661P0004931
144,3665,1,0,3671;                                               0003663P0004932
122,3667,12.073471889,25.877083333,29.154975754;                 0003665P0004933
100,0.,0.,0.,0.2,0.,0.2,0.;                                      0003667P0004934
124,-1.7E-16,-1.,1.E-17,12.920718152,-2.E-17,-1.E-17,-1.,        0003669P0004935
25.829166667,1.,-1.7E-16,-2.E-17,29.459034312;                   0003669P0004936
142,0,3665,0,3673,2;                                             0003671P0004937
102,4,3675,3677,3681,3683;                                       0003673P0004938
110,12.073471889,25.877083333,29.154975754,12.920718152,         0003675P0004939
25.829166667,29.659034312;                                       0003675P0004940
100,0.,0.,0.,0.2,0.,-8.671234265E-03,0.199811936;                0003677P0004941
124,-1.1E-16,-1.,0.,12.920718152,-1.E-17,1.1E-33,-1.,            0003679P0004942
25.829166667,1.,-1.1E-16,-1.E-17,29.459034312;                   0003679P0004943
126,16,6,0,0,1,0,0.,0.,0.,0.,0.,0.,0.,0.356327322,0.356327322,   0003681P0004944
0.356327322,0.356327322,0.356327322,0.718021179,0.718021179,     0003681P0004945
0.718021179,0.718021179,0.718021179,1.,1.,1.,1.,1.,1.,1.,1.,1.,  0003681P0004946
1.,1.,1.,1.,1.,1.,1.,1.,1.,1.,1.,1.,1.,1.,1.,12.720906216,       0003681P0004947
25.829166667,29.450363078,12.668944845,25.832095085,             0003681P0004948
29.423752926,12.616605143,25.835052877,29.396029804,             0003681P0004949
12.563982291,25.838030528,29.367193844,12.511218417,             0003681P0004950
25.841016419,29.337272286,12.458520115,25.843996983,             0003681P0004951
29.306347497,12.353043464,25.849961335,29.24234412,12.300256572, 0003681P0004952
25.85294557,29.209228633,12.248121264,25.855893101,29.175413863, 0003681P0004953
12.196867878,25.858794513,29.141068623,12.146668376,             0003681P0004954
25.861645362,29.106351646,12.059418677,25.866625836,             0003681P0004955
29.044154402,12.021900247,25.868776426,29.016759397,             0003681P0004956
11.985123778,25.870896059,28.989269269,11.949110806,             0003681P0004957
25.872985897,28.961729159,11.91386984,25.875047663,28.934176781, 0003681P0004958
11.879400003,25.877083333,28.906642505,0.,1.,5.250047637E-02,    0003681P0004959
0.998599627,6.517979206E-03;                                     0003681P0004960
100,0.,0.,0.,-4.833324959E-02,-0.194071886,0.2,0.;               0003683P0004961
124,-1.7E-16,1.,-1.E-17,12.073471889,-2.E-17,1.E-17,1.,          0003685P0004962
25.877083333,1.,1.7E-16,2.E-17,28.954975754;                     0003685P0004963
144,3689,1,0,3695;                                               0003687P0004964
122,3691,12.920718152,25.829166667,29.659034312;                 0003689P0004965
100,0.,0.,0.,0.2,0.,0.2,0.;                                      0003691P0004966
124,-1.1E-16,-1.,0.,13.85144881,-1.E-17,1.1E-33,-1.,25.78125,1., 0003693P0004967
-1.1E-16,-1.E-17,29.784060008;                                   0003693P0004968
142,0,3689,0,3697,2;                                             0003695P0004969
102,4,3699,3701,3705,3707;                                       0003697P0004970
110,12.920718152,25.829166667,29.659034312,13.85144881,25.78125, 0003699P0004971
29.984060008;                                                    0003699P0004972
100,0.,0.,0.,0.2,0.,3.133893624E-02,0.197529418;                 0003701P0004973
124,-4.E-17,-1.,0.,13.85144881,-1.E-17,4.E-34,-1.,25.78125,1.,   0003703P0004974
-4.E-17,-1.E-17,29.784060008;                                    0003703P0004975
126,16,6,0,0,1,0,0.,0.,0.,0.,0.,0.,0.,0.356327322,0.356327322,   0003705P0004976
0.356327322,0.356327322,0.356327322,0.718021179,0.718021179,     0003705P0004977
0.718021179,0.718021179,0.718021179,1.,1.,1.,1.,1.,1.,1.,1.,1.,  0003705P0004978
1.,1.,1.,1.,1.,1.,1.,1.,1.,1.,1.,1.,1.,1.,1.,13.653919392,       0003705P0004979
25.78125,29.815398945,13.597695949,25.784178419,29.79968243,     0003705P0004980
13.54087988,25.78713621,29.782950716,13.483564482,25.790113861,  0003705P0004981
29.765184956,13.425894459,25.793099752,29.746383507,13.36808868, 0003705P0004982
25.796080316,29.726585894,13.251969283,25.802044668,             0003705P0004983
29.684896066,13.193639937,25.805028903,29.662969396,             0003705P0004984
13.135809679,25.807976434,29.640227575,13.078737881,             0003705P0004985
25.810877846,29.616790109,13.022624696,25.813728695,             0003705P0004986
29.592778256,12.924726425,25.818709169,29.549224432,             0003705P0004987
12.882499504,25.820859759,29.529859361,12.840980682,             0003705P0004988
25.822979392,29.510253155,12.800200067,25.82506923,29.490445752, 0003705P0004989
12.760173513,25.827130996,29.470472415,12.720906216,             0003705P0004990
25.829166667,29.450363078,0.,1.,-5.274598985E-02,-0.998599627,   0003705P0004991
4.079782685E-03;                                                 0003705P0004992
100,0.,0.,0.,-8.671234265E-03,-0.199811936,0.2,0.;               0003707P0004993
124,-1.1E-16,1.,0.,12.920718152,-1.E-17,-1.1E-33,1.,             0003709P0004994
25.829166667,1.,1.1E-16,1.E-17,29.459034312;                     0003709P0004995
144,3713,1,0,3719;                                               0003711P0004996
122,3715,13.85144881,25.78125,29.984060008;                      0003713P0004997
100,0.,0.,0.,0.2,0.,0.2,0.;                                      0003715P0004998
124,-4.E-17,-1.,0.,14.828294476,-1.E-17,4.E-34,-1.,25.733333333, 0003717P0004999
1.,-4.E-17,-1.E-17,29.917002869;                                 0003717P0005000
142,0,3713,0,3721,2;                                             0003719P0005001
102,4,3723,3725,3729,3731;                                       0003721P0005002
110,13.85144881,25.78125,29.984060008,14.828294476,25.733333333, 0003723P0005003
30.117002869;                                                    0003723P0005004
100,0.,0.,0.,0.2,0.,7.009082994E-02,0.187315978;                 0003725P0005005
124,-7.E-17,-1.,-0.,14.828294476,0.,0.,-1.,25.733333333,1.,      0003727P0005006
-7.E-17,0.,29.917002869;                                         0003727P0005007
126,16,6,0,0,1,0,0.,0.,0.,0.,0.,0.,0.,0.356327322,0.356327322,   0003729P0005008
0.356327322,0.356327322,0.356327322,0.718021179,0.718021179,     0003729P0005009
0.718021179,0.718021179,0.718021179,1.,1.,1.,1.,1.,1.,1.,1.,1.,  0003729P0005010
1.,1.,1.,1.,1.,1.,1.,1.,1.,1.,1.,1.,1.,1.,1.,14.640978498,       0003729P0005011
25.733333333,29.987093699,14.582750389,25.736261752,29.98290185, 0003729P0005012
14.523739152,25.739219543,29.977833332,14.464032454,             0003729P0005013
25.742197194,29.971851078,14.403771768,25.745183085,             0003729P0005014
29.964924626,14.343179448,25.748163649,29.957049075,             0003729P0005015
14.221079568,25.754128002,29.939346667,14.159549726,             0003729P0005016
25.757112236,29.929489182,14.098346438,25.760059767,29.91873341, 0003729P0005017
14.037747693,25.76296118,29.907144744,13.977973804,25.765812029, 0003729P0005018
29.894802106,13.873357633,25.770792503,29.871640414,             0003729P0005019
13.828117656,25.772943093,29.861082797,13.783523488,             0003729P0005020
25.775062726,29.850147712,13.739612595,25.777152563,             0003729P0005021
29.838868296,13.696407543,25.77921433,29.827275941,13.653919392, 0003729P0005022
25.78125,29.815398945,0.,1.,-5.087372066E-02,-0.998599627,       0003729P0005023
1.451373888E-02;                                                 0003729P0005024
100,0.,0.,0.,3.133893624E-02,-0.197529418,0.2,0.;                0003731P0005025
124,-4.E-17,1.,0.,13.85144881,-1.E-17,-4.E-34,1.,25.78125,1.,    0003733P0005026
4.E-17,1.E-17,29.784060008;                                      0003733P0005027
144,3737,1,0,3743;                                               0003735P0005028
122,3739,12.920718152,25.829166667,29.659034312;                 0003737P0005029
100,0.,0.,0.,0.2,0.,0.2,0.;                                      0003739P0005030
124,-1.1E-16,-1.,0.,13.85144881,-1.E-17,1.1E-33,-1.,25.78125,1., 0003741P0005031
-1.1E-16,-1.E-17,29.784060008;                                   0003741P0005032
142,0,3737,0,3745,2;                                             0003743P0005033
102,4,3747,3751,3753,3757;                                       0003745P0005034
100,0.,0.,0.,0.117599676,-0.161772421,0.2,0.;                    0003747P0005035
124,-4.E-17,-1.,0.,13.85144881,-1.E-17,4.E-34,-1.,25.78125,1.,   0003749P0005036
-4.E-17,-1.E-17,29.784060008;                                    0003749P0005037
110,13.85144881,25.78125,29.984060008,12.920718152,25.829166667, 0003751P0005038
29.659034312;                                                    0003751P0005039
100,0.,0.,0.,0.2,0.,0.147491061,0.135079187;                     0003753P0005040
124,-1.1E-16,1.,0.,12.920718152,-1.E-17,-1.1E-33,1.,             0003755P0005041
25.829166667,1.,1.1E-16,1.E-17,29.459034312;                     0003755P0005042
126,16,6,0,0,1,0,0.,0.,0.,0.,0.,0.,0.,0.356918438,0.356918438,   0003757P0005043
0.356918438,0.356918438,0.356918438,0.717729341,0.717729341,     0003757P0005044
0.717729341,0.717729341,0.717729341,1.,1.,1.,1.,1.,1.,1.,1.,1.,  0003757P0005045
1.,1.,1.,1.,1.,1.,1.,1.,1.,1.,1.,1.,1.,1.,1.,13.05579734,        0003757P0005046
25.829166667,29.606525373,13.109671239,25.82623339,29.62926307,  0003757P0005047
13.164644599,25.823270641,29.651573789,13.220655793,             0003757P0005048
25.820287982,29.673384325,13.277591903,25.817297096,             0003757P0005049
29.694602802,13.335255778,25.814311624,29.715123331,13.4520438,  0003757P0005050
25.808350038,29.754752932,13.511198173,25.805373309,             0003757P0005051
29.773851556,13.570467721,25.80243314,29.792005927,13.629577122, 0003757P0005052
25.799538867,29.809148669,13.688296,25.796694906,29.825250308,   0003757P0005053
13.791933669,25.791718634,29.852090672,13.837084232,             0003757P0005054
25.789565688,29.863236427,13.881830054,25.787443767,29.87375132, 0003757P0005055
13.926122528,25.785351707,29.883647895,13.969927174,             0003757P0005056
25.783287779,29.892943931,14.013221231,25.78125,29.901659684,0., 0003757P0005057
1.,3.873973751E-02,0.998599629,3.602796205E-02;                  0003757P0005058
144,3761,1,0,3767;                                               0003759P0005059
122,3763,12.073471889,25.877083333,29.154975754;                 0003761P0005060
100,0.,0.,0.,0.2,0.,0.2,0.;                                      0003763P0005061
124,-1.7E-16,-1.,1.E-17,12.920718152,-2.E-17,-1.E-17,-1.,        0003765P0005062
25.829166667,1.,-1.7E-16,-2.E-17,29.459034312;                   0003765P0005063
142,0,3761,0,3769,2;                                             0003767P0005064
102,4,3771,3775,3777,3781;                                       0003769P0005065
100,0.,0.,0.,0.147491061,-0.135079187,0.2,0.;                    0003771P0005066
124,-1.1E-16,-1.,0.,12.920718152,-1.E-17,1.1E-33,-1.,            0003773P0005067
25.829166667,1.,-1.1E-16,-1.E-17,29.459034312;                   0003773P0005068
110,12.920718152,25.829166667,29.659034312,12.073471889,         0003775P0005069
25.877083333,29.154975754;                                       0003775P0005070
100,0.,0.,0.,0.2,0.,0.171460593,0.102962445;                     0003777P0005071
124,-1.7E-16,1.,-1.E-17,12.073471889,-2.E-17,1.E-17,1.,          0003779P0005072
25.877083333,1.,1.7E-16,2.E-17,28.954975754;                     0003779P0005073
126,16,6,0,0,1,0,0.,0.,0.,0.,0.,0.,0.,0.356918438,0.356918438,   0003781P0005074
0.356918438,0.356918438,0.356918438,0.717729341,0.717729341,     0003781P0005075
0.717729341,0.717729341,0.717729341,1.,1.,1.,1.,1.,1.,1.,1.,1.,  0003781P0005076
1.,1.,1.,1.,1.,1.,1.,1.,1.,1.,1.,1.,1.,1.,1.,12.176434334,       0003781P0005077
25.877083333,29.126436347,12.224693531,25.874150057,             0003781P0005078
29.159458307,12.274115243,25.871187308,29.192281056,             0003781P0005079
12.324653674,25.868204649,29.224820575,12.376216491,             0003781P0005080
25.865213763,29.25696432,12.428631611,25.862228291,29.288569221, 0003781P0005081
12.535174207,25.856266705,29.350687032,12.589333385,             0003781P0005082
25.853289976,29.381195731,12.64379368,25.850349806,29.410802094, 0003781P0005083
12.69829873,25.847455534,29.439385211,12.752628659,25.844611572, 0003781P0005084
29.466870266,12.848834662,25.839635301,29.513833829,             0003781P0005085
12.890856708,25.837482355,29.533757404,12.932607913,             0003781P0005086
25.835360434,29.552982091,12.974038142,25.833268374,             0003781P0005087
29.571510488,13.015110066,25.831204445,29.589353145,13.05579734, 0003781P0005088
25.829166667,29.606525373,0.,1.,3.077920545E-02,0.998599629,     0003781P0005089
4.302815151E-02;                                                 0003781P0005090
144,3785,1,0,3791;                                               0003783P0005091
122,3787,11.343727459,25.925,28.492122583;                       0003785P0005092
100,0.,0.,0.,0.2,0.,0.2,0.;                                      0003787P0005093
124,-1.8E-16,-1.,1.E-17,12.073471889,-1.8E-33,-1.E-17,-1.,       0003789P0005094
25.877083333,1.,-1.8E-16,0.,28.954975754;                        0003789P0005095
142,0,3785,0,3793,2;                                             0003791P0005096
102,4,3795,3799,3801,3805;                                       0003793P0005097
100,0.,0.,0.,0.171460593,-0.102962445,0.2,0.;                    0003795P0005098
124,-1.7E-16,-1.,1.E-17,12.073471889,-2.E-17,-1.E-17,-1.,        0003797P0005099
25.877083333,1.,-1.7E-16,-2.E-17,28.954975754;                   0003797P0005100
110,12.073471889,25.877083333,29.154975754,11.343727459,25.925,  0003799P0005101
28.492122583;                                                    0003799P0005102
100,0.,0.,0.,0.2,0.,0.188545881,6.671169887E-02;                 0003801P0005103
124,-1.8E-16,1.,-1.E-17,11.343727459,-1.8E-33,1.E-17,1.,25.925,  0003803P0005104
1.,1.8E-16,0.,28.292122583;                                      0003803P0005105
126,16,6,0,0,1,0,0.,0.,0.,0.,0.,0.,0.,0.356918438,0.356918438,   0003805P0005106
0.356918438,0.356918438,0.356918438,0.717729341,0.717729341,     0003805P0005107
0.717729341,0.717729341,0.717729341,1.,1.,1.,1.,1.,1.,1.,1.,1.,  0003805P0005108
1.,1.,1.,1.,1.,1.,1.,1.,1.,1.,1.,1.,1.,1.,1.,11.410439158,       0003805P0005109
25.925,28.480668464,11.451146017,25.922066724,28.522648834,      0003805P0005110
11.49303177,25.919103975,28.564665762,11.536068291,25.916121315, 0003805P0005111
28.606627784,11.580187537,25.913130429,28.648406205,             0003805P0005112
11.625249404,25.910144957,28.689826523,11.717268826,             0003805P0005113
25.904183371,28.771938478,11.764258286,25.901206642,             0003805P0005114
28.812632309,11.811722715,25.898266473,28.852501952,             0003805P0005115
11.859435003,25.895372201,28.891377814,11.907194604,             0003805P0005116
25.892528239,28.929142743,11.992106215,25.887551968,             0003805P0005117
28.994343892,12.029312534,25.885399022,29.022245344,             0003805P0005118
12.066392785,25.883277101,29.04940794,12.103297321,25.88118504,  0003805P0005119
29.075824233,12.13998746,25.879121112,29.101497119,12.176434334, 0003805P0005120
25.877083333,29.126436347,0.,1.,2.158287013E-02,0.998599629,     0003805P0005121
4.830073528E-02;                                                 0003805P0005122
144,3809,1,0,3815;                                               0003807P0005123
122,3811,10.760784531,25.972916667,27.697088746;                 0003809P0005124
100,0.,0.,0.,0.2,0.,0.2,0.;                                      0003811P0005125
124,-2.2E-16,-1.,1.E-17,11.343727459,-3.E-17,-1.E-17,-1.,25.925, 0003813P0005126
1.,-2.2E-16,-3.E-17,28.292122583;                                0003813P0005127
142,0,3809,0,3817,2;                                             0003815P0005128
102,4,3819,3823,3825,3829;                                       0003817P0005129
100,0.,0.,0.,0.188545881,-6.671169887E-02,0.2,0.;                0003819P0005130
124,-1.8E-16,-1.,1.E-17,11.343727459,-1.8E-33,-1.E-17,-1.,       0003821P0005131
25.925,1.,-1.8E-16,0.,28.292122583;                              0003821P0005132
110,11.343727459,25.925,28.492122583,10.760784531,25.972916667,  0003823P0005133
27.697088746;                                                    0003823P0005134
100,0.,0.,0.,0.2,0.,0.19806094,2.778243897E-02;                  0003825P0005135
124,-2.2E-16,1.,-1.E-17,10.760784531,-3.E-17,1.E-17,1.,          0003827P0005136
25.972916667,1.,2.2E-16,3.E-17,27.497088746;                     0003827P0005137
126,16,6,0,0,1,0,0.,0.,0.,0.,0.,0.,0.,0.356918438,0.356918438,   0003829P0005138
0.356918438,0.356918438,0.356918438,0.717729341,0.717729341,     0003829P0005139
0.717729341,0.717729341,0.717729341,1.,1.,1.,1.,1.,1.,1.,1.,1.,  0003829P0005140
1.,1.,1.,1.,1.,1.,1.,1.,1.,1.,1.,1.,1.,1.,1.,10.78856697,        0003829P0005141
25.972916667,27.695149686,10.820087088,25.96998339,27.74440293,  0003829P0005142
10.852755143,25.967020641,27.793927032,10.886561812,             0003829P0005143
25.964037982,27.843626756,10.921466073,25.961047096,             0003829P0005144
27.893362426,10.957365427,25.958061624,27.94293511,11.031167041, 0003829P0005145
25.952100038,28.041744366,11.069100129,25.949123309,             0003829P0005146
28.090989447,11.107662967,25.94618314,28.139521581,11.146666817, 0003829P0005147
25.943288867,28.187129298,11.185938513,25.940444906,             0003829P0005148
28.233657819,11.25614648,25.935468634,28.314478688,11.287043216, 0003829P0005149
25.933315688,28.349237756,11.317963719,25.931193767,             0003829P0005150
28.383247669,11.348860825,25.929101707,28.416491228,             0003829P0005151
11.379696048,25.927037779,28.44896356,11.410439158,25.925,       0003829P0005152
28.480668464,0.,1.,1.151996981E-02,0.998599629,5.163401599E-02;  0003829P0005153
144,3833,1,0,3839;                                               0003831P0005154
122,3835,10.670132856,25.983440893,27.500450063;                 0003833P0005155
100,0.,0.,0.,0.2,0.,0.2,0.;                                      0003835P0005156
124,-2.8E-16,-1.,1.E-17,10.760784531,-2.E-17,-1.E-17,-1.,        0003837P0005157
25.972916667,1.,-2.8E-16,-2.E-17,27.497088746;                   0003837P0005158
142,0,3833,0,3841,2;                                             0003839P0005159
102,3,3843,3847,3849;                                            0003841P0005160
100,0.,0.,0.,0.19806094,-2.778243897E-02,0.2,0.;                 0003843P0005161
124,-2.2E-16,-1.,1.E-17,10.760784531,-3.E-17,-1.E-17,-1.,        0003845P0005162
25.972916667,1.,-2.2E-16,-3.E-17,27.497088746;                   0003845P0005163
110,10.760784531,25.972916667,27.697088746,10.670132856,         0003847P0005164
25.983440893,27.500450063;                                       0003847P0005165
126,5,5,0,0,1,0,0.,0.,0.,0.,0.,0.,1.,1.,1.,1.,1.,1.,1.,1.,1.,1., 0003849P0005166
1.,1.,10.670132856,25.983440893,27.500450063,10.693518558,       0003849P0005167
25.981273548,27.540945566,10.71710338,25.979138818,27.580692661, 0003849P0005168
10.740834835,25.977035769,27.619651873,10.764668189,             0003849P0005169
25.974962474,27.657805522,10.78856697,25.972916667,27.695149686, 0003849P0005170
0.,1.,2.006090046E-02,0.99892619,4.176154411E-02;                0003849P0005171
144,3853,1,0,3859;                                               0003851P0005172
122,3855,18.627404497,27.027083333,28.523903821;                 0003853P0005173
100,0.,0.,0.,0.2,0.,0.2,0.;                                      0003855P0005174
124,-4.2E-16,-1.,2.E-17,19.217263119,6.E-17,-2.E-17,-1.,         0003857P0005175
26.979166667,1.,-4.2E-16,6.E-17,27.533987329;                    0003857P0005176
142,0,3853,0,3861,2;                                             0003859P0005177
102,4,3863,3867,3869,3873;                                       0003861P0005178
100,0.,0.,0.,-0.118922196,-0.16080271,0.2,0.;                    0003863P0005179
124,-3.2E-16,-1.,1.E-17,19.217263119,6.E-17,-1.E-17,-1.,         0003865P0005180
26.979166667,1.,-3.2E-16,6.E-17,27.533987329;                    0003865P0005181
110,19.217263119,26.979166667,27.733987329,18.627404497,         0003867P0005182
27.027083333,28.523903821;                                       0003867P0005183
100,0.,0.,0.,0.2,0.,-8.447589329E-02,0.18128382;                 0003869P0005184
124,-4.2E-16,1.,-2.E-17,18.627404497,6.E-17,2.E-17,1.,           0003871P0005185
27.027083333,1.,4.2E-16,-6.E-17,28.323903821;                    0003871P0005186
126,16,6,0,0,1,0,0.,0.,0.,0.,0.,0.,0.,0.356918438,0.356918438,   0003873P0005187
0.356918438,0.356918438,0.356918438,0.717729341,0.717729341,     0003873P0005188
0.717729341,0.717729341,0.717729341,1.,1.,1.,1.,1.,1.,1.,1.,1.,  0003873P0005189
1.,1.,1.,1.,1.,1.,1.,1.,1.,1.,1.,1.,1.,1.,1.,18.808688317,       0003873P0005190
27.027083333,28.239427928,18.846573838,27.024150057,             0003873P0005191
28.194884834,18.884382757,27.021187308,28.149164772,             0003873P0005192
18.922026726,27.018204649,28.102304501,18.959384166,             0003873P0005193
27.015213763,28.054384087,18.996294804,27.012228291,             0003873P0005194
28.005559714,19.069209061,27.006266705,27.906093849,             0003873P0005195
19.105211806,27.003289976,27.855420388,19.140348633,             0003873P0005196
27.000349806,27.80435314,19.174472498,26.997455534,27.753134424, 0003873P0005197
19.20748601,26.994611572,27.70197509,19.264248568,26.989635301,  0003873P0005198
27.611205142,19.2884555,26.987482355,27.571495878,19.31193906,   0003873P0005199
26.985360434,27.531982918,19.334696595,26.983268374,             0003873P0005200
27.492716393,19.356734693,26.981204445,27.453734531,             0003873P0005201
19.378065829,26.979166667,27.415065133,0.,1.,-4.600974184E-02,   0003873P0005202
-0.998599629,2.611292719E-02;                                    0003873P0005203
144,3877,1,0,3883;                                               0003875P0005204
122,3879,17.891903441,27.075,29.180363612;                       0003877P0005205
100,0.,0.,0.,0.2,0.,0.2,0.;                                      0003879P0005206
124,-3.7E-16,-1.,2.E-17,18.627404497,6.E-17,-2.E-17,-1.,         0003881P0005207
27.027083333,1.,-3.7E-16,6.E-17,28.323903821;                    0003881P0005208
142,0,3877,0,3885,2;                                             0003883P0005209
102,4,3887,3891,3893,3897;                                       0003885P0005210
100,0.,0.,0.,-8.447589329E-02,-0.18128382,0.2,0.;                0003887P0005211
124,-4.2E-16,-1.,2.E-17,18.627404497,6.E-17,-2.E-17,-1.,         0003889P0005212
27.027083333,1.,-4.2E-16,6.E-17,28.323903821;                    0003889P0005213
110,18.627404497,27.027083333,28.523903821,17.891903441,27.075,  0003891P0005214
29.180363612;                                                    0003891P0005215
100,0.,0.,0.,0.2,0.,-4.663783401E-02,0.194486278;                0003893P0005216
124,-3.7E-16,1.,-2.E-17,17.891903441,6.E-17,2.E-17,1.,27.075,1., 0003895P0005217
3.7E-16,-6.E-17,28.980363612;                                    0003895P0005218
126,16,6,0,0,1,0,0.,0.,0.,0.,0.,0.,0.,0.356918438,0.356918438,   0003897P0005219
0.356918438,0.356918438,0.356918438,0.717729341,0.717729341,     0003897P0005220
0.717729341,0.717729341,0.717729341,1.,1.,1.,1.,1.,1.,1.,1.,1.,  0003897P0005221
1.,1.,1.,1.,1.,1.,1.,1.,1.,1.,1.,1.,1.,1.,1.,18.08638972,27.075, 0003897P0005222
28.933725778,18.132395142,27.072066724,28.897630058,18.17856015, 0003897P0005223
27.069103975,28.860365726,18.224790841,27.066121315,             0003897P0005224
28.821951189,18.270952113,27.063130429,28.782440667,             0003897P0005225
18.316855773,27.060144957,28.741955255,18.40813656,27.054183371, 0003897P0005226
28.659022962,18.453519201,27.051206642,28.616544578,             0003897P0005227
18.498131819,27.048266473,28.573507677,18.541782006,             0003897P0005228
27.045372201,28.530120396,18.584332293,27.042528239,             0003897P0005229
28.486569937,18.658051943,27.037551968,28.408938857,             0003897P0005230
18.689689667,27.035399022,28.374852854,18.720579406,             0003897P0005231
27.033277101,28.340814997,18.750708562,27.03118504,28.306873882, 0003897P0005232
18.780075973,27.029121112,28.273068282,18.808688317,             0003897P0005233
27.027083333,28.239427928,0.,1.,-5.029216304E-02,-0.998599629,   0003897P0005234
1.641583527E-02;                                                 0003897P0005235
144,3901,1,0,3907;                                               0003899P0005236
122,3903,17.040290754,27.122916667,29.677009453;                 0003901P0005237
100,0.,0.,0.,0.2,0.,0.2,0.;                                      0003903P0005238
124,-3.7E-16,-1.,1.E-17,17.891903441,7.E-17,-1.E-17,-1.,27.075,  0003905P0005239
1.,-3.7E-16,7.E-17,28.980363612;                                 0003905P0005240
142,0,3901,0,3909,2;                                             0003907P0005241
102,4,3911,3915,3917,3921;                                       0003909P0005242
100,0.,0.,0.,-4.663783401E-02,-0.194486278,0.2,0.;               0003911P0005243
124,-3.7E-16,-1.,2.E-17,17.891903441,6.E-17,-2.E-17,-1.,27.075,  0003913P0005244
1.,-3.7E-16,6.E-17,28.980363612;                                 0003913P0005245
110,17.891903441,27.075,29.180363612,17.040290754,27.122916667,  0003915P0005246
29.677009453;                                                    0003915P0005247
100,0.,0.,0.,0.2,0.,-6.92723814E-03,0.199879997;                 0003917P0005248
124,-3.7E-16,1.,-1.E-17,17.040290754,7.E-17,1.E-17,1.,           0003919P0005249
27.122916667,1.,3.7E-16,-7.E-17,29.477009453;                    0003919P0005250
126,16,6,0,0,1,0,0.,0.,0.,0.,0.,0.,0.,0.356918438,0.356918438,   0003921P0005251
0.356918438,0.356918438,0.356918438,0.717729341,0.717729341,     0003921P0005252
0.717729341,0.717729341,0.717729341,1.,1.,1.,1.,1.,1.,1.,1.,1.,  0003921P0005253
1.,1.,1.,1.,1.,1.,1.,1.,1.,1.,1.,1.,1.,1.,1.,17.240170751,       0003921P0005254
27.122916667,29.470082215,17.292448931,27.11998339,29.443883133, 0003921P0005255
17.345116476,27.117020641,29.416570715,17.398077698,             0003921P0005256
27.114037982,29.388144279,17.4511894,27.111047096,29.358630019,  0003921P0005257
17.504243024,27.108061624,29.328109083,17.610225362,             0003921P0005258
27.102100038,29.265040141,17.663165761,27.099123309,             0003921P0005259
29.232462367,17.715462945,27.09618314,29.19918377,17.766886874,  0003921P0005260
27.093288867,29.165369949,17.817265517,27.090444906,             0003921P0005261
29.131176941,17.904982372,27.085468634,29.069801662,             0003921P0005262
17.942780615,27.083315688,29.042707494,17.97983629,27.081193767, 0003921P0005263
29.01551138,18.016127365,27.079101707,28.988258431,18.051644968, 0003921P0005264
27.077037779,28.960986408,18.08638972,27.075,28.933725778,0.,1., 0003921P0005265
-5.255532419E-02,-0.998599629,6.059637867E-03;                   0003921P0005266
144,3925,1,0,3931;                                               0003923P0005267
122,3927,16.106759187,27.170833333,29.993900719;                 0003925P0005268
100,0.,0.,0.,0.2,0.,0.2,0.;                                      0003927P0005269
124,-3.7E-16,-1.,2.E-17,17.040290754,6.E-17,-2.E-17,-1.,         0003929P0005270
27.122916667,1.,-3.7E-16,6.E-17,29.477009453;                    0003929P0005271
142,0,3925,0,3933,2;                                             0003931P0005272
102,4,3935,3939,3941,3945;                                       0003933P0005273
100,0.,0.,0.,-6.92723814E-03,-0.199879997,0.2,0.;                0003935P0005274
124,-3.7E-16,-1.,1.E-17,17.040290754,7.E-17,-1.E-17,-1.,         0003937P0005275
27.122916667,1.,-3.7E-16,7.E-17,29.477009453;                    0003937P0005276
110,17.040290754,27.122916667,29.677009453,16.106759187,         0003939P0005277
27.170833333,29.993900719;                                       0003939P0005278
100,0.,0.,0.,0.2,0.,3.306149043E-02,0.197248417;                 0003941P0005279
124,-3.7E-16,1.,-2.E-17,16.106759187,6.E-17,2.E-17,1.,           0003943P0005280
27.170833333,1.,3.7E-16,-6.E-17,29.793900719;                    0003943P0005281
126,16,6,0,0,1,0,0.,0.,0.,0.,0.,0.,0.,0.356918438,0.356918438,   0003945P0005282
0.356918438,0.356918438,0.356918438,0.717729341,0.717729341,     0003945P0005283
0.717729341,0.717729341,0.717729341,1.,1.,1.,1.,1.,1.,1.,1.,1.,  0003945P0005284
1.,1.,1.,1.,1.,1.,1.,1.,1.,1.,1.,1.,1.,1.,1.,16.304007604,       0003945P0005285
27.170833333,29.826962209,16.36045954,27.167900057,29.811711675, 0003945P0005286
16.417514989,27.164937308,29.795447781,16.475080319,             0003945P0005287
27.161954649,29.778150783,16.533009985,27.158963763,             0003945P0005288
29.759817802,16.591083438,27.155978291,29.740486773,             0003945P0005289
16.707512073,27.150016705,29.699813439,16.765884642,             0003945P0005290
27.147039976,29.678444292,16.82376663,27.144099806,29.656260154, 0003945P0005291
16.8808996,27.141205534,29.633377438,16.937083866,27.138361572,  0003945P0005292
29.609914751,17.035276041,27.133385301,29.567259527,             0003945P0005293
17.077717182,27.131232355,29.548245039,17.119450987,             0003945P0005294
27.129110434,29.528982609,17.160446872,27.127018374,             0003945P0005295
29.509512047,17.200688615,27.124954445,29.48986859,17.240170751, 0003945P0005296
27.122916667,29.470082215,0.,1.,5.270835801E-02,0.998599629,     0003945P0005297
4.539857581E-03;                                                 0003945P0005298
144,3949,1,0,3955;                                               0003947P0005299
122,3951,15.128790586,27.21875,30.118314039;                     0003949P0005300
100,0.,0.,0.,0.2,0.,0.2,0.;                                      0003951P0005301
124,-3.9E-16,-1.,2.E-17,16.106759187,6.E-17,-2.E-17,-1.,         0003953P0005302
27.170833333,1.,-3.9E-16,6.E-17,29.793900719;                    0003953P0005303
142,0,3949,0,3957,2;                                             0003955P0005304
102,4,3959,3963,3965,3969;                                       0003957P0005305
100,0.,0.,0.,3.306149043E-02,-0.197248417,0.2,0.;                0003959P0005306
124,-3.7E-16,-1.,2.E-17,16.106759187,6.E-17,-2.E-17,-1.,         0003961P0005307
27.170833333,1.,-3.7E-16,6.E-17,29.793900719;                    0003961P0005308
110,16.106759187,27.170833333,29.993900719,15.128790586,         0003963P0005309
27.21875,30.118314039;                                           0003963P0005310
100,0.,0.,0.,0.2,0.,7.172278063E-02,0.186697195;                 0003965P0005311
124,-3.9E-16,1.,-2.E-17,15.128790586,6.E-17,2.E-17,1.,27.21875,  0003967P0005312
1.,3.9E-16,-6.E-17,29.918314039;                                 0003967P0005313
126,16,6,0,0,1,0,0.,0.,0.,0.,0.,0.,0.,0.356918438,0.356918438,   0003969P0005314
0.356918438,0.356918438,0.356918438,0.717729341,0.717729341,     0003969P0005315
0.717729341,0.717729341,0.717729341,1.,1.,1.,1.,1.,1.,1.,1.,1.,  0003969P0005316
1.,1.,1.,1.,1.,1.,1.,1.,1.,1.,1.,1.,1.,1.,1.,15.315487781,       0003969P0005317
27.21875,29.99003682,15.373846896,27.215816724,29.98634715,      0003969P0005318
15.432999438,27.212853975,29.981784786,15.492857594,             0003969P0005319
27.209871315,29.976311711,15.553279313,27.206880429,             0003969P0005320
29.969896088,15.614040912,27.203894957,29.96253112,15.736241167, 0003969P0005321
27.197933371,29.945886451,15.797702212,27.194956642,             0003969P0005322
29.936583914,15.858845007,27.192016473,29.926384941,             0003969P0005323
15.919393096,27.189122201,29.915352085,15.979127154,             0003969P0005324
27.186278239,29.90356176,16.083852176,27.181301968,29.881339223, 0003969P0005325
16.129232177,27.179149022,29.87116786,16.173968474,27.177027101, 0003969P0005326
29.860612511,16.218023161,27.17493504,29.849706091,16.261373315, 0003969P0005327
27.172871112,29.838479896,16.304007604,27.170833333,             0003969P0005328
29.826962209,0.,1.,5.074512014E-02,0.998599629,1.495707506E-02;  0003969P0005329
144,3973,1,0,3979;                                               0003971P0005330
122,3975,14.145650966,27.266666667,30.045254145;                 0003973P0005331
100,0.,0.,0.,0.2,0.,0.2,0.;                                      0003975P0005332
124,-3.7E-16,-1.,2.E-17,15.128790586,6.E-17,-2.E-17,-1.,         0003977P0005333
27.21875,1.,-3.7E-16,6.E-17,29.918314039;                        0003977P0005334
142,0,3973,0,3981,2;                                             0003979P0005335
102,5,3983,3987,3989,3993,3995;                                  0003981P0005336
100,0.,0.,0.,7.172278063E-02,-0.186697195,0.2,0.;                0003983P0005337
124,-3.9E-16,-1.,2.E-17,15.128790586,6.E-17,-2.E-17,-1.,         0003985P0005338
27.21875,1.,-3.9E-16,6.E-17,29.918314039;                        0003985P0005339
110,15.128790586,27.21875,30.118314039,14.145650966,             0003987P0005340
27.266666667,30.045254145;                                       0003987P0005341
100,0.,0.,0.,0.2,0.,0.107504359,0.168649971;                     0003989P0005342
124,-3.7E-16,1.,-2.E-17,14.145650966,6.E-17,2.E-17,1.,           0003991P0005343
27.266666667,1.,3.7E-16,-6.E-17,29.845254145;                    0003991P0005344
126,11,6,0,0,1,0,0.,0.,0.,0.,0.,0.,0.,0.528049682,0.528049682,   0003993P0005345
0.528049682,0.528049682,0.528049682,1.,1.,1.,1.,1.,1.,1.,1.,1.,  0003993P0005346
1.,1.,1.,1.,1.,1.,1.,1.,1.,1.,14.314300937,27.266666667,         0003993P0005347
29.952758504,14.372224077,27.26373339,29.960777841,14.431098704, 0003993P0005348
27.260770641,29.968100188,14.490846345,27.257787982,             0003993P0005349
29.974670784,14.55133415,27.254797096,29.98043011,14.61234428,   0003993P0005350
27.251811624,29.98532691,14.72824061,27.246197328,29.992910117,  0003993P0005351
14.783105312,27.243563521,29.995777319,14.83789989,27.240956686, 0003993P0005352
29.997911329,14.892422441,27.238383912,29.999313113,             0003993P0005353
14.946502018,27.235849175,30.,15.,27.233354557,30.,0.,1.,        0003993P0005354
4.63897774E-02,0.998455495,3.057143503E-02;                      0003993P0005355
126,25,7,0,0,1,0,0.,0.,0.,0.,0.,0.,0.,0.,7.182667309E-02,        0003995P0005356
7.182667309E-02,7.182667309E-02,7.182667309E-02,7.182667309E-02, 0003995P0005357
7.182667309E-02,0.167309352,0.167309352,0.167309352,0.167309352, 0003995P0005358
0.167309352,0.167309352,0.438719019,0.438719019,0.438719019,     0003995P0005359
0.438719019,0.438719019,0.438719019,1.,1.,1.,1.,1.,1.,1.,1.,1.,  0003995P0005360
1.,1.,1.,1.,1.,1.,1.,1.,1.,1.,1.,1.,1.,1.,1.,1.,1.,1.,1.,1.,1.,  0003995P0005361
1.,1.,1.,1.,15.,27.233354557,30.,15.003345908,27.233198537,30.,  0003995P0005362
15.006689747,27.233042663,29.999997388,15.010031099,             0003995P0005363
27.232886953,29.99999217,15.013370648,27.232731375,29.999984351, 0003995P0005364
15.016707651,27.232575961,29.999973939,15.020042519,             0003995P0005365
27.232420693,29.99996094,15.027805219,27.232059374,29.999924649, 0003995P0005366
15.032231318,27.231853438,29.999899377,15.036653325,             0003995P0005367
27.231647768,29.99986956,15.041071183,27.231442367,29.999835212, 0003995P0005368
15.045484842,27.231237232,29.999796351,15.049894251,             0003995P0005369
27.231032365,29.999752991,15.066820889,27.230246191,             0003995P0005370
29.999569159,15.079307672,27.229666776,29.999396954,15.0917586,  0003995P0005371
27.22908952,29.999188912,15.104172658,27.228514413,29.998945419, 0003995P0005372
15.11654892,27.227941445,29.998666876,15.128886554,27.227370599, 0003995P0005373
29.998353691,15.166617898,27.225625683,29.997287848,             0003995P0005374
15.191882354,27.224458514,29.996423061,15.216971942,             0003995P0005375
27.223300158,29.99541562,15.24188135,27.222150391,29.994269352,  0003995P0005376
15.266606122,27.221008961,29.992988166,15.291142586,             0003995P0005377
27.219875593,29.991576009,15.315487781,27.21875,29.99003682,0.,  0003995P0005378
1.,4.640785882E-02,0.99890298,6.256847891E-03;                   0003995P0005379
144,3999,1,0,4001;                                               0003997P0005380
108,-0.,-1.,-0.,-28.,0,15.,28.,25.,0.;                           0003999P0005381
142,0,3999,0,4003,2;                                             0004001P0005382
100,0.,0.,0.,5.,0.,5.,0.;                                        0004003P0005383
124,0.,-1.,0.,15.,0.,0.,-1.,28.,1.,0.,-0.,25.;                   0004005P0005384
144,4009,1,0,4015;                                               0004007P0005385
122,4011,13.196813965,27.314583333,29.777654434;                 0004009P0005386
100,0.,0.,0.,0.2,0.,0.2,0.;                                      0004011P0005387
124,-3.7E-16,-1.,3.E-17,14.145650966,6.E-17,-3.E-17,-1.,         0004013P0005388
27.266666667,1.,-3.7E-16,6.E-17,29.845254145;                    0004013P0005389
142,0,4009,0,4017,2;                                             0004015P0005390
102,4,4019,4023,4025,4029;                                       0004017P0005391
100,0.,0.,0.,0.107504359,-0.168649971,0.2,0.;                    0004019P0005392
124,-3.7E-16,-1.,2.E-17,14.145650966,6.E-17,-2.E-17,-1.,         0004021P0005393
27.266666667,1.,-3.7E-16,6.E-17,29.845254145;                    0004021P0005394
110,14.145650966,27.266666667,30.045254145,13.196813965,         0004023P0005395
27.314583333,29.777654434;                                       0004023P0005396
100,0.,0.,0.,0.2,0.,0.138969573,0.143831351;                     0004025P0005397
124,-3.7E-16,1.,-3.E-17,13.196813965,6.E-17,3.E-17,1.,           0004027P0005398
27.314583333,1.,3.7E-16,-6.E-17,29.577654434;                    0004027P0005399
126,16,6,0,0,1,0,0.,0.,0.,0.,0.,0.,0.,0.356918438,0.356918438,   0004029P0005400
0.356918438,0.356918438,0.356918438,0.717729341,0.717729341,     0004029P0005401
0.717729341,0.717729341,0.717729341,1.,1.,1.,1.,1.,1.,1.,1.,1.,  0004029P0005402
1.,1.,1.,1.,1.,1.,1.,1.,1.,1.,1.,1.,1.,1.,1.,13.340645316,       0004029P0005403
27.314583333,29.716624008,13.395806833,27.311650057,             0004029P0005404
29.736030372,13.452039693,27.308687308,29.754943433,             0004029P0005405
13.509277917,27.305704649,29.773293886,13.567403186,             0004029P0005406
27.302713763,29.79099692,13.626212255,27.299728291,29.807958879, 0004029P0005407
13.745201773,27.293766705,29.840384825,13.805411754,             0004029P0005408
27.290789976,29.855836538,13.86567905,27.287849806,29.870338727, 0004029P0005409
13.92572474,27.284955534,29.883840953,13.985317077,27.282111572, 0004029P0005410
29.896327857,14.090400005,27.277135301,29.91679123,14.136146785, 0004029P0005411
27.274982355,29.92515982,14.181451067,27.272860434,29.932923434, 0004029P0005412
14.226265097,27.270768374,29.940097559,14.270555549,             0004029P0005413
27.268704445,29.946702046,14.314300937,27.266666667,             0004029P0005414
29.952758504,0.,1.,4.086693454E-02,0.998599629,3.359575824E-02;  0004029P0005415
144,4033,1,0,4039;                                               0004031P0005416
122,4035,12.320375948,27.3625,29.326259194;                      0004033P0005417
100,0.,0.,0.,0.2,0.,0.2,0.;                                      0004035P0005418
124,-3.2E-16,-1.,4.E-17,13.196813965,3.E-17,-4.E-17,-1.,         0004037P0005419
27.314583333,1.,-3.2E-16,3.E-17,29.577654434;                    0004037P0005420
142,0,4033,0,4041,2;                                             0004039P0005421
102,4,4043,4047,4049,4053;                                       0004041P0005422
100,0.,0.,0.,0.138969573,-0.143831351,0.2,0.;                    0004043P0005423
124,-3.7E-16,-1.,3.E-17,13.196813965,6.E-17,-3.E-17,-1.,         0004045P0005424
27.314583333,1.,-3.7E-16,6.E-17,29.577654434;                    0004045P0005425
110,13.196813965,27.314583333,29.777654434,12.320375948,27.3625, 0004047P0005426
29.326259194;                                                    0004047P0005427
100,0.,0.,0.,0.2,0.,0.164855078,0.113237818;                     0004049P0005428
124,-3.2E-16,1.,-4.E-17,12.320375948,3.E-17,4.E-17,1.,27.3625,   0004051P0005429
1.,3.2E-16,-3.E-17,29.126259194;                                 0004051P0005430
126,16,6,0,0,1,0,0.,0.,0.,0.,0.,0.,0.,0.356918438,0.356918438,   0004053P0005431
0.356918438,0.356918438,0.356918438,0.717729341,0.717729341,     0004053P0005432
0.717729341,0.717729341,0.717729341,1.,1.,1.,1.,1.,1.,1.,1.,1.,  0004053P0005433
1.,1.,1.,1.,1.,1.,1.,1.,1.,1.,1.,1.,1.,1.,1.,12.433613765,       0004053P0005434
27.3625,29.291114272,12.483798892,27.359566724,29.321128485,     0004053P0005435
12.535132203,27.356603975,29.35087289,12.58756286,27.353621315,  0004053P0005436
29.380266419,12.640991831,27.350630429,29.409202374,             0004053P0005437
12.695238619,27.347644957,29.43754846,12.805374693,27.341683371, 0004053P0005438
29.493046139,12.861295365,27.338706642,29.520191594,             0004053P0005439
12.917461506,27.335766473,29.546418014,12.97360985,27.332872201, 0004053P0005440
29.571620364,13.029516365,27.330028239,29.59573739,13.128409982, 0004053P0005441
27.325051968,29.636740122,13.171569954,27.322899022,29.65406115, 0004053P0005442
13.214416923,27.320777101,29.670701129,13.256901008,27.31868504, 0004053P0005443
29.686665712,13.298985592,27.316621112,29.701967708,             0004053P0005444
13.340645316,27.314583333,29.716624008,0.,1.,3.334860184E-02,    0004053P0005445
0.998599629,4.10688698E-02;                                      0004053P0005446
144,4057,1,0,4063;                                               0004055P0005447
122,4059,11.55152642,27.410416667,28.70919221;                   0004057P0005448
100,0.,0.,0.,0.2,0.,0.2,0.;                                      0004059P0005449
124,-3.9E-16,-1.,3.E-17,12.320375948,5.E-17,-3.E-17,-1.,27.3625, 0004061P0005450
1.,-3.9E-16,5.E-17,29.126259194;                                 0004061P0005451
142,0,4057,0,4065,2;                                             0004063P0005452
102,4,4067,4071,4073,4077;                                       0004065P0005453
100,0.,0.,0.,0.164855078,-0.113237818,0.2,0.;                    0004067P0005454
124,-3.2E-16,-1.,4.E-17,12.320375948,3.E-17,-4.E-17,-1.,27.3625, 0004069P0005455
1.,-3.2E-16,3.E-17,29.126259194;                                 0004069P0005456
110,12.320375948,27.3625,29.326259194,11.55152642,27.410416667,  0004071P0005457
28.70919221;                                                     0004071P0005458
100,0.,0.,0.,0.2,0.,0.184121553,7.809771877E-02;                 0004073P0005459
124,-3.9E-16,1.,-3.E-17,11.55152642,5.E-17,3.E-17,1.,            0004075P0005460
27.410416667,1.,3.9E-16,-5.E-17,28.50919221;                     0004075P0005461
126,16,6,0,0,1,0,0.,0.,0.,0.,0.,0.,0.,0.356918438,0.356918438,   0004077P0005462
0.356918438,0.356918438,0.356918438,0.717729341,0.717729341,     0004077P0005463
0.717729341,0.717729341,0.717729341,1.,1.,1.,1.,1.,1.,1.,1.,1.,  0004077P0005464
1.,1.,1.,1.,1.,1.,1.,1.,1.,1.,1.,1.,1.,1.,1.,11.629624138,       0004077P0005465
27.410416667,28.693313763,11.672817912,27.40748339,28.732730737, 0004077P0005466
11.717190611,27.404520641,28.772112231,11.76270858,27.401537982, 0004077P0005467
28.811368668,11.809296047,27.398547096,28.850375748,             0004077P0005468
11.856802514,27.395561624,28.888967848,11.953663117,             0004077P0005469
27.389600038,28.965308996,12.003049231,27.386623309,             0004077P0005470
29.003058287,12.052859113,27.38368314,29.039955932,12.102855722, 0004077P0005471
27.380788867,29.075846516,12.152831736,27.377944906,             0004077P0005472
29.110625353,12.241565404,27.372968634,29.170521158,             0004077P0005473
12.280405669,27.370815688,29.196099177,12.319074994,             0004077P0005474
27.368693767,29.220947414,12.357523373,27.366601707,             0004077P0005475
29.245061468,12.395712369,27.364537779,29.268446588,             0004077P0005476
12.433613765,27.3625,29.291114272,0.,1.,2.449130307E-02,         0004077P0005477
0.998599629,4.689304196E-02;                                     0004077P0005478
144,4081,1,0,4087;                                               0004079P0005479
122,4083,10.921135143,27.458333333,27.951229085;                 0004081P0005480
100,0.,0.,0.,0.2,0.,0.2,0.;                                      0004083P0005481
124,-3.9E-16,-1.,4.E-17,11.55152642,5.E-17,-4.E-17,-1.,          0004085P0005482
27.410416667,1.,-3.9E-16,5.E-17,28.50919221;                     0004085P0005483
142,0,4081,0,4089,2;                                             0004087P0005484
102,4,4091,4095,4097,4101;                                       0004089P0005485
100,0.,0.,0.,0.184121553,-7.809771877E-02,0.2,0.;                0004091P0005486
124,-3.9E-16,-1.,3.E-17,11.55152642,5.E-17,-3.E-17,-1.,          0004093P0005487
27.410416667,1.,-3.9E-16,5.E-17,28.50919221;                     0004093P0005488
110,11.55152642,27.410416667,28.70919221,10.921135143,           0004095P0005489
27.458333333,27.951229085;                                       0004095P0005490
100,0.,0.,0.,0.2,0.,0.195995439,3.982195027E-02;                 0004097P0005491
124,-3.9E-16,1.,-4.E-17,10.921135143,5.E-17,4.E-17,1.,           0004099P0005492
27.458333333,1.,3.9E-16,-5.E-17,27.751229085;                    0004099P0005493
126,16,6,0,0,1,0,0.,0.,0.,0.,0.,0.,0.,0.356918438,0.356918438,   0004101P0005494
0.356918438,0.356918438,0.356918438,0.717729341,0.717729341,     0004101P0005495
0.717729341,0.717729341,0.717729341,1.,1.,1.,1.,1.,1.,1.,1.,1.,  0004101P0005496
1.,1.,1.,1.,1.,1.,1.,1.,1.,1.,1.,1.,1.,1.,1.,10.960957093,       0004101P0005497
27.458333333,27.947224525,10.995425259,27.455400057,             0004101P0005498
27.994461644,11.031055755,27.452437308,28.041899036,             0004101P0005499
11.067833463,27.449454649,28.089442212,11.105708911,             0004101P0005500
27.446463763,28.136954261,11.144567646,27.443478291,             0004101P0005501
28.184242879,11.224263766,27.437516705,28.278362355,             0004101P0005502
11.265132441,27.434539976,28.325199825,11.306586168,             0004101P0005503
27.431599806,28.371287232,11.348423649,27.428705534,             0004101P0005504
28.416425023,11.390462594,27.425861572,28.460469279,             0004101P0005505
11.465473605,27.420885301,28.536853306,11.498434703,             0004101P0005506
27.418732355,28.569661342,11.531373788,27.416610434,             0004101P0005507
28.601720167,11.564242735,27.414518374,28.633015498,             0004101P0005508
11.597002833,27.412454445,28.663544817,11.629624138,             0004101P0005509
27.410416667,28.693313763,0.,1.,1.465066402E-02,0.998599629,     0004101P0005510
5.083443081E-02;                                                 0004101P0005511
144,4105,1,0,4111;                                               0004103P0005512
122,4107,10.754715444,27.47542269,27.641506964;                  0004105P0005513
100,0.,0.,0.,0.2,-1.776356839E-15,0.2,-1.776356839E-15;          0004107P0005514
124,-3.5E-16,-1.,4.E-17,10.921135143,5.E-17,-4.E-17,-1.,         0004109P0005515
27.458333333,1.,-3.5E-16,5.E-17,27.751229085;                    0004109P0005516
142,0,4105,0,4113,2;                                             0004111P0005517
102,3,4115,4119,4121;                                            0004113P0005518
100,0.,0.,0.,0.195995439,-3.982195027E-02,0.2,0.;                0004115P0005519
124,-3.9E-16,-1.,4.E-17,10.921135143,5.E-17,-4.E-17,-1.,         0004117P0005520
27.458333333,1.,-3.9E-16,5.E-17,27.751229085;                    0004117P0005521
110,10.921135143,27.458333333,27.951229085,10.754715444,         0004119P0005522
27.47542269,27.641506964;                                        0004119P0005523
126,6,6,0,0,1,0,0.,0.,0.,0.,0.,0.,0.,1.,1.,1.,1.,1.,1.,1.,1.,1., 0004121P0005524
1.,1.,1.,1.,1.,10.754715444,27.47542269,27.641506964,10.7883637, 0004121P0005525
27.47243888,27.695584587,10.822471071,27.469509063,27.7485572,   0004121P0005526
10.856891366,27.466636413,27.800265489,10.891505057,             0004121P0005527
27.463818869,27.850629195,10.926216323,27.46105289,27.899613811, 0004121P0005528
10.960957093,27.458333333,27.947224525,0.,1.,1.775922312E-02,    0004121P0005529
0.998883165,4.378393564E-02;                                     0004121P0005530
144,4125,1,0,4131;                                               0004123P0005531
122,4127,10.4545127,27.50625,27.082802487;                       0004125P0005532
100,0.,0.,0.,0.2,-1.776356839E-15,0.2,-1.776356839E-15;          0004127P0005533
124,-3.5E-16,-1.,4.E-17,10.921135143,5.E-17,-4.E-17,-1.,         0004129P0005534
27.458333333,1.,-3.5E-16,5.E-17,27.751229085;                    0004129P0005535
142,0,4125,0,4133,2;                                             0004131P0005536
102,5,4135,4137,4141,4143,4147;                                  0004133P0005537
110,10.754715444,27.47542269,27.641506964,10.921135143,          0004135P0005538
27.458333333,27.951229085;                                       0004135P0005539
100,0.,0.,0.,0.2,0.,-0.110343453,0.166806242;                    0004137P0005540
124,-3.9E-16,-1.,4.E-17,10.921135143,5.E-17,-4.E-17,-1.,         0004139P0005541
27.458333333,1.,-3.9E-16,5.E-17,27.751229085;                    0004139P0005542
126,16,6,0,0,1,0,0.,0.,0.,0.,0.,0.,0.,0.356327322,0.356327322,   0004141P0005543
0.356327322,0.356327322,0.356327322,0.718021179,0.718021179,     0004141P0005544
0.718021179,0.718021179,0.718021179,1.,1.,1.,1.,1.,1.,1.,1.,1.,  0004141P0005545
1.,1.,1.,1.,1.,1.,1.,1.,1.,1.,1.,1.,1.,1.,1.,10.754328901,       0004141P0005546
27.458333333,27.640885632,10.723494554,27.461261752,             0004141P0005547
27.591314194,10.692909136,27.464219543,27.540593901,             0004141P0005548
10.662654166,27.467197194,27.488773887,10.63283744,27.470183085, 0004141P0005549
27.435950702,10.603593623,27.473163649,27.382301352,             0004141P0005550
10.546146662,27.479128002,27.27311526,10.517955201,27.482112236, 0004141P0005551
27.217542488,10.490682414,27.485059767,27.161705903,             0004141P0005552
10.464438794,27.48796118,27.105868842,10.439289987,27.490812029, 0004141P0005553
27.050255929,10.396536347,27.495792503,26.952005568,             0004141P0005554
10.378486247,27.497943093,26.909200046,10.361121122,             0004141P0005555
27.500062726,26.866695126,10.344436186,27.502152563,             0004141P0005556
26.824540592,10.328419306,27.50421433,26.782773155,10.313054089, 0004141P0005557
27.50625,26.741418396,0.,1.,4.164468415E-02,0.998599627,         0004141P0005558
3.262674292E-02;                                                 0004141P0005559
100,0.,0.,0.,-0.141384092,-0.141458611,0.2,0.;                   0004143P0005560
124,-3.5E-16,1.,-4.E-17,10.4545127,5.E-17,4.E-17,1.,27.50625,1., 0004145P0005561
3.5E-16,-5.E-17,26.882802487;                                    0004145P0005562
126,21,5,0,0,1,0,0.,0.,0.,0.,0.,0.,2.432077417E-02,              0004147P0005563
2.432077417E-02,2.432077417E-02,2.432077417E-02,4.601125093E-02, 0004147P0005564
4.601125093E-02,4.601125093E-02,4.601125093E-02,9.241157491E-02, 0004147P0005565
9.241157491E-02,9.241157491E-02,9.241157491E-02,0.57281644,      0004147P0005566
0.57281644,0.57281644,0.57281644,1.,1.,1.,1.,1.,1.,1.,1.,1.,1.,  0004147P0005567
1.,1.,1.,1.,1.,1.,1.,1.,1.,1.,1.,1.,1.,1.,1.,1.,1.,1.,           0004147P0005568
10.4545127,27.50625,27.082802487,10.454849864,27.5062094,        0004147P0005569
27.083538311,10.456073756,27.506053488,27.086363877,             0004147P0005570
10.457496652,27.505880002,27.089507617,10.458805767,             0004147P0005571
27.505727929,27.092262876,10.461184739,27.505443368,             0004147P0005572
27.097418221,10.462308106,27.505309221,27.099848335,             0004147P0005573
10.463433358,27.505175073,27.102278256,10.464560501,             0004147P0005574
27.505040926,27.104707992,10.468104786,27.50461981,27.112334872, 0004147P0005575
10.470530854,27.504332586,27.117535999,10.472967755,             0004147P0005576
27.504045116,27.122740844,10.475415493,27.50375741,27.127949306, 0004147P0005577
10.503328856,27.500488378,27.187123333,10.529952398,             0004147P0005578
27.497482208,27.241476784,10.557728645,27.494464073,             0004147P0005579
27.296069919,10.586592685,27.49144984,27.350673777,10.642838613, 0004147P0005580
27.485796762,27.453196711,10.670037027,27.483152658,             0004147P0005581
27.501198351,10.697834657,27.480538008,27.548703163,             0004147P0005582
10.726102124,27.477960019,27.595521212,10.754715444,27.47542269, 0004147P0005583
27.641506964,0.,1.,-1.281382392E-03,0.998442375,5.577796087E-02; 0004147P0005584
144,4151,1,0,4157;                                               0004149P0005585
122,4153,10.170394257,27.554166667,26.138780257;                 0004151P0005586
100,0.,0.,0.,0.2,0.,0.2,0.;                                      0004153P0005587
124,-4.E-16,-1.,4.E-17,10.4545127,5.E-17,-4.E-17,-1.,27.50625,   0004155P0005588
1.,-4.E-16,5.E-17,26.882802487;                                  0004155P0005589
142,0,4151,0,4159,2;                                             0004157P0005590
102,4,4161,4163,4167,4169;                                       0004159P0005591
126,21,6,0,0,1,0,0.,0.,0.,0.,0.,0.,0.,0.355869858,0.355869858,   0004161P0005592
0.355869858,0.355869858,0.355869858,0.716650081,0.716650081,     0004161P0005593
0.716650081,0.716650081,0.716650081,0.980543971,0.980543971,     0004161P0005594
0.980543971,0.980543971,0.980543971,1.,1.,1.,1.,1.,1.,1.,1.,1.,  0004161P0005595
1.,1.,1.,1.,1.,1.,1.,1.,1.,1.,1.,1.,1.,1.,1.,1.,1.,1.,1.,1.,     0004161P0005596
10.130469037,27.554166667,26.134754686,10.143740137,27.55123339, 0004161P0005597
26.191704469,10.158002916,27.548270641,26.249292763,             0004161P0005598
10.173280376,27.545287982,26.307426683,10.189580474,             0004161P0005599
27.542297096,26.365960871,10.206872992,27.539311624,26.42467359, 0004161P0005600
10.243510872,27.533341463,26.542620188,10.26288777,27.530356274, 0004161P0005601
26.601871677,10.283100748,27.527407906,26.660657625,             0004161P0005602
10.304041534,27.524505752,26.718713702,10.325597621,             0004161P0005603
27.521654232,26.775834904,10.363802819,27.516807431,26.87286314, 0004161P0005604
10.380218711,27.5147874,26.913282644,10.396875904,27.512794661,  0004161P0005605
26.953090328,10.413742274,27.510828296,26.992258971,             0004161P0005606
10.430788969,27.508886918,27.030773085,10.44925927,27.506827505, 0004161P0005607
27.071416956,10.450169054,27.506723195,27.073475269,             0004161P0005608
10.451280082,27.506599428,27.075915874,10.452691727,             0004161P0005609
27.506446595,27.078928429,10.454043031,27.506302027,             0004161P0005610
27.081777486,10.4545127,27.50625,27.082802487,0.,1.,             0004161P0005611
-6.379380627E-03,0.998599505,5.25198291E-02;                     0004161P0005612
100,0.,0.,0.,0.2,0.,-0.141384092,0.141458611;                    0004163P0005613
124,-3.5E-16,-1.,4.E-17,10.4545127,5.E-17,-4.E-17,-1.,27.50625,  0004165P0005614
1.,-3.5E-16,5.E-17,26.882802487;                                 0004165P0005615
126,16,6,0,0,1,0,0.,0.,0.,0.,0.,0.,0.,0.356327322,0.356327322,   0004167P0005616
0.356327322,0.356327322,0.356327322,0.718021179,0.718021179,     0004167P0005617
0.718021179,0.718021179,0.718021179,1.,1.,1.,1.,1.,1.,1.,1.,1.,  0004167P0005618
1.,1.,1.,1.,1.,1.,1.,1.,1.,1.,1.,1.,1.,1.,1.,10.313054089,       0004167P0005619
27.50625,26.741418396,10.292721706,27.509178419,26.686694739,    0004167P0005620
10.272862299,27.51213621,26.63089492,10.253545955,27.515113861,  0004167P0005621
26.574083336,10.234859059,27.518099752,26.516376093,10.21689828, 0004167P0005622
27.521080316,26.45797349,10.18237279,27.527044668,26.339526259,  0004167P0005623
10.165826709,27.530028903,26.279448654,10.150233456,             0004167P0005624
27.532976434,26.219295686,10.135648803,27.535877846,             0004167P0005625
26.159347434,10.122092298,27.538728695,26.099837101,             0004167P0005626
10.099784921,27.543709169,25.99503544,10.090631231,27.545859759, 0004167P0005627
25.94949064,10.082088834,27.547979392,25.90437697,10.074143115,  0004167P0005628
27.55006923,25.859742259,10.066774867,27.552130996,25.815620064, 0004167P0005629
10.059962924,27.554166667,25.772032182,0.,1.,3.430392847E-02,    0004167P0005630
0.998599627,4.027436608E-02;                                     0004167P0005631
100,0.,0.,0.,-0.166748075,-0.110431333,0.195974429,              0004169P0005632
-3.992522073E-02;                                                0004169P0005633
124,-4.E-16,1.,-4.E-17,10.170394257,5.E-17,4.E-17,1.,            0004171P0005634
27.554166667,1.,4.E-16,-5.E-17,25.938780257;                     0004171P0005635
144,4175,1,0,4181;                                               0004173P0005636
122,4177,10.080187339,27.602083333,25.157065445;                 0004175P0005637
100,0.,0.,0.,0.2,0.,0.2,0.;                                      0004177P0005638
124,-4.E-16,-1.,4.E-17,10.170394257,5.E-17,-4.E-17,-1.,          0004179P0005639
27.554166667,1.,-4.E-16,5.E-17,25.938780257;                     0004179P0005640
142,0,4175,0,4183,2;                                             0004181P0005641
102,4,4185,4189,4191,4195;                                       0004183P0005642
100,0.,0.,0.,0.195974429,3.992522073E-02,-0.166748075,           0004185P0005643
0.110431333;                                                     0004185P0005644
124,-4.E-16,-1.,4.E-17,10.170394257,5.E-17,-4.E-17,-1.,          0004187P0005645
27.554166667,1.,-4.E-16,5.E-17,25.938780257;                     0004187P0005646
126,16,6,0,0,1,0,0.,0.,0.,0.,0.,0.,0.,0.356327322,0.356327322,   0004189P0005647
0.356327322,0.356327322,0.356327322,0.718021179,0.718021179,     0004189P0005648
0.718021179,0.718021179,0.718021179,1.,1.,1.,1.,1.,1.,1.,1.,1.,  0004189P0005649
1.,1.,1.,1.,1.,1.,1.,1.,1.,1.,1.,1.,1.,1.,1.,10.059962924,       0004189P0005650
27.554166667,25.772032182,10.050948862,27.557095085,             0004189P0005651
25.714353494,10.042612834,27.560052877,25.655714543,             0004189P0005652
10.035010679,27.563030528,25.59619241,10.028203901,27.566016419, 0004189P0005653
25.535918089,10.022247296,27.568996983,25.475107132,             0004189P0005654
10.012029496,27.574961335,25.352154488,10.007793131,27.57794557, 0004189P0005655
25.289984201,10.004505489,27.580893101,25.227930027,             0004189P0005656
10.002165387,27.583794513,25.166277541,10.000745485,             0004189P0005657
27.586645362,25.105259164,9.999780026,27.591625836,24.998114051, 0004189P0005658
9.999890271,27.593776426,24.951658625,10.000513585,27.595896059, 0004189P0005659
24.905747544,10.001626109,27.597985897,24.860424767,             0004189P0005660
10.003202331,27.600047663,24.815719346,10.005217166,             0004189P0005661
27.602083333,24.77164842,0.,1.,2.55858498E-02,0.998599627,       0004189P0005662
4.630494964E-02;                                                 0004189P0005663
100,0.,0.,0.,-0.185417025,-7.497017223E-02,0.184080375,          0004191P0005664
-7.81947272E-02;                                                 0004191P0005665
124,-4.E-16,1.,-4.E-17,10.080187339,5.E-17,4.E-17,1.,            0004193P0005666
27.602083333,1.,4.E-16,-5.E-17,24.957065445;                     0004193P0005667
126,16,6,0,0,1,0,0.,0.,0.,0.,0.,0.,0.,0.356918438,0.356918438,   0004195P0005668
0.356918438,0.356918438,0.356918438,0.717729341,0.717729341,     0004195P0005669
0.717729341,0.717729341,0.717729341,1.,1.,1.,1.,1.,1.,1.,1.,1.,  0004195P0005670
1.,1.,1.,1.,1.,1.,1.,1.,1.,1.,1.,1.,1.,1.,1.,10.001992611,       0004195P0005671
27.602083333,25.141145821,10.00364333,27.599150057,25.199598152, 0004195P0005672
10.00613852,27.596187308,25.258873885,10.009519241,27.593204649, 0004195P0005673
25.318886584,10.013822269,27.590213763,25.379495398,             0004195P0005674
10.019062201,27.587228291,25.440477016,10.031432003,             0004195P0005675
27.581266705,25.56318372,10.038583914,27.578289976,25.624931979, 0004195P0005676
10.046642821,27.575349806,25.686393467,10.055555858,             0004195P0005677
27.572455534,25.747289713,10.065254313,27.569611572,             0004195P0005678
25.807398858,10.083808462,27.564635301,25.91283564,10.09238989,  0004195P0005679
27.562482355,25.958542973,10.101377534,27.560360434,             0004195P0005680
26.003620394,10.110739824,27.558268374,26.048028872,             0004195P0005681
10.120446282,27.556204445,26.091744407,10.130469037,             0004195P0005682
27.554166667,26.134754686,0.,1.,-1.671894278E-02,0.998599629,    0004195P0005683
5.019221318E-02;                                                 0004195P0005684
144,4199,1,0,4205;                                               0004197P0005685
122,4201,10.187513804,27.65,24.177074481;                        0004199P0005686
100,0.,0.,0.,0.2,0.,0.2,0.;                                      0004201P0005687
124,-4.E-16,-1.,4.E-17,10.080187339,4.E-17,-4.E-17,-1.,          0004203P0005688
27.602083333,1.,-4.E-16,4.E-17,24.957065445;                     0004203P0005689
142,0,4199,0,4207,2;                                             0004205P0005690
102,4,4209,4213,4215,4219;                                       0004207P0005691
100,0.,0.,0.,0.184080375,7.81947272E-02,-0.185417025,            0004209P0005692
7.497017223E-02;                                                 0004209P0005693
124,-4.E-16,-1.,4.E-17,10.080187339,5.E-17,-4.E-17,-1.,          0004211P0005694
27.602083333,1.,-4.E-16,5.E-17,24.957065445;                     0004211P0005695
126,16,6,0,0,1,0,0.,0.,0.,0.,0.,0.,0.,0.356327322,0.356327322,   0004213P0005696
0.356327322,0.356327322,0.356327322,0.718021179,0.718021179,     0004213P0005697
0.718021179,0.718021179,0.718021179,1.,1.,1.,1.,1.,1.,1.,1.,1.,  0004213P0005698
1.,1.,1.,1.,1.,1.,1.,1.,1.,1.,1.,1.,1.,1.,1.,10.005217166,       0004213P0005699
27.602083333,24.77164842,10.007883345,27.605011752,24.713330534, 0004213P0005700
10.011405391,27.607969543,24.654206841,10.015822657,             0004213P0005701
27.610947194,24.594364006,10.021169294,27.613933085,             0004213P0005702
24.533942656,10.027456025,27.616913649,24.473164941,             0004213P0005703
10.041956164,27.622878002,24.350643506,10.050199607,             0004213P0005704
27.625862236,24.28887671,10.059349579,27.628809767,24.227412842, 0004213P0005705
10.069347983,27.63171118,24.166531507,10.080121694,27.634562029, 0004213P0005706
24.106455008,10.100536916,27.639542503,24.001268385,             0004213P0005707
10.109906671,27.641693093,23.955767543,10.119670669,             0004213P0005708
27.643812726,23.91090241,10.129796767,27.645902563,23.866711303, 0004213P0005709
10.140254173,27.64796433,23.823217604,10.15101489,27.65,         0004213P0005710
23.780433109,0.,1.,1.584048414E-02,0.998599627,5.047636212E-02;  0004213P0005711
100,0.,0.,0.,-0.196641372,-3.649891454E-02,0.164795386,          0004215P0005712
-0.113324669;                                                    0004215P0005713
124,-4.E-16,1.,-4.E-17,10.187513804,4.E-17,4.E-17,1.,27.65,1.,   0004217P0005714
4.E-16,-4.E-17,23.977074481;                                     0004217P0005715
126,16,6,0,0,1,0,0.,0.,0.,0.,0.,0.,0.,0.356918438,0.356918438,   0004219P0005716
0.356918438,0.356918438,0.356918438,0.717729341,0.717729341,     0004219P0005717
0.717729341,0.717729341,0.717729341,1.,1.,1.,1.,1.,1.,1.,1.,1.,  0004219P0005718
1.,1.,1.,1.,1.,1.,1.,1.,1.,1.,1.,1.,1.,1.,1.,10.074189135,27.65, 0004219P0005719
24.141869868,10.064153194,27.647066724,24.199477851,             0004219P0005720
10.054780613,27.644103975,24.258061067,10.046128857,             0004219P0005721
27.641121315,24.317543002,10.038262046,27.638130429,             0004219P0005722
24.377792961,10.031239006,27.635144957,24.43859503,10.018896698, 0004219P0005723
27.629183371,24.561304502,10.013594409,27.626206642,             0004219P0005724
24.623239008,10.009238081,27.623266473,24.685073326,             0004219P0005725
10.005831428,27.620372201,24.746524036,10.003351347,             0004219P0005726
27.617528239,24.807360033,10.000512303,27.612551968,             0004219P0005727
24.914379243,9.99980888,27.610399022,24.960879849,9.999629102,   0004219P0005728
27.608277101,25.006844176,9.999949814,27.60618504,25.052227681,  0004219P0005729
10.000745937,27.604121112,25.09700077,10.001992611,27.602083333, 0004219P0005730
25.141145821,0.,1.,-2.639002292E-02,0.998599629,4.585136859E-02; 0004219P0005731
144,4223,1,0,4225;                                               0004221P0005732
108,-0.,-1.,-0.,-27.65,0,10.187513804,27.65,23.977074481,0.;     0004223P0005733
142,0,4223,0,4227,2;                                             0004225P0005734
102,2,4229,4233;                                                 0004227P0005735
100,0.,0.,0.,0.164795386,0.113324669,-0.196641372,               0004229P0005736
3.649891454E-02;                                                 0004229P0005737
124,-4.E-16,-1.,4.E-17,10.187513804,4.E-17,-4.E-17,-1.,27.65,1., 0004231P0005738
-4.E-16,4.E-17,23.977074481;                                     0004231P0005739
100,0.,0.,0.,-1.219566891,-4.84898511,-0.858130132,-4.925810865; 0004233P0005740
124,0.,1.,0.,15.,0.,0.,1.,27.65,1.,0.,0.,25.;                    0004235P0005741
144,4239,1,0,4245;                                               0004237P0005742
122,4241,10.921135143,27.458333333,27.951229085;                 0004239P0005743
100,0.,0.,0.,0.2,0.,0.2,0.;                                      0004241P0005744
124,-3.9E-16,-1.,4.E-17,11.55152642,5.E-17,-4.E-17,-1.,          0004243P0005745
27.410416667,1.,-3.9E-16,5.E-17,28.50919221;                     0004243P0005746
142,0,4239,0,4247,2;                                             0004245P0005747
102,4,4249,4251,4255,4257;                                       0004247P0005748
110,10.921135143,27.458333333,27.951229085,11.55152642,          0004249P0005749
27.410416667,28.70919221;                                        0004249P0005750
100,0.,0.,0.,0.2,0.,-7.487245993E-02,0.185456504;                0004251P0005751
124,-3.9E-16,-1.,3.E-17,11.55152642,5.E-17,-3.E-17,-1.,          0004253P0005752
27.410416667,1.,-3.9E-16,5.E-17,28.50919221;                     0004253P0005753
126,16,6,0,0,1,0,0.,0.,0.,0.,0.,0.,0.,0.356327322,0.356327322,   0004255P0005754
0.356327322,0.356327322,0.356327322,0.718021179,0.718021179,     0004255P0005755
0.718021179,0.718021179,0.718021179,1.,1.,1.,1.,1.,1.,1.,1.,1.,  0004255P0005756
1.,1.,1.,1.,1.,1.,1.,1.,1.,1.,1.,1.,1.,1.,1.,11.366069916,       0004255P0005757
27.410416667,28.43431975,11.325971622,27.413345085,28.391890854, 0004255P0005758
11.285888216,27.416302877,28.348286537,11.245909373,             0004255P0005759
27.419280528,28.303538696,11.206159978,27.422266419,             0004255P0005760
28.257720451,11.166807279,27.425246983,28.210978407,             0004255P0005761
11.088745378,27.431211335,28.115437339,11.05004044,27.43419557,  0004255P0005762
28.066600681,11.012183137,27.437143101,28.017322351,             0004255P0005763
10.975334246,27.440044513,27.967838372,10.939602877,             0004255P0005764
27.442895362,27.918355771,10.878119557,27.447875836,27.83060152, 0004255P0005765
10.85189777,27.450026426,27.792253942,10.826407137,27.452146059, 0004255P0005766
27.754064369,10.801652894,27.454235897,27.716082542,10.77763047, 0004255P0005767
27.456297663,27.678346851,10.754328901,27.458333333,             0004255P0005768
27.640885632,0.,1.,4.731338115E-02,0.998599627,2.366913676E-02;  0004255P0005769
100,0.,0.,0.,-0.110343453,-0.166806242,0.2,0.;                   0004257P0005770
124,-3.9E-16,1.,-4.E-17,10.921135143,5.E-17,4.E-17,1.,           0004259P0005771
27.458333333,1.,3.9E-16,-5.E-17,27.751229085;                    0004259P0005772
144,4263,1,0,4269;                                               0004261P0005773
122,4265,11.55152642,27.410416667,28.70919221;                   0004263P0005774
100,0.,0.,0.,0.2,0.,0.2,0.;                                      0004265P0005775
124,-3.9E-16,-1.,3.E-17,12.320375948,5.E-17,-3.E-17,-1.,27.3625, 0004267P0005776
1.,-3.9E-16,5.E-17,29.126259194;                                 0004267P0005777
142,0,4263,0,4271,2;                                             0004269P0005778
102,4,4273,4275,4279,4281;                                       0004271P0005779
110,11.55152642,27.410416667,28.70919221,12.320375948,27.3625,   0004273P0005780
29.326259194;                                                    0004273P0005781
100,0.,0.,0.,0.2,0.,-3.639529313E-02,0.196660577;                0004275P0005782
124,-3.2E-16,-1.,4.E-17,12.320375948,3.E-17,-4.E-17,-1.,27.3625, 0004277P0005783
1.,-3.2E-16,3.E-17,29.126259194;                                 0004277P0005784
126,16,6,0,0,1,0,0.,0.,0.,0.,0.,0.,0.,0.356327322,0.356327322,   0004279P0005785
0.356327322,0.356327322,0.356327322,0.718021179,0.718021179,     0004279P0005786
0.718021179,0.718021179,0.718021179,1.,1.,1.,1.,1.,1.,1.,1.,1.,  0004279P0005787
1.,1.,1.,1.,1.,1.,1.,1.,1.,1.,1.,1.,1.,1.,1.,12.12371537,        0004279P0005788
27.3625,29.089863901,12.075963101,27.365428419,29.056281092,     0004279P0005789
12.027991078,27.36838621,29.021543491,11.979893538,27.371363861, 0004279P0005790
28.985664475,11.931807434,27.374349752,28.948690799,             0004279P0005791
11.883925888,27.377330316,28.910732782,11.788383277,             0004279P0005792
27.383294668,28.83267277,11.740718888,27.386278903,28.792533045, 0004279P0005793
11.693797064,27.389226434,28.751791525,11.647822406,             0004279P0005794
27.392127846,28.710647438,11.602943111,27.394978695,             0004279P0005795
28.669281904,11.525198703,27.399959169,28.595547148,             0004279P0005796
11.491858049,27.402109759,28.563197193,11.459265371,             0004279P0005797
27.404229392,28.530856302,11.427435718,27.40631923,28.498572173, 0004279P0005798
11.396372264,27.408380996,28.466383339,11.366069916,             0004279P0005799
27.410416667,28.43431975,0.,1.,5.108241795E-02,0.998599627,      0004279P0005800
1.376120078E-02;                                                 0004279P0005801
100,0.,0.,0.,-7.487245993E-02,-0.185456504,0.2,0.;               0004281P0005802
124,-3.9E-16,1.,-3.E-17,11.55152642,5.E-17,3.E-17,1.,            0004283P0005803
27.410416667,1.,3.9E-16,-5.E-17,28.50919221;                     0004283P0005804
144,4287,1,0,4293;                                               0004285P0005805
122,4289,12.320375948,27.3625,29.326259194;                      0004287P0005806
100,0.,0.,0.,0.2,0.,0.2,0.;                                      0004289P0005807
124,-3.2E-16,-1.,4.E-17,13.196813965,3.E-17,-4.E-17,-1.,         0004291P0005808
27.314583333,1.,-3.2E-16,3.E-17,29.577654434;                    0004291P0005809
142,0,4287,0,4295,2;                                             0004293P0005810
102,4,4297,4299,4303,4305;                                       0004295P0005811
110,12.320375948,27.3625,29.326259194,13.196813965,27.314583333, 0004297P0005812
29.777654434;                                                    0004297P0005813
100,0.,0.,0.,0.2,0.,3.543166198E-03,0.199968612;                 0004299P0005814
124,-3.7E-16,-1.,3.E-17,13.196813965,6.E-17,-3.E-17,-1.,         0004301P0005815
27.314583333,1.,-3.7E-16,6.E-17,29.577654434;                    0004301P0005816
126,16,6,0,0,1,0,0.,0.,0.,0.,0.,0.,0.,0.356327322,0.356327322,   0004303P0005817
0.356327322,0.356327322,0.356327322,0.718021179,0.718021179,     0004303P0005818
0.718021179,0.718021179,0.718021179,1.,1.,1.,1.,1.,1.,1.,1.,1.,  0004303P0005819
1.,1.,1.,1.,1.,1.,1.,1.,1.,1.,1.,1.,1.,1.,1.,12.996845352,       0004303P0005820
27.314583333,29.581197601,12.943356388,27.317511752,             0004303P0005821
29.557809247,12.889421854,27.320469543,29.533333097,             0004303P0005822
12.835136761,27.323447194,29.50776347,12.780644635,27.326433085, 0004303P0005823
29.481118879,12.726156713,27.329413649,29.453468926,             0004303P0005824
12.616969484,27.335378002,29.396024124,12.562259399,             0004303P0005825
27.338362236,29.366192967,12.508156991,27.341309767,             0004303P0005826
29.335624052,12.454902476,27.34421118,29.304471818,12.402677185, 0004303P0005827
27.347062029,29.272884201,12.311793173,27.352042503,             0004303P0005828
29.216129434,12.272672299,27.354193093,29.191075971,             0004303P0005829
12.234286192,27.356312726,29.165882268,12.196659109,             0004303P0005830
27.358402563,29.140592065,12.159801842,27.36046433,29.115242487, 0004303P0005831
12.12371537,27.3625,29.089863901,0.,1.,5.280046551E-02,          0004303P0005832
0.998599627,3.300744455E-03;                                     0004303P0005833
100,0.,0.,0.,-3.639529313E-02,-0.196660577,0.2,0.;               0004305P0005834
124,-3.2E-16,1.,-4.E-17,12.320375948,3.E-17,4.E-17,1.,27.3625,   0004307P0005835
1.,3.2E-16,-3.E-17,29.126259194;                                 0004307P0005836
144,4311,1,0,4317;                                               0004309P0005837
122,4313,13.196813965,27.314583333,29.777654434;                 0004311P0005838
100,0.,0.,0.,0.2,0.,0.2,0.;                                      0004313P0005839
124,-3.7E-16,-1.,3.E-17,14.145650966,6.E-17,-3.E-17,-1.,         0004315P0005840
27.266666667,1.,-3.7E-16,6.E-17,29.845254145;                    0004315P0005841
142,0,4311,0,4319,2;                                             0004317P0005842
102,4,4321,4323,4327,4329;                                       0004319P0005843
110,13.196813965,27.314583333,29.777654434,14.145650966,         0004321P0005844
27.266666667,30.045254145;                                       0004321P0005845
100,0.,0.,0.,0.2,0.,4.333936531E-02,0.19524779;                  0004323P0005846
124,-3.7E-16,-1.,2.E-17,14.145650966,6.E-17,-2.E-17,-1.,         0004325P0005847
27.266666667,1.,-3.7E-16,6.E-17,29.845254145;                    0004325P0005848
126,16,6,0,0,1,0,0.,0.,0.,0.,0.,0.,0.,0.356327322,0.356327322,   0004327P0005849
0.356327322,0.356327322,0.356327322,0.718021179,0.718021179,     0004327P0005850
0.718021179,0.718021179,0.718021179,1.,1.,1.,1.,1.,1.,1.,1.,1.,  0004327P0005851
1.,1.,1.,1.,1.,1.,1.,1.,1.,1.,1.,1.,1.,1.,1.,13.950403176,       0004327P0005852
27.266666667,29.88859351,13.893325131,27.269595085,29.876338669, 0004327P0005853
13.835593589,27.272552877,29.863106701,13.777300522,             0004327P0005854
27.275530528,29.848873099,13.718590264,27.278516419,             0004327P0005855
29.833627389,13.659683689,27.281496983,29.817395661,             0004327P0005856
13.541235775,27.287461335,29.782872513,13.481676634,27.29044557, 0004327P0005857
29.764547662,13.422565887,27.293393101,29.745378712,             0004327P0005858
13.364169716,27.296294513,29.725469111,13.306695305,             0004327P0005859
27.299145362,29.704927673,13.206320736,27.304125836,             0004327P0005860
29.667431633,13.162990367,27.306276426,29.650680573,             0004327P0005861
13.120352057,27.308396059,29.6336456,13.078438292,27.310485897,  0004327P0005862
29.616364739,13.037267053,27.312547663,29.598872219,             0004327P0005863
12.996845352,27.314583333,29.581197601,0.,1.,-5.239854316E-02,   0004327P0005864
-0.998599627,7.292238709E-03;                                    0004327P0005865
100,0.,0.,0.,3.543166198E-03,-0.199968612,0.2,0.;                0004329P0005866
124,-3.7E-16,1.,-3.E-17,13.196813965,6.E-17,3.E-17,1.,           0004331P0005867
27.314583333,1.,3.7E-16,-6.E-17,29.577654434;                    0004331P0005868
144,4335,1,0,4341;                                               0004333P0005869
122,4337,14.145650966,27.266666667,30.045254145;                 0004335P0005870
100,0.,0.,0.,0.2,0.,0.2,0.;                                      0004337P0005871
124,-3.7E-16,-1.,2.E-17,15.128790586,6.E-17,-2.E-17,-1.,         0004339P0005872
27.21875,1.,-3.7E-16,6.E-17,29.918314039;                        0004339P0005873
142,0,4335,0,4343,2;                                             0004341P0005874
102,4,4345,4347,4351,4353;                                       0004343P0005875
110,14.145650966,27.266666667,30.045254145,15.128790586,         0004345P0005876
27.21875,30.118314039;                                           0004345P0005877
100,0.,0.,0.,0.2,0.,8.139546329E-02,0.182687653;                 0004347P0005878
124,-3.9E-16,-1.,2.E-17,15.128790586,6.E-17,-2.E-17,-1.,         0004349P0005879
27.21875,1.,-3.9E-16,6.E-17,29.918314039;                        0004349P0005880
126,16,6,0,0,1,0,0.,0.,0.,0.,0.,0.,0.,0.356327322,0.356327322,   0004351P0005881
0.356327322,0.356327322,0.356327322,0.718021179,0.718021179,     0004351P0005882
0.718021179,0.718021179,0.718021179,1.,1.,1.,1.,1.,1.,1.,1.,1.,  0004351P0005883
1.,1.,1.,1.,1.,1.,1.,1.,1.,1.,1.,1.,1.,1.,1.,14.946102933,       0004351P0005884
27.21875,29.999709502,14.887727524,27.221678419,29.999080213,    0004351P0005885
14.82851693,27.22463621,29.997623699,14.768556389,27.227613861,  0004351P0005886
29.995297609,14.707985252,27.230599752,29.992062904,             0004351P0005887
14.647025157,27.233580316,29.987901114,14.524072311,             0004351P0005888
27.239544668,29.977685744,14.46205545,27.242528903,29.971602953, 0004351P0005889
14.400309694,27.245476434,29.964603614,14.339116508,             0004351P0005890
27.248377846,29.956736028,14.278700609,27.251228695,29.94806552, 0004351P0005891
14.172865581,27.256209169,29.931333694,14.127065458,             0004351P0005892
27.258359759,29.923557603,14.081886897,27.260479392,             0004351P0005893
29.915365324,14.037369314,27.26256923,29.906787642,13.993537152, 0004351P0005894
27.264630996,29.897854514,13.950403176,27.266666667,29.88859351, 0004351P0005895
0.,1.,-4.989278837E-02,-0.998599627,1.759243418E-02;             0004351P0005896
100,0.,0.,0.,4.333936531E-02,-0.19524779,0.2,0.;                 0004353P0005897
124,-3.7E-16,1.,-2.E-17,14.145650966,6.E-17,2.E-17,1.,           0004355P0005898
27.266666667,1.,3.7E-16,-6.E-17,29.845254145;                    0004355P0005899
144,4359,1,0,4361,0,1,4397;                                      0004357P0005900
108,0.,0.,1.,0.,0,0.,0.,0.,0.;                                   0004359P0005901
142,0,0,0,0,0;                                                   0004361P0005902
144,4365,1,0,4367,0,1,4413;                                      0004363P0005903
108,0.,-1.,-2.220446049E-16,0.,0,0.,0.,0.,0.;                    0004365P0005904
142,0,0,0,0,0;                                                   0004367P0005905
144,4371,1,0,4373,0,1,4395;                                      0004369P0005906
108,1.,1.232595164E-32,1.110223025E-16,0.,0,0.,0.,0.,0.;         0004371P0005907
142,0,0,0,0,0;                                                   0004373P0005908
102,4,4377,4379,4381,4383,0,1,4399;                              0004375P0005909
110,0.,0.,0.,30.,0.,0.;                                          0004377P0005910
110,30.,0.,0.,30.,30.,0.;                                        0004379P0005911
110,30.,30.,0.,0.,30.,0.;                                        0004381P0005912
110,0.,30.,0.,0.,0.,0.;                                          0004383P0005913
110,-2.E+100,0.,0.,2.E+100,0.,0.,0,1,4393;                       0004385P0005914
110,0.,-2.E+100,2.220446049E+84,0.,2.E+100,-2.220446049E+84,0,1, 0004387P0005915
4415;                                                            0004387P0005916
110,0.,-2.220446049E+84,-2.E+100,0.,2.220446049E+84,2.E+100,0,1, 0004389P0005917
4417;                                                            0004389P0005918
116,0.,0.,0.,0;                                                  0004391P0005919
406,1,6HX-axis;                                                  0004393P0005920
406,1,8HYZ-plane;                                                0004395P0005921
406,1,8HXY-plane;                                                0004397P0005922
406,1,22HSketch_01_Base_X30_Y30;                                 0004399P0005923
406,1,23H_03_Base_Block_30x30x50;                                0004401P0005924
406,1,15HBody_ClampBlock;                                        0004403P0005925
406,1,25Hthreaded_clamp_block_body;                              0004405P0005926
406,1,21HPad_02_Base_Block_Z50;                                  0004407P0005927
406,1,32H_06_Tool_Y_Axis_Hole_D10_Depth28;                       0004409P0005928
406,1,31H_08_Tool_Internal_Thread_Groove;                        0004411P0005929
406,1,8HXZ-plane;                                                0004413P0005930
406,1,6HY-axis;                                                  0004415P0005931
406,1,6HZ-axis;                                                  0004417P0005932
406,1,41H_04_Tool_Side_Rectangular_Slot_Through_XZ;              0004419P0005933
S      1G      4D   4420P   5933                                        T0000001
