ISO-10303-21;
HEADER;
FILE_DESCRIPTION(('FreeCAD Model'),'2;1');
FILE_NAME('Open CASCADE Shape Model','2026-07-25T22:24:06',('FreeCAD'),(
    'FreeCAD'),'Open CASCADE STEP processor 7.8','FreeCAD','Unknown');
FILE_SCHEMA(('AUTOMOTIVE_DESIGN { 1 0 10303 214 1 1 1 1 }'));
ENDSEC;
DATA;
#1 = APPLICATION_PROTOCOL_DEFINITION('international standard',
  'automotive_design',2000,#2);
#2 = APPLICATION_CONTEXT(
  'core data for automotive mechanical design processes');
#3 = SHAPE_DEFINITION_REPRESENTATION(#4,#10);
#4 = PRODUCT_DEFINITION_SHAPE('','',#5);
#5 = PRODUCT_DEFINITION('design','',#6,#9);
#6 = PRODUCT_DEFINITION_FORMATION('','',#7);
#7 = PRODUCT('Open CASCADE STEP translator 7.8 3',
  'Open CASCADE STEP translator 7.8 3','',(#8));
#8 = PRODUCT_CONTEXT('',#2,'mechanical');
#9 = PRODUCT_DEFINITION_CONTEXT('part definition',#2,'design');
#10 = SHAPE_REPRESENTATION('',(#11,#15,#4410,#5793),#12149);
#11 = AXIS2_PLACEMENT_3D('',#12,#13,#14);
#12 = CARTESIAN_POINT('',(0.,0.,0.));
#13 = DIRECTION('',(0.,0.,1.));
#14 = DIRECTION('',(1.,0.,-0.));
#15 = MANIFOLD_SOLID_BREP('',#16);
#16 = CLOSED_SHELL('',(#17,#68,#131,#155,#179,#228,#253,#273,#290,#318,
    #335,#347,#1483,#1520,#1548,#1576,#1604,#1632,#1651,#1687,#1707,
    #1726,#1748,#1769,#1779,#1800,#1821,#1842,#1863,#1884,#1934,#3089,
    #3126,#3154,#3182,#3210,#3238,#3257,#3285,#3306,#3327,#3348,#3369,
    #3390,#3411,#3432,#3453,#3474,#3495,#3516,#3537,#3558,#3579,#3600,
    #3621,#3642,#3663,#3684,#3713,#3741,#3769,#3797,#3823,#3838,#3859,
    #3880,#3901,#3922,#3936,#3957,#3978,#3999,#4020,#4041,#4070,#4079,
    #4107,#4135,#4163,#4191,#4210,#4238,#4259,#4280,#4301,#4311,#4332,
    #4353,#4374,#4395));
#17 = ADVANCED_FACE('',(#18,#52),#63,.F.);
#18 = FACE_BOUND('',#19,.F.);
#19 = EDGE_LOOP('',(#20,#30,#38,#46));
#20 = ORIENTED_EDGE('',*,*,#21,.T.);
#21 = EDGE_CURVE('',#22,#24,#26,.T.);
#22 = VERTEX_POINT('',#23);
#23 = CARTESIAN_POINT('',(0.,0.,0.));
#24 = VERTEX_POINT('',#25);
#25 = CARTESIAN_POINT('',(0.,0.,50.));
#26 = LINE('',#27,#28);
#27 = CARTESIAN_POINT('',(0.,0.,0.));
#28 = VECTOR('',#29,1.);
#29 = DIRECTION('',(0.,0.,1.));
#30 = ORIENTED_EDGE('',*,*,#31,.T.);
#31 = EDGE_CURVE('',#24,#32,#34,.T.);
#32 = VERTEX_POINT('',#33);
#33 = CARTESIAN_POINT('',(30.,0.,50.));
#34 = LINE('',#35,#36);
#35 = CARTESIAN_POINT('',(0.,0.,50.));
#36 = VECTOR('',#37,1.);
#37 = DIRECTION('',(1.,0.,0.));
#38 = ORIENTED_EDGE('',*,*,#39,.F.);
#39 = EDGE_CURVE('',#40,#32,#42,.T.);
#40 = VERTEX_POINT('',#41);
#41 = CARTESIAN_POINT('',(30.,0.,0.));
#42 = LINE('',#43,#44);
#43 = CARTESIAN_POINT('',(30.,0.,0.));
#44 = VECTOR('',#45,1.);
#45 = DIRECTION('',(0.,0.,1.));
#46 = ORIENTED_EDGE('',*,*,#47,.F.);
#47 = EDGE_CURVE('',#22,#40,#48,.T.);
#48 = LINE('',#49,#50);
#49 = CARTESIAN_POINT('',(0.,0.,0.));
#50 = VECTOR('',#51,1.);
#51 = DIRECTION('',(1.,0.,0.));
#52 = FACE_BOUND('',#53,.F.);
#53 = EDGE_LOOP('',(#54));
#54 = ORIENTED_EDGE('',*,*,#55,.F.);
#55 = EDGE_CURVE('',#56,#56,#58,.T.);
#56 = VERTEX_POINT('',#57);
#57 = CARTESIAN_POINT('',(15.,0.,30.));
#58 = CIRCLE('',#59,5.);
#59 = AXIS2_PLACEMENT_3D('',#60,#61,#62);
#60 = CARTESIAN_POINT('',(15.,0.,25.));
#61 = DIRECTION('',(0.,1.,0.));
#62 = DIRECTION('',(0.,0.,1.));
#63 = PLANE('',#64);
#64 = AXIS2_PLACEMENT_3D('',#65,#66,#67);
#65 = CARTESIAN_POINT('',(0.,0.,0.));
#66 = DIRECTION('',(0.,1.,0.));
#67 = DIRECTION('',(1.,0.,0.));
#68 = ADVANCED_FACE('',(#69),#126,.F.);
#69 = FACE_BOUND('',#70,.F.);
#70 = EDGE_LOOP('',(#71,#79,#87,#95,#103,#111,#119,#125));
#71 = ORIENTED_EDGE('',*,*,#72,.F.);
#72 = EDGE_CURVE('',#73,#22,#75,.T.);
#73 = VERTEX_POINT('',#74);
#74 = CARTESIAN_POINT('',(0.,30.,0.));
#75 = LINE('',#76,#77);
#76 = CARTESIAN_POINT('',(0.,30.,0.));
#77 = VECTOR('',#78,1.);
#78 = DIRECTION('',(0.,-1.,0.));
#79 = ORIENTED_EDGE('',*,*,#80,.T.);
#80 = EDGE_CURVE('',#73,#81,#83,.T.);
#81 = VERTEX_POINT('',#82);
#82 = CARTESIAN_POINT('',(0.,30.,50.));
#83 = LINE('',#84,#85);
#84 = CARTESIAN_POINT('',(0.,30.,0.));
#85 = VECTOR('',#86,1.);
#86 = DIRECTION('',(0.,0.,1.));
#87 = ORIENTED_EDGE('',*,*,#88,.T.);
#88 = EDGE_CURVE('',#81,#89,#91,.T.);
#89 = VERTEX_POINT('',#90);
#90 = CARTESIAN_POINT('',(0.,25.,50.));
#91 = LINE('',#92,#93);
#92 = CARTESIAN_POINT('',(0.,30.,50.));
#93 = VECTOR('',#94,1.);
#94 = DIRECTION('',(0.,-1.,0.));
#95 = ORIENTED_EDGE('',*,*,#96,.F.);
#96 = EDGE_CURVE('',#97,#89,#99,.T.);
#97 = VERTEX_POINT('',#98);
#98 = CARTESIAN_POINT('',(0.,25.,15.));
#99 = LINE('',#100,#101);
#100 = CARTESIAN_POINT('',(0.,25.,7.5));
#101 = VECTOR('',#102,1.);
#102 = DIRECTION('',(0.,0.,1.));
#103 = ORIENTED_EDGE('',*,*,#104,.T.);
#104 = EDGE_CURVE('',#97,#105,#107,.T.);
#105 = VERTEX_POINT('',#106);
#106 = CARTESIAN_POINT('',(0.,5.,15.));
#107 = LINE('',#108,#109);
#108 = CARTESIAN_POINT('',(0.,17.5,15.));
#109 = VECTOR('',#110,1.);
#110 = DIRECTION('',(0.,-1.,0.));
#111 = ORIENTED_EDGE('',*,*,#112,.T.);
#112 = EDGE_CURVE('',#105,#113,#115,.T.);
#113 = VERTEX_POINT('',#114);
#114 = CARTESIAN_POINT('',(0.,5.,50.));
#115 = LINE('',#116,#117);
#116 = CARTESIAN_POINT('',(0.,5.,7.5));
#117 = VECTOR('',#118,1.);
#118 = DIRECTION('',(0.,0.,1.));
#119 = ORIENTED_EDGE('',*,*,#120,.T.);
#120 = EDGE_CURVE('',#113,#24,#121,.T.);
#121 = LINE('',#122,#123);
#122 = CARTESIAN_POINT('',(0.,30.,50.));
#123 = VECTOR('',#124,1.);
#124 = DIRECTION('',(0.,-1.,0.));
#125 = ORIENTED_EDGE('',*,*,#21,.F.);
#126 = PLANE('',#127);
#127 = AXIS2_PLACEMENT_3D('',#128,#129,#130);
#128 = CARTESIAN_POINT('',(0.,30.,0.));
#129 = DIRECTION('',(1.,0.,0.));
#130 = DIRECTION('',(0.,-1.,0.));
#131 = ADVANCED_FACE('',(#132),#150,.F.);
#132 = FACE_BOUND('',#133,.F.);
#133 = EDGE_LOOP('',(#134,#135,#143,#149));
#134 = ORIENTED_EDGE('',*,*,#47,.T.);
#135 = ORIENTED_EDGE('',*,*,#136,.T.);
#136 = EDGE_CURVE('',#40,#137,#139,.T.);
#137 = VERTEX_POINT('',#138);
#138 = CARTESIAN_POINT('',(30.,30.,0.));
#139 = LINE('',#140,#141);
#140 = CARTESIAN_POINT('',(30.,0.,0.));
#141 = VECTOR('',#142,1.);
#142 = DIRECTION('',(0.,1.,0.));
#143 = ORIENTED_EDGE('',*,*,#144,.T.);
#144 = EDGE_CURVE('',#137,#73,#145,.T.);
#145 = LINE('',#146,#147);
#146 = CARTESIAN_POINT('',(30.,30.,0.));
#147 = VECTOR('',#148,1.);
#148 = DIRECTION('',(-1.,0.,0.));
#149 = ORIENTED_EDGE('',*,*,#72,.T.);
#150 = PLANE('',#151);
#151 = AXIS2_PLACEMENT_3D('',#152,#153,#154);
#152 = CARTESIAN_POINT('',(15.,15.,0.));
#153 = DIRECTION('',(0.,0.,1.));
#154 = DIRECTION('',(1.,0.,0.));
#155 = ADVANCED_FACE('',(#156),#174,.T.);
#156 = FACE_BOUND('',#157,.T.);
#157 = EDGE_LOOP('',(#158,#159,#160,#168));
#158 = ORIENTED_EDGE('',*,*,#120,.T.);
#159 = ORIENTED_EDGE('',*,*,#31,.T.);
#160 = ORIENTED_EDGE('',*,*,#161,.T.);
#161 = EDGE_CURVE('',#32,#162,#164,.T.);
#162 = VERTEX_POINT('',#163);
#163 = CARTESIAN_POINT('',(30.,5.,50.));
#164 = LINE('',#165,#166);
#165 = CARTESIAN_POINT('',(30.,0.,50.));
#166 = VECTOR('',#167,1.);
#167 = DIRECTION('',(0.,1.,0.));
#168 = ORIENTED_EDGE('',*,*,#169,.T.);
#169 = EDGE_CURVE('',#162,#113,#170,.T.);
#170 = LINE('',#171,#172);
#171 = CARTESIAN_POINT('',(7.,5.,50.));
#172 = VECTOR('',#173,1.);
#173 = DIRECTION('',(-1.,0.,0.));
#174 = PLANE('',#175);
#175 = AXIS2_PLACEMENT_3D('',#176,#177,#178);
#176 = CARTESIAN_POINT('',(15.,15.,50.));
#177 = DIRECTION('',(0.,0.,1.));
#178 = DIRECTION('',(1.,0.,0.));
#179 = ADVANCED_FACE('',(#180),#223,.F.);
#180 = FACE_BOUND('',#181,.F.);
#181 = EDGE_LOOP('',(#182,#183,#184,#185,#193,#201,#209,#217));
#182 = ORIENTED_EDGE('',*,*,#136,.F.);
#183 = ORIENTED_EDGE('',*,*,#39,.T.);
#184 = ORIENTED_EDGE('',*,*,#161,.T.);
#185 = ORIENTED_EDGE('',*,*,#186,.T.);
#186 = EDGE_CURVE('',#162,#187,#189,.T.);
#187 = VERTEX_POINT('',#188);
#188 = CARTESIAN_POINT('',(30.,5.,15.));
#189 = LINE('',#190,#191);
#190 = CARTESIAN_POINT('',(30.,5.,7.5));
#191 = VECTOR('',#192,1.);
#192 = DIRECTION('',(0.,0.,-1.));
#193 = ORIENTED_EDGE('',*,*,#194,.T.);
#194 = EDGE_CURVE('',#187,#195,#197,.T.);
#195 = VERTEX_POINT('',#196);
#196 = CARTESIAN_POINT('',(30.,25.,15.));
#197 = LINE('',#198,#199);
#198 = CARTESIAN_POINT('',(30.,2.5,15.));
#199 = VECTOR('',#200,1.);
#200 = DIRECTION('',(0.,1.,0.));
#201 = ORIENTED_EDGE('',*,*,#202,.F.);
#202 = EDGE_CURVE('',#203,#195,#205,.T.);
#203 = VERTEX_POINT('',#204);
#204 = CARTESIAN_POINT('',(30.,25.,50.));
#205 = LINE('',#206,#207);
#206 = CARTESIAN_POINT('',(30.,25.,7.5));
#207 = VECTOR('',#208,1.);
#208 = DIRECTION('',(0.,0.,-1.));
#209 = ORIENTED_EDGE('',*,*,#210,.T.);
#210 = EDGE_CURVE('',#203,#211,#213,.T.);
#211 = VERTEX_POINT('',#212);
#212 = CARTESIAN_POINT('',(30.,30.,50.));
#213 = LINE('',#214,#215);
#214 = CARTESIAN_POINT('',(30.,0.,50.));
#215 = VECTOR('',#216,1.);
#216 = DIRECTION('',(0.,1.,0.));
#217 = ORIENTED_EDGE('',*,*,#218,.F.);
#218 = EDGE_CURVE('',#137,#211,#219,.T.);
#219 = LINE('',#220,#221);
#220 = CARTESIAN_POINT('',(30.,30.,0.));
#221 = VECTOR('',#222,1.);
#222 = DIRECTION('',(0.,0.,1.));
#223 = PLANE('',#224);
#224 = AXIS2_PLACEMENT_3D('',#225,#226,#227);
#225 = CARTESIAN_POINT('',(30.,0.,0.));
#226 = DIRECTION('',(-1.,0.,0.));
#227 = DIRECTION('',(0.,1.,0.));
#228 = ADVANCED_FACE('',(#229),#248,.F.);
#229 = FACE_BOUND('',#230,.F.);
#230 = EDGE_LOOP('',(#231,#240,#246,#247));
#231 = ORIENTED_EDGE('',*,*,#232,.F.);
#232 = EDGE_CURVE('',#233,#233,#235,.T.);
#233 = VERTEX_POINT('',#234);
#234 = CARTESIAN_POINT('',(15.,5.,30.));
#235 = CIRCLE('',#236,5.);
#236 = AXIS2_PLACEMENT_3D('',#237,#238,#239);
#237 = CARTESIAN_POINT('',(15.,5.,25.));
#238 = DIRECTION('',(0.,1.,0.));
#239 = DIRECTION('',(0.,0.,1.));
#240 = ORIENTED_EDGE('',*,*,#241,.F.);
#241 = EDGE_CURVE('',#56,#233,#242,.T.);
#242 = LINE('',#243,#244);
#243 = CARTESIAN_POINT('',(15.,0.,30.));
#244 = VECTOR('',#245,1.);
#245 = DIRECTION('',(0.,1.,0.));
#246 = ORIENTED_EDGE('',*,*,#55,.T.);
#247 = ORIENTED_EDGE('',*,*,#241,.T.);
#248 = CYLINDRICAL_SURFACE('',#249,5.);
#249 = AXIS2_PLACEMENT_3D('',#250,#251,#252);
#250 = CARTESIAN_POINT('',(15.,0.,25.));
#251 = DIRECTION('',(0.,1.,0.));
#252 = DIRECTION('',(0.,0.,1.));
#253 = ADVANCED_FACE('',(#254,#265),#268,.T.);
#254 = FACE_BOUND('',#255,.T.);
#255 = EDGE_LOOP('',(#256,#262,#263,#264));
#256 = ORIENTED_EDGE('',*,*,#257,.F.);
#257 = EDGE_CURVE('',#105,#187,#258,.T.);
#258 = LINE('',#259,#260);
#259 = CARTESIAN_POINT('',(-1.,5.,15.));
#260 = VECTOR('',#261,1.);
#261 = DIRECTION('',(1.,0.,0.));
#262 = ORIENTED_EDGE('',*,*,#112,.T.);
#263 = ORIENTED_EDGE('',*,*,#169,.F.);
#264 = ORIENTED_EDGE('',*,*,#186,.T.);
#265 = FACE_BOUND('',#266,.T.);
#266 = EDGE_LOOP('',(#267));
#267 = ORIENTED_EDGE('',*,*,#232,.F.);
#268 = PLANE('',#269);
#269 = AXIS2_PLACEMENT_3D('',#270,#271,#272);
#270 = CARTESIAN_POINT('',(-1.,5.,15.));
#271 = DIRECTION('',(0.,1.,0.));
#272 = DIRECTION('',(0.,0.,1.));
#273 = ADVANCED_FACE('',(#274),#285,.T.);
#274 = FACE_BOUND('',#275,.T.);
#275 = EDGE_LOOP('',(#276,#282,#283,#284));
#276 = ORIENTED_EDGE('',*,*,#277,.F.);
#277 = EDGE_CURVE('',#97,#195,#278,.T.);
#278 = LINE('',#279,#280);
#279 = CARTESIAN_POINT('',(-1.,25.,15.));
#280 = VECTOR('',#281,1.);
#281 = DIRECTION('',(1.,0.,0.));
#282 = ORIENTED_EDGE('',*,*,#104,.T.);
#283 = ORIENTED_EDGE('',*,*,#257,.T.);
#284 = ORIENTED_EDGE('',*,*,#194,.T.);
#285 = PLANE('',#286);
#286 = AXIS2_PLACEMENT_3D('',#287,#288,#289);
#287 = CARTESIAN_POINT('',(-1.,5.,15.));
#288 = DIRECTION('',(0.,0.,1.));
#289 = DIRECTION('',(1.,0.,0.));
#290 = ADVANCED_FACE('',(#291,#302),#313,.F.);
#291 = FACE_BOUND('',#292,.F.);
#292 = EDGE_LOOP('',(#293,#294,#295,#301));
#293 = ORIENTED_EDGE('',*,*,#277,.F.);
#294 = ORIENTED_EDGE('',*,*,#96,.T.);
#295 = ORIENTED_EDGE('',*,*,#296,.F.);
#296 = EDGE_CURVE('',#203,#89,#297,.T.);
#297 = LINE('',#298,#299);
#298 = CARTESIAN_POINT('',(7.,25.,50.));
#299 = VECTOR('',#300,1.);
#300 = DIRECTION('',(-1.,0.,0.));
#301 = ORIENTED_EDGE('',*,*,#202,.T.);
#302 = FACE_BOUND('',#303,.F.);
#303 = EDGE_LOOP('',(#304));
#304 = ORIENTED_EDGE('',*,*,#305,.F.);
#305 = EDGE_CURVE('',#306,#306,#308,.T.);
#306 = VERTEX_POINT('',#307);
#307 = CARTESIAN_POINT('',(15.,25.,30.));
#308 = CIRCLE('',#309,5.);
#309 = AXIS2_PLACEMENT_3D('',#310,#311,#312);
#310 = CARTESIAN_POINT('',(15.,25.,25.));
#311 = DIRECTION('',(0.,1.,0.));
#312 = DIRECTION('',(0.,0.,1.));
#313 = PLANE('',#314);
#314 = AXIS2_PLACEMENT_3D('',#315,#316,#317);
#315 = CARTESIAN_POINT('',(-1.,25.,15.));
#316 = DIRECTION('',(0.,1.,0.));
#317 = DIRECTION('',(0.,0.,1.));
#318 = ADVANCED_FACE('',(#319),#330,.T.);
#319 = FACE_BOUND('',#320,.T.);
#320 = EDGE_LOOP('',(#321,#322,#323,#324));
#321 = ORIENTED_EDGE('',*,*,#88,.T.);
#322 = ORIENTED_EDGE('',*,*,#296,.F.);
#323 = ORIENTED_EDGE('',*,*,#210,.T.);
#324 = ORIENTED_EDGE('',*,*,#325,.T.);
#325 = EDGE_CURVE('',#211,#81,#326,.T.);
#326 = LINE('',#327,#328);
#327 = CARTESIAN_POINT('',(30.,30.,50.));
#328 = VECTOR('',#329,1.);
#329 = DIRECTION('',(-1.,0.,0.));
#330 = PLANE('',#331);
#331 = AXIS2_PLACEMENT_3D('',#332,#333,#334);
#332 = CARTESIAN_POINT('',(15.,15.,50.));
#333 = DIRECTION('',(0.,0.,1.));
#334 = DIRECTION('',(1.,0.,0.));
#335 = ADVANCED_FACE('',(#336),#342,.F.);
#336 = FACE_BOUND('',#337,.F.);
#337 = EDGE_LOOP('',(#338,#339,#340,#341));
#338 = ORIENTED_EDGE('',*,*,#218,.T.);
#339 = ORIENTED_EDGE('',*,*,#325,.T.);
#340 = ORIENTED_EDGE('',*,*,#80,.F.);
#341 = ORIENTED_EDGE('',*,*,#144,.F.);
#342 = PLANE('',#343);
#343 = AXIS2_PLACEMENT_3D('',#344,#345,#346);
#344 = CARTESIAN_POINT('',(30.,30.,0.));
#345 = DIRECTION('',(0.,-1.,0.));
#346 = DIRECTION('',(-1.,0.,0.));
#347 = ADVANCED_FACE('',(#348),#1478,.F.);
#348 = FACE_BOUND('',#349,.F.);
#349 = EDGE_LOOP('',(#350,#351,#359,#371,#393,#415,#437,#459,#481,#503,
    #525,#547,#569,#591,#613,#635,#657,#679,#701,#723,#745,#767,#789,
    #811,#833,#855,#877,#899,#921,#938,#949,#971,#993,#1015,#1037,#1064,
    #1072,#1083,#1105,#1127,#1149,#1171,#1193,#1215,#1237,#1259,#1268,
    #1290,#1312,#1323,#1333,#1348,#1360,#1382,#1404,#1426,#1448,#1477));
#350 = ORIENTED_EDGE('',*,*,#305,.T.);
#351 = ORIENTED_EDGE('',*,*,#352,.T.);
#352 = EDGE_CURVE('',#306,#353,#355,.T.);
#353 = VERTEX_POINT('',#354);
#354 = CARTESIAN_POINT('',(15.,25.716690385653,30.));
#355 = LINE('',#356,#357);
#356 = CARTESIAN_POINT('',(15.,0.,30.));
#357 = VECTOR('',#358,1.);
#358 = DIRECTION('',(0.,1.,0.));
#359 = ORIENTED_EDGE('',*,*,#360,.T.);
#360 = EDGE_CURVE('',#353,#361,#363,.T.);
#361 = VERTEX_POINT('',#362);
#362 = CARTESIAN_POINT('',(14.640978498373,25.733333333333,
    29.987093698876));
#363 = B_SPLINE_CURVE_WITH_KNOTS('',6,(#364,#365,#366,#367,#368,#369,
    #370),.UNSPECIFIED.,.F.,.F.,(7,7),(0.,1.),.PIECEWISE_BEZIER_KNOTS.);
#364 = CARTESIAN_POINT('',(15.,25.716690385653,30.));
#365 = CARTESIAN_POINT('',(14.93798351999,25.719593160104,30.));
#366 = CARTESIAN_POINT('',(14.876647548094,25.722444273037,
    29.999076940191));
#367 = CARTESIAN_POINT('',(14.816182856943,25.725241173295,
    29.99726887109));
#368 = CARTESIAN_POINT('',(14.75670837219,25.727985860742,
    29.994630483116));
#369 = CARTESIAN_POINT('',(14.698296996882,25.730681665354,
    29.991220064781));
#370 = CARTESIAN_POINT('',(14.640978498373,25.733333333333,
    29.987093698876));
#371 = ORIENTED_EDGE('',*,*,#372,.T.);
#372 = EDGE_CURVE('',#361,#373,#375,.T.);
#373 = VERTEX_POINT('',#374);
#374 = CARTESIAN_POINT('',(13.653919391576,25.78125,29.815398944597));
#375 = B_SPLINE_CURVE_WITH_KNOTS('',6,(#376,#377,#378,#379,#380,#381,
    #382,#383,#384,#385,#386,#387,#388,#389,#390,#391,#392),
  .UNSPECIFIED.,.F.,.F.,(7,5,5,7),(0.,0.356327321505,0.718021179153,1.),
  .UNSPECIFIED.);
#376 = CARTESIAN_POINT('',(14.640978498373,25.733333333333,
    29.987093698876));
#377 = CARTESIAN_POINT('',(14.582750388577,25.736261752111,
    29.98290184994));
#378 = CARTESIAN_POINT('',(14.523739152213,25.739219543241,
    29.97783333231));
#379 = CARTESIAN_POINT('',(14.464032454364,25.742197194435,
    29.971851077749));
#380 = CARTESIAN_POINT('',(14.403771768375,25.745183085269,
    29.964924626296));
#381 = CARTESIAN_POINT('',(14.343179447886,25.748163649349,
    29.957049074774));
#382 = CARTESIAN_POINT('',(14.221079567534,25.754128001542,
    29.939346666884));
#383 = CARTESIAN_POINT('',(14.159549725769,25.757112236439,
    29.929489182282));
#384 = CARTESIAN_POINT('',(14.098346437756,25.760059767269,
    29.918733409736));
#385 = CARTESIAN_POINT('',(14.037747693271,25.762961179517,
    29.90714474365));
#386 = CARTESIAN_POINT('',(13.97797380404,25.765812028826,
    29.894802105897));
#387 = CARTESIAN_POINT('',(13.873357633098,25.770792502646,
    29.871640414039));
#388 = CARTESIAN_POINT('',(13.828117655661,25.772943092704,
    29.861082796745));
#389 = CARTESIAN_POINT('',(13.783523488277,25.77506272575,
    29.850147712454));
#390 = CARTESIAN_POINT('',(13.739612594769,25.777152563471,
    29.838868296211));
#391 = CARTESIAN_POINT('',(13.696407542812,25.779214329759,
    29.827275941109));
#392 = CARTESIAN_POINT('',(13.653919391576,25.78125,29.815398944597));
#393 = ORIENTED_EDGE('',*,*,#394,.T.);
#394 = EDGE_CURVE('',#373,#395,#397,.T.);
#395 = VERTEX_POINT('',#396);
#396 = CARTESIAN_POINT('',(12.720906216415,25.829166666667,
    29.450363077955));
#397 = B_SPLINE_CURVE_WITH_KNOTS('',6,(#398,#399,#400,#401,#402,#403,
    #404,#405,#406,#407,#408,#409,#410,#411,#412,#413,#414),
  .UNSPECIFIED.,.F.,.F.,(7,5,5,7),(0.,0.356327321586,0.71802117924,1.),
  .UNSPECIFIED.);
#398 = CARTESIAN_POINT('',(13.653919391576,25.78125,29.815398944597));
#399 = CARTESIAN_POINT('',(13.597695948534,25.784178418778,
    29.799682430288));
#400 = CARTESIAN_POINT('',(13.540879880048,25.787136209909,
    29.782950716341));
#401 = CARTESIAN_POINT('',(13.483564481516,25.790113861103,
    29.765184956282));
#402 = CARTESIAN_POINT('',(13.425894458904,25.793099751938,
    29.746383506891));
#403 = CARTESIAN_POINT('',(13.368088679572,25.796080316019,
    29.726585893608));
#404 = CARTESIAN_POINT('',(13.251969282866,25.802044668213,
    29.684896065841));
#405 = CARTESIAN_POINT('',(13.193639937192,25.80502890311,
    29.662969395694));
#406 = CARTESIAN_POINT('',(13.13580967942,25.80797643394,29.640227575347
    ));
#407 = CARTESIAN_POINT('',(13.07873788105,25.810877846187,
    29.616790108639));
#408 = CARTESIAN_POINT('',(13.022624696496,25.813728695497,
    29.592778256155));
#409 = CARTESIAN_POINT('',(12.924726424764,25.818709169315,29.5492244322
    ));
#410 = CARTESIAN_POINT('',(12.882499503604,25.820859759374,
    29.529859361343));
#411 = CARTESIAN_POINT('',(12.840980682484,25.822979392418,
    29.510253155066));
#412 = CARTESIAN_POINT('',(12.800200067064,25.825069230139,
    29.490445752306));
#413 = CARTESIAN_POINT('',(12.760173513192,25.827130996426,
    29.470472415196));
#414 = CARTESIAN_POINT('',(12.720906216415,25.829166666667,
    29.450363077955));
#415 = ORIENTED_EDGE('',*,*,#416,.T.);
#416 = EDGE_CURVE('',#395,#417,#419,.T.);
#417 = VERTEX_POINT('',#418);
#418 = CARTESIAN_POINT('',(11.879400003059,25.877083333333,
    28.906642504644));
#419 = B_SPLINE_CURVE_WITH_KNOTS('',6,(#420,#421,#422,#423,#424,#425,
    #426,#427,#428,#429,#430,#431,#432,#433,#434,#435,#436),
  .UNSPECIFIED.,.F.,.F.,(7,5,5,7),(0.,0.356327321539,0.71802117919,1.),
  .UNSPECIFIED.);
#420 = CARTESIAN_POINT('',(12.720906216415,25.829166666667,
    29.450363077955));
#421 = CARTESIAN_POINT('',(12.668944844601,25.832095085445,
    29.423752925611));
#422 = CARTESIAN_POINT('',(12.616605142727,25.835052876575,
    29.396029803552));
#423 = CARTESIAN_POINT('',(12.563982290644,25.838030527769,
    29.367193843762));
#424 = CARTESIAN_POINT('',(12.511218416907,25.841016418603,
    29.33727228574));
#425 = CARTESIAN_POINT('',(12.458520114943,25.843996982683,
    29.306347496574));
#426 = CARTESIAN_POINT('',(12.35304346428,25.849961334877,
    29.242344120151));
#427 = CARTESIAN_POINT('',(12.300256572386,25.852945569774,
    29.209228633223));
#428 = CARTESIAN_POINT('',(12.248121263868,25.855893100604,
    29.175413862598));
#429 = CARTESIAN_POINT('',(12.196867878034,25.858794512852,
    29.141068623403));
#430 = CARTESIAN_POINT('',(12.146668375664,25.861645362161,
    29.106351646253));
#431 = CARTESIAN_POINT('',(12.059418676566,25.86662583598,
    29.044154401956));
#432 = CARTESIAN_POINT('',(12.021900247489,25.868776426039,
    29.016759396563));
#433 = CARTESIAN_POINT('',(11.985123777808,25.870896059084,
    28.989269269058));
#434 = CARTESIAN_POINT('',(11.949110806256,25.872985896805,
    28.961729158693));
#435 = CARTESIAN_POINT('',(11.913869840232,25.875047663092,
    28.934176780854));
#436 = CARTESIAN_POINT('',(11.879400003059,25.877083333333,
    28.906642504644));
#437 = ORIENTED_EDGE('',*,*,#438,.T.);
#438 = EDGE_CURVE('',#417,#439,#441,.T.);
#439 = VERTEX_POINT('',#440);
#440 = CARTESIAN_POINT('',(11.163187723101,25.925,28.20606792689));
#441 = B_SPLINE_CURVE_WITH_KNOTS('',6,(#442,#443,#444,#445,#446,#447,
    #448,#449,#450,#451,#452,#453,#454,#455,#456,#457,#458),
  .UNSPECIFIED.,.F.,.F.,(7,5,5,7),(0.,0.356327321632,0.718021179289,1.),
  .UNSPECIFIED.);
#442 = CARTESIAN_POINT('',(11.879400003059,25.877083333333,
    28.906642504644));
#443 = CARTESIAN_POINT('',(11.833786982227,25.880011752112,
    28.870207127591));
#444 = CARTESIAN_POINT('',(11.788025116898,25.882969543243,
    28.832605697136));
#445 = CARTESIAN_POINT('',(11.742207649842,25.885947194438,
    28.793857318423));
#446 = CARTESIAN_POINT('',(11.696468425661,25.888933085273,
    28.754017019986));
#447 = CARTESIAN_POINT('',(11.650993469002,25.891913649354,
    28.713206703475));
#448 = CARTESIAN_POINT('',(11.560394514198,25.897878001548,
    28.629459551754));
#449 = CARTESIAN_POINT('',(11.515269500978,25.900862236446,
    28.586484854404));
#450 = CARTESIAN_POINT('',(11.47092240515,25.903809767276,
    28.542954816517));
#451 = CARTESIAN_POINT('',(11.427545285572,25.906711179523,
    28.499080786477));
#452 = CARTESIAN_POINT('',(11.385275005065,25.909562028833,
    28.455052591801));
#453 = CARTESIAN_POINT('',(11.312177005583,25.914542502651,
    28.376709183279));
#454 = CARTESIAN_POINT('',(11.280873455703,25.916693092709,
    28.342384169016));
#455 = CARTESIAN_POINT('',(11.250315934462,25.918812725753,
    28.308113865156));
#456 = CARTESIAN_POINT('',(11.22051654888,25.920902563473,
    28.273946798904));
#457 = CARTESIAN_POINT('',(11.191476116327,25.92296432976,
    28.239921624597));
#458 = CARTESIAN_POINT('',(11.163187723101,25.925,28.20606792689));
#459 = ORIENTED_EDGE('',*,*,#460,.T.);
#460 = EDGE_CURVE('',#439,#461,#463,.T.);
#461 = VERTEX_POINT('',#462);
#462 = CARTESIAN_POINT('',(10.601025722688,25.972916666667,
    27.37676782786));
#463 = B_SPLINE_CURVE_WITH_KNOTS('',6,(#464,#465,#466,#467,#468,#469,
    #470,#471,#472,#473,#474,#475,#476,#477,#478,#479,#480),
  .UNSPECIFIED.,.F.,.F.,(7,5,5,7),(0.,0.356327321476,0.718021179122,1.),
  .UNSPECIFIED.);
#464 = CARTESIAN_POINT('',(11.163187723101,25.925,28.20606792689));
#465 = CARTESIAN_POINT('',(11.125754443014,25.927928418777,
    28.161270227068));
#466 = CARTESIAN_POINT('',(11.088407780186,25.930886209907,
    28.11530020789));
#467 = CARTESIAN_POINT('',(11.051235296557,25.933863861101,
    28.068195180579));
#468 = CARTESIAN_POINT('',(11.014357178833,25.936849751935,
    28.020035753277));
#469 = CARTESIAN_POINT('',(10.977931413882,25.939830316014,
    27.970978467771));
#470 = CARTESIAN_POINT('',(10.905847756523,25.945794668207,
    27.870850038404));
#471 = CARTESIAN_POINT('',(10.870196417914,25.948778903105,
    27.819741590124));
#472 = CARTESIAN_POINT('',(10.835418096872,25.951726433935,
    27.768244041716));
#473 = CARTESIAN_POINT('',(10.801658860524,25.954627846182,
    27.716602789058));
#474 = CARTESIAN_POINT('',(10.769014978611,25.957478695491,
    27.665031134885));
#475 = CARTESIAN_POINT('',(10.713003606574,25.962459169311,
    27.573687096239));
#476 = CARTESIAN_POINT('',(10.689171791881,25.96460975937,
    27.533810242673));
#477 = CARTESIAN_POINT('',(10.666060121583,25.966729392416,
    27.494135735372));
#478 = CARTESIAN_POINT('',(10.643670784878,25.968819230138,
    27.454713541093));
#479 = CARTESIAN_POINT('',(10.621996876293,25.970880996425,
    27.415581701134));
#480 = CARTESIAN_POINT('',(10.601025722688,25.972916666667,
    27.37676782786));
#481 = ORIENTED_EDGE('',*,*,#482,.T.);
#482 = EDGE_CURVE('',#461,#483,#485,.T.);
#483 = VERTEX_POINT('',#484);
#484 = CARTESIAN_POINT('',(10.215485138241,26.020833333333,
    26.452039096446));
#485 = B_SPLINE_CURVE_WITH_KNOTS('',6,(#486,#487,#488,#489,#490,#491,
    #492,#493,#494,#495,#496,#497,#498,#499,#500,#501,#502),
  .UNSPECIFIED.,.F.,.F.,(7,5,5,7),(0.,0.356327321581,0.718021179235,1.),
  .UNSPECIFIED.);
#486 = CARTESIAN_POINT('',(10.601025722688,25.972916666667,
    27.37676782786));
#487 = CARTESIAN_POINT('',(10.573275151629,25.975845085445,
    27.32540645935));
#488 = CARTESIAN_POINT('',(10.545843181848,25.978802876575,
    27.272913574844));
#489 = CARTESIAN_POINT('',(10.518808178796,25.98178052777,
    27.219343193576));
#490 = CARTESIAN_POINT('',(10.492271845716,25.984766418605,
    27.164798266829));
#491 = CARTESIAN_POINT('',(10.466357788428,25.987746982685,
    27.109463691285));
#492 = CARTESIAN_POINT('',(10.415683629916,25.993711334879,
    26.996974199822));
#493 = CARTESIAN_POINT('',(10.390937388226,25.996695569776,
    26.939784034998));
#494 = CARTESIAN_POINT('',(10.367124212106,25.999643100607,
    26.882386633054));
#495 = CARTESIAN_POINT('',(10.344338312274,26.002544512854,
    26.825051584579));
#496 = CARTESIAN_POINT('',(10.322631500101,26.005395362163,
    26.768007103287));
#497 = CARTESIAN_POINT('',(10.285955645217,26.010375835982,
    26.66732995167));
#498 = CARTESIAN_POINT('',(10.270552427178,26.01252642604,
    26.623502338067));
#499 = CARTESIAN_POINT('',(10.255814555064,26.014646059085,
    26.580016582268));
#500 = CARTESIAN_POINT('',(10.241734212357,26.016735896806,
    26.53692208439));
#501 = CARTESIAN_POINT('',(10.228297047996,26.018797663093,
    26.494254745309));
#502 = CARTESIAN_POINT('',(10.215485138241,26.020833333333,
    26.452039096446));
#503 = ORIENTED_EDGE('',*,*,#504,.T.);
#504 = EDGE_CURVE('',#483,#505,#507,.T.);
#505 = VERTEX_POINT('',#506);
#506 = CARTESIAN_POINT('',(10.022045651985,26.06875,25.469010137506));
#507 = B_SPLINE_CURVE_WITH_KNOTS('',6,(#508,#509,#510,#511,#512,#513,
    #514,#515,#516,#517,#518,#519,#520,#521,#522,#523,#524),
  .UNSPECIFIED.,.F.,.F.,(7,5,5,7),(0.,0.356327321582,0.718021179236,1.),
  .UNSPECIFIED.);
#508 = CARTESIAN_POINT('',(10.215485138241,26.020833333333,
    26.452039096446));
#509 = CARTESIAN_POINT('',(10.198531478041,26.023761752112,
    26.396176248548));
#510 = CARTESIAN_POINT('',(10.182115611113,26.026719543242,
    26.339268119052));
#511 = CARTESIAN_POINT('',(10.166303559992,26.029697194437,
    26.281383266296));
#512 = CARTESIAN_POINT('',(10.151174461014,26.032683085272,
    26.222642851152));
#513 = CARTESIAN_POINT('',(10.136812576109,26.035663649352,
    26.163252701483));
#514 = CARTESIAN_POINT('',(10.109582513854,26.041628001546,
    26.042918667477));
#515 = CARTESIAN_POINT('',(10.096734945305,26.044612236443,
    25.981943005014));
#516 = CARTESIAN_POINT('',(10.084843027196,26.047559767273,
    25.920950289134));
#517 = CARTESIAN_POINT('',(10.073945331218,26.05046117952,
    25.860223480909));
#518 = CARTESIAN_POINT('',(10.064047130117,26.05331202883,
    25.799996542123));
#519 = CARTESIAN_POINT('',(10.048179349614,26.058292502649,
    25.694028524631));
#520 = CARTESIAN_POINT('',(10.041823176521,26.060443092707,
    25.648009855553));
#521 = CARTESIAN_POINT('',(10.036050836852,26.062562725752,
    25.602458830026));
#522 = CARTESIAN_POINT('',(10.030844822211,26.064652563473,
    25.55742229808));
#523 = CARTESIAN_POINT('',(10.026183912154,26.066714329759,
    25.512932578732));
#524 = CARTESIAN_POINT('',(10.022045651985,26.06875,25.469010137506));
#525 = ORIENTED_EDGE('',*,*,#526,.T.);
#526 = EDGE_CURVE('',#505,#527,#529,.T.);
#527 = VERTEX_POINT('',#528);
#528 = CARTESIAN_POINT('',(10.028473973571,26.116666666667,
    24.467150144473));
#529 = B_SPLINE_CURVE_WITH_KNOTS('',6,(#530,#531,#532,#533,#534,#535,
    #536,#537,#538,#539,#540,#541,#542,#543,#544,#545,#546),
  .UNSPECIFIED.,.F.,.F.,(7,5,5,7),(0.,0.356327321558,0.71802117921,1.),
  .UNSPECIFIED.);
#530 = CARTESIAN_POINT('',(10.022045651985,26.06875,25.469010137506));
#531 = CARTESIAN_POINT('',(10.016569602118,26.071678418778,
    25.410888736569));
#532 = CARTESIAN_POINT('',(10.011828944797,26.074636209908,
    25.351850257105));
#533 = CARTESIAN_POINT('',(10.007874708801,26.077613861103,
    25.291975043899));
#534 = CARTESIAN_POINT('',(10.004760286188,26.080599751937,
    25.231397602732));
#535 = CARTESIAN_POINT('',(10.002527211829,26.083580316018,
    25.170336428536));
#536 = CARTESIAN_POINT('',(9.999834548916,26.089544668211,
    25.046989334545));
#537 = CARTESIAN_POINT('',(9.999401490975,26.092528903109,
    24.984676383314));
#538 = CARTESIAN_POINT('',(9.999908298414,26.095476433939,
    24.922537247072));
#539 = CARTESIAN_POINT('',(10.001336355221,26.098377846186,
    24.860856896322));
#540 = CARTESIAN_POINT('',(10.003644183812,26.101228695496,
    24.799865647214));
#541 = CARTESIAN_POINT('',(10.009221578451,26.106209169314,
    24.692861442347));
#542 = CARTESIAN_POINT('',(10.012167654409,26.108359759373,
    24.646499394539));
#543 = CARTESIAN_POINT('',(10.015592610035,26.110479392418,
    24.600711999863));
#544 = CARTESIAN_POINT('',(10.019469948023,26.112569230139,
    24.555541677209));
#545 = CARTESIAN_POINT('',(10.023772430562,26.114630996426,
    24.511015866103));
#546 = CARTESIAN_POINT('',(10.028473973571,26.116666666667,
    24.467150144473));
#547 = ORIENTED_EDGE('',*,*,#548,.T.);
#548 = EDGE_CURVE('',#527,#549,#551,.T.);
#549 = VERTEX_POINT('',#550);
#550 = CARTESIAN_POINT('',(10.234512002087,26.164583333333,
    23.486684387925));
#551 = B_SPLINE_CURVE_WITH_KNOTS('',6,(#552,#553,#554,#555,#556,#557,
    #558,#559,#560,#561,#562,#563,#564,#565,#566,#567,#568),
  .UNSPECIFIED.,.F.,.F.,(7,5,5,7),(0.,0.356327321578,0.718021179232,1.),
  .UNSPECIFIED.);
#552 = CARTESIAN_POINT('',(10.028473973571,26.116666666667,
    24.467150144473));
#553 = CARTESIAN_POINT('',(10.034695400673,26.119595085445,
    24.409103799074));
#554 = CARTESIAN_POINT('',(10.041820293149,26.122552876575,
    24.350305399462));
#555 = CARTESIAN_POINT('',(10.049882637189,26.12553052777,
    24.290843850981));
#556 = CARTESIAN_POINT('',(10.058907936849,26.128516418605,
    24.230861603831));
#557 = CARTESIAN_POINT('',(10.06889333229,26.131496982685,
    24.170581047318));
#558 = CARTESIAN_POINT('',(10.090846180728,26.137461334879,
    24.049173352027));
#559 = CARTESIAN_POINT('',(10.102845020927,26.140445569776,
    23.98802501383));
#560 = CARTESIAN_POINT('',(10.115730205297,26.143393100606,
    23.927234380254));
#561 = CARTESIAN_POINT('',(10.129426677565,26.146294512854,
    23.867076989501));
#562 = CARTESIAN_POINT('',(10.143847875168,26.149145362163,
    23.807770264754));
#563 = CARTESIAN_POINT('',(10.17064650926,26.154125835982,
    23.704026154559));
#564 = CARTESIAN_POINT('',(10.182776547579,26.15627642604,
    23.659182191637));
#565 = CARTESIAN_POINT('',(10.195261284507,26.158396059085,
    23.614996818766));
#566 = CARTESIAN_POINT('',(10.208066297713,26.160485896806,
    23.571506320551));
#567 = CARTESIAN_POINT('',(10.221159425631,26.162547663092,
    23.528732155315));
#568 = CARTESIAN_POINT('',(10.234512002087,26.164583333333,
    23.486684387925));
#569 = ORIENTED_EDGE('',*,*,#570,.T.);
#570 = EDGE_CURVE('',#549,#571,#573,.T.);
#571 = VERTEX_POINT('',#572);
#572 = CARTESIAN_POINT('',(10.631887188972,26.2125,22.566979147205));
#573 = B_SPLINE_CURVE_WITH_KNOTS('',6,(#574,#575,#576,#577,#578,#579,
    #580,#581,#582,#583,#584,#585,#586,#587,#588,#589,#590),
  .UNSPECIFIED.,.F.,.F.,(7,5,5,7),(0.,0.356327321571,0.718021179224,1.),
  .UNSPECIFIED.);
#574 = CARTESIAN_POINT('',(10.234512002087,26.164583333333,
    23.486684387925));
#575 = CARTESIAN_POINT('',(10.252181112185,26.167511752111,
    23.431043693127));
#576 = CARTESIAN_POINT('',(10.270885485818,26.170469543242,
    23.374846163852));
#577 = CARTESIAN_POINT('',(10.290640702017,26.173447194436,23.3181856964
    ));
#578 = CARTESIAN_POINT('',(10.311443352836,26.176433085271,
    23.261206965931));
#579 = CARTESIAN_POINT('',(10.333246298551,26.179413649351,
    23.20412732706));
#580 = CARTESIAN_POINT('',(10.378963238504,26.185378001545,
    23.089533621162));
#581 = CARTESIAN_POINT('',(10.402912216321,26.188362236443,
    23.032005037902));
#582 = CARTESIAN_POINT('',(10.427658429857,26.191309767273,
    22.975003686844));
#583 = CARTESIAN_POINT('',(10.453073396132,26.19421117952,
    22.918784610865));
#584 = CARTESIAN_POINT('',(10.479028943143,26.19706202883,
    22.863543610512));
#585 = CARTESIAN_POINT('',(10.525972835698,26.202042502648,
    22.767224982296));
#586 = CARTESIAN_POINT('',(10.546799808174,26.204193092707,
    22.725699615859));
#587 = CARTESIAN_POINT('',(10.567843056842,26.206312725751,
    22.684890333612));
#588 = CARTESIAN_POINT('',(10.589061616422,26.208402563473,
    22.644825829026));
#589 = CARTESIAN_POINT('',(10.6104196929,26.210464329759,22.605520717659
    ));
#590 = CARTESIAN_POINT('',(10.631887188972,26.2125,22.566979147205));
#591 = ORIENTED_EDGE('',*,*,#592,.T.);
#592 = EDGE_CURVE('',#571,#593,#595,.T.);
#593 = VERTEX_POINT('',#594);
#594 = CARTESIAN_POINT('',(11.204644685719,26.260416666667,
    21.744961131053));
#595 = B_SPLINE_CURVE_WITH_KNOTS('',6,(#596,#597,#598,#599,#600,#601,
    #602,#603,#604,#605,#606,#607,#608,#609,#610,#611,#612),
  .UNSPECIFIED.,.F.,.F.,(7,5,5,7),(0.,0.356327321569,0.718021179222,1.),
  .UNSPECIFIED.);
#596 = CARTESIAN_POINT('',(10.631887188972,26.2125,22.566979147205));
#597 = CARTESIAN_POINT('',(10.660294556857,26.215428418778,
    22.515978109774));
#598 = CARTESIAN_POINT('',(10.689827419995,26.218386209909,
    22.464637814835));
#599 = CARTESIAN_POINT('',(10.720482324752,26.221363861103,
    22.413053379651));
#600 = CARTESIAN_POINT('',(10.75222708801,26.224349751938,
    22.361365895551));
#601 = CARTESIAN_POINT('',(10.784972182849,26.227330316018,
    22.309778955542));
#602 = CARTESIAN_POINT('',(10.85261765217,26.233294668212,
    22.206600244025));
#603 = CARTESIAN_POINT('',(10.887555201999,26.236278903109,
    22.155001222306));
#604 = CARTESIAN_POINT('',(10.923168869607,26.239226433939,
    22.104077791685));
#605 = CARTESIAN_POINT('',(10.95928190398,26.242127846186,
    22.054054259591));
#606 = CARTESIAN_POINT('',(10.995729669854,26.244978695496,
    22.005096942432));
#607 = CARTESIAN_POINT('',(11.060933995853,26.249959169315,
    21.92007104602));
#608 = CARTESIAN_POINT('',(11.089621687237,26.252109759373,
    21.883531544062));
#609 = CARTESIAN_POINT('',(11.118378548779,26.254229392418,
    21.84773686923));
#610 = CARTESIAN_POINT('',(11.147158717031,26.256319230139,
    21.812706971803));
#611 = CARTESIAN_POINT('',(11.175924202681,26.258380996426,
    21.778449037747));
#612 = CARTESIAN_POINT('',(11.204644685719,26.260416666667,
    21.744961131053));
#613 = ORIENTED_EDGE('',*,*,#614,.T.);
#614 = EDGE_CURVE('',#593,#615,#617,.T.);
#615 = VERTEX_POINT('',#616);
#616 = CARTESIAN_POINT('',(11.929787940471,26.308333333333,
    21.05363484843));
#617 = B_SPLINE_CURVE_WITH_KNOTS('',6,(#618,#619,#620,#621,#622,#623,
    #624,#625,#626,#627,#628,#629,#630,#631,#632,#633,#634),
  .UNSPECIFIED.,.F.,.F.,(7,5,5,7),(0.,0.356327321599,0.718021179254,1.),
  .UNSPECIFIED.);
#618 = CARTESIAN_POINT('',(11.204644685719,26.260416666667,
    21.744961131053));
#619 = CARTESIAN_POINT('',(11.242649738791,26.263345085445,
    21.700647472766));
#620 = CARTESIAN_POINT('',(11.281825329536,26.266302876576,
    21.656225755331));
#621 = CARTESIAN_POINT('',(11.32214911032,26.26928052777,21.611788497958
    ));
#622 = CARTESIAN_POINT('',(11.363561415023,26.272266418605,
    21.567467543244));
#623 = CARTESIAN_POINT('',(11.405933924087,26.275246982686,
    21.52344454821));
#624 = CARTESIAN_POINT('',(11.492791917225,26.28121133488,
    21.435823517291));
#625 = CARTESIAN_POINT('',(11.5373152758,26.284195569777,21.392225788318
    ));
#626 = CARTESIAN_POINT('',(11.582366487688,26.287143100607,
    21.349424883956));
#627 = CARTESIAN_POINT('',(11.627727630496,26.290044512855,
    21.307605370114));
#628 = CARTESIAN_POINT('',(11.6732042159,26.292895362164,21.266897401354
    ));
#629 = CARTESIAN_POINT('',(11.754050983131,26.297875835983,
    21.196578076721));
#630 = CARTESIAN_POINT('',(11.789447565663,26.300026426041,
    21.166491521836));
#631 = CARTESIAN_POINT('',(11.824763435096,26.302146059085,
    21.137148631764));
#632 = CARTESIAN_POINT('',(11.859949671258,26.304235896806,
    21.108559812575));
#633 = CARTESIAN_POINT('',(11.894967614832,26.306297663093,
    21.080724532123));
#634 = CARTESIAN_POINT('',(11.929787940472,26.308333333333,
    21.05363484843));
#635 = ORIENTED_EDGE('',*,*,#636,.T.);
#636 = EDGE_CURVE('',#615,#637,#639,.T.);
#637 = VERTEX_POINT('',#638);
#638 = CARTESIAN_POINT('',(12.778202023168,26.35625,20.520757457991));
#639 = B_SPLINE_CURVE_WITH_KNOTS('',6,(#640,#641,#642,#643,#644,#645,
    #646,#647,#648,#649,#650,#651,#652,#653,#654,#655,#656),
  .UNSPECIFIED.,.F.,.F.,(7,5,5,7),(0.,0.356327321605,0.718021179261,1.),
  .UNSPECIFIED.);
#640 = CARTESIAN_POINT('',(11.929787940472,26.308333333333,
    21.05363484843));
#641 = CARTESIAN_POINT('',(11.975864753397,26.311261752112,
    21.017787788851));
#642 = CARTESIAN_POINT('',(12.023110148635,26.314219543243,
    20.98206820712));
#643 = CARTESIAN_POINT('',(12.071483781824,26.317197194437,
    20.946562309696));
#644 = CARTESIAN_POINT('',(12.120900899471,26.320183085272,
    20.911387396888));
#645 = CARTESIAN_POINT('',(12.171199541488,26.323163649353,
    20.87669589609));
#646 = CARTESIAN_POINT('',(12.273782658705,26.329128001547,
    20.808150581927));
#647 = CARTESIAN_POINT('',(12.326104186876,26.332112236444,
    20.774304620273));
#648 = CARTESIAN_POINT('',(12.378784110272,26.335059767274,
    20.741344723766));
#649 = CARTESIAN_POINT('',(12.431572084832,26.337961179522,
    20.709408306361));
#650 = CARTESIAN_POINT('',(12.484251577998,26.340812028831,
    20.678584134995));
#651 = CARTESIAN_POINT('',(12.577494740997,26.34579250265,
    20.625794744563));
#652 = CARTESIAN_POINT('',(12.618179020979,26.347943092708,20.6033691297
    ));
#653 = CARTESIAN_POINT('',(12.658635945284,26.350062725752,
    20.581656158755));
#654 = CARTESIAN_POINT('',(12.69881550119,26.352152563473,
    20.560656275779));
#655 = CARTESIAN_POINT('',(12.73867991157,26.354214329759,
    20.540361251883));
#656 = CARTESIAN_POINT('',(12.778202023168,26.35625,20.520757457991));
#657 = ORIENTED_EDGE('',*,*,#658,.T.);
#658 = EDGE_CURVE('',#637,#659,#661,.T.);
#659 = VERTEX_POINT('',#660);
#660 = CARTESIAN_POINT('',(13.715822607179,26.404166666667,
    20.167724301763));
#661 = B_SPLINE_CURVE_WITH_KNOTS('',6,(#662,#663,#664,#665,#666,#667,
    #668,#669,#670,#671,#672,#673,#674,#675,#676,#677,#678),
  .UNSPECIFIED.,.F.,.F.,(7,5,5,7),(0.,0.356327321531,0.718021179181,1.),
  .UNSPECIFIED.);
#662 = CARTESIAN_POINT('',(12.778202023168,26.35625,20.520757457991));
#663 = CARTESIAN_POINT('',(12.830500584676,26.359178418778,
    20.494816277744));
#664 = CARTESIAN_POINT('',(12.883918853866,26.362136209908,
    20.469232994032));
#665 = CARTESIAN_POINT('',(12.938400109497,26.365113861102,
    20.444084039321));
#666 = CARTESIAN_POINT('',(12.993837913609,26.368099751936,
    20.419467461952));
#667 = CARTESIAN_POINT('',(13.050043168373,26.371080316016,
    20.395500339647));
#668 = CARTESIAN_POINT('',(13.164232636896,26.37704466821,
    20.348782877102));
#669 = CARTESIAN_POINT('',(13.222251594396,26.380028903107,
    20.326047618122));
#670 = CARTESIAN_POINT('',(13.280445099254,26.382976433937,
    20.304252088785));
#671 = CARTESIAN_POINT('',(13.338540437202,26.385877846185,
    20.283481033843));
#672 = CARTESIAN_POINT('',(13.396307725357,26.388728695494,
    20.263778268559));
#673 = CARTESIAN_POINT('',(13.498203516059,26.393709169313,
    20.230638337532));
#674 = CARTESIAN_POINT('',(13.54254199563,26.395859759372,20.21677406437
    ));
#675 = CARTESIAN_POINT('',(13.586515605409,26.397979392417,
    20.203562801158));
#676 = CARTESIAN_POINT('',(13.630075248167,26.400069230139,
    20.190995012099));
#677 = CARTESIAN_POINT('',(13.673185545739,26.402130996425,
    20.179055101953));
#678 = CARTESIAN_POINT('',(13.715822607179,26.404166666667,
    20.167724301763));
#679 = ORIENTED_EDGE('',*,*,#680,.T.);
#680 = EDGE_CURVE('',#659,#681,#683,.T.);
#681 = VERTEX_POINT('',#682);
#682 = CARTESIAN_POINT('',(14.705003672151,26.452083333333,
    20.008709869527));
#683 = B_SPLINE_CURVE_WITH_KNOTS('',6,(#684,#685,#686,#687,#688,#689,
    #690,#691,#692,#693,#694,#695,#696,#697,#698,#699,#700),
  .UNSPECIFIED.,.F.,.F.,(7,5,5,7),(0.,0.356327321536,0.718021179186,1.),
  .UNSPECIFIED.);
#684 = CARTESIAN_POINT('',(13.715822607179,26.404166666667,
    20.167724301763));
#685 = CARTESIAN_POINT('',(13.772243099141,26.407095085445,
    20.152730554553));
#686 = CARTESIAN_POINT('',(13.829689467228,26.410052876575,
    20.138310752807));
#687 = CARTESIAN_POINT('',(13.888090890714,26.413030527769,
    20.124528486189));
#688 = CARTESIAN_POINT('',(13.947323520716,26.416016418603,
    20.111458614376));
#689 = CARTESIAN_POINT('',(14.007178714058,26.418996982683,
    20.099178164677));
#690 = CARTESIAN_POINT('',(14.128389759281,26.424961334877,
    20.076164287464));
#691 = CARTESIAN_POINT('',(14.189776650693,26.427945569774,
    20.065452565237));
#692 = CARTESIAN_POINT('',(14.251147233415,26.430893100604,
    20.05569650645));
#693 = CARTESIAN_POINT('',(14.312217372614,26.433794512851,
    20.046924784096));
#694 = CARTESIAN_POINT('',(14.372753065012,26.436645362161,
    20.039134502562));
#695 = CARTESIAN_POINT('',(14.479210307213,26.44162583598,
    20.026974618758));
#696 = CARTESIAN_POINT('',(14.525422770211,26.443776426039,
    20.022228346062));
#697 = CARTESIAN_POINT('',(14.571147499042,26.445896059084,
    20.018049230611));
#698 = CARTESIAN_POINT('',(14.616338283249,26.447985896805,
    20.014418139631));
#699 = CARTESIAN_POINT('',(14.660963564085,26.450047663092,
    20.011312737687));
#700 = CARTESIAN_POINT('',(14.705003672151,26.452083333333,
    20.008709869527));
#701 = ORIENTED_EDGE('',*,*,#702,.T.);
#702 = EDGE_CURVE('',#681,#703,#705,.T.);
#703 = VERTEX_POINT('',#704);
#704 = CARTESIAN_POINT('',(15.706029013958,26.5,20.050098684676));
#705 = B_SPLINE_CURVE_WITH_KNOTS('',6,(#706,#707,#708,#709,#710,#711,
    #712,#713,#714,#715,#716,#717,#718,#719,#720,#721,#722),
  .UNSPECIFIED.,.F.,.F.,(7,5,5,7),(0.,0.356327321622,0.718021179279,1.),
  .UNSPECIFIED.);
#706 = CARTESIAN_POINT('',(14.705003672151,26.452083333333,
    20.008709869527));
#707 = CARTESIAN_POINT('',(14.763280778496,26.455011752112,
    20.005265563161));
#708 = CARTESIAN_POINT('',(14.822448739879,26.457969543243,
    20.002588206939));
#709 = CARTESIAN_POINT('',(14.88242547958,26.460947194438,
    20.000725994562));
#710 = CARTESIAN_POINT('',(14.9430747104,26.463933085273,19.999727591381
    ));
#711 = CARTESIAN_POINT('',(15.004176620961,26.466913649354,
    19.999626881598));
#712 = CARTESIAN_POINT('',(15.127542547827,26.472878001548,
    20.001240610485));
#713 = CARTESIAN_POINT('',(15.189832653197,26.475862236445,
    20.002982506988));
#714 = CARTESIAN_POINT('',(15.251916248632,26.478809767275,
    20.005657630275));
#715 = CARTESIAN_POINT('',(15.313509186915,26.481711179522,
    20.009237430347));
#716 = CARTESIAN_POINT('',(15.374382739746,26.484562028832,
    20.013672416969));
#717 = CARTESIAN_POINT('',(15.481127112265,26.48954250265,
    20.022980806905));
#718 = CARTESIAN_POINT('',(15.527358100986,26.491693092708,
    20.027543100327));
#719 = CARTESIAN_POINT('',(15.572998073978,26.493812725753,
    20.032563926591));
#720 = CARTESIAN_POINT('',(15.618005562937,26.495902563473,
    20.038015324135));
#721 = CARTESIAN_POINT('',(15.662354095635,26.497964329759,
    20.043869114114));
#722 = CARTESIAN_POINT('',(15.706029013958,26.5,20.050098684676));
#723 = ORIENTED_EDGE('',*,*,#724,.T.);
#724 = EDGE_CURVE('',#703,#725,#727,.T.);
#725 = VERTEX_POINT('',#726);
#726 = CARTESIAN_POINT('',(16.678706873762,26.547916666667,
    20.29022896183));
#727 = B_SPLINE_CURVE_WITH_KNOTS('',6,(#728,#729,#730,#731,#732,#733,
    #734,#735,#736,#737,#738,#739,#740,#741,#742,#743,#744),
  .UNSPECIFIED.,.F.,.F.,(7,5,5,7),(0.,0.356327321587,0.718021179241,1.),
  .UNSPECIFIED.);
#728 = CARTESIAN_POINT('',(15.706029013958,26.5,20.050098684676));
#729 = CARTESIAN_POINT('',(15.763822874419,26.502928418778,
    20.058342110093));
#730 = CARTESIAN_POINT('',(15.822336800474,26.505886209909,
    20.067514696831));
#731 = CARTESIAN_POINT('',(15.881480754838,26.508863861103,
    20.077647307624));
#732 = CARTESIAN_POINT('',(15.94111148401,26.511849751938,
    20.088760459552));
#733 = CARTESIAN_POINT('',(16.001006833963,26.514830316019,
    20.100843533244));
#734 = CARTESIAN_POINT('',(16.121574427606,26.520794668213,
    20.127020076061));
#735 = CARTESIAN_POINT('',(16.182266762404,26.52377890311,
    20.141145653119));
#736 = CARTESIAN_POINT('',(16.242570677518,26.52672643394,
    20.156144550699));
#737 = CARTESIAN_POINT('',(16.302213422026,26.529627846187,
    20.171932142106));
#738 = CARTESIAN_POINT('',(16.360980726181,26.532478695497,
    20.18841432955));
#739 = CARTESIAN_POINT('',(16.463726379424,26.537459169316,
    20.218817255869));
#740 = CARTESIAN_POINT('',(16.508119692381,26.539609759374,
    20.232504936632));
#741 = CARTESIAN_POINT('',(16.551842437679,26.541729392418,
    20.24652411547));
#742 = CARTESIAN_POINT('',(16.594859554141,26.543819230139,
    20.260839124707));
#743 = CARTESIAN_POINT('',(16.637150718935,26.545880996426,
    20.275417073483));
#744 = CARTESIAN_POINT('',(16.678706873762,26.547916666667,
    20.29022896183));
#745 = ORIENTED_EDGE('',*,*,#746,.T.);
#746 = EDGE_CURVE('',#725,#747,#749,.T.);
#747 = VERTEX_POINT('',#748);
#748 = CARTESIAN_POINT('',(17.583983660874,26.595833333333,
    20.719459328503));
#749 = B_SPLINE_CURVE_WITH_KNOTS('',6,(#750,#751,#752,#753,#754,#755,
    #756,#757,#758,#759,#760,#761,#762,#763,#764,#765,#766),
  .UNSPECIFIED.,.F.,.F.,(7,5,5,7),(0.,0.356327321546,0.718021179197,1.),
  .UNSPECIFIED.);
#750 = CARTESIAN_POINT('',(16.678706873762,26.547916666667,
    20.29022896183));
#751 = CARTESIAN_POINT('',(16.733697030698,26.550845085445,
    20.309829140626));
#752 = CARTESIAN_POINT('',(16.789207552726,26.553802876575,
    20.330483385546));
#753 = CARTESIAN_POINT('',(16.845144057046,26.556780527769,
    20.352203989197));
#754 = CARTESIAN_POINT('',(16.901362075565,26.559766418604,
    20.374982496617));
#755 = CARTESIAN_POINT('',(16.957646031226,26.562746982684,
    20.398764211234));
#756 = CARTESIAN_POINT('',(17.070574431535,26.568711334877,
    20.44845256432));
#757 = CARTESIAN_POINT('',(17.127232162664,26.571695569775,
    20.474394671669));
#758 = CARTESIAN_POINT('',(17.183335159641,26.574643100605,
    20.501115128942));
#759 = CARTESIAN_POINT('',(17.238633018947,26.577544512852,
    20.528476630564));
#760 = CARTESIAN_POINT('',(17.292934532447,26.580395362162,
    20.556344249266));
#761 = CARTESIAN_POINT('',(17.387556167739,26.585375835981,
    20.60662101652));
#762 = CARTESIAN_POINT('',(17.428329387192,26.587526426039,
    20.628884516158));
#763 = CARTESIAN_POINT('',(17.468379410743,26.589646059084,
    20.65133916926));
#764 = CARTESIAN_POINT('',(17.507678992069,26.591735896805,
    20.673943034115));
#765 = CARTESIAN_POINT('',(17.546214773708,26.593797663092,
    20.696659828437));
#766 = CARTESIAN_POINT('',(17.583983660874,26.595833333333,
    20.719459328503));
#767 = ORIENTED_EDGE('',*,*,#768,.T.);
#768 = EDGE_CURVE('',#747,#769,#771,.T.);
#769 = VERTEX_POINT('',#770);
#770 = CARTESIAN_POINT('',(18.385511977492,26.64375,21.320555931902));
#771 = B_SPLINE_CURVE_WITH_KNOTS('',6,(#772,#773,#774,#775,#776,#777,
    #778,#779,#780,#781,#782,#783,#784,#785,#786,#787,#788),
  .UNSPECIFIED.,.F.,.F.,(7,5,5,7),(0.,0.356327321665,0.718021179325,1.),
  .UNSPECIFIED.);
#772 = CARTESIAN_POINT('',(17.583983660874,26.595833333333,
    20.719459328503));
#773 = CARTESIAN_POINT('',(17.633962227023,26.598761752112,
    20.749629301933));
#774 = CARTESIAN_POINT('',(17.684240564795,26.601719543244,
    20.780935924911));
#775 = CARTESIAN_POINT('',(17.734723735401,26.604697194439,
    20.813372426364));
#776 = CARTESIAN_POINT('',(17.785271856635,26.607683085274,
    20.846901718761));
#777 = CARTESIAN_POINT('',(17.835684583958,26.610663649355,
    20.881427224426));
#778 = CARTESIAN_POINT('',(17.936439648972,26.61662800155,
    20.952632371069));
#779 = CARTESIAN_POINT('',(17.986787935056,26.619612236447,
    20.989349417776));
#780 = CARTESIAN_POINT('',(18.036437445424,26.622559767277,
    21.026718592601));
#781 = CARTESIAN_POINT('',(18.085170177809,26.625461179525,
    21.064555423984));
#782 = CARTESIAN_POINT('',(18.132825662808,26.628312028834,
    21.102689572593));
#783 = CARTESIAN_POINT('',(18.215524165566,26.633292502652,
    21.170821538861));
#784 = CARTESIAN_POINT('',(18.251040222642,26.63544309271,
    21.200766964696));
#785 = CARTESIAN_POINT('',(18.285809492316,26.637562725754,
    21.23075552446));
#786 = CARTESIAN_POINT('',(18.319813637077,26.639652563474,
    21.26074068639));
#787 = CARTESIAN_POINT('',(18.353046801141,26.64171432976,
    21.290684233528));
#788 = CARTESIAN_POINT('',(18.385511977492,26.64375,21.320555931902));
#789 = ORIENTED_EDGE('',*,*,#790,.T.);
#790 = EDGE_CURVE('',#769,#791,#793,.T.);
#791 = VERTEX_POINT('',#792);
#792 = CARTESIAN_POINT('',(19.051109988194,26.691666666667,
    22.069384388298));
#793 = B_SPLINE_CURVE_WITH_KNOTS('',6,(#794,#795,#796,#797,#798,#799,
    #800,#801,#802,#803,#804,#805,#806,#807,#808,#809,#810),
  .UNSPECIFIED.,.F.,.F.,(7,5,5,7),(0.,0.356327321628,0.718021179285,1.),
  .UNSPECIFIED.);
#794 = CARTESIAN_POINT('',(18.385511977492,26.64375,21.320555931902));
#795 = CARTESIAN_POINT('',(18.428472283874,26.646678418779,
    21.360084357698));
#796 = CARTESIAN_POINT('',(18.471499732403,26.64963620991,
    21.400786379315));
#797 = CARTESIAN_POINT('',(18.514502640149,26.652613861104,
    21.442636433863));
#798 = CARTESIAN_POINT('',(18.557351327146,26.65559975194,
    21.485570290325));
#799 = CARTESIAN_POINT('',(18.599868725324,26.65858031602,
    21.529453367575));
#800 = CARTESIAN_POINT('',(18.684405079636,26.664544668215,
    21.619316379055));
#801 = CARTESIAN_POINT('',(18.726422407246,26.667528903112,
    21.665334154002));
#802 = CARTESIAN_POINT('',(18.767624973831,26.670476433942,
    21.71185165193));
#803 = CARTESIAN_POINT('',(18.807835931302,26.673377846189,
    21.758644641941));
#804 = CARTESIAN_POINT('',(18.846931991924,26.676228695499,
    21.80551421186));
#805 = CARTESIAN_POINT('',(18.914386968435,26.681209169317,
    21.888765838459));
#806 = CARTESIAN_POINT('',(18.943219872485,26.683359759375,
    21.925190863968));
#807 = CARTESIAN_POINT('',(18.971312381589,26.685479392419,
    21.961509272019));
#808 = CARTESIAN_POINT('',(18.998655803306,26.68756923014,
    21.997671809074));
#809 = CARTESIAN_POINT('',(19.025252018647,26.689630996426,
    22.033639857937));
#810 = CARTESIAN_POINT('',(19.051109988194,26.691666666667,
    22.069384388298));
#811 = ORIENTED_EDGE('',*,*,#812,.T.);
#812 = EDGE_CURVE('',#791,#813,#815,.T.);
#813 = VERTEX_POINT('',#814);
#814 = CARTESIAN_POINT('',(19.554053539644,26.739583333333,
    22.935878792789));
#815 = B_SPLINE_CURVE_WITH_KNOTS('',6,(#816,#817,#818,#819,#820,#821,
    #822,#823,#824,#825,#826,#827,#828,#829,#830,#831,#832),
  .UNSPECIFIED.,.F.,.F.,(7,5,5,7),(0.,0.356327321643,0.718021179301,1.),
  .UNSPECIFIED.);
#816 = CARTESIAN_POINT('',(19.051109988194,26.691666666667,
    22.069384388298));
#817 = CARTESIAN_POINT('',(19.085327153136,26.694595085445,
    22.116684176817));
#818 = CARTESIAN_POINT('',(19.119376134951,26.697552876576,
    22.165147386867));
#819 = CARTESIAN_POINT('',(19.153172187693,26.700530527771,
    22.214730690101));
#820 = CARTESIAN_POINT('',(19.186601040364,26.703516418607,
    22.265345290934));
#821 = CARTESIAN_POINT('',(19.219516010749,26.706496982688,22.3168240083
    ));
#822 = CARTESIAN_POINT('',(19.2844394698,26.712461334882,22.421736831627
    ));
#823 = CARTESIAN_POINT('',(19.316438818409,26.71544556978,
    22.475207693964));
#824 = CARTESIAN_POINT('',(19.347540133824,26.71839310061,
    22.529005809974));
#825 = CARTESIAN_POINT('',(19.377614822682,26.721294512857,
    22.58287619242));
#826 = CARTESIAN_POINT('',(19.406581728997,26.724145362166,
    22.63659934273));
#827 = CARTESIAN_POINT('',(19.456084822096,26.729125835984,
    22.731628027665));
#828 = CARTESIAN_POINT('',(19.477076914982,26.731276426042,
    22.773070166549));
#829 = CARTESIAN_POINT('',(19.497364732672,26.733396059086,
    22.81426021734));
#830 = CARTESIAN_POINT('',(19.516949576804,26.735485896807,
    22.855148182287));
#831 = CARTESIAN_POINT('',(19.535840989659,26.737547663093,
    22.895696594459));
#832 = CARTESIAN_POINT('',(19.554053539644,26.739583333333,
    22.935878792789));
#833 = ORIENTED_EDGE('',*,*,#834,.T.);
#834 = EDGE_CURVE('',#813,#835,#837,.T.);
#835 = VERTEX_POINT('',#836);
#836 = CARTESIAN_POINT('',(19.874149151131,26.7875,23.885248883146));
#837 = B_SPLINE_CURVE_WITH_KNOTS('',6,(#838,#839,#840,#841,#842,#843,
    #844,#845,#846,#847,#848,#849,#850,#851,#852,#853,#854),
  .UNSPECIFIED.,.F.,.F.,(7,5,5,7),(0.,0.35632732169,0.718021179352,1.),
  .UNSPECIFIED.);
#838 = CARTESIAN_POINT('',(19.554053539644,26.739583333333,
    22.935878792789));
#839 = CARTESIAN_POINT('',(19.57815372376,26.742511752112,
    22.989050829585));
#840 = CARTESIAN_POINT('',(19.601857152128,26.745469543244,
    23.043329401559));
#841 = CARTESIAN_POINT('',(19.625089418384,26.748447194439,
    23.098655154568));
#842 = CARTESIAN_POINT('',(19.647756248547,26.751433085275,
    23.154918293655));
#843 = CARTESIAN_POINT('',(19.669747235633,26.754413649356,
    23.211925750229));
#844 = CARTESIAN_POINT('',(19.712451084189,26.760378001551,
    23.327676073572));
#845 = CARTESIAN_POINT('',(19.733147661046,26.763362236449,
    23.38645313659));
#846 = CARTESIAN_POINT('',(19.752898989103,26.766309767279,
    23.445371844542));
#847 = CARTESIAN_POINT('',(19.771629892823,26.769211179526,
    23.504156691746));
#848 = CARTESIAN_POINT('',(19.78930460643,26.772062028835,
    23.562576406222));
#849 = CARTESIAN_POINT('',(19.818868237683,26.777042502653,
    23.665566691648));
#850 = CARTESIAN_POINT('',(19.831176674474,26.77919309271,
    23.710362017542));
#851 = CARTESIAN_POINT('',(19.842845232884,26.781312725754,
    23.754769906196));
#852 = CARTESIAN_POINT('',(19.853885156369,26.783402563474,
    23.798741623082));
#853 = CARTESIAN_POINT('',(19.86431326535,26.78546432976,23.842242355853
    ));
#854 = CARTESIAN_POINT('',(19.874149151131,26.7875,23.885248883146));
#855 = ORIENTED_EDGE('',*,*,#856,.T.);
#856 = EDGE_CURVE('',#835,#857,#859,.T.);
#857 = VERTEX_POINT('',#858);
#858 = CARTESIAN_POINT('',(19.998544794757,26.835416666667,
    24.879376889394));
#859 = B_SPLINE_CURVE_WITH_KNOTS('',6,(#860,#861,#862,#863,#864,#865,
    #866,#867,#868,#869,#870,#871,#872,#873,#874,#875,#876),
  .UNSPECIFIED.,.F.,.F.,(7,5,5,7),(0.,0.356327321609,0.718021179265,1.),
  .UNSPECIFIED.);
#860 = CARTESIAN_POINT('',(19.874149151131,26.7875,23.885248883146));
#861 = CARTESIAN_POINT('',(19.887164717785,26.790428418778,
    23.942158279511));
#862 = CARTESIAN_POINT('',(19.899570886047,26.793386209909,
    24.000072896659));
#863 = CARTESIAN_POINT('',(19.911306576595,26.796363861104,
    24.058919737756));
#864 = CARTESIAN_POINT('',(19.922301297622,26.799349751939,
    24.118572416802));
#865 = CARTESIAN_POINT('',(19.932485350282,26.80233031602,
    24.178819729503));
#866 = CARTESIAN_POINT('',(19.95125500359,26.808294668214,
    24.300760108978));
#867 = CARTESIAN_POINT('',(19.95981782891,26.811278903111,24.36248343887
    ));
#868 = CARTESIAN_POINT('',(19.96742614212,26.814226433941,
    24.424157117834));
#869 = CARTESIAN_POINT('',(19.974061203854,26.817127846188,
    24.48549618345));
#870 = CARTESIAN_POINT('',(19.979734074561,26.819978695498,
    24.546266876045));
#871 = CARTESIAN_POINT('',(19.988171246717,26.824959169316,
    24.653083641181));
#872 = CARTESIAN_POINT('',(19.99130183641,26.827109759374,
    24.699433595311));
#873 = CARTESIAN_POINT('',(19.993882636033,26.829229392419,
    24.745276318885));
#874 = CARTESIAN_POINT('',(19.995934379425,26.83131923014,
    24.790566297321));
#875 = CARTESIAN_POINT('',(19.9974804898,26.833380996426,24.835272770595
    ));
#876 = CARTESIAN_POINT('',(19.998544794757,26.835416666667,
    24.879376889394));
#877 = ORIENTED_EDGE('',*,*,#878,.T.);
#878 = EDGE_CURVE('',#857,#879,#881,.T.);
#879 = VERTEX_POINT('',#880);
#880 = CARTESIAN_POINT('',(19.92224591194,26.883333333333,
    25.878347984791));
#881 = B_SPLINE_CURVE_WITH_KNOTS('',6,(#882,#883,#884,#885,#886,#887,
    #888,#889,#890,#891,#892,#893,#894,#895,#896,#897,#898),
  .UNSPECIFIED.,.F.,.F.,(7,5,5,7),(0.,0.356327321653,0.718021179312,1.),
  .UNSPECIFIED.);
#882 = CARTESIAN_POINT('',(19.998544794757,26.835416666667,
    24.879376889394));
#883 = CARTESIAN_POINT('',(19.999953161263,26.838345085445,
    24.937738699463));
#884 = CARTESIAN_POINT('',(20.000563954439,26.841302876577,
    24.996964055712));
#885 = CARTESIAN_POINT('',(20.000331874377,26.844280527772,
    25.056969249484));
#886 = CARTESIAN_POINT('',(19.999213041727,26.847266418607,
    25.117616378206));
#887 = CARTESIAN_POINT('',(19.997181264233,26.850246982688,
    25.178684581859));
#888 = CARTESIAN_POINT('',(19.991263109628,26.856211334883,
    25.301919039216));
#889 = CARTESIAN_POINT('',(19.987348380914,26.85919556978,
    25.364110407826));
#890 = CARTESIAN_POINT('',(19.982508201005,26.86214310061,
    25.426062823156));
#891 = CARTESIAN_POINT('',(19.976781019104,26.865044512857,
    25.487493307465));
#892 = CARTESIAN_POINT('',(19.970224277799,26.867895362167,
    25.548174998971));
#893 = CARTESIAN_POINT('',(19.957196233406,26.872875835985,
    25.654529487572));
#894 = CARTESIAN_POINT('',(19.951023280972,26.875026426043,
    25.700573091874));
#895 = CARTESIAN_POINT('',(19.944412701173,26.877146059087,
    25.746010037913));
#896 = CARTESIAN_POINT('',(19.937393885761,26.879235896807,
    25.790799858489));
#897 = CARTESIAN_POINT('',(19.929995920283,26.881297663093,
    25.834917080931));
#898 = CARTESIAN_POINT('',(19.92224591194,26.883333333333,
    25.878347984791));
#899 = ORIENTED_EDGE('',*,*,#900,.T.);
#900 = EDGE_CURVE('',#879,#901,#903,.T.);
#901 = VERTEX_POINT('',#902);
#902 = CARTESIAN_POINT('',(19.648315947902,26.93125,26.842052889708));
#903 = B_SPLINE_CURVE_WITH_KNOTS('',6,(#904,#905,#906,#907,#908,#909,
    #910,#911,#912,#913,#914,#915,#916,#917,#918,#919,#920),
  .UNSPECIFIED.,.F.,.F.,(7,5,5,7),(0.,0.356327321581,0.718021179235,1.),
  .UNSPECIFIED.);
#904 = CARTESIAN_POINT('',(19.92224591194,26.883333333333,
    25.878347984791));
#905 = CARTESIAN_POINT('',(19.911990531553,26.886261752112,
    25.935818947394));
#906 = CARTESIAN_POINT('',(19.900781425938,26.889219543242,
    25.993977109685));
#907 = CARTESIAN_POINT('',(19.888590893417,26.892197194437,
    26.052731412133));
#908 = CARTESIAN_POINT('',(19.875403428885,26.895183085272,
    26.111937972465));
#909 = CARTESIAN_POINT('',(19.861237398307,26.898163649352,
    26.171375142598));
#910 = CARTESIAN_POINT('',(19.830869053196,26.904128001546,
    26.290955741551));
#911 = CARTESIAN_POINT('',(19.81463394912,26.907112236443,
    26.351118128687));
#912 = CARTESIAN_POINT('',(19.797539612177,26.910059767273,
    26.41086185431));
#913 = CARTESIAN_POINT('',(19.779680136379,26.91296117952,
    26.469917287074));
#914 = CARTESIAN_POINT('',(19.761157040101,26.91581202883,
    26.528073571729));
#915 = CARTESIAN_POINT('',(19.727186862836,26.920792502649,
    26.62969558827));
#916 = CARTESIAN_POINT('',(19.711958215959,26.922943092707,
    26.673584164852));
#917 = CARTESIAN_POINT('',(19.69642167542,26.925062725752,
    26.716791013151));
#918 = CARTESIAN_POINT('',(19.680614110786,26.927152563473,
    26.75928233813));
#919 = CARTESIAN_POINT('',(19.664569102135,26.929214329759,
    26.801038977215));
#920 = CARTESIAN_POINT('',(19.648315947902,26.93125,26.842052889708));
#921 = ORIENTED_EDGE('',*,*,#922,.T.);
#922 = EDGE_CURVE('',#901,#923,#925,.T.);
#923 = VERTEX_POINT('',#924);
#924 = CARTESIAN_POINT('',(19.316791841831,26.967826095477,
    27.522956241059));
#925 = B_SPLINE_CURVE_WITH_KNOTS('',6,(#926,#927,#928,#929,#930,#931,
    #932,#933,#934,#935,#936,#937),.UNSPECIFIED.,.F.,.F.,(7,5,7),(0.,
    0.477587230233,1.),.UNSPECIFIED.);
#926 = CARTESIAN_POINT('',(19.648315947902,26.93125,26.842052889708));
#927 = CARTESIAN_POINT('',(19.626808580208,26.934178418777,
    26.89632551174));
#928 = CARTESIAN_POINT('',(19.604229628021,26.937136209907,
    26.951081395495));
#929 = CARTESIAN_POINT('',(19.580570100132,26.940113861101,
    27.006225786662));
#930 = CARTESIAN_POINT('',(19.555843488216,26.943099751935,
    27.061614600227));
#931 = CARTESIAN_POINT('',(19.530111979058,26.946080316014,
    27.117034299341));
#932 = CARTESIAN_POINT('',(19.474416787495,26.952277900318,
    27.232505298897));
#933 = CARTESIAN_POINT('',(19.444271875905,26.955492059111,
    27.292525766367));
#934 = CARTESIAN_POINT('',(19.413260306571,26.958661979753,
    27.351839793367));
#935 = CARTESIAN_POINT('',(19.381563914581,26.96177673575,
    27.410149790044));
#936 = CARTESIAN_POINT('',(19.349357260999,26.964831786902,
    27.467236631856));
#937 = CARTESIAN_POINT('',(19.316791841831,26.967826095477,
    27.52295624106));
#938 = ORIENTED_EDGE('',*,*,#939,.T.);
#939 = EDGE_CURVE('',#923,#940,#942,.T.);
#940 = VERTEX_POINT('',#941);
#941 = CARTESIAN_POINT('',(19.187753352524,26.979166666667,
    27.731798282894));
#942 = B_SPLINE_CURVE_WITH_KNOTS('',5,(#943,#944,#945,#946,#947,#948),
  .UNSPECIFIED.,.F.,.F.,(6,6),(0.,1.),.PIECEWISE_BEZIER_KNOTS.);
#943 = CARTESIAN_POINT('',(19.316791841831,26.967826095477,
    27.52295624106));
#944 = CARTESIAN_POINT('',(19.291333945456,26.970166885166,
    27.566514840133));
#945 = CARTESIAN_POINT('',(19.265638998934,26.97246980377,
    27.609217856483));
#946 = CARTESIAN_POINT('',(19.239774734202,26.974735748058,
    27.651011487395));
#947 = CARTESIAN_POINT('',(19.213797867727,26.976967087908,
    27.691872931692));
#948 = CARTESIAN_POINT('',(19.187753352524,26.979166666667,
    27.731798282894));
#949 = ORIENTED_EDGE('',*,*,#950,.T.);
#950 = EDGE_CURVE('',#940,#951,#953,.T.);
#951 = VERTEX_POINT('',#952);
#952 = CARTESIAN_POINT('',(18.559049986092,27.027083333333,
    28.51186036119));
#953 = B_SPLINE_CURVE_WITH_KNOTS('',6,(#954,#955,#956,#957,#958,#959,
    #960,#961,#962,#963,#964,#965,#966,#967,#968,#969,#970),
  .UNSPECIFIED.,.F.,.F.,(7,5,5,7),(0.,0.356327321589,0.718021179243,1.),
  .UNSPECIFIED.);
#954 = CARTESIAN_POINT('',(19.187753352524,26.979166666667,
    27.731798282894));
#955 = CARTESIAN_POINT('',(19.15585753103,26.982095085445,
    27.780693486552));
#956 = CARTESIAN_POINT('',(19.122815290524,26.985052876576,
    27.829848610724));
#957 = CARTESIAN_POINT('',(19.088636711273,26.98803052777,27.87916901076
    ));
#958 = CARTESIAN_POINT('',(19.053363740033,26.991016418605,
    27.928516184005));
#959 = CARTESIAN_POINT('',(19.017099887571,26.993996982685,
    27.977693278475));
#960 = CARTESIAN_POINT('',(18.94242181613,26.999961334879,
    28.075901942435));
#961 = CARTESIAN_POINT('',(18.903970006613,27.002945569777,
    28.124938151253));
#962 = CARTESIAN_POINT('',(18.864890853158,27.005893100607,
    28.173253251087));
#963 = CARTESIAN_POINT('',(18.825376323118,27.008794512854,
    28.220635810436));
#964 = CARTESIAN_POINT('',(18.785602252361,27.011645362164,
    28.266931402408));
#965 = CARTESIAN_POINT('',(18.714625654114,27.016625835982,
    28.347201756153));
#966 = CARTESIAN_POINT('',(18.683458977697,27.01877642604,
    28.381651097527));
#967 = CARTESIAN_POINT('',(18.652275256132,27.020896059085,
    28.41535260107));
#968 = CARTESIAN_POINT('',(18.621121632806,27.022985896806,
    28.448289564374));
#969 = CARTESIAN_POINT('',(18.590036505758,27.025047663093,
    28.480457468978));
#970 = CARTESIAN_POINT('',(18.559049986092,27.027083333333,
    28.51186036119));
#971 = ORIENTED_EDGE('',*,*,#972,.T.);
#972 = EDGE_CURVE('',#951,#973,#975,.T.);
#973 = VERTEX_POINT('',#974);
#974 = CARTESIAN_POINT('',(17.78744866018,27.075,29.150919171324));
#975 = B_SPLINE_CURVE_WITH_KNOTS('',6,(#976,#977,#978,#979,#980,#981,
    #982,#983,#984,#985,#986,#987,#988,#989,#990,#991,#992),
  .UNSPECIFIED.,.F.,.F.,(7,5,5,7),(0.,0.356327321545,0.718021179196,1.),
  .UNSPECIFIED.);
#976 = CARTESIAN_POINT('',(18.559049986092,27.027083333333,
    28.51186036119));
#977 = CARTESIAN_POINT('',(18.518046346884,27.030011752111,
    28.553414975139));
#978 = CARTESIAN_POINT('',(18.47586748355,27.032969543242,28.59499573243
    ));
#979 = CARTESIAN_POINT('',(18.432542143099,27.035947194436,
    28.636511898116));
#980 = CARTESIAN_POINT('',(18.388139043182,27.03893308527,28.67783611286
    ));
#981 = CARTESIAN_POINT('',(18.342798862531,27.04191364935,
    28.718796113268));
#982 = CARTESIAN_POINT('',(18.250040316964,27.047878001544,
    28.800144796437));
#983 = CARTESIAN_POINT('',(18.202584191217,27.050862236441,
    28.84053053104));
#984 = CARTESIAN_POINT('',(18.154657081657,27.053809767271,
    28.880084560871));
#985 = CARTESIAN_POINT('',(18.106489254494,27.056711179519,
    28.918637971113));
#986 = CARTESIAN_POINT('',(18.058283803413,27.059562028828,
    28.956074491071));
#987 = CARTESIAN_POINT('',(17.972728746714,27.064542502647,
    29.020582935975));
#988 = CARTESIAN_POINT('',(17.935319656494,27.066693092706,
    29.048127060751));
#989 = CARTESIAN_POINT('',(17.898042958196,27.068812725751,
    29.074934962504));
#990 = CARTESIAN_POINT('',(17.860948178714,27.070902563472,
    29.100999673014));
#991 = CARTESIAN_POINT('',(17.824073846072,27.072964329759,
    29.126324419865));
#992 = CARTESIAN_POINT('',(17.78744866018,27.075,29.150919171324));
#993 = ORIENTED_EDGE('',*,*,#994,.T.);
#994 = EDGE_CURVE('',#973,#995,#997,.T.);
#995 = VERTEX_POINT('',#996);
#996 = CARTESIAN_POINT('',(16.903929623853,27.122916666667,
    29.623316124538));
#997 = B_SPLINE_CURVE_WITH_KNOTS('',6,(#998,#999,#1000,#1001,#1002,#1003
    ,#1004,#1005,#1006,#1007,#1008,#1009,#1010,#1011,#1012,#1013,#1014),
  .UNSPECIFIED.,.F.,.F.,(7,5,5,7),(0.,0.356327321645,0.718021179303,1.),
  .UNSPECIFIED.);
#998 = CARTESIAN_POINT('',(17.78744866018,27.075,29.150919171324));
#999 = CARTESIAN_POINT('',(17.738983523579,27.077928418779,
    29.18346475328));
#1000 = CARTESIAN_POINT('',(17.689361543678,27.08088620991,
    29.215801651736));
#1001 = CARTESIAN_POINT('',(17.638628980021,27.083863861105,
    29.247846684508));
#1002 = CARTESIAN_POINT('',(17.586878562101,27.08684975194,
    29.279488749131));
#1003 = CARTESIAN_POINT('',(17.534282488278,27.089830316021,
    29.310587087278));
#1004 = CARTESIAN_POINT('',(17.427167778964,27.095794668216,
    29.371809591981));
#1005 = CARTESIAN_POINT('',(17.37261272847,27.098778903113,
    29.401923341267));
#1006 = CARTESIAN_POINT('',(17.317761964563,27.101726433943,
    29.431128183429));
#1007 = CARTESIAN_POINT('',(17.262874806994,27.10462784619,
    29.459304502364));
#1008 = CARTESIAN_POINT('',(17.208173452925,27.1074786955,
    29.486378851916));
#1009 = CARTESIAN_POINT('',(17.111475023863,27.112459169318,
    29.532535335791));
#1010 = CARTESIAN_POINT('',(17.069325516934,27.114609759376,
    29.552068331072));
#1011 = CARTESIAN_POINT('',(17.027452523383,27.11672939242,
    29.57090627793));
#1012 = CARTESIAN_POINT('',(16.985905965076,27.11881923014,
    29.589052222106));
#1013 = CARTESIAN_POINT('',(16.944722953101,27.120880996426,
    29.606517007645));
#1014 = CARTESIAN_POINT('',(16.903929623853,27.122916666667,
    29.623316124538));
#1015 = ORIENTED_EDGE('',*,*,#1016,.T.);
#1016 = EDGE_CURVE('',#995,#1017,#1019,.T.);
#1017 = VERTEX_POINT('',#1018);
#1018 = CARTESIAN_POINT('',(15.943966688366,27.170833333333,
    29.91008420409));
#1019 = B_SPLINE_CURVE_WITH_KNOTS('',6,(#1020,#1021,#1022,#1023,#1024,
    #1025,#1026,#1027,#1028,#1029,#1030,#1031,#1032,#1033,#1034,#1035,
    #1036),.UNSPECIFIED.,.F.,.F.,(7,5,5,7),(0.,0.356327321561,
    0.718021179213,1.),.UNSPECIFIED.);
#1020 = CARTESIAN_POINT('',(16.903929623853,27.122916666667,
    29.623316124538));
#1021 = CARTESIAN_POINT('',(16.849948893748,27.125845085445,
    29.645545950143));
#1022 = CARTESIAN_POINT('',(16.794876149114,27.128802876575,
    29.667340644172));
#1023 = CARTESIAN_POINT('',(16.73877330468,27.131780527769,
    29.688627917016));
#1024 = CARTESIAN_POINT('',(16.681753378635,27.134766418604,
    29.709317383915));
#1025 = CARTESIAN_POINT('',(16.624013175103,27.137746982684,
    29.729305443137));
#1026 = CARTESIAN_POINT('',(16.506843020932,27.143711334878,
    29.76794364963));
#1027 = CARTESIAN_POINT('',(16.447379463199,27.146695569775,
    29.786576328776));
#1028 = CARTESIAN_POINT('',(16.387807335524,27.149643100606,
    29.804259391605));
#1029 = CARTESIAN_POINT('',(16.32840459935,27.152544512853,
    29.820927323385));
#1030 = CARTESIAN_POINT('',(16.269403633977,27.155395362162,
    29.836552451402));
#1031 = CARTESIAN_POINT('',(16.165444331576,27.160375835981,
    29.862503764172));
#1032 = CARTESIAN_POINT('',(16.120246735512,27.16252642604,
    29.873241368674));
#1033 = CARTESIAN_POINT('',(16.075458672106,27.164646059084,
    29.883353005956));
#1034 = CARTESIAN_POINT('',(16.031128453806,27.166735896806,
    29.892851613435));
#1035 = CARTESIAN_POINT('',(15.987290284729,27.168797663092,
    29.901755216218));
#1036 = CARTESIAN_POINT('',(15.943966688366,27.170833333333,
    29.91008420409));
#1037 = ORIENTED_EDGE('',*,*,#1038,.T.);
#1038 = EDGE_CURVE('',#1017,#1039,#1041,.T.);
#1039 = VERTEX_POINT('',#1040);
#1040 = CARTESIAN_POINT('',(15.,27.216263943337,30.));
#1041 = B_SPLINE_CURVE_WITH_KNOTS('',6,(#1042,#1043,#1044,#1045,#1046,
    #1047,#1048,#1049,#1050,#1051,#1052,#1053,#1054,#1055,#1056,#1057,
    #1058,#1059,#1060,#1061,#1062,#1063),.UNSPECIFIED.,.F.,.F.,(7,5,5,5,
    7),(0.,0.377876887692,0.73961701952,0.931165560488,1.),
  .UNSPECIFIED.);
#1042 = CARTESIAN_POINT('',(15.943966688366,27.170833333333,
    29.91008420409));
#1043 = CARTESIAN_POINT('',(15.886637722941,27.173761752112,
    29.921105732722));
#1044 = CARTESIAN_POINT('',(15.828325416783,27.176719543243,
    29.931483152491));
#1045 = CARTESIAN_POINT('',(15.769104853896,27.179697194438,
    29.941157968838));
#1046 = CARTESIAN_POINT('',(15.70910480342,27.182683085273,
    29.950064143702));
#1047 = CARTESIAN_POINT('',(15.648538773439,27.185663649353,
    29.958139391621));
#1048 = CARTESIAN_POINT('',(15.529529859141,27.191457025353,
    29.972226217621));
#1049 = CARTESIAN_POINT('',(15.471087368996,27.194272499204,
    29.978313667297));
#1050 = CARTESIAN_POINT('',(15.41269951588,27.197056239966,
    29.983556942534));
#1051 = CARTESIAN_POINT('',(15.354609461823,27.199799955112,
    29.987946471266));
#1052 = CARTESIAN_POINT('',(15.297019891485,27.202499367323,
    29.991495525248));
#1053 = CARTESIAN_POINT('',(15.209945949615,27.206557447821,
    29.995681486978));
#1054 = CARTESIAN_POINT('',(15.179981457376,27.207949611331,
    29.996903137822));
#1055 = CARTESIAN_POINT('',(15.150216691302,27.209328960529,
    29.997901545203));
#1056 = CARTESIAN_POINT('',(15.12066683357,27.210695641358,
    29.998681951766));
#1057 = CARTESIAN_POINT('',(15.091343494279,27.212049962474,
    29.999250206529));
#1058 = CARTESIAN_POINT('',(15.051802066104,27.213874735959,
    29.999742576414));
#1059 = CARTESIAN_POINT('',(15.04137932857,27.214355587093,
    29.999846129795));
#1060 = CARTESIAN_POINT('',(15.030987386673,27.214834913333,
    29.999923358776));
#1061 = CARTESIAN_POINT('',(15.020626625677,27.215312734138,
    29.999974551521));
#1062 = CARTESIAN_POINT('',(15.010297393357,27.21578907018,
    30.000000000002));
#1063 = CARTESIAN_POINT('',(15.,27.216263943337,30.));
#1064 = ORIENTED_EDGE('',*,*,#1065,.F.);
#1065 = EDGE_CURVE('',#1066,#1039,#1068,.T.);
#1066 = VERTEX_POINT('',#1067);
#1067 = CARTESIAN_POINT('',(15.,25.73380693412,30.));
#1068 = LINE('',#1069,#1070);
#1069 = CARTESIAN_POINT('',(15.,0.,30.));
#1070 = VECTOR('',#1071,1.);
#1071 = DIRECTION('',(0.,1.,0.));
#1072 = ORIENTED_EDGE('',*,*,#1073,.F.);
#1073 = EDGE_CURVE('',#1074,#1066,#1076,.T.);
#1074 = VERTEX_POINT('',#1075);
#1075 = CARTESIAN_POINT('',(15.010264872628,25.733333333333,
    29.999989463228));
#1076 = B_SPLINE_CURVE_WITH_KNOTS('',5,(#1077,#1078,#1079,#1080,#1081,
    #1082),.UNSPECIFIED.,.F.,.F.,(6,6),(0.,1.),
  .PIECEWISE_BEZIER_KNOTS.);
#1077 = CARTESIAN_POINT('',(15.010264872628,25.733333333333,
    29.999989463228));
#1078 = CARTESIAN_POINT('',(15.00813714174,25.73343151253,
    29.999993831414));
#1079 = CARTESIAN_POINT('',(15.006188651865,25.733521415615,
    29.999996702723));
#1080 = CARTESIAN_POINT('',(15.004054387277,25.733619887212,
    29.999999187533));
#1081 = CARTESIAN_POINT('',(15.001813874156,25.733723253434,
    29.999999999999));
#1082 = CARTESIAN_POINT('',(15.,25.73380693412,30.));
#1083 = ORIENTED_EDGE('',*,*,#1084,.F.);
#1084 = EDGE_CURVE('',#1085,#1074,#1087,.T.);
#1085 = VERTEX_POINT('',#1086);
#1086 = CARTESIAN_POINT('',(16.006896373669,25.685416666667,
    29.897566711408));
#1087 = B_SPLINE_CURVE_WITH_KNOTS('',6,(#1088,#1089,#1090,#1091,#1092,
    #1093,#1094,#1095,#1096,#1097,#1098,#1099,#1100,#1101,#1102,#1103,
    #1104),.UNSPECIFIED.,.F.,.F.,(7,5,5,7),(0.,0.282270658729,
    0.643081562138,1.),.UNSPECIFIED.);
#1088 = CARTESIAN_POINT('',(16.006896373669,25.685416666667,
    29.897566711408));
#1089 = CARTESIAN_POINT('',(15.963638468142,25.687454445254,
    29.906460153963));
#1090 = CARTESIAN_POINT('',(15.919683827892,25.689518373758,
    29.915018946759));
#1091 = CARTESIAN_POINT('',(15.875045491393,25.691610434,29.923215549569
    ));
#1092 = CARTESIAN_POINT('',(15.82974824818,25.693732355156,
    29.931020124765));
#1093 = CARTESIAN_POINT('',(15.783831942673,25.695885301146,
    29.938402133748));
#1094 = CARTESIAN_POINT('',(15.677945600128,25.700861572239,
    29.954189911323));
#1095 = CARTESIAN_POINT('',(15.617603176626,25.703705534048,
    29.962311568571));
#1096 = CARTESIAN_POINT('',(15.556494482163,25.70659980626,
    29.969627473877));
#1097 = CARTESIAN_POINT('',(15.494843097859,25.709539975714,
    29.976074745104));
#1098 = CARTESIAN_POINT('',(15.432928783798,25.712516704642,
    29.981607823877));
#1099 = CARTESIAN_POINT('',(15.309940324423,25.718478290548,
    29.990761299627));
#1100 = CARTESIAN_POINT('',(15.248842438047,25.721463762659,
    29.994403123735));
#1101 = CARTESIAN_POINT('',(15.18814175315,25.724454648536,
    29.997118123121));
#1102 = CARTESIAN_POINT('',(15.128061121457,25.727437308004,
    29.998926736238));
#1103 = CARTESIAN_POINT('',(15.068740384626,25.730400057105,
    29.999869414238));
#1104 = CARTESIAN_POINT('',(15.010264872628,25.733333333333,
    29.999989463228));
#1105 = ORIENTED_EDGE('',*,*,#1106,.F.);
#1106 = EDGE_CURVE('',#1107,#1085,#1109,.T.);
#1107 = VERTEX_POINT('',#1108);
#1108 = CARTESIAN_POINT('',(16.963100390476,25.6375,29.598503762847));
#1109 = B_SPLINE_CURVE_WITH_KNOTS('',6,(#1110,#1111,#1112,#1113,#1114,
    #1115,#1116,#1117,#1118,#1119,#1120,#1121,#1122,#1123,#1124,#1125,
    #1126),.UNSPECIFIED.,.F.,.F.,(7,5,5,7),(0.,0.282270658729,
    0.643081562139,1.),.UNSPECIFIED.);
#1110 = CARTESIAN_POINT('',(16.963100390476,25.6375,29.598503762847));
#1111 = CARTESIAN_POINT('',(16.922483967452,25.639537778587,
    29.615842906188));
#1112 = CARTESIAN_POINT('',(16.881118078428,25.641601707091,
    29.632993024524));
#1113 = CARTESIAN_POINT('',(16.839010009491,25.643693767333,
    29.649924531056));
#1114 = CARTESIAN_POINT('',(16.796178103851,25.64581568849,
    29.666603244914));
#1115 = CARTESIAN_POINT('',(16.752655317623,25.64796863448,
    29.682991296871));
#1116 = CARTESIAN_POINT('',(16.652042251286,25.652944905572,
    29.719572471544));
#1117 = CARTESIAN_POINT('',(16.594530417788,25.655788867381,
    29.739561428456));
#1118 = CARTESIAN_POINT('',(16.536107055346,25.658683139593,
    29.758913578991));
#1119 = CARTESIAN_POINT('',(16.47697871994,25.661623309047,
    29.777522728486));
#1120 = CARTESIAN_POINT('',(16.417410472508,25.664600037975,
    29.795288457974));
#1121 = CARTESIAN_POINT('',(16.298715952337,25.670561623881,
    29.828778130097));
#1122 = CARTESIAN_POINT('',(16.239570687026,25.673547095993,
    29.844527802914));
#1123 = CARTESIAN_POINT('',(16.180629870128,25.676537981869,
    29.859290068052));
#1124 = CARTESIAN_POINT('',(16.122115954324,25.679520641338,
    29.873040524165));
#1125 = CARTESIAN_POINT('',(16.064174038573,25.682483390439,
    29.885790930396));
#1126 = CARTESIAN_POINT('',(16.006896373669,25.685416666667,
    29.897566711408));
#1127 = ORIENTED_EDGE('',*,*,#1128,.F.);
#1128 = EDGE_CURVE('',#1129,#1107,#1131,.T.);
#1129 = VERTEX_POINT('',#1130);
#1130 = CARTESIAN_POINT('',(17.840484766886,25.589583333333,
    29.114808171603));
#1131 = B_SPLINE_CURVE_WITH_KNOTS('',6,(#1132,#1133,#1134,#1135,#1136,
    #1137,#1138,#1139,#1140,#1141,#1142,#1143,#1144,#1145,#1146,#1147,
    #1148),.UNSPECIFIED.,.F.,.F.,(7,5,5,7),(0.,0.282270658729,
    0.643081562139,1.),.UNSPECIFIED.);
#1132 = CARTESIAN_POINT('',(17.840484766886,25.589583333333,
    29.114808171603));
#1133 = CARTESIAN_POINT('',(17.804140599744,25.59162111192,
    29.139896838881));
#1134 = CARTESIAN_POINT('',(17.767024326829,25.593685040424,
    29.164949695376));
#1135 = CARTESIAN_POINT('',(17.729137189298,25.595777100666,
    29.189936295639));
#1136 = CARTESIAN_POINT('',(17.690490347546,25.597899021823,
    29.214819487944));
#1137 = CARTESIAN_POINT('',(17.651108546175,25.600051967813,
    29.239555592908));
#1138 = CARTESIAN_POINT('',(17.559808430096,25.605028238905,
    29.295461408905));
#1139 = CARTESIAN_POINT('',(17.507436320695,25.607872200714,
    29.326515097052));
#1140 = CARTESIAN_POINT('',(17.45404402279,25.610766472927,
    29.357126492541));
#1141 = CARTESIAN_POINT('',(17.399812773878,25.613706642381,
    29.387150351958));
#1142 = CARTESIAN_POINT('',(17.3449822934,25.616683371308,
    29.416435427626));
#1143 = CARTESIAN_POINT('',(17.235347367536,25.622644957215,
    29.472916666003));
#1144 = CARTESIAN_POINT('',(17.180529440635,25.625630429326,
    29.500141828862));
#1145 = CARTESIAN_POINT('',(17.125715000353,25.628621315202,
    29.526358646084));
#1146 = CARTESIAN_POINT('',(17.071117168725,25.631603974671,
    29.551498856258));
#1147 = CARTESIAN_POINT('',(17.016880476201,25.634566723772,
    29.575545054377));
#1148 = CARTESIAN_POINT('',(16.963100390476,25.6375,29.598503762847));
#1149 = ORIENTED_EDGE('',*,*,#1150,.F.);
#1150 = EDGE_CURVE('',#1151,#1129,#1153,.T.);
#1151 = VERTEX_POINT('',#1152);
#1152 = CARTESIAN_POINT('',(18.603822001866,25.541666666667,
    28.465900601411));
#1153 = B_SPLINE_CURVE_WITH_KNOTS('',6,(#1154,#1155,#1156,#1157,#1158,
    #1159,#1160,#1161,#1162,#1163,#1164,#1165,#1166,#1167,#1168,#1169,
    #1170),.UNSPECIFIED.,.F.,.F.,(7,5,5,7),(0.,0.282270658729,
    0.643081562139,1.),.UNSPECIFIED.);
#1154 = CARTESIAN_POINT('',(18.603822001866,25.541666666667,
    28.465900601411));
#1155 = CARTESIAN_POINT('',(18.573209330388,25.543704445254,
    28.497731467815));
#1156 = CARTESIAN_POINT('',(18.541832913866,25.545768373758,
    28.52968117548));
#1157 = CARTESIAN_POINT('',(18.509687898693,25.547860434,28.561719642713
    ));
#1158 = CARTESIAN_POINT('',(18.476777814357,25.549982355156,
    28.593808238594));
#1159 = CARTESIAN_POINT('',(18.443118200433,25.552135301146,
    28.625899227337));
#1160 = CARTESIAN_POINT('',(18.36479678821,25.557111572239,
    28.69888503312));
#1161 = CARTESIAN_POINT('',(18.319667174036,25.559955534048,
    28.739756628576));
#1162 = CARTESIAN_POINT('',(18.273449672971,25.56284980626,
    28.780398203407));
#1163 = CARTESIAN_POINT('',(18.226292927235,25.565789975714,
    28.820631297054));
#1164 = CARTESIAN_POINT('',(18.178401689894,25.568766704642,
    28.860259905814));
#1165 = CARTESIAN_POINT('',(18.082228265379,25.574728290548,
    28.937464955356));
#1166 = CARTESIAN_POINT('',(18.033938649036,25.577713762659,
    28.975072501884));
#1167 = CARTESIAN_POINT('',(17.98545141753,25.580704648536,
    29.011691250492));
#1168 = CARTESIAN_POINT('',(17.936961805272,25.583687308004,
    29.047211820436));
#1169 = CARTESIAN_POINT('',(17.888607971221,25.586650057105,
    29.081588341383));
#1170 = CARTESIAN_POINT('',(17.840484766886,25.589583333333,
    29.114808171603));
#1171 = ORIENTED_EDGE('',*,*,#1172,.F.);
#1172 = EDGE_CURVE('',#1173,#1151,#1175,.T.);
#1173 = VERTEX_POINT('',#1174);
#1174 = CARTESIAN_POINT('',(19.222463654484,25.49375,27.677835074564));
#1175 = B_SPLINE_CURVE_WITH_KNOTS('',6,(#1176,#1177,#1178,#1179,#1180,
    #1181,#1182,#1183,#1184,#1185,#1186,#1187,#1188,#1189,#1190,#1191,
    #1192),.UNSPECIFIED.,.F.,.F.,(7,5,5,7),(0.,0.282270658729,
    0.643081562139,1.),.UNSPECIFIED.);
#1176 = CARTESIAN_POINT('',(19.222463654484,25.49375,27.677835074564));
#1177 = CARTESIAN_POINT('',(19.198811595513,25.495787778587,
    27.715130112002));
#1178 = CARTESIAN_POINT('',(19.174434817043,25.497851707091,
    27.7526938712));
#1179 = CARTESIAN_POINT('',(19.149322565579,25.499943767333,
    27.790497842016));
#1180 = CARTESIAN_POINT('',(19.123470597986,25.50206568849,
    27.828503465393));
#1181 = CARTESIAN_POINT('',(19.096884624893,25.50421863448,
    27.866660865759));
#1182 = CARTESIAN_POINT('',(19.034686567496,25.509194905572,
    27.953796238107));
#1183 = CARTESIAN_POINT('',(18.998611429219,25.512038867381,
    28.002844722171));
#1184 = CARTESIAN_POINT('',(18.961424384965,25.514933139594,
    28.051884693103));
#1185 = CARTESIAN_POINT('',(18.923235513604,25.517873309047,
    28.100711638503));
#1186 = CARTESIAN_POINT('',(18.884206380871,25.520850037975,
    28.149092668302));
#1187 = CARTESIAN_POINT('',(18.805355877515,25.526811623881,
    28.243921700661));
#1188 = CARTESIAN_POINT('',(18.765533428353,25.529797095993,
    28.290401665648));
#1189 = CARTESIAN_POINT('',(18.725320196613,25.532787981869,
    28.335952081252));
#1190 = CARTESIAN_POINT('',(18.684885690303,25.535770641338,
    28.380426839099));
#1191 = CARTESIAN_POINT('',(18.644356149727,25.538733390439,
    28.42375344525));
#1192 = CARTESIAN_POINT('',(18.603822001866,25.541666666667,
    28.465900601411));
#1193 = ORIENTED_EDGE('',*,*,#1194,.F.);
#1194 = EDGE_CURVE('',#1195,#1173,#1197,.T.);
#1195 = VERTEX_POINT('',#1196);
#1196 = CARTESIAN_POINT('',(19.671570896918,25.445833333333,
    26.782252887519));
#1197 = B_SPLINE_CURVE_WITH_KNOTS('',6,(#1198,#1199,#1200,#1201,#1202,
    #1203,#1204,#1205,#1206,#1207,#1208,#1209,#1210,#1211,#1212,#1213,
    #1214),.UNSPECIFIED.,.F.,.F.,(7,5,5,7),(0.,0.282270658729,
    0.643081562139,1.),.UNSPECIFIED.);
#1198 = CARTESIAN_POINT('',(19.671570896918,25.445833333333,
    26.782252887519));
#1199 = CARTESIAN_POINT('',(19.655829094595,25.44787111192,
    26.823514678206));
#1200 = CARTESIAN_POINT('',(19.639430696234,25.449935040424,
    26.865184281814));
#1201 = CARTESIAN_POINT('',(19.62235948021,25.452027100666,
    26.907235904453));
#1202 = CARTESIAN_POINT('',(19.604603601131,25.454149021823,
    26.949632607093));
#1203 = CARTESIAN_POINT('',(19.586158711395,25.456301967813,
    26.992324376916));
#1204 = CARTESIAN_POINT('',(19.542581297572,25.461278238905,
    27.090110779155));
#1205 = CARTESIAN_POINT('',(19.517009073306,25.464122200714,
    27.145366826216));
#1206 = CARTESIAN_POINT('',(19.490345567658,25.467016472927,
    27.200836209446));
#1207 = CARTESIAN_POINT('',(19.462657876419,25.469956642381,
    27.256296575895));
#1208 = CARTESIAN_POINT('',(19.434057891029,25.472933371308,
    27.311487499805));
#1209 = CARTESIAN_POINT('',(19.375696203123,25.478894957215,
    27.420133073311));
#1210 = CARTESIAN_POINT('',(19.345939816002,25.481880429326,
    27.473619258705));
#1211 = CARTESIAN_POINT('',(19.315615169038,25.484871315202,
    27.526272465209));
#1212 = CARTESIAN_POINT('',(19.284859237991,25.487853974671,
    27.577915723157));
#1213 = CARTESIAN_POINT('',(19.253781275887,25.490816723772,
    27.62845282568));
#1214 = CARTESIAN_POINT('',(19.222463654484,25.49375,27.677835074564));
#1215 = ORIENTED_EDGE('',*,*,#1216,.F.);
#1216 = EDGE_CURVE('',#1217,#1195,#1219,.T.);
#1217 = VERTEX_POINT('',#1218);
#1218 = CARTESIAN_POINT('',(19.933111808071,25.397916666667,
    25.81511219416));
#1219 = B_SPLINE_CURVE_WITH_KNOTS('',6,(#1220,#1221,#1222,#1223,#1224,
    #1225,#1226,#1227,#1228,#1229,#1230,#1231,#1232,#1233,#1234,#1235,
    #1236),.UNSPECIFIED.,.F.,.F.,(7,5,5,7),(0.,0.282270658729,
    0.643081562139,1.),.UNSPECIFIED.);
#1220 = CARTESIAN_POINT('',(19.933111808071,25.397916666667,
    25.81511219416));
#1221 = CARTESIAN_POINT('',(19.92591230506,25.399954445254,
    25.858684052824));
#1222 = CARTESIAN_POINT('',(19.918150692188,25.402018373758,
    25.90278644164));
#1223 = CARTESIAN_POINT('',(19.909805931013,25.404110434,25.94739731861)
  );
#1224 = CARTESIAN_POINT('',(19.900859049483,25.406232355156,
    25.992482847858));
#1225 = CARTESIAN_POINT('',(19.891295816323,25.408385301146,
    26.037994887358));
#1226 = CARTESIAN_POINT('',(19.868088704982,25.413361572239,
    26.142506137669));
#1227 = CARTESIAN_POINT('',(19.854046134639,25.416205534048,
    26.201751184794));
#1228 = CARTESIAN_POINT('',(19.838976723101,25.41909980626,
    26.261422851816));
#1229 = CARTESIAN_POINT('',(19.822901889142,25.422039975714,
    26.321289872839));
#1230 = CARTESIAN_POINT('',(19.805879357405,25.425016704642,
    26.38107474266));
#1231 = CARTESIAN_POINT('',(19.770349741196,25.430978290548,
    26.499174673354));
#1232 = CARTESIAN_POINT('',(19.751854152638,25.433963762659,
    26.557519577213));
#1233 = CARTESIAN_POINT('',(19.732635642941,25.436954648536,
    26.615161517271));
#1234 = CARTESIAN_POINT('',(19.712793155958,25.439937308004,
    26.671899768005));
#1235 = CARTESIAN_POINT('',(19.692414570864,25.442900057105,
    26.727618272378));
#1236 = CARTESIAN_POINT('',(19.671570896918,25.445833333333,
    26.782252887519));
#1237 = ORIENTED_EDGE('',*,*,#1238,.F.);
#1238 = EDGE_CURVE('',#1239,#1217,#1241,.T.);
#1239 = VERTEX_POINT('',#1240);
#1240 = CARTESIAN_POINT('',(19.996585365854,25.35,24.815244264671));
#1241 = B_SPLINE_CURVE_WITH_KNOTS('',6,(#1242,#1243,#1244,#1245,#1246,
    #1247,#1248,#1249,#1250,#1251,#1252,#1253,#1254,#1255,#1256,#1257,
    #1258),.UNSPECIFIED.,.F.,.F.,(7,5,5,7),(0.,0.282270658729,
    0.643081562139,1.),.UNSPECIFIED.);
#1242 = CARTESIAN_POINT('',(19.996585365854,25.35,24.815244264671));
#1243 = CARTESIAN_POINT('',(19.998217226452,25.352037778587,
    24.859376755446));
#1244 = CARTESIAN_POINT('',(19.999404032413,25.354101707091,
    24.904141192506));
#1245 = CARTESIAN_POINT('',(20.000120773178,25.356193767333,
    24.949520170742));
#1246 = CARTESIAN_POINT('',(20.000342111775,25.35831568849,
    24.995484315963));
#1247 = CARTESIAN_POINT('',(20.000044504651,25.36046863448,
    25.041989289868));
#1248 = CARTESIAN_POINT('',(19.998139475024,25.365444905572,
    25.149029199811));
#1249 = CARTESIAN_POINT('',(19.996190376098,25.368288867381,
    25.209884523358));
#1250 = CARTESIAN_POINT('',(19.993320104445,25.371183139594,
    25.271362621491));
#1251 = CARTESIAN_POINT('',(19.989503541847,25.374123309047,
    25.333232600825));
#1252 = CARTESIAN_POINT('',(19.984741928469,25.377100037975,
    25.395211018717));
#1253 = CARTESIAN_POINT('',(19.973470919037,25.383061623881,
    25.518023524611));
#1254 = CARTESIAN_POINT('',(19.966978737848,25.386047095993,
    25.578884564578));
#1255 = CARTESIAN_POINT('',(19.959637999935,25.389037981869,
    25.639200880244));
#1256 = CARTESIAN_POINT('',(19.951505644591,25.392020641338,
    25.698756049479));
#1257 = CARTESIAN_POINT('',(19.942644648738,25.394983390439,
    25.757418824835));
#1258 = CARTESIAN_POINT('',(19.933111808071,25.397916666667,
    25.81511219416));
#1259 = ORIENTED_EDGE('',*,*,#1260,.F.);
#1260 = EDGE_CURVE('',#1261,#1239,#1263,.T.);
#1261 = VERTEX_POINT('',#1262);
#1262 = CARTESIAN_POINT('',(19.996585365854,25.35,25.184755735329));
#1263 = CIRCLE('',#1264,5.);
#1264 = AXIS2_PLACEMENT_3D('',#1265,#1266,#1267);
#1265 = CARTESIAN_POINT('',(15.,25.35,25.));
#1266 = DIRECTION('',(0.,1.,0.));
#1267 = DIRECTION('',(0.,0.,1.));
#1268 = ORIENTED_EDGE('',*,*,#1269,.T.);
#1269 = EDGE_CURVE('',#1261,#1270,#1272,.T.);
#1270 = VERTEX_POINT('',#1271);
#1271 = CARTESIAN_POINT('',(19.859443069423,25.397916666667,
    26.177205612899));
#1272 = B_SPLINE_CURVE_WITH_KNOTS('',6,(#1273,#1274,#1275,#1276,#1277,
    #1278,#1279,#1280,#1281,#1282,#1283,#1284,#1285,#1286,#1287,#1288,
    #1289),.UNSPECIFIED.,.F.,.F.,(7,5,5,7),(0.,0.356327321638,
    0.718021179296,1.),.UNSPECIFIED.);
#1273 = CARTESIAN_POINT('',(19.996585365854,25.35,25.184755735329));
#1274 = CARTESIAN_POINT('',(19.994428202204,25.352928418779,
    25.243094667574));
#1275 = CARTESIAN_POINT('',(19.991422234625,25.35588620991,
    25.302246844625));
#1276 = CARTESIAN_POINT('',(19.987527357995,25.358863861105,
    25.362125948463));
#1277 = CARTESIAN_POINT('',(19.982708193558,25.36184975194,
    25.422591654962));
#1278 = CARTESIAN_POINT('',(19.976952081094,25.364830316021,
    25.483421917055));
#1279 = CARTESIAN_POINT('',(19.963521681399,25.370794668215,
    25.606065222609));
#1280 = CARTESIAN_POINT('',(19.955817562218,25.373778903113,
    25.667901603309));
#1281 = CARTESIAN_POINT('',(19.947204305744,25.376726433943,
    25.729442978982));
#1282 = CARTESIAN_POINT('',(19.937737564842,25.37962784619,
    25.790409246963));
#1283 = CARTESIAN_POINT('',(19.927488524538,25.3824786955,
    25.850577475402));
#1284 = CARTESIAN_POINT('',(19.907991993872,25.387459169318,
    25.955938248363));
#1285 = CARTESIAN_POINT('',(19.89901966044,25.389609759375,
    26.001519122334));
#1286 = CARTESIAN_POINT('',(19.889647551508,25.39172939242,
    26.04646775307));
#1287 = CARTESIAN_POINT('',(19.87990747447,25.39381923014,
    26.090745543175));
#1288 = CARTESIAN_POINT('',(19.86983001569,25.395880996426,
    26.134328843117));
#1289 = CARTESIAN_POINT('',(19.859443069423,25.397916666667,
    26.177205612899));
#1290 = ORIENTED_EDGE('',*,*,#1291,.T.);
#1291 = EDGE_CURVE('',#1270,#1292,#1294,.T.);
#1292 = VERTEX_POINT('',#1293);
#1293 = CARTESIAN_POINT('',(19.532241356771,25.445283028808,
    27.111584306622));
#1294 = B_SPLINE_CURVE_WITH_KNOTS('',6,(#1295,#1296,#1297,#1298,#1299,
    #1300,#1301,#1302,#1303,#1304,#1305,#1306,#1307,#1308,#1309,#1310,
    #1311),.UNSPECIFIED.,.F.,.F.,(7,5,5,7),(0.,0.36090673745,
    0.723070684135,1.),.UNSPECIFIED.);
#1295 = CARTESIAN_POINT('',(19.859443069423,25.397916666667,
    26.177205612899));
#1296 = CARTESIAN_POINT('',(19.845698299052,25.400845085445,
    26.233943304586));
#1297 = CARTESIAN_POINT('',(19.830959629806,25.403802876576,
    26.291308690664));
#1298 = CARTESIAN_POINT('',(19.815204970727,25.406780527771,
    26.349209190297));
#1299 = CARTESIAN_POINT('',(19.798427629432,25.409766418607,
    26.407500243019));
#1300 = CARTESIAN_POINT('',(19.780659468923,25.412746982688,
    26.465961735381));
#1301 = CARTESIAN_POINT('',(19.743263639425,25.418677067624,
    26.582790250558));
#1302 = CARTESIAN_POINT('',(19.723623221724,25.421627490864,
    26.641177129303));
#1303 = CARTESIAN_POINT('',(19.703168399522,25.424542244236,
    26.699108435104));
#1304 = CARTESIAN_POINT('',(19.682005723446,25.427412138322,
    26.756328666005));
#1305 = CARTESIAN_POINT('',(19.660245616452,25.430232754406,
    26.812638725353));
#1306 = CARTESIAN_POINT('',(19.620976174478,25.43512017069,
    26.910144992048));
#1307 = CARTESIAN_POINT('',(19.603667984886,25.437208607311,
    26.951788430943));
#1308 = CARTESIAN_POINT('',(19.586106608821,25.439267869704,
    26.992777723443));
#1309 = CARTESIAN_POINT('',(19.568327833817,25.441298960682,
    27.033082875902));
#1310 = CARTESIAN_POINT('',(19.550363610796,25.443303417609,
    27.072687242975));
#1311 = CARTESIAN_POINT('',(19.532241356771,25.445283028808,
    27.111584306622));
#1312 = ORIENTED_EDGE('',*,*,#1313,.F.);
#1313 = EDGE_CURVE('',#1314,#1292,#1316,.T.);
#1314 = VERTEX_POINT('',#1315);
#1315 = CARTESIAN_POINT('',(19.527191262998,25.445833333333,
    27.122389989667));
#1316 = B_SPLINE_CURVE_WITH_KNOTS('',5,(#1317,#1318,#1319,#1320,#1321,
    #1322),.UNSPECIFIED.,.F.,.F.,(6,6),(0.,1.),
  .PIECEWISE_BEZIER_KNOTS.);
#1317 = CARTESIAN_POINT('',(19.527191262998,25.445833333333,
    27.122389989667));
#1318 = CARTESIAN_POINT('',(19.528346825151,25.445707718771,
    27.119925102953));
#1319 = CARTESIAN_POINT('',(19.529158383226,25.445619329306,
    27.118189738601));
#1320 = CARTESIAN_POINT('',(19.530310261458,25.445493952707,
    27.115728608515));
#1321 = CARTESIAN_POINT('',(19.531690182516,25.445343237142,
    27.112767330547));
#1322 = CARTESIAN_POINT('',(19.532241356771,25.445283028808,
    27.111584306622));
#1323 = ORIENTED_EDGE('',*,*,#1324,.T.);
#1324 = EDGE_CURVE('',#1314,#1325,#1327,.T.);
#1325 = VERTEX_POINT('',#1326);
#1326 = CARTESIAN_POINT('',(19.516772936358,25.447057156125,
    27.144472485574));
#1327 = B_SPLINE_CURVE_WITH_KNOTS('',4,(#1328,#1329,#1330,#1331,#1332),
  .UNSPECIFIED.,.F.,.F.,(5,5),(0.,1.),.PIECEWISE_BEZIER_KNOTS.);
#1328 = CARTESIAN_POINT('',(19.527191262998,25.445833333333,
    27.122389989667));
#1329 = CARTESIAN_POINT('',(19.524606458195,25.446138790685,
    27.127903540794));
#1330 = CARTESIAN_POINT('',(19.522008484846,25.446444589346,
    27.133421886501));
#1331 = CARTESIAN_POINT('',(19.519397315722,25.44675071598,
    27.138944913752));
#1332 = CARTESIAN_POINT('',(19.516772936358,25.447057156125,
    27.144472485574));
#1333 = ORIENTED_EDGE('',*,*,#1334,.F.);
#1334 = EDGE_CURVE('',#1335,#1325,#1337,.T.);
#1335 = VERTEX_POINT('',#1336);
#1336 = CARTESIAN_POINT('',(19.235490079811,25.475481068404,
    27.657183430594));
#1337 = B_SPLINE_CURVE_WITH_KNOTS('',5,(#1338,#1339,#1340,#1341,#1342,
    #1343,#1344,#1345,#1346,#1347),.UNSPECIFIED.,.F.,.F.,(6,4,6),(0.,
    0.421441855371,1.),.UNSPECIFIED.);
#1338 = CARTESIAN_POINT('',(19.235490079811,25.475481068404,
    27.657183430594));
#1339 = CARTESIAN_POINT('',(19.261653069778,25.473169105968,
    27.615480218393));
#1340 = CARTESIAN_POINT('',(19.287510902235,25.470824642301,
    27.573123279756));
#1341 = CARTESIAN_POINT('',(19.312967989585,25.468451235102,
    27.530228674508));
#1342 = CARTESIAN_POINT('',(19.337926884285,25.466054680808,
    27.486941208357));
#1343 = CARTESIAN_POINT('',(19.395745031283,25.460335413685,
    27.383717927617));
#1344 = CARTESIAN_POINT('',(19.428090627061,25.456999518268,
    27.323573657333));
#1345 = CARTESIAN_POINT('',(19.459080862126,25.453661292215,
    27.263478076926));
#1346 = CARTESIAN_POINT('',(19.488643960818,25.45034168407,
    27.203718848632));
#1347 = CARTESIAN_POINT('',(19.516772936358,25.447057156125,
    27.144472485574));
#1348 = ORIENTED_EDGE('',*,*,#1349,.T.);
#1349 = EDGE_CURVE('',#1335,#1350,#1352,.T.);
#1350 = VERTEX_POINT('',#1351);
#1351 = CARTESIAN_POINT('',(19.013170052887,25.49375,27.98235915453));
#1352 = B_SPLINE_CURVE_WITH_KNOTS('',6,(#1353,#1354,#1355,#1356,#1357,
    #1358,#1359),.UNSPECIFIED.,.F.,.F.,(7,7),(0.,1.),
  .PIECEWISE_BEZIER_KNOTS.);
#1353 = CARTESIAN_POINT('',(19.235490079811,25.475481068404,
    27.657183430594));
#1354 = CARTESIAN_POINT('',(19.199295789152,25.478679473499,
    27.714876308424));
#1355 = CARTESIAN_POINT('',(19.162544439781,25.481817836603,
    27.771362320259));
#1356 = CARTESIAN_POINT('',(19.12542203359,25.484890900087,
    27.826428992317));
#1357 = CARTESIAN_POINT('',(19.088078948314,25.487900847825,
    27.879971717199));
#1358 = CARTESIAN_POINT('',(19.05063434144,25.490851792914,
    27.931945856506));
#1359 = CARTESIAN_POINT('',(19.013170052887,25.49375,27.98235915453));
#1360 = ORIENTED_EDGE('',*,*,#1361,.T.);
#1361 = EDGE_CURVE('',#1350,#1362,#1364,.T.);
#1362 = VERTEX_POINT('',#1363);
#1363 = CARTESIAN_POINT('',(18.33801769434,25.541666666667,
    28.722584837485));
#1364 = B_SPLINE_CURVE_WITH_KNOTS('',6,(#1365,#1366,#1367,#1368,#1369,
    #1370,#1371,#1372,#1373,#1374,#1375,#1376,#1377,#1378,#1379,#1380,
    #1381),.UNSPECIFIED.,.F.,.F.,(7,5,5,7),(0.,0.356327321582,
    0.718021179236,1.),.UNSPECIFIED.);
#1365 = CARTESIAN_POINT('',(19.013170052887,25.49375,27.98235915453));
#1366 = CARTESIAN_POINT('',(18.978348742757,25.496678418778,
    28.029215965456));
#1367 = CARTESIAN_POINT('',(18.94236728415,25.499636209909,
    28.076262224886));
#1368 = CARTESIAN_POINT('',(18.905241516448,25.502613861103,
    28.123404080087));
#1369 = CARTESIAN_POINT('',(18.867021763554,25.505599751938,
    28.170505847526));
#1370 = CARTESIAN_POINT('',(18.827823360691,25.508580316019,
    28.21737736157));
#1371 = CARTESIAN_POINT('',(18.747289083403,25.514544668212,
    28.310843859378));
#1372 = CARTESIAN_POINT('',(18.705915405329,25.51752890311,
    28.357441178968));
#1373 = CARTESIAN_POINT('',(18.663959576091,25.52047643394,
    28.403280436157));
#1374 = CARTESIAN_POINT('',(18.621626112567,25.523377846187,
    28.448162313133));
#1375 = CARTESIAN_POINT('',(18.579099950193,25.526228695497,
    28.491943405562));
#1376 = CARTESIAN_POINT('',(18.503355349744,25.531209169315,
    28.567731021253));
#1377 = CARTESIAN_POINT('',(18.470143723482,25.533359759374,
    28.600213427585));
#1378 = CARTESIAN_POINT('',(18.436960738271,25.535479392418,
    28.631948350372));
#1379 = CARTESIAN_POINT('',(18.403854469225,25.537569230139,
    28.662921996396));
#1380 = CARTESIAN_POINT('',(18.370863518609,25.539630996426,
    28.693132199767));
#1381 = CARTESIAN_POINT('',(18.33801769434,25.541666666667,
    28.722584837485));
#1382 = ORIENTED_EDGE('',*,*,#1383,.T.);
#1383 = EDGE_CURVE('',#1362,#1384,#1386,.T.);
#1384 = VERTEX_POINT('',#1385);
#1385 = CARTESIAN_POINT('',(17.528841953403,25.589583333333,
    29.313346540067));
#1386 = B_SPLINE_CURVE_WITH_KNOTS('',6,(#1387,#1388,#1389,#1390,#1391,
    #1392,#1393,#1394,#1395,#1396,#1397,#1398,#1399,#1400,#1401,#1402,
    #1403),.UNSPECIFIED.,.F.,.F.,(7,5,5,7),(0.,0.356327321547,
    0.718021179199,1.),.UNSPECIFIED.);
#1387 = CARTESIAN_POINT('',(18.33801769434,25.541666666667,
    28.722584837485));
#1388 = CARTESIAN_POINT('',(18.294553686692,25.544595085445,
    28.761558731413));
#1389 = CARTESIAN_POINT('',(18.249915050935,25.547552876575,
    28.800486974205));
#1390 = CARTESIAN_POINT('',(18.204136019695,25.550530527769,
    28.839280755114));
#1391 = CARTESIAN_POINT('',(18.157292957552,25.553516418604,
    28.877817147466));
#1392 = CARTESIAN_POINT('',(18.109536797273,25.556496982684,
    28.915932797407));
#1393 = CARTESIAN_POINT('',(18.01198504679,25.562461334877,
    28.991466975146));
#1394 = CARTESIAN_POINT('',(17.962151946169,25.565445569775,
    29.028880255046));
#1395 = CARTESIAN_POINT('',(17.911899514575,25.568393100605,
    29.065434628595));
#1396 = CARTESIAN_POINT('',(17.86146790073,25.571294512852,
    29.100975553454));
#1397 = CARTESIAN_POINT('',(17.811066917663,25.574145362162,
    29.13539937437));
#1398 = CARTESIAN_POINT('',(17.721733292042,25.579125835981,
    29.194564486759));
#1399 = CARTESIAN_POINT('',(17.682712448727,25.581276426039,
    29.219773465866));
#1400 = CARTESIAN_POINT('',(17.643868695736,25.583396059084,
    29.244255677489));
#1401 = CARTESIAN_POINT('',(17.605251892985,25.585485896805,
    29.268007189947));
#1402 = CARTESIAN_POINT('',(17.566900299598,25.587547663092,
    29.291033576886));
#1403 = CARTESIAN_POINT('',(17.528841953403,25.589583333333,
    29.313346540067));
#1404 = ORIENTED_EDGE('',*,*,#1405,.T.);
#1405 = EDGE_CURVE('',#1384,#1406,#1408,.T.);
#1406 = VERTEX_POINT('',#1407);
#1407 = CARTESIAN_POINT('',(16.618131714103,25.6375,29.73092483092));
#1408 = B_SPLINE_CURVE_WITH_KNOTS('',6,(#1409,#1410,#1411,#1412,#1413,
    #1414,#1415,#1416,#1417,#1418,#1419,#1420,#1421,#1422,#1423,#1424,
    #1425),.UNSPECIFIED.,.F.,.F.,(7,5,5,7),(0.,0.356327321485,
    0.718021179132,1.),.UNSPECIFIED.);
#1409 = CARTESIAN_POINT('',(17.528841953403,25.589583333333,
    29.313346540067));
#1410 = CARTESIAN_POINT('',(17.478480353827,25.592511752111,
    29.342872692131));
#1411 = CARTESIAN_POINT('',(17.426976808522,25.595469543241,
    29.372119926339));
#1412 = CARTESIAN_POINT('',(17.374382568897,25.598447194434,
    29.401008039735));
#1413 = CARTESIAN_POINT('',(17.32079697413,25.601433085268,
    29.429431798082));
#1414 = CARTESIAN_POINT('',(17.266400494487,25.604413649348,
    29.457261218056));
#1415 = CARTESIAN_POINT('',(17.155748031228,25.610378001541,
    29.51183033387));
#1416 = CARTESIAN_POINT('',(17.099456336489,25.613362236438,
    29.538557408788));
#1417 = CARTESIAN_POINT('',(17.042924967355,25.616309767268,
    29.564359219005));
#1418 = CARTESIAN_POINT('',(16.986420062279,25.619211179516,
    29.589132202619));
#1419 = CARTESIAN_POINT('',(16.930167887764,25.622062028825,
    29.612816615276));
#1420 = CARTESIAN_POINT('',(16.830832034808,25.627042502645,
    29.652983710149));
#1421 = CARTESIAN_POINT('',(16.787568684344,25.629193092704,
    29.669907106628));
#1422 = CARTESIAN_POINT('',(16.744623763196,25.631312725749,
    29.686153631827));
#1423 = CARTESIAN_POINT('',(16.702046914179,25.633402563471,
    29.701729373463));
#1424 = CARTESIAN_POINT('',(16.659874517146,25.635464329758,
    29.716647420931));
#1425 = CARTESIAN_POINT('',(16.618131714103,25.6375,29.73092483092));
#1426 = ORIENTED_EDGE('',*,*,#1427,.T.);
#1427 = EDGE_CURVE('',#1406,#1428,#1430,.T.);
#1428 = VERTEX_POINT('',#1429);
#1429 = CARTESIAN_POINT('',(15.642452530556,25.685416666667,
    29.958553694978));
#1430 = B_SPLINE_CURVE_WITH_KNOTS('',6,(#1431,#1432,#1433,#1434,#1435,
    #1436,#1437,#1438,#1439,#1440,#1441,#1442,#1443,#1444,#1445,#1446,
    #1447),.UNSPECIFIED.,.F.,.F.,(7,5,5,7),(0.,0.356327321484,
    0.71802117913,1.),.UNSPECIFIED.);
#1431 = CARTESIAN_POINT('',(16.618131714103,25.6375,29.73092483092));
#1432 = CARTESIAN_POINT('',(16.562894570566,25.640428418777,
    29.749817748679));
#1433 = CARTESIAN_POINT('',(16.506594013474,25.643386209907,
    29.768209680578));
#1434 = CARTESIAN_POINT('',(16.449296255249,25.646363861101,
    29.786032251648));
#1435 = CARTESIAN_POINT('',(16.391119621135,25.649349751935,
    29.803202145307));
#1436 = CARTESIAN_POINT('',(16.332266872912,25.652330316014,
    29.819627967669));
#1437 = CARTESIAN_POINT('',(16.212956458635,25.658294668207,
    29.851041039326));
#1438 = CARTESIAN_POINT('',(16.152466314575,25.661278903105,
    29.866008801416));
#1439 = CARTESIAN_POINT('',(16.091925775768,25.664226433935,
    29.880022090377));
#1440 = CARTESIAN_POINT('',(16.031616284779,25.667127846182,
    29.893032482818));
#1441 = CARTESIAN_POINT('',(15.971771476854,25.669978695492,
    29.905026544056));
#1442 = CARTESIAN_POINT('',(15.866421789751,25.674959169311,
    29.924582888818));
#1443 = CARTESIAN_POINT('',(15.820652981227,25.67710975937,
    29.932541218296));
#1444 = CARTESIAN_POINT('',(15.775331155886,25.679229392416,
    29.939899749479));
#1445 = CARTESIAN_POINT('',(15.730503746252,25.681319230138,
    29.946674345058));
#1446 = CARTESIAN_POINT('',(15.686203792237,25.683380996425,
    29.952885084631));
#1447 = CARTESIAN_POINT('',(15.642452530556,25.685416666667,
    29.958553694978));
#1448 = ORIENTED_EDGE('',*,*,#1449,.T.);
#1449 = EDGE_CURVE('',#1428,#353,#1450,.T.);
#1450 = B_SPLINE_CURVE_WITH_KNOTS('',7,(#1451,#1452,#1453,#1454,#1455,
    #1456,#1457,#1458,#1459,#1460,#1461,#1462,#1463,#1464,#1465,#1466,
    #1467,#1468,#1469,#1470,#1471,#1472,#1473,#1474,#1475,#1476),
  .UNSPECIFIED.,.F.,.F.,(8,6,6,6,8),(0.,0.563174610044,0.95158982543,
    0.975410008611,1.),.UNSPECIFIED.);
#1451 = CARTESIAN_POINT('',(15.642452530556,25.685416666667,
    29.958553694978));
#1452 = CARTESIAN_POINT('',(15.592828344628,25.687926739906,
    29.964983227819));
#1453 = CARTESIAN_POINT('',(15.54253116963,25.690457793396,
    29.970910661385));
#1454 = CARTESIAN_POINT('',(15.491605871255,25.693004391546,
    29.976305251854));
#1455 = CARTESIAN_POINT('',(15.440120477563,25.695560195273,
    29.981134433107));
#1456 = CARTESIAN_POINT('',(15.388174837919,25.698118008345,
    29.985367579815));
#1457 = CARTESIAN_POINT('',(15.335909281927,25.700669823706,
    29.988979770532));
#1458 = CARTESIAN_POINT('',(15.24737634207,25.704956642071,
    29.994007913063));
#1459 = CARTESIAN_POINT('',(15.21117167815,25.706699660945,
    29.995757943112));
#1460 = CARTESIAN_POINT('',(15.174959442986,25.708433110756,
    29.997200680832));
#1461 = CARTESIAN_POINT('',(15.138795807884,25.710154723099,
    29.998334349396));
#1462 = CARTESIAN_POINT('',(15.102732991905,25.71186270753,
    29.999159991562));
#1463 = CARTESIAN_POINT('',(15.066819294707,25.713555682261,
    29.999681105974));
#1464 = CARTESIAN_POINT('',(15.028908533203,25.7153354448,29.99991690887
    ));
#1465 = CARTESIAN_POINT('',(15.026718653146,25.715438224927,
    29.999929410042));
#1466 = CARTESIAN_POINT('',(15.024529498405,25.715540945033,
    29.999940788268));
#1467 = CARTESIAN_POINT('',(15.022341078076,25.715643604931,
    29.99995104485));
#1468 = CARTESIAN_POINT('',(15.020153401147,25.715746204441,
    29.999960181113));
#1469 = CARTESIAN_POINT('',(15.017966476496,25.71584874339,
    29.999968198407));
#1470 = CARTESIAN_POINT('',(15.013523497992,25.716057011673,
    29.999982220795));
#1471 = CARTESIAN_POINT('',(15.011267531747,25.716162735256,
    29.99998815246));
#1472 = CARTESIAN_POINT('',(15.009012207856,25.716268402293,
    29.999992894724));
#1473 = CARTESIAN_POINT('',(15.006758110144,25.71637398571,
    29.999996448928));
#1474 = CARTESIAN_POINT('',(15.004504346033,25.716479527588,
    29.999998816892));
#1475 = CARTESIAN_POINT('',(15.002251809759,25.716584986315,
    30.000000000001));
#1476 = CARTESIAN_POINT('',(15.,25.716690385653,30.));
#1477 = ORIENTED_EDGE('',*,*,#352,.F.);
#1478 = CYLINDRICAL_SURFACE('',#1479,5.);
#1479 = AXIS2_PLACEMENT_3D('',#1480,#1481,#1482);
#1480 = CARTESIAN_POINT('',(15.,0.,25.));
#1481 = DIRECTION('',(0.,1.,0.));
#1482 = DIRECTION('',(0.,0.,1.));
#1483 = ADVANCED_FACE('',(#1484),#1512,.F.);
#1484 = FACE_BOUND('',#1485,.F.);
#1485 = EDGE_LOOP('',(#1486,#1495,#1503,#1510,#1511));
#1486 = ORIENTED_EDGE('',*,*,#1487,.T.);
#1487 = EDGE_CURVE('',#1428,#1488,#1490,.T.);
#1488 = VERTEX_POINT('',#1489);
#1489 = CARTESIAN_POINT('',(15.812034220835,25.685416666667,
    30.052525159563));
#1490 = CIRCLE('',#1491,0.2);
#1491 = AXIS2_PLACEMENT_3D('',#1492,#1493,#1494);
#1492 = CARTESIAN_POINT('',(15.812034220835,25.685416666667,
    29.852525159563));
#1493 = DIRECTION('',(6.071532165919E-18,1.,1.685188701339E-34));
#1494 = DIRECTION('',(-2.775557561563E-17,0.,1.));
#1495 = ORIENTED_EDGE('',*,*,#1496,.T.);
#1496 = EDGE_CURVE('',#1488,#1497,#1499,.T.);
#1497 = VERTEX_POINT('',#1498);
#1498 = CARTESIAN_POINT('',(14.828294476224,25.733333333333,
    30.117002868934));
#1499 = LINE('',#1500,#1501);
#1500 = CARTESIAN_POINT('',(15.812034220835,25.685416666667,
    30.052525159563));
#1501 = VECTOR('',#1502,1.);
#1502 = DIRECTION('',(-0.996682342986,4.854708357882E-02,
    6.532601208613E-02));
#1503 = ORIENTED_EDGE('',*,*,#1504,.F.);
#1504 = EDGE_CURVE('',#361,#1497,#1505,.T.);
#1505 = CIRCLE('',#1506,0.2);
#1506 = AXIS2_PLACEMENT_3D('',#1507,#1508,#1509);
#1507 = CARTESIAN_POINT('',(14.828294476224,25.733333333333,
    29.917002868934));
#1508 = DIRECTION('',(-8.673617379884E-19,1.,-6.01853107621E-35));
#1509 = DIRECTION('',(-6.938893903907E-17,0.,1.));
#1510 = ORIENTED_EDGE('',*,*,#360,.F.);
#1511 = ORIENTED_EDGE('',*,*,#1449,.F.);
#1512 = SURFACE_OF_LINEAR_EXTRUSION('',#1513,#1518);
#1513 = CIRCLE('',#1514,0.2);
#1514 = AXIS2_PLACEMENT_3D('',#1515,#1516,#1517);
#1515 = CARTESIAN_POINT('',(15.812034220835,25.685416666667,
    29.852525159563));
#1516 = DIRECTION('',(-8.673617379884E-19,1.,-6.01853107621E-35));
#1517 = DIRECTION('',(-6.938893903907E-17,0.,1.));
#1518 = VECTOR('',#1519,1.);
#1519 = DIRECTION('',(-0.996682342986,4.854708357882E-02,
    6.532601208613E-02));
#1520 = ADVANCED_FACE('',(#1521),#1540,.F.);
#1521 = FACE_BOUND('',#1522,.F.);
#1522 = EDGE_LOOP('',(#1523,#1532,#1538,#1539));
#1523 = ORIENTED_EDGE('',*,*,#1524,.T.);
#1524 = EDGE_CURVE('',#1406,#1525,#1527,.T.);
#1525 = VERTEX_POINT('',#1526);
#1526 = CARTESIAN_POINT('',(16.763170311763,25.6375,29.793215698366));
#1527 = CIRCLE('',#1528,0.2);
#1528 = AXIS2_PLACEMENT_3D('',#1529,#1530,#1531);
#1529 = CARTESIAN_POINT('',(16.763170311763,25.6375,29.593215698366));
#1530 = DIRECTION('',(8.673617379884E-19,1.,-6.938893903907E-18));
#1531 = DIRECTION('',(-5.551115123126E-17,6.938893903907E-18,1.));
#1532 = ORIENTED_EDGE('',*,*,#1533,.T.);
#1533 = EDGE_CURVE('',#1525,#1488,#1534,.T.);
#1534 = LINE('',#1535,#1536);
#1535 = CARTESIAN_POINT('',(16.763170311763,25.6375,29.793215698366));
#1536 = VECTOR('',#1537,1.);
#1537 = DIRECTION('',(-0.963649738458,4.854708357882E-02,0.262721073089)
  );
#1538 = ORIENTED_EDGE('',*,*,#1487,.F.);
#1539 = ORIENTED_EDGE('',*,*,#1427,.F.);
#1540 = SURFACE_OF_LINEAR_EXTRUSION('',#1541,#1546);
#1541 = CIRCLE('',#1542,0.2);
#1542 = AXIS2_PLACEMENT_3D('',#1543,#1544,#1545);
#1543 = CARTESIAN_POINT('',(16.763170311763,25.6375,29.593215698366));
#1544 = DIRECTION('',(6.071532165919E-18,1.,1.685188701339E-34));
#1545 = DIRECTION('',(-2.775557561563E-17,0.,1.));
#1546 = VECTOR('',#1547,1.);
#1547 = DIRECTION('',(-0.963649738458,4.854708357882E-02,0.262721073089)
  );
#1548 = ADVANCED_FACE('',(#1549),#1568,.F.);
#1549 = FACE_BOUND('',#1550,.F.);
#1550 = EDGE_LOOP('',(#1551,#1560,#1566,#1567));
#1551 = ORIENTED_EDGE('',*,*,#1552,.T.);
#1552 = EDGE_CURVE('',#1384,#1553,#1555,.T.);
#1553 = VERTEX_POINT('',#1554);
#1554 = CARTESIAN_POINT('',(17.643514073066,25.589583333333,
    29.349485913399));
#1555 = CIRCLE('',#1556,0.2);
#1556 = AXIS2_PLACEMENT_3D('',#1557,#1558,#1559);
#1557 = CARTESIAN_POINT('',(17.643514073066,25.589583333333,
    29.149485913399));
#1558 = DIRECTION('',(-6.938893903907E-18,1.,-6.938893903907E-18));
#1559 = DIRECTION('',(-9.71445146547E-17,6.938893903907E-18,1.));
#1560 = ORIENTED_EDGE('',*,*,#1561,.T.);
#1561 = EDGE_CURVE('',#1553,#1525,#1562,.T.);
#1562 = LINE('',#1563,#1564);
#1563 = CARTESIAN_POINT('',(17.643514073066,25.589583333333,
    29.349485913399));
#1564 = VECTOR('',#1565,1.);
#1565 = DIRECTION('',(-0.891926027647,4.854708357882E-02,0.449567727802)
  );
#1566 = ORIENTED_EDGE('',*,*,#1524,.F.);
#1567 = ORIENTED_EDGE('',*,*,#1405,.F.);
#1568 = SURFACE_OF_LINEAR_EXTRUSION('',#1569,#1574);
#1569 = CIRCLE('',#1570,0.2);
#1570 = AXIS2_PLACEMENT_3D('',#1571,#1572,#1573);
#1571 = CARTESIAN_POINT('',(17.643514073066,25.589583333333,
    29.149485913399));
#1572 = DIRECTION('',(8.673617379884E-19,1.,-6.938893903907E-18));
#1573 = DIRECTION('',(-5.551115123126E-17,6.938893903907E-18,1.));
#1574 = VECTOR('',#1575,1.);
#1575 = DIRECTION('',(-0.891926027647,4.854708357882E-02,0.449567727802)
  );
#1576 = ADVANCED_FACE('',(#1577),#1596,.F.);
#1577 = FACE_BOUND('',#1578,.F.);
#1578 = EDGE_LOOP('',(#1579,#1588,#1594,#1595));
#1579 = ORIENTED_EDGE('',*,*,#1580,.T.);
#1580 = EDGE_CURVE('',#1362,#1581,#1583,.T.);
#1581 = VERTEX_POINT('',#1582);
#1582 = CARTESIAN_POINT('',(18.417719182658,25.541666666667,
    28.739151817666));
#1583 = CIRCLE('',#1584,0.2);
#1584 = AXIS2_PLACEMENT_3D('',#1585,#1586,#1587);
#1585 = CARTESIAN_POINT('',(18.417719182658,25.541666666667,
    28.539151817666));
#1586 = DIRECTION('',(-4.336808689942E-18,1.,3.009265538105E-34));
#1587 = DIRECTION('',(6.938893903907E-17,0.,1.));
#1588 = ORIENTED_EDGE('',*,*,#1589,.T.);
#1589 = EDGE_CURVE('',#1581,#1553,#1590,.T.);
#1590 = LINE('',#1591,#1592);
#1591 = CARTESIAN_POINT('',(18.417719182658,25.541666666667,
    28.739151817666));
#1592 = VECTOR('',#1593,1.);
#1593 = DIRECTION('',(-0.784390959913,4.854708357882E-02,0.618363972659)
  );
#1594 = ORIENTED_EDGE('',*,*,#1552,.F.);
#1595 = ORIENTED_EDGE('',*,*,#1383,.F.);
#1596 = SURFACE_OF_LINEAR_EXTRUSION('',#1597,#1602);
#1597 = CIRCLE('',#1598,0.2);
#1598 = AXIS2_PLACEMENT_3D('',#1599,#1600,#1601);
#1599 = CARTESIAN_POINT('',(18.417719182658,25.541666666667,
    28.539151817666));
#1600 = DIRECTION('',(-6.938893903907E-18,1.,-6.938893903907E-18));
#1601 = DIRECTION('',(-9.71445146547E-17,6.938893903907E-18,1.));
#1602 = VECTOR('',#1603,1.);
#1603 = DIRECTION('',(-0.784390959913,4.854708357882E-02,0.618363972659)
  );
#1604 = ADVANCED_FACE('',(#1605),#1624,.F.);
#1605 = FACE_BOUND('',#1606,.F.);
#1606 = EDGE_LOOP('',(#1607,#1616,#1622,#1623));
#1607 = ORIENTED_EDGE('',*,*,#1608,.T.);
#1608 = EDGE_CURVE('',#1350,#1609,#1611,.T.);
#1609 = VERTEX_POINT('',#1610);
#1610 = CARTESIAN_POINT('',(19.05470084802,25.49375,27.98671868567));
#1611 = CIRCLE('',#1612,0.2);
#1612 = AXIS2_PLACEMENT_3D('',#1613,#1614,#1615);
#1613 = CARTESIAN_POINT('',(19.05470084802,25.49375,27.78671868567));
#1614 = DIRECTION('',(-4.336808689942E-18,1.,1.203706215242E-34));
#1615 = DIRECTION('',(2.775557561563E-17,0.,1.));
#1616 = ORIENTED_EDGE('',*,*,#1617,.T.);
#1617 = EDGE_CURVE('',#1609,#1581,#1618,.T.);
#1618 = LINE('',#1619,#1620);
#1619 = CARTESIAN_POINT('',(19.05470084802,25.49375,27.98671868567));
#1620 = VECTOR('',#1621,1.);
#1621 = DIRECTION('',(-0.645362131753,4.854708357882E-02,0.762332538709)
  );
#1622 = ORIENTED_EDGE('',*,*,#1580,.F.);
#1623 = ORIENTED_EDGE('',*,*,#1361,.F.);
#1624 = SURFACE_OF_LINEAR_EXTRUSION('',#1625,#1630);
#1625 = CIRCLE('',#1626,0.2);
#1626 = AXIS2_PLACEMENT_3D('',#1627,#1628,#1629);
#1627 = CARTESIAN_POINT('',(19.05470084802,25.49375,27.78671868567));
#1628 = DIRECTION('',(-4.336808689942E-18,1.,3.009265538105E-34));
#1629 = DIRECTION('',(6.938893903907E-17,0.,1.));
#1630 = VECTOR('',#1631,1.);
#1631 = DIRECTION('',(-0.645362131753,4.854708357882E-02,0.762332538709)
  );
#1632 = ADVANCED_FACE('',(#1633),#1643,.F.);
#1633 = FACE_BOUND('',#1634,.F.);
#1634 = EDGE_LOOP('',(#1635,#1636,#1642));
#1635 = ORIENTED_EDGE('',*,*,#1349,.F.);
#1636 = ORIENTED_EDGE('',*,*,#1637,.T.);
#1637 = EDGE_CURVE('',#1335,#1609,#1638,.T.);
#1638 = LINE('',#1639,#1640);
#1639 = CARTESIAN_POINT('',(19.528883878986,25.445833333333,
    27.122397152167));
#1640 = VECTOR('',#1641,1.);
#1641 = DIRECTION('',(-0.48042163275,4.854708357882E-02,0.875693002976)
  );
#1642 = ORIENTED_EDGE('',*,*,#1608,.F.);
#1643 = SURFACE_OF_LINEAR_EXTRUSION('',#1644,#1649);
#1644 = CIRCLE('',#1645,0.2);
#1645 = AXIS2_PLACEMENT_3D('',#1646,#1647,#1648);
#1646 = CARTESIAN_POINT('',(19.528883878986,25.445833333333,
    26.922397152167));
#1647 = DIRECTION('',(-4.336808689942E-18,1.,1.203706215242E-34));
#1648 = DIRECTION('',(2.775557561563E-17,0.,1.));
#1649 = VECTOR('',#1650,1.);
#1650 = DIRECTION('',(-0.48042163275,4.854708357882E-02,0.875693002976)
  );
#1651 = ADVANCED_FACE('',(#1652),#1679,.F.);
#1652 = FACE_BOUND('',#1653,.F.);
#1653 = EDGE_LOOP('',(#1654,#1662,#1669,#1670,#1677,#1678));
#1654 = ORIENTED_EDGE('',*,*,#1655,.F.);
#1655 = EDGE_CURVE('',#1656,#1325,#1658,.T.);
#1656 = VERTEX_POINT('',#1657);
#1657 = CARTESIAN_POINT('',(19.528883878986,25.445833333333,
    27.122397152167));
#1658 = LINE('',#1659,#1660);
#1659 = CARTESIAN_POINT('',(19.528883878986,25.445833333333,
    27.122397152167));
#1660 = VECTOR('',#1661,1.);
#1661 = DIRECTION('',(-0.48042163275,4.854708357882E-02,0.875693002976)
  );
#1662 = ORIENTED_EDGE('',*,*,#1663,.T.);
#1663 = EDGE_CURVE('',#1656,#1195,#1664,.T.);
#1664 = CIRCLE('',#1665,0.2);
#1665 = AXIS2_PLACEMENT_3D('',#1666,#1667,#1668);
#1666 = CARTESIAN_POINT('',(19.528883878986,25.445833333333,
    26.922397152167));
#1667 = DIRECTION('',(-2.602085213965E-18,1.,7.222237291452E-35));
#1668 = DIRECTION('',(2.775557561563E-17,0.,1.));
#1669 = ORIENTED_EDGE('',*,*,#1194,.T.);
#1670 = ORIENTED_EDGE('',*,*,#1671,.F.);
#1671 = EDGE_CURVE('',#1609,#1173,#1672,.T.);
#1672 = CIRCLE('',#1673,0.2);
#1673 = AXIS2_PLACEMENT_3D('',#1674,#1675,#1676);
#1674 = CARTESIAN_POINT('',(19.05470084802,25.49375,27.78671868567));
#1675 = DIRECTION('',(-4.336808689942E-18,1.,1.203706215242E-34));
#1676 = DIRECTION('',(2.775557561563E-17,0.,1.));
#1677 = ORIENTED_EDGE('',*,*,#1637,.F.);
#1678 = ORIENTED_EDGE('',*,*,#1334,.T.);
#1679 = SURFACE_OF_LINEAR_EXTRUSION('',#1680,#1685);
#1680 = CIRCLE('',#1681,0.2);
#1681 = AXIS2_PLACEMENT_3D('',#1682,#1683,#1684);
#1682 = CARTESIAN_POINT('',(19.528883878986,25.445833333333,
    26.922397152167));
#1683 = DIRECTION('',(-4.336808689942E-18,1.,1.203706215242E-34));
#1684 = DIRECTION('',(2.775557561563E-17,0.,1.));
#1685 = VECTOR('',#1686,1.);
#1686 = DIRECTION('',(-0.48042163275,4.854708357882E-02,0.875693002976)
  );
#1687 = ADVANCED_FACE('',(#1688),#1699,.F.);
#1688 = FACE_BOUND('',#1689,.F.);
#1689 = EDGE_LOOP('',(#1690,#1697,#1698));
#1690 = ORIENTED_EDGE('',*,*,#1691,.T.);
#1691 = EDGE_CURVE('',#1314,#1656,#1692,.T.);
#1692 = CIRCLE('',#1693,0.2);
#1693 = AXIS2_PLACEMENT_3D('',#1694,#1695,#1696);
#1694 = CARTESIAN_POINT('',(19.528883878986,25.445833333333,
    26.922397152167));
#1695 = DIRECTION('',(-2.602085213965E-18,1.,7.222237291452E-35));
#1696 = DIRECTION('',(2.775557561563E-17,0.,1.));
#1697 = ORIENTED_EDGE('',*,*,#1655,.T.);
#1698 = ORIENTED_EDGE('',*,*,#1324,.F.);
#1699 = SURFACE_OF_LINEAR_EXTRUSION('',#1700,#1705);
#1700 = CIRCLE('',#1701,0.2);
#1701 = AXIS2_PLACEMENT_3D('',#1702,#1703,#1704);
#1702 = CARTESIAN_POINT('',(19.528883878986,25.445833333333,
    26.922397152167));
#1703 = DIRECTION('',(-4.336808689942E-18,1.,1.203706215242E-34));
#1704 = DIRECTION('',(2.775557561563E-17,0.,1.));
#1705 = VECTOR('',#1706,1.);
#1706 = DIRECTION('',(-0.48042163275,4.854708357882E-02,0.875693002976)
  );
#1707 = ADVANCED_FACE('',(#1708),#1718,.F.);
#1708 = FACE_BOUND('',#1709,.F.);
#1709 = EDGE_LOOP('',(#1710,#1711,#1717));
#1710 = ORIENTED_EDGE('',*,*,#1313,.T.);
#1711 = ORIENTED_EDGE('',*,*,#1712,.T.);
#1712 = EDGE_CURVE('',#1292,#1656,#1713,.T.);
#1713 = LINE('',#1714,#1715);
#1714 = CARTESIAN_POINT('',(19.821229546734,25.397916666667,
    26.180890237333));
#1715 = VECTOR('',#1716,1.);
#1716 = DIRECTION('',(-0.296191921379,4.854708357882E-02,0.953893875851)
  );
#1717 = ORIENTED_EDGE('',*,*,#1691,.F.);
#1718 = SURFACE_OF_LINEAR_EXTRUSION('',#1719,#1724);
#1719 = CIRCLE('',#1720,0.2);
#1720 = AXIS2_PLACEMENT_3D('',#1721,#1722,#1723);
#1721 = CARTESIAN_POINT('',(19.821229546734,25.397916666667,
    25.980890237333));
#1722 = DIRECTION('',(-2.602085213965E-18,1.,7.222237291452E-35));
#1723 = DIRECTION('',(2.775557561563E-17,0.,1.));
#1724 = VECTOR('',#1725,1.);
#1725 = DIRECTION('',(-0.296191921379,4.854708357882E-02,0.953893875851)
  );
#1726 = ADVANCED_FACE('',(#1727),#1740,.F.);
#1727 = FACE_BOUND('',#1728,.F.);
#1728 = EDGE_LOOP('',(#1729,#1730,#1731,#1738,#1739));
#1729 = ORIENTED_EDGE('',*,*,#1712,.F.);
#1730 = ORIENTED_EDGE('',*,*,#1291,.F.);
#1731 = ORIENTED_EDGE('',*,*,#1732,.T.);
#1732 = EDGE_CURVE('',#1270,#1217,#1733,.T.);
#1733 = CIRCLE('',#1734,0.2);
#1734 = AXIS2_PLACEMENT_3D('',#1735,#1736,#1737);
#1735 = CARTESIAN_POINT('',(19.821229546734,25.397916666667,
    25.980890237333));
#1736 = DIRECTION('',(-8.673617379884E-19,1.,6.938893903907E-18));
#1737 = DIRECTION('',(0.,-6.938893903907E-18,1.));
#1738 = ORIENTED_EDGE('',*,*,#1216,.T.);
#1739 = ORIENTED_EDGE('',*,*,#1663,.F.);
#1740 = SURFACE_OF_LINEAR_EXTRUSION('',#1741,#1746);
#1741 = CIRCLE('',#1742,0.2);
#1742 = AXIS2_PLACEMENT_3D('',#1743,#1744,#1745);
#1743 = CARTESIAN_POINT('',(19.821229546734,25.397916666667,
    25.980890237333));
#1744 = DIRECTION('',(-2.602085213965E-18,1.,7.222237291452E-35));
#1745 = DIRECTION('',(2.775557561563E-17,0.,1.));
#1746 = VECTOR('',#1747,1.);
#1747 = DIRECTION('',(-0.296191921379,4.854708357882E-02,0.953893875851)
  );
#1748 = ADVANCED_FACE('',(#1749),#1761,.F.);
#1749 = FACE_BOUND('',#1750,.F.);
#1750 = EDGE_LOOP('',(#1751,#1752,#1759,#1760));
#1751 = ORIENTED_EDGE('',*,*,#1269,.F.);
#1752 = ORIENTED_EDGE('',*,*,#1753,.T.);
#1753 = EDGE_CURVE('',#1261,#1239,#1754,.T.);
#1754 = CIRCLE('',#1755,0.2);
#1755 = AXIS2_PLACEMENT_3D('',#1756,#1757,#1758);
#1756 = CARTESIAN_POINT('',(19.92,25.35,25.));
#1757 = DIRECTION('',(-8.673617379884E-19,1.,6.938893903907E-18));
#1758 = DIRECTION('',(0.,-6.938893903907E-18,1.));
#1759 = ORIENTED_EDGE('',*,*,#1238,.T.);
#1760 = ORIENTED_EDGE('',*,*,#1732,.F.);
#1761 = SURFACE_OF_LINEAR_EXTRUSION('',#1762,#1767);
#1762 = CIRCLE('',#1763,0.2);
#1763 = AXIS2_PLACEMENT_3D('',#1764,#1765,#1766);
#1764 = CARTESIAN_POINT('',(19.92,25.35,25.));
#1765 = DIRECTION('',(-8.673617379884E-19,1.,6.938893903907E-18));
#1766 = DIRECTION('',(0.,-6.938893903907E-18,1.));
#1767 = VECTOR('',#1768,1.);
#1768 = DIRECTION('',(-0.100069929387,4.854708357882E-02,0.993795346089)
  );
#1769 = ADVANCED_FACE('',(#1770),#1774,.T.);
#1770 = FACE_BOUND('',#1771,.T.);
#1771 = EDGE_LOOP('',(#1772,#1773));
#1772 = ORIENTED_EDGE('',*,*,#1260,.F.);
#1773 = ORIENTED_EDGE('',*,*,#1753,.T.);
#1774 = PLANE('',#1775);
#1775 = AXIS2_PLACEMENT_3D('',#1776,#1777,#1778);
#1776 = CARTESIAN_POINT('',(19.92,25.35,25.));
#1777 = DIRECTION('',(0.,1.,0.));
#1778 = DIRECTION('',(0.,0.,1.));
#1779 = ADVANCED_FACE('',(#1780),#1792,.F.);
#1780 = FACE_BOUND('',#1781,.F.);
#1781 = EDGE_LOOP('',(#1782,#1783,#1784,#1785));
#1782 = ORIENTED_EDGE('',*,*,#1617,.F.);
#1783 = ORIENTED_EDGE('',*,*,#1671,.T.);
#1784 = ORIENTED_EDGE('',*,*,#1172,.T.);
#1785 = ORIENTED_EDGE('',*,*,#1786,.F.);
#1786 = EDGE_CURVE('',#1581,#1151,#1787,.T.);
#1787 = CIRCLE('',#1788,0.2);
#1788 = AXIS2_PLACEMENT_3D('',#1789,#1790,#1791);
#1789 = CARTESIAN_POINT('',(18.417719182658,25.541666666667,
    28.539151817666));
#1790 = DIRECTION('',(-4.336808689942E-18,1.,3.009265538105E-34));
#1791 = DIRECTION('',(6.938893903907E-17,0.,1.));
#1792 = SURFACE_OF_LINEAR_EXTRUSION('',#1793,#1798);
#1793 = CIRCLE('',#1794,0.2);
#1794 = AXIS2_PLACEMENT_3D('',#1795,#1796,#1797);
#1795 = CARTESIAN_POINT('',(19.05470084802,25.49375,27.78671868567));
#1796 = DIRECTION('',(-4.336808689942E-18,1.,3.009265538105E-34));
#1797 = DIRECTION('',(6.938893903907E-17,0.,1.));
#1798 = VECTOR('',#1799,1.);
#1799 = DIRECTION('',(-0.645362131753,4.854708357882E-02,0.762332538709)
  );
#1800 = ADVANCED_FACE('',(#1801),#1813,.F.);
#1801 = FACE_BOUND('',#1802,.F.);
#1802 = EDGE_LOOP('',(#1803,#1804,#1805,#1806));
#1803 = ORIENTED_EDGE('',*,*,#1589,.F.);
#1804 = ORIENTED_EDGE('',*,*,#1786,.T.);
#1805 = ORIENTED_EDGE('',*,*,#1150,.T.);
#1806 = ORIENTED_EDGE('',*,*,#1807,.F.);
#1807 = EDGE_CURVE('',#1553,#1129,#1808,.T.);
#1808 = CIRCLE('',#1809,0.2);
#1809 = AXIS2_PLACEMENT_3D('',#1810,#1811,#1812);
#1810 = CARTESIAN_POINT('',(17.643514073066,25.589583333333,
    29.149485913399));
#1811 = DIRECTION('',(-6.938893903907E-18,1.,-6.938893903907E-18));
#1812 = DIRECTION('',(-9.71445146547E-17,6.938893903907E-18,1.));
#1813 = SURFACE_OF_LINEAR_EXTRUSION('',#1814,#1819);
#1814 = CIRCLE('',#1815,0.2);
#1815 = AXIS2_PLACEMENT_3D('',#1816,#1817,#1818);
#1816 = CARTESIAN_POINT('',(18.417719182658,25.541666666667,
    28.539151817666));
#1817 = DIRECTION('',(-6.938893903907E-18,1.,-6.938893903907E-18));
#1818 = DIRECTION('',(-9.71445146547E-17,6.938893903907E-18,1.));
#1819 = VECTOR('',#1820,1.);
#1820 = DIRECTION('',(-0.784390959913,4.854708357882E-02,0.618363972659)
  );
#1821 = ADVANCED_FACE('',(#1822),#1834,.F.);
#1822 = FACE_BOUND('',#1823,.F.);
#1823 = EDGE_LOOP('',(#1824,#1825,#1826,#1827));
#1824 = ORIENTED_EDGE('',*,*,#1561,.F.);
#1825 = ORIENTED_EDGE('',*,*,#1807,.T.);
#1826 = ORIENTED_EDGE('',*,*,#1128,.T.);
#1827 = ORIENTED_EDGE('',*,*,#1828,.F.);
#1828 = EDGE_CURVE('',#1525,#1107,#1829,.T.);
#1829 = CIRCLE('',#1830,0.2);
#1830 = AXIS2_PLACEMENT_3D('',#1831,#1832,#1833);
#1831 = CARTESIAN_POINT('',(16.763170311763,25.6375,29.593215698366));
#1832 = DIRECTION('',(8.673617379884E-19,1.,-6.938893903907E-18));
#1833 = DIRECTION('',(-5.551115123126E-17,6.938893903907E-18,1.));
#1834 = SURFACE_OF_LINEAR_EXTRUSION('',#1835,#1840);
#1835 = CIRCLE('',#1836,0.2);
#1836 = AXIS2_PLACEMENT_3D('',#1837,#1838,#1839);
#1837 = CARTESIAN_POINT('',(17.643514073066,25.589583333333,
    29.149485913399));
#1838 = DIRECTION('',(8.673617379884E-19,1.,-6.938893903907E-18));
#1839 = DIRECTION('',(-5.551115123126E-17,6.938893903907E-18,1.));
#1840 = VECTOR('',#1841,1.);
#1841 = DIRECTION('',(-0.891926027647,4.854708357882E-02,0.449567727802)
  );
#1842 = ADVANCED_FACE('',(#1843),#1855,.F.);
#1843 = FACE_BOUND('',#1844,.F.);
#1844 = EDGE_LOOP('',(#1845,#1846,#1847,#1848));
#1845 = ORIENTED_EDGE('',*,*,#1533,.F.);
#1846 = ORIENTED_EDGE('',*,*,#1828,.T.);
#1847 = ORIENTED_EDGE('',*,*,#1106,.T.);
#1848 = ORIENTED_EDGE('',*,*,#1849,.F.);
#1849 = EDGE_CURVE('',#1488,#1085,#1850,.T.);
#1850 = CIRCLE('',#1851,0.2);
#1851 = AXIS2_PLACEMENT_3D('',#1852,#1853,#1854);
#1852 = CARTESIAN_POINT('',(15.812034220835,25.685416666667,
    29.852525159563));
#1853 = DIRECTION('',(6.071532165919E-18,1.,1.685188701339E-34));
#1854 = DIRECTION('',(-2.775557561563E-17,0.,1.));
#1855 = SURFACE_OF_LINEAR_EXTRUSION('',#1856,#1861);
#1856 = CIRCLE('',#1857,0.2);
#1857 = AXIS2_PLACEMENT_3D('',#1858,#1859,#1860);
#1858 = CARTESIAN_POINT('',(16.763170311763,25.6375,29.593215698366));
#1859 = DIRECTION('',(6.071532165919E-18,1.,1.685188701339E-34));
#1860 = DIRECTION('',(-2.775557561563E-17,0.,1.));
#1861 = VECTOR('',#1862,1.);
#1862 = DIRECTION('',(-0.963649738458,4.854708357882E-02,0.262721073089)
  );
#1863 = ADVANCED_FACE('',(#1864),#1876,.F.);
#1864 = FACE_BOUND('',#1865,.F.);
#1865 = EDGE_LOOP('',(#1866,#1867,#1868,#1869));
#1866 = ORIENTED_EDGE('',*,*,#1496,.F.);
#1867 = ORIENTED_EDGE('',*,*,#1849,.T.);
#1868 = ORIENTED_EDGE('',*,*,#1084,.T.);
#1869 = ORIENTED_EDGE('',*,*,#1870,.F.);
#1870 = EDGE_CURVE('',#1497,#1074,#1871,.T.);
#1871 = CIRCLE('',#1872,0.2);
#1872 = AXIS2_PLACEMENT_3D('',#1873,#1874,#1875);
#1873 = CARTESIAN_POINT('',(14.828294476224,25.733333333333,
    29.917002868934));
#1874 = DIRECTION('',(-8.673617379884E-19,1.,-6.01853107621E-35));
#1875 = DIRECTION('',(-6.938893903907E-17,0.,1.));
#1876 = SURFACE_OF_LINEAR_EXTRUSION('',#1877,#1882);
#1877 = CIRCLE('',#1878,0.2);
#1878 = AXIS2_PLACEMENT_3D('',#1879,#1880,#1881);
#1879 = CARTESIAN_POINT('',(15.812034220835,25.685416666667,
    29.852525159563));
#1880 = DIRECTION('',(-8.673617379884E-19,1.,-6.01853107621E-35));
#1881 = DIRECTION('',(-6.938893903907E-17,0.,1.));
#1882 = VECTOR('',#1883,1.);
#1883 = DIRECTION('',(-0.996682342986,4.854708357882E-02,
    6.532601208613E-02));
#1884 = ADVANCED_FACE('',(#1885),#1926,.F.);
#1885 = FACE_BOUND('',#1886,.F.);
#1886 = EDGE_LOOP('',(#1887,#1895,#1896,#1897,#1919));
#1887 = ORIENTED_EDGE('',*,*,#1888,.F.);
#1888 = EDGE_CURVE('',#1497,#1889,#1891,.T.);
#1889 = VERTEX_POINT('',#1890);
#1890 = CARTESIAN_POINT('',(13.851448809829,25.78125,29.984060008357));
#1891 = LINE('',#1892,#1893);
#1892 = CARTESIAN_POINT('',(14.828294476224,25.733333333333,
    30.117002868934));
#1893 = VECTOR('',#1894,1.);
#1894 = DIRECTION('',(-0.989697562645,4.854708357882E-02,-0.134691926894
    ));
#1895 = ORIENTED_EDGE('',*,*,#1870,.T.);
#1896 = ORIENTED_EDGE('',*,*,#1073,.T.);
#1897 = ORIENTED_EDGE('',*,*,#1898,.T.);
#1898 = EDGE_CURVE('',#1066,#1899,#1901,.T.);
#1899 = VERTEX_POINT('',#1900);
#1900 = CARTESIAN_POINT('',(14.013221230886,25.78125,29.901659684314));
#1901 = B_SPLINE_CURVE_WITH_KNOTS('',6,(#1902,#1903,#1904,#1905,#1906,
    #1907,#1908,#1909,#1910,#1911,#1912,#1913,#1914,#1915,#1916,#1917,
    #1918),.UNSPECIFIED.,.F.,.F.,(7,5,5,7),(0.,0.277474628806,
    0.639140202763,1.),.UNSPECIFIED.);
#1902 = CARTESIAN_POINT('',(15.,25.73380693412,30.));
#1903 = CARTESIAN_POINT('',(14.956945789378,25.735793183187,30.));
#1904 = CARTESIAN_POINT('',(14.913312467224,25.737804421864,
    29.999555102461));
#1905 = CARTESIAN_POINT('',(14.86911759982,25.739842460627,
    29.998642952693));
#1906 = CARTESIAN_POINT('',(14.824389932389,25.741908859404,
    29.997241356861));
#1907 = CARTESIAN_POINT('',(14.779172043243,25.744004641234,
    29.995330297852));
#1908 = CARTESIAN_POINT('',(14.67402318623,25.748900245653,
    29.98971837169));
#1909 = CARTESIAN_POINT('',(14.613774102542,25.751721521819,
    29.9856495176));
#1910 = CARTESIAN_POINT('',(14.55295048229,25.754592145385,
    29.980653959968));
#1911 = CARTESIAN_POINT('',(14.491779254678,25.757507722336,
    29.974715583648));
#1912 = CARTESIAN_POINT('',(14.430537090656,25.760459082989,
    29.967845626217));
#1913 = CARTESIAN_POINT('',(14.308720409385,25.766394957215,
    29.952362454643));
#1914 = CARTESIAN_POINT('',(14.248123018175,25.769380429326,
    29.943750208652));
#1915 = CARTESIAN_POINT('',(14.188099633637,25.772371315202,
    29.934308933458));
#1916 = CARTESIAN_POINT('',(14.12886455891,25.775353974671,
    29.924103086693));
#1917 = CARTESIAN_POINT('',(14.070546763628,25.778316723772,
    29.913200187384));
#1918 = CARTESIAN_POINT('',(14.013221230886,25.78125,29.901659684314));
#1919 = ORIENTED_EDGE('',*,*,#1920,.F.);
#1920 = EDGE_CURVE('',#1889,#1899,#1921,.T.);
#1921 = CIRCLE('',#1922,0.2);
#1922 = AXIS2_PLACEMENT_3D('',#1923,#1924,#1925);
#1923 = CARTESIAN_POINT('',(13.851448809829,25.78125,29.784060008357));
#1924 = DIRECTION('',(-8.673617379884E-19,1.,1.387778780781E-17));
#1925 = DIRECTION('',(-4.163336342344E-17,-1.387778780781E-17,1.));
#1926 = SURFACE_OF_LINEAR_EXTRUSION('',#1927,#1932);
#1927 = CIRCLE('',#1928,0.2);
#1928 = AXIS2_PLACEMENT_3D('',#1929,#1930,#1931);
#1929 = CARTESIAN_POINT('',(14.828294476224,25.733333333333,
    29.917002868934));
#1930 = DIRECTION('',(-8.673617379884E-19,1.,1.387778780781E-17));
#1931 = DIRECTION('',(-4.163336342344E-17,-1.387778780781E-17,1.));
#1932 = VECTOR('',#1933,1.);
#1933 = DIRECTION('',(-0.989697562645,4.854708357882E-02,-0.134691926894
    ));
#1934 = ADVANCED_FACE('',(#1935),#3084,.F.);
#1935 = FACE_BOUND('',#1936,.F.);
#1936 = EDGE_LOOP('',(#1937,#1938,#1939,#1949,#1971,#1993,#2015,#2037,
    #2059,#2081,#2103,#2125,#2147,#2156,#2178,#2200,#2227,#2254,#2266,
    #2288,#2310,#2332,#2354,#2371,#2379,#2386,#2387,#2418,#2440,#2462,
    #2484,#2506,#2528,#2550,#2572,#2594,#2616,#2638,#2660,#2682,#2704,
    #2726,#2748,#2770,#2792,#2814,#2836,#2858,#2880,#2902,#2924,#2946,
    #2968,#2987,#2998,#3020,#3042,#3064));
#1937 = ORIENTED_EDGE('',*,*,#1898,.F.);
#1938 = ORIENTED_EDGE('',*,*,#1065,.T.);
#1939 = ORIENTED_EDGE('',*,*,#1940,.T.);
#1940 = EDGE_CURVE('',#1039,#1941,#1943,.T.);
#1941 = VERTEX_POINT('',#1942);
#1942 = CARTESIAN_POINT('',(14.946102932685,27.21875,29.999709502175));
#1943 = B_SPLINE_CURVE_WITH_KNOTS('',4,(#1944,#1945,#1946,#1947,#1948),
  .UNSPECIFIED.,.F.,.F.,(5,5),(0.,1.),.PIECEWISE_BEZIER_KNOTS.);
#1944 = CARTESIAN_POINT('',(15.,27.216263943337,30.));
#1945 = CARTESIAN_POINT('',(14.986432528116,27.216889618977,30.));
#1946 = CARTESIAN_POINT('',(14.972926491707,27.217512471841,
    29.999950912835));
#1947 = CARTESIAN_POINT('',(14.959482983582,27.218132574075,
    29.999853739655));
#1948 = CARTESIAN_POINT('',(14.946102932685,27.21875,29.999709502175));
#1949 = ORIENTED_EDGE('',*,*,#1950,.T.);
#1950 = EDGE_CURVE('',#1941,#1951,#1953,.T.);
#1951 = VERTEX_POINT('',#1952);
#1952 = CARTESIAN_POINT('',(13.950403176097,27.266666666667,
    29.888593510127));
#1953 = B_SPLINE_CURVE_WITH_KNOTS('',6,(#1954,#1955,#1956,#1957,#1958,
    #1959,#1960,#1961,#1962,#1963,#1964,#1965,#1966,#1967,#1968,#1969,
    #1970),.UNSPECIFIED.,.F.,.F.,(7,5,5,7),(0.,0.356327321551,
    0.718021179203,1.),.UNSPECIFIED.);
#1954 = CARTESIAN_POINT('',(14.946102932685,27.21875,29.999709502175));
#1955 = CARTESIAN_POINT('',(14.887727523788,27.221678418778,
    29.999080212945));
#1956 = CARTESIAN_POINT('',(14.828516929667,27.224636209908,
    29.997623698918));
#1957 = CARTESIAN_POINT('',(14.768556388934,27.227613861103,
    29.995297609171));
#1958 = CARTESIAN_POINT('',(14.707985251518,27.230599751937,
    29.992062903817));
#1959 = CARTESIAN_POINT('',(14.647025156994,27.233580316017,
    29.987901114457));
#1960 = CARTESIAN_POINT('',(14.524072311375,27.239544668211,
    29.977685744497));
#1961 = CARTESIAN_POINT('',(14.462055450129,27.242528903108,
    29.971602953068));
#1962 = CARTESIAN_POINT('',(14.40030969438,27.245476433938,
    29.964603613553));
#1963 = CARTESIAN_POINT('',(14.339116507629,27.248377846186,
    29.956736027513));
#1964 = CARTESIAN_POINT('',(14.278700608741,27.251228695495,
    29.948065519907));
#1965 = CARTESIAN_POINT('',(14.172865580594,27.256209169314,
    29.931333693721));
#1966 = CARTESIAN_POINT('',(14.127065457726,27.258359759373,
    29.923557603064));
#1967 = CARTESIAN_POINT('',(14.081886896537,27.260479392418,
    29.915365323701));
#1968 = CARTESIAN_POINT('',(14.037369313816,27.262569230139,
    29.906787641763));
#1969 = CARTESIAN_POINT('',(13.99353715165,27.264630996426,
    29.897854514063));
#1970 = CARTESIAN_POINT('',(13.950403176097,27.266666666667,
    29.888593510127));
#1971 = ORIENTED_EDGE('',*,*,#1972,.T.);
#1972 = EDGE_CURVE('',#1951,#1973,#1975,.T.);
#1973 = VERTEX_POINT('',#1974);
#1974 = CARTESIAN_POINT('',(12.996845352046,27.314583333333,
    29.58119760067));
#1975 = B_SPLINE_CURVE_WITH_KNOTS('',6,(#1976,#1977,#1978,#1979,#1980,
    #1981,#1982,#1983,#1984,#1985,#1986,#1987,#1988,#1989,#1990,#1991,
    #1992),.UNSPECIFIED.,.F.,.F.,(7,5,5,7),(0.,0.356327321619,
    0.718021179275,1.),.UNSPECIFIED.);
#1976 = CARTESIAN_POINT('',(13.950403176097,27.266666666667,
    29.888593510127));
#1977 = CARTESIAN_POINT('',(13.893325130859,27.269595085445,
    29.876338669369));
#1978 = CARTESIAN_POINT('',(13.835593589087,27.272552876576,
    29.863106701443));
#1979 = CARTESIAN_POINT('',(13.777300521617,27.275530527771,
    29.84887309948));
#1980 = CARTESIAN_POINT('',(13.71859026419,27.278516418606,
    29.833627389235));
#1981 = CARTESIAN_POINT('',(13.659683688906,27.281496982687,
    29.817395660896));
#1982 = CARTESIAN_POINT('',(13.541235775177,27.287461334881,
    29.782872512638));
#1983 = CARTESIAN_POINT('',(13.481676634302,27.290445569778,
    29.764547661517));
#1984 = CARTESIAN_POINT('',(13.422565886699,27.293393100608,
    29.745378712026));
#1985 = CARTESIAN_POINT('',(13.364169715625,27.296294512856,
    29.725469110856));
#1986 = CARTESIAN_POINT('',(13.306695304945,27.299145362165,
    29.704927673283));
#1987 = CARTESIAN_POINT('',(13.206320735887,27.304125835984,
    29.667431632502));
#1988 = CARTESIAN_POINT('',(13.162990367158,27.306276426041,
    29.650680573274));
#1989 = CARTESIAN_POINT('',(13.120352056756,27.308396059086,
    29.633645599919));
#1990 = CARTESIAN_POINT('',(13.078438292399,27.310485896807,
    29.616364738972));
#1991 = CARTESIAN_POINT('',(13.037267053063,27.312547663093,
    29.598872218822));
#1992 = CARTESIAN_POINT('',(12.996845352046,27.314583333333,
    29.58119760067));
#1993 = ORIENTED_EDGE('',*,*,#1994,.T.);
#1994 = EDGE_CURVE('',#1973,#1995,#1997,.T.);
#1995 = VERTEX_POINT('',#1996);
#1996 = CARTESIAN_POINT('',(12.123715370492,27.3625,29.089863901165));
#1997 = B_SPLINE_CURVE_WITH_KNOTS('',6,(#1998,#1999,#2000,#2001,#2002,
    #2003,#2004,#2005,#2006,#2007,#2008,#2009,#2010,#2011,#2012,#2013,
    #2014),.UNSPECIFIED.,.F.,.F.,(7,5,5,7),(0.,0.356327321636,
    0.718021179294,1.),.UNSPECIFIED.);
#1998 = CARTESIAN_POINT('',(12.996845352046,27.314583333333,
    29.58119760067));
#1999 = CARTESIAN_POINT('',(12.943356387712,27.317511752112,
    29.557809247479));
#2000 = CARTESIAN_POINT('',(12.889421853805,27.320469543243,
    29.533333096983));
#2001 = CARTESIAN_POINT('',(12.835136760703,27.323447194438,
    29.507763470329));
#2002 = CARTESIAN_POINT('',(12.780644634793,27.326433085273,
    29.481118879468));
#2003 = CARTESIAN_POINT('',(12.726156712556,27.329413649354,
    29.453468925629));
#2004 = CARTESIAN_POINT('',(12.616969484438,27.335378001548,
    29.396024123873));
#2005 = CARTESIAN_POINT('',(12.562259398624,27.338362236446,
    29.366192966658));
#2006 = CARTESIAN_POINT('',(12.508156990604,27.341309767276,
    29.335624051839));
#2007 = CARTESIAN_POINT('',(12.454902475974,27.344211179523,
    29.304471817788));
#2008 = CARTESIAN_POINT('',(12.402677185044,27.347062028833,
    29.272884201102));
#2009 = CARTESIAN_POINT('',(12.311793173311,27.352042502651,
    29.216129433916));
#2010 = CARTESIAN_POINT('',(12.272672298614,27.354193092709,
    29.191075971041));
#2011 = CARTESIAN_POINT('',(12.23428619234,27.356312725753,
    29.165882267937));
#2012 = CARTESIAN_POINT('',(12.196659108738,27.358402563474,
    29.140592064756));
#2013 = CARTESIAN_POINT('',(12.159801841806,27.36046432976,
    29.115242487173));
#2014 = CARTESIAN_POINT('',(12.123715370492,27.3625,29.089863901165));
#2015 = ORIENTED_EDGE('',*,*,#2016,.T.);
#2016 = EDGE_CURVE('',#1995,#2017,#2019,.T.);
#2017 = VERTEX_POINT('',#2018);
#2018 = CARTESIAN_POINT('',(11.366069916001,27.410416666667,
    28.434319749908));
#2019 = B_SPLINE_CURVE_WITH_KNOTS('',6,(#2020,#2021,#2022,#2023,#2024,
    #2025,#2026,#2027,#2028,#2029,#2030,#2031,#2032,#2033,#2034,#2035,
    #2036),.UNSPECIFIED.,.F.,.F.,(7,5,5,7),(0.,0.356327321549,
    0.7180211792,1.),.UNSPECIFIED.);
#2020 = CARTESIAN_POINT('',(12.123715370492,27.3625,29.089863901165));
#2021 = CARTESIAN_POINT('',(12.075963100593,27.365428418778,
    29.056281091748));
#2022 = CARTESIAN_POINT('',(12.027991077964,27.368386209908,
    29.021543490593));
#2023 = CARTESIAN_POINT('',(11.979893537802,27.371363861102,
    28.985664474875));
#2024 = CARTESIAN_POINT('',(11.931807434471,27.374349751937,
    28.948690799471));
#2025 = CARTESIAN_POINT('',(11.883925887563,27.377330316017,
    28.910732782126));
#2026 = CARTESIAN_POINT('',(11.78838327678,27.383294668211,
    28.83267276961));
#2027 = CARTESIAN_POINT('',(11.740718888295,27.386278903108,
    28.792533044889));
#2028 = CARTESIAN_POINT('',(11.693797063502,27.389226433938,
    28.751791524731));
#2029 = CARTESIAN_POINT('',(11.647822405538,27.392127846185,
    28.710647438402));
#2030 = CARTESIAN_POINT('',(11.602943110641,27.394978695495,
    28.669281904075));
#2031 = CARTESIAN_POINT('',(11.525198702977,27.399959169314,
    28.595547147904));
#2032 = CARTESIAN_POINT('',(11.491858048526,27.402109759373,
    28.563197192704));
#2033 = CARTESIAN_POINT('',(11.459265371212,27.404229392417,
    28.530856301903));
#2034 = CARTESIAN_POINT('',(11.427435717985,27.406319230139,
    28.498572173075));
#2035 = CARTESIAN_POINT('',(11.396372264484,27.408380996426,
    28.466383338562));
#2036 = CARTESIAN_POINT('',(11.366069916001,27.410416666667,
    28.434319749908));
#2037 = ORIENTED_EDGE('',*,*,#2038,.T.);
#2038 = EDGE_CURVE('',#2017,#2039,#2041,.T.);
#2039 = VERTEX_POINT('',#2040);
#2040 = CARTESIAN_POINT('',(10.754328901157,27.458333333333,
    27.640885631838));
#2041 = B_SPLINE_CURVE_WITH_KNOTS('',6,(#2042,#2043,#2044,#2045,#2046,
    #2047,#2048,#2049,#2050,#2051,#2052,#2053,#2054,#2055,#2056,#2057,
    #2058),.UNSPECIFIED.,.F.,.F.,(7,5,5,7),(0.,0.356327321616,
    0.718021179272,1.),.UNSPECIFIED.);
#2042 = CARTESIAN_POINT('',(11.366069916001,27.410416666667,
    28.434319749908));
#2043 = CARTESIAN_POINT('',(11.325971622363,27.413345085445,
    28.391890853888));
#2044 = CARTESIAN_POINT('',(11.28588821604,27.416302876576,
    28.348286537267));
#2045 = CARTESIAN_POINT('',(11.245909373449,27.419280527771,
    28.303538696146));
#2046 = CARTESIAN_POINT('',(11.206159978131,27.422266418606,
    28.257720451092));
#2047 = CARTESIAN_POINT('',(11.166807278926,27.425246982687,
    28.210978407045));
#2048 = CARTESIAN_POINT('',(11.088745377726,27.431211334881,
    28.115437339366));
#2049 = CARTESIAN_POINT('',(11.050040439925,27.434195569778,
    28.066600680796));
#2050 = CARTESIAN_POINT('',(11.012183137343,27.437143100608,
    28.017322351401));
#2051 = CARTESIAN_POINT('',(10.975334245723,27.440044512855,
    27.967838372163));
#2052 = CARTESIAN_POINT('',(10.939602877063,27.442895362165,
    27.918355770834));
#2053 = CARTESIAN_POINT('',(10.878119557388,27.447875835983,
    27.830601519714));
#2054 = CARTESIAN_POINT('',(10.851897770178,27.450026426041,
    27.79225394202));
#2055 = CARTESIAN_POINT('',(10.826407137091,27.452146059086,
    27.754064369411));
#2056 = CARTESIAN_POINT('',(10.80165289364,27.454235896807,
    27.716082541798));
#2057 = CARTESIAN_POINT('',(10.777630469598,27.456297663093,
    27.678346851095));
#2058 = CARTESIAN_POINT('',(10.754328901157,27.458333333333,
    27.640885631838));
#2059 = ORIENTED_EDGE('',*,*,#2060,.T.);
#2060 = EDGE_CURVE('',#2039,#2061,#2063,.T.);
#2061 = VERTEX_POINT('',#2062);
#2062 = CARTESIAN_POINT('',(10.313054089097,27.50625,26.741418395525));
#2063 = B_SPLINE_CURVE_WITH_KNOTS('',6,(#2064,#2065,#2066,#2067,#2068,
    #2069,#2070,#2071,#2072,#2073,#2074,#2075,#2076,#2077,#2078,#2079,
    #2080),.UNSPECIFIED.,.F.,.F.,(7,5,5,7),(0.,0.356327321516,
    0.718021179165,1.),.UNSPECIFIED.);
#2064 = CARTESIAN_POINT('',(10.754328901157,27.458333333333,
    27.640885631838));
#2065 = CARTESIAN_POINT('',(10.723494553976,27.461261752111,
    27.591314194477));
#2066 = CARTESIAN_POINT('',(10.692909136419,27.464219543241,
    27.540593901483));
#2067 = CARTESIAN_POINT('',(10.662654165564,27.467197194435,
    27.488773887237));
#2068 = CARTESIAN_POINT('',(10.632837439982,27.470183085269,
    27.435950702163));
#2069 = CARTESIAN_POINT('',(10.603593622617,27.473163649349,
    27.382301352118));
#2070 = CARTESIAN_POINT('',(10.546146662463,27.479128001542,
    27.273115259613));
#2071 = CARTESIAN_POINT('',(10.517955201463,27.48211223644,
    27.21754248789));
#2072 = CARTESIAN_POINT('',(10.490682414155,27.48505976727,
    27.161705903296));
#2073 = CARTESIAN_POINT('',(10.464438793645,27.487961179517,
    27.105868842151));
#2074 = CARTESIAN_POINT('',(10.43928998678,27.490812028827,
    27.050255929497));
#2075 = CARTESIAN_POINT('',(10.396536346682,27.495792502646,
    26.952005568428));
#2076 = CARTESIAN_POINT('',(10.378486246942,27.497943092705,
    26.909200046114));
#2077 = CARTESIAN_POINT('',(10.361121122043,27.50006272575,
    26.866695125573));
#2078 = CARTESIAN_POINT('',(10.344436185852,27.502152563472,
    26.824540591967));
#2079 = CARTESIAN_POINT('',(10.328419305771,27.504214329759,
    26.782773155324));
#2080 = CARTESIAN_POINT('',(10.313054089097,27.50625,26.741418395525));
#2081 = ORIENTED_EDGE('',*,*,#2082,.T.);
#2082 = EDGE_CURVE('',#2061,#2083,#2085,.T.);
#2083 = VERTEX_POINT('',#2084);
#2084 = CARTESIAN_POINT('',(10.059962924213,27.554166666667,
    25.772032181875));
#2085 = B_SPLINE_CURVE_WITH_KNOTS('',6,(#2086,#2087,#2088,#2089,#2090,
    #2091,#2092,#2093,#2094,#2095,#2096,#2097,#2098,#2099,#2100,#2101,
    #2102),.UNSPECIFIED.,.F.,.F.,(7,5,5,7),(0.,0.356327321568,
    0.718021179221,1.),.UNSPECIFIED.);
#2086 = CARTESIAN_POINT('',(10.313054089097,27.50625,26.741418395525));
#2087 = CARTESIAN_POINT('',(10.292721705614,27.509178418778,
    26.686694739297));
#2088 = CARTESIAN_POINT('',(10.272862299393,27.512136209909,
    26.630894919637));
#2089 = CARTESIAN_POINT('',(10.253545955214,27.515113861103,
    26.57408333643));
#2090 = CARTESIAN_POINT('',(10.2348590585,27.518099751938,26.5163760934)
  );
#2091 = CARTESIAN_POINT('',(10.216898279506,27.521080316018,
    26.457973490433));
#2092 = CARTESIAN_POINT('',(10.182372789774,27.527044668212,
    26.339526259191));
#2093 = CARTESIAN_POINT('',(10.165826709389,27.530028903109,
    26.279448653927));
#2094 = CARTESIAN_POINT('',(10.150233455878,27.532976433939,
    26.21929568599));
#2095 = CARTESIAN_POINT('',(10.135648803347,27.535877846186,
    26.159347433927));
#2096 = CARTESIAN_POINT('',(10.122092297732,27.538728695496,
    26.099837101244));
#2097 = CARTESIAN_POINT('',(10.099784921132,27.543709169315,
    25.995035440288));
#2098 = CARTESIAN_POINT('',(10.090631231044,27.545859759373,
    25.949490640387));
#2099 = CARTESIAN_POINT('',(10.08208883437,27.547979392418,
    25.904376969608));
#2100 = CARTESIAN_POINT('',(10.074143115493,27.550069230139,
    25.859742259461));
#2101 = CARTESIAN_POINT('',(10.066774866582,27.552130996426,
    25.815620064157));
#2102 = CARTESIAN_POINT('',(10.059962924213,27.554166666667,
    25.772032181875));
#2103 = ORIENTED_EDGE('',*,*,#2104,.T.);
#2104 = EDGE_CURVE('',#2083,#2105,#2107,.T.);
#2105 = VERTEX_POINT('',#2106);
#2106 = CARTESIAN_POINT('',(10.00521716629,27.602083333333,
    24.771648420037));
#2107 = B_SPLINE_CURVE_WITH_KNOTS('',6,(#2108,#2109,#2110,#2111,#2112,
    #2113,#2114,#2115,#2116,#2117,#2118,#2119,#2120,#2121,#2122,#2123,
    #2124),.UNSPECIFIED.,.F.,.F.,(7,5,5,7),(0.,0.356327321573,
    0.718021179226,1.),.UNSPECIFIED.);
#2108 = CARTESIAN_POINT('',(10.059962924213,27.554166666667,
    25.772032181875));
#2109 = CARTESIAN_POINT('',(10.05094886164,27.557095085445,
    25.714353493911));
#2110 = CARTESIAN_POINT('',(10.042612833651,27.560052876575,
    25.655714543316));
#2111 = CARTESIAN_POINT('',(10.035010678782,27.56303052777,
    25.596192409782));
#2112 = CARTESIAN_POINT('',(10.028203900883,27.566016418605,
    25.535918088702));
#2113 = CARTESIAN_POINT('',(10.02224729615,27.568996982685,
    25.475107131831));
#2114 = CARTESIAN_POINT('',(10.012029495653,27.574961334879,
    25.35215448817));
#2115 = CARTESIAN_POINT('',(10.007793130786,27.577945569776,
    25.289984200709));
#2116 = CARTESIAN_POINT('',(10.004505489412,27.580893100606,
    25.227930026627));
#2117 = CARTESIAN_POINT('',(10.002165387274,27.583794512853,
    25.166277541383));
#2118 = CARTESIAN_POINT('',(10.000745484617,27.586645362163,
    25.105259163684));
#2119 = CARTESIAN_POINT('',(9.99978002586,27.591625835982,
    24.998114051434));
#2120 = CARTESIAN_POINT('',(9.999890271484,27.59377642604,
    24.951658624559));
#2121 = CARTESIAN_POINT('',(10.000513585303,27.595896059085,
    24.905747544068));
#2122 = CARTESIAN_POINT('',(10.001626109046,27.597985896806,
    24.860424767352));
#2123 = CARTESIAN_POINT('',(10.003202330847,27.600047663092,
    24.815719345586));
#2124 = CARTESIAN_POINT('',(10.00521716629,27.602083333333,
    24.771648420037));
#2125 = ORIENTED_EDGE('',*,*,#2126,.T.);
#2126 = EDGE_CURVE('',#2105,#2127,#2129,.T.);
#2127 = VERTEX_POINT('',#2128);
#2128 = CARTESIAN_POINT('',(10.151014889849,27.65,23.780433109036));
#2129 = B_SPLINE_CURVE_WITH_KNOTS('',6,(#2130,#2131,#2132,#2133,#2134,
    #2135,#2136,#2137,#2138,#2139,#2140,#2141,#2142,#2143,#2144,#2145,
    #2146),.UNSPECIFIED.,.F.,.F.,(7,5,5,7),(0.,0.356327321604,
    0.71802117926,1.),.UNSPECIFIED.);
#2130 = CARTESIAN_POINT('',(10.00521716629,27.602083333333,
    24.771648420037));
#2131 = CARTESIAN_POINT('',(10.007883344564,27.605011752112,
    24.713330533731));
#2132 = CARTESIAN_POINT('',(10.011405391257,27.607969543243,
    24.654206840702));
#2133 = CARTESIAN_POINT('',(10.015822656707,27.610947194437,
    24.594364005662));
#2134 = CARTESIAN_POINT('',(10.021169293778,27.613933085272,
    24.533942656127));
#2135 = CARTESIAN_POINT('',(10.027456024507,27.616913649353,
    24.47316494119));
#2136 = CARTESIAN_POINT('',(10.041956163972,27.622878001547,
    24.350643506383));
#2137 = CARTESIAN_POINT('',(10.050199607175,27.625862236444,
    24.288876710492));
#2138 = CARTESIAN_POINT('',(10.059349578682,27.628809767274,
    24.227412842015));
#2139 = CARTESIAN_POINT('',(10.069347983421,27.631711179522,
    24.166531507293));
#2140 = CARTESIAN_POINT('',(10.080121693653,27.634562028831,
    24.10645500849));
#2141 = CARTESIAN_POINT('',(10.100536916477,27.63954250265,
    24.001268384505));
#2142 = CARTESIAN_POINT('',(10.109906671385,27.641693092708,
    23.955767543495));
#2143 = CARTESIAN_POINT('',(10.119670669279,27.643812725752,
    23.9109024103));
#2144 = CARTESIAN_POINT('',(10.129796767153,27.645902563473,
    23.86671130328));
#2145 = CARTESIAN_POINT('',(10.14025417343,27.647964329759,
    23.823217604152));
#2146 = CARTESIAN_POINT('',(10.151014889849,27.65,23.780433109036));
#2147 = ORIENTED_EDGE('',*,*,#2148,.T.);
#2148 = EDGE_CURVE('',#2127,#2149,#2151,.T.);
#2149 = VERTEX_POINT('',#2150);
#2150 = CARTESIAN_POINT('',(10.074189135208,27.65,24.141869867504));
#2151 = CIRCLE('',#2152,5.);
#2152 = AXIS2_PLACEMENT_3D('',#2153,#2154,#2155);
#2153 = CARTESIAN_POINT('',(15.,27.65,25.));
#2154 = DIRECTION('',(0.,1.,0.));
#2155 = DIRECTION('',(0.,0.,1.));
#2156 = ORIENTED_EDGE('',*,*,#2157,.F.);
#2157 = EDGE_CURVE('',#2158,#2149,#2160,.T.);
#2158 = VERTEX_POINT('',#2159);
#2159 = CARTESIAN_POINT('',(10.001992611324,27.602083333333,
    25.141145820831));
#2160 = B_SPLINE_CURVE_WITH_KNOTS('',6,(#2161,#2162,#2163,#2164,#2165,
    #2166,#2167,#2168,#2169,#2170,#2171,#2172,#2173,#2174,#2175,#2176,
    #2177),.UNSPECIFIED.,.F.,.F.,(7,5,5,7),(0.,0.282270658729,
    0.643081562139,1.),.UNSPECIFIED.);
#2161 = CARTESIAN_POINT('',(10.001992611324,27.602083333333,
    25.141145820831));
#2162 = CARTESIAN_POINT('',(10.000745936609,27.60412111192,
    25.097000769996));
#2163 = CARTESIAN_POINT('',(9.999949814287,27.606185040424,
    25.052227680725));
#2164 = CARTESIAN_POINT('',(9.999629102078,27.608277100666,
    25.006844175718));
#2165 = CARTESIAN_POINT('',(9.999808879654,27.610399021823,
    24.960879849151));
#2166 = CARTESIAN_POINT('',(10.000512302751,27.612551967813,
    24.914379243092));
#2167 = CARTESIAN_POINT('',(10.003351347415,27.617528238905,
    24.80736003321));
#2168 = CARTESIAN_POINT('',(10.005831428266,27.620372200714,
    24.746524035728));
#2169 = CARTESIAN_POINT('',(10.009238081434,27.623266472927,
    24.68507332602));
#2170 = CARTESIAN_POINT('',(10.01359440928,27.626206642381,
    24.623239007874));
#2171 = CARTESIAN_POINT('',(10.018896698214,27.629183371308,
    24.561304502319));
#2172 = CARTESIAN_POINT('',(10.031239006172,27.635144957215,
    24.438595029612));
#2173 = CARTESIAN_POINT('',(10.038262046184,27.638130429326,
    24.377792961297));
#2174 = CARTESIAN_POINT('',(10.046128857055,27.641121315202,
    24.317543001501));
#2175 = CARTESIAN_POINT('',(10.054780613042,27.644103974671,
    24.258061067232));
#2176 = CARTESIAN_POINT('',(10.064153194287,27.647066723772,
    24.19947785137));
#2177 = CARTESIAN_POINT('',(10.074189135208,27.65,24.141869867504));
#2178 = ORIENTED_EDGE('',*,*,#2179,.F.);
#2179 = EDGE_CURVE('',#2180,#2158,#2182,.T.);
#2180 = VERTEX_POINT('',#2181);
#2181 = CARTESIAN_POINT('',(10.13046903671,27.554166666667,
    26.134754686069));
#2182 = B_SPLINE_CURVE_WITH_KNOTS('',6,(#2183,#2184,#2185,#2186,#2187,
    #2188,#2189,#2190,#2191,#2192,#2193,#2194,#2195,#2196,#2197,#2198,
    #2199),.UNSPECIFIED.,.F.,.F.,(7,5,5,7),(0.,0.282270658729,
    0.643081562138,1.),.UNSPECIFIED.);
#2183 = CARTESIAN_POINT('',(10.13046903671,27.554166666667,
    26.134754686069));
#2184 = CARTESIAN_POINT('',(10.120446281758,27.556204445254,
    26.091744407132));
#2185 = CARTESIAN_POINT('',(10.110739823501,27.558268373758,
    26.048028872115));
#2186 = CARTESIAN_POINT('',(10.101377534035,27.560360434,26.003620394107
    ));
#2187 = CARTESIAN_POINT('',(10.092389889678,27.562482355156,
    25.95854297309));
#2188 = CARTESIAN_POINT('',(10.08380846157,27.564635301146,
    25.912835640422));
#2189 = CARTESIAN_POINT('',(10.065254312756,27.569611572239,
    25.807398858319));
#2190 = CARTESIAN_POINT('',(10.055555858096,27.572455534048,
    25.74728971286));
#2191 = CARTESIAN_POINT('',(10.046642820632,27.57534980626,
    25.686393466896));
#2192 = CARTESIAN_POINT('',(10.038583913624,27.578289975714,
    25.624931978867));
#2193 = CARTESIAN_POINT('',(10.031432003101,27.581266704642,
    25.563183720412));
#2194 = CARTESIAN_POINT('',(10.019062201474,27.587228290548,
    25.440477016172));
#2195 = CARTESIAN_POINT('',(10.013822269115,27.590213762659,
    25.379495398357));
#2196 = CARTESIAN_POINT('',(10.009519241401,27.593204648536,
    25.318886584468));
#2197 = CARTESIAN_POINT('',(10.00613852046,27.596187308004,
    25.258873884878));
#2198 = CARTESIAN_POINT('',(10.00364332963,27.599150057105,
    25.199598152216));
#2199 = CARTESIAN_POINT('',(10.001992611324,27.602083333333,
    25.141145820831));
#2200 = ORIENTED_EDGE('',*,*,#2201,.F.);
#2201 = EDGE_CURVE('',#2202,#2180,#2204,.T.);
#2202 = VERTEX_POINT('',#2203);
#2203 = CARTESIAN_POINT('',(10.454512700044,27.50625,27.082802487236));
#2204 = B_SPLINE_CURVE_WITH_KNOTS('',6,(#2205,#2206,#2207,#2208,#2209,
    #2210,#2211,#2212,#2213,#2214,#2215,#2216,#2217,#2218,#2219,#2220,
    #2221,#2222,#2223,#2224,#2225,#2226),.UNSPECIFIED.,.F.,.F.,(7,5,5,5,
    7),(0.,1.945602901217E-02,0.28334991883,0.644130141732,1.),
  .UNSPECIFIED.);
#2205 = CARTESIAN_POINT('',(10.454512700044,27.50625,27.082802487236));
#2206 = CARTESIAN_POINT('',(10.454043030889,27.506302026999,
    27.081777485973));
#2207 = CARTESIAN_POINT('',(10.452691726818,27.506446594963,
    27.078928429282));
#2208 = CARTESIAN_POINT('',(10.45128008154,27.506599428425,
    27.075915873641));
#2209 = CARTESIAN_POINT('',(10.450169054365,27.506723195021,
    27.073475268516));
#2210 = CARTESIAN_POINT('',(10.449259270203,27.50682750548,
    27.071416956362));
#2211 = CARTESIAN_POINT('',(10.430788969063,27.508886917956,
    27.030773084707));
#2212 = CARTESIAN_POINT('',(10.413742273586,27.510828296065,
    26.992258970828));
#2213 = CARTESIAN_POINT('',(10.396875903735,27.512794661144,
    26.953090328289));
#2214 = CARTESIAN_POINT('',(10.380218711036,27.514787399675,
    26.913282644399));
#2215 = CARTESIAN_POINT('',(10.363802818982,27.516807430565,
    26.87286314009));
#2216 = CARTESIAN_POINT('',(10.325597621033,27.52165423201,
    26.775834904155));
#2217 = CARTESIAN_POINT('',(10.304041533671,27.524505752289,
    26.718713702045));
#2218 = CARTESIAN_POINT('',(10.283100748184,27.527407905889,
    26.660657625113));
#2219 = CARTESIAN_POINT('',(10.26288776975,27.530356274043,
    26.601871676584));
#2220 = CARTESIAN_POINT('',(10.243510871791,27.533341462948,
    26.54262018779));
#2221 = CARTESIAN_POINT('',(10.206872991918,27.539311623881,
    26.424673590318));
#2222 = CARTESIAN_POINT('',(10.189580473567,27.542297095993,
    26.365960870984));
#2223 = CARTESIAN_POINT('',(10.173280376372,27.545287981869,
    26.307426682683));
#2224 = CARTESIAN_POINT('',(10.158002916448,27.548270641338,
    26.249292763115));
#2225 = CARTESIAN_POINT('',(10.143740136929,27.551233390439,
    26.191704469336));
#2226 = CARTESIAN_POINT('',(10.13046903671,27.554166666667,
    26.134754686069));
#2227 = ORIENTED_EDGE('',*,*,#2228,.F.);
#2228 = EDGE_CURVE('',#2229,#2202,#2231,.T.);
#2229 = VERTEX_POINT('',#2230);
#2230 = CARTESIAN_POINT('',(10.754715444488,27.475422689711,
    27.641506964354));
#2231 = B_SPLINE_CURVE_WITH_KNOTS('',5,(#2232,#2233,#2234,#2235,#2236,
    #2237,#2238,#2239,#2240,#2241,#2242,#2243,#2244,#2245,#2246,#2247,
    #2248,#2249,#2250,#2251,#2252,#2253),.UNSPECIFIED.,.F.,.F.,(6,4,4,4,
    4,6),(0.,0.42718355996,0.907588425093,0.953988749072,0.97567922583,
    1.),.UNSPECIFIED.);
#2232 = CARTESIAN_POINT('',(10.754715444488,27.475422689711,
    27.641506964354));
#2233 = CARTESIAN_POINT('',(10.726102124412,27.477960018697,
    27.595521211736));
#2234 = CARTESIAN_POINT('',(10.697834656648,27.480538008119,
    27.548703163439));
#2235 = CARTESIAN_POINT('',(10.67003702724,27.483152657619,
    27.501198351367));
#2236 = CARTESIAN_POINT('',(10.642838612902,27.485796761714,
    27.453196710649));
#2237 = CARTESIAN_POINT('',(10.586592684617,27.491449840214,
    27.350673776535));
#2238 = CARTESIAN_POINT('',(10.557728644899,27.494464073039,
    27.296069919349));
#2239 = CARTESIAN_POINT('',(10.529952397646,27.497482208276,
    27.241476783874));
#2240 = CARTESIAN_POINT('',(10.503328855993,27.500488378447,
    27.187123332662));
#2241 = CARTESIAN_POINT('',(10.475415493163,27.503757409604,
    27.127949306194));
#2242 = CARTESIAN_POINT('',(10.472967755233,27.504045115721,
    27.122740843563));
#2243 = CARTESIAN_POINT('',(10.470530854039,27.504332585677,
    27.117535999247));
#2244 = CARTESIAN_POINT('',(10.468104785731,27.504619809696,
    27.112334872228));
#2245 = CARTESIAN_POINT('',(10.464560501338,27.505040925969,
    27.104707991972));
#2246 = CARTESIAN_POINT('',(10.463433358378,27.505175073375,
    27.102278255967));
#2247 = CARTESIAN_POINT('',(10.462308106332,27.505309220661,
    27.099848335206));
#2248 = CARTESIAN_POINT('',(10.461184739372,27.505443367829,
    27.097418221066));
#2249 = CARTESIAN_POINT('',(10.458805766688,27.505727929286,
    27.092262876024));
#2250 = CARTESIAN_POINT('',(10.45749665244,27.505880001579,
    27.089507617226));
#2251 = CARTESIAN_POINT('',(10.456073756426,27.50605348836,
    27.086363876572));
#2252 = CARTESIAN_POINT('',(10.454849864332,27.506209399871,
    27.083538311203));
#2253 = CARTESIAN_POINT('',(10.454512700044,27.50625,27.082802487236));
#2254 = ORIENTED_EDGE('',*,*,#2255,.F.);
#2255 = EDGE_CURVE('',#2256,#2229,#2258,.T.);
#2256 = VERTEX_POINT('',#2257);
#2257 = CARTESIAN_POINT('',(10.9609570933,27.458333333333,
    27.947224524504));
#2258 = B_SPLINE_CURVE_WITH_KNOTS('',6,(#2259,#2260,#2261,#2262,#2263,
    #2264,#2265),.UNSPECIFIED.,.F.,.F.,(7,7),(0.,1.),
  .PIECEWISE_BEZIER_KNOTS.);
#2259 = CARTESIAN_POINT('',(10.9609570933,27.458333333333,
    27.947224524504));
#2260 = CARTESIAN_POINT('',(10.926216323013,27.461052889847,
    27.899613811227));
#2261 = CARTESIAN_POINT('',(10.891505056579,27.463818869414,
    27.850629194659));
#2262 = CARTESIAN_POINT('',(10.856891366248,27.46663641301,
    27.800265488651));
#2263 = CARTESIAN_POINT('',(10.822471070511,27.46950906302,
    27.748557200413));
#2264 = CARTESIAN_POINT('',(10.788363699531,27.472438880329,
    27.695584587234));
#2265 = CARTESIAN_POINT('',(10.754715444488,27.475422689711,
    27.641506964354));
#2266 = ORIENTED_EDGE('',*,*,#2267,.F.);
#2267 = EDGE_CURVE('',#2268,#2256,#2270,.T.);
#2268 = VERTEX_POINT('',#2269);
#2269 = CARTESIAN_POINT('',(11.629624138416,27.410416666667,
    28.693313762957));
#2270 = B_SPLINE_CURVE_WITH_KNOTS('',6,(#2271,#2272,#2273,#2274,#2275,
    #2276,#2277,#2278,#2279,#2280,#2281,#2282,#2283,#2284,#2285,#2286,
    #2287),.UNSPECIFIED.,.F.,.F.,(7,5,5,7),(0.,0.282270658729,
    0.643081562139,1.),.UNSPECIFIED.);
#2271 = CARTESIAN_POINT('',(11.629624138416,27.410416666667,
    28.693313762957));
#2272 = CARTESIAN_POINT('',(11.597002833336,27.412454445254,
    28.663544816621));
#2273 = CARTESIAN_POINT('',(11.564242735204,27.414518373758,
    28.633015497859));
#2274 = CARTESIAN_POINT('',(11.531373788353,27.416610434,28.601720167281
    ));
#2275 = CARTESIAN_POINT('',(11.498434702856,27.418732355156,
    28.569661341924));
#2276 = CARTESIAN_POINT('',(11.46547360492,27.420885301146,
    28.536853306463));
#2277 = CARTESIAN_POINT('',(11.390462593991,27.425861572239,
    28.460469278698));
#2278 = CARTESIAN_POINT('',(11.348423648632,27.428705534048,
    28.416425022957));
#2279 = CARTESIAN_POINT('',(11.306586167518,27.43159980626,
    28.371287231878));
#2280 = CARTESIAN_POINT('',(11.265132441051,27.434539975714,
    28.325199825194));
#2281 = CARTESIAN_POINT('',(11.224263765582,27.437516704642,
    28.278362355026));
#2282 = CARTESIAN_POINT('',(11.14456764552,27.443478290548,
    28.184242879333));
#2283 = CARTESIAN_POINT('',(11.105708911368,27.446463762659,
    28.136954261437));
#2284 = CARTESIAN_POINT('',(11.067833463338,27.449454648536,
    28.089442212384));
#2285 = CARTESIAN_POINT('',(11.031055755333,27.452437308004,
    28.041899036428));
#2286 = CARTESIAN_POINT('',(10.995425258546,27.455400057105,
    27.99446164444));
#2287 = CARTESIAN_POINT('',(10.9609570933,27.458333333333,
    27.947224524504));
#2288 = ORIENTED_EDGE('',*,*,#2289,.F.);
#2289 = EDGE_CURVE('',#2290,#2268,#2292,.T.);
#2290 = VERTEX_POINT('',#2291);
#2291 = CARTESIAN_POINT('',(12.433613765451,27.3625,29.291114271972));
#2292 = B_SPLINE_CURVE_WITH_KNOTS('',6,(#2293,#2294,#2295,#2296,#2297,
    #2298,#2299,#2300,#2301,#2302,#2303,#2304,#2305,#2306,#2307,#2308,
    #2309),.UNSPECIFIED.,.F.,.F.,(7,5,5,7),(0.,0.282270658729,
    0.643081562138,1.),.UNSPECIFIED.);
#2293 = CARTESIAN_POINT('',(12.433613765451,27.3625,29.291114271972));
#2294 = CARTESIAN_POINT('',(12.395712369366,27.364537778587,
    29.268446588238));
#2295 = CARTESIAN_POINT('',(12.35752337266,27.366601707091,
    29.245061467664));
#2296 = CARTESIAN_POINT('',(12.319074994212,27.368693767333,
    29.220947414131));
#2297 = CARTESIAN_POINT('',(12.280405668794,27.37081568849,29.1960991766
    ));
#2298 = CARTESIAN_POINT('',(12.241565404373,27.37296863448,
    29.170521158154));
#2299 = CARTESIAN_POINT('',(12.152831735807,27.377944905572,
    29.110625352615));
#2300 = CARTESIAN_POINT('',(12.102855722403,27.380788867381,
    29.075846516019));
#2301 = CARTESIAN_POINT('',(12.052859112909,27.383683139593,
    29.03995593162));
#2302 = CARTESIAN_POINT('',(12.003049231173,27.386623309047,
    29.003058287058));
#2303 = CARTESIAN_POINT('',(11.953663116754,27.389600037975,
    28.965308996349));
#2304 = CARTESIAN_POINT('',(11.856802514386,27.395561623881,
    28.88896784777));
#2305 = CARTESIAN_POINT('',(11.809296046729,27.398547095993,
    28.850375748407));
#2306 = CARTESIAN_POINT('',(11.762708580426,27.401537981869,
    28.811368667612));
#2307 = CARTESIAN_POINT('',(11.717190610986,27.404520641338,
    28.772112230635));
#2308 = CARTESIAN_POINT('',(11.672817912092,27.407483390439,
    28.732730736849));
#2309 = CARTESIAN_POINT('',(11.629624138416,27.410416666667,
    28.693313762957));
#2310 = ORIENTED_EDGE('',*,*,#2311,.F.);
#2311 = EDGE_CURVE('',#2312,#2290,#2314,.T.);
#2312 = VERTEX_POINT('',#2313);
#2313 = CARTESIAN_POINT('',(13.340645315918,27.314583333333,
    29.716624007955));
#2314 = B_SPLINE_CURVE_WITH_KNOTS('',6,(#2315,#2316,#2317,#2318,#2319,
    #2320,#2321,#2322,#2323,#2324,#2325,#2326,#2327,#2328,#2329,#2330,
    #2331),.UNSPECIFIED.,.F.,.F.,(7,5,5,7),(0.,0.282270658729,
    0.643081562139,1.),.UNSPECIFIED.);
#2315 = CARTESIAN_POINT('',(13.340645315918,27.314583333333,
    29.716624007955));
#2316 = CARTESIAN_POINT('',(13.29898559227,27.31662111192,
    29.701967707716));
#2317 = CARTESIAN_POINT('',(13.256901007769,27.318685040424,
    29.686665711736));
#2318 = CARTESIAN_POINT('',(13.214416922831,27.320777100666,
    29.670701128744));
#2319 = CARTESIAN_POINT('',(13.171569953753,27.322899021823,
    29.654061150455));
#2320 = CARTESIAN_POINT('',(13.128409982408,27.325051967813,
    29.636740121574));
#2321 = CARTESIAN_POINT('',(13.029516365418,27.330028238905,
    29.595737390238));
#2322 = CARTESIAN_POINT('',(12.973609850432,27.332872200714,
    29.571620363623));
#2323 = CARTESIAN_POINT('',(12.917461505965,27.335766472927,
    29.54641801407));
#2324 = CARTESIAN_POINT('',(12.861295365136,27.338706642381,
    29.520191593856));
#2325 = CARTESIAN_POINT('',(12.805374693438,27.341683371308,
    29.493046138929));
#2326 = CARTESIAN_POINT('',(12.695238619169,27.347644957215,
    29.437548459678));
#2327 = CARTESIAN_POINT('',(12.640991830748,27.350630429326,
    29.409202374438));
#2328 = CARTESIAN_POINT('',(12.587562860467,27.353621315202,
    29.380266419238));
#2329 = CARTESIAN_POINT('',(12.535132202956,27.356603974671,
    29.350872890374));
#2330 = CARTESIAN_POINT('',(12.483798892028,27.359566723772,
    29.321128485032));
#2331 = CARTESIAN_POINT('',(12.433613765451,27.3625,29.291114271972));
#2332 = ORIENTED_EDGE('',*,*,#2333,.F.);
#2333 = EDGE_CURVE('',#2334,#2312,#2336,.T.);
#2334 = VERTEX_POINT('',#2335);
#2335 = CARTESIAN_POINT('',(14.314300937228,27.266666666667,
    29.952758503633));
#2336 = B_SPLINE_CURVE_WITH_KNOTS('',6,(#2337,#2338,#2339,#2340,#2341,
    #2342,#2343,#2344,#2345,#2346,#2347,#2348,#2349,#2350,#2351,#2352,
    #2353),.UNSPECIFIED.,.F.,.F.,(7,5,5,7),(0.,0.282270658729,
    0.643081562139,1.),.UNSPECIFIED.);
#2337 = CARTESIAN_POINT('',(14.314300937228,27.266666666667,
    29.952758503633));
#2338 = CARTESIAN_POINT('',(14.270555548533,27.268704445254,
    29.946702046004));
#2339 = CARTESIAN_POINT('',(14.226265097165,27.270768373758,
    29.940097558796));
#2340 = CARTESIAN_POINT('',(14.181451066847,27.272860434,29.932923433782
    ));
#2341 = CARTESIAN_POINT('',(14.136146785229,27.274982355156,
    29.925159819693));
#2342 = CARTESIAN_POINT('',(14.090400005308,27.277135301146,
    29.91679122992));
#2343 = CARTESIAN_POINT('',(13.985317077038,27.282111572239,
    29.896327856674));
#2344 = CARTESIAN_POINT('',(13.925724740073,27.284955534048,
    29.883840952904));
#2345 = CARTESIAN_POINT('',(13.865679049834,27.28784980626,
    29.87033872742));
#2346 = CARTESIAN_POINT('',(13.805411753647,27.290789975714,
    29.85583653782));
#2347 = CARTESIAN_POINT('',(13.745201772673,27.293766704642,
    29.840384824727));
#2348 = CARTESIAN_POINT('',(13.62621225495,27.299728290548,
    29.807958879411));
#2349 = CARTESIAN_POINT('',(13.567403186367,27.302713762659,
    29.790996920361));
#2350 = CARTESIAN_POINT('',(13.509277916827,27.305704648536,
    29.773293886453));
#2351 = CARTESIAN_POINT('',(13.452039693118,27.308687308004,
    29.754943433251));
#2352 = CARTESIAN_POINT('',(13.395806832916,27.311650057105,
    29.736030371798));
#2353 = CARTESIAN_POINT('',(13.340645315918,27.314583333333,
    29.716624007955));
#2354 = ORIENTED_EDGE('',*,*,#2355,.F.);
#2355 = EDGE_CURVE('',#2356,#2334,#2358,.T.);
#2356 = VERTEX_POINT('',#2357);
#2357 = CARTESIAN_POINT('',(15.,27.233354557095,30.));
#2358 = B_SPLINE_CURVE_WITH_KNOTS('',6,(#2359,#2360,#2361,#2362,#2363,
    #2364,#2365,#2366,#2367,#2368,#2369,#2370),.UNSPECIFIED.,.F.,.F.,(7,
    5,7),(0.,0.471950318465,1.),.UNSPECIFIED.);
#2359 = CARTESIAN_POINT('',(15.,27.233354557095,30.));
#2360 = CARTESIAN_POINT('',(14.946502018277,27.235849175317,30.));
#2361 = CARTESIAN_POINT('',(14.892422440629,27.238383911801,
    29.999313112681));
#2362 = CARTESIAN_POINT('',(14.837899890467,27.240956685681,
    29.997911329267));
#2363 = CARTESIAN_POINT('',(14.783105312068,27.243563521302,
    29.995777319339));
#2364 = CARTESIAN_POINT('',(14.728240610125,27.246197327905,
    29.992910117178));
#2365 = CARTESIAN_POINT('',(14.612344280271,27.251811623881,
    29.985326909794));
#2366 = CARTESIAN_POINT('',(14.551334150371,27.254797095993,
    29.980430109611));
#2367 = CARTESIAN_POINT('',(14.490846345483,27.257787981869,
    29.974670784263));
#2368 = CARTESIAN_POINT('',(14.431098704072,27.260770641338,
    29.96810018826));
#2369 = CARTESIAN_POINT('',(14.372224077154,27.263733390439,
    29.960777841288));
#2370 = CARTESIAN_POINT('',(14.314300937228,27.266666666667,
    29.952758503633));
#2371 = ORIENTED_EDGE('',*,*,#2372,.T.);
#2372 = EDGE_CURVE('',#2356,#2373,#2375,.T.);
#2373 = VERTEX_POINT('',#2374);
#2374 = CARTESIAN_POINT('',(15.,28.,30.));
#2375 = LINE('',#2376,#2377);
#2376 = CARTESIAN_POINT('',(15.,0.,30.));
#2377 = VECTOR('',#2378,1.);
#2378 = DIRECTION('',(0.,1.,0.));
#2379 = ORIENTED_EDGE('',*,*,#2380,.F.);
#2380 = EDGE_CURVE('',#2373,#2373,#2381,.T.);
#2381 = CIRCLE('',#2382,5.);
#2382 = AXIS2_PLACEMENT_3D('',#2383,#2384,#2385);
#2383 = CARTESIAN_POINT('',(15.,28.,25.));
#2384 = DIRECTION('',(0.,1.,0.));
#2385 = DIRECTION('',(0.,0.,1.));
#2386 = ORIENTED_EDGE('',*,*,#2372,.F.);
#2387 = ORIENTED_EDGE('',*,*,#2388,.F.);
#2388 = EDGE_CURVE('',#2389,#2356,#2391,.T.);
#2389 = VERTEX_POINT('',#2390);
#2390 = CARTESIAN_POINT('',(15.315487780991,27.21875,29.990036819508));
#2391 = B_SPLINE_CURVE_WITH_KNOTS('',7,(#2392,#2393,#2394,#2395,#2396,
    #2397,#2398,#2399,#2400,#2401,#2402,#2403,#2404,#2405,#2406,#2407,
    #2408,#2409,#2410,#2411,#2412,#2413,#2414,#2415,#2416,#2417),
  .UNSPECIFIED.,.F.,.F.,(8,6,6,6,8),(0.,0.561280980819,0.832690648461,
    0.928173326905,1.),.UNSPECIFIED.);
#2392 = CARTESIAN_POINT('',(15.315487780991,27.21875,29.990036819508));
#2393 = CARTESIAN_POINT('',(15.291142585976,27.219875592977,
    29.991576008863));
#2394 = CARTESIAN_POINT('',(15.266606121923,27.221008960841,
    29.992988166139));
#2395 = CARTESIAN_POINT('',(15.241881350241,27.222150391438,
    29.9942693524));
#2396 = CARTESIAN_POINT('',(15.216971942301,27.223300158233,
    29.995415620347));
#2397 = CARTESIAN_POINT('',(15.191882353541,27.224458513693,
    29.99642306057));
#2398 = CARTESIAN_POINT('',(15.166617897562,27.225625682672,
    29.997287847802));
#2399 = CARTESIAN_POINT('',(15.128886553753,27.227370599008,
    29.998353691398));
#2400 = CARTESIAN_POINT('',(15.116548919527,27.22794144465,29.9986668758
    ));
#2401 = CARTESIAN_POINT('',(15.104172657672,27.228514412872,
    29.998945419253));
#2402 = CARTESIAN_POINT('',(15.091758600405,27.22908951957,
    29.999188911723));
#2403 = CARTESIAN_POINT('',(15.079307672032,27.229666776374,
    29.999396954269));
#2404 = CARTESIAN_POINT('',(15.066820888949,27.230246190651,
    29.999569159037));
#2405 = CARTESIAN_POINT('',(15.049894250695,27.231032365158,
    29.999752991001));
#2406 = CARTESIAN_POINT('',(15.045484842188,27.231237232161,
    29.999796350815));
#2407 = CARTESIAN_POINT('',(15.041071183239,27.231442366596,
    29.999835212417));
#2408 = CARTESIAN_POINT('',(15.036653324564,27.231647768461,
    29.999869559787));
#2409 = CARTESIAN_POINT('',(15.032231318491,27.231853437672,
    29.999899377167));
#2410 = CARTESIAN_POINT('',(15.027805218951,27.232059374059,
    29.999924649067));
#2411 = CARTESIAN_POINT('',(15.020042518541,27.232420693438,
    29.999960940214));
#2412 = CARTESIAN_POINT('',(15.016707650537,27.232575961488,
    29.999973939349));
#2413 = CARTESIAN_POINT('',(15.013370647999,27.232731374567,
    29.999984351256));
#2414 = CARTESIAN_POINT('',(15.010031098724,27.232886952867,
    29.999992169508));
#2415 = CARTESIAN_POINT('',(15.006689746924,27.233042662704,
    29.999997387769));
#2416 = CARTESIAN_POINT('',(15.003345907936,27.233198536947,
    29.999999999999));
#2417 = CARTESIAN_POINT('',(15.,27.233354557095,30.));
#2418 = ORIENTED_EDGE('',*,*,#2419,.F.);
#2419 = EDGE_CURVE('',#2420,#2389,#2422,.T.);
#2420 = VERTEX_POINT('',#2421);
#2421 = CARTESIAN_POINT('',(16.30400760397,27.170833333333,
    29.826962209173));
#2422 = B_SPLINE_CURVE_WITH_KNOTS('',6,(#2423,#2424,#2425,#2426,#2427,
    #2428,#2429,#2430,#2431,#2432,#2433,#2434,#2435,#2436,#2437,#2438,
    #2439),.UNSPECIFIED.,.F.,.F.,(7,5,5,7),(0.,0.282270658729,
    0.643081562139,1.),.UNSPECIFIED.);
#2423 = CARTESIAN_POINT('',(16.30400760397,27.170833333333,
    29.826962209173));
#2424 = CARTESIAN_POINT('',(16.261373314836,27.17287111192,
    29.838479895621));
#2425 = CARTESIAN_POINT('',(16.218023160651,27.174935040424,
    29.849706091136));
#2426 = CARTESIAN_POINT('',(16.173968474278,27.177027100666,
    29.86061251088));
#2427 = CARTESIAN_POINT('',(16.129232177472,27.179149021823,
    29.871167859513));
#2428 = CARTESIAN_POINT('',(16.083852175998,27.181301967813,
    29.881339222953));
#2429 = CARTESIAN_POINT('',(15.97912715359,27.186278238905,
    29.90356175971));
#2430 = CARTESIAN_POINT('',(15.919393096184,27.189122200714,
    29.915352085257));
#2431 = CARTESIAN_POINT('',(15.858845007089,27.192016472927,
    29.926384941475));
#2432 = CARTESIAN_POINT('',(15.797702211537,27.194956642381,
    29.936583914213));
#2433 = CARTESIAN_POINT('',(15.73624116653,27.197933371308,
    29.945886451128));
#2434 = CARTESIAN_POINT('',(15.61404091175,27.203894957215,
    29.962531119626));
#2435 = CARTESIAN_POINT('',(15.553279313291,27.206880429326,
    29.96989608773));
#2436 = CARTESIAN_POINT('',(15.492857594155,27.209871315202,
    29.976311711256));
#2437 = CARTESIAN_POINT('',(15.43299943814,27.212853974671,
    29.981784785764));
#2438 = CARTESIAN_POINT('',(15.373846895557,27.215816723772,
    29.986347149828));
#2439 = CARTESIAN_POINT('',(15.315487780991,27.21875,29.990036819508));
#2440 = ORIENTED_EDGE('',*,*,#2441,.F.);
#2441 = EDGE_CURVE('',#2442,#2420,#2444,.T.);
#2442 = VERTEX_POINT('',#2443);
#2443 = CARTESIAN_POINT('',(17.240170751297,27.122916666667,
    29.470082214572));
#2444 = B_SPLINE_CURVE_WITH_KNOTS('',6,(#2445,#2446,#2447,#2448,#2449,
    #2450,#2451,#2452,#2453,#2454,#2455,#2456,#2457,#2458,#2459,#2460,
    #2461),.UNSPECIFIED.,.F.,.F.,(7,5,5,7),(0.,0.282270658729,
    0.643081562139,1.),.UNSPECIFIED.);
#2445 = CARTESIAN_POINT('',(17.240170751297,27.122916666667,
    29.470082214572));
#2446 = CARTESIAN_POINT('',(17.200688615467,27.124954445254,
    29.489868590222));
#2447 = CARTESIAN_POINT('',(17.160446871842,27.127018373758,
    29.509512047243));
#2448 = CARTESIAN_POINT('',(17.119450986687,27.129110434,29.528982609213
    ));
#2449 = CARTESIAN_POINT('',(17.077717182308,27.131232355156,
    29.548245039192));
#2450 = CARTESIAN_POINT('',(17.035276041488,27.133385301146,
    29.567259526664));
#2451 = CARTESIAN_POINT('',(16.937083866088,27.138361572239,
    29.609914750831));
#2452 = CARTESIAN_POINT('',(16.88089960038,27.141205534048,
    29.63337743775));
#2453 = CARTESIAN_POINT('',(16.823766629813,27.14409980626,
    29.656260153576));
#2454 = CARTESIAN_POINT('',(16.765884642069,27.147039975714,
    29.678444291777));
#2455 = CARTESIAN_POINT('',(16.707512073265,27.150016704642,
    29.699813439106));
#2456 = CARTESIAN_POINT('',(16.591083437873,27.155978290548,
    29.740486773348));
#2457 = CARTESIAN_POINT('',(16.533009984929,27.158963762659,
    29.759817801918));
#2458 = CARTESIAN_POINT('',(16.475080319262,27.161954648536,
    29.778150783246));
#2459 = CARTESIAN_POINT('',(16.417514988969,27.164937308004,
    29.795447781089));
#2460 = CARTESIAN_POINT('',(16.36045954025,27.167900057105,
    29.811711674577));
#2461 = CARTESIAN_POINT('',(16.30400760397,27.170833333333,
    29.826962209173));
#2462 = ORIENTED_EDGE('',*,*,#2463,.F.);
#2463 = EDGE_CURVE('',#2464,#2442,#2466,.T.);
#2464 = VERTEX_POINT('',#2465);
#2465 = CARTESIAN_POINT('',(18.086389719559,27.075,28.933725778318));
#2466 = B_SPLINE_CURVE_WITH_KNOTS('',6,(#2467,#2468,#2469,#2470,#2471,
    #2472,#2473,#2474,#2475,#2476,#2477,#2478,#2479,#2480,#2481,#2482,
    #2483),.UNSPECIFIED.,.F.,.F.,(7,5,5,7),(0.,0.282270658729,
    0.643081562138,1.),.UNSPECIFIED.);
#2467 = CARTESIAN_POINT('',(18.086389719559,27.075,28.933725778318));
#2468 = CARTESIAN_POINT('',(18.051644968111,27.077037778587,
    28.960986408499));
#2469 = CARTESIAN_POINT('',(18.016127364827,27.079101707091,
    28.988258430621));
#2470 = CARTESIAN_POINT('',(17.979836289898,27.081193767333,
    29.015511380252));
#2471 = CARTESIAN_POINT('',(17.942780614846,27.08331568849,
    29.042707493634));
#2472 = CARTESIAN_POINT('',(17.904982371555,27.08546863448,
    29.069801662233));
#2473 = CARTESIAN_POINT('',(17.817265517015,27.090444905572,
    29.13117694136));
#2474 = CARTESIAN_POINT('',(17.766886874463,27.093288867381,
    29.16536994891));
#2475 = CARTESIAN_POINT('',(17.715462944944,27.096183139593,
    29.199183769786));
#2476 = CARTESIAN_POINT('',(17.663165761012,27.099123309047,
    29.232462367196));
#2477 = CARTESIAN_POINT('',(17.610225361532,27.102100037975,
    29.26504014105));
#2478 = CARTESIAN_POINT('',(17.504243024019,27.108061623881,
    29.328109082638));
#2479 = CARTESIAN_POINT('',(17.451189400033,27.111047095993,
    29.358630019457));
#2480 = CARTESIAN_POINT('',(17.398077698134,27.114037981869,
    29.388144278555));
#2481 = CARTESIAN_POINT('',(17.345116475582,27.117020641338,
    29.416570715052));
#2482 = CARTESIAN_POINT('',(17.2924489307,27.119983390439,
    29.443883133032));
#2483 = CARTESIAN_POINT('',(17.240170751297,27.122916666667,
    29.470082214572));
#2484 = ORIENTED_EDGE('',*,*,#2485,.F.);
#2485 = EDGE_CURVE('',#2486,#2464,#2488,.T.);
#2486 = VERTEX_POINT('',#2487);
#2487 = CARTESIAN_POINT('',(18.80868831727,27.027083333333,
    28.239427928182));
#2488 = B_SPLINE_CURVE_WITH_KNOTS('',6,(#2489,#2490,#2491,#2492,#2493,
    #2494,#2495,#2496,#2497,#2498,#2499,#2500,#2501,#2502,#2503,#2504,
    #2505),.UNSPECIFIED.,.F.,.F.,(7,5,5,7),(0.,0.282270658729,
    0.643081562139,1.),.UNSPECIFIED.);
#2489 = CARTESIAN_POINT('',(18.80868831727,27.027083333333,
    28.239427928182));
#2490 = CARTESIAN_POINT('',(18.780075972501,27.02912111192,
    28.273068282489));
#2491 = CARTESIAN_POINT('',(18.750708562312,27.031185040424,
    28.306873881913));
#2492 = CARTESIAN_POINT('',(18.720579405706,27.033277100666,
    28.340814997176));
#2493 = CARTESIAN_POINT('',(18.689689667225,27.035399021823,
    28.374852853942));
#2494 = CARTESIAN_POINT('',(18.658051943262,27.037551967813,
    28.408938856794));
#2495 = CARTESIAN_POINT('',(18.58433229311,27.042528238905,
    28.486569937167));
#2496 = CARTESIAN_POINT('',(18.541782005975,27.045372200714,
    28.530120395894));
#2497 = CARTESIAN_POINT('',(18.498131818653,27.048266472927,
    28.573507676936));
#2498 = CARTESIAN_POINT('',(18.453519201362,27.051206642381,
    28.61654457821));
#2499 = CARTESIAN_POINT('',(18.40813655952,27.054183371308,
    28.659022961722));
#2500 = CARTESIAN_POINT('',(18.316855773349,27.060144957215,
    28.741955255393));
#2501 = CARTESIAN_POINT('',(18.270952112665,27.063130429326,
    28.782440666818));
#2502 = CARTESIAN_POINT('',(18.224790840742,27.066121315202,
    28.821951188748));
#2503 = CARTESIAN_POINT('',(18.178560150304,27.069103974671,
    28.860365725679));
#2504 = CARTESIAN_POINT('',(18.132395142298,27.072066723772,
    28.897630058436));
#2505 = CARTESIAN_POINT('',(18.086389719559,27.075,28.933725778318));
#2506 = ORIENTED_EDGE('',*,*,#2507,.F.);
#2507 = EDGE_CURVE('',#2508,#2486,#2510,.T.);
#2508 = VERTEX_POINT('',#2509);
#2509 = CARTESIAN_POINT('',(19.378065829029,26.979166666667,
    27.415065133012));
#2510 = B_SPLINE_CURVE_WITH_KNOTS('',6,(#2511,#2512,#2513,#2514,#2515,
    #2516,#2517,#2518,#2519,#2520,#2521,#2522,#2523,#2524,#2525,#2526,
    #2527),.UNSPECIFIED.,.F.,.F.,(7,5,5,7),(0.,0.282270658729,
    0.643081562139,1.),.UNSPECIFIED.);
#2511 = CARTESIAN_POINT('',(19.378065829029,26.979166666667,
    27.415065133012));
#2512 = CARTESIAN_POINT('',(19.356734693483,26.981204445254,
    27.453734531344));
#2513 = CARTESIAN_POINT('',(19.334696595258,26.983268373758,
    27.492716393283));
#2514 = CARTESIAN_POINT('',(19.311939060412,26.985360434,27.53198291835)
  );
#2515 = CARTESIAN_POINT('',(19.288455499751,26.987482355156,
    27.571495878443));
#2516 = CARTESIAN_POINT('',(19.264248568422,26.989635301146,
    27.611205142395));
#2517 = CARTESIAN_POINT('',(19.207486010163,26.994611572239,
    27.701975090276));
#2518 = CARTESIAN_POINT('',(19.17447249761,26.997455534048,
    27.753134423535));
#2519 = CARTESIAN_POINT('',(19.140348633293,27.00034980626,
    27.804353139778));
#2520 = CARTESIAN_POINT('',(19.105211805582,27.003289975714,
    27.855420387905));
#2521 = CARTESIAN_POINT('',(19.069209061259,27.006266704642,
    27.906093848883));
#2522 = CARTESIAN_POINT('',(18.996294803918,27.012228290548,
    28.005559714053));
#2523 = CARTESIAN_POINT('',(18.959384165631,27.015213762659,
    28.054384086898));
#2524 = CARTESIAN_POINT('',(18.922026726022,27.018204648536,
    28.102304500863));
#2525 = CARTESIAN_POINT('',(18.88438275723,27.021187308004,
    28.149164771878));
#2526 = CARTESIAN_POINT('',(18.846573838445,27.024150057105,
    28.194884834435));
#2527 = CARTESIAN_POINT('',(18.80868831727,27.027083333333,
    28.239427928182));
#2528 = ORIENTED_EDGE('',*,*,#2529,.F.);
#2529 = EDGE_CURVE('',#2530,#2508,#2532,.T.);
#2530 = VERTEX_POINT('',#2531);
#2531 = CARTESIAN_POINT('',(19.771661411373,26.93125,26.49373604603));
#2532 = B_SPLINE_CURVE_WITH_KNOTS('',6,(#2533,#2534,#2535,#2536,#2537,
    #2538,#2539,#2540,#2541,#2542,#2543,#2544,#2545,#2546,#2547,#2548,
    #2549),.UNSPECIFIED.,.F.,.F.,(7,5,5,7),(0.,0.282270658729,
    0.643081562138,1.),.UNSPECIFIED.);
#2533 = CARTESIAN_POINT('',(19.771661411373,26.93125,26.49373604603));
#2534 = CARTESIAN_POINT('',(19.758467942745,26.933287778587,
    26.535881889202));
#2535 = CARTESIAN_POINT('',(19.744643999146,26.935351707091,
    26.57847486887));
#2536 = CARTESIAN_POINT('',(19.730171814528,26.937443767333,
    26.621490229562));
#2537 = CARTESIAN_POINT('',(19.71503731052,26.93956568849,
    26.664891824292));
#2538 = CARTESIAN_POINT('',(19.699233094419,26.94171863448,
    26.708629998938));
#2539 = CARTESIAN_POINT('',(19.6617066783,26.946694905572,
    26.808894347296));
#2540 = CARTESIAN_POINT('',(19.639555452361,26.949538867381,
    26.865608477635));
#2541 = CARTESIAN_POINT('',(19.616328004361,26.952433139593,
    26.922602167362));
#2542 = CARTESIAN_POINT('',(19.592077730621,26.955373309047,
    26.979649382162));
#2543 = CARTESIAN_POINT('',(19.566900415269,26.958350037975,
    27.036483351212));
#2544 = CARTESIAN_POINT('',(19.515280237265,26.964311623881,
    27.148489174634));
#2545 = CARTESIAN_POINT('',(19.488844605308,26.967297095993,
    27.203692181486));
#2546 = CARTESIAN_POINT('',(19.461790921282,26.970287981869,
    27.258098454556));
#2547 = CARTESIAN_POINT('',(19.434245101721,26.973270641338,
    27.31152299209));
#2548 = CARTESIAN_POINT('',(19.406310322583,26.976233390439,
    27.363863096928));
#2549 = CARTESIAN_POINT('',(19.378065829029,26.979166666667,
    27.415065133012));
#2550 = ORIENTED_EDGE('',*,*,#2551,.F.);
#2551 = EDGE_CURVE('',#2552,#2530,#2554,.T.);
#2552 = VERTEX_POINT('',#2553);
#2553 = CARTESIAN_POINT('',(19.973671969152,26.883333333333,
    25.512432574364));
#2554 = B_SPLINE_CURVE_WITH_KNOTS('',6,(#2555,#2556,#2557,#2558,#2559,
    #2560,#2561,#2562,#2563,#2564,#2565,#2566,#2567,#2568,#2569,#2570,
    #2571),.UNSPECIFIED.,.F.,.F.,(7,5,5,7),(0.,0.282270658729,
    0.643081562139,1.),.UNSPECIFIED.);
#2555 = CARTESIAN_POINT('',(19.973671969152,26.883333333333,
    25.512432574364));
#2556 = CARTESIAN_POINT('',(19.969145893001,26.88537111192,
    25.556362681873));
#2557 = CARTESIAN_POINT('',(19.96409114353,26.887435040424,
    25.600856645974));
#2558 = CARTESIAN_POINT('',(19.958485375903,26.889527100666,
    25.645893750148));
#2559 = CARTESIAN_POINT('',(19.952307587825,26.891649021823,
    25.691441379846));
#2560 = CARTESIAN_POINT('',(19.945540635565,26.893801967813,
    25.737452351637));
#2561 = CARTESIAN_POINT('',(19.928757069362,26.898778238905,
    25.843185427653));
#2562 = CARTESIAN_POINT('',(19.918357514844,26.901622200714,
    25.903177249233));
#2563 = CARTESIAN_POINT('',(19.906959078919,26.904516472927,
    25.963657582134));
#2564 = CARTESIAN_POINT('',(19.894569021966,26.907456642381,
    26.024394284231));
#2565 = CARTESIAN_POINT('',(19.881228019672,26.910433371308,
    26.085106843921));
#2566 = CARTESIAN_POINT('',(19.852974501647,26.916394957215,
    26.205155525616));
#2567 = CARTESIAN_POINT('',(19.838075282259,26.919380429326,
    26.264520733138));
#2568 = CARTESIAN_POINT('',(19.822411575213,26.922371315202,
    26.323228421308));
#2569 = CARTESIAN_POINT('',(19.806069885812,26.925353974671,
    26.381072198618));
#2570 = CARTESIAN_POINT('',(19.789130844204,26.928316723772,
    26.437930859606));
#2571 = CARTESIAN_POINT('',(19.771661411373,26.93125,26.49373604603));
#2572 = ORIENTED_EDGE('',*,*,#2573,.F.);
#2573 = EDGE_CURVE('',#2574,#2552,#2576,.T.);
#2574 = VERTEX_POINT('',#2575);
#2575 = CARTESIAN_POINT('',(19.975986659131,26.835416666667,
    24.510554632113));
#2576 = B_SPLINE_CURVE_WITH_KNOTS('',6,(#2577,#2578,#2579,#2580,#2581,
    #2582,#2583,#2584,#2585,#2586,#2587,#2588,#2589,#2590,#2591,#2592,
    #2593),.UNSPECIFIED.,.F.,.F.,(7,5,5,7),(0.,0.282270658729,
    0.643081562139,1.),.UNSPECIFIED.);
#2577 = CARTESIAN_POINT('',(19.975986659131,26.835416666667,
    24.510554632113));
#2578 = CARTESIAN_POINT('',(19.980309700089,26.837454445254,
    24.554505184191));
#2579 = CARTESIAN_POINT('',(19.984227095923,26.839518373758,
    24.599113673781));
#2580 = CARTESIAN_POINT('',(19.987712820168,26.841610434,24.644364255099
    ));
#2581 = CARTESIAN_POINT('',(19.990739789861,26.843732355156,
    24.690229155525));
#2582 = CARTESIAN_POINT('',(19.993281798573,26.845885301146,
    24.73666555676));
#2583 = CARTESIAN_POINT('',(19.997914952384,26.850861572239,
    24.84362211497));
#2584 = CARTESIAN_POINT('',(19.999684617545,26.853705534048,
    24.904482920715));
#2585 = CARTESIAN_POINT('',(20.000572847632,26.85659980626,
    24.966021575695));
#2586 = CARTESIAN_POINT('',(20.000540475572,26.859539975714,
    25.028009150618));
#2587 = CARTESIAN_POINT('',(19.999571435458,26.862516704642,
    25.09016265581));
#2588 = CARTESIAN_POINT('',(19.995818972852,26.868478290548,
    25.213434170289));
#2589 = CARTESIAN_POINT('',(19.993054378495,26.871463762659,
    25.274578030328));
#2590 = CARTESIAN_POINT('',(19.989409555519,26.874454648536,
    25.335229985236));
#2591 = CARTESIAN_POINT('',(19.984928124761,26.877437308004,
    25.395170540492));
#2592 = CARTESIAN_POINT('',(19.979664933212,26.880400057105,
    25.454264848802));
#2593 = CARTESIAN_POINT('',(19.973671969152,26.883333333333,
    25.512432574364));
#2594 = ORIENTED_EDGE('',*,*,#2595,.F.);
#2595 = EDGE_CURVE('',#2596,#2574,#2598,.T.);
#2596 = VERTEX_POINT('',#2597);
#2597 = CARTESIAN_POINT('',(19.778512545141,26.7875,23.528328210527));
#2598 = B_SPLINE_CURVE_WITH_KNOTS('',6,(#2599,#2600,#2601,#2602,#2603,
    #2604,#2605,#2606,#2607,#2608,#2609,#2610,#2611,#2612,#2613,#2614,
    #2615),.UNSPECIFIED.,.F.,.F.,(7,5,5,7),(0.,0.282270658729,
    0.643081562139,1.),.UNSPECIFIED.);
#2599 = CARTESIAN_POINT('',(19.778512545141,26.7875,23.528328210527));
#2600 = CARTESIAN_POINT('',(19.791511130558,26.789537778587,
    23.570534566544));
#2601 = CARTESIAN_POINT('',(19.804243385941,26.791601707091,
    23.613466524413));
#2602 = CARTESIAN_POINT('',(19.816680648171,26.793693767333,
    23.657113745302));
#2603 = CARTESIAN_POINT('',(19.828790841014,26.79581568849,
    23.70145441361));
#2604 = CARTESIAN_POINT('',(19.840539747546,26.79796863448,
    23.746451795347));
#2605 = CARTESIAN_POINT('',(19.866403597508,26.802944905572,
    23.850337466754));
#2606 = CARTESIAN_POINT('',(19.880271429247,26.805788867381,
    23.909623659358));
#2607 = CARTESIAN_POINT('',(19.893410662382,26.808683139594,
    23.969749823064));
#2608 = CARTESIAN_POINT('',(19.905737274973,26.811623309047,
    24.030499433062));
#2609 = CARTESIAN_POINT('',(19.917179104572,26.814600037975,
    24.091598383804));
#2610 = CARTESIAN_POINT('',(19.938078360976,26.820561623881,
    24.213143306937));
#2611 = CARTESIAN_POINT('',(19.947559391745,26.823547095993,
    24.273610857392));
#2612 = CARTESIAN_POINT('',(19.956079794635,26.826537981869,
    24.333771867217));
#2613 = CARTESIAN_POINT('',(19.963638554612,26.829520641338,
    24.393402551715));
#2614 = CARTESIAN_POINT('',(19.970262533372,26.832483390439,
    24.452359835958));
#2615 = CARTESIAN_POINT('',(19.975986659131,26.835416666667,
    24.510554632113));
#2616 = ORIENTED_EDGE('',*,*,#2617,.F.);
#2617 = EDGE_CURVE('',#2618,#2596,#2620,.T.);
#2618 = VERTEX_POINT('',#2619);
#2619 = CARTESIAN_POINT('',(19.389178329517,26.739583333333,
    22.60519028069));
#2620 = B_SPLINE_CURVE_WITH_KNOTS('',6,(#2621,#2622,#2623,#2624,#2625,
    #2626,#2627,#2628,#2629,#2630,#2631,#2632,#2633,#2634,#2635,#2636,
    #2637),.UNSPECIFIED.,.F.,.F.,(7,5,5,7),(0.,0.282270658729,
    0.643081562138,1.),.UNSPECIFIED.);
#2621 = CARTESIAN_POINT('',(19.389178329517,26.739583333333,
    22.60519028069));
#2622 = CARTESIAN_POINT('',(19.410330558511,26.74162111192,
    22.643957830518));
#2623 = CARTESIAN_POINT('',(19.431366465867,26.743685040424,
    22.683489513196));
#2624 = CARTESIAN_POINT('',(19.452255902656,26.745777100666,
    22.723780911952));
#2625 = CARTESIAN_POINT('',(19.472963087251,26.747899021823,
    22.764817044114));
#2626 = CARTESIAN_POINT('',(19.493447166065,26.750051967813,
    22.806568734895));
#2627 = CARTESIAN_POINT('',(19.539503263324,26.755028238905,
    22.903212448419));
#2628 = CARTESIAN_POINT('',(19.564912460003,26.757872200714,
    22.958543652226));
#2629 = CARTESIAN_POINT('',(19.589775148215,26.760766472927,
    23.014843223666));
#2630 = CARTESIAN_POINT('',(19.613965824679,26.763706642381,
    23.071915736008));
#2631 = CARTESIAN_POINT('',(19.637359127773,26.766683371308,
    23.129506973334));
#2632 = CARTESIAN_POINT('',(19.682070985696,26.772644957215,
    23.244445204653));
#2633 = CARTESIAN_POINT('',(19.703416972605,26.775630429326,
    23.301808637651));
#2634 = CARTESIAN_POINT('',(19.723760502152,26.778621315202,
    23.359063202309));
#2635 = CARTESIAN_POINT('',(19.743055964186,26.781603974671,
    23.415989808839));
#2636 = CARTESIAN_POINT('',(19.761301156594,26.784566723772,
    23.472442899223));
#2637 = CARTESIAN_POINT('',(19.778512545141,26.7875,23.528328210527));
#2638 = ORIENTED_EDGE('',*,*,#2639,.F.);
#2639 = EDGE_CURVE('',#2640,#2618,#2642,.T.);
#2640 = VERTEX_POINT('',#2641);
#2641 = CARTESIAN_POINT('',(18.823616011019,26.691666666667,
    21.778205375838));
#2642 = B_SPLINE_CURVE_WITH_KNOTS('',6,(#2643,#2644,#2645,#2646,#2647,
    #2648,#2649,#2650,#2651,#2652,#2653,#2654,#2655,#2656,#2657,#2658,
    #2659),.UNSPECIFIED.,.F.,.F.,(7,5,5,7),(0.,0.282270658729,
    0.643081562139,1.),.UNSPECIFIED.);
#2643 = CARTESIAN_POINT('',(18.823616011019,26.691666666667,
    21.778205375838));
#2644 = CARTESIAN_POINT('',(18.8520726091,26.693704445254,
    21.811977579449));
#2645 = CARTESIAN_POINT('',(18.880567564322,26.695768373758,
    21.846521766522));
#2646 = CARTESIAN_POINT('',(18.909070452441,26.697860434,21.881839619683
    ));
#2647 = CARTESIAN_POINT('',(18.937543223095,26.699982355156,
    21.91792359075));
#2648 = CARTESIAN_POINT('',(18.965940026326,26.702135301146,
    21.954753235525));
#2649 = CARTESIAN_POINT('',(19.030339191367,26.707111572239,
    22.040274688976));
#2650 = CARTESIAN_POINT('',(19.06626955873,26.709955534048,
    22.089429323466));
#2651 = CARTESIAN_POINT('',(19.101857450398,26.71284980626,
    22.139641841586));
#2652 = CARTESIAN_POINT('',(19.136940920785,26.715789975714,
    22.190745761186));
#2653 = CARTESIAN_POINT('',(19.171346442436,26.718766704642,
    22.242516962894));
#2654 = CARTESIAN_POINT('',(19.238075694367,26.724728290548,
    22.346233664511));
#2655 = CARTESIAN_POINT('',(19.270429583432,26.727713762659,
    22.39818980433));
#2656 = CARTESIAN_POINT('',(19.301779434906,26.730704648536,
    22.450239119226));
#2657 = CARTESIAN_POINT('',(19.332036874797,26.733687308004,
    22.502176010905));
#2658 = CARTESIAN_POINT('',(19.3611707256,26.736650057105,
    22.553858282502));
#2659 = CARTESIAN_POINT('',(19.389178329517,26.739583333333,
    22.60519028069));
#2660 = ORIENTED_EDGE('',*,*,#2661,.F.);
#2661 = EDGE_CURVE('',#2662,#2640,#2664,.T.);
#2662 = VERTEX_POINT('',#2663);
#2663 = CARTESIAN_POINT('',(18.104533250846,26.64375,21.080577428448));
#2664 = B_SPLINE_CURVE_WITH_KNOTS('',6,(#2665,#2666,#2667,#2668,#2669,
    #2670,#2671,#2672,#2673,#2674,#2675,#2676,#2677,#2678,#2679,#2680,
    #2681),.UNSPECIFIED.,.F.,.F.,(7,5,5,7),(0.,0.282270658729,
    0.643081562139,1.),.UNSPECIFIED.);
#2665 = CARTESIAN_POINT('',(18.104533250846,26.64375,21.080577428448));
#2666 = CARTESIAN_POINT('',(18.139151668789,26.645787778587,
    21.107998311916));
#2667 = CARTESIAN_POINT('',(18.173961582591,26.647851707091,
    21.136168033866));
#2668 = CARTESIAN_POINT('',(18.208933514245,26.649943767333,
    21.165094308763));
#2669 = CARTESIAN_POINT('',(18.244028672395,26.65206568849,
    21.19477732598));
#2670 = CARTESIAN_POINT('',(18.279198051617,26.65421863448,
    21.225206192753));
#2671 = CARTESIAN_POINT('',(18.359354619921,26.659194905572,
    21.296171649252));
#2672 = CARTESIAN_POINT('',(18.404363532491,26.662038867381,
    21.337176126812));
#2673 = CARTESIAN_POINT('',(18.449247752742,26.664933139594,
    21.379285529347));
#2674 = CARTESIAN_POINT('',(18.493815394989,26.667873309047,
    21.422369003643));
#2675 = CARTESIAN_POINT('',(18.537851733177,26.670850037975,
    21.4662415254));
#2676 = CARTESIAN_POINT('',(18.623919160231,26.676811623881,
    21.554572410474));
#2677 = CARTESIAN_POINT('',(18.665981923692,26.679797095993,
    21.599035187405));
#2678 = CARTESIAN_POINT('',(18.707079382037,26.682787981869,
    21.643789441798));
#2679 = CARTESIAN_POINT('',(18.747083945699,26.685770641338,
    21.688651321744));
#2680 = CARTESIAN_POINT('',(18.785936713575,26.688733390439,
    21.733487700816));
#2681 = CARTESIAN_POINT('',(18.823616011019,26.691666666667,
    21.778205375838));
#2682 = ORIENTED_EDGE('',*,*,#2683,.F.);
#2683 = EDGE_CURVE('',#2684,#2662,#2686,.T.);
#2684 = VERTEX_POINT('',#2685);
#2685 = CARTESIAN_POINT('',(17.260801646622,26.595833333333,
    20.540316612737));
#2686 = B_SPLINE_CURVE_WITH_KNOTS('',6,(#2687,#2688,#2689,#2690,#2691,
    #2692,#2693,#2694,#2695,#2696,#2697,#2698,#2699,#2700,#2701,#2702,
    #2703),.UNSPECIFIED.,.F.,.F.,(7,5,5,7),(0.,0.282270658729,
    0.643081562139,1.),.UNSPECIFIED.);
#2687 = CARTESIAN_POINT('',(17.260801646622,26.595833333333,
    20.540316612737));
#2688 = CARTESIAN_POINT('',(17.300191934496,26.59787111192,
    20.560285211391));
#2689 = CARTESIAN_POINT('',(17.339919168275,26.599935040424,
    20.580949437241));
#2690 = CARTESIAN_POINT('',(17.379955999748,26.602027100666,
    20.602322726849));
#2691 = CARTESIAN_POINT('',(17.420264454061,26.604149021823,
    20.624412999539));
#2692 = CARTESIAN_POINT('',(17.460794337923,26.606301967813,
    20.647219351333));
#2693 = CARTESIAN_POINT('',(17.553489975918,26.611278238905,
    20.700779505879));
#2694 = CARTESIAN_POINT('',(17.605770299267,26.614122200714,
    20.73198747251));
#2695 = CARTESIAN_POINT('',(17.658148720141,26.617016472927,
    20.764303042071));
#2696 = CARTESIAN_POINT('',(17.710411117083,26.619956642381,
    20.797636244118));
#2697 = CARTESIAN_POINT('',(17.762310186815,26.622933371308,
    20.831848578258));
#2698 = CARTESIAN_POINT('',(17.864260130951,26.628894957215,
    20.901247109571));
#2699 = CARTESIAN_POINT('',(17.914342924007,26.631880429326,
    20.936431316855));
#2700 = CARTESIAN_POINT('',(17.96353790199,26.634871315202,
    20.972093600992));
#2701 = CARTESIAN_POINT('',(18.011683382559,26.637853974671,
    21.008079238222));
#2702 = CARTESIAN_POINT('',(18.058695105926,26.640816723772,
    21.044269517662));
#2703 = CARTESIAN_POINT('',(18.104533250846,26.64375,21.080577428448));
#2704 = ORIENTED_EDGE('',*,*,#2705,.F.);
#2705 = EDGE_CURVE('',#2706,#2684,#2708,.T.);
#2706 = VERTEX_POINT('',#2707);
#2707 = CARTESIAN_POINT('',(16.326297520699,26.547916666667,
    20.17911471962));
#2708 = B_SPLINE_CURVE_WITH_KNOTS('',6,(#2709,#2710,#2711,#2712,#2713,
    #2714,#2715,#2716,#2717,#2718,#2719,#2720,#2721,#2722,#2723,#2724,
    #2725),.UNSPECIFIED.,.F.,.F.,(7,5,5,7),(0.,0.282270658729,
    0.643081562138,1.),.UNSPECIFIED.);
#2709 = CARTESIAN_POINT('',(16.326297520699,26.547916666667,
    20.17911471962));
#2710 = CARTESIAN_POINT('',(16.368878135176,26.549954445254,
    20.190829282428));
#2711 = CARTESIAN_POINT('',(16.411927617026,26.552018373758,
    20.203158331302));
#2712 = CARTESIAN_POINT('',(16.455421845882,26.554110434,20.216120485416
    ));
#2713 = CARTESIAN_POINT('',(16.499325188106,26.556232355156,
    20.229731076081));
#2714 = CARTESIAN_POINT('',(16.543588277826,26.558385301146,
    20.243999224399));
#2715 = CARTESIAN_POINT('',(16.645101200887,26.563361572239,
    20.278003605144));
#2716 = CARTESIAN_POINT('',(16.702553849146,26.566205534048,
    20.29816204255));
#2717 = CARTESIAN_POINT('',(16.760323446103,26.56909980626,
    20.31938628993));
#2718 = CARTESIAN_POINT('',(16.818182231629,26.572039975714,
    20.341630871974));
#2719 = CARTESIAN_POINT('',(16.875860254595,26.575016704642,
    20.36480937307));
#2720 = CARTESIAN_POINT('',(16.989599365328,26.580978290548,
    20.412489158591));
#2721 = CARTESIAN_POINT('',(17.04569133425,26.583963762659,
    20.43698212952));
#2722 = CARTESIAN_POINT('',(17.101008624444,26.586954648536,
    20.462120581625));
#2723 = CARTESIAN_POINT('',(17.155361952433,26.589937308004,
    20.487785131545));
#2724 = CARTESIAN_POINT('',(17.208645082825,26.592900057105,
    20.513876250255));
#2725 = CARTESIAN_POINT('',(17.260801646622,26.595833333333,
    20.540316612737));
#2726 = ORIENTED_EDGE('',*,*,#2727,.F.);
#2727 = EDGE_CURVE('',#2728,#2706,#2730,.T.);
#2728 = VERTEX_POINT('',#2729);
#2729 = CARTESIAN_POINT('',(15.338541765798,26.5,20.011474218488));
#2730 = B_SPLINE_CURVE_WITH_KNOTS('',6,(#2731,#2732,#2733,#2734,#2735,
    #2736,#2737,#2738,#2739,#2740,#2741,#2742,#2743,#2744,#2745,#2746,
    #2747),.UNSPECIFIED.,.F.,.F.,(7,5,5,7),(0.,0.282270658729,
    0.643081562139,1.),.UNSPECIFIED.);
#2731 = CARTESIAN_POINT('',(15.338541765798,26.5,20.011474218488));
#2732 = CARTESIAN_POINT('',(15.382603070052,26.502037778587,
    20.014464398834));
#2733 = CARTESIAN_POINT('',(15.427246337846,26.504101707091,
    20.017963252135));
#2734 = CARTESIAN_POINT('',(15.472451645101,26.506193767333,
    20.021993832611));
#2735 = CARTESIAN_POINT('',(15.518187130109,26.50831568849,
    20.026578267995));
#2736 = CARTESIAN_POINT('',(15.564406236486,26.51046863448,
    20.031735338252));
#2737 = CARTESIAN_POINT('',(15.670660640783,26.515444905572,
    20.044818649222));
#2738 = CARTESIAN_POINT('',(15.730978856185,26.518288867381,
    20.053118184233));
#2739 = CARTESIAN_POINT('',(15.791820145778,26.521183139593,
    20.06239894336));
#2740 = CARTESIAN_POINT('',(15.852952255469,26.524123309047,
    20.072661772291));
#2741 = CARTESIAN_POINT('',(15.914093424973,26.527100037975,
    20.08387580983));
#2742 = CARTESIAN_POINT('',(16.035055009815,26.533061623881,
    20.107922478004));
#2743 = CARTESIAN_POINT('',(16.094904028914,26.536047095993,
    20.120740805326));
#2744 = CARTESIAN_POINT('',(16.154122609439,26.539037981869,
    20.134346101695));
#2745 = CARTESIAN_POINT('',(16.212501466618,26.542020641338,
    20.148659117466));
#2746 = CARTESIAN_POINT('',(16.269916654873,26.544983390439,
    20.163603501615));
#2747 = CARTESIAN_POINT('',(16.326297520699,26.547916666667,
    20.17911471962));
#2748 = ORIENTED_EDGE('',*,*,#2749,.F.);
#2749 = EDGE_CURVE('',#2750,#2728,#2752,.T.);
#2750 = VERTEX_POINT('',#2751);
#2751 = CARTESIAN_POINT('',(14.337193359005,26.452083333333,
    20.044125974497));
#2752 = B_SPLINE_CURVE_WITH_KNOTS('',6,(#2753,#2754,#2755,#2756,#2757,
    #2758,#2759,#2760,#2761,#2762,#2763,#2764,#2765,#2766,#2767,#2768,
    #2769),.UNSPECIFIED.,.F.,.F.,(7,5,5,7),(0.,0.282270658729,
    0.643081562139,1.),.UNSPECIFIED.);
#2753 = CARTESIAN_POINT('',(14.337193359005,26.452083333333,
    20.044125974497));
#2754 = CARTESIAN_POINT('',(14.38096626564,26.45412111192,
    20.038271714872));
#2755 = CARTESIAN_POINT('',(14.425410865801,26.456185040424,
    20.032799891574));
#2756 = CARTESIAN_POINT('',(14.470512231665,26.458277100666,
    20.027737068225));
#2757 = CARTESIAN_POINT('',(14.516243552715,26.460399021823,
    20.023111280539));
#2758 = CARTESIAN_POINT('',(14.562562951324,26.462551967813,
    20.018950213318));
#2759 = CARTESIAN_POINT('',(14.669292659753,26.467528238905,
    20.010587151849));
#2760 = CARTESIAN_POINT('',(14.730054630315,26.470372200714,
    20.00669455323));
#2761 = CARTESIAN_POINT('',(14.791524798826,26.473266472927,
    20.003659196143));
#2762 = CARTESIAN_POINT('',(14.853475742363,26.476206642381,
    20.001528213316));
#2763 = CARTESIAN_POINT('',(14.91562520433,26.479183371308,
    20.000327537067));
#2764 = CARTESIAN_POINT('',(15.03895258419,26.485144957215,
    19.999775599961));
#2765 = CARTESIAN_POINT('',(15.100155679993,26.488130429326,
    20.000404620261));
#2766 = CARTESIAN_POINT('',(15.160897889856,26.491121315202,
    20.001930500209));
#2767 = CARTESIAN_POINT('',(15.220958330624,26.494103974671,
    20.00431730579));
#2768 = CARTESIAN_POINT('',(15.280200323014,26.497066723772,
    20.007514929527));
#2769 = CARTESIAN_POINT('',(15.338541765798,26.5,20.011474218488));
#2770 = ORIENTED_EDGE('',*,*,#2771,.F.);
#2771 = EDGE_CURVE('',#2772,#2750,#2774,.T.);
#2772 = VERTEX_POINT('',#2773);
#2773 = CARTESIAN_POINT('',(13.362457030406,26.404166666667,
    20.275759000354));
#2774 = B_SPLINE_CURVE_WITH_KNOTS('',6,(#2775,#2776,#2777,#2778,#2779,
    #2780,#2781,#2782,#2783,#2784,#2785,#2786,#2787,#2788,#2789,#2790,
    #2791),.UNSPECIFIED.,.F.,.F.,(7,5,5,7),(0.,0.282270658729,
    0.643081562138,1.),.UNSPECIFIED.);
#2775 = CARTESIAN_POINT('',(13.362457030406,26.404166666667,
    20.275759000354));
#2776 = CARTESIAN_POINT('',(13.404184031362,26.406204445254,
    20.261295352741));
#2777 = CARTESIAN_POINT('',(13.446645486938,26.408268373758,
    20.247072549782));
#2778 = CARTESIAN_POINT('',(13.489832064927,26.410360434,20.233119597955
    ));
#2779 = CARTESIAN_POINT('',(13.533723082462,26.412482355156,
    20.219469315307));
#2780 = CARTESIAN_POINT('',(13.578283022086,26.414635301146,
    20.206157179916));
#2781 = CARTESIAN_POINT('',(13.681202773802,26.419611572239,
    20.176683527866));
#2782 = CARTESIAN_POINT('',(13.739968870511,26.422455534048,
    20.160755085752));
#2783 = CARTESIAN_POINT('',(13.799599854359,26.42534980626,
    20.14552548383));
#2784 = CARTESIAN_POINT('',(13.859882264761,26.428289975714,
    20.131086249465));
#2785 = CARTESIAN_POINT('',(13.920544681578,26.431266704642,
    20.11751906729));
#2786 = CARTESIAN_POINT('',(14.041286189298,26.437228290548,
    20.092390685504));
#2787 = CARTESIAN_POINT('',(14.101386021353,26.440213762659,
    20.080805143245));
#2788 = CARTESIAN_POINT('',(14.161213024945,26.443204648536,
    20.07019034179));
#2789 = CARTESIAN_POINT('',(14.220543587122,26.446187308004,
    20.060555105528));
#2790 = CARTESIAN_POINT('',(14.279233782655,26.449150057105,
    20.05187758237));
#2791 = CARTESIAN_POINT('',(14.337193359005,26.452083333333,
    20.044125974497));
#2792 = ORIENTED_EDGE('',*,*,#2793,.F.);
#2793 = EDGE_CURVE('',#2794,#2772,#2796,.T.);
#2794 = VERTEX_POINT('',#2795);
#2795 = CARTESIAN_POINT('',(12.453469019428,26.35625,20.697073093232));
#2796 = B_SPLINE_CURVE_WITH_KNOTS('',6,(#2797,#2798,#2799,#2800,#2801,
    #2802,#2803,#2804,#2805,#2806,#2807,#2808,#2809,#2810,#2811,#2812,
    #2813),.UNSPECIFIED.,.F.,.F.,(7,5,5,7),(0.,0.282270658729,
    0.643081562138,1.),.UNSPECIFIED.);
#2797 = CARTESIAN_POINT('',(12.453469019428,26.35625,20.697073093232));
#2798 = CARTESIAN_POINT('',(12.491474750966,26.358287778587,
    20.674580781627));
#2799 = CARTESIAN_POINT('',(12.530248209432,26.360351707091,
    20.652178052948));
#2800 = CARTESIAN_POINT('',(12.569786032926,26.362443767333,
    20.629895191902));
#2801 = CARTESIAN_POINT('',(12.610074496664,26.36456568849,
    20.607768481205));
#2802 = CARTESIAN_POINT('',(12.651085869403,26.36671863448,
    20.585839767743));
#2803 = CARTESIAN_POINT('',(12.746063375573,26.371694905572,
    20.536438909653));
#2804 = CARTESIAN_POINT('',(12.80047410493,26.374538867381,
    20.509114160405));
#2805 = CARTESIAN_POINT('',(12.855871684887,26.377433139593,
    20.482301791164));
#2806 = CARTESIAN_POINT('',(12.912065187763,26.380373309047,
    20.45613404905));
#2807 = CARTESIAN_POINT('',(12.968804927558,26.383350037975,
    20.430745091326));
#2808 = CARTESIAN_POINT('',(13.082112720275,26.389311623881,
    20.382049184235));
#2809 = CARTESIAN_POINT('',(13.138696244819,26.392297095993,
    20.358714245783));
#2810 = CARTESIAN_POINT('',(13.195205952602,26.395287981869,
    20.336384953474));
#2811 = CARTESIAN_POINT('',(13.251424479067,26.398270641338,
    20.315114535798));
#2812 = CARTESIAN_POINT('',(13.307206431722,26.401233390439,
    20.294910273426));
#2813 = CARTESIAN_POINT('',(13.362457030406,26.404166666667,
    20.275759000354));
#2814 = ORIENTED_EDGE('',*,*,#2815,.F.);
#2815 = EDGE_CURVE('',#2816,#2794,#2818,.T.);
#2816 = VERTEX_POINT('',#2817);
#2817 = CARTESIAN_POINT('',(11.646725731705,26.308333333333,
    21.291152243406));
#2818 = B_SPLINE_CURVE_WITH_KNOTS('',6,(#2819,#2820,#2821,#2822,#2823,
    #2824,#2825,#2826,#2827,#2828,#2829,#2830,#2831,#2832,#2833,#2834,
    #2835),.UNSPECIFIED.,.F.,.F.,(7,5,5,7),(0.,0.282270658729,
    0.643081562139,1.),.UNSPECIFIED.);
#2819 = CARTESIAN_POINT('',(11.646725731705,26.308333333333,
    21.291152243406));
#2820 = CARTESIAN_POINT('',(11.679484241251,26.31037111192,
    21.261534347408));
#2821 = CARTESIAN_POINT('',(11.713012925343,26.312435040424,
    21.2318511758));
#2822 = CARTESIAN_POINT('',(11.747314527372,26.314527100666,
    21.20213307557));
#2823 = CARTESIAN_POINT('',(11.782382831694,26.316649021823,
    21.172418337329));
#2824 = CARTESIAN_POINT('',(11.818199006703,26.318801967813,
    21.142753496597));
#2825 = CARTESIAN_POINT('',(11.901420864347,26.323778238905,
    21.075408906104));
#2826 = CARTESIAN_POINT('',(11.949291603424,26.326622200714,
    21.037784954546));
#2827 = CARTESIAN_POINT('',(11.998231533927,26.329516472927,
    21.00046635045));
#2828 = CARTESIAN_POINT('',(12.048079926942,26.332456642381,
    20.963620750892));
#2829 = CARTESIAN_POINT('',(12.098618855643,26.335433371308,
    20.927429399272));
#2830 = CARTESIAN_POINT('',(12.19994355854,26.341394957215,
    20.857121136312));
#2831 = CARTESIAN_POINT('',(12.250738913637,26.344380429326,
    20.822973713231));
#2832 = CARTESIAN_POINT('',(12.301662427459,26.347371315202,
    20.789826464346));
#2833 = CARTESIAN_POINT('',(12.352511711163,26.350353974671,
    20.75777488509));
#2834 = CARTESIAN_POINT('',(12.403145742586,26.353316723772,
    20.726855096575));
#2835 = CARTESIAN_POINT('',(12.453469019428,26.35625,20.697073093232));
#2836 = ORIENTED_EDGE('',*,*,#2837,.F.);
#2837 = EDGE_CURVE('',#2838,#2816,#2840,.T.);
#2838 = VERTEX_POINT('',#2839);
#2839 = CARTESIAN_POINT('',(10.974618386828,26.260416666667,
    22.034143822041));
#2840 = B_SPLINE_CURVE_WITH_KNOTS('',6,(#2841,#2842,#2843,#2844,#2845,
    #2846,#2847,#2848,#2849,#2850,#2851,#2852,#2853,#2854,#2855,#2856,
    #2857),.UNSPECIFIED.,.F.,.F.,(7,5,5,7),(0.,0.282270658729,
    0.643081562139,1.),.UNSPECIFIED.);
#2841 = CARTESIAN_POINT('',(10.974618386828,26.260416666667,
    22.034143822041));
#2842 = CARTESIAN_POINT('',(11.000814400872,26.262454445254,
    21.99858951767));
#2843 = CARTESIAN_POINT('',(11.027752114117,26.264518373758,
    21.962817700009));
#2844 = CARTESIAN_POINT('',(11.055440265096,26.266610434,21.926857559875
    ));
#2845 = CARTESIAN_POINT('',(11.083880396865,26.268732355156,
    21.890747858386));
#2846 = CARTESIAN_POINT('',(11.11306333356,26.270885301146,
    21.854537951263));
#2847 = CARTESIAN_POINT('',(11.181188135929,26.275861572239,
    21.77195355346));
#2848 = CARTESIAN_POINT('',(11.220596846273,26.278705534048,
    21.725541023474));
#2849 = CARTESIAN_POINT('',(11.261114160201,26.28159980626,
    21.679214548523));
#2850 = CARTESIAN_POINT('',(11.302616000925,26.284539975714,
    21.63317046411));
#2851 = CARTESIAN_POINT('',(11.344924950688,26.287516704642,
    21.587629822741));
#2852 = CARTESIAN_POINT('',(11.430198317086,26.293478290548,
    21.498532122206));
#2853 = CARTESIAN_POINT('',(11.473166039221,26.296463762659,
    21.454943253707));
#2854 = CARTESIAN_POINT('',(11.516458749919,26.299454648536,
    21.41230892987));
#2855 = CARTESIAN_POINT('',(11.559897162082,26.302437308004,
    21.370763078876));
#2856 = CARTESIAN_POINT('',(11.603350285999,26.305400057105,
    21.330369211992));
#2857 = CARTESIAN_POINT('',(11.646725731705,26.308333333333,
    21.291152243406));
#2858 = ORIENTED_EDGE('',*,*,#2859,.F.);
#2859 = EDGE_CURVE('',#2860,#2838,#2862,.T.);
#2860 = VERTEX_POINT('',#2861);
#2861 = CARTESIAN_POINT('',(10.464132491748,26.2125,22.896216278324));
#2862 = B_SPLINE_CURVE_WITH_KNOTS('',6,(#2863,#2864,#2865,#2866,#2867,
    #2868,#2869,#2870,#2871,#2872,#2873,#2874,#2875,#2876,#2877,#2878,
    #2879),.UNSPECIFIED.,.F.,.F.,(7,5,5,7),(0.,0.282270658729,
    0.643081562139,1.),.UNSPECIFIED.);
#2863 = CARTESIAN_POINT('',(10.464132491748,26.2125,22.896216278324));
#2864 = CARTESIAN_POINT('',(10.482714224851,26.214537778587,
    22.856153091906));
#2865 = CARTESIAN_POINT('',(10.501979402148,26.216601707091,
    22.815728887803));
#2866 = CARTESIAN_POINT('',(10.521942406457,26.218693767333,
    22.774970528636));
#2867 = CARTESIAN_POINT('',(10.542612477582,26.22081568849,
    22.733915689745));
#2868 = CARTESIAN_POINT('',(10.563990463814,26.22296863448,
    22.692614565394));
#2869 = CARTESIAN_POINT('',(10.614282959848,26.227944905572,
    22.59810617264));
#2870 = CARTESIAN_POINT('',(10.643647358457,26.230788867381,
    22.544768554723));
#2871 = CARTESIAN_POINT('',(10.67411526172,26.233683139593,
    22.491294244255));
#2872 = CARTESIAN_POINT('',(10.705604226731,26.236623309047,
    22.437900372177));
#2873 = CARTESIAN_POINT('',(10.737984468229,26.239600037975,
    22.384838924714));
#2874 = CARTESIAN_POINT('',(10.803782722092,26.245561623881,
    22.280529111915));
#2875 = CARTESIAN_POINT('',(10.837197631836,26.248547095993,
    22.229248916817));
#2876 = CARTESIAN_POINT('',(10.871121311501,26.251537981869,
    22.178839311318));
#2877 = CARTESIAN_POINT('',(10.905404774213,26.254520641338,
    22.129467279047));
#2878 = CARTESIAN_POINT('',(10.939932322029,26.257483390439,
    22.081221171413));
#2879 = CARTESIAN_POINT('',(10.974618386828,26.260416666667,
    22.034143822041));
#2880 = ORIENTED_EDGE('',*,*,#2881,.F.);
#2881 = EDGE_CURVE('',#2882,#2860,#2884,.T.);
#2882 = VERTEX_POINT('',#2883);
#2883 = CARTESIAN_POINT('',(10.135764356726,26.164583333333,
    23.842756893861));
#2884 = B_SPLINE_CURVE_WITH_KNOTS('',6,(#2885,#2886,#2887,#2888,#2889,
    #2890,#2891,#2892,#2893,#2894,#2895,#2896,#2897,#2898,#2899,#2900,
    #2901),.UNSPECIFIED.,.F.,.F.,(7,5,5,7),(0.,0.282270658729,
    0.643081562139,1.),.UNSPECIFIED.);
#2885 = CARTESIAN_POINT('',(10.135764356726,26.164583333333,
    23.842756893861));
#2886 = CARTESIAN_POINT('',(10.145985741325,26.16662111192,
    23.799793385998));
#2887 = CARTESIAN_POINT('',(10.156804874425,26.168685040424,
    23.756339851128));
#2888 = CARTESIAN_POINT('',(10.168241205649,26.170777100666,
    23.712419745127));
#2889 = CARTESIAN_POINT('',(10.180311300563,26.172899021823,
    23.668068144869));
#2890 = CARTESIAN_POINT('',(10.193025997557,26.175051967813,
    23.623334067832));
#2891 = CARTESIAN_POINT('',(10.223466913828,26.180028238905,
    23.520696247927));
#2892 = CARTESIAN_POINT('',(10.241608002751,26.182872200714,
    23.462575078949));
#2893 = CARTESIAN_POINT('',(10.260803191034,26.185766472927,
    23.404099958118));
#2894 = CARTESIAN_POINT('',(10.281014979785,26.188706642381,
    23.345500093883));
#2895 = CARTESIAN_POINT('',(10.302166427192,26.191683371308,
    23.287048288788));
#2896 = CARTESIAN_POINT('',(10.345847729756,26.197644957215,
    23.17171446433));
#2897 = CARTESIAN_POINT('',(10.368368198744,26.200630429326,
    23.114801872762));
#2898 = CARTESIAN_POINT('',(10.391560791596,26.203621315202,
    23.05864096104));
#2899 = CARTESIAN_POINT('',(10.415312803575,26.206603974671,
    23.003425063755));
#2900 = CARTESIAN_POINT('',(10.439528473847,26.209566723772,
    22.949263825095));
#2901 = CARTESIAN_POINT('',(10.464132491748,26.2125,22.896216278324));
#2902 = ORIENTED_EDGE('',*,*,#2903,.F.);
#2903 = EDGE_CURVE('',#2904,#2882,#2906,.T.);
#2904 = VERTEX_POINT('',#2905);
#2905 = CARTESIAN_POINT('',(10.002698156369,26.116666666667,
    24.83576150376));
#2906 = B_SPLINE_CURVE_WITH_KNOTS('',6,(#2907,#2908,#2909,#2910,#2911,
    #2912,#2913,#2914,#2915,#2916,#2917,#2918,#2919,#2920,#2921,#2922,
    #2923),.UNSPECIFIED.,.F.,.F.,(7,5,5,7),(0.,0.282270658729,
    0.643081562139,1.),.UNSPECIFIED.);
#2907 = CARTESIAN_POINT('',(10.002698156369,26.116666666667,
    24.83576150376));
#2908 = CARTESIAN_POINT('',(10.004148797836,26.118704445254,
    24.791622684673));
#2909 = CARTESIAN_POINT('',(10.006087492153,26.120768373758,
    24.746884504134));
#2910 = CARTESIAN_POINT('',(10.008537974836,26.122860434,24.7015660695)
  );
#2911 = CARTESIAN_POINT('',(10.011523472098,26.124982355156,
    24.655698450826));
#2912 = CARTESIAN_POINT('',(10.015064377257,26.127135301146,
    24.609327520723));
#2913 = CARTESIAN_POINT('',(10.024431492995,26.132111572239,
    24.502681242771));
#2914 = CARTESIAN_POINT('',(10.030620896794,26.134955534048,
    24.442110122001));
#2915 = CARTESIAN_POINT('',(10.037772671948,26.13784980626,
    24.380982001455));
#2916 = CARTESIAN_POINT('',(10.04589576918,26.140789975714,
    24.319528964229));
#2917 = CARTESIAN_POINT('',(10.054969179387,26.143766704642,
    24.258033676007));
#2918 = CARTESIAN_POINT('',(10.074779700549,26.149728290548,
    24.136306561078));
#2919 = CARTESIAN_POINT('',(10.085501518647,26.152713762659,
    24.076046647212));
#2920 = CARTESIAN_POINT('',(10.097031828382,26.155704648536,
    24.016389323051));
#2921 = CARTESIAN_POINT('',(10.109298732316,26.158687308004,
    23.957546511647));
#2922 = CARTESIAN_POINT('',(10.122230251578,26.161650057105,
    23.899644747688));
#2923 = CARTESIAN_POINT('',(10.135764356726,26.164583333333,
    23.842756893861));
#2924 = ORIENTED_EDGE('',*,*,#2925,.F.);
#2925 = EDGE_CURVE('',#2926,#2904,#2928,.T.);
#2926 = VERTEX_POINT('',#2927);
#2927 = CARTESIAN_POINT('',(10.070276577232,26.06875,25.835360386309));
#2928 = B_SPLINE_CURVE_WITH_KNOTS('',6,(#2929,#2930,#2931,#2932,#2933,
    #2934,#2935,#2936,#2937,#2938,#2939,#2940,#2941,#2942,#2943,#2944,
    #2945),.UNSPECIFIED.,.F.,.F.,(7,5,5,7),(0.,0.282270658729,
    0.643081562139,1.),.UNSPECIFIED.);
#2929 = CARTESIAN_POINT('',(10.070276577232,26.06875,25.835360386309));
#2930 = CARTESIAN_POINT('',(10.062898231453,26.070787778587,
    25.79181845566));
#2931 = CARTESIAN_POINT('',(10.055878647266,26.072851707091,
    25.747591893828));
#2932 = CARTESIAN_POINT('',(10.049244893082,26.074943767333,
    25.702694692484));
#2933 = CARTESIAN_POINT('',(10.043025923212,26.07706568849,
    25.657152667382));
#2934 = CARTESIAN_POINT('',(10.037250867102,26.07921863448,
    25.61100670445));
#2935 = CARTESIAN_POINT('',(10.025168087077,26.084194905572,
    25.504633879513));
#2936 = CARTESIAN_POINT('',(10.019157297533,26.087038867381,
    25.444044773233));
#2937 = CARTESIAN_POINT('',(10.01397851156,26.089933139594,
    25.382717983123));
#2938 = CARTESIAN_POINT('',(10.00968677012,26.092873309047,
    25.320879148656));
#2939 = CARTESIAN_POINT('',(10.006317840349,26.095850037975,
    25.258809449458));
#2940 = CARTESIAN_POINT('',(10.001462175981,26.101811623881,
    25.135576459633));
#2941 = CARTESIAN_POINT('',(9.999954855858,26.104797095993,
    25.07438869461));
#2942 = CARTESIAN_POINT('',(9.999359933728,26.107787981869,
    25.013630234818));
#2943 = CARTESIAN_POINT('',(9.999649206177,26.110770641338,
    24.953523082934));
#2944 = CARTESIAN_POINT('',(10.00077736629,26.113733390439,
    24.894205583706));
#2945 = CARTESIAN_POINT('',(10.002698156369,26.116666666667,
    24.83576150376));
#2946 = ORIENTED_EDGE('',*,*,#2947,.F.);
#2947 = EDGE_CURVE('',#2948,#2926,#2950,.T.);
#2948 = VERTEX_POINT('',#2949);
#2949 = CARTESIAN_POINT('',(10.335786305794,26.020833333333,
    26.801419055851));
#2950 = B_SPLINE_CURVE_WITH_KNOTS('',6,(#2951,#2952,#2953,#2954,#2955,
    #2956,#2957,#2958,#2959,#2960,#2961,#2962,#2963,#2964,#2965,#2966,
    #2967),.UNSPECIFIED.,.F.,.F.,(7,5,5,7),(0.,0.282270658729,
    0.643081562139,1.),.UNSPECIFIED.);
#2951 = CARTESIAN_POINT('',(10.335786305794,26.020833333333,
    26.801419055851));
#2952 = CARTESIAN_POINT('',(10.319875217712,26.02287111192,
    26.760222247879));
#2953 = CARTESIAN_POINT('',(10.304179195472,26.024935040424,
    26.718283027339));
#2954 = CARTESIAN_POINT('',(10.28872755357,26.027027100666,
    26.675609708443));
#2955 = CARTESIAN_POINT('',(10.273553811883,26.029149021823,
    26.632221816124));
#2956 = CARTESIAN_POINT('',(10.258694666419,26.031301967813,
    26.588153608036));
#2957 = CARTESIAN_POINT('',(10.225647121386,26.036278238905,
    26.486325167875));
#2958 = CARTESIAN_POINT('',(10.20767747525,26.039122200714,
    26.428150764497));
#2959 = CARTESIAN_POINT('',(10.190376059467,26.042016472927,
    26.369087611675));
#2960 = CARTESIAN_POINT('',(10.17384179531,26.044956642381,
    26.309345845701));
#2961 = CARTESIAN_POINT('',(10.158165790079,26.047933371308,
    26.249193870619));
#2962 = CARTESIAN_POINT('',(10.128838897974,26.053894957215,
    26.12940288324));
#2963 = CARTESIAN_POINT('',(10.115162959424,26.056880429326,
    26.069743991973));
#2964 = CARTESIAN_POINT('',(10.102466691905,26.059871315202,
    26.010323884604));
#2965 = CARTESIAN_POINT('',(10.090766718409,26.062853974671,
    25.951365729899));
#2966 = CARTESIAN_POINT('',(10.080046223079,26.065816723772,
    25.893014128037));
#2967 = CARTESIAN_POINT('',(10.070276577232,26.06875,25.835360386309));
#2968 = ORIENTED_EDGE('',*,*,#2969,.F.);
#2969 = EDGE_CURVE('',#2970,#2948,#2972,.T.);
#2970 = VERTEX_POINT('',#2971);
#2971 = CARTESIAN_POINT('',(10.670132856022,25.983440892539,
    27.500450062589));
#2972 = B_SPLINE_CURVE_WITH_KNOTS('',7,(#2973,#2974,#2975,#2976,#2977,
    #2978,#2979,#2980,#2981,#2982,#2983,#2984,#2985,#2986),
  .UNSPECIFIED.,.F.,.F.,(8,6,8),(0.,0.533477332981,1.),.UNSPECIFIED.);
#2973 = CARTESIAN_POINT('',(10.670132856022,25.983440892539,
    27.500450062588));
#2974 = CARTESIAN_POINT('',(10.641312370156,25.986111923281,
    27.45054349709));
#2975 = CARTESIAN_POINT('',(10.612761548992,25.988830348995,
    27.399554238351));
#2976 = CARTESIAN_POINT('',(10.584576279595,25.991595878009,
    27.347570620738));
#2977 = CARTESIAN_POINT('',(10.556863820234,25.994406401306,
    27.294717616313));
#2978 = CARTESIAN_POINT('',(10.5297383795,25.997257429176,
    27.241160200639));
#2979 = CARTESIAN_POINT('',(10.503316848752,26.000140340176,
    27.187108295267));
#2980 = CARTESIAN_POINT('',(10.45532752055,26.005578960005,
    27.085355291248));
#2981 = CARTESIAN_POINT('',(10.433560993011,26.008130976586,
    27.037696041894));
#2982 = CARTESIAN_POINT('',(10.412492921977,26.010688994306,
    26.990021601339));
#2983 = CARTESIAN_POINT('',(10.392168390256,26.013245002881,
    26.942467246383));
#2984 = CARTESIAN_POINT('',(10.37260813283,26.015791804258,
    26.895135368181));
#2985 = CARTESIAN_POINT('',(10.353815980877,26.018323059111,
    26.848101285147));
#2986 = CARTESIAN_POINT('',(10.335786305794,26.020833333333,
    26.801419055851));
#2987 = ORIENTED_EDGE('',*,*,#2988,.F.);
#2988 = EDGE_CURVE('',#2989,#2970,#2991,.T.);
#2989 = VERTEX_POINT('',#2990);
#2990 = CARTESIAN_POINT('',(10.788566969602,25.972916666667,
    27.695149686097));
#2991 = B_SPLINE_CURVE_WITH_KNOTS('',5,(#2992,#2993,#2994,#2995,#2996,
    #2997),.UNSPECIFIED.,.F.,.F.,(6,6),(0.,1.),
  .PIECEWISE_BEZIER_KNOTS.);
#2992 = CARTESIAN_POINT('',(10.788566969602,25.972916666667,
    27.695149686097));
#2993 = CARTESIAN_POINT('',(10.764668189388,25.974962473909,
    27.657805521914));
#2994 = CARTESIAN_POINT('',(10.74083483517,25.977035768919,
    27.619651873042));
#2995 = CARTESIAN_POINT('',(10.717103379545,25.979138818257,
    27.580692660815));
#2996 = CARTESIAN_POINT('',(10.693518558221,25.981273547763,
    27.540945565821));
#2997 = CARTESIAN_POINT('',(10.670132856022,25.983440892539,
    27.500450062589));
#2998 = ORIENTED_EDGE('',*,*,#2999,.F.);
#2999 = EDGE_CURVE('',#3000,#2989,#3002,.T.);
#3000 = VERTEX_POINT('',#3001);
#3001 = CARTESIAN_POINT('',(11.410439157519,25.925,28.480668464265));
#3002 = B_SPLINE_CURVE_WITH_KNOTS('',6,(#3003,#3004,#3005,#3006,#3007,
    #3008,#3009,#3010,#3011,#3012,#3013,#3014,#3015,#3016,#3017,#3018,
    #3019),.UNSPECIFIED.,.F.,.F.,(7,5,5,7),(0.,0.282270658729,
    0.643081562138,1.),.UNSPECIFIED.);
#3003 = CARTESIAN_POINT('',(11.410439157519,25.925,28.480668464265));
#3004 = CARTESIAN_POINT('',(11.379696048447,25.927037778587,
    28.448963559981));
#3005 = CARTESIAN_POINT('',(11.348860824825,25.929101707091,
    28.416491228407));
#3006 = CARTESIAN_POINT('',(11.317963719411,25.931193767333,
    28.383247668728));
#3007 = CARTESIAN_POINT('',(11.287043216416,25.93331568849,
    28.349237756479));
#3008 = CARTESIAN_POINT('',(11.256146480221,25.93546863448,
    28.314478687727));
#3009 = CARTESIAN_POINT('',(11.185938513287,25.940444905572,
    28.233657818904));
#3010 = CARTESIAN_POINT('',(11.146666816523,25.943288867381,
    28.187129298361));
#3011 = CARTESIAN_POINT('',(11.107662966968,25.946183139594,
    28.139521581242));
#3012 = CARTESIAN_POINT('',(11.069100128927,25.949123309047,
    28.090989447402));
#3013 = CARTESIAN_POINT('',(11.031167040925,25.952100037975,
    28.041744365608));
#3014 = CARTESIAN_POINT('',(10.957365426724,25.958061623881,
    27.942935109973));
#3015 = CARTESIAN_POINT('',(10.921466073004,25.961047095993,
    27.893362425913));
#3016 = CARTESIAN_POINT('',(10.886561811524,25.964037981869,
    27.843626755623));
#3017 = CARTESIAN_POINT('',(10.852755142815,25.967020641338,
    27.793927031913));
#3018 = CARTESIAN_POINT('',(10.820087087587,25.969983390439,
    27.744402930431));
#3019 = CARTESIAN_POINT('',(10.788566969602,25.972916666667,
    27.695149686097));
#3020 = ORIENTED_EDGE('',*,*,#3021,.F.);
#3021 = EDGE_CURVE('',#3022,#3000,#3024,.T.);
#3022 = VERTEX_POINT('',#3023);
#3023 = CARTESIAN_POINT('',(12.176434333825,25.877083333333,
    29.126436347358));
#3024 = B_SPLINE_CURVE_WITH_KNOTS('',6,(#3025,#3026,#3027,#3028,#3029,
    #3030,#3031,#3032,#3033,#3034,#3035,#3036,#3037,#3038,#3039,#3040,
    #3041),.UNSPECIFIED.,.F.,.F.,(7,5,5,7),(0.,0.282270658729,
    0.643081562138,1.),.UNSPECIFIED.);
#3025 = CARTESIAN_POINT('',(12.176434333825,25.877083333333,
    29.126436347358));
#3026 = CARTESIAN_POINT('',(12.13998746047,25.87912111192,
    29.101497118546));
#3027 = CARTESIAN_POINT('',(12.103297321399,25.881185040424,
    29.075824233461));
#3028 = CARTESIAN_POINT('',(12.066392784677,25.883277100666,
    29.049407940147));
#3029 = CARTESIAN_POINT('',(12.029312533958,25.885399021823,
    29.022245343747));
#3030 = CARTESIAN_POINT('',(11.992106215129,25.887551967813,
    28.994343892042));
#3031 = CARTESIAN_POINT('',(11.907194604194,25.892528238905,
    28.929142743381));
#3032 = CARTESIAN_POINT('',(11.859435003311,25.895372200714,
    28.891377813696));
#3033 = CARTESIAN_POINT('',(11.811722715332,25.898266472927,
    28.85250195248));
#3034 = CARTESIAN_POINT('',(11.764258286378,25.901206642381,
    28.812632308929));
#3035 = CARTESIAN_POINT('',(11.717268826085,25.904183371308,
    28.771938478098));
#3036 = CARTESIAN_POINT('',(11.625249403892,25.910144957215,
    28.689826522836));
#3037 = CARTESIAN_POINT('',(11.580187536677,25.913130429326,
    28.64840620505));
#3038 = CARTESIAN_POINT('',(11.536068290704,25.916121315202,
    28.606627783545));
#3039 = CARTESIAN_POINT('',(11.493031769598,25.919103974671,
    28.564665762179));
#3040 = CARTESIAN_POINT('',(11.451146017412,25.922066723772,
    28.522648834355));
#3041 = CARTESIAN_POINT('',(11.410439157519,25.925,28.480668464265));
#3042 = ORIENTED_EDGE('',*,*,#3043,.F.);
#3043 = EDGE_CURVE('',#3044,#3022,#3046,.T.);
#3044 = VERTEX_POINT('',#3045);
#3045 = CARTESIAN_POINT('',(13.055797339673,25.829166666667,
    29.606525373378));
#3046 = B_SPLINE_CURVE_WITH_KNOTS('',6,(#3047,#3048,#3049,#3050,#3051,
    #3052,#3053,#3054,#3055,#3056,#3057,#3058,#3059,#3060,#3061,#3062,
    #3063),.UNSPECIFIED.,.F.,.F.,(7,5,5,7),(0.,0.282270658729,
    0.643081562139,1.),.UNSPECIFIED.);
#3047 = CARTESIAN_POINT('',(13.055797339673,25.829166666667,
    29.606525373378));
#3048 = CARTESIAN_POINT('',(13.015110065532,25.831204445254,
    29.589353144808));
#3049 = CARTESIAN_POINT('',(12.97403814177,25.833268373758,
    29.571510487714));
#3050 = CARTESIAN_POINT('',(12.932607912691,25.835360434,29.552982090549
    ));
#3051 = CARTESIAN_POINT('',(12.89085670822,25.837482355156,
    29.533757404287));
#3052 = CARTESIAN_POINT('',(12.848834662438,25.839635301146,
    29.513833829399));
#3053 = CARTESIAN_POINT('',(12.752628658843,25.844611572239,
    29.466870265537));
#3054 = CARTESIAN_POINT('',(12.69829873003,25.847455534048,
    29.439385210947));
#3055 = CARTESIAN_POINT('',(12.643793680177,25.85034980626,
    29.410802094429));
#3056 = CARTESIAN_POINT('',(12.589333385173,25.853289975714,
    29.381195730907));
#3057 = CARTESIAN_POINT('',(12.535174207179,25.856266704642,
    29.350687032389));
#3058 = CARTESIAN_POINT('',(12.428631611155,25.862228290548,
    29.288569221012));
#3059 = CARTESIAN_POINT('',(12.376216491035,25.865213762659,
    29.256964319727));
#3060 = CARTESIAN_POINT('',(12.324653674358,25.868204648536,
    29.224820575312));
#3061 = CARTESIAN_POINT('',(12.274115242602,25.871187308004,
    29.192281056237));
#3062 = CARTESIAN_POINT('',(12.224693531152,25.874150057105,
    29.159458306545));
#3063 = CARTESIAN_POINT('',(12.176434333825,25.877083333333,
    29.126436347358));
#3064 = ORIENTED_EDGE('',*,*,#3065,.F.);
#3065 = EDGE_CURVE('',#1899,#3044,#3066,.T.);
#3066 = B_SPLINE_CURVE_WITH_KNOTS('',6,(#3067,#3068,#3069,#3070,#3071,
    #3072,#3073,#3074,#3075,#3076,#3077,#3078,#3079,#3080,#3081,#3082,
    #3083),.UNSPECIFIED.,.F.,.F.,(7,5,5,7),(0.,0.282270658729,
    0.643081562139,1.),.UNSPECIFIED.);
#3067 = CARTESIAN_POINT('',(14.013221230886,25.78125,29.901659684314));
#3068 = CARTESIAN_POINT('',(13.969927174053,25.783287778587,
    29.892943931107));
#3069 = CARTESIAN_POINT('',(13.926122527603,25.785351707091,
    29.883647895228));
#3070 = CARTESIAN_POINT('',(13.88183005434,25.787443767333,
    29.873751320302));
#3071 = CARTESIAN_POINT('',(13.837084231641,25.78956568849,
    29.863236426691));
#3072 = CARTESIAN_POINT('',(13.791933668869,25.79171863448,
    29.852090671921));
#3073 = CARTESIAN_POINT('',(13.688296000494,25.796694905572,
    29.825250307691));
#3074 = CARTESIAN_POINT('',(13.629577122488,25.799538867381,
    29.809148669375));
#3075 = CARTESIAN_POINT('',(13.570467720711,25.802433139593,
    29.792005926568));
#3076 = CARTESIAN_POINT('',(13.511198172675,25.805373309047,
    29.773851556061));
#3077 = CARTESIAN_POINT('',(13.452043799971,25.808350037975,
    29.754752932124));
#3078 = CARTESIAN_POINT('',(13.335255778288,25.814311623881,
    29.715123331456));
#3079 = CARTESIAN_POINT('',(13.2775919033,25.817297095993,29.69460280213
    ));
#3080 = CARTESIAN_POINT('',(13.22065579347,25.820287981869,
    29.673384325133));
#3081 = CARTESIAN_POINT('',(13.164644598954,25.823270641338,
    29.651573789262));
#3082 = CARTESIAN_POINT('',(13.109671239152,25.826233390439,
    29.629263070493));
#3083 = CARTESIAN_POINT('',(13.055797339673,25.829166666667,
    29.606525373378));
#3084 = CYLINDRICAL_SURFACE('',#3085,5.);
#3085 = AXIS2_PLACEMENT_3D('',#3086,#3087,#3088);
#3086 = CARTESIAN_POINT('',(15.,0.,25.));
#3087 = DIRECTION('',(0.,1.,0.));
#3088 = DIRECTION('',(0.,0.,1.));
#3089 = ADVANCED_FACE('',(#3090),#3118,.F.);
#3090 = FACE_BOUND('',#3091,.F.);
#3091 = EDGE_LOOP('',(#3092,#3101,#3109,#3116,#3117));
#3092 = ORIENTED_EDGE('',*,*,#3093,.T.);
#3093 = EDGE_CURVE('',#1017,#3094,#3096,.T.);
#3094 = VERTEX_POINT('',#3095);
#3095 = CARTESIAN_POINT('',(16.106759187372,27.170833333333,
    29.993900718743));
#3096 = CIRCLE('',#3097,0.2);
#3097 = AXIS2_PLACEMENT_3D('',#3098,#3099,#3100);
#3098 = CARTESIAN_POINT('',(16.106759187372,27.170833333333,
    29.793900718743));
#3099 = DIRECTION('',(-2.25514051877E-17,1.,-5.551115123126E-17));
#3100 = DIRECTION('',(-3.74700270811E-16,5.551115123126E-17,1.));
#3101 = ORIENTED_EDGE('',*,*,#3102,.T.);
#3102 = EDGE_CURVE('',#3094,#3103,#3105,.T.);
#3103 = VERTEX_POINT('',#3104);
#3104 = CARTESIAN_POINT('',(15.128790585675,27.21875,30.11831403888));
#3105 = LINE('',#3106,#3107);
#3106 = CARTESIAN_POINT('',(16.106759187372,27.170833333333,
    29.993900718743));
#3107 = VECTOR('',#3108,1.);
#3108 = DIRECTION('',(-0.990835271876,4.854708357882E-02,0.126050167325)
  );
#3109 = ORIENTED_EDGE('',*,*,#3110,.F.);
#3110 = EDGE_CURVE('',#1941,#3103,#3111,.T.);
#3111 = CIRCLE('',#3112,0.2);
#3112 = AXIS2_PLACEMENT_3D('',#3113,#3114,#3115);
#3113 = CARTESIAN_POINT('',(15.128790585675,27.21875,29.91831403888));
#3114 = DIRECTION('',(-2.25514051877E-17,1.,-5.551115123126E-17));
#3115 = DIRECTION('',(-3.885780586188E-16,5.551115123126E-17,1.));
#3116 = ORIENTED_EDGE('',*,*,#1940,.F.);
#3117 = ORIENTED_EDGE('',*,*,#1038,.F.);
#3118 = SURFACE_OF_LINEAR_EXTRUSION('',#3119,#3124);
#3119 = CIRCLE('',#3120,0.2);
#3120 = AXIS2_PLACEMENT_3D('',#3121,#3122,#3123);
#3121 = CARTESIAN_POINT('',(16.106759187372,27.170833333333,
    29.793900718743));
#3122 = DIRECTION('',(-2.25514051877E-17,1.,-5.551115123126E-17));
#3123 = DIRECTION('',(-3.885780586188E-16,5.551115123126E-17,1.));
#3124 = VECTOR('',#3125,1.);
#3125 = DIRECTION('',(-0.990835271876,4.854708357882E-02,0.126050167325)
  );
#3126 = ADVANCED_FACE('',(#3127),#3146,.F.);
#3127 = FACE_BOUND('',#3128,.F.);
#3128 = EDGE_LOOP('',(#3129,#3138,#3144,#3145));
#3129 = ORIENTED_EDGE('',*,*,#3130,.T.);
#3130 = EDGE_CURVE('',#995,#3131,#3133,.T.);
#3131 = VERTEX_POINT('',#3132);
#3132 = CARTESIAN_POINT('',(17.040290753869,27.122916666667,
    29.677009452713));
#3133 = CIRCLE('',#3134,0.2);
#3134 = AXIS2_PLACEMENT_3D('',#3135,#3136,#3137);
#3135 = CARTESIAN_POINT('',(17.040290753869,27.122916666667,
    29.477009452713));
#3136 = DIRECTION('',(-1.47451495458E-17,1.,-6.938893903907E-17));
#3137 = DIRECTION('',(-3.74700270811E-16,6.938893903907E-17,1.));
#3138 = ORIENTED_EDGE('',*,*,#3139,.T.);
#3139 = EDGE_CURVE('',#3131,#3094,#3140,.T.);
#3140 = LINE('',#3141,#3142);
#3141 = CARTESIAN_POINT('',(17.040290753869,27.122916666667,
    29.677009452713));
#3142 = VECTOR('',#3143,1.);
#3143 = DIRECTION('',(-0.945813599628,4.854708357882E-02,0.321060454485)
  );
#3144 = ORIENTED_EDGE('',*,*,#3093,.F.);
#3145 = ORIENTED_EDGE('',*,*,#1016,.F.);
#3146 = SURFACE_OF_LINEAR_EXTRUSION('',#3147,#3152);
#3147 = CIRCLE('',#3148,0.2);
#3148 = AXIS2_PLACEMENT_3D('',#3149,#3150,#3151);
#3149 = CARTESIAN_POINT('',(17.040290753869,27.122916666667,
    29.477009452713));
#3150 = DIRECTION('',(-2.25514051877E-17,1.,-5.551115123126E-17));
#3151 = DIRECTION('',(-3.74700270811E-16,5.551115123126E-17,1.));
#3152 = VECTOR('',#3153,1.);
#3153 = DIRECTION('',(-0.945813599628,4.854708357882E-02,0.321060454485)
  );
#3154 = ADVANCED_FACE('',(#3155),#3174,.F.);
#3155 = FACE_BOUND('',#3156,.F.);
#3156 = EDGE_LOOP('',(#3157,#3166,#3172,#3173));
#3157 = ORIENTED_EDGE('',*,*,#3158,.T.);
#3158 = EDGE_CURVE('',#973,#3159,#3161,.T.);
#3159 = VERTEX_POINT('',#3160);
#3160 = CARTESIAN_POINT('',(17.891903441279,27.075,29.180363612325));
#3161 = CIRCLE('',#3162,0.2);
#3162 = AXIS2_PLACEMENT_3D('',#3163,#3164,#3165);
#3163 = CARTESIAN_POINT('',(17.891903441279,27.075,28.980363612325));
#3164 = DIRECTION('',(-2.168404344971E-17,1.,-6.245004513517E-17));
#3165 = DIRECTION('',(-3.74700270811E-16,6.245004513517E-17,1.));
#3166 = ORIENTED_EDGE('',*,*,#3167,.T.);
#3167 = EDGE_CURVE('',#3159,#3131,#3168,.T.);
#3168 = LINE('',#3169,#3170);
#3169 = CARTESIAN_POINT('',(17.891903441279,27.075,29.180363612325));
#3170 = VECTOR('',#3171,1.);
#3171 = DIRECTION('',(-0.862816952609,4.854708357882E-02,0.503179974728)
  );
#3172 = ORIENTED_EDGE('',*,*,#3130,.F.);
#3173 = ORIENTED_EDGE('',*,*,#994,.F.);
#3174 = SURFACE_OF_LINEAR_EXTRUSION('',#3175,#3180);
#3175 = CIRCLE('',#3176,0.2);
#3176 = AXIS2_PLACEMENT_3D('',#3177,#3178,#3179);
#3177 = CARTESIAN_POINT('',(17.891903441279,27.075,28.980363612325));
#3178 = DIRECTION('',(-1.47451495458E-17,1.,-6.938893903907E-17));
#3179 = DIRECTION('',(-3.74700270811E-16,6.938893903907E-17,1.));
#3180 = VECTOR('',#3181,1.);
#3181 = DIRECTION('',(-0.862816952609,4.854708357882E-02,0.503179974728)
  );
#3182 = ADVANCED_FACE('',(#3183),#3202,.F.);
#3183 = FACE_BOUND('',#3184,.F.);
#3184 = EDGE_LOOP('',(#3185,#3194,#3200,#3201));
#3185 = ORIENTED_EDGE('',*,*,#3186,.T.);
#3186 = EDGE_CURVE('',#951,#3187,#3189,.T.);
#3187 = VERTEX_POINT('',#3188);
#3188 = CARTESIAN_POINT('',(18.627404497106,27.027083333333,
    28.523903821469));
#3189 = CIRCLE('',#3190,0.2);
#3190 = AXIS2_PLACEMENT_3D('',#3191,#3192,#3193);
#3191 = CARTESIAN_POINT('',(18.627404497106,27.027083333333,
    28.323903821469));
#3192 = DIRECTION('',(-1.647987302178E-17,1.,-5.551115123126E-17));
#3193 = DIRECTION('',(-4.163336342344E-16,5.551115123126E-17,1.));
#3194 = ORIENTED_EDGE('',*,*,#3195,.T.);
#3195 = EDGE_CURVE('',#3187,#3159,#3196,.T.);
#3196 = LINE('',#3197,#3198);
#3197 = CARTESIAN_POINT('',(18.627404497106,27.027083333333,
    28.523903821469));
#3198 = VECTOR('',#3199,1.);
#3199 = DIRECTION('',(-0.745177695225,4.854708357882E-02,0.665096521728)
  );
#3200 = ORIENTED_EDGE('',*,*,#3158,.F.);
#3201 = ORIENTED_EDGE('',*,*,#972,.F.);
#3202 = SURFACE_OF_LINEAR_EXTRUSION('',#3203,#3208);
#3203 = CIRCLE('',#3204,0.2);
#3204 = AXIS2_PLACEMENT_3D('',#3205,#3206,#3207);
#3205 = CARTESIAN_POINT('',(18.627404497106,27.027083333333,
    28.323903821469));
#3206 = DIRECTION('',(-2.168404344971E-17,1.,-6.245004513517E-17));
#3207 = DIRECTION('',(-3.74700270811E-16,6.245004513517E-17,1.));
#3208 = VECTOR('',#3209,1.);
#3209 = DIRECTION('',(-0.745177695225,4.854708357882E-02,0.665096521728)
  );
#3210 = ADVANCED_FACE('',(#3211),#3230,.F.);
#3211 = FACE_BOUND('',#3212,.F.);
#3212 = EDGE_LOOP('',(#3213,#3222,#3228,#3229));
#3213 = ORIENTED_EDGE('',*,*,#3214,.T.);
#3214 = EDGE_CURVE('',#940,#3215,#3217,.T.);
#3215 = VERTEX_POINT('',#3216);
#3216 = CARTESIAN_POINT('',(19.217263119454,26.979166666667,
    27.733987328557));
#3217 = CIRCLE('',#3218,0.2);
#3218 = AXIS2_PLACEMENT_3D('',#3219,#3220,#3221);
#3219 = CARTESIAN_POINT('',(19.217263119454,26.979166666667,
    27.533987328557));
#3220 = DIRECTION('',(-8.673617379884E-18,1.,-5.551115123126E-17));
#3221 = DIRECTION('',(-3.191891195797E-16,5.551115123126E-17,1.));
#3222 = ORIENTED_EDGE('',*,*,#3223,.T.);
#3223 = EDGE_CURVE('',#3215,#3187,#3224,.T.);
#3224 = LINE('',#3225,#3226);
#3225 = CARTESIAN_POINT('',(19.217263119454,26.979166666667,
    27.733987328557));
#3226 = VECTOR('',#3227,1.);
#3227 = DIRECTION('',(-0.597619113159,4.854708357882E-02,0.80030905047)
  );
#3228 = ORIENTED_EDGE('',*,*,#3186,.F.);
#3229 = ORIENTED_EDGE('',*,*,#950,.F.);
#3230 = SURFACE_OF_LINEAR_EXTRUSION('',#3231,#3236);
#3231 = CIRCLE('',#3232,0.2);
#3232 = AXIS2_PLACEMENT_3D('',#3233,#3234,#3235);
#3233 = CARTESIAN_POINT('',(19.217263119454,26.979166666667,
    27.533987328557));
#3234 = DIRECTION('',(-1.647987302178E-17,1.,-5.551115123126E-17));
#3235 = DIRECTION('',(-4.163336342344E-16,5.551115123126E-17,1.));
#3236 = VECTOR('',#3237,1.);
#3237 = DIRECTION('',(-0.597619113159,4.854708357882E-02,0.80030905047)
  );
#3238 = ADVANCED_FACE('',(#3239),#3249,.F.);
#3239 = FACE_BOUND('',#3240,.F.);
#3240 = EDGE_LOOP('',(#3241,#3242,#3248));
#3241 = ORIENTED_EDGE('',*,*,#939,.F.);
#3242 = ORIENTED_EDGE('',*,*,#3243,.T.);
#3243 = EDGE_CURVE('',#923,#3215,#3244,.T.);
#3244 = LINE('',#3245,#3246);
#3245 = CARTESIAN_POINT('',(19.637796136174,26.93125,26.84232974743));
#3246 = VECTOR('',#3247,1.);
#3247 = DIRECTION('',(-0.42606577065,4.854708357882E-02,0.903388698045)
  );
#3248 = ORIENTED_EDGE('',*,*,#3214,.F.);
#3249 = SURFACE_OF_LINEAR_EXTRUSION('',#3250,#3255);
#3250 = CIRCLE('',#3251,0.2);
#3251 = AXIS2_PLACEMENT_3D('',#3252,#3253,#3254);
#3252 = CARTESIAN_POINT('',(19.637796136174,26.93125,26.64232974743));
#3253 = DIRECTION('',(-8.673617379884E-18,1.,-5.551115123126E-17));
#3254 = DIRECTION('',(-3.191891195797E-16,5.551115123126E-17,1.));
#3255 = VECTOR('',#3256,1.);
#3256 = DIRECTION('',(-0.42606577065,4.854708357882E-02,0.903388698045)
  );
#3257 = ADVANCED_FACE('',(#3258),#3277,.F.);
#3258 = FACE_BOUND('',#3259,.F.);
#3259 = EDGE_LOOP('',(#3260,#3261,#3262,#3269,#3270));
#3260 = ORIENTED_EDGE('',*,*,#3243,.F.);
#3261 = ORIENTED_EDGE('',*,*,#922,.F.);
#3262 = ORIENTED_EDGE('',*,*,#3263,.T.);
#3263 = EDGE_CURVE('',#901,#2530,#3264,.T.);
#3264 = CIRCLE('',#3265,0.2);
#3265 = AXIS2_PLACEMENT_3D('',#3266,#3267,#3268);
#3266 = CARTESIAN_POINT('',(19.637796136174,26.93125,26.64232974743));
#3267 = DIRECTION('',(-1.127570259385E-17,1.,-4.857225732735E-17));
#3268 = DIRECTION('',(-3.74700270811E-16,4.857225732735E-17,1.));
#3269 = ORIENTED_EDGE('',*,*,#2529,.T.);
#3270 = ORIENTED_EDGE('',*,*,#3271,.F.);
#3271 = EDGE_CURVE('',#3215,#2508,#3272,.T.);
#3272 = CIRCLE('',#3273,0.2);
#3273 = AXIS2_PLACEMENT_3D('',#3274,#3275,#3276);
#3274 = CARTESIAN_POINT('',(19.217263119454,26.979166666667,
    27.533987328557));
#3275 = DIRECTION('',(-8.673617379884E-18,1.,-5.551115123126E-17));
#3276 = DIRECTION('',(-3.191891195797E-16,5.551115123126E-17,1.));
#3277 = SURFACE_OF_LINEAR_EXTRUSION('',#3278,#3283);
#3278 = CIRCLE('',#3279,0.2);
#3279 = AXIS2_PLACEMENT_3D('',#3280,#3281,#3282);
#3280 = CARTESIAN_POINT('',(19.637796136174,26.93125,26.64232974743));
#3281 = DIRECTION('',(-8.673617379884E-18,1.,-5.551115123126E-17));
#3282 = DIRECTION('',(-3.191891195797E-16,5.551115123126E-17,1.));
#3283 = VECTOR('',#3284,1.);
#3284 = DIRECTION('',(-0.42606577065,4.854708357882E-02,0.903388698045)
  );
#3285 = ADVANCED_FACE('',(#3286),#3298,.F.);
#3286 = FACE_BOUND('',#3287,.F.);
#3287 = EDGE_LOOP('',(#3288,#3289,#3296,#3297));
#3288 = ORIENTED_EDGE('',*,*,#900,.F.);
#3289 = ORIENTED_EDGE('',*,*,#3290,.T.);
#3290 = EDGE_CURVE('',#879,#2552,#3291,.T.);
#3291 = CIRCLE('',#3292,0.2);
#3292 = AXIS2_PLACEMENT_3D('',#3293,#3294,#3295);
#3293 = CARTESIAN_POINT('',(19.872118898209,26.883333333333,
    25.684731656723));
#3294 = DIRECTION('',(-1.214306433184E-17,1.,-4.163336342344E-17));
#3295 = DIRECTION('',(-3.885780586188E-16,4.163336342344E-17,1.));
#3296 = ORIENTED_EDGE('',*,*,#2551,.T.);
#3297 = ORIENTED_EDGE('',*,*,#3263,.F.);
#3298 = SURFACE_OF_LINEAR_EXTRUSION('',#3299,#3304);
#3299 = CIRCLE('',#3300,0.2);
#3300 = AXIS2_PLACEMENT_3D('',#3301,#3302,#3303);
#3301 = CARTESIAN_POINT('',(19.872118898209,26.883333333333,
    25.684731656723));
#3302 = DIRECTION('',(-1.127570259385E-17,1.,-4.857225732735E-17));
#3303 = DIRECTION('',(-3.74700270811E-16,4.857225732735E-17,1.));
#3304 = VECTOR('',#3305,1.);
#3305 = DIRECTION('',(-0.237405635748,4.854708357882E-02,0.97019675571)
  );
#3306 = ADVANCED_FACE('',(#3307),#3319,.F.);
#3307 = FACE_BOUND('',#3308,.F.);
#3308 = EDGE_LOOP('',(#3309,#3310,#3317,#3318));
#3309 = ORIENTED_EDGE('',*,*,#878,.F.);
#3310 = ORIENTED_EDGE('',*,*,#3311,.T.);
#3311 = EDGE_CURVE('',#857,#2574,#3312,.T.);
#3312 = CIRCLE('',#3313,0.2);
#3313 = AXIS2_PLACEMENT_3D('',#3314,#3315,#3316);
#3314 = CARTESIAN_POINT('',(19.910823208236,26.835416666667,
    24.699641185488));
#3315 = DIRECTION('',(-1.301042606983E-17,1.,-4.163336342344E-17));
#3316 = DIRECTION('',(-3.885780586188E-16,4.163336342344E-17,1.));
#3317 = ORIENTED_EDGE('',*,*,#2573,.T.);
#3318 = ORIENTED_EDGE('',*,*,#3290,.F.);
#3319 = SURFACE_OF_LINEAR_EXTRUSION('',#3320,#3325);
#3320 = CIRCLE('',#3321,0.2);
#3321 = AXIS2_PLACEMENT_3D('',#3322,#3323,#3324);
#3322 = CARTESIAN_POINT('',(19.910823208236,26.835416666667,
    24.699641185488));
#3323 = DIRECTION('',(-1.214306433184E-17,1.,-4.163336342344E-17));
#3324 = DIRECTION('',(-3.885780586188E-16,4.163336342344E-17,1.));
#3325 = VECTOR('',#3326,1.);
#3326 = DIRECTION('',(-3.921352432161E-02,4.854708357882E-02,
    0.998050840482));
#3327 = ADVANCED_FACE('',(#3328),#3340,.F.);
#3328 = FACE_BOUND('',#3329,.F.);
#3329 = EDGE_LOOP('',(#3330,#3331,#3338,#3339));
#3330 = ORIENTED_EDGE('',*,*,#856,.F.);
#3331 = ORIENTED_EDGE('',*,*,#3332,.T.);
#3332 = EDGE_CURVE('',#835,#2596,#3333,.T.);
#3333 = CIRCLE('',#3334,0.2);
#3334 = AXIS2_PLACEMENT_3D('',#3335,#3336,#3337);
#3335 = CARTESIAN_POINT('',(19.752355065342,26.7875,23.726610298096));
#3336 = DIRECTION('',(-1.040834085586E-17,1.,-2.081668171172E-17));
#3337 = DIRECTION('',(-3.330669073875E-16,2.081668171172E-17,1.));
#3338 = ORIENTED_EDGE('',*,*,#2595,.T.);
#3339 = ORIENTED_EDGE('',*,*,#3311,.F.);
#3340 = SURFACE_OF_LINEAR_EXTRUSION('',#3341,#3346);
#3341 = CIRCLE('',#3342,0.2);
#3342 = AXIS2_PLACEMENT_3D('',#3343,#3344,#3345);
#3343 = CARTESIAN_POINT('',(19.752355065342,26.7875,23.726610298096));
#3344 = DIRECTION('',(-1.301042606983E-17,1.,-4.163336342344E-17));
#3345 = DIRECTION('',(-3.885780586188E-16,4.163336342344E-17,1.));
#3346 = VECTOR('',#3347,1.);
#3347 = DIRECTION('',(0.160553033272,4.854708357882E-02,0.985832594401)
  );
#3348 = ADVANCED_FACE('',(#3349),#3361,.F.);
#3349 = FACE_BOUND('',#3350,.F.);
#3350 = EDGE_LOOP('',(#3351,#3352,#3359,#3360));
#3351 = ORIENTED_EDGE('',*,*,#834,.F.);
#3352 = ORIENTED_EDGE('',*,*,#3353,.T.);
#3353 = EDGE_CURVE('',#813,#2618,#3354,.T.);
#3354 = CIRCLE('',#3355,0.2);
#3355 = AXIS2_PLACEMENT_3D('',#3356,#3357,#3358);
#3356 = CARTESIAN_POINT('',(19.403077059082,26.739583333333,
    22.8047067595));
#3357 = DIRECTION('',(-1.214306433184E-17,1.,-4.163336342344E-17));
#3358 = DIRECTION('',(-3.053113317719E-16,4.163336342344E-17,1.));
#3359 = ORIENTED_EDGE('',*,*,#2617,.T.);
#3360 = ORIENTED_EDGE('',*,*,#3332,.F.);
#3361 = SURFACE_OF_LINEAR_EXTRUSION('',#3362,#3367);
#3362 = CIRCLE('',#3363,0.2);
#3363 = AXIS2_PLACEMENT_3D('',#3364,#3365,#3366);
#3364 = CARTESIAN_POINT('',(19.403077059082,26.739583333333,
    22.8047067595));
#3365 = DIRECTION('',(-1.040834085586E-17,1.,-2.081668171172E-17));
#3366 = DIRECTION('',(-3.330669073875E-16,2.081668171172E-17,1.));
#3367 = VECTOR('',#3368,1.);
#3368 = DIRECTION('',(0.353873291732,4.854708357882E-02,0.934032587266)
  );
#3369 = ADVANCED_FACE('',(#3370),#3382,.F.);
#3370 = FACE_BOUND('',#3371,.F.);
#3371 = EDGE_LOOP('',(#3372,#3373,#3380,#3381));
#3372 = ORIENTED_EDGE('',*,*,#812,.F.);
#3373 = ORIENTED_EDGE('',*,*,#3374,.T.);
#3374 = EDGE_CURVE('',#791,#2640,#3375,.T.);
#3375 = CIRCLE('',#3376,0.2);
#3376 = AXIS2_PLACEMENT_3D('',#3377,#3378,#3379);
#3377 = CARTESIAN_POINT('',(18.877012907745,26.691666666667,
    21.970945541398));
#3378 = DIRECTION('',(-5.20417042793E-18,1.,-4.163336342344E-17));
#3379 = DIRECTION('',(-1.942890293094E-16,4.163336342344E-17,1.));
#3380 = ORIENTED_EDGE('',*,*,#2639,.T.);
#3381 = ORIENTED_EDGE('',*,*,#3353,.F.);
#3382 = SURFACE_OF_LINEAR_EXTRUSION('',#3383,#3388);
#3383 = CIRCLE('',#3384,0.2);
#3384 = AXIS2_PLACEMENT_3D('',#3385,#3386,#3387);
#3385 = CARTESIAN_POINT('',(18.877012907745,26.691666666667,
    21.970945541398));
#3386 = DIRECTION('',(-1.214306433184E-17,1.,-4.163336342344E-17));
#3387 = DIRECTION('',(-3.053113317719E-16,4.163336342344E-17,1.));
#3388 = VECTOR('',#3389,1.);
#3389 = DIRECTION('',(0.532985328475,4.854708357882E-02,0.844730619965)
  );
#3390 = ADVANCED_FACE('',(#3391),#3403,.F.);
#3391 = FACE_BOUND('',#3392,.F.);
#3392 = EDGE_LOOP('',(#3393,#3394,#3401,#3402));
#3393 = ORIENTED_EDGE('',*,*,#790,.F.);
#3394 = ORIENTED_EDGE('',*,*,#3395,.T.);
#3395 = EDGE_CURVE('',#769,#2662,#3396,.T.);
#3396 = CIRCLE('',#3397,0.2);
#3397 = AXIS2_PLACEMENT_3D('',#3398,#3399,#3400);
#3398 = CARTESIAN_POINT('',(18.195284397784,26.64375,21.258802649248));
#3399 = DIRECTION('',(-6.071532165919E-18,1.,-3.469446951954E-17));
#3400 = DIRECTION('',(-1.387778780781E-16,3.469446951954E-17,1.));
#3401 = ORIENTED_EDGE('',*,*,#2661,.T.);
#3402 = ORIENTED_EDGE('',*,*,#3374,.F.);
#3403 = SURFACE_OF_LINEAR_EXTRUSION('',#3404,#3409);
#3404 = CIRCLE('',#3405,0.2);
#3405 = AXIS2_PLACEMENT_3D('',#3406,#3407,#3408);
#3406 = CARTESIAN_POINT('',(18.195284397784,26.64375,21.258802649248));
#3407 = DIRECTION('',(-5.20417042793E-18,1.,-4.163336342344E-17));
#3408 = DIRECTION('',(-1.942890293094E-16,4.163336342344E-17,1.));
#3409 = VECTOR('',#3410,1.);
#3410 = DIRECTION('',(0.690697689415,4.854708357882E-02,0.72151221924));
#3411 = ADVANCED_FACE('',(#3412),#3424,.F.);
#3412 = FACE_BOUND('',#3413,.F.);
#3413 = EDGE_LOOP('',(#3414,#3415,#3422,#3423));
#3414 = ORIENTED_EDGE('',*,*,#768,.F.);
#3415 = ORIENTED_EDGE('',*,*,#3416,.T.);
#3416 = EDGE_CURVE('',#747,#2684,#3417,.T.);
#3417 = CIRCLE('',#3418,0.2);
#3418 = AXIS2_PLACEMENT_3D('',#3419,#3420,#3421);
#3419 = CARTESIAN_POINT('',(17.385263331612,26.595833333333,
    20.696871040874));
#3420 = DIRECTION('',(-5.20417042793E-18,1.,-3.469446951954E-17));
#3421 = DIRECTION('',(-2.081668171172E-16,3.469446951954E-17,1.));
#3422 = ORIENTED_EDGE('',*,*,#2683,.T.);
#3423 = ORIENTED_EDGE('',*,*,#3395,.F.);
#3424 = SURFACE_OF_LINEAR_EXTRUSION('',#3425,#3430);
#3425 = CIRCLE('',#3426,0.2);
#3426 = AXIS2_PLACEMENT_3D('',#3427,#3428,#3429);
#3427 = CARTESIAN_POINT('',(17.385263331612,26.595833333333,
    20.696871040874));
#3428 = DIRECTION('',(-6.071532165919E-18,1.,-3.469446951954E-17));
#3429 = DIRECTION('',(-1.387778780781E-16,3.469446951954E-17,1.));
#3430 = VECTOR('',#3431,1.);
#3431 = DIRECTION('',(0.820678130089,4.854708357882E-02,0.569324676674)
  );
#3432 = ADVANCED_FACE('',(#3433),#3445,.F.);
#3433 = FACE_BOUND('',#3434,.F.);
#3434 = EDGE_LOOP('',(#3435,#3436,#3443,#3444));
#3435 = ORIENTED_EDGE('',*,*,#746,.F.);
#3436 = ORIENTED_EDGE('',*,*,#3437,.T.);
#3437 = EDGE_CURVE('',#725,#2706,#3438,.T.);
#3438 = CIRCLE('',#3439,0.2);
#3439 = AXIS2_PLACEMENT_3D('',#3440,#3441,#3442);
#3440 = CARTESIAN_POINT('',(16.479472533561,26.547916666667,
    20.307712602319));
#3441 = DIRECTION('',(-2.602085213965E-18,1.,-4.857225732735E-17));
#3442 = DIRECTION('',(-1.665334536938E-16,4.857225732735E-17,1.));
#3443 = ORIENTED_EDGE('',*,*,#2705,.T.);
#3444 = ORIENTED_EDGE('',*,*,#3416,.F.);
#3445 = SURFACE_OF_LINEAR_EXTRUSION('',#3446,#3451);
#3446 = CIRCLE('',#3447,0.2);
#3447 = AXIS2_PLACEMENT_3D('',#3448,#3449,#3450);
#3448 = CARTESIAN_POINT('',(16.479472533561,26.547916666667,
    20.307712602319));
#3449 = DIRECTION('',(-5.20417042793E-18,1.,-3.469446951954E-17));
#3450 = DIRECTION('',(-2.081668171172E-16,3.469446951954E-17,1.));
#3451 = VECTOR('',#3452,1.);
#3452 = DIRECTION('',(0.917707859017,4.854708357882E-02,0.394278412006)
  );
#3453 = ADVANCED_FACE('',(#3454),#3466,.F.);
#3454 = FACE_BOUND('',#3455,.F.);
#3455 = EDGE_LOOP('',(#3456,#3457,#3464,#3465));
#3456 = ORIENTED_EDGE('',*,*,#724,.F.);
#3457 = ORIENTED_EDGE('',*,*,#3458,.T.);
#3458 = EDGE_CURVE('',#703,#2728,#3459,.T.);
#3459 = CIRCLE('',#3460,0.2);
#3460 = AXIS2_PLACEMENT_3D('',#3461,#3462,#3463);
#3461 = CARTESIAN_POINT('',(15.514280039277,26.5,20.106952274788));
#3462 = DIRECTION('',(-4.336808689942E-18,1.,-3.469446951954E-17));
#3463 = DIRECTION('',(-1.52655665886E-16,3.469446951954E-17,1.));
#3464 = ORIENTED_EDGE('',*,*,#2727,.T.);
#3465 = ORIENTED_EDGE('',*,*,#3437,.F.);
#3466 = SURFACE_OF_LINEAR_EXTRUSION('',#3467,#3472);
#3467 = CIRCLE('',#3468,0.2);
#3468 = AXIS2_PLACEMENT_3D('',#3469,#3470,#3471);
#3469 = CARTESIAN_POINT('',(15.514280039277,26.5,20.106952274788));
#3470 = DIRECTION('',(-2.602085213965E-18,1.,-4.857225732735E-17));
#3471 = DIRECTION('',(-1.665334536938E-16,4.857225732735E-17,1.));
#3472 = VECTOR('',#3473,1.);
#3473 = DIRECTION('',(0.977891075263,4.854708357882E-02,0.203401636173)
  );
#3474 = ADVANCED_FACE('',(#3475),#3487,.F.);
#3475 = FACE_BOUND('',#3476,.F.);
#3476 = EDGE_LOOP('',(#3477,#3478,#3485,#3486));
#3477 = ORIENTED_EDGE('',*,*,#702,.F.);
#3478 = ORIENTED_EDGE('',*,*,#3479,.T.);
#3479 = EDGE_CURVE('',#681,#2750,#3480,.T.);
#3480 = CIRCLE('',#3481,0.2);
#3481 = AXIS2_PLACEMENT_3D('',#3482,#3483,#3484);
#3482 = CARTESIAN_POINT('',(14.5284388976,26.452083333333,
    20.102650704033));
#3483 = DIRECTION('',(-4.336808689942E-18,1.,-4.163336342344E-17));
#3484 = DIRECTION('',(-1.665334536938E-16,4.163336342344E-17,1.));
#3485 = ORIENTED_EDGE('',*,*,#2749,.T.);
#3486 = ORIENTED_EDGE('',*,*,#3458,.F.);
#3487 = SURFACE_OF_LINEAR_EXTRUSION('',#3488,#3493);
#3488 = CIRCLE('',#3489,0.2);
#3489 = AXIS2_PLACEMENT_3D('',#3490,#3491,#3492);
#3490 = CARTESIAN_POINT('',(14.5284388976,26.452083333333,
    20.102650704033));
#3491 = DIRECTION('',(-4.336808689942E-18,1.,-3.469446951954E-17));
#3492 = DIRECTION('',(-1.52655665886E-16,3.469446951954E-17,1.));
#3493 = VECTOR('',#3494,1.);
#3494 = DIRECTION('',(0.998811387139,4.854708357882E-02,
    4.358164485794E-03));
#3495 = ADVANCED_FACE('',(#3496),#3508,.F.);
#3496 = FACE_BOUND('',#3497,.F.);
#3497 = EDGE_LOOP('',(#3498,#3499,#3506,#3507));
#3498 = ORIENTED_EDGE('',*,*,#680,.F.);
#3499 = ORIENTED_EDGE('',*,*,#3500,.T.);
#3500 = EDGE_CURVE('',#659,#2772,#3501,.T.);
#3501 = CIRCLE('',#3502,0.2);
#3502 = AXIS2_PLACEMENT_3D('',#3503,#3504,#3505);
#3503 = CARTESIAN_POINT('',(13.561531212764,26.404166666667,
    20.294980600662));
#3504 = DIRECTION('',(-1.127570259385E-17,1.,-3.469446951954E-17));
#3505 = DIRECTION('',(-1.52655665886E-16,3.469446951954E-17,1.));
#3506 = ORIENTED_EDGE('',*,*,#2771,.T.);
#3507 = ORIENTED_EDGE('',*,*,#3479,.F.);
#3508 = SURFACE_OF_LINEAR_EXTRUSION('',#3509,#3514);
#3509 = CIRCLE('',#3510,0.2);
#3510 = AXIS2_PLACEMENT_3D('',#3511,#3512,#3513);
#3511 = CARTESIAN_POINT('',(13.561531212764,26.404166666667,
    20.294980600662));
#3512 = DIRECTION('',(-4.336808689942E-18,1.,-4.163336342344E-17));
#3513 = DIRECTION('',(-1.665334536938E-16,4.163336342344E-17,1.));
#3514 = VECTOR('',#3515,1.);
#3515 = DIRECTION('',(0.979628831765,4.854708357882E-02,-0.19486029008)
  );
#3516 = ADVANCED_FACE('',(#3517),#3529,.F.);
#3517 = FACE_BOUND('',#3518,.F.);
#3518 = EDGE_LOOP('',(#3519,#3520,#3527,#3528));
#3519 = ORIENTED_EDGE('',*,*,#658,.F.);
#3520 = ORIENTED_EDGE('',*,*,#3521,.T.);
#3521 = EDGE_CURVE('',#637,#2794,#3522,.T.);
#3522 = CIRCLE('',#3523,0.2);
#3523 = AXIS2_PLACEMENT_3D('',#3524,#3525,#3526);
#3524 = CARTESIAN_POINT('',(12.652378899523,26.35625,20.676219805703));
#3525 = DIRECTION('',(-1.821459649776E-17,1.,-4.857225732735E-17));
#3526 = DIRECTION('',(-1.665334536938E-16,4.857225732735E-17,1.));
#3527 = ORIENTED_EDGE('',*,*,#2793,.T.);
#3528 = ORIENTED_EDGE('',*,*,#3500,.F.);
#3529 = SURFACE_OF_LINEAR_EXTRUSION('',#3530,#3535);
#3530 = CIRCLE('',#3531,0.2);
#3531 = AXIS2_PLACEMENT_3D('',#3532,#3533,#3534);
#3532 = CARTESIAN_POINT('',(12.652378899523,26.35625,20.676219805703));
#3533 = DIRECTION('',(-1.127570259385E-17,1.,-3.469446951954E-17));
#3534 = DIRECTION('',(-1.52655665886E-16,3.469446951954E-17,1.));
#3535 = VECTOR('',#3536,1.);
#3536 = DIRECTION('',(0.921113600073,4.854708357882E-02,-0.386254988883)
  );
#3537 = ADVANCED_FACE('',(#3538),#3550,.F.);
#3538 = FACE_BOUND('',#3539,.F.);
#3539 = EDGE_LOOP('',(#3540,#3541,#3548,#3549));
#3540 = ORIENTED_EDGE('',*,*,#636,.F.);
#3541 = ORIENTED_EDGE('',*,*,#3542,.T.);
#3542 = EDGE_CURVE('',#615,#2816,#3543,.T.);
#3543 = CIRCLE('',#3544,0.2);
#3544 = AXIS2_PLACEMENT_3D('',#3545,#3546,#3547);
#3545 = CARTESIAN_POINT('',(11.837484960342,26.308333333333,
    21.231061339855));
#3546 = DIRECTION('',(-1.908195823574E-17,1.,-3.469446951954E-17));
#3547 = DIRECTION('',(-1.665334536938E-16,3.469446951954E-17,1.));
#3548 = ORIENTED_EDGE('',*,*,#2815,.T.);
#3549 = ORIENTED_EDGE('',*,*,#3521,.F.);
#3550 = SURFACE_OF_LINEAR_EXTRUSION('',#3551,#3556);
#3551 = CIRCLE('',#3552,0.2);
#3552 = AXIS2_PLACEMENT_3D('',#3553,#3554,#3555);
#3553 = CARTESIAN_POINT('',(11.837484960342,26.308333333333,
    21.231061339855));
#3554 = DIRECTION('',(-1.821459649776E-17,1.,-4.857225732735E-17));
#3555 = DIRECTION('',(-1.665334536938E-16,4.857225732735E-17,1.));
#3556 = VECTOR('',#3557,1.);
#3557 = DIRECTION('',(0.825615113181,4.854708357882E-02,-0.5621413217));
#3558 = ADVANCED_FACE('',(#3559),#3571,.F.);
#3559 = FACE_BOUND('',#3560,.F.);
#3560 = EDGE_LOOP('',(#3561,#3562,#3569,#3570));
#3561 = ORIENTED_EDGE('',*,*,#614,.F.);
#3562 = ORIENTED_EDGE('',*,*,#3563,.T.);
#3563 = EDGE_CURVE('',#593,#2838,#3564,.T.);
#3564 = CIRCLE('',#3565,0.2);
#3565 = AXIS2_PLACEMENT_3D('',#3566,#3567,#3568);
#3566 = CARTESIAN_POINT('',(11.149567868286,26.260416666667,
    21.937227987743));
#3567 = DIRECTION('',(-1.387778780781E-17,1.,6.938893903907E-18));
#3568 = DIRECTION('',(-2.081668171172E-16,-6.938893903907E-18,1.));
#3569 = ORIENTED_EDGE('',*,*,#2837,.T.);
#3570 = ORIENTED_EDGE('',*,*,#3542,.F.);
#3571 = SURFACE_OF_LINEAR_EXTRUSION('',#3572,#3577);
#3572 = CIRCLE('',#3573,0.2);
#3573 = AXIS2_PLACEMENT_3D('',#3574,#3575,#3576);
#3574 = CARTESIAN_POINT('',(11.149567868286,26.260416666667,
    21.937227987743));
#3575 = DIRECTION('',(-1.908195823574E-17,1.,-3.469446951954E-17));
#3576 = DIRECTION('',(-1.665334536938E-16,3.469446951954E-17,1.));
#3577 = VECTOR('',#3578,1.);
#3578 = DIRECTION('',(0.696967691757,4.854708357882E-02,-0.715457348361)
  );
#3579 = ADVANCED_FACE('',(#3580),#3592,.F.);
#3580 = FACE_BOUND('',#3581,.F.);
#3581 = EDGE_LOOP('',(#3582,#3583,#3590,#3591));
#3582 = ORIENTED_EDGE('',*,*,#592,.F.);
#3583 = ORIENTED_EDGE('',*,*,#3584,.T.);
#3584 = EDGE_CURVE('',#571,#2860,#3585,.T.);
#3585 = CIRCLE('',#3586,0.2);
#3586 = AXIS2_PLACEMENT_3D('',#3587,#3588,#3589);
#3587 = CARTESIAN_POINT('',(10.616247900993,26.2125,22.766366741281));
#3588 = DIRECTION('',(-8.673617379884E-18,1.,6.938893903907E-18));
#3589 = DIRECTION('',(-2.081668171172E-16,-6.938893903907E-18,1.));
#3590 = ORIENTED_EDGE('',*,*,#2859,.T.);
#3591 = ORIENTED_EDGE('',*,*,#3563,.F.);
#3592 = SURFACE_OF_LINEAR_EXTRUSION('',#3593,#3598);
#3593 = CIRCLE('',#3594,0.2);
#3594 = AXIS2_PLACEMENT_3D('',#3595,#3596,#3597);
#3595 = CARTESIAN_POINT('',(10.616247900993,26.2125,22.766366741281));
#3596 = DIRECTION('',(-1.387778780781E-17,1.,6.938893903907E-18));
#3597 = DIRECTION('',(-2.081668171172E-16,-6.938893903907E-18,1.));
#3598 = VECTOR('',#3599,1.);
#3599 = DIRECTION('',(0.540336605769,4.854708357882E-02,-0.840047339822)
  );
#3600 = ADVANCED_FACE('',(#3601),#3613,.F.);
#3601 = FACE_BOUND('',#3602,.F.);
#3602 = EDGE_LOOP('',(#3603,#3604,#3611,#3612));
#3603 = ORIENTED_EDGE('',*,*,#570,.F.);
#3604 = ORIENTED_EDGE('',*,*,#3605,.T.);
#3605 = EDGE_CURVE('',#549,#2882,#3606,.T.);
#3606 = CIRCLE('',#3607,0.2);
#3607 = AXIS2_PLACEMENT_3D('',#3608,#3609,#3610);
#3608 = CARTESIAN_POINT('',(10.258938170214,26.164583333333,
    23.685187189695));
#3609 = DIRECTION('',(-1.127570259385E-17,1.,1.387778780781E-17));
#3610 = DIRECTION('',(-2.081668171172E-16,-1.387778780781E-17,1.));
#3611 = ORIENTED_EDGE('',*,*,#2881,.T.);
#3612 = ORIENTED_EDGE('',*,*,#3584,.F.);
#3613 = SURFACE_OF_LINEAR_EXTRUSION('',#3614,#3619);
#3614 = CIRCLE('',#3615,0.2);
#3615 = AXIS2_PLACEMENT_3D('',#3616,#3617,#3618);
#3616 = CARTESIAN_POINT('',(10.258938170214,26.164583333333,
    23.685187189695));
#3617 = DIRECTION('',(-8.673617379884E-18,1.,6.938893903907E-18));
#3618 = DIRECTION('',(-2.081668171172E-16,-6.938893903907E-18,1.));
#3619 = VECTOR('',#3620,1.);
#3620 = DIRECTION('',(0.362010685851,4.854708357882E-02,-0.930908934325)
  );
#3621 = ADVANCED_FACE('',(#3622),#3634,.F.);
#3622 = FACE_BOUND('',#3623,.F.);
#3623 = EDGE_LOOP('',(#3624,#3625,#3632,#3633));
#3624 = ORIENTED_EDGE('',*,*,#548,.F.);
#3625 = ORIENTED_EDGE('',*,*,#3626,.T.);
#3626 = EDGE_CURVE('',#527,#2904,#3627,.T.);
#3627 = CIRCLE('',#3628,0.2);
#3628 = AXIS2_PLACEMENT_3D('',#3629,#3630,#3631);
#3629 = CARTESIAN_POINT('',(10.091984872722,26.116666666667,
    24.656798149179));
#3630 = DIRECTION('',(-1.301042606983E-17,1.,-2.081668171172E-17));
#3631 = DIRECTION('',(-2.359223927328E-16,2.081668171172E-17,1.));
#3632 = ORIENTED_EDGE('',*,*,#2903,.T.);
#3633 = ORIENTED_EDGE('',*,*,#3605,.F.);
#3634 = SURFACE_OF_LINEAR_EXTRUSION('',#3635,#3640);
#3635 = CIRCLE('',#3636,0.2);
#3636 = AXIS2_PLACEMENT_3D('',#3637,#3638,#3639);
#3637 = CARTESIAN_POINT('',(10.091984872722,26.116666666667,
    24.656798149179));
#3638 = DIRECTION('',(-1.127570259385E-17,1.,1.387778780781E-17));
#3639 = DIRECTION('',(-2.081668171172E-16,-1.387778780781E-17,1.));
#3640 = VECTOR('',#3641,1.);
#3641 = DIRECTION('',(0.169149823035,4.854708357882E-02,-0.984393985172)
  );
#3642 = ADVANCED_FACE('',(#3643),#3655,.F.);
#3643 = FACE_BOUND('',#3644,.F.);
#3644 = EDGE_LOOP('',(#3645,#3646,#3653,#3654));
#3645 = ORIENTED_EDGE('',*,*,#526,.F.);
#3646 = ORIENTED_EDGE('',*,*,#3647,.T.);
#3647 = EDGE_CURVE('',#505,#2926,#3648,.T.);
#3648 = CIRCLE('',#3649,0.2);
#3649 = AXIS2_PLACEMENT_3D('',#3650,#3651,#3652);
#3650 = CARTESIAN_POINT('',(10.122091282041,26.06875,25.642188865723));
#3651 = DIRECTION('',(-1.47451495458E-17,1.,-6.938893903907E-18));
#3652 = DIRECTION('',(-2.22044604925E-16,6.938893903907E-18,1.));
#3653 = ORIENTED_EDGE('',*,*,#2925,.T.);
#3654 = ORIENTED_EDGE('',*,*,#3626,.F.);
#3655 = SURFACE_OF_LINEAR_EXTRUSION('',#3656,#3661);
#3656 = CIRCLE('',#3657,0.2);
#3657 = AXIS2_PLACEMENT_3D('',#3658,#3659,#3660);
#3658 = CARTESIAN_POINT('',(10.122091282041,26.06875,25.642188865723));
#3659 = DIRECTION('',(-1.301042606983E-17,1.,-2.081668171172E-17));
#3660 = DIRECTION('',(-2.359223927328E-16,2.081668171172E-17,1.));
#3661 = VECTOR('',#3662,1.);
#3662 = DIRECTION('',(-3.050250510213E-02,4.854708357882E-02,
    -0.998355035976));
#3663 = ADVANCED_FACE('',(#3664),#3676,.F.);
#3664 = FACE_BOUND('',#3665,.F.);
#3665 = EDGE_LOOP('',(#3666,#3667,#3674,#3675));
#3666 = ORIENTED_EDGE('',*,*,#504,.F.);
#3667 = ORIENTED_EDGE('',*,*,#3668,.T.);
#3668 = EDGE_CURVE('',#483,#2948,#3669,.T.);
#3669 = CIRCLE('',#3670,0.2);
#3670 = AXIS2_PLACEMENT_3D('',#3671,#3672,#3673);
#3671 = CARTESIAN_POINT('',(10.348048608051,26.020833333333,
    26.601795319929));
#3672 = DIRECTION('',(-1.214306433184E-17,1.,2.081668171172E-17));
#3673 = DIRECTION('',(-2.775557561563E-16,-2.081668171172E-17,1.));
#3674 = ORIENTED_EDGE('',*,*,#2947,.T.);
#3675 = ORIENTED_EDGE('',*,*,#3647,.F.);
#3676 = SURFACE_OF_LINEAR_EXTRUSION('',#3677,#3682);
#3677 = CIRCLE('',#3678,0.2);
#3678 = AXIS2_PLACEMENT_3D('',#3679,#3680,#3681);
#3679 = CARTESIAN_POINT('',(10.348048608051,26.020833333333,
    26.601795319929));
#3680 = DIRECTION('',(-1.47451495458E-17,1.,-6.938893903907E-18));
#3681 = DIRECTION('',(-2.22044604925E-16,6.938893903907E-18,1.));
#3682 = VECTOR('',#3683,1.);
#3683 = DIRECTION('',(-0.22893013964,4.854708357882E-02,-0.972231542299)
  );
#3684 = ADVANCED_FACE('',(#3685),#3705,.F.);
#3685 = FACE_BOUND('',#3686,.F.);
#3686 = EDGE_LOOP('',(#3687,#3696,#3702,#3703,#3704));
#3687 = ORIENTED_EDGE('',*,*,#3688,.T.);
#3688 = EDGE_CURVE('',#461,#3689,#3691,.T.);
#3689 = VERTEX_POINT('',#3690);
#3690 = CARTESIAN_POINT('',(10.760784530628,25.972916666667,
    27.697088745767));
#3691 = CIRCLE('',#3692,0.2);
#3692 = AXIS2_PLACEMENT_3D('',#3693,#3694,#3695);
#3693 = CARTESIAN_POINT('',(10.760784530628,25.972916666667,
    27.497088745767));
#3694 = DIRECTION('',(-7.806255641896E-18,1.,2.775557561563E-17));
#3695 = DIRECTION('',(-2.22044604925E-16,-2.775557561563E-17,1.));
#3696 = ORIENTED_EDGE('',*,*,#3697,.T.);
#3697 = EDGE_CURVE('',#3689,#2970,#3698,.T.);
#3698 = LINE('',#3699,#3700);
#3699 = CARTESIAN_POINT('',(10.760784530628,25.972916666667,
    27.697088745767));
#3700 = VECTOR('',#3701,1.);
#3701 = DIRECTION('',(-0.418166093829,4.854708357882E-02,-0.907072377844
    ));
#3702 = ORIENTED_EDGE('',*,*,#2969,.T.);
#3703 = ORIENTED_EDGE('',*,*,#3668,.F.);
#3704 = ORIENTED_EDGE('',*,*,#482,.F.);
#3705 = SURFACE_OF_LINEAR_EXTRUSION('',#3706,#3711);
#3706 = CIRCLE('',#3707,0.2);
#3707 = AXIS2_PLACEMENT_3D('',#3708,#3709,#3710);
#3708 = CARTESIAN_POINT('',(10.760784530628,25.972916666667,
    27.497088745767));
#3709 = DIRECTION('',(-1.214306433184E-17,1.,2.081668171172E-17));
#3710 = DIRECTION('',(-2.775557561563E-16,-2.081668171172E-17,1.));
#3711 = VECTOR('',#3712,1.);
#3712 = DIRECTION('',(-0.418166093829,4.854708357882E-02,-0.907072377844
    ));
#3713 = ADVANCED_FACE('',(#3714),#3733,.F.);
#3714 = FACE_BOUND('',#3715,.F.);
#3715 = EDGE_LOOP('',(#3716,#3725,#3731,#3732));
#3716 = ORIENTED_EDGE('',*,*,#3717,.T.);
#3717 = EDGE_CURVE('',#439,#3718,#3720,.T.);
#3718 = VERTEX_POINT('',#3719);
#3719 = CARTESIAN_POINT('',(11.343727458651,25.925,28.492122583286));
#3720 = CIRCLE('',#3721,0.2);
#3721 = AXIS2_PLACEMENT_3D('',#3722,#3723,#3724);
#3722 = CARTESIAN_POINT('',(11.343727458651,25.925,28.292122583286));
#3723 = DIRECTION('',(-9.540979117872E-18,1.,-1.721299887796E-33));
#3724 = DIRECTION('',(-1.804112415016E-16,0.,1.));
#3725 = ORIENTED_EDGE('',*,*,#3726,.T.);
#3726 = EDGE_CURVE('',#3718,#3689,#3727,.T.);
#3727 = LINE('',#3728,#3729);
#3728 = CARTESIAN_POINT('',(11.343727458651,25.925,28.492122583286));
#3729 = VECTOR('',#3730,1.);
#3730 = DIRECTION('',(-0.590612432315,4.854708357882E-02,-0.805493721559
    ));
#3731 = ORIENTED_EDGE('',*,*,#3688,.F.);
#3732 = ORIENTED_EDGE('',*,*,#460,.F.);
#3733 = SURFACE_OF_LINEAR_EXTRUSION('',#3734,#3739);
#3734 = CIRCLE('',#3735,0.2);
#3735 = AXIS2_PLACEMENT_3D('',#3736,#3737,#3738);
#3736 = CARTESIAN_POINT('',(11.343727458651,25.925,28.292122583286));
#3737 = DIRECTION('',(-7.806255641896E-18,1.,2.775557561563E-17));
#3738 = DIRECTION('',(-2.22044604925E-16,-2.775557561563E-17,1.));
#3739 = VECTOR('',#3740,1.);
#3740 = DIRECTION('',(-0.590612432315,4.854708357882E-02,-0.805493721559
    ));
#3741 = ADVANCED_FACE('',(#3742),#3761,.F.);
#3742 = FACE_BOUND('',#3743,.F.);
#3743 = EDGE_LOOP('',(#3744,#3753,#3759,#3760));
#3744 = ORIENTED_EDGE('',*,*,#3745,.T.);
#3745 = EDGE_CURVE('',#417,#3746,#3748,.T.);
#3746 = VERTEX_POINT('',#3747);
#3747 = CARTESIAN_POINT('',(12.073471889183,25.877083333333,
    29.154975754237));
#3748 = CIRCLE('',#3749,0.2);
#3749 = AXIS2_PLACEMENT_3D('',#3750,#3751,#3752);
#3750 = CARTESIAN_POINT('',(12.073471889183,25.877083333333,
    28.954975754237));
#3751 = DIRECTION('',(-9.540979117872E-18,1.,2.081668171172E-17));
#3752 = DIRECTION('',(-1.665334536938E-16,-2.081668171172E-17,1.));
#3753 = ORIENTED_EDGE('',*,*,#3754,.T.);
#3754 = EDGE_CURVE('',#3746,#3718,#3755,.T.);
#3755 = LINE('',#3756,#3757);
#3756 = CARTESIAN_POINT('',(12.073471889183,25.877083333333,
    29.154975754237));
#3757 = VECTOR('',#3758,1.);
#3758 = DIRECTION('',(-0.739345332735,4.854708357882E-02,-0.671574016501
    ));
#3759 = ORIENTED_EDGE('',*,*,#3717,.F.);
#3760 = ORIENTED_EDGE('',*,*,#438,.F.);
#3761 = SURFACE_OF_LINEAR_EXTRUSION('',#3762,#3767);
#3762 = CIRCLE('',#3763,0.2);
#3763 = AXIS2_PLACEMENT_3D('',#3764,#3765,#3766);
#3764 = CARTESIAN_POINT('',(12.073471889183,25.877083333333,
    28.954975754237));
#3765 = DIRECTION('',(-9.540979117872E-18,1.,-1.721299887796E-33));
#3766 = DIRECTION('',(-1.804112415016E-16,0.,1.));
#3767 = VECTOR('',#3768,1.);
#3768 = DIRECTION('',(-0.739345332735,4.854708357882E-02,-0.671574016501
    ));
#3769 = ADVANCED_FACE('',(#3770),#3789,.F.);
#3770 = FACE_BOUND('',#3771,.F.);
#3771 = EDGE_LOOP('',(#3772,#3781,#3787,#3788));
#3772 = ORIENTED_EDGE('',*,*,#3773,.T.);
#3773 = EDGE_CURVE('',#395,#3774,#3776,.T.);
#3774 = VERTEX_POINT('',#3775);
#3775 = CARTESIAN_POINT('',(12.920718152236,25.829166666667,
    29.65903431222));
#3776 = CIRCLE('',#3777,0.2);
#3777 = AXIS2_PLACEMENT_3D('',#3778,#3779,#3780);
#3778 = CARTESIAN_POINT('',(12.920718152236,25.829166666667,
    29.45903431222));
#3779 = DIRECTION('',(-3.469446951954E-18,1.,1.387778780781E-17));
#3780 = DIRECTION('',(-1.110223024625E-16,-1.387778780781E-17,1.));
#3781 = ORIENTED_EDGE('',*,*,#3782,.T.);
#3782 = EDGE_CURVE('',#3774,#3746,#3783,.T.);
#3783 = LINE('',#3784,#3785);
#3784 = CARTESIAN_POINT('',(12.920718152236,25.829166666667,
    29.65903431222));
#3785 = VECTOR('',#3786,1.);
#3786 = DIRECTION('',(-0.858393081271,4.854708357882E-02,-0.510690217942
    ));
#3787 = ORIENTED_EDGE('',*,*,#3745,.F.);
#3788 = ORIENTED_EDGE('',*,*,#416,.F.);
#3789 = SURFACE_OF_LINEAR_EXTRUSION('',#3790,#3795);
#3790 = CIRCLE('',#3791,0.2);
#3791 = AXIS2_PLACEMENT_3D('',#3792,#3793,#3794);
#3792 = CARTESIAN_POINT('',(12.920718152236,25.829166666667,
    29.45903431222));
#3793 = DIRECTION('',(-9.540979117872E-18,1.,2.081668171172E-17));
#3794 = DIRECTION('',(-1.665334536938E-16,-2.081668171172E-17,1.));
#3795 = VECTOR('',#3796,1.);
#3796 = DIRECTION('',(-0.858393081271,4.854708357882E-02,-0.510690217942
    ));
#3797 = ADVANCED_FACE('',(#3798),#3815,.F.);
#3798 = FACE_BOUND('',#3799,.F.);
#3799 = EDGE_LOOP('',(#3800,#3807,#3813,#3814));
#3800 = ORIENTED_EDGE('',*,*,#3801,.T.);
#3801 = EDGE_CURVE('',#373,#1889,#3802,.T.);
#3802 = CIRCLE('',#3803,0.2);
#3803 = AXIS2_PLACEMENT_3D('',#3804,#3805,#3806);
#3804 = CARTESIAN_POINT('',(13.851448809829,25.78125,29.784060008357));
#3805 = DIRECTION('',(-8.673617379884E-19,1.,1.387778780781E-17));
#3806 = DIRECTION('',(-4.163336342344E-17,-1.387778780781E-17,1.));
#3807 = ORIENTED_EDGE('',*,*,#3808,.T.);
#3808 = EDGE_CURVE('',#1889,#3774,#3809,.T.);
#3809 = LINE('',#3810,#3811);
#3810 = CARTESIAN_POINT('',(13.851448809829,25.78125,29.984060008357));
#3811 = VECTOR('',#3812,1.);
#3812 = DIRECTION('',(-0.942975840491,4.854708357882E-02,-0.329301905438
    ));
#3813 = ORIENTED_EDGE('',*,*,#3773,.F.);
#3814 = ORIENTED_EDGE('',*,*,#394,.F.);
#3815 = SURFACE_OF_LINEAR_EXTRUSION('',#3816,#3821);
#3816 = CIRCLE('',#3817,0.2);
#3817 = AXIS2_PLACEMENT_3D('',#3818,#3819,#3820);
#3818 = CARTESIAN_POINT('',(13.851448809829,25.78125,29.784060008357));
#3819 = DIRECTION('',(-3.469446951954E-18,1.,1.387778780781E-17));
#3820 = DIRECTION('',(-1.110223024625E-16,-1.387778780781E-17,1.));
#3821 = VECTOR('',#3822,1.);
#3822 = DIRECTION('',(-0.942975840491,4.854708357882E-02,-0.329301905438
    ));
#3823 = ADVANCED_FACE('',(#3824),#3830,.F.);
#3824 = FACE_BOUND('',#3825,.F.);
#3825 = EDGE_LOOP('',(#3826,#3827,#3828,#3829));
#3826 = ORIENTED_EDGE('',*,*,#1504,.T.);
#3827 = ORIENTED_EDGE('',*,*,#1888,.T.);
#3828 = ORIENTED_EDGE('',*,*,#3801,.F.);
#3829 = ORIENTED_EDGE('',*,*,#372,.F.);
#3830 = SURFACE_OF_LINEAR_EXTRUSION('',#3831,#3836);
#3831 = CIRCLE('',#3832,0.2);
#3832 = AXIS2_PLACEMENT_3D('',#3833,#3834,#3835);
#3833 = CARTESIAN_POINT('',(14.828294476224,25.733333333333,
    29.917002868934));
#3834 = DIRECTION('',(-8.673617379884E-19,1.,1.387778780781E-17));
#3835 = DIRECTION('',(-4.163336342344E-17,-1.387778780781E-17,1.));
#3836 = VECTOR('',#3837,1.);
#3837 = DIRECTION('',(-0.989697562645,4.854708357882E-02,-0.134691926894
    ));
#3838 = ADVANCED_FACE('',(#3839),#3851,.F.);
#3839 = FACE_BOUND('',#3840,.F.);
#3840 = EDGE_LOOP('',(#3841,#3842,#3843,#3844));
#3841 = ORIENTED_EDGE('',*,*,#3808,.F.);
#3842 = ORIENTED_EDGE('',*,*,#1920,.T.);
#3843 = ORIENTED_EDGE('',*,*,#3065,.T.);
#3844 = ORIENTED_EDGE('',*,*,#3845,.F.);
#3845 = EDGE_CURVE('',#3774,#3044,#3846,.T.);
#3846 = CIRCLE('',#3847,0.2);
#3847 = AXIS2_PLACEMENT_3D('',#3848,#3849,#3850);
#3848 = CARTESIAN_POINT('',(12.920718152236,25.829166666667,
    29.45903431222));
#3849 = DIRECTION('',(-3.469446951954E-18,1.,1.387778780781E-17));
#3850 = DIRECTION('',(-1.110223024625E-16,-1.387778780781E-17,1.));
#3851 = SURFACE_OF_LINEAR_EXTRUSION('',#3852,#3857);
#3852 = CIRCLE('',#3853,0.2);
#3853 = AXIS2_PLACEMENT_3D('',#3854,#3855,#3856);
#3854 = CARTESIAN_POINT('',(13.851448809829,25.78125,29.784060008357));
#3855 = DIRECTION('',(-3.469446951954E-18,1.,1.387778780781E-17));
#3856 = DIRECTION('',(-1.110223024625E-16,-1.387778780781E-17,1.));
#3857 = VECTOR('',#3858,1.);
#3858 = DIRECTION('',(-0.942975840491,4.854708357882E-02,-0.329301905438
    ));
#3859 = ADVANCED_FACE('',(#3860),#3872,.F.);
#3860 = FACE_BOUND('',#3861,.F.);
#3861 = EDGE_LOOP('',(#3862,#3863,#3864,#3865));
#3862 = ORIENTED_EDGE('',*,*,#3782,.F.);
#3863 = ORIENTED_EDGE('',*,*,#3845,.T.);
#3864 = ORIENTED_EDGE('',*,*,#3043,.T.);
#3865 = ORIENTED_EDGE('',*,*,#3866,.F.);
#3866 = EDGE_CURVE('',#3746,#3022,#3867,.T.);
#3867 = CIRCLE('',#3868,0.2);
#3868 = AXIS2_PLACEMENT_3D('',#3869,#3870,#3871);
#3869 = CARTESIAN_POINT('',(12.073471889183,25.877083333333,
    28.954975754237));
#3870 = DIRECTION('',(-9.540979117872E-18,1.,2.081668171172E-17));
#3871 = DIRECTION('',(-1.665334536938E-16,-2.081668171172E-17,1.));
#3872 = SURFACE_OF_LINEAR_EXTRUSION('',#3873,#3878);
#3873 = CIRCLE('',#3874,0.2);
#3874 = AXIS2_PLACEMENT_3D('',#3875,#3876,#3877);
#3875 = CARTESIAN_POINT('',(12.920718152236,25.829166666667,
    29.45903431222));
#3876 = DIRECTION('',(-9.540979117872E-18,1.,2.081668171172E-17));
#3877 = DIRECTION('',(-1.665334536938E-16,-2.081668171172E-17,1.));
#3878 = VECTOR('',#3879,1.);
#3879 = DIRECTION('',(-0.858393081271,4.854708357882E-02,-0.510690217942
    ));
#3880 = ADVANCED_FACE('',(#3881),#3893,.F.);
#3881 = FACE_BOUND('',#3882,.F.);
#3882 = EDGE_LOOP('',(#3883,#3884,#3885,#3886));
#3883 = ORIENTED_EDGE('',*,*,#3754,.F.);
#3884 = ORIENTED_EDGE('',*,*,#3866,.T.);
#3885 = ORIENTED_EDGE('',*,*,#3021,.T.);
#3886 = ORIENTED_EDGE('',*,*,#3887,.F.);
#3887 = EDGE_CURVE('',#3718,#3000,#3888,.T.);
#3888 = CIRCLE('',#3889,0.2);
#3889 = AXIS2_PLACEMENT_3D('',#3890,#3891,#3892);
#3890 = CARTESIAN_POINT('',(11.343727458651,25.925,28.292122583286));
#3891 = DIRECTION('',(-9.540979117872E-18,1.,-1.721299887796E-33));
#3892 = DIRECTION('',(-1.804112415016E-16,0.,1.));
#3893 = SURFACE_OF_LINEAR_EXTRUSION('',#3894,#3899);
#3894 = CIRCLE('',#3895,0.2);
#3895 = AXIS2_PLACEMENT_3D('',#3896,#3897,#3898);
#3896 = CARTESIAN_POINT('',(12.073471889183,25.877083333333,
    28.954975754237));
#3897 = DIRECTION('',(-9.540979117872E-18,1.,-1.721299887796E-33));
#3898 = DIRECTION('',(-1.804112415016E-16,0.,1.));
#3899 = VECTOR('',#3900,1.);
#3900 = DIRECTION('',(-0.739345332735,4.854708357882E-02,-0.671574016501
    ));
#3901 = ADVANCED_FACE('',(#3902),#3914,.F.);
#3902 = FACE_BOUND('',#3903,.F.);
#3903 = EDGE_LOOP('',(#3904,#3905,#3906,#3907));
#3904 = ORIENTED_EDGE('',*,*,#3726,.F.);
#3905 = ORIENTED_EDGE('',*,*,#3887,.T.);
#3906 = ORIENTED_EDGE('',*,*,#2999,.T.);
#3907 = ORIENTED_EDGE('',*,*,#3908,.F.);
#3908 = EDGE_CURVE('',#3689,#2989,#3909,.T.);
#3909 = CIRCLE('',#3910,0.2);
#3910 = AXIS2_PLACEMENT_3D('',#3911,#3912,#3913);
#3911 = CARTESIAN_POINT('',(10.760784530628,25.972916666667,
    27.497088745767));
#3912 = DIRECTION('',(-7.806255641896E-18,1.,2.775557561563E-17));
#3913 = DIRECTION('',(-2.22044604925E-16,-2.775557561563E-17,1.));
#3914 = SURFACE_OF_LINEAR_EXTRUSION('',#3915,#3920);
#3915 = CIRCLE('',#3916,0.2);
#3916 = AXIS2_PLACEMENT_3D('',#3917,#3918,#3919);
#3917 = CARTESIAN_POINT('',(11.343727458651,25.925,28.292122583286));
#3918 = DIRECTION('',(-7.806255641896E-18,1.,2.775557561563E-17));
#3919 = DIRECTION('',(-2.22044604925E-16,-2.775557561563E-17,1.));
#3920 = VECTOR('',#3921,1.);
#3921 = DIRECTION('',(-0.590612432315,4.854708357882E-02,-0.805493721559
    ));
#3922 = ADVANCED_FACE('',(#3923),#3928,.F.);
#3923 = FACE_BOUND('',#3924,.F.);
#3924 = EDGE_LOOP('',(#3925,#3926,#3927));
#3925 = ORIENTED_EDGE('',*,*,#3697,.F.);
#3926 = ORIENTED_EDGE('',*,*,#3908,.T.);
#3927 = ORIENTED_EDGE('',*,*,#2988,.T.);
#3928 = SURFACE_OF_LINEAR_EXTRUSION('',#3929,#3934);
#3929 = CIRCLE('',#3930,0.2);
#3930 = AXIS2_PLACEMENT_3D('',#3931,#3932,#3933);
#3931 = CARTESIAN_POINT('',(10.760784530628,25.972916666667,
    27.497088745767));
#3932 = DIRECTION('',(-1.214306433184E-17,1.,2.081668171172E-17));
#3933 = DIRECTION('',(-2.775557561563E-16,-2.081668171172E-17,1.));
#3934 = VECTOR('',#3935,1.);
#3935 = DIRECTION('',(-0.418166093829,4.854708357882E-02,-0.907072377844
    ));
#3936 = ADVANCED_FACE('',(#3937),#3949,.F.);
#3937 = FACE_BOUND('',#3938,.F.);
#3938 = EDGE_LOOP('',(#3939,#3940,#3941,#3942));
#3939 = ORIENTED_EDGE('',*,*,#3223,.F.);
#3940 = ORIENTED_EDGE('',*,*,#3271,.T.);
#3941 = ORIENTED_EDGE('',*,*,#2507,.T.);
#3942 = ORIENTED_EDGE('',*,*,#3943,.F.);
#3943 = EDGE_CURVE('',#3187,#2486,#3944,.T.);
#3944 = CIRCLE('',#3945,0.2);
#3945 = AXIS2_PLACEMENT_3D('',#3946,#3947,#3948);
#3946 = CARTESIAN_POINT('',(18.627404497106,27.027083333333,
    28.323903821469));
#3947 = DIRECTION('',(-1.647987302178E-17,1.,-5.551115123126E-17));
#3948 = DIRECTION('',(-4.163336342344E-16,5.551115123126E-17,1.));
#3949 = SURFACE_OF_LINEAR_EXTRUSION('',#3950,#3955);
#3950 = CIRCLE('',#3951,0.2);
#3951 = AXIS2_PLACEMENT_3D('',#3952,#3953,#3954);
#3952 = CARTESIAN_POINT('',(19.217263119454,26.979166666667,
    27.533987328557));
#3953 = DIRECTION('',(-1.647987302178E-17,1.,-5.551115123126E-17));
#3954 = DIRECTION('',(-4.163336342344E-16,5.551115123126E-17,1.));
#3955 = VECTOR('',#3956,1.);
#3956 = DIRECTION('',(-0.597619113159,4.854708357882E-02,0.80030905047)
  );
#3957 = ADVANCED_FACE('',(#3958),#3970,.F.);
#3958 = FACE_BOUND('',#3959,.F.);
#3959 = EDGE_LOOP('',(#3960,#3961,#3962,#3963));
#3960 = ORIENTED_EDGE('',*,*,#3195,.F.);
#3961 = ORIENTED_EDGE('',*,*,#3943,.T.);
#3962 = ORIENTED_EDGE('',*,*,#2485,.T.);
#3963 = ORIENTED_EDGE('',*,*,#3964,.F.);
#3964 = EDGE_CURVE('',#3159,#2464,#3965,.T.);
#3965 = CIRCLE('',#3966,0.2);
#3966 = AXIS2_PLACEMENT_3D('',#3967,#3968,#3969);
#3967 = CARTESIAN_POINT('',(17.891903441279,27.075,28.980363612325));
#3968 = DIRECTION('',(-2.168404344971E-17,1.,-6.245004513517E-17));
#3969 = DIRECTION('',(-3.74700270811E-16,6.245004513517E-17,1.));
#3970 = SURFACE_OF_LINEAR_EXTRUSION('',#3971,#3976);
#3971 = CIRCLE('',#3972,0.2);
#3972 = AXIS2_PLACEMENT_3D('',#3973,#3974,#3975);
#3973 = CARTESIAN_POINT('',(18.627404497106,27.027083333333,
    28.323903821469));
#3974 = DIRECTION('',(-2.168404344971E-17,1.,-6.245004513517E-17));
#3975 = DIRECTION('',(-3.74700270811E-16,6.245004513517E-17,1.));
#3976 = VECTOR('',#3977,1.);
#3977 = DIRECTION('',(-0.745177695225,4.854708357882E-02,0.665096521728)
  );
#3978 = ADVANCED_FACE('',(#3979),#3991,.F.);
#3979 = FACE_BOUND('',#3980,.F.);
#3980 = EDGE_LOOP('',(#3981,#3982,#3983,#3984));
#3981 = ORIENTED_EDGE('',*,*,#3167,.F.);
#3982 = ORIENTED_EDGE('',*,*,#3964,.T.);
#3983 = ORIENTED_EDGE('',*,*,#2463,.T.);
#3984 = ORIENTED_EDGE('',*,*,#3985,.F.);
#3985 = EDGE_CURVE('',#3131,#2442,#3986,.T.);
#3986 = CIRCLE('',#3987,0.2);
#3987 = AXIS2_PLACEMENT_3D('',#3988,#3989,#3990);
#3988 = CARTESIAN_POINT('',(17.040290753869,27.122916666667,
    29.477009452713));
#3989 = DIRECTION('',(-1.47451495458E-17,1.,-6.938893903907E-17));
#3990 = DIRECTION('',(-3.74700270811E-16,6.938893903907E-17,1.));
#3991 = SURFACE_OF_LINEAR_EXTRUSION('',#3992,#3997);
#3992 = CIRCLE('',#3993,0.2);
#3993 = AXIS2_PLACEMENT_3D('',#3994,#3995,#3996);
#3994 = CARTESIAN_POINT('',(17.891903441279,27.075,28.980363612325));
#3995 = DIRECTION('',(-1.47451495458E-17,1.,-6.938893903907E-17));
#3996 = DIRECTION('',(-3.74700270811E-16,6.938893903907E-17,1.));
#3997 = VECTOR('',#3998,1.);
#3998 = DIRECTION('',(-0.862816952609,4.854708357882E-02,0.503179974728)
  );
#3999 = ADVANCED_FACE('',(#4000),#4012,.F.);
#4000 = FACE_BOUND('',#4001,.F.);
#4001 = EDGE_LOOP('',(#4002,#4003,#4004,#4005));
#4002 = ORIENTED_EDGE('',*,*,#3139,.F.);
#4003 = ORIENTED_EDGE('',*,*,#3985,.T.);
#4004 = ORIENTED_EDGE('',*,*,#2441,.T.);
#4005 = ORIENTED_EDGE('',*,*,#4006,.F.);
#4006 = EDGE_CURVE('',#3094,#2420,#4007,.T.);
#4007 = CIRCLE('',#4008,0.2);
#4008 = AXIS2_PLACEMENT_3D('',#4009,#4010,#4011);
#4009 = CARTESIAN_POINT('',(16.106759187372,27.170833333333,
    29.793900718743));
#4010 = DIRECTION('',(-2.25514051877E-17,1.,-5.551115123126E-17));
#4011 = DIRECTION('',(-3.74700270811E-16,5.551115123126E-17,1.));
#4012 = SURFACE_OF_LINEAR_EXTRUSION('',#4013,#4018);
#4013 = CIRCLE('',#4014,0.2);
#4014 = AXIS2_PLACEMENT_3D('',#4015,#4016,#4017);
#4015 = CARTESIAN_POINT('',(17.040290753869,27.122916666667,
    29.477009452713));
#4016 = DIRECTION('',(-2.25514051877E-17,1.,-5.551115123126E-17));
#4017 = DIRECTION('',(-3.74700270811E-16,5.551115123126E-17,1.));
#4018 = VECTOR('',#4019,1.);
#4019 = DIRECTION('',(-0.945813599628,4.854708357882E-02,0.321060454485)
  );
#4020 = ADVANCED_FACE('',(#4021),#4033,.F.);
#4021 = FACE_BOUND('',#4022,.F.);
#4022 = EDGE_LOOP('',(#4023,#4024,#4025,#4026));
#4023 = ORIENTED_EDGE('',*,*,#3102,.F.);
#4024 = ORIENTED_EDGE('',*,*,#4006,.T.);
#4025 = ORIENTED_EDGE('',*,*,#2419,.T.);
#4026 = ORIENTED_EDGE('',*,*,#4027,.F.);
#4027 = EDGE_CURVE('',#3103,#2389,#4028,.T.);
#4028 = CIRCLE('',#4029,0.2);
#4029 = AXIS2_PLACEMENT_3D('',#4030,#4031,#4032);
#4030 = CARTESIAN_POINT('',(15.128790585675,27.21875,29.91831403888));
#4031 = DIRECTION('',(-2.25514051877E-17,1.,-5.551115123126E-17));
#4032 = DIRECTION('',(-3.885780586188E-16,5.551115123126E-17,1.));
#4033 = SURFACE_OF_LINEAR_EXTRUSION('',#4034,#4039);
#4034 = CIRCLE('',#4035,0.2);
#4035 = AXIS2_PLACEMENT_3D('',#4036,#4037,#4038);
#4036 = CARTESIAN_POINT('',(16.106759187372,27.170833333333,
    29.793900718743));
#4037 = DIRECTION('',(-2.25514051877E-17,1.,-5.551115123126E-17));
#4038 = DIRECTION('',(-3.885780586188E-16,5.551115123126E-17,1.));
#4039 = VECTOR('',#4040,1.);
#4040 = DIRECTION('',(-0.990835271876,4.854708357882E-02,0.126050167325)
  );
#4041 = ADVANCED_FACE('',(#4042),#4062,.F.);
#4042 = FACE_BOUND('',#4043,.F.);
#4043 = EDGE_LOOP('',(#4044,#4052,#4053,#4054,#4055));
#4044 = ORIENTED_EDGE('',*,*,#4045,.F.);
#4045 = EDGE_CURVE('',#3103,#4046,#4048,.T.);
#4046 = VERTEX_POINT('',#4047);
#4047 = CARTESIAN_POINT('',(14.145650965879,27.266666666667,
    30.04525414482));
#4048 = LINE('',#4049,#4050);
#4049 = CARTESIAN_POINT('',(15.128790585675,27.21875,30.11831403888));
#4050 = VECTOR('',#4051,1.);
#4051 = DIRECTION('',(-0.996074322613,4.854708357882E-02,
    -7.402110851843E-02));
#4052 = ORIENTED_EDGE('',*,*,#4027,.T.);
#4053 = ORIENTED_EDGE('',*,*,#2388,.T.);
#4054 = ORIENTED_EDGE('',*,*,#2355,.T.);
#4055 = ORIENTED_EDGE('',*,*,#4056,.F.);
#4056 = EDGE_CURVE('',#4046,#2334,#4057,.T.);
#4057 = CIRCLE('',#4058,0.2);
#4058 = AXIS2_PLACEMENT_3D('',#4059,#4060,#4061);
#4059 = CARTESIAN_POINT('',(14.145650965879,27.266666666667,
    29.84525414482));
#4060 = DIRECTION('',(-2.25514051877E-17,1.,-5.551115123126E-17));
#4061 = DIRECTION('',(-3.74700270811E-16,5.551115123126E-17,1.));
#4062 = SURFACE_OF_LINEAR_EXTRUSION('',#4063,#4068);
#4063 = CIRCLE('',#4064,0.2);
#4064 = AXIS2_PLACEMENT_3D('',#4065,#4066,#4067);
#4065 = CARTESIAN_POINT('',(15.128790585675,27.21875,29.91831403888));
#4066 = DIRECTION('',(-2.25514051877E-17,1.,-5.551115123126E-17));
#4067 = DIRECTION('',(-3.74700270811E-16,5.551115123126E-17,1.));
#4068 = VECTOR('',#4069,1.);
#4069 = DIRECTION('',(-0.996074322613,4.854708357882E-02,
    -7.402110851843E-02));
#4070 = ADVANCED_FACE('',(#4071),#4074,.F.);
#4071 = FACE_BOUND('',#4072,.F.);
#4072 = EDGE_LOOP('',(#4073));
#4073 = ORIENTED_EDGE('',*,*,#2380,.T.);
#4074 = PLANE('',#4075);
#4075 = AXIS2_PLACEMENT_3D('',#4076,#4077,#4078);
#4076 = CARTESIAN_POINT('',(15.,28.,25.));
#4077 = DIRECTION('',(0.,1.,0.));
#4078 = DIRECTION('',(0.,0.,1.));
#4079 = ADVANCED_FACE('',(#4080),#4099,.F.);
#4080 = FACE_BOUND('',#4081,.F.);
#4081 = EDGE_LOOP('',(#4082,#4090,#4091,#4092));
#4082 = ORIENTED_EDGE('',*,*,#4083,.F.);
#4083 = EDGE_CURVE('',#4046,#4084,#4086,.T.);
#4084 = VERTEX_POINT('',#4085);
#4085 = CARTESIAN_POINT('',(13.196813964517,27.314583333333,
    29.777654434472));
#4086 = LINE('',#4087,#4088);
#4087 = CARTESIAN_POINT('',(14.145650965879,27.266666666667,
    30.04525414482));
#4088 = VECTOR('',#4089,1.);
#4089 = DIRECTION('',(-0.961320400859,4.854708357882E-02,-0.271120393126
    ));
#4090 = ORIENTED_EDGE('',*,*,#4056,.T.);
#4091 = ORIENTED_EDGE('',*,*,#2333,.T.);
#4092 = ORIENTED_EDGE('',*,*,#4093,.F.);
#4093 = EDGE_CURVE('',#4084,#2312,#4094,.T.);
#4094 = CIRCLE('',#4095,0.2);
#4095 = AXIS2_PLACEMENT_3D('',#4096,#4097,#4098);
#4096 = CARTESIAN_POINT('',(13.196813964517,27.314583333333,
    29.577654434472));
#4097 = DIRECTION('',(-2.949029909161E-17,1.,-6.245004513517E-17));
#4098 = DIRECTION('',(-3.74700270811E-16,6.245004513517E-17,1.));
#4099 = SURFACE_OF_LINEAR_EXTRUSION('',#4100,#4105);
#4100 = CIRCLE('',#4101,0.2);
#4101 = AXIS2_PLACEMENT_3D('',#4102,#4103,#4104);
#4102 = CARTESIAN_POINT('',(14.145650965879,27.266666666667,
    29.84525414482));
#4103 = DIRECTION('',(-2.949029909161E-17,1.,-6.245004513517E-17));
#4104 = DIRECTION('',(-3.74700270811E-16,6.245004513517E-17,1.));
#4105 = VECTOR('',#4106,1.);
#4106 = DIRECTION('',(-0.961320400859,4.854708357882E-02,-0.271120393126
    ));
#4107 = ADVANCED_FACE('',(#4108),#4127,.F.);
#4108 = FACE_BOUND('',#4109,.F.);
#4109 = EDGE_LOOP('',(#4110,#4118,#4119,#4120));
#4110 = ORIENTED_EDGE('',*,*,#4111,.F.);
#4111 = EDGE_CURVE('',#4084,#4112,#4114,.T.);
#4112 = VERTEX_POINT('',#4113);
#4113 = CARTESIAN_POINT('',(12.320375947726,27.3625,29.326259194292));
#4114 = LINE('',#4115,#4116);
#4115 = CARTESIAN_POINT('',(13.196813964517,27.314583333333,
    29.777654434472));
#4116 = VECTOR('',#4117,1.);
#4117 = DIRECTION('',(-0.887968897102,4.854708357882E-02,-0.457334033783
    ));
#4118 = ORIENTED_EDGE('',*,*,#4093,.T.);
#4119 = ORIENTED_EDGE('',*,*,#2311,.T.);
#4120 = ORIENTED_EDGE('',*,*,#4121,.F.);
#4121 = EDGE_CURVE('',#4112,#2290,#4122,.T.);
#4122 = CIRCLE('',#4123,0.2);
#4123 = AXIS2_PLACEMENT_3D('',#4124,#4125,#4126);
#4124 = CARTESIAN_POINT('',(12.320375947726,27.3625,29.126259194292));
#4125 = DIRECTION('',(-3.72965547335E-17,1.,-3.469446951954E-17));
#4126 = DIRECTION('',(-3.191891195797E-16,3.469446951954E-17,1.));
#4127 = SURFACE_OF_LINEAR_EXTRUSION('',#4128,#4133);
#4128 = CIRCLE('',#4129,0.2);
#4129 = AXIS2_PLACEMENT_3D('',#4130,#4131,#4132);
#4130 = CARTESIAN_POINT('',(13.196813964517,27.314583333333,
    29.577654434472));
#4131 = DIRECTION('',(-3.72965547335E-17,1.,-3.469446951954E-17));
#4132 = DIRECTION('',(-3.191891195797E-16,3.469446951954E-17,1.));
#4133 = VECTOR('',#4134,1.);
#4134 = DIRECTION('',(-0.887968897102,4.854708357882E-02,-0.457334033783
    ));
#4135 = ADVANCED_FACE('',(#4136),#4155,.F.);
#4136 = FACE_BOUND('',#4137,.F.);
#4137 = EDGE_LOOP('',(#4138,#4146,#4147,#4148));
#4138 = ORIENTED_EDGE('',*,*,#4139,.F.);
#4139 = EDGE_CURVE('',#4112,#4140,#4142,.T.);
#4140 = VERTEX_POINT('',#4141);
#4141 = CARTESIAN_POINT('',(11.551526419645,27.410416666667,
    28.709192209839));
#4142 = LINE('',#4143,#4144);
#4143 = CARTESIAN_POINT('',(12.320375947726,27.3625,29.326259194292));
#4144 = VECTOR('',#4145,1.);
#4145 = DIRECTION('',(-0.778964917551,4.854708357882E-02,-0.62518544281)
  );
#4146 = ORIENTED_EDGE('',*,*,#4121,.T.);
#4147 = ORIENTED_EDGE('',*,*,#2289,.T.);
#4148 = ORIENTED_EDGE('',*,*,#4149,.F.);
#4149 = EDGE_CURVE('',#4140,#2268,#4150,.T.);
#4150 = CIRCLE('',#4151,0.2);
#4151 = AXIS2_PLACEMENT_3D('',#4152,#4153,#4154);
#4152 = CARTESIAN_POINT('',(11.551526419645,27.410416666667,
    28.509192209839));
#4153 = DIRECTION('',(-3.035766082959E-17,1.,-4.857225732735E-17));
#4154 = DIRECTION('',(-3.885780586188E-16,4.857225732735E-17,1.));
#4155 = SURFACE_OF_LINEAR_EXTRUSION('',#4156,#4161);
#4156 = CIRCLE('',#4157,0.2);
#4157 = AXIS2_PLACEMENT_3D('',#4158,#4159,#4160);
#4158 = CARTESIAN_POINT('',(12.320375947726,27.3625,29.126259194292));
#4159 = DIRECTION('',(-3.035766082959E-17,1.,-4.857225732735E-17));
#4160 = DIRECTION('',(-3.885780586188E-16,4.857225732735E-17,1.));
#4161 = VECTOR('',#4162,1.);
#4162 = DIRECTION('',(-0.778964917551,4.854708357882E-02,-0.62518544281)
  );
#4163 = ADVANCED_FACE('',(#4164),#4183,.F.);
#4164 = FACE_BOUND('',#4165,.F.);
#4165 = EDGE_LOOP('',(#4166,#4174,#4175,#4176));
#4166 = ORIENTED_EDGE('',*,*,#4167,.F.);
#4167 = EDGE_CURVE('',#4140,#4168,#4170,.T.);
#4168 = VERTEX_POINT('',#4169);
#4169 = CARTESIAN_POINT('',(10.921135143029,27.458333333333,
    27.951229085076));
#4170 = LINE('',#4171,#4172);
#4171 = CARTESIAN_POINT('',(11.551526419645,27.410416666667,
    28.709192209839));
#4172 = VECTOR('',#4173,1.);
#4173 = DIRECTION('',(-0.63868503638,4.854708357882E-02,-0.767935286974)
  );
#4174 = ORIENTED_EDGE('',*,*,#4149,.T.);
#4175 = ORIENTED_EDGE('',*,*,#2267,.T.);
#4176 = ORIENTED_EDGE('',*,*,#4177,.F.);
#4177 = EDGE_CURVE('',#4168,#2256,#4178,.T.);
#4178 = CIRCLE('',#4179,0.2);
#4179 = AXIS2_PLACEMENT_3D('',#4180,#4181,#4182);
#4180 = CARTESIAN_POINT('',(10.921135143029,27.458333333333,
    27.751229085076));
#4181 = DIRECTION('',(-3.816391647149E-17,1.,-4.857225732735E-17));
#4182 = DIRECTION('',(-3.885780586188E-16,4.857225732735E-17,1.));
#4183 = SURFACE_OF_LINEAR_EXTRUSION('',#4184,#4189);
#4184 = CIRCLE('',#4185,0.2);
#4185 = AXIS2_PLACEMENT_3D('',#4186,#4187,#4188);
#4186 = CARTESIAN_POINT('',(11.551526419645,27.410416666667,
    28.509192209839));
#4187 = DIRECTION('',(-3.816391647149E-17,1.,-4.857225732735E-17));
#4188 = DIRECTION('',(-3.885780586188E-16,4.857225732735E-17,1.));
#4189 = VECTOR('',#4190,1.);
#4190 = DIRECTION('',(-0.63868503638,4.854708357882E-02,-0.767935286974)
  );
#4191 = ADVANCED_FACE('',(#4192),#4202,.F.);
#4192 = FACE_BOUND('',#4193,.F.);
#4193 = EDGE_LOOP('',(#4194,#4200,#4201));
#4194 = ORIENTED_EDGE('',*,*,#4195,.F.);
#4195 = EDGE_CURVE('',#4168,#2229,#4196,.T.);
#4196 = LINE('',#4197,#4198);
#4197 = CARTESIAN_POINT('',(10.921135143029,27.458333333333,
    27.951229085076));
#4198 = VECTOR('',#4199,1.);
#4199 = DIRECTION('',(-0.47276157369,4.854708357882E-02,-0.879852075702)
  );
#4200 = ORIENTED_EDGE('',*,*,#4177,.T.);
#4201 = ORIENTED_EDGE('',*,*,#2255,.T.);
#4202 = SURFACE_OF_LINEAR_EXTRUSION('',#4203,#4208);
#4203 = CIRCLE('',#4204,0.2);
#4204 = AXIS2_PLACEMENT_3D('',#4205,#4206,#4207);
#4205 = CARTESIAN_POINT('',(10.921135143029,27.458333333333,
    27.751229085076));
#4206 = DIRECTION('',(-3.816391647149E-17,1.,-4.857225732735E-17));
#4207 = DIRECTION('',(-3.469446951954E-16,4.857225732735E-17,1.));
#4208 = VECTOR('',#4209,1.);
#4209 = DIRECTION('',(-0.47276157369,4.854708357882E-02,-0.879852075702)
  );
#4210 = ADVANCED_FACE('',(#4211),#4230,.F.);
#4211 = FACE_BOUND('',#4212,.F.);
#4212 = EDGE_LOOP('',(#4213,#4220,#4221,#4222,#4229));
#4213 = ORIENTED_EDGE('',*,*,#4214,.T.);
#4214 = EDGE_CURVE('',#2039,#4168,#4215,.T.);
#4215 = CIRCLE('',#4216,0.2);
#4216 = AXIS2_PLACEMENT_3D('',#4217,#4218,#4219);
#4217 = CARTESIAN_POINT('',(10.921135143029,27.458333333333,
    27.751229085076));
#4218 = DIRECTION('',(-3.816391647149E-17,1.,-4.857225732735E-17));
#4219 = DIRECTION('',(-3.885780586188E-16,4.857225732735E-17,1.));
#4220 = ORIENTED_EDGE('',*,*,#4195,.T.);
#4221 = ORIENTED_EDGE('',*,*,#2228,.T.);
#4222 = ORIENTED_EDGE('',*,*,#4223,.F.);
#4223 = EDGE_CURVE('',#2061,#2202,#4224,.T.);
#4224 = CIRCLE('',#4225,0.2);
#4225 = AXIS2_PLACEMENT_3D('',#4226,#4227,#4228);
#4226 = CARTESIAN_POINT('',(10.454512700044,27.50625,26.882802487236));
#4227 = DIRECTION('',(-3.816391647149E-17,1.,-4.857225732735E-17));
#4228 = DIRECTION('',(-3.469446951954E-16,4.857225732735E-17,1.));
#4229 = ORIENTED_EDGE('',*,*,#2060,.F.);
#4230 = SURFACE_OF_LINEAR_EXTRUSION('',#4231,#4236);
#4231 = CIRCLE('',#4232,0.2);
#4232 = AXIS2_PLACEMENT_3D('',#4233,#4234,#4235);
#4233 = CARTESIAN_POINT('',(10.921135143029,27.458333333333,
    27.751229085076));
#4234 = DIRECTION('',(-3.816391647149E-17,1.,-4.857225732735E-17));
#4235 = DIRECTION('',(-3.469446951954E-16,4.857225732735E-17,1.));
#4236 = VECTOR('',#4237,1.);
#4237 = DIRECTION('',(-0.47276157369,4.854708357882E-02,-0.879852075702)
  );
#4238 = ADVANCED_FACE('',(#4239),#4251,.F.);
#4239 = FACE_BOUND('',#4240,.F.);
#4240 = EDGE_LOOP('',(#4241,#4242,#4243,#4250));
#4241 = ORIENTED_EDGE('',*,*,#4223,.T.);
#4242 = ORIENTED_EDGE('',*,*,#2201,.T.);
#4243 = ORIENTED_EDGE('',*,*,#4244,.F.);
#4244 = EDGE_CURVE('',#2083,#2180,#4245,.T.);
#4245 = CIRCLE('',#4246,0.2);
#4246 = AXIS2_PLACEMENT_3D('',#4247,#4248,#4249);
#4247 = CARTESIAN_POINT('',(10.170394257438,27.554166666667,
    25.938780257253));
#4248 = DIRECTION('',(-3.989863994747E-17,1.,-4.857225732735E-17));
#4249 = DIRECTION('',(-4.024558464266E-16,4.857225732735E-17,1.));
#4250 = ORIENTED_EDGE('',*,*,#2082,.F.);
#4251 = SURFACE_OF_LINEAR_EXTRUSION('',#4252,#4257);
#4252 = CIRCLE('',#4253,0.2);
#4253 = AXIS2_PLACEMENT_3D('',#4254,#4255,#4256);
#4254 = CARTESIAN_POINT('',(10.454512700044,27.50625,26.882802487236));
#4255 = DIRECTION('',(-3.989863994747E-17,1.,-4.857225732735E-17));
#4256 = DIRECTION('',(-4.024558464266E-16,4.857225732735E-17,1.));
#4257 = VECTOR('',#4258,1.);
#4258 = DIRECTION('',(-0.287856454529,4.854708357882E-02,-0.956442283811
    ));
#4259 = ADVANCED_FACE('',(#4260),#4272,.F.);
#4260 = FACE_BOUND('',#4261,.F.);
#4261 = EDGE_LOOP('',(#4262,#4263,#4264,#4265));
#4262 = ORIENTED_EDGE('',*,*,#2104,.F.);
#4263 = ORIENTED_EDGE('',*,*,#4244,.T.);
#4264 = ORIENTED_EDGE('',*,*,#2179,.T.);
#4265 = ORIENTED_EDGE('',*,*,#4266,.F.);
#4266 = EDGE_CURVE('',#2105,#2158,#4267,.T.);
#4267 = CIRCLE('',#4268,0.2);
#4268 = AXIS2_PLACEMENT_3D('',#4269,#4270,#4271);
#4269 = CARTESIAN_POINT('',(10.080187338524,27.602083333333,
    24.957065445348));
#4270 = DIRECTION('',(-3.989863994747E-17,1.,-4.857225732735E-17));
#4271 = DIRECTION('',(-4.024558464266E-16,4.857225732735E-17,1.));
#4272 = SURFACE_OF_LINEAR_EXTRUSION('',#4273,#4278);
#4273 = CIRCLE('',#4274,0.2);
#4274 = AXIS2_PLACEMENT_3D('',#4275,#4276,#4277);
#4275 = CARTESIAN_POINT('',(10.170394257438,27.554166666667,
    25.938780257253));
#4276 = DIRECTION('',(-3.989863994747E-17,1.,-4.857225732735E-17));
#4277 = DIRECTION('',(-4.024558464266E-16,4.857225732735E-17,1.));
#4278 = VECTOR('',#4279,1.);
#4279 = DIRECTION('',(-9.139372866509E-02,4.854708357882E-02,
    -0.994630769199));
#4280 = ADVANCED_FACE('',(#4281),#4293,.F.);
#4281 = FACE_BOUND('',#4282,.F.);
#4282 = EDGE_LOOP('',(#4283,#4284,#4285,#4286));
#4283 = ORIENTED_EDGE('',*,*,#2126,.F.);
#4284 = ORIENTED_EDGE('',*,*,#4266,.T.);
#4285 = ORIENTED_EDGE('',*,*,#2157,.T.);
#4286 = ORIENTED_EDGE('',*,*,#4287,.F.);
#4287 = EDGE_CURVE('',#2127,#2149,#4288,.T.);
#4288 = CIRCLE('',#4289,0.2);
#4289 = AXIS2_PLACEMENT_3D('',#4290,#4291,#4292);
#4290 = CARTESIAN_POINT('',(10.18751380439,27.65,23.977074481177));
#4291 = DIRECTION('',(-4.076600168545E-17,1.,-4.163336342344E-17));
#4292 = DIRECTION('',(-4.024558464266E-16,4.163336342344E-17,1.));
#4293 = SURFACE_OF_LINEAR_EXTRUSION('',#4294,#4299);
#4294 = CIRCLE('',#4295,0.2);
#4295 = AXIS2_PLACEMENT_3D('',#4296,#4297,#4298);
#4296 = CARTESIAN_POINT('',(10.080187338524,27.602083333333,
    24.957065445348));
#4297 = DIRECTION('',(-4.076600168545E-17,1.,-4.163336342344E-17));
#4298 = DIRECTION('',(-4.024558464266E-16,4.163336342344E-17,1.));
#4299 = VECTOR('',#4300,1.);
#4300 = DIRECTION('',(0.108738509397,4.854708357882E-02,-0.992884241616)
  );
#4301 = ADVANCED_FACE('',(#4302),#4306,.F.);
#4302 = FACE_BOUND('',#4303,.F.);
#4303 = EDGE_LOOP('',(#4304,#4305));
#4304 = ORIENTED_EDGE('',*,*,#2148,.F.);
#4305 = ORIENTED_EDGE('',*,*,#4287,.T.);
#4306 = PLANE('',#4307);
#4307 = AXIS2_PLACEMENT_3D('',#4308,#4309,#4310);
#4308 = CARTESIAN_POINT('',(10.18751380439,27.65,23.977074481177));
#4309 = DIRECTION('',(0.,1.,0.));
#4310 = DIRECTION('',(0.,0.,1.));
#4311 = ADVANCED_FACE('',(#4312),#4324,.F.);
#4312 = FACE_BOUND('',#4313,.F.);
#4313 = EDGE_LOOP('',(#4314,#4321,#4322,#4323));
#4314 = ORIENTED_EDGE('',*,*,#4315,.T.);
#4315 = EDGE_CURVE('',#2017,#4140,#4316,.T.);
#4316 = CIRCLE('',#4317,0.2);
#4317 = AXIS2_PLACEMENT_3D('',#4318,#4319,#4320);
#4318 = CARTESIAN_POINT('',(11.551526419645,27.410416666667,
    28.509192209839));
#4319 = DIRECTION('',(-3.035766082959E-17,1.,-4.857225732735E-17));
#4320 = DIRECTION('',(-3.885780586188E-16,4.857225732735E-17,1.));
#4321 = ORIENTED_EDGE('',*,*,#4167,.T.);
#4322 = ORIENTED_EDGE('',*,*,#4214,.F.);
#4323 = ORIENTED_EDGE('',*,*,#2038,.F.);
#4324 = SURFACE_OF_LINEAR_EXTRUSION('',#4325,#4330);
#4325 = CIRCLE('',#4326,0.2);
#4326 = AXIS2_PLACEMENT_3D('',#4327,#4328,#4329);
#4327 = CARTESIAN_POINT('',(11.551526419645,27.410416666667,
    28.509192209839));
#4328 = DIRECTION('',(-3.816391647149E-17,1.,-4.857225732735E-17));
#4329 = DIRECTION('',(-3.885780586188E-16,4.857225732735E-17,1.));
#4330 = VECTOR('',#4331,1.);
#4331 = DIRECTION('',(-0.63868503638,4.854708357882E-02,-0.767935286974)
  );
#4332 = ADVANCED_FACE('',(#4333),#4345,.F.);
#4333 = FACE_BOUND('',#4334,.F.);
#4334 = EDGE_LOOP('',(#4335,#4342,#4343,#4344));
#4335 = ORIENTED_EDGE('',*,*,#4336,.T.);
#4336 = EDGE_CURVE('',#1995,#4112,#4337,.T.);
#4337 = CIRCLE('',#4338,0.2);
#4338 = AXIS2_PLACEMENT_3D('',#4339,#4340,#4341);
#4339 = CARTESIAN_POINT('',(12.320375947726,27.3625,29.126259194292));
#4340 = DIRECTION('',(-3.72965547335E-17,1.,-3.469446951954E-17));
#4341 = DIRECTION('',(-3.191891195797E-16,3.469446951954E-17,1.));
#4342 = ORIENTED_EDGE('',*,*,#4139,.T.);
#4343 = ORIENTED_EDGE('',*,*,#4315,.F.);
#4344 = ORIENTED_EDGE('',*,*,#2016,.F.);
#4345 = SURFACE_OF_LINEAR_EXTRUSION('',#4346,#4351);
#4346 = CIRCLE('',#4347,0.2);
#4347 = AXIS2_PLACEMENT_3D('',#4348,#4349,#4350);
#4348 = CARTESIAN_POINT('',(12.320375947726,27.3625,29.126259194292));
#4349 = DIRECTION('',(-3.035766082959E-17,1.,-4.857225732735E-17));
#4350 = DIRECTION('',(-3.885780586188E-16,4.857225732735E-17,1.));
#4351 = VECTOR('',#4352,1.);
#4352 = DIRECTION('',(-0.778964917551,4.854708357882E-02,-0.62518544281)
  );
#4353 = ADVANCED_FACE('',(#4354),#4366,.F.);
#4354 = FACE_BOUND('',#4355,.F.);
#4355 = EDGE_LOOP('',(#4356,#4363,#4364,#4365));
#4356 = ORIENTED_EDGE('',*,*,#4357,.T.);
#4357 = EDGE_CURVE('',#1973,#4084,#4358,.T.);
#4358 = CIRCLE('',#4359,0.2);
#4359 = AXIS2_PLACEMENT_3D('',#4360,#4361,#4362);
#4360 = CARTESIAN_POINT('',(13.196813964517,27.314583333333,
    29.577654434472));
#4361 = DIRECTION('',(-2.949029909161E-17,1.,-6.245004513517E-17));
#4362 = DIRECTION('',(-3.74700270811E-16,6.245004513517E-17,1.));
#4363 = ORIENTED_EDGE('',*,*,#4111,.T.);
#4364 = ORIENTED_EDGE('',*,*,#4336,.F.);
#4365 = ORIENTED_EDGE('',*,*,#1994,.F.);
#4366 = SURFACE_OF_LINEAR_EXTRUSION('',#4367,#4372);
#4367 = CIRCLE('',#4368,0.2);
#4368 = AXIS2_PLACEMENT_3D('',#4369,#4370,#4371);
#4369 = CARTESIAN_POINT('',(13.196813964517,27.314583333333,
    29.577654434472));
#4370 = DIRECTION('',(-3.72965547335E-17,1.,-3.469446951954E-17));
#4371 = DIRECTION('',(-3.191891195797E-16,3.469446951954E-17,1.));
#4372 = VECTOR('',#4373,1.);
#4373 = DIRECTION('',(-0.887968897102,4.854708357882E-02,-0.457334033783
    ));
#4374 = ADVANCED_FACE('',(#4375),#4387,.F.);
#4375 = FACE_BOUND('',#4376,.F.);
#4376 = EDGE_LOOP('',(#4377,#4384,#4385,#4386));
#4377 = ORIENTED_EDGE('',*,*,#4378,.T.);
#4378 = EDGE_CURVE('',#1951,#4046,#4379,.T.);
#4379 = CIRCLE('',#4380,0.2);
#4380 = AXIS2_PLACEMENT_3D('',#4381,#4382,#4383);
#4381 = CARTESIAN_POINT('',(14.145650965879,27.266666666667,
    29.84525414482));
#4382 = DIRECTION('',(-2.25514051877E-17,1.,-5.551115123126E-17));
#4383 = DIRECTION('',(-3.74700270811E-16,5.551115123126E-17,1.));
#4384 = ORIENTED_EDGE('',*,*,#4083,.T.);
#4385 = ORIENTED_EDGE('',*,*,#4357,.F.);
#4386 = ORIENTED_EDGE('',*,*,#1972,.F.);
#4387 = SURFACE_OF_LINEAR_EXTRUSION('',#4388,#4393);
#4388 = CIRCLE('',#4389,0.2);
#4389 = AXIS2_PLACEMENT_3D('',#4390,#4391,#4392);
#4390 = CARTESIAN_POINT('',(14.145650965879,27.266666666667,
    29.84525414482));
#4391 = DIRECTION('',(-2.949029909161E-17,1.,-6.245004513517E-17));
#4392 = DIRECTION('',(-3.74700270811E-16,6.245004513517E-17,1.));
#4393 = VECTOR('',#4394,1.);
#4394 = DIRECTION('',(-0.961320400859,4.854708357882E-02,-0.271120393126
    ));
#4395 = ADVANCED_FACE('',(#4396),#4402,.F.);
#4396 = FACE_BOUND('',#4397,.F.);
#4397 = EDGE_LOOP('',(#4398,#4399,#4400,#4401));
#4398 = ORIENTED_EDGE('',*,*,#3110,.T.);
#4399 = ORIENTED_EDGE('',*,*,#4045,.T.);
#4400 = ORIENTED_EDGE('',*,*,#4378,.F.);
#4401 = ORIENTED_EDGE('',*,*,#1950,.F.);
#4402 = SURFACE_OF_LINEAR_EXTRUSION('',#4403,#4408);
#4403 = CIRCLE('',#4404,0.2);
#4404 = AXIS2_PLACEMENT_3D('',#4405,#4406,#4407);
#4405 = CARTESIAN_POINT('',(15.128790585675,27.21875,29.91831403888));
#4406 = DIRECTION('',(-2.25514051877E-17,1.,-5.551115123126E-17));
#4407 = DIRECTION('',(-3.74700270811E-16,5.551115123126E-17,1.));
#4408 = VECTOR('',#4409,1.);
#4409 = DIRECTION('',(-0.996074322613,4.854708357882E-02,
    -7.402110851843E-02));
#4410 = MANIFOLD_SOLID_BREP('',#4411);
#4411 = CLOSED_SHELL('',(#4412,#4452,#4483,#4514,#4819,#5135,#5152,#5169
    ,#5186,#5203,#5220,#5237,#5254,#5271,#5288,#5305,#5322,#5339,#5356,
    #5373,#5390,#5407,#5424,#5441,#5458,#5475,#5492,#5509,#5526,#5543,
    #5560,#5577,#5594,#5611,#5628,#5645,#5662,#5679,#5696,#5713,#5730,
    #5747,#5759,#5784));
#4412 = ADVANCED_FACE('',(#4413),#4447,.T.);
#4413 = FACE_BOUND('',#4414,.T.);
#4414 = EDGE_LOOP('',(#4415,#4425,#4433,#4441));
#4415 = ORIENTED_EDGE('',*,*,#4416,.T.);
#4416 = EDGE_CURVE('',#4417,#4419,#4421,.T.);
#4417 = VERTEX_POINT('',#4418);
#4418 = CARTESIAN_POINT('',(26.,-16.,25.));
#4419 = VERTEX_POINT('',#4420);
#4420 = CARTESIAN_POINT('',(26.,-8.,25.));
#4421 = LINE('',#4422,#4423);
#4422 = CARTESIAN_POINT('',(26.,-16.,25.));
#4423 = VECTOR('',#4424,1.);
#4424 = DIRECTION('',(0.,1.,0.));
#4425 = ORIENTED_EDGE('',*,*,#4426,.T.);
#4426 = EDGE_CURVE('',#4419,#4427,#4429,.T.);
#4427 = VERTEX_POINT('',#4428);
#4428 = CARTESIAN_POINT('',(24.086732733475,-8.,26.43919707837));
#4429 = LINE('',#4430,#4431);
#4430 = CARTESIAN_POINT('',(26.,-8.,25.));
#4431 = VECTOR('',#4432,1.);
#4432 = DIRECTION('',(-0.799147788055,0.,0.601134604599));
#4433 = ORIENTED_EDGE('',*,*,#4434,.F.);
#4434 = EDGE_CURVE('',#4435,#4427,#4437,.T.);
#4435 = VERTEX_POINT('',#4436);
#4436 = CARTESIAN_POINT('',(24.086732733475,-16.,26.43919707837));
#4437 = LINE('',#4438,#4439);
#4438 = CARTESIAN_POINT('',(24.086732733475,-16.,26.43919707837));
#4439 = VECTOR('',#4440,1.);
#4440 = DIRECTION('',(0.,1.,0.));
#4441 = ORIENTED_EDGE('',*,*,#4442,.F.);
#4442 = EDGE_CURVE('',#4417,#4435,#4443,.T.);
#4443 = LINE('',#4444,#4445);
#4444 = CARTESIAN_POINT('',(26.,-16.,25.));
#4445 = VECTOR('',#4446,1.);
#4446 = DIRECTION('',(-0.799147788055,0.,0.601134604599));
#4447 = PLANE('',#4448);
#4448 = AXIS2_PLACEMENT_3D('',#4449,#4450,#4451);
#4449 = CARTESIAN_POINT('',(26.,-16.,25.));
#4450 = DIRECTION('',(0.601134604599,0.,0.799147788055));
#4451 = DIRECTION('',(-0.799147788055,0.,0.601134604599));
#4452 = ADVANCED_FACE('',(#4453),#4478,.T.);
#4453 = FACE_BOUND('',#4454,.T.);
#4454 = EDGE_LOOP('',(#4455,#4465,#4471,#4472));
#4455 = ORIENTED_EDGE('',*,*,#4456,.T.);
#4456 = EDGE_CURVE('',#4457,#4459,#4461,.T.);
#4457 = VERTEX_POINT('',#4458);
#4458 = CARTESIAN_POINT('',(24.086732733475,-16.,23.56080292163));
#4459 = VERTEX_POINT('',#4460);
#4460 = CARTESIAN_POINT('',(24.086732733475,-8.,23.56080292163));
#4461 = LINE('',#4462,#4463);
#4462 = CARTESIAN_POINT('',(24.086732733475,-16.,23.56080292163));
#4463 = VECTOR('',#4464,1.);
#4464 = DIRECTION('',(0.,1.,0.));
#4465 = ORIENTED_EDGE('',*,*,#4466,.T.);
#4466 = EDGE_CURVE('',#4459,#4419,#4467,.T.);
#4467 = LINE('',#4468,#4469);
#4468 = CARTESIAN_POINT('',(24.086732733475,-8.,23.56080292163));
#4469 = VECTOR('',#4470,1.);
#4470 = DIRECTION('',(0.799147788055,0.,0.601134604599));
#4471 = ORIENTED_EDGE('',*,*,#4416,.F.);
#4472 = ORIENTED_EDGE('',*,*,#4473,.F.);
#4473 = EDGE_CURVE('',#4457,#4417,#4474,.T.);
#4474 = LINE('',#4475,#4476);
#4475 = CARTESIAN_POINT('',(24.086732733475,-16.,23.56080292163));
#4476 = VECTOR('',#4477,1.);
#4477 = DIRECTION('',(0.799147788055,0.,0.601134604599));
#4478 = PLANE('',#4479);
#4479 = AXIS2_PLACEMENT_3D('',#4480,#4481,#4482);
#4480 = CARTESIAN_POINT('',(24.086732733475,-16.,23.56080292163));
#4481 = DIRECTION('',(0.601134604599,0.,-0.799147788055));
#4482 = DIRECTION('',(0.799147788055,0.,0.601134604599));
#4483 = ADVANCED_FACE('',(#4484),#4509,.T.);
#4484 = FACE_BOUND('',#4485,.T.);
#4485 = EDGE_LOOP('',(#4486,#4487,#4495,#4503));
#4486 = ORIENTED_EDGE('',*,*,#4434,.T.);
#4487 = ORIENTED_EDGE('',*,*,#4488,.T.);
#4488 = EDGE_CURVE('',#4427,#4489,#4491,.T.);
#4489 = VERTEX_POINT('',#4490);
#4490 = CARTESIAN_POINT('',(25.461621679247,-8.,28.399186938124));
#4491 = LINE('',#4492,#4493);
#4492 = CARTESIAN_POINT('',(24.086732733475,-8.,26.43919707837));
#4493 = VECTOR('',#4494,1.);
#4494 = DIRECTION('',(0.574273902585,0.,0.818663230401));
#4495 = ORIENTED_EDGE('',*,*,#4496,.F.);
#4496 = EDGE_CURVE('',#4497,#4489,#4499,.T.);
#4497 = VERTEX_POINT('',#4498);
#4498 = CARTESIAN_POINT('',(25.461621679247,-16.,28.399186938124));
#4499 = LINE('',#4500,#4501);
#4500 = CARTESIAN_POINT('',(25.461621679247,-16.,28.399186938124));
#4501 = VECTOR('',#4502,1.);
#4502 = DIRECTION('',(0.,1.,0.));
#4503 = ORIENTED_EDGE('',*,*,#4504,.F.);
#4504 = EDGE_CURVE('',#4435,#4497,#4505,.T.);
#4505 = LINE('',#4506,#4507);
#4506 = CARTESIAN_POINT('',(24.086732733475,-16.,26.43919707837));
#4507 = VECTOR('',#4508,1.);
#4508 = DIRECTION('',(0.574273902585,0.,0.818663230401));
#4509 = PLANE('',#4510);
#4510 = AXIS2_PLACEMENT_3D('',#4511,#4512,#4513);
#4511 = CARTESIAN_POINT('',(24.086732733475,-16.,26.43919707837));
#4512 = DIRECTION('',(0.818663230401,0.,-0.574273902585));
#4513 = DIRECTION('',(0.574273902585,0.,0.818663230401));
#4514 = ADVANCED_FACE('',(#4515),#4814,.T.);
#4515 = FACE_BOUND('',#4516,.T.);
#4516 = EDGE_LOOP('',(#4517,#4518,#4519,#4527,#4535,#4543,#4551,#4559,
    #4567,#4575,#4583,#4591,#4599,#4607,#4615,#4623,#4631,#4639,#4647,
    #4655,#4663,#4671,#4679,#4687,#4695,#4703,#4711,#4719,#4727,#4735,
    #4743,#4751,#4759,#4767,#4775,#4783,#4791,#4799,#4807,#4813));
#4517 = ORIENTED_EDGE('',*,*,#4442,.T.);
#4518 = ORIENTED_EDGE('',*,*,#4504,.T.);
#4519 = ORIENTED_EDGE('',*,*,#4520,.T.);
#4520 = EDGE_CURVE('',#4497,#4521,#4523,.T.);
#4521 = VERTEX_POINT('',#4522);
#4522 = CARTESIAN_POINT('',(23.197260022533,-16.,29.176712597604));
#4523 = LINE('',#4524,#4525);
#4524 = CARTESIAN_POINT('',(25.461621679247,-16.,28.399186938124));
#4525 = VECTOR('',#4526,1.);
#4526 = DIRECTION('',(-0.945795520041,0.,0.324762735348));
#4527 = ORIENTED_EDGE('',*,*,#4528,.T.);
#4528 = EDGE_CURVE('',#4521,#4529,#4531,.T.);
#4529 = VERTEX_POINT('',#4530);
#4530 = CARTESIAN_POINT('',(23.899186938124,-16.,31.465637775217));
#4531 = LINE('',#4532,#4533);
#4532 = CARTESIAN_POINT('',(23.197260022533,-16.,29.176712597604));
#4533 = VECTOR('',#4534,1.);
#4534 = DIRECTION('',(0.293186086328,0.,0.956055395249));
#4535 = ORIENTED_EDGE('',*,*,#4536,.T.);
#4536 = EDGE_CURVE('',#4529,#4537,#4539,.T.);
#4537 = VERTEX_POINT('',#4538);
#4538 = CARTESIAN_POINT('',(21.505382386916,-16.,31.505382386916));
#4539 = LINE('',#4540,#4541);
#4540 = CARTESIAN_POINT('',(23.899186938124,-16.,31.465637775217));
#4541 = VECTOR('',#4542,1.);
#4542 = DIRECTION('',(-0.99986219678,0.,1.660082680664E-02));
#4543 = ORIENTED_EDGE('',*,*,#4544,.T.);
#4544 = EDGE_CURVE('',#4537,#4545,#4547,.T.);
#4545 = VERTEX_POINT('',#4546);
#4546 = CARTESIAN_POINT('',(21.465637775217,-16.,33.899186938124));
#4547 = LINE('',#4548,#4549);
#4548 = CARTESIAN_POINT('',(21.505382386916,-16.,31.505382386916));
#4549 = VECTOR('',#4550,1.);
#4550 = DIRECTION('',(-1.660082680664E-02,0.,0.99986219678));
#4551 = ORIENTED_EDGE('',*,*,#4552,.T.);
#4552 = EDGE_CURVE('',#4545,#4553,#4555,.T.);
#4553 = VERTEX_POINT('',#4554);
#4554 = CARTESIAN_POINT('',(19.176712597604,-16.,33.197260022533));
#4555 = LINE('',#4556,#4557);
#4556 = CARTESIAN_POINT('',(21.465637775217,-16.,33.899186938124));
#4557 = VECTOR('',#4558,1.);
#4558 = DIRECTION('',(-0.956055395249,0.,-0.293186086328));
#4559 = ORIENTED_EDGE('',*,*,#4560,.T.);
#4560 = EDGE_CURVE('',#4553,#4561,#4563,.T.);
#4561 = VERTEX_POINT('',#4562);
#4562 = CARTESIAN_POINT('',(18.399186938124,-16.,35.461621679247));
#4563 = LINE('',#4564,#4565);
#4564 = CARTESIAN_POINT('',(19.176712597604,-16.,33.197260022533));
#4565 = VECTOR('',#4566,1.);
#4566 = DIRECTION('',(-0.324762735348,0.,0.945795520041));
#4567 = ORIENTED_EDGE('',*,*,#4568,.T.);
#4568 = EDGE_CURVE('',#4561,#4569,#4571,.T.);
#4569 = VERTEX_POINT('',#4570);
#4570 = CARTESIAN_POINT('',(16.43919707837,-16.,34.086732733475));
#4571 = LINE('',#4572,#4573);
#4572 = CARTESIAN_POINT('',(18.399186938124,-16.,35.461621679247));
#4573 = VECTOR('',#4574,1.);
#4574 = DIRECTION('',(-0.818663230401,0.,-0.574273902585));
#4575 = ORIENTED_EDGE('',*,*,#4576,.T.);
#4576 = EDGE_CURVE('',#4569,#4577,#4579,.T.);
#4577 = VERTEX_POINT('',#4578);
#4578 = CARTESIAN_POINT('',(15.,-16.,36.));
#4579 = LINE('',#4580,#4581);
#4580 = CARTESIAN_POINT('',(16.43919707837,-16.,34.086732733475));
#4581 = VECTOR('',#4582,1.);
#4582 = DIRECTION('',(-0.601134604599,0.,0.799147788055));
#4583 = ORIENTED_EDGE('',*,*,#4584,.T.);
#4584 = EDGE_CURVE('',#4577,#4585,#4587,.T.);
#4585 = VERTEX_POINT('',#4586);
#4586 = CARTESIAN_POINT('',(13.56080292163,-16.,34.086732733475));
#4587 = LINE('',#4588,#4589);
#4588 = CARTESIAN_POINT('',(15.,-16.,36.));
#4589 = VECTOR('',#4590,1.);
#4590 = DIRECTION('',(-0.601134604599,0.,-0.799147788055));
#4591 = ORIENTED_EDGE('',*,*,#4592,.T.);
#4592 = EDGE_CURVE('',#4585,#4593,#4595,.T.);
#4593 = VERTEX_POINT('',#4594);
#4594 = CARTESIAN_POINT('',(11.600813061876,-16.,35.461621679247));
#4595 = LINE('',#4596,#4597);
#4596 = CARTESIAN_POINT('',(13.56080292163,-16.,34.086732733475));
#4597 = VECTOR('',#4598,1.);
#4598 = DIRECTION('',(-0.818663230401,0.,0.574273902585));
#4599 = ORIENTED_EDGE('',*,*,#4600,.T.);
#4600 = EDGE_CURVE('',#4593,#4601,#4603,.T.);
#4601 = VERTEX_POINT('',#4602);
#4602 = CARTESIAN_POINT('',(10.823287402396,-16.,33.197260022533));
#4603 = LINE('',#4604,#4605);
#4604 = CARTESIAN_POINT('',(11.600813061876,-16.,35.461621679247));
#4605 = VECTOR('',#4606,1.);
#4606 = DIRECTION('',(-0.324762735348,0.,-0.945795520041));
#4607 = ORIENTED_EDGE('',*,*,#4608,.T.);
#4608 = EDGE_CURVE('',#4601,#4609,#4611,.T.);
#4609 = VERTEX_POINT('',#4610);
#4610 = CARTESIAN_POINT('',(8.534362224783,-16.,33.899186938124));
#4611 = LINE('',#4612,#4613);
#4612 = CARTESIAN_POINT('',(10.823287402396,-16.,33.197260022533));
#4613 = VECTOR('',#4614,1.);
#4614 = DIRECTION('',(-0.956055395249,0.,0.293186086328));
#4615 = ORIENTED_EDGE('',*,*,#4616,.T.);
#4616 = EDGE_CURVE('',#4609,#4617,#4619,.T.);
#4617 = VERTEX_POINT('',#4618);
#4618 = CARTESIAN_POINT('',(8.494617613084,-16.,31.505382386916));
#4619 = LINE('',#4620,#4621);
#4620 = CARTESIAN_POINT('',(8.534362224783,-16.,33.899186938124));
#4621 = VECTOR('',#4622,1.);
#4622 = DIRECTION('',(-1.660082680664E-02,0.,-0.99986219678));
#4623 = ORIENTED_EDGE('',*,*,#4624,.T.);
#4624 = EDGE_CURVE('',#4617,#4625,#4627,.T.);
#4625 = VERTEX_POINT('',#4626);
#4626 = CARTESIAN_POINT('',(6.100813061876,-16.,31.465637775217));
#4627 = LINE('',#4628,#4629);
#4628 = CARTESIAN_POINT('',(8.494617613084,-16.,31.505382386916));
#4629 = VECTOR('',#4630,1.);
#4630 = DIRECTION('',(-0.99986219678,0.,-1.660082680664E-02));
#4631 = ORIENTED_EDGE('',*,*,#4632,.T.);
#4632 = EDGE_CURVE('',#4625,#4633,#4635,.T.);
#4633 = VERTEX_POINT('',#4634);
#4634 = CARTESIAN_POINT('',(6.802739977467,-16.,29.176712597604));
#4635 = LINE('',#4636,#4637);
#4636 = CARTESIAN_POINT('',(6.100813061876,-16.,31.465637775217));
#4637 = VECTOR('',#4638,1.);
#4638 = DIRECTION('',(0.293186086328,0.,-0.956055395249));
#4639 = ORIENTED_EDGE('',*,*,#4640,.T.);
#4640 = EDGE_CURVE('',#4633,#4641,#4643,.T.);
#4641 = VERTEX_POINT('',#4642);
#4642 = CARTESIAN_POINT('',(4.538378320753,-16.,28.399186938124));
#4643 = LINE('',#4644,#4645);
#4644 = CARTESIAN_POINT('',(6.802739977467,-16.,29.176712597604));
#4645 = VECTOR('',#4646,1.);
#4646 = DIRECTION('',(-0.945795520041,0.,-0.324762735348));
#4647 = ORIENTED_EDGE('',*,*,#4648,.T.);
#4648 = EDGE_CURVE('',#4641,#4649,#4651,.T.);
#4649 = VERTEX_POINT('',#4650);
#4650 = CARTESIAN_POINT('',(5.913267266525,-16.,26.43919707837));
#4651 = LINE('',#4652,#4653);
#4652 = CARTESIAN_POINT('',(4.538378320753,-16.,28.399186938124));
#4653 = VECTOR('',#4654,1.);
#4654 = DIRECTION('',(0.574273902585,0.,-0.818663230401));
#4655 = ORIENTED_EDGE('',*,*,#4656,.T.);
#4656 = EDGE_CURVE('',#4649,#4657,#4659,.T.);
#4657 = VERTEX_POINT('',#4658);
#4658 = CARTESIAN_POINT('',(4.,-16.,25.));
#4659 = LINE('',#4660,#4661);
#4660 = CARTESIAN_POINT('',(5.913267266525,-16.,26.43919707837));
#4661 = VECTOR('',#4662,1.);
#4662 = DIRECTION('',(-0.799147788055,0.,-0.601134604599));
#4663 = ORIENTED_EDGE('',*,*,#4664,.T.);
#4664 = EDGE_CURVE('',#4657,#4665,#4667,.T.);
#4665 = VERTEX_POINT('',#4666);
#4666 = CARTESIAN_POINT('',(5.913267266525,-16.,23.56080292163));
#4667 = LINE('',#4668,#4669);
#4668 = CARTESIAN_POINT('',(4.,-16.,25.));
#4669 = VECTOR('',#4670,1.);
#4670 = DIRECTION('',(0.799147788055,0.,-0.601134604599));
#4671 = ORIENTED_EDGE('',*,*,#4672,.T.);
#4672 = EDGE_CURVE('',#4665,#4673,#4675,.T.);
#4673 = VERTEX_POINT('',#4674);
#4674 = CARTESIAN_POINT('',(4.538378320753,-16.,21.600813061876));
#4675 = LINE('',#4676,#4677);
#4676 = CARTESIAN_POINT('',(5.913267266525,-16.,23.56080292163));
#4677 = VECTOR('',#4678,1.);
#4678 = DIRECTION('',(-0.574273902585,0.,-0.818663230401));
#4679 = ORIENTED_EDGE('',*,*,#4680,.T.);
#4680 = EDGE_CURVE('',#4673,#4681,#4683,.T.);
#4681 = VERTEX_POINT('',#4682);
#4682 = CARTESIAN_POINT('',(6.802739977467,-16.,20.823287402396));
#4683 = LINE('',#4684,#4685);
#4684 = CARTESIAN_POINT('',(4.538378320753,-16.,21.600813061876));
#4685 = VECTOR('',#4686,1.);
#4686 = DIRECTION('',(0.945795520041,0.,-0.324762735348));
#4687 = ORIENTED_EDGE('',*,*,#4688,.T.);
#4688 = EDGE_CURVE('',#4681,#4689,#4691,.T.);
#4689 = VERTEX_POINT('',#4690);
#4690 = CARTESIAN_POINT('',(6.100813061876,-16.,18.534362224783));
#4691 = LINE('',#4692,#4693);
#4692 = CARTESIAN_POINT('',(6.802739977467,-16.,20.823287402396));
#4693 = VECTOR('',#4694,1.);
#4694 = DIRECTION('',(-0.293186086328,0.,-0.956055395249));
#4695 = ORIENTED_EDGE('',*,*,#4696,.T.);
#4696 = EDGE_CURVE('',#4689,#4697,#4699,.T.);
#4697 = VERTEX_POINT('',#4698);
#4698 = CARTESIAN_POINT('',(8.494617613084,-16.,18.494617613084));
#4699 = LINE('',#4700,#4701);
#4700 = CARTESIAN_POINT('',(6.100813061876,-16.,18.534362224783));
#4701 = VECTOR('',#4702,1.);
#4702 = DIRECTION('',(0.99986219678,0.,-1.660082680664E-02));
#4703 = ORIENTED_EDGE('',*,*,#4704,.T.);
#4704 = EDGE_CURVE('',#4697,#4705,#4707,.T.);
#4705 = VERTEX_POINT('',#4706);
#4706 = CARTESIAN_POINT('',(8.534362224783,-16.,16.100813061876));
#4707 = LINE('',#4708,#4709);
#4708 = CARTESIAN_POINT('',(8.494617613084,-16.,18.494617613084));
#4709 = VECTOR('',#4710,1.);
#4710 = DIRECTION('',(1.660082680664E-02,0.,-0.99986219678));
#4711 = ORIENTED_EDGE('',*,*,#4712,.T.);
#4712 = EDGE_CURVE('',#4705,#4713,#4715,.T.);
#4713 = VERTEX_POINT('',#4714);
#4714 = CARTESIAN_POINT('',(10.823287402396,-16.,16.802739977467));
#4715 = LINE('',#4716,#4717);
#4716 = CARTESIAN_POINT('',(8.534362224783,-16.,16.100813061876));
#4717 = VECTOR('',#4718,1.);
#4718 = DIRECTION('',(0.956055395249,0.,0.293186086328));
#4719 = ORIENTED_EDGE('',*,*,#4720,.T.);
#4720 = EDGE_CURVE('',#4713,#4721,#4723,.T.);
#4721 = VERTEX_POINT('',#4722);
#4722 = CARTESIAN_POINT('',(11.600813061876,-16.,14.538378320753));
#4723 = LINE('',#4724,#4725);
#4724 = CARTESIAN_POINT('',(10.823287402396,-16.,16.802739977467));
#4725 = VECTOR('',#4726,1.);
#4726 = DIRECTION('',(0.324762735348,0.,-0.945795520041));
#4727 = ORIENTED_EDGE('',*,*,#4728,.T.);
#4728 = EDGE_CURVE('',#4721,#4729,#4731,.T.);
#4729 = VERTEX_POINT('',#4730);
#4730 = CARTESIAN_POINT('',(13.56080292163,-16.,15.913267266525));
#4731 = LINE('',#4732,#4733);
#4732 = CARTESIAN_POINT('',(11.600813061876,-16.,14.538378320753));
#4733 = VECTOR('',#4734,1.);
#4734 = DIRECTION('',(0.818663230401,0.,0.574273902585));
#4735 = ORIENTED_EDGE('',*,*,#4736,.T.);
#4736 = EDGE_CURVE('',#4729,#4737,#4739,.T.);
#4737 = VERTEX_POINT('',#4738);
#4738 = CARTESIAN_POINT('',(15.,-16.,14.));
#4739 = LINE('',#4740,#4741);
#4740 = CARTESIAN_POINT('',(13.56080292163,-16.,15.913267266525));
#4741 = VECTOR('',#4742,1.);
#4742 = DIRECTION('',(0.601134604599,0.,-0.799147788055));
#4743 = ORIENTED_EDGE('',*,*,#4744,.T.);
#4744 = EDGE_CURVE('',#4737,#4745,#4747,.T.);
#4745 = VERTEX_POINT('',#4746);
#4746 = CARTESIAN_POINT('',(16.43919707837,-16.,15.913267266525));
#4747 = LINE('',#4748,#4749);
#4748 = CARTESIAN_POINT('',(15.,-16.,14.));
#4749 = VECTOR('',#4750,1.);
#4750 = DIRECTION('',(0.601134604599,0.,0.799147788055));
#4751 = ORIENTED_EDGE('',*,*,#4752,.T.);
#4752 = EDGE_CURVE('',#4745,#4753,#4755,.T.);
#4753 = VERTEX_POINT('',#4754);
#4754 = CARTESIAN_POINT('',(18.399186938124,-16.,14.538378320753));
#4755 = LINE('',#4756,#4757);
#4756 = CARTESIAN_POINT('',(16.43919707837,-16.,15.913267266525));
#4757 = VECTOR('',#4758,1.);
#4758 = DIRECTION('',(0.818663230401,0.,-0.574273902585));
#4759 = ORIENTED_EDGE('',*,*,#4760,.T.);
#4760 = EDGE_CURVE('',#4753,#4761,#4763,.T.);
#4761 = VERTEX_POINT('',#4762);
#4762 = CARTESIAN_POINT('',(19.176712597604,-16.,16.802739977467));
#4763 = LINE('',#4764,#4765);
#4764 = CARTESIAN_POINT('',(18.399186938124,-16.,14.538378320753));
#4765 = VECTOR('',#4766,1.);
#4766 = DIRECTION('',(0.324762735348,0.,0.945795520041));
#4767 = ORIENTED_EDGE('',*,*,#4768,.T.);
#4768 = EDGE_CURVE('',#4761,#4769,#4771,.T.);
#4769 = VERTEX_POINT('',#4770);
#4770 = CARTESIAN_POINT('',(21.465637775217,-16.,16.100813061876));
#4771 = LINE('',#4772,#4773);
#4772 = CARTESIAN_POINT('',(19.176712597604,-16.,16.802739977467));
#4773 = VECTOR('',#4774,1.);
#4774 = DIRECTION('',(0.956055395249,0.,-0.293186086328));
#4775 = ORIENTED_EDGE('',*,*,#4776,.T.);
#4776 = EDGE_CURVE('',#4769,#4777,#4779,.T.);
#4777 = VERTEX_POINT('',#4778);
#4778 = CARTESIAN_POINT('',(21.505382386916,-16.,18.494617613084));
#4779 = LINE('',#4780,#4781);
#4780 = CARTESIAN_POINT('',(21.465637775217,-16.,16.100813061876));
#4781 = VECTOR('',#4782,1.);
#4782 = DIRECTION('',(1.660082680664E-02,0.,0.99986219678));
#4783 = ORIENTED_EDGE('',*,*,#4784,.T.);
#4784 = EDGE_CURVE('',#4777,#4785,#4787,.T.);
#4785 = VERTEX_POINT('',#4786);
#4786 = CARTESIAN_POINT('',(23.899186938124,-16.,18.534362224783));
#4787 = LINE('',#4788,#4789);
#4788 = CARTESIAN_POINT('',(21.505382386916,-16.,18.494617613084));
#4789 = VECTOR('',#4790,1.);
#4790 = DIRECTION('',(0.99986219678,0.,1.660082680664E-02));
#4791 = ORIENTED_EDGE('',*,*,#4792,.T.);
#4792 = EDGE_CURVE('',#4785,#4793,#4795,.T.);
#4793 = VERTEX_POINT('',#4794);
#4794 = CARTESIAN_POINT('',(23.197260022533,-16.,20.823287402396));
#4795 = LINE('',#4796,#4797);
#4796 = CARTESIAN_POINT('',(23.899186938124,-16.,18.534362224783));
#4797 = VECTOR('',#4798,1.);
#4798 = DIRECTION('',(-0.293186086328,0.,0.956055395249));
#4799 = ORIENTED_EDGE('',*,*,#4800,.T.);
#4800 = EDGE_CURVE('',#4793,#4801,#4803,.T.);
#4801 = VERTEX_POINT('',#4802);
#4802 = CARTESIAN_POINT('',(25.461621679247,-16.,21.600813061876));
#4803 = LINE('',#4804,#4805);
#4804 = CARTESIAN_POINT('',(23.197260022533,-16.,20.823287402396));
#4805 = VECTOR('',#4806,1.);
#4806 = DIRECTION('',(0.945795520041,0.,0.324762735348));
#4807 = ORIENTED_EDGE('',*,*,#4808,.T.);
#4808 = EDGE_CURVE('',#4801,#4457,#4809,.T.);
#4809 = LINE('',#4810,#4811);
#4810 = CARTESIAN_POINT('',(25.461621679247,-16.,21.600813061876));
#4811 = VECTOR('',#4812,1.);
#4812 = DIRECTION('',(-0.574273902585,0.,0.818663230401));
#4813 = ORIENTED_EDGE('',*,*,#4473,.T.);
#4814 = PLANE('',#4815);
#4815 = AXIS2_PLACEMENT_3D('',#4816,#4817,#4818);
#4816 = CARTESIAN_POINT('',(15.,-16.,25.));
#4817 = DIRECTION('',(-0.,-1.,-0.));
#4818 = DIRECTION('',(0.,0.,-1.));
#4819 = ADVANCED_FACE('',(#4820,#5119),#5130,.F.);
#4820 = FACE_BOUND('',#4821,.F.);
#4821 = EDGE_LOOP('',(#4822,#4823,#4824,#4832,#4840,#4848,#4856,#4864,
    #4872,#4880,#4888,#4896,#4904,#4912,#4920,#4928,#4936,#4944,#4952,
    #4960,#4968,#4976,#4984,#4992,#5000,#5008,#5016,#5024,#5032,#5040,
    #5048,#5056,#5064,#5072,#5080,#5088,#5096,#5104,#5112,#5118));
#4822 = ORIENTED_EDGE('',*,*,#4426,.T.);
#4823 = ORIENTED_EDGE('',*,*,#4488,.T.);
#4824 = ORIENTED_EDGE('',*,*,#4825,.T.);
#4825 = EDGE_CURVE('',#4489,#4826,#4828,.T.);
#4826 = VERTEX_POINT('',#4827);
#4827 = CARTESIAN_POINT('',(23.197260022533,-8.,29.176712597604));
#4828 = LINE('',#4829,#4830);
#4829 = CARTESIAN_POINT('',(25.461621679247,-8.,28.399186938124));
#4830 = VECTOR('',#4831,1.);
#4831 = DIRECTION('',(-0.945795520041,0.,0.324762735348));
#4832 = ORIENTED_EDGE('',*,*,#4833,.T.);
#4833 = EDGE_CURVE('',#4826,#4834,#4836,.T.);
#4834 = VERTEX_POINT('',#4835);
#4835 = CARTESIAN_POINT('',(23.899186938124,-8.,31.465637775217));
#4836 = LINE('',#4837,#4838);
#4837 = CARTESIAN_POINT('',(23.197260022533,-8.,29.176712597604));
#4838 = VECTOR('',#4839,1.);
#4839 = DIRECTION('',(0.293186086328,0.,0.956055395249));
#4840 = ORIENTED_EDGE('',*,*,#4841,.T.);
#4841 = EDGE_CURVE('',#4834,#4842,#4844,.T.);
#4842 = VERTEX_POINT('',#4843);
#4843 = CARTESIAN_POINT('',(21.505382386916,-8.,31.505382386916));
#4844 = LINE('',#4845,#4846);
#4845 = CARTESIAN_POINT('',(23.899186938124,-8.,31.465637775217));
#4846 = VECTOR('',#4847,1.);
#4847 = DIRECTION('',(-0.99986219678,0.,1.660082680664E-02));
#4848 = ORIENTED_EDGE('',*,*,#4849,.T.);
#4849 = EDGE_CURVE('',#4842,#4850,#4852,.T.);
#4850 = VERTEX_POINT('',#4851);
#4851 = CARTESIAN_POINT('',(21.465637775217,-8.,33.899186938124));
#4852 = LINE('',#4853,#4854);
#4853 = CARTESIAN_POINT('',(21.505382386916,-8.,31.505382386916));
#4854 = VECTOR('',#4855,1.);
#4855 = DIRECTION('',(-1.660082680664E-02,0.,0.99986219678));
#4856 = ORIENTED_EDGE('',*,*,#4857,.T.);
#4857 = EDGE_CURVE('',#4850,#4858,#4860,.T.);
#4858 = VERTEX_POINT('',#4859);
#4859 = CARTESIAN_POINT('',(19.176712597604,-8.,33.197260022533));
#4860 = LINE('',#4861,#4862);
#4861 = CARTESIAN_POINT('',(21.465637775217,-8.,33.899186938124));
#4862 = VECTOR('',#4863,1.);
#4863 = DIRECTION('',(-0.956055395249,0.,-0.293186086328));
#4864 = ORIENTED_EDGE('',*,*,#4865,.T.);
#4865 = EDGE_CURVE('',#4858,#4866,#4868,.T.);
#4866 = VERTEX_POINT('',#4867);
#4867 = CARTESIAN_POINT('',(18.399186938124,-8.,35.461621679247));
#4868 = LINE('',#4869,#4870);
#4869 = CARTESIAN_POINT('',(19.176712597604,-8.,33.197260022533));
#4870 = VECTOR('',#4871,1.);
#4871 = DIRECTION('',(-0.324762735348,0.,0.945795520041));
#4872 = ORIENTED_EDGE('',*,*,#4873,.T.);
#4873 = EDGE_CURVE('',#4866,#4874,#4876,.T.);
#4874 = VERTEX_POINT('',#4875);
#4875 = CARTESIAN_POINT('',(16.43919707837,-8.,34.086732733475));
#4876 = LINE('',#4877,#4878);
#4877 = CARTESIAN_POINT('',(18.399186938124,-8.,35.461621679247));
#4878 = VECTOR('',#4879,1.);
#4879 = DIRECTION('',(-0.818663230401,0.,-0.574273902585));
#4880 = ORIENTED_EDGE('',*,*,#4881,.T.);
#4881 = EDGE_CURVE('',#4874,#4882,#4884,.T.);
#4882 = VERTEX_POINT('',#4883);
#4883 = CARTESIAN_POINT('',(15.,-8.,36.));
#4884 = LINE('',#4885,#4886);
#4885 = CARTESIAN_POINT('',(16.43919707837,-8.,34.086732733475));
#4886 = VECTOR('',#4887,1.);
#4887 = DIRECTION('',(-0.601134604599,0.,0.799147788055));
#4888 = ORIENTED_EDGE('',*,*,#4889,.T.);
#4889 = EDGE_CURVE('',#4882,#4890,#4892,.T.);
#4890 = VERTEX_POINT('',#4891);
#4891 = CARTESIAN_POINT('',(13.56080292163,-8.,34.086732733475));
#4892 = LINE('',#4893,#4894);
#4893 = CARTESIAN_POINT('',(15.,-8.,36.));
#4894 = VECTOR('',#4895,1.);
#4895 = DIRECTION('',(-0.601134604599,0.,-0.799147788055));
#4896 = ORIENTED_EDGE('',*,*,#4897,.T.);
#4897 = EDGE_CURVE('',#4890,#4898,#4900,.T.);
#4898 = VERTEX_POINT('',#4899);
#4899 = CARTESIAN_POINT('',(11.600813061876,-8.,35.461621679247));
#4900 = LINE('',#4901,#4902);
#4901 = CARTESIAN_POINT('',(13.56080292163,-8.,34.086732733475));
#4902 = VECTOR('',#4903,1.);
#4903 = DIRECTION('',(-0.818663230401,0.,0.574273902585));
#4904 = ORIENTED_EDGE('',*,*,#4905,.T.);
#4905 = EDGE_CURVE('',#4898,#4906,#4908,.T.);
#4906 = VERTEX_POINT('',#4907);
#4907 = CARTESIAN_POINT('',(10.823287402396,-8.,33.197260022533));
#4908 = LINE('',#4909,#4910);
#4909 = CARTESIAN_POINT('',(11.600813061876,-8.,35.461621679247));
#4910 = VECTOR('',#4911,1.);
#4911 = DIRECTION('',(-0.324762735348,0.,-0.945795520041));
#4912 = ORIENTED_EDGE('',*,*,#4913,.T.);
#4913 = EDGE_CURVE('',#4906,#4914,#4916,.T.);
#4914 = VERTEX_POINT('',#4915);
#4915 = CARTESIAN_POINT('',(8.534362224783,-8.,33.899186938124));
#4916 = LINE('',#4917,#4918);
#4917 = CARTESIAN_POINT('',(10.823287402396,-8.,33.197260022533));
#4918 = VECTOR('',#4919,1.);
#4919 = DIRECTION('',(-0.956055395249,0.,0.293186086328));
#4920 = ORIENTED_EDGE('',*,*,#4921,.T.);
#4921 = EDGE_CURVE('',#4914,#4922,#4924,.T.);
#4922 = VERTEX_POINT('',#4923);
#4923 = CARTESIAN_POINT('',(8.494617613084,-8.,31.505382386916));
#4924 = LINE('',#4925,#4926);
#4925 = CARTESIAN_POINT('',(8.534362224783,-8.,33.899186938124));
#4926 = VECTOR('',#4927,1.);
#4927 = DIRECTION('',(-1.660082680664E-02,0.,-0.99986219678));
#4928 = ORIENTED_EDGE('',*,*,#4929,.T.);
#4929 = EDGE_CURVE('',#4922,#4930,#4932,.T.);
#4930 = VERTEX_POINT('',#4931);
#4931 = CARTESIAN_POINT('',(6.100813061876,-8.,31.465637775217));
#4932 = LINE('',#4933,#4934);
#4933 = CARTESIAN_POINT('',(8.494617613084,-8.,31.505382386916));
#4934 = VECTOR('',#4935,1.);
#4935 = DIRECTION('',(-0.99986219678,0.,-1.660082680664E-02));
#4936 = ORIENTED_EDGE('',*,*,#4937,.T.);
#4937 = EDGE_CURVE('',#4930,#4938,#4940,.T.);
#4938 = VERTEX_POINT('',#4939);
#4939 = CARTESIAN_POINT('',(6.802739977467,-8.,29.176712597604));
#4940 = LINE('',#4941,#4942);
#4941 = CARTESIAN_POINT('',(6.100813061876,-8.,31.465637775217));
#4942 = VECTOR('',#4943,1.);
#4943 = DIRECTION('',(0.293186086328,0.,-0.956055395249));
#4944 = ORIENTED_EDGE('',*,*,#4945,.T.);
#4945 = EDGE_CURVE('',#4938,#4946,#4948,.T.);
#4946 = VERTEX_POINT('',#4947);
#4947 = CARTESIAN_POINT('',(4.538378320753,-8.,28.399186938124));
#4948 = LINE('',#4949,#4950);
#4949 = CARTESIAN_POINT('',(6.802739977467,-8.,29.176712597604));
#4950 = VECTOR('',#4951,1.);
#4951 = DIRECTION('',(-0.945795520041,0.,-0.324762735348));
#4952 = ORIENTED_EDGE('',*,*,#4953,.T.);
#4953 = EDGE_CURVE('',#4946,#4954,#4956,.T.);
#4954 = VERTEX_POINT('',#4955);
#4955 = CARTESIAN_POINT('',(5.913267266525,-8.,26.43919707837));
#4956 = LINE('',#4957,#4958);
#4957 = CARTESIAN_POINT('',(4.538378320753,-8.,28.399186938124));
#4958 = VECTOR('',#4959,1.);
#4959 = DIRECTION('',(0.574273902585,0.,-0.818663230401));
#4960 = ORIENTED_EDGE('',*,*,#4961,.T.);
#4961 = EDGE_CURVE('',#4954,#4962,#4964,.T.);
#4962 = VERTEX_POINT('',#4963);
#4963 = CARTESIAN_POINT('',(4.,-8.,25.));
#4964 = LINE('',#4965,#4966);
#4965 = CARTESIAN_POINT('',(5.913267266525,-8.,26.43919707837));
#4966 = VECTOR('',#4967,1.);
#4967 = DIRECTION('',(-0.799147788055,0.,-0.601134604599));
#4968 = ORIENTED_EDGE('',*,*,#4969,.T.);
#4969 = EDGE_CURVE('',#4962,#4970,#4972,.T.);
#4970 = VERTEX_POINT('',#4971);
#4971 = CARTESIAN_POINT('',(5.913267266525,-8.,23.56080292163));
#4972 = LINE('',#4973,#4974);
#4973 = CARTESIAN_POINT('',(4.,-8.,25.));
#4974 = VECTOR('',#4975,1.);
#4975 = DIRECTION('',(0.799147788055,0.,-0.601134604599));
#4976 = ORIENTED_EDGE('',*,*,#4977,.T.);
#4977 = EDGE_CURVE('',#4970,#4978,#4980,.T.);
#4978 = VERTEX_POINT('',#4979);
#4979 = CARTESIAN_POINT('',(4.538378320753,-8.,21.600813061876));
#4980 = LINE('',#4981,#4982);
#4981 = CARTESIAN_POINT('',(5.913267266525,-8.,23.56080292163));
#4982 = VECTOR('',#4983,1.);
#4983 = DIRECTION('',(-0.574273902585,0.,-0.818663230401));
#4984 = ORIENTED_EDGE('',*,*,#4985,.T.);
#4985 = EDGE_CURVE('',#4978,#4986,#4988,.T.);
#4986 = VERTEX_POINT('',#4987);
#4987 = CARTESIAN_POINT('',(6.802739977467,-8.,20.823287402396));
#4988 = LINE('',#4989,#4990);
#4989 = CARTESIAN_POINT('',(4.538378320753,-8.,21.600813061876));
#4990 = VECTOR('',#4991,1.);
#4991 = DIRECTION('',(0.945795520041,0.,-0.324762735348));
#4992 = ORIENTED_EDGE('',*,*,#4993,.T.);
#4993 = EDGE_CURVE('',#4986,#4994,#4996,.T.);
#4994 = VERTEX_POINT('',#4995);
#4995 = CARTESIAN_POINT('',(6.100813061876,-8.,18.534362224783));
#4996 = LINE('',#4997,#4998);
#4997 = CARTESIAN_POINT('',(6.802739977467,-8.,20.823287402396));
#4998 = VECTOR('',#4999,1.);
#4999 = DIRECTION('',(-0.293186086328,0.,-0.956055395249));
#5000 = ORIENTED_EDGE('',*,*,#5001,.T.);
#5001 = EDGE_CURVE('',#4994,#5002,#5004,.T.);
#5002 = VERTEX_POINT('',#5003);
#5003 = CARTESIAN_POINT('',(8.494617613084,-8.,18.494617613084));
#5004 = LINE('',#5005,#5006);
#5005 = CARTESIAN_POINT('',(6.100813061876,-8.,18.534362224783));
#5006 = VECTOR('',#5007,1.);
#5007 = DIRECTION('',(0.99986219678,0.,-1.660082680664E-02));
#5008 = ORIENTED_EDGE('',*,*,#5009,.T.);
#5009 = EDGE_CURVE('',#5002,#5010,#5012,.T.);
#5010 = VERTEX_POINT('',#5011);
#5011 = CARTESIAN_POINT('',(8.534362224783,-8.,16.100813061876));
#5012 = LINE('',#5013,#5014);
#5013 = CARTESIAN_POINT('',(8.494617613084,-8.,18.494617613084));
#5014 = VECTOR('',#5015,1.);
#5015 = DIRECTION('',(1.660082680664E-02,0.,-0.99986219678));
#5016 = ORIENTED_EDGE('',*,*,#5017,.T.);
#5017 = EDGE_CURVE('',#5010,#5018,#5020,.T.);
#5018 = VERTEX_POINT('',#5019);
#5019 = CARTESIAN_POINT('',(10.823287402396,-8.,16.802739977467));
#5020 = LINE('',#5021,#5022);
#5021 = CARTESIAN_POINT('',(8.534362224783,-8.,16.100813061876));
#5022 = VECTOR('',#5023,1.);
#5023 = DIRECTION('',(0.956055395249,0.,0.293186086328));
#5024 = ORIENTED_EDGE('',*,*,#5025,.T.);
#5025 = EDGE_CURVE('',#5018,#5026,#5028,.T.);
#5026 = VERTEX_POINT('',#5027);
#5027 = CARTESIAN_POINT('',(11.600813061876,-8.,14.538378320753));
#5028 = LINE('',#5029,#5030);
#5029 = CARTESIAN_POINT('',(10.823287402396,-8.,16.802739977467));
#5030 = VECTOR('',#5031,1.);
#5031 = DIRECTION('',(0.324762735348,0.,-0.945795520041));
#5032 = ORIENTED_EDGE('',*,*,#5033,.T.);
#5033 = EDGE_CURVE('',#5026,#5034,#5036,.T.);
#5034 = VERTEX_POINT('',#5035);
#5035 = CARTESIAN_POINT('',(13.56080292163,-8.,15.913267266525));
#5036 = LINE('',#5037,#5038);
#5037 = CARTESIAN_POINT('',(11.600813061876,-8.,14.538378320753));
#5038 = VECTOR('',#5039,1.);
#5039 = DIRECTION('',(0.818663230401,0.,0.574273902585));
#5040 = ORIENTED_EDGE('',*,*,#5041,.T.);
#5041 = EDGE_CURVE('',#5034,#5042,#5044,.T.);
#5042 = VERTEX_POINT('',#5043);
#5043 = CARTESIAN_POINT('',(15.,-8.,14.));
#5044 = LINE('',#5045,#5046);
#5045 = CARTESIAN_POINT('',(13.56080292163,-8.,15.913267266525));
#5046 = VECTOR('',#5047,1.);
#5047 = DIRECTION('',(0.601134604599,0.,-0.799147788055));
#5048 = ORIENTED_EDGE('',*,*,#5049,.T.);
#5049 = EDGE_CURVE('',#5042,#5050,#5052,.T.);
#5050 = VERTEX_POINT('',#5051);
#5051 = CARTESIAN_POINT('',(16.43919707837,-8.,15.913267266525));
#5052 = LINE('',#5053,#5054);
#5053 = CARTESIAN_POINT('',(15.,-8.,14.));
#5054 = VECTOR('',#5055,1.);
#5055 = DIRECTION('',(0.601134604599,0.,0.799147788055));
#5056 = ORIENTED_EDGE('',*,*,#5057,.T.);
#5057 = EDGE_CURVE('',#5050,#5058,#5060,.T.);
#5058 = VERTEX_POINT('',#5059);
#5059 = CARTESIAN_POINT('',(18.399186938124,-8.,14.538378320753));
#5060 = LINE('',#5061,#5062);
#5061 = CARTESIAN_POINT('',(16.43919707837,-8.,15.913267266525));
#5062 = VECTOR('',#5063,1.);
#5063 = DIRECTION('',(0.818663230401,0.,-0.574273902585));
#5064 = ORIENTED_EDGE('',*,*,#5065,.T.);
#5065 = EDGE_CURVE('',#5058,#5066,#5068,.T.);
#5066 = VERTEX_POINT('',#5067);
#5067 = CARTESIAN_POINT('',(19.176712597604,-8.,16.802739977467));
#5068 = LINE('',#5069,#5070);
#5069 = CARTESIAN_POINT('',(18.399186938124,-8.,14.538378320753));
#5070 = VECTOR('',#5071,1.);
#5071 = DIRECTION('',(0.324762735348,0.,0.945795520041));
#5072 = ORIENTED_EDGE('',*,*,#5073,.T.);
#5073 = EDGE_CURVE('',#5066,#5074,#5076,.T.);
#5074 = VERTEX_POINT('',#5075);
#5075 = CARTESIAN_POINT('',(21.465637775217,-8.,16.100813061876));
#5076 = LINE('',#5077,#5078);
#5077 = CARTESIAN_POINT('',(19.176712597604,-8.,16.802739977467));
#5078 = VECTOR('',#5079,1.);
#5079 = DIRECTION('',(0.956055395249,0.,-0.293186086328));
#5080 = ORIENTED_EDGE('',*,*,#5081,.T.);
#5081 = EDGE_CURVE('',#5074,#5082,#5084,.T.);
#5082 = VERTEX_POINT('',#5083);
#5083 = CARTESIAN_POINT('',(21.505382386916,-8.,18.494617613084));
#5084 = LINE('',#5085,#5086);
#5085 = CARTESIAN_POINT('',(21.465637775217,-8.,16.100813061876));
#5086 = VECTOR('',#5087,1.);
#5087 = DIRECTION('',(1.660082680664E-02,0.,0.99986219678));
#5088 = ORIENTED_EDGE('',*,*,#5089,.T.);
#5089 = EDGE_CURVE('',#5082,#5090,#5092,.T.);
#5090 = VERTEX_POINT('',#5091);
#5091 = CARTESIAN_POINT('',(23.899186938124,-8.,18.534362224783));
#5092 = LINE('',#5093,#5094);
#5093 = CARTESIAN_POINT('',(21.505382386916,-8.,18.494617613084));
#5094 = VECTOR('',#5095,1.);
#5095 = DIRECTION('',(0.99986219678,0.,1.660082680664E-02));
#5096 = ORIENTED_EDGE('',*,*,#5097,.T.);
#5097 = EDGE_CURVE('',#5090,#5098,#5100,.T.);
#5098 = VERTEX_POINT('',#5099);
#5099 = CARTESIAN_POINT('',(23.197260022533,-8.,20.823287402396));
#5100 = LINE('',#5101,#5102);
#5101 = CARTESIAN_POINT('',(23.899186938124,-8.,18.534362224783));
#5102 = VECTOR('',#5103,1.);
#5103 = DIRECTION('',(-0.293186086328,0.,0.956055395249));
#5104 = ORIENTED_EDGE('',*,*,#5105,.T.);
#5105 = EDGE_CURVE('',#5098,#5106,#5108,.T.);
#5106 = VERTEX_POINT('',#5107);
#5107 = CARTESIAN_POINT('',(25.461621679247,-8.,21.600813061876));
#5108 = LINE('',#5109,#5110);
#5109 = CARTESIAN_POINT('',(23.197260022533,-8.,20.823287402396));
#5110 = VECTOR('',#5111,1.);
#5111 = DIRECTION('',(0.945795520041,0.,0.324762735348));
#5112 = ORIENTED_EDGE('',*,*,#5113,.T.);
#5113 = EDGE_CURVE('',#5106,#4459,#5114,.T.);
#5114 = LINE('',#5115,#5116);
#5115 = CARTESIAN_POINT('',(25.461621679247,-8.,21.600813061876));
#5116 = VECTOR('',#5117,1.);
#5117 = DIRECTION('',(-0.574273902585,0.,0.818663230401));
#5118 = ORIENTED_EDGE('',*,*,#4466,.T.);
#5119 = FACE_BOUND('',#5120,.F.);
#5120 = EDGE_LOOP('',(#5121));
#5121 = ORIENTED_EDGE('',*,*,#5122,.T.);
#5122 = EDGE_CURVE('',#5123,#5123,#5125,.T.);
#5123 = VERTEX_POINT('',#5124);
#5124 = CARTESIAN_POINT('',(15.,-8.,29.6));
#5125 = CIRCLE('',#5126,4.6);
#5126 = AXIS2_PLACEMENT_3D('',#5127,#5128,#5129);
#5127 = CARTESIAN_POINT('',(15.,-8.,25.));
#5128 = DIRECTION('',(0.,1.,0.));
#5129 = DIRECTION('',(0.,0.,1.));
#5130 = PLANE('',#5131);
#5131 = AXIS2_PLACEMENT_3D('',#5132,#5133,#5134);
#5132 = CARTESIAN_POINT('',(15.,-8.,25.));
#5133 = DIRECTION('',(-0.,-1.,-0.));
#5134 = DIRECTION('',(0.,0.,-1.));
#5135 = ADVANCED_FACE('',(#5136),#5147,.T.);
#5136 = FACE_BOUND('',#5137,.T.);
#5137 = EDGE_LOOP('',(#5138,#5144,#5145,#5146));
#5138 = ORIENTED_EDGE('',*,*,#5139,.T.);
#5139 = EDGE_CURVE('',#4801,#5106,#5140,.T.);
#5140 = LINE('',#5141,#5142);
#5141 = CARTESIAN_POINT('',(25.461621679247,-16.,21.600813061876));
#5142 = VECTOR('',#5143,1.);
#5143 = DIRECTION('',(0.,1.,0.));
#5144 = ORIENTED_EDGE('',*,*,#5113,.T.);
#5145 = ORIENTED_EDGE('',*,*,#4456,.F.);
#5146 = ORIENTED_EDGE('',*,*,#4808,.F.);
#5147 = PLANE('',#5148);
#5148 = AXIS2_PLACEMENT_3D('',#5149,#5150,#5151);
#5149 = CARTESIAN_POINT('',(25.461621679247,-16.,21.600813061876));
#5150 = DIRECTION('',(0.818663230401,0.,0.574273902585));
#5151 = DIRECTION('',(-0.574273902585,0.,0.818663230401));
#5152 = ADVANCED_FACE('',(#5153),#5164,.T.);
#5153 = FACE_BOUND('',#5154,.T.);
#5154 = EDGE_LOOP('',(#5155,#5156,#5157,#5163));
#5155 = ORIENTED_EDGE('',*,*,#4496,.T.);
#5156 = ORIENTED_EDGE('',*,*,#4825,.T.);
#5157 = ORIENTED_EDGE('',*,*,#5158,.F.);
#5158 = EDGE_CURVE('',#4521,#4826,#5159,.T.);
#5159 = LINE('',#5160,#5161);
#5160 = CARTESIAN_POINT('',(23.197260022533,-16.,29.176712597604));
#5161 = VECTOR('',#5162,1.);
#5162 = DIRECTION('',(0.,1.,0.));
#5163 = ORIENTED_EDGE('',*,*,#4520,.F.);
#5164 = PLANE('',#5165);
#5165 = AXIS2_PLACEMENT_3D('',#5166,#5167,#5168);
#5166 = CARTESIAN_POINT('',(25.461621679247,-16.,28.399186938124));
#5167 = DIRECTION('',(0.324762735348,0.,0.945795520041));
#5168 = DIRECTION('',(-0.945795520041,0.,0.324762735348));
#5169 = ADVANCED_FACE('',(#5170),#5181,.T.);
#5170 = FACE_BOUND('',#5171,.T.);
#5171 = EDGE_LOOP('',(#5172,#5173,#5174,#5180));
#5172 = ORIENTED_EDGE('',*,*,#5158,.T.);
#5173 = ORIENTED_EDGE('',*,*,#4833,.T.);
#5174 = ORIENTED_EDGE('',*,*,#5175,.F.);
#5175 = EDGE_CURVE('',#4529,#4834,#5176,.T.);
#5176 = LINE('',#5177,#5178);
#5177 = CARTESIAN_POINT('',(23.899186938124,-16.,31.465637775217));
#5178 = VECTOR('',#5179,1.);
#5179 = DIRECTION('',(0.,1.,0.));
#5180 = ORIENTED_EDGE('',*,*,#4528,.F.);
#5181 = PLANE('',#5182);
#5182 = AXIS2_PLACEMENT_3D('',#5183,#5184,#5185);
#5183 = CARTESIAN_POINT('',(23.197260022533,-16.,29.176712597604));
#5184 = DIRECTION('',(0.956055395249,0.,-0.293186086328));
#5185 = DIRECTION('',(0.293186086328,0.,0.956055395249));
#5186 = ADVANCED_FACE('',(#5187),#5198,.T.);
#5187 = FACE_BOUND('',#5188,.T.);
#5188 = EDGE_LOOP('',(#5189,#5190,#5191,#5197));
#5189 = ORIENTED_EDGE('',*,*,#5175,.T.);
#5190 = ORIENTED_EDGE('',*,*,#4841,.T.);
#5191 = ORIENTED_EDGE('',*,*,#5192,.F.);
#5192 = EDGE_CURVE('',#4537,#4842,#5193,.T.);
#5193 = LINE('',#5194,#5195);
#5194 = CARTESIAN_POINT('',(21.505382386916,-16.,31.505382386916));
#5195 = VECTOR('',#5196,1.);
#5196 = DIRECTION('',(0.,1.,0.));
#5197 = ORIENTED_EDGE('',*,*,#4536,.F.);
#5198 = PLANE('',#5199);
#5199 = AXIS2_PLACEMENT_3D('',#5200,#5201,#5202);
#5200 = CARTESIAN_POINT('',(23.899186938124,-16.,31.465637775217));
#5201 = DIRECTION('',(1.660082680664E-02,0.,0.99986219678));
#5202 = DIRECTION('',(-0.99986219678,0.,1.660082680664E-02));
#5203 = ADVANCED_FACE('',(#5204),#5215,.T.);
#5204 = FACE_BOUND('',#5205,.T.);
#5205 = EDGE_LOOP('',(#5206,#5207,#5208,#5214));
#5206 = ORIENTED_EDGE('',*,*,#5192,.T.);
#5207 = ORIENTED_EDGE('',*,*,#4849,.T.);
#5208 = ORIENTED_EDGE('',*,*,#5209,.F.);
#5209 = EDGE_CURVE('',#4545,#4850,#5210,.T.);
#5210 = LINE('',#5211,#5212);
#5211 = CARTESIAN_POINT('',(21.465637775217,-16.,33.899186938124));
#5212 = VECTOR('',#5213,1.);
#5213 = DIRECTION('',(0.,1.,0.));
#5214 = ORIENTED_EDGE('',*,*,#4544,.F.);
#5215 = PLANE('',#5216);
#5216 = AXIS2_PLACEMENT_3D('',#5217,#5218,#5219);
#5217 = CARTESIAN_POINT('',(21.505382386916,-16.,31.505382386916));
#5218 = DIRECTION('',(0.99986219678,0.,1.660082680664E-02));
#5219 = DIRECTION('',(-1.660082680664E-02,0.,0.99986219678));
#5220 = ADVANCED_FACE('',(#5221),#5232,.T.);
#5221 = FACE_BOUND('',#5222,.T.);
#5222 = EDGE_LOOP('',(#5223,#5224,#5225,#5231));
#5223 = ORIENTED_EDGE('',*,*,#5209,.T.);
#5224 = ORIENTED_EDGE('',*,*,#4857,.T.);
#5225 = ORIENTED_EDGE('',*,*,#5226,.F.);
#5226 = EDGE_CURVE('',#4553,#4858,#5227,.T.);
#5227 = LINE('',#5228,#5229);
#5228 = CARTESIAN_POINT('',(19.176712597604,-16.,33.197260022533));
#5229 = VECTOR('',#5230,1.);
#5230 = DIRECTION('',(0.,1.,0.));
#5231 = ORIENTED_EDGE('',*,*,#4552,.F.);
#5232 = PLANE('',#5233);
#5233 = AXIS2_PLACEMENT_3D('',#5234,#5235,#5236);
#5234 = CARTESIAN_POINT('',(21.465637775217,-16.,33.899186938124));
#5235 = DIRECTION('',(-0.293186086328,0.,0.956055395249));
#5236 = DIRECTION('',(-0.956055395249,0.,-0.293186086328));
#5237 = ADVANCED_FACE('',(#5238),#5249,.T.);
#5238 = FACE_BOUND('',#5239,.T.);
#5239 = EDGE_LOOP('',(#5240,#5241,#5242,#5248));
#5240 = ORIENTED_EDGE('',*,*,#5226,.T.);
#5241 = ORIENTED_EDGE('',*,*,#4865,.T.);
#5242 = ORIENTED_EDGE('',*,*,#5243,.F.);
#5243 = EDGE_CURVE('',#4561,#4866,#5244,.T.);
#5244 = LINE('',#5245,#5246);
#5245 = CARTESIAN_POINT('',(18.399186938124,-16.,35.461621679247));
#5246 = VECTOR('',#5247,1.);
#5247 = DIRECTION('',(0.,1.,0.));
#5248 = ORIENTED_EDGE('',*,*,#4560,.F.);
#5249 = PLANE('',#5250);
#5250 = AXIS2_PLACEMENT_3D('',#5251,#5252,#5253);
#5251 = CARTESIAN_POINT('',(19.176712597604,-16.,33.197260022533));
#5252 = DIRECTION('',(0.945795520041,0.,0.324762735348));
#5253 = DIRECTION('',(-0.324762735348,0.,0.945795520041));
#5254 = ADVANCED_FACE('',(#5255),#5266,.T.);
#5255 = FACE_BOUND('',#5256,.T.);
#5256 = EDGE_LOOP('',(#5257,#5258,#5259,#5265));
#5257 = ORIENTED_EDGE('',*,*,#5243,.T.);
#5258 = ORIENTED_EDGE('',*,*,#4873,.T.);
#5259 = ORIENTED_EDGE('',*,*,#5260,.F.);
#5260 = EDGE_CURVE('',#4569,#4874,#5261,.T.);
#5261 = LINE('',#5262,#5263);
#5262 = CARTESIAN_POINT('',(16.43919707837,-16.,34.086732733475));
#5263 = VECTOR('',#5264,1.);
#5264 = DIRECTION('',(0.,1.,0.));
#5265 = ORIENTED_EDGE('',*,*,#4568,.F.);
#5266 = PLANE('',#5267);
#5267 = AXIS2_PLACEMENT_3D('',#5268,#5269,#5270);
#5268 = CARTESIAN_POINT('',(18.399186938124,-16.,35.461621679247));
#5269 = DIRECTION('',(-0.574273902585,0.,0.818663230401));
#5270 = DIRECTION('',(-0.818663230401,0.,-0.574273902585));
#5271 = ADVANCED_FACE('',(#5272),#5283,.T.);
#5272 = FACE_BOUND('',#5273,.T.);
#5273 = EDGE_LOOP('',(#5274,#5275,#5276,#5282));
#5274 = ORIENTED_EDGE('',*,*,#5260,.T.);
#5275 = ORIENTED_EDGE('',*,*,#4881,.T.);
#5276 = ORIENTED_EDGE('',*,*,#5277,.F.);
#5277 = EDGE_CURVE('',#4577,#4882,#5278,.T.);
#5278 = LINE('',#5279,#5280);
#5279 = CARTESIAN_POINT('',(15.,-16.,36.));
#5280 = VECTOR('',#5281,1.);
#5281 = DIRECTION('',(0.,1.,0.));
#5282 = ORIENTED_EDGE('',*,*,#4576,.F.);
#5283 = PLANE('',#5284);
#5284 = AXIS2_PLACEMENT_3D('',#5285,#5286,#5287);
#5285 = CARTESIAN_POINT('',(16.43919707837,-16.,34.086732733475));
#5286 = DIRECTION('',(0.799147788055,0.,0.601134604599));
#5287 = DIRECTION('',(-0.601134604599,0.,0.799147788055));
#5288 = ADVANCED_FACE('',(#5289),#5300,.T.);
#5289 = FACE_BOUND('',#5290,.T.);
#5290 = EDGE_LOOP('',(#5291,#5292,#5293,#5299));
#5291 = ORIENTED_EDGE('',*,*,#5277,.T.);
#5292 = ORIENTED_EDGE('',*,*,#4889,.T.);
#5293 = ORIENTED_EDGE('',*,*,#5294,.F.);
#5294 = EDGE_CURVE('',#4585,#4890,#5295,.T.);
#5295 = LINE('',#5296,#5297);
#5296 = CARTESIAN_POINT('',(13.56080292163,-16.,34.086732733475));
#5297 = VECTOR('',#5298,1.);
#5298 = DIRECTION('',(0.,1.,0.));
#5299 = ORIENTED_EDGE('',*,*,#4584,.F.);
#5300 = PLANE('',#5301);
#5301 = AXIS2_PLACEMENT_3D('',#5302,#5303,#5304);
#5302 = CARTESIAN_POINT('',(15.,-16.,36.));
#5303 = DIRECTION('',(-0.799147788055,0.,0.601134604599));
#5304 = DIRECTION('',(-0.601134604599,0.,-0.799147788055));
#5305 = ADVANCED_FACE('',(#5306),#5317,.T.);
#5306 = FACE_BOUND('',#5307,.T.);
#5307 = EDGE_LOOP('',(#5308,#5309,#5310,#5316));
#5308 = ORIENTED_EDGE('',*,*,#5294,.T.);
#5309 = ORIENTED_EDGE('',*,*,#4897,.T.);
#5310 = ORIENTED_EDGE('',*,*,#5311,.F.);
#5311 = EDGE_CURVE('',#4593,#4898,#5312,.T.);
#5312 = LINE('',#5313,#5314);
#5313 = CARTESIAN_POINT('',(11.600813061876,-16.,35.461621679247));
#5314 = VECTOR('',#5315,1.);
#5315 = DIRECTION('',(0.,1.,0.));
#5316 = ORIENTED_EDGE('',*,*,#4592,.F.);
#5317 = PLANE('',#5318);
#5318 = AXIS2_PLACEMENT_3D('',#5319,#5320,#5321);
#5319 = CARTESIAN_POINT('',(13.56080292163,-16.,34.086732733475));
#5320 = DIRECTION('',(0.574273902585,0.,0.818663230401));
#5321 = DIRECTION('',(-0.818663230401,0.,0.574273902585));
#5322 = ADVANCED_FACE('',(#5323),#5334,.T.);
#5323 = FACE_BOUND('',#5324,.T.);
#5324 = EDGE_LOOP('',(#5325,#5326,#5327,#5333));
#5325 = ORIENTED_EDGE('',*,*,#5311,.T.);
#5326 = ORIENTED_EDGE('',*,*,#4905,.T.);
#5327 = ORIENTED_EDGE('',*,*,#5328,.F.);
#5328 = EDGE_CURVE('',#4601,#4906,#5329,.T.);
#5329 = LINE('',#5330,#5331);
#5330 = CARTESIAN_POINT('',(10.823287402396,-16.,33.197260022533));
#5331 = VECTOR('',#5332,1.);
#5332 = DIRECTION('',(0.,1.,0.));
#5333 = ORIENTED_EDGE('',*,*,#4600,.F.);
#5334 = PLANE('',#5335);
#5335 = AXIS2_PLACEMENT_3D('',#5336,#5337,#5338);
#5336 = CARTESIAN_POINT('',(11.600813061876,-16.,35.461621679247));
#5337 = DIRECTION('',(-0.945795520041,0.,0.324762735348));
#5338 = DIRECTION('',(-0.324762735348,0.,-0.945795520041));
#5339 = ADVANCED_FACE('',(#5340),#5351,.T.);
#5340 = FACE_BOUND('',#5341,.T.);
#5341 = EDGE_LOOP('',(#5342,#5343,#5344,#5350));
#5342 = ORIENTED_EDGE('',*,*,#5328,.T.);
#5343 = ORIENTED_EDGE('',*,*,#4913,.T.);
#5344 = ORIENTED_EDGE('',*,*,#5345,.F.);
#5345 = EDGE_CURVE('',#4609,#4914,#5346,.T.);
#5346 = LINE('',#5347,#5348);
#5347 = CARTESIAN_POINT('',(8.534362224783,-16.,33.899186938124));
#5348 = VECTOR('',#5349,1.);
#5349 = DIRECTION('',(0.,1.,0.));
#5350 = ORIENTED_EDGE('',*,*,#4608,.F.);
#5351 = PLANE('',#5352);
#5352 = AXIS2_PLACEMENT_3D('',#5353,#5354,#5355);
#5353 = CARTESIAN_POINT('',(10.823287402396,-16.,33.197260022533));
#5354 = DIRECTION('',(0.293186086328,0.,0.956055395249));
#5355 = DIRECTION('',(-0.956055395249,0.,0.293186086328));
#5356 = ADVANCED_FACE('',(#5357),#5368,.T.);
#5357 = FACE_BOUND('',#5358,.T.);
#5358 = EDGE_LOOP('',(#5359,#5360,#5361,#5367));
#5359 = ORIENTED_EDGE('',*,*,#5345,.T.);
#5360 = ORIENTED_EDGE('',*,*,#4921,.T.);
#5361 = ORIENTED_EDGE('',*,*,#5362,.F.);
#5362 = EDGE_CURVE('',#4617,#4922,#5363,.T.);
#5363 = LINE('',#5364,#5365);
#5364 = CARTESIAN_POINT('',(8.494617613084,-16.,31.505382386916));
#5365 = VECTOR('',#5366,1.);
#5366 = DIRECTION('',(0.,1.,0.));
#5367 = ORIENTED_EDGE('',*,*,#4616,.F.);
#5368 = PLANE('',#5369);
#5369 = AXIS2_PLACEMENT_3D('',#5370,#5371,#5372);
#5370 = CARTESIAN_POINT('',(8.534362224783,-16.,33.899186938124));
#5371 = DIRECTION('',(-0.99986219678,0.,1.660082680664E-02));
#5372 = DIRECTION('',(-1.660082680664E-02,0.,-0.99986219678));
#5373 = ADVANCED_FACE('',(#5374),#5385,.T.);
#5374 = FACE_BOUND('',#5375,.T.);
#5375 = EDGE_LOOP('',(#5376,#5377,#5378,#5384));
#5376 = ORIENTED_EDGE('',*,*,#5362,.T.);
#5377 = ORIENTED_EDGE('',*,*,#4929,.T.);
#5378 = ORIENTED_EDGE('',*,*,#5379,.F.);
#5379 = EDGE_CURVE('',#4625,#4930,#5380,.T.);
#5380 = LINE('',#5381,#5382);
#5381 = CARTESIAN_POINT('',(6.100813061876,-16.,31.465637775217));
#5382 = VECTOR('',#5383,1.);
#5383 = DIRECTION('',(0.,1.,0.));
#5384 = ORIENTED_EDGE('',*,*,#4624,.F.);
#5385 = PLANE('',#5386);
#5386 = AXIS2_PLACEMENT_3D('',#5387,#5388,#5389);
#5387 = CARTESIAN_POINT('',(8.494617613084,-16.,31.505382386916));
#5388 = DIRECTION('',(-1.660082680664E-02,0.,0.99986219678));
#5389 = DIRECTION('',(-0.99986219678,0.,-1.660082680664E-02));
#5390 = ADVANCED_FACE('',(#5391),#5402,.T.);
#5391 = FACE_BOUND('',#5392,.T.);
#5392 = EDGE_LOOP('',(#5393,#5394,#5395,#5401));
#5393 = ORIENTED_EDGE('',*,*,#5379,.T.);
#5394 = ORIENTED_EDGE('',*,*,#4937,.T.);
#5395 = ORIENTED_EDGE('',*,*,#5396,.F.);
#5396 = EDGE_CURVE('',#4633,#4938,#5397,.T.);
#5397 = LINE('',#5398,#5399);
#5398 = CARTESIAN_POINT('',(6.802739977467,-16.,29.176712597604));
#5399 = VECTOR('',#5400,1.);
#5400 = DIRECTION('',(0.,1.,0.));
#5401 = ORIENTED_EDGE('',*,*,#4632,.F.);
#5402 = PLANE('',#5403);
#5403 = AXIS2_PLACEMENT_3D('',#5404,#5405,#5406);
#5404 = CARTESIAN_POINT('',(6.100813061876,-16.,31.465637775217));
#5405 = DIRECTION('',(-0.956055395249,0.,-0.293186086328));
#5406 = DIRECTION('',(0.293186086328,0.,-0.956055395249));
#5407 = ADVANCED_FACE('',(#5408),#5419,.T.);
#5408 = FACE_BOUND('',#5409,.T.);
#5409 = EDGE_LOOP('',(#5410,#5411,#5412,#5418));
#5410 = ORIENTED_EDGE('',*,*,#5396,.T.);
#5411 = ORIENTED_EDGE('',*,*,#4945,.T.);
#5412 = ORIENTED_EDGE('',*,*,#5413,.F.);
#5413 = EDGE_CURVE('',#4641,#4946,#5414,.T.);
#5414 = LINE('',#5415,#5416);
#5415 = CARTESIAN_POINT('',(4.538378320753,-16.,28.399186938124));
#5416 = VECTOR('',#5417,1.);
#5417 = DIRECTION('',(0.,1.,0.));
#5418 = ORIENTED_EDGE('',*,*,#4640,.F.);
#5419 = PLANE('',#5420);
#5420 = AXIS2_PLACEMENT_3D('',#5421,#5422,#5423);
#5421 = CARTESIAN_POINT('',(6.802739977467,-16.,29.176712597604));
#5422 = DIRECTION('',(-0.324762735348,0.,0.945795520041));
#5423 = DIRECTION('',(-0.945795520041,0.,-0.324762735348));
#5424 = ADVANCED_FACE('',(#5425),#5436,.T.);
#5425 = FACE_BOUND('',#5426,.T.);
#5426 = EDGE_LOOP('',(#5427,#5428,#5429,#5435));
#5427 = ORIENTED_EDGE('',*,*,#5413,.T.);
#5428 = ORIENTED_EDGE('',*,*,#4953,.T.);
#5429 = ORIENTED_EDGE('',*,*,#5430,.F.);
#5430 = EDGE_CURVE('',#4649,#4954,#5431,.T.);
#5431 = LINE('',#5432,#5433);
#5432 = CARTESIAN_POINT('',(5.913267266525,-16.,26.43919707837));
#5433 = VECTOR('',#5434,1.);
#5434 = DIRECTION('',(0.,1.,0.));
#5435 = ORIENTED_EDGE('',*,*,#4648,.F.);
#5436 = PLANE('',#5437);
#5437 = AXIS2_PLACEMENT_3D('',#5438,#5439,#5440);
#5438 = CARTESIAN_POINT('',(4.538378320753,-16.,28.399186938124));
#5439 = DIRECTION('',(-0.818663230401,0.,-0.574273902585));
#5440 = DIRECTION('',(0.574273902585,0.,-0.818663230401));
#5441 = ADVANCED_FACE('',(#5442),#5453,.T.);
#5442 = FACE_BOUND('',#5443,.T.);
#5443 = EDGE_LOOP('',(#5444,#5445,#5446,#5452));
#5444 = ORIENTED_EDGE('',*,*,#5430,.T.);
#5445 = ORIENTED_EDGE('',*,*,#4961,.T.);
#5446 = ORIENTED_EDGE('',*,*,#5447,.F.);
#5447 = EDGE_CURVE('',#4657,#4962,#5448,.T.);
#5448 = LINE('',#5449,#5450);
#5449 = CARTESIAN_POINT('',(4.,-16.,25.));
#5450 = VECTOR('',#5451,1.);
#5451 = DIRECTION('',(0.,1.,0.));
#5452 = ORIENTED_EDGE('',*,*,#4656,.F.);
#5453 = PLANE('',#5454);
#5454 = AXIS2_PLACEMENT_3D('',#5455,#5456,#5457);
#5455 = CARTESIAN_POINT('',(5.913267266525,-16.,26.43919707837));
#5456 = DIRECTION('',(-0.601134604599,0.,0.799147788055));
#5457 = DIRECTION('',(-0.799147788055,0.,-0.601134604599));
#5458 = ADVANCED_FACE('',(#5459),#5470,.T.);
#5459 = FACE_BOUND('',#5460,.T.);
#5460 = EDGE_LOOP('',(#5461,#5462,#5463,#5469));
#5461 = ORIENTED_EDGE('',*,*,#5447,.T.);
#5462 = ORIENTED_EDGE('',*,*,#4969,.T.);
#5463 = ORIENTED_EDGE('',*,*,#5464,.F.);
#5464 = EDGE_CURVE('',#4665,#4970,#5465,.T.);
#5465 = LINE('',#5466,#5467);
#5466 = CARTESIAN_POINT('',(5.913267266525,-16.,23.56080292163));
#5467 = VECTOR('',#5468,1.);
#5468 = DIRECTION('',(0.,1.,0.));
#5469 = ORIENTED_EDGE('',*,*,#4664,.F.);
#5470 = PLANE('',#5471);
#5471 = AXIS2_PLACEMENT_3D('',#5472,#5473,#5474);
#5472 = CARTESIAN_POINT('',(4.,-16.,25.));
#5473 = DIRECTION('',(-0.601134604599,0.,-0.799147788055));
#5474 = DIRECTION('',(0.799147788055,0.,-0.601134604599));
#5475 = ADVANCED_FACE('',(#5476),#5487,.T.);
#5476 = FACE_BOUND('',#5477,.T.);
#5477 = EDGE_LOOP('',(#5478,#5479,#5480,#5486));
#5478 = ORIENTED_EDGE('',*,*,#5464,.T.);
#5479 = ORIENTED_EDGE('',*,*,#4977,.T.);
#5480 = ORIENTED_EDGE('',*,*,#5481,.F.);
#5481 = EDGE_CURVE('',#4673,#4978,#5482,.T.);
#5482 = LINE('',#5483,#5484);
#5483 = CARTESIAN_POINT('',(4.538378320753,-16.,21.600813061876));
#5484 = VECTOR('',#5485,1.);
#5485 = DIRECTION('',(0.,1.,0.));
#5486 = ORIENTED_EDGE('',*,*,#4672,.F.);
#5487 = PLANE('',#5488);
#5488 = AXIS2_PLACEMENT_3D('',#5489,#5490,#5491);
#5489 = CARTESIAN_POINT('',(5.913267266525,-16.,23.56080292163));
#5490 = DIRECTION('',(-0.818663230401,0.,0.574273902585));
#5491 = DIRECTION('',(-0.574273902585,0.,-0.818663230401));
#5492 = ADVANCED_FACE('',(#5493),#5504,.T.);
#5493 = FACE_BOUND('',#5494,.T.);
#5494 = EDGE_LOOP('',(#5495,#5496,#5497,#5503));
#5495 = ORIENTED_EDGE('',*,*,#5481,.T.);
#5496 = ORIENTED_EDGE('',*,*,#4985,.T.);
#5497 = ORIENTED_EDGE('',*,*,#5498,.F.);
#5498 = EDGE_CURVE('',#4681,#4986,#5499,.T.);
#5499 = LINE('',#5500,#5501);
#5500 = CARTESIAN_POINT('',(6.802739977467,-16.,20.823287402396));
#5501 = VECTOR('',#5502,1.);
#5502 = DIRECTION('',(0.,1.,0.));
#5503 = ORIENTED_EDGE('',*,*,#4680,.F.);
#5504 = PLANE('',#5505);
#5505 = AXIS2_PLACEMENT_3D('',#5506,#5507,#5508);
#5506 = CARTESIAN_POINT('',(4.538378320753,-16.,21.600813061876));
#5507 = DIRECTION('',(-0.324762735348,0.,-0.945795520041));
#5508 = DIRECTION('',(0.945795520041,0.,-0.324762735348));
#5509 = ADVANCED_FACE('',(#5510),#5521,.T.);
#5510 = FACE_BOUND('',#5511,.T.);
#5511 = EDGE_LOOP('',(#5512,#5513,#5514,#5520));
#5512 = ORIENTED_EDGE('',*,*,#5498,.T.);
#5513 = ORIENTED_EDGE('',*,*,#4993,.T.);
#5514 = ORIENTED_EDGE('',*,*,#5515,.F.);
#5515 = EDGE_CURVE('',#4689,#4994,#5516,.T.);
#5516 = LINE('',#5517,#5518);
#5517 = CARTESIAN_POINT('',(6.100813061876,-16.,18.534362224783));
#5518 = VECTOR('',#5519,1.);
#5519 = DIRECTION('',(0.,1.,0.));
#5520 = ORIENTED_EDGE('',*,*,#4688,.F.);
#5521 = PLANE('',#5522);
#5522 = AXIS2_PLACEMENT_3D('',#5523,#5524,#5525);
#5523 = CARTESIAN_POINT('',(6.802739977467,-16.,20.823287402396));
#5524 = DIRECTION('',(-0.956055395249,0.,0.293186086328));
#5525 = DIRECTION('',(-0.293186086328,0.,-0.956055395249));
#5526 = ADVANCED_FACE('',(#5527),#5538,.T.);
#5527 = FACE_BOUND('',#5528,.T.);
#5528 = EDGE_LOOP('',(#5529,#5530,#5531,#5537));
#5529 = ORIENTED_EDGE('',*,*,#5515,.T.);
#5530 = ORIENTED_EDGE('',*,*,#5001,.T.);
#5531 = ORIENTED_EDGE('',*,*,#5532,.F.);
#5532 = EDGE_CURVE('',#4697,#5002,#5533,.T.);
#5533 = LINE('',#5534,#5535);
#5534 = CARTESIAN_POINT('',(8.494617613084,-16.,18.494617613084));
#5535 = VECTOR('',#5536,1.);
#5536 = DIRECTION('',(0.,1.,0.));
#5537 = ORIENTED_EDGE('',*,*,#4696,.F.);
#5538 = PLANE('',#5539);
#5539 = AXIS2_PLACEMENT_3D('',#5540,#5541,#5542);
#5540 = CARTESIAN_POINT('',(6.100813061876,-16.,18.534362224783));
#5541 = DIRECTION('',(-1.660082680664E-02,0.,-0.99986219678));
#5542 = DIRECTION('',(0.99986219678,0.,-1.660082680664E-02));
#5543 = ADVANCED_FACE('',(#5544),#5555,.T.);
#5544 = FACE_BOUND('',#5545,.T.);
#5545 = EDGE_LOOP('',(#5546,#5547,#5548,#5554));
#5546 = ORIENTED_EDGE('',*,*,#5532,.T.);
#5547 = ORIENTED_EDGE('',*,*,#5009,.T.);
#5548 = ORIENTED_EDGE('',*,*,#5549,.F.);
#5549 = EDGE_CURVE('',#4705,#5010,#5550,.T.);
#5550 = LINE('',#5551,#5552);
#5551 = CARTESIAN_POINT('',(8.534362224783,-16.,16.100813061876));
#5552 = VECTOR('',#5553,1.);
#5553 = DIRECTION('',(0.,1.,0.));
#5554 = ORIENTED_EDGE('',*,*,#4704,.F.);
#5555 = PLANE('',#5556);
#5556 = AXIS2_PLACEMENT_3D('',#5557,#5558,#5559);
#5557 = CARTESIAN_POINT('',(8.494617613084,-16.,18.494617613084));
#5558 = DIRECTION('',(-0.99986219678,0.,-1.660082680664E-02));
#5559 = DIRECTION('',(1.660082680664E-02,0.,-0.99986219678));
#5560 = ADVANCED_FACE('',(#5561),#5572,.T.);
#5561 = FACE_BOUND('',#5562,.T.);
#5562 = EDGE_LOOP('',(#5563,#5564,#5565,#5571));
#5563 = ORIENTED_EDGE('',*,*,#5549,.T.);
#5564 = ORIENTED_EDGE('',*,*,#5017,.T.);
#5565 = ORIENTED_EDGE('',*,*,#5566,.F.);
#5566 = EDGE_CURVE('',#4713,#5018,#5567,.T.);
#5567 = LINE('',#5568,#5569);
#5568 = CARTESIAN_POINT('',(10.823287402396,-16.,16.802739977467));
#5569 = VECTOR('',#5570,1.);
#5570 = DIRECTION('',(0.,1.,0.));
#5571 = ORIENTED_EDGE('',*,*,#4712,.F.);
#5572 = PLANE('',#5573);
#5573 = AXIS2_PLACEMENT_3D('',#5574,#5575,#5576);
#5574 = CARTESIAN_POINT('',(8.534362224783,-16.,16.100813061876));
#5575 = DIRECTION('',(0.293186086328,0.,-0.956055395249));
#5576 = DIRECTION('',(0.956055395249,0.,0.293186086328));
#5577 = ADVANCED_FACE('',(#5578),#5589,.T.);
#5578 = FACE_BOUND('',#5579,.T.);
#5579 = EDGE_LOOP('',(#5580,#5581,#5582,#5588));
#5580 = ORIENTED_EDGE('',*,*,#5566,.T.);
#5581 = ORIENTED_EDGE('',*,*,#5025,.T.);
#5582 = ORIENTED_EDGE('',*,*,#5583,.F.);
#5583 = EDGE_CURVE('',#4721,#5026,#5584,.T.);
#5584 = LINE('',#5585,#5586);
#5585 = CARTESIAN_POINT('',(11.600813061876,-16.,14.538378320753));
#5586 = VECTOR('',#5587,1.);
#5587 = DIRECTION('',(0.,1.,0.));
#5588 = ORIENTED_EDGE('',*,*,#4720,.F.);
#5589 = PLANE('',#5590);
#5590 = AXIS2_PLACEMENT_3D('',#5591,#5592,#5593);
#5591 = CARTESIAN_POINT('',(10.823287402396,-16.,16.802739977467));
#5592 = DIRECTION('',(-0.945795520041,0.,-0.324762735348));
#5593 = DIRECTION('',(0.324762735348,0.,-0.945795520041));
#5594 = ADVANCED_FACE('',(#5595),#5606,.T.);
#5595 = FACE_BOUND('',#5596,.T.);
#5596 = EDGE_LOOP('',(#5597,#5598,#5599,#5605));
#5597 = ORIENTED_EDGE('',*,*,#5583,.T.);
#5598 = ORIENTED_EDGE('',*,*,#5033,.T.);
#5599 = ORIENTED_EDGE('',*,*,#5600,.F.);
#5600 = EDGE_CURVE('',#4729,#5034,#5601,.T.);
#5601 = LINE('',#5602,#5603);
#5602 = CARTESIAN_POINT('',(13.56080292163,-16.,15.913267266525));
#5603 = VECTOR('',#5604,1.);
#5604 = DIRECTION('',(0.,1.,0.));
#5605 = ORIENTED_EDGE('',*,*,#4728,.F.);
#5606 = PLANE('',#5607);
#5607 = AXIS2_PLACEMENT_3D('',#5608,#5609,#5610);
#5608 = CARTESIAN_POINT('',(11.600813061876,-16.,14.538378320753));
#5609 = DIRECTION('',(0.574273902585,0.,-0.818663230401));
#5610 = DIRECTION('',(0.818663230401,0.,0.574273902585));
#5611 = ADVANCED_FACE('',(#5612),#5623,.T.);
#5612 = FACE_BOUND('',#5613,.T.);
#5613 = EDGE_LOOP('',(#5614,#5615,#5616,#5622));
#5614 = ORIENTED_EDGE('',*,*,#5600,.T.);
#5615 = ORIENTED_EDGE('',*,*,#5041,.T.);
#5616 = ORIENTED_EDGE('',*,*,#5617,.F.);
#5617 = EDGE_CURVE('',#4737,#5042,#5618,.T.);
#5618 = LINE('',#5619,#5620);
#5619 = CARTESIAN_POINT('',(15.,-16.,14.));
#5620 = VECTOR('',#5621,1.);
#5621 = DIRECTION('',(0.,1.,0.));
#5622 = ORIENTED_EDGE('',*,*,#4736,.F.);
#5623 = PLANE('',#5624);
#5624 = AXIS2_PLACEMENT_3D('',#5625,#5626,#5627);
#5625 = CARTESIAN_POINT('',(13.56080292163,-16.,15.913267266525));
#5626 = DIRECTION('',(-0.799147788055,0.,-0.601134604599));
#5627 = DIRECTION('',(0.601134604599,0.,-0.799147788055));
#5628 = ADVANCED_FACE('',(#5629),#5640,.T.);
#5629 = FACE_BOUND('',#5630,.T.);
#5630 = EDGE_LOOP('',(#5631,#5632,#5633,#5639));
#5631 = ORIENTED_EDGE('',*,*,#5617,.T.);
#5632 = ORIENTED_EDGE('',*,*,#5049,.T.);
#5633 = ORIENTED_EDGE('',*,*,#5634,.F.);
#5634 = EDGE_CURVE('',#4745,#5050,#5635,.T.);
#5635 = LINE('',#5636,#5637);
#5636 = CARTESIAN_POINT('',(16.43919707837,-16.,15.913267266525));
#5637 = VECTOR('',#5638,1.);
#5638 = DIRECTION('',(0.,1.,0.));
#5639 = ORIENTED_EDGE('',*,*,#4744,.F.);
#5640 = PLANE('',#5641);
#5641 = AXIS2_PLACEMENT_3D('',#5642,#5643,#5644);
#5642 = CARTESIAN_POINT('',(15.,-16.,14.));
#5643 = DIRECTION('',(0.799147788055,0.,-0.601134604599));
#5644 = DIRECTION('',(0.601134604599,0.,0.799147788055));
#5645 = ADVANCED_FACE('',(#5646),#5657,.T.);
#5646 = FACE_BOUND('',#5647,.T.);
#5647 = EDGE_LOOP('',(#5648,#5649,#5650,#5656));
#5648 = ORIENTED_EDGE('',*,*,#5634,.T.);
#5649 = ORIENTED_EDGE('',*,*,#5057,.T.);
#5650 = ORIENTED_EDGE('',*,*,#5651,.F.);
#5651 = EDGE_CURVE('',#4753,#5058,#5652,.T.);
#5652 = LINE('',#5653,#5654);
#5653 = CARTESIAN_POINT('',(18.399186938124,-16.,14.538378320753));
#5654 = VECTOR('',#5655,1.);
#5655 = DIRECTION('',(0.,1.,0.));
#5656 = ORIENTED_EDGE('',*,*,#4752,.F.);
#5657 = PLANE('',#5658);
#5658 = AXIS2_PLACEMENT_3D('',#5659,#5660,#5661);
#5659 = CARTESIAN_POINT('',(16.43919707837,-16.,15.913267266525));
#5660 = DIRECTION('',(-0.574273902585,0.,-0.818663230401));
#5661 = DIRECTION('',(0.818663230401,0.,-0.574273902585));
#5662 = ADVANCED_FACE('',(#5663),#5674,.T.);
#5663 = FACE_BOUND('',#5664,.T.);
#5664 = EDGE_LOOP('',(#5665,#5666,#5667,#5673));
#5665 = ORIENTED_EDGE('',*,*,#5651,.T.);
#5666 = ORIENTED_EDGE('',*,*,#5065,.T.);
#5667 = ORIENTED_EDGE('',*,*,#5668,.F.);
#5668 = EDGE_CURVE('',#4761,#5066,#5669,.T.);
#5669 = LINE('',#5670,#5671);
#5670 = CARTESIAN_POINT('',(19.176712597604,-16.,16.802739977467));
#5671 = VECTOR('',#5672,1.);
#5672 = DIRECTION('',(0.,1.,0.));
#5673 = ORIENTED_EDGE('',*,*,#4760,.F.);
#5674 = PLANE('',#5675);
#5675 = AXIS2_PLACEMENT_3D('',#5676,#5677,#5678);
#5676 = CARTESIAN_POINT('',(18.399186938124,-16.,14.538378320753));
#5677 = DIRECTION('',(0.945795520041,0.,-0.324762735348));
#5678 = DIRECTION('',(0.324762735348,0.,0.945795520041));
#5679 = ADVANCED_FACE('',(#5680),#5691,.T.);
#5680 = FACE_BOUND('',#5681,.T.);
#5681 = EDGE_LOOP('',(#5682,#5683,#5684,#5690));
#5682 = ORIENTED_EDGE('',*,*,#5668,.T.);
#5683 = ORIENTED_EDGE('',*,*,#5073,.T.);
#5684 = ORIENTED_EDGE('',*,*,#5685,.F.);
#5685 = EDGE_CURVE('',#4769,#5074,#5686,.T.);
#5686 = LINE('',#5687,#5688);
#5687 = CARTESIAN_POINT('',(21.465637775217,-16.,16.100813061876));
#5688 = VECTOR('',#5689,1.);
#5689 = DIRECTION('',(0.,1.,0.));
#5690 = ORIENTED_EDGE('',*,*,#4768,.F.);
#5691 = PLANE('',#5692);
#5692 = AXIS2_PLACEMENT_3D('',#5693,#5694,#5695);
#5693 = CARTESIAN_POINT('',(19.176712597604,-16.,16.802739977467));
#5694 = DIRECTION('',(-0.293186086328,0.,-0.956055395249));
#5695 = DIRECTION('',(0.956055395249,0.,-0.293186086328));
#5696 = ADVANCED_FACE('',(#5697),#5708,.T.);
#5697 = FACE_BOUND('',#5698,.T.);
#5698 = EDGE_LOOP('',(#5699,#5700,#5701,#5707));
#5699 = ORIENTED_EDGE('',*,*,#5685,.T.);
#5700 = ORIENTED_EDGE('',*,*,#5081,.T.);
#5701 = ORIENTED_EDGE('',*,*,#5702,.F.);
#5702 = EDGE_CURVE('',#4777,#5082,#5703,.T.);
#5703 = LINE('',#5704,#5705);
#5704 = CARTESIAN_POINT('',(21.505382386916,-16.,18.494617613084));
#5705 = VECTOR('',#5706,1.);
#5706 = DIRECTION('',(0.,1.,0.));
#5707 = ORIENTED_EDGE('',*,*,#4776,.F.);
#5708 = PLANE('',#5709);
#5709 = AXIS2_PLACEMENT_3D('',#5710,#5711,#5712);
#5710 = CARTESIAN_POINT('',(21.465637775217,-16.,16.100813061876));
#5711 = DIRECTION('',(0.99986219678,0.,-1.660082680664E-02));
#5712 = DIRECTION('',(1.660082680664E-02,0.,0.99986219678));
#5713 = ADVANCED_FACE('',(#5714),#5725,.T.);
#5714 = FACE_BOUND('',#5715,.T.);
#5715 = EDGE_LOOP('',(#5716,#5717,#5718,#5724));
#5716 = ORIENTED_EDGE('',*,*,#5702,.T.);
#5717 = ORIENTED_EDGE('',*,*,#5089,.T.);
#5718 = ORIENTED_EDGE('',*,*,#5719,.F.);
#5719 = EDGE_CURVE('',#4785,#5090,#5720,.T.);
#5720 = LINE('',#5721,#5722);
#5721 = CARTESIAN_POINT('',(23.899186938124,-16.,18.534362224783));
#5722 = VECTOR('',#5723,1.);
#5723 = DIRECTION('',(0.,1.,0.));
#5724 = ORIENTED_EDGE('',*,*,#4784,.F.);
#5725 = PLANE('',#5726);
#5726 = AXIS2_PLACEMENT_3D('',#5727,#5728,#5729);
#5727 = CARTESIAN_POINT('',(21.505382386916,-16.,18.494617613084));
#5728 = DIRECTION('',(1.660082680664E-02,0.,-0.99986219678));
#5729 = DIRECTION('',(0.99986219678,0.,1.660082680664E-02));
#5730 = ADVANCED_FACE('',(#5731),#5742,.T.);
#5731 = FACE_BOUND('',#5732,.T.);
#5732 = EDGE_LOOP('',(#5733,#5734,#5735,#5741));
#5733 = ORIENTED_EDGE('',*,*,#5719,.T.);
#5734 = ORIENTED_EDGE('',*,*,#5097,.T.);
#5735 = ORIENTED_EDGE('',*,*,#5736,.F.);
#5736 = EDGE_CURVE('',#4793,#5098,#5737,.T.);
#5737 = LINE('',#5738,#5739);
#5738 = CARTESIAN_POINT('',(23.197260022533,-16.,20.823287402396));
#5739 = VECTOR('',#5740,1.);
#5740 = DIRECTION('',(0.,1.,0.));
#5741 = ORIENTED_EDGE('',*,*,#4792,.F.);
#5742 = PLANE('',#5743);
#5743 = AXIS2_PLACEMENT_3D('',#5744,#5745,#5746);
#5744 = CARTESIAN_POINT('',(23.899186938124,-16.,18.534362224783));
#5745 = DIRECTION('',(0.956055395249,0.,0.293186086328));
#5746 = DIRECTION('',(-0.293186086328,0.,0.956055395249));
#5747 = ADVANCED_FACE('',(#5748),#5754,.T.);
#5748 = FACE_BOUND('',#5749,.T.);
#5749 = EDGE_LOOP('',(#5750,#5751,#5752,#5753));
#5750 = ORIENTED_EDGE('',*,*,#5736,.T.);
#5751 = ORIENTED_EDGE('',*,*,#5105,.T.);
#5752 = ORIENTED_EDGE('',*,*,#5139,.F.);
#5753 = ORIENTED_EDGE('',*,*,#4800,.F.);
#5754 = PLANE('',#5755);
#5755 = AXIS2_PLACEMENT_3D('',#5756,#5757,#5758);
#5756 = CARTESIAN_POINT('',(23.197260022533,-16.,20.823287402396));
#5757 = DIRECTION('',(0.324762735348,0.,-0.945795520041));
#5758 = DIRECTION('',(0.945795520041,0.,0.324762735348));
#5759 = ADVANCED_FACE('',(#5760),#5779,.T.);
#5760 = FACE_BOUND('',#5761,.T.);
#5761 = EDGE_LOOP('',(#5762,#5771,#5777,#5778));
#5762 = ORIENTED_EDGE('',*,*,#5763,.F.);
#5763 = EDGE_CURVE('',#5764,#5764,#5766,.T.);
#5764 = VERTEX_POINT('',#5765);
#5765 = CARTESIAN_POINT('',(15.,10.,29.6));
#5766 = CIRCLE('',#5767,4.6);
#5767 = AXIS2_PLACEMENT_3D('',#5768,#5769,#5770);
#5768 = CARTESIAN_POINT('',(15.,10.,25.));
#5769 = DIRECTION('',(0.,1.,0.));
#5770 = DIRECTION('',(0.,0.,1.));
#5771 = ORIENTED_EDGE('',*,*,#5772,.F.);
#5772 = EDGE_CURVE('',#5123,#5764,#5773,.T.);
#5773 = LINE('',#5774,#5775);
#5774 = CARTESIAN_POINT('',(15.,-8.,29.6));
#5775 = VECTOR('',#5776,1.);
#5776 = DIRECTION('',(0.,1.,0.));
#5777 = ORIENTED_EDGE('',*,*,#5122,.T.);
#5778 = ORIENTED_EDGE('',*,*,#5772,.T.);
#5779 = CYLINDRICAL_SURFACE('',#5780,4.6);
#5780 = AXIS2_PLACEMENT_3D('',#5781,#5782,#5783);
#5781 = CARTESIAN_POINT('',(15.,-8.,25.));
#5782 = DIRECTION('',(0.,1.,0.));
#5783 = DIRECTION('',(0.,0.,1.));
#5784 = ADVANCED_FACE('',(#5785),#5788,.T.);
#5785 = FACE_BOUND('',#5786,.T.);
#5786 = EDGE_LOOP('',(#5787));
#5787 = ORIENTED_EDGE('',*,*,#5763,.T.);
#5788 = PLANE('',#5789);
#5789 = AXIS2_PLACEMENT_3D('',#5790,#5791,#5792);
#5790 = CARTESIAN_POINT('',(15.,10.,25.));
#5791 = DIRECTION('',(0.,1.,0.));
#5792 = DIRECTION('',(0.,0.,1.));
#5793 = MANIFOLD_SOLID_BREP('',#5794);
#5794 = CLOSED_SHELL('',(#5795,#5831,#5859,#5887,#5915,#5943,#5971,#5999
    ,#6027,#6055,#6083,#6111,#6139,#6167,#6195,#6223,#6251,#6279,#6307,
    #6335,#6363,#6391,#6419,#6447,#6475,#6503,#6531,#6559,#6587,#6615,
    #6643,#6671,#6699,#6727,#6755,#6783,#6811,#6839,#6867,#6895,#6923,
    #6951,#6979,#7007,#7035,#7063,#7091,#7119,#7147,#7175,#7203,#7231,
    #7259,#7287,#7315,#7343,#7371,#7399,#7427,#7455,#7483,#7511,#7539,
    #7567,#7595,#7623,#7651,#7679,#7707,#7735,#7763,#7791,#7819,#7847,
    #7875,#7903,#7931,#7959,#7987,#8015,#8043,#8071,#8099,#8127,#8155,
    #8183,#8211,#8239,#8267,#8295,#8323,#8351,#8379,#8407,#8435,#8463,
    #8491,#8519,#8547,#8575,#8603,#8631,#8659,#8687,#8715,#8743,#8771,
    #8799,#8827,#8855,#8883,#8911,#8939,#8967,#8995,#9023,#9051,#9079,
    #9107,#9135,#9163,#9191,#9219,#9247,#9275,#9303,#9331,#9359,#9387,
    #9415,#9443,#9471,#9499,#9527,#9555,#9583,#9611,#9639,#9667,#9695,
    #9723,#9751,#9779,#9807,#9835,#9863,#9891,#9919,#9947,#9975,#10003,
    #10031,#10059,#10087,#10115,#10143,#10171,#10199,#10227,#10255,
    #10283,#10311,#10339,#10367,#10395,#10423,#10451,#10479,#10507,
    #10535,#10563,#10591,#10619,#10647,#10675,#10703,#10731,#10759,
    #10787,#10815,#10843,#10871,#10899,#10927,#10955,#10983,#11011,
    #11039,#11067,#11095,#11123,#11151,#11179,#11207,#11235,#11263,
    #11291,#11319,#11347,#11375,#11403,#11431,#11459,#11487,#11515,
    #11543,#11571,#11599,#11627,#11655,#11683,#11711,#11739,#11767,
    #11795,#11823,#11851,#11879,#11907,#11935,#11963,#11991,#12019,
    #12047,#12075,#12103,#12131,#12140));
#5795 = ADVANCED_FACE('',(#5796),#5823,.T.);
#5796 = FACE_BOUND('',#5797,.T.);
#5797 = EDGE_LOOP('',(#5798,#5808,#5815,#5816));
#5798 = ORIENTED_EDGE('',*,*,#5799,.T.);
#5799 = EDGE_CURVE('',#5800,#5802,#5804,.T.);
#5800 = VERTEX_POINT('',#5801);
#5801 = CARTESIAN_POINT('',(20.05,-7.5,25.2));
#5802 = VERTEX_POINT('',#5803);
#5803 = CARTESIAN_POINT('',(19.801387159907,-7.424778761062,
    26.764986051272));
#5804 = LINE('',#5805,#5806);
#5805 = CARTESIAN_POINT('',(20.05,-7.5,25.2));
#5806 = VECTOR('',#5807,1.);
#5807 = DIRECTION('',(-0.156715633997,4.741647352493E-02,0.986504884985)
  );
#5808 = ORIENTED_EDGE('',*,*,#5809,.F.);
#5809 = EDGE_CURVE('',#5802,#5802,#5810,.T.);
#5810 = CIRCLE('',#5811,0.2);
#5811 = AXIS2_PLACEMENT_3D('',#5812,#5813,#5814);
#5812 = CARTESIAN_POINT('',(19.801387159907,-7.424778761062,
    26.564986051272));
#5813 = DIRECTION('',(-2.602085213965E-18,1.,6.938893903907E-18));
#5814 = DIRECTION('',(0.,-6.938893903907E-18,1.));
#5815 = ORIENTED_EDGE('',*,*,#5799,.F.);
#5816 = ORIENTED_EDGE('',*,*,#5817,.T.);
#5817 = EDGE_CURVE('',#5800,#5800,#5818,.T.);
#5818 = CIRCLE('',#5819,0.2);
#5819 = AXIS2_PLACEMENT_3D('',#5820,#5821,#5822);
#5820 = CARTESIAN_POINT('',(20.05,-7.5,25.));
#5821 = DIRECTION('',(-2.602085213965E-18,1.,6.938893903907E-18));
#5822 = DIRECTION('',(0.,-6.938893903907E-18,1.));
#5823 = SURFACE_OF_LINEAR_EXTRUSION('',#5824,#5829);
#5824 = CIRCLE('',#5825,0.2);
#5825 = AXIS2_PLACEMENT_3D('',#5826,#5827,#5828);
#5826 = CARTESIAN_POINT('',(20.05,-7.5,25.));
#5827 = DIRECTION('',(-2.602085213965E-18,1.,6.938893903907E-18));
#5828 = DIRECTION('',(0.,-6.938893903907E-18,1.));
#5829 = VECTOR('',#5830,1.);
#5830 = DIRECTION('',(-0.156715633997,4.741647352493E-02,0.986504884985)
  );
#5831 = ADVANCED_FACE('',(#5832),#5851,.T.);
#5832 = FACE_BOUND('',#5833,.T.);
#5833 = EDGE_LOOP('',(#5834,#5842,#5849,#5850));
#5834 = ORIENTED_EDGE('',*,*,#5835,.T.);
#5835 = EDGE_CURVE('',#5802,#5836,#5838,.T.);
#5836 = VERTEX_POINT('',#5837);
#5837 = CARTESIAN_POINT('',(19.080027191812,-7.349557522124,
    28.175882745351));
#5838 = LINE('',#5839,#5840);
#5839 = CARTESIAN_POINT('',(19.801387159907,-7.424778761062,
    26.764986051272));
#5840 = VECTOR('',#5841,1.);
#5841 = DIRECTION('',(-0.454716597494,4.741647352493E-02,0.889373090442)
  );
#5842 = ORIENTED_EDGE('',*,*,#5843,.F.);
#5843 = EDGE_CURVE('',#5836,#5836,#5844,.T.);
#5844 = CIRCLE('',#5845,0.2);
#5845 = AXIS2_PLACEMENT_3D('',#5846,#5847,#5848);
#5846 = CARTESIAN_POINT('',(19.080027191812,-7.349557522124,
    27.975882745351));
#5847 = DIRECTION('',(-3.469446951954E-18,1.,1.925929944387E-34));
#5848 = DIRECTION('',(5.551115123126E-17,0.,1.));
#5849 = ORIENTED_EDGE('',*,*,#5835,.F.);
#5850 = ORIENTED_EDGE('',*,*,#5809,.T.);
#5851 = SURFACE_OF_LINEAR_EXTRUSION('',#5852,#5857);
#5852 = CIRCLE('',#5853,0.2);
#5853 = AXIS2_PLACEMENT_3D('',#5854,#5855,#5856);
#5854 = CARTESIAN_POINT('',(19.801387159907,-7.424778761062,
    26.564986051272));
#5855 = DIRECTION('',(-3.469446951954E-18,1.,1.925929944387E-34));
#5856 = DIRECTION('',(5.551115123126E-17,0.,1.));
#5857 = VECTOR('',#5858,1.);
#5858 = DIRECTION('',(-0.454716597494,4.741647352493E-02,0.889373090442)
  );
#5859 = ADVANCED_FACE('',(#5860),#5879,.T.);
#5860 = FACE_BOUND('',#5861,.T.);
#5861 = EDGE_LOOP('',(#5862,#5870,#5877,#5878));
#5862 = ORIENTED_EDGE('',*,*,#5863,.T.);
#5863 = EDGE_CURVE('',#5836,#5864,#5866,.T.);
#5864 = VERTEX_POINT('',#5865);
#5865 = CARTESIAN_POINT('',(17.956945581018,-7.274336283186,
    29.293772444933));
#5866 = LINE('',#5867,#5868);
#5867 = CARTESIAN_POINT('',(19.080027191812,-7.349557522124,
    28.175882745351));
#5868 = VECTOR('',#5869,1.);
#5869 = DIRECTION('',(-0.707945923469,4.741647352493E-02,0.704673149397)
  );
#5870 = ORIENTED_EDGE('',*,*,#5871,.F.);
#5871 = EDGE_CURVE('',#5864,#5864,#5872,.T.);
#5872 = CIRCLE('',#5873,0.2);
#5873 = AXIS2_PLACEMENT_3D('',#5874,#5875,#5876);
#5874 = CARTESIAN_POINT('',(17.956945581018,-7.274336283186,
    29.093772444933));
#5875 = DIRECTION('',(4.336808689942E-18,1.,-2.775557561563E-17));
#5876 = DIRECTION('',(2.775557561563E-17,2.775557561563E-17,1.));
#5877 = ORIENTED_EDGE('',*,*,#5863,.F.);
#5878 = ORIENTED_EDGE('',*,*,#5843,.T.);
#5879 = SURFACE_OF_LINEAR_EXTRUSION('',#5880,#5885);
#5880 = CIRCLE('',#5881,0.2);
#5881 = AXIS2_PLACEMENT_3D('',#5882,#5883,#5884);
#5882 = CARTESIAN_POINT('',(19.080027191812,-7.349557522124,
    27.975882745351));
#5883 = DIRECTION('',(4.336808689942E-18,1.,-2.775557561563E-17));
#5884 = DIRECTION('',(2.775557561563E-17,2.775557561563E-17,1.));
#5885 = VECTOR('',#5886,1.);
#5886 = DIRECTION('',(-0.707945923469,4.741647352493E-02,0.704673149397)
  );
#5887 = ADVANCED_FACE('',(#5888),#5907,.T.);
#5888 = FACE_BOUND('',#5889,.T.);
#5889 = EDGE_LOOP('',(#5890,#5898,#5905,#5906));
#5890 = ORIENTED_EDGE('',*,*,#5891,.T.);
#5891 = EDGE_CURVE('',#5864,#5892,#5894,.T.);
#5892 = VERTEX_POINT('',#5893);
#5893 = CARTESIAN_POINT('',(16.542721538979,-7.199115044248,
    30.008587136901));
#5894 = LINE('',#5895,#5896);
#5895 = CARTESIAN_POINT('',(17.956945581018,-7.274336283186,
    29.293772444933));
#5896 = VECTOR('',#5897,1.);
#5897 = DIRECTION('',(-0.891470518093,4.741647352493E-02,0.450590716072)
  );
#5898 = ORIENTED_EDGE('',*,*,#5899,.F.);
#5899 = EDGE_CURVE('',#5892,#5892,#5900,.T.);
#5900 = CIRCLE('',#5901,0.2);
#5901 = AXIS2_PLACEMENT_3D('',#5902,#5903,#5904);
#5902 = CARTESIAN_POINT('',(16.542721538979,-7.199115044248,
    29.808587136901));
#5903 = DIRECTION('',(-1.734723475977E-18,1.,-1.387778780781E-17));
#5904 = DIRECTION('',(0.,1.387778780781E-17,1.));
#5905 = ORIENTED_EDGE('',*,*,#5891,.F.);
#5906 = ORIENTED_EDGE('',*,*,#5871,.T.);
#5907 = SURFACE_OF_LINEAR_EXTRUSION('',#5908,#5913);
#5908 = CIRCLE('',#5909,0.2);
#5909 = AXIS2_PLACEMENT_3D('',#5910,#5911,#5912);
#5910 = CARTESIAN_POINT('',(17.956945581018,-7.274336283186,
    29.093772444933));
#5911 = DIRECTION('',(-1.734723475977E-18,1.,-1.387778780781E-17));
#5912 = DIRECTION('',(0.,1.387778780781E-17,1.));
#5913 = VECTOR('',#5914,1.);
#5914 = DIRECTION('',(-0.891470518093,4.741647352493E-02,0.450590716072)
  );
#5915 = ADVANCED_FACE('',(#5916),#5935,.T.);
#5916 = FACE_BOUND('',#5917,.T.);
#5917 = EDGE_LOOP('',(#5918,#5926,#5933,#5934));
#5918 = ORIENTED_EDGE('',*,*,#5919,.T.);
#5919 = EDGE_CURVE('',#5892,#5920,#5922,.T.);
#5920 = VERTEX_POINT('',#5921);
#5921 = CARTESIAN_POINT('',(14.976600315444,-7.12389380531,
    30.249945787309));
#5922 = LINE('',#5923,#5924);
#5923 = CARTESIAN_POINT('',(16.542721538979,-7.199115044248,
    30.008587136901));
#5924 = VECTOR('',#5925,1.);
#5925 = DIRECTION('',(-0.987220452374,4.741647352493E-02,0.1521428817));
#5926 = ORIENTED_EDGE('',*,*,#5927,.F.);
#5927 = EDGE_CURVE('',#5920,#5920,#5928,.T.);
#5928 = CIRCLE('',#5929,0.2);
#5929 = AXIS2_PLACEMENT_3D('',#5930,#5931,#5932);
#5930 = CARTESIAN_POINT('',(14.976600315444,-7.12389380531,
    30.049945787309));
#5931 = DIRECTION('',(-8.673617379884E-19,1.,-2.775557561563E-17));
#5932 = DIRECTION('',(-2.775557561563E-17,2.775557561563E-17,1.));
#5933 = ORIENTED_EDGE('',*,*,#5919,.F.);
#5934 = ORIENTED_EDGE('',*,*,#5899,.T.);
#5935 = SURFACE_OF_LINEAR_EXTRUSION('',#5936,#5941);
#5936 = CIRCLE('',#5937,0.2);
#5937 = AXIS2_PLACEMENT_3D('',#5938,#5939,#5940);
#5938 = CARTESIAN_POINT('',(16.542721538979,-7.199115044248,
    29.808587136901));
#5939 = DIRECTION('',(-8.673617379884E-19,1.,-2.775557561563E-17));
#5940 = DIRECTION('',(-2.775557561563E-17,2.775557561563E-17,1.));
#5941 = VECTOR('',#5942,1.);
#5942 = DIRECTION('',(-0.987220452374,4.741647352493E-02,0.1521428817));
#5943 = ADVANCED_FACE('',(#5944),#5963,.T.);
#5944 = FACE_BOUND('',#5945,.T.);
#5945 = EDGE_LOOP('',(#5946,#5954,#5961,#5962));
#5946 = ORIENTED_EDGE('',*,*,#5947,.T.);
#5947 = EDGE_CURVE('',#5920,#5948,#5950,.T.);
#5948 = VERTEX_POINT('',#5949);
#5949 = CARTESIAN_POINT('',(13.412783037269,-7.048672566372,
    29.994084095343));
#5950 = LINE('',#5951,#5952);
#5951 = CARTESIAN_POINT('',(14.976600315444,-7.12389380531,
    30.249945787309));
#5952 = VECTOR('',#5953,1.);
#5953 = DIRECTION('',(-0.985768136968,4.741647352493E-02,-0.16128502155)
  );
#5954 = ORIENTED_EDGE('',*,*,#5955,.F.);
#5955 = EDGE_CURVE('',#5948,#5948,#5956,.T.);
#5956 = CIRCLE('',#5957,0.2);
#5957 = AXIS2_PLACEMENT_3D('',#5958,#5959,#5960);
#5958 = CARTESIAN_POINT('',(13.412783037269,-7.048672566372,
    29.794084095343));
#5959 = DIRECTION('',(-8.673617379884E-18,1.,-6.938893903907E-18));
#5960 = DIRECTION('',(0.,6.938893903907E-18,1.));
#5961 = ORIENTED_EDGE('',*,*,#5947,.F.);
#5962 = ORIENTED_EDGE('',*,*,#5927,.T.);
#5963 = SURFACE_OF_LINEAR_EXTRUSION('',#5964,#5969);
#5964 = CIRCLE('',#5965,0.2);
#5965 = AXIS2_PLACEMENT_3D('',#5966,#5967,#5968);
#5966 = CARTESIAN_POINT('',(14.976600315444,-7.12389380531,
    30.049945787309));
#5967 = DIRECTION('',(-8.673617379884E-18,1.,-6.938893903907E-18));
#5968 = DIRECTION('',(0.,6.938893903907E-18,1.));
#5969 = VECTOR('',#5970,1.);
#5970 = DIRECTION('',(-0.985768136968,4.741647352493E-02,-0.16128502155)
  );
#5971 = ADVANCED_FACE('',(#5972),#5991,.T.);
#5972 = FACE_BOUND('',#5973,.T.);
#5973 = EDGE_LOOP('',(#5974,#5982,#5989,#5990));
#5974 = ORIENTED_EDGE('',*,*,#5975,.T.);
#5975 = EDGE_CURVE('',#5948,#5976,#5978,.T.);
#5976 = VERTEX_POINT('',#5977);
#5977 = CARTESIAN_POINT('',(12.005243983627,-6.973451327434,
    29.266194338986));
#5978 = LINE('',#5979,#5980);
#5979 = CARTESIAN_POINT('',(13.412783037269,-7.048672566372,
    29.994084095343));
#5980 = VECTOR('',#5981,1.);
#5981 = DIRECTION('',(-0.88725656762,4.741647352493E-02,-0.45883271598)
  );
#5982 = ORIENTED_EDGE('',*,*,#5983,.F.);
#5983 = EDGE_CURVE('',#5976,#5976,#5984,.T.);
#5984 = CIRCLE('',#5985,0.2);
#5985 = AXIS2_PLACEMENT_3D('',#5986,#5987,#5988);
#5986 = CARTESIAN_POINT('',(12.005243983627,-6.973451327434,
    29.066194338986));
#5987 = DIRECTION('',(-7.806255641896E-18,1.,-2.081668171172E-17));
#5988 = DIRECTION('',(5.551115123126E-17,2.081668171172E-17,1.));
#5989 = ORIENTED_EDGE('',*,*,#5975,.F.);
#5990 = ORIENTED_EDGE('',*,*,#5955,.T.);
#5991 = SURFACE_OF_LINEAR_EXTRUSION('',#5992,#5997);
#5992 = CIRCLE('',#5993,0.2);
#5993 = AXIS2_PLACEMENT_3D('',#5994,#5995,#5996);
#5994 = CARTESIAN_POINT('',(13.412783037269,-7.048672566372,
    29.794084095343));
#5995 = DIRECTION('',(-7.806255641896E-18,1.,-2.081668171172E-17));
#5996 = DIRECTION('',(5.551115123126E-17,2.081668171172E-17,1.));
#5997 = VECTOR('',#5998,1.);
#5998 = DIRECTION('',(-0.88725656762,4.741647352493E-02,-0.45883271598)
  );
#5999 = ADVANCED_FACE('',(#6000),#6019,.T.);
#6000 = FACE_BOUND('',#6001,.T.);
#6001 = EDGE_LOOP('',(#6002,#6010,#6017,#6018));
#6002 = ORIENTED_EDGE('',*,*,#6003,.T.);
#6003 = EDGE_CURVE('',#5976,#6004,#6006,.T.);
#6004 = VERTEX_POINT('',#6005);
#6005 = CARTESIAN_POINT('',(10.892570196764,-6.898230088496,
    28.137944929962));
#6006 = LINE('',#6007,#6008);
#6007 = CARTESIAN_POINT('',(12.005243983627,-6.973451327434,
    29.266194338986));
#6008 = VECTOR('',#6009,1.);
#6009 = DIRECTION('',(-0.70138524573,4.741647352493E-02,-0.711203497679)
  );
#6010 = ORIENTED_EDGE('',*,*,#6011,.F.);
#6011 = EDGE_CURVE('',#6004,#6004,#6012,.T.);
#6012 = CIRCLE('',#6013,0.2);
#6013 = AXIS2_PLACEMENT_3D('',#6014,#6015,#6016);
#6014 = CARTESIAN_POINT('',(10.892570196764,-6.898230088496,
    27.937944929962));
#6015 = DIRECTION('',(-7.806255641896E-18,1.,-2.081668171172E-17));
#6016 = DIRECTION('',(0.,2.081668171172E-17,1.));
#6017 = ORIENTED_EDGE('',*,*,#6003,.F.);
#6018 = ORIENTED_EDGE('',*,*,#5983,.T.);
#6019 = SURFACE_OF_LINEAR_EXTRUSION('',#6020,#6025);
#6020 = CIRCLE('',#6021,0.2);
#6021 = AXIS2_PLACEMENT_3D('',#6022,#6023,#6024);
#6022 = CARTESIAN_POINT('',(12.005243983627,-6.973451327434,
    29.066194338986));
#6023 = DIRECTION('',(-7.806255641896E-18,1.,-2.081668171172E-17));
#6024 = DIRECTION('',(0.,2.081668171172E-17,1.));
#6025 = VECTOR('',#6026,1.);
#6026 = DIRECTION('',(-0.70138524573,4.741647352493E-02,-0.711203497679)
  );
#6027 = ADVANCED_FACE('',(#6028),#6047,.T.);
#6028 = FACE_BOUND('',#6029,.T.);
#6029 = EDGE_LOOP('',(#6030,#6038,#6045,#6046));
#6030 = ORIENTED_EDGE('',*,*,#6031,.T.);
#6031 = EDGE_CURVE('',#6004,#6032,#6034,.T.);
#6032 = VERTEX_POINT('',#6033);
#6033 = CARTESIAN_POINT('',(10.184316128263,-6.823008849558,
    26.72042390388));
#6034 = LINE('',#6035,#6036);
#6035 = CARTESIAN_POINT('',(10.892570196764,-6.898230088496,
    28.137944929962));
#6036 = VECTOR('',#6037,1.);
#6037 = DIRECTION('',(-0.4464551603,4.741647352493E-02,-0.893548805539)
  );
#6038 = ORIENTED_EDGE('',*,*,#6039,.F.);
#6039 = EDGE_CURVE('',#6032,#6032,#6040,.T.);
#6040 = CIRCLE('',#6041,0.2);
#6041 = AXIS2_PLACEMENT_3D('',#6042,#6043,#6044);
#6042 = CARTESIAN_POINT('',(10.184316128263,-6.823008849558,
    26.52042390388));
#6043 = DIRECTION('',(-6.938893903907E-18,1.,-1.387778780781E-17));
#6044 = DIRECTION('',(5.551115123126E-17,1.387778780781E-17,1.));
#6045 = ORIENTED_EDGE('',*,*,#6031,.F.);
#6046 = ORIENTED_EDGE('',*,*,#6011,.T.);
#6047 = SURFACE_OF_LINEAR_EXTRUSION('',#6048,#6053);
#6048 = CIRCLE('',#6049,0.2);
#6049 = AXIS2_PLACEMENT_3D('',#6050,#6051,#6052);
#6050 = CARTESIAN_POINT('',(10.892570196764,-6.898230088496,
    27.937944929962));
#6051 = DIRECTION('',(-6.938893903907E-18,1.,-1.387778780781E-17));
#6052 = DIRECTION('',(5.551115123126E-17,1.387778780781E-17,1.));
#6053 = VECTOR('',#6054,1.);
#6054 = DIRECTION('',(-0.4464551603,4.741647352493E-02,-0.893548805539)
  );
#6055 = ADVANCED_FACE('',(#6056),#6075,.T.);
#6056 = FACE_BOUND('',#6057,.T.);
#6057 = EDGE_LOOP('',(#6058,#6066,#6073,#6074));
#6058 = ORIENTED_EDGE('',*,*,#6059,.T.);
#6059 = EDGE_CURVE('',#6032,#6060,#6062,.T.);
#6060 = VERTEX_POINT('',#6061);
#6061 = CARTESIAN_POINT('',(9.950216849599,-6.747787610619,
    25.153201133287));
#6062 = LINE('',#6063,#6064);
#6063 = CARTESIAN_POINT('',(10.184316128263,-6.823008849558,
    26.72042390388));
#6064 = VECTOR('',#6065,1.);
#6065 = DIRECTION('',(-0.147566862839,4.741647352493E-02,-0.987914823773
    ));
#6066 = ORIENTED_EDGE('',*,*,#6067,.F.);
#6067 = EDGE_CURVE('',#6060,#6060,#6068,.T.);
#6068 = CIRCLE('',#6069,0.2);
#6069 = AXIS2_PLACEMENT_3D('',#6070,#6071,#6072);
#6070 = CARTESIAN_POINT('',(9.950216849599,-6.747787610619,
    24.953201133287));
#6071 = DIRECTION('',(-7.806255641896E-18,1.,1.387778780781E-17));
#6072 = DIRECTION('',(0.,-1.387778780781E-17,1.));
#6073 = ORIENTED_EDGE('',*,*,#6059,.F.);
#6074 = ORIENTED_EDGE('',*,*,#6039,.T.);
#6075 = SURFACE_OF_LINEAR_EXTRUSION('',#6076,#6081);
#6076 = CIRCLE('',#6077,0.2);
#6077 = AXIS2_PLACEMENT_3D('',#6078,#6079,#6080);
#6078 = CARTESIAN_POINT('',(10.184316128263,-6.823008849558,
    26.52042390388));
#6079 = DIRECTION('',(-7.806255641896E-18,1.,1.387778780781E-17));
#6080 = DIRECTION('',(0.,-1.387778780781E-17,1.));
#6081 = VECTOR('',#6082,1.);
#6082 = DIRECTION('',(-0.147566862839,4.741647352493E-02,-0.987914823773
    ));
#6083 = ADVANCED_FACE('',(#6084),#6103,.T.);
#6084 = FACE_BOUND('',#6085,.T.);
#6085 = EDGE_LOOP('',(#6086,#6094,#6101,#6102));
#6086 = ORIENTED_EDGE('',*,*,#6087,.T.);
#6087 = EDGE_CURVE('',#6060,#6088,#6090,.T.);
#6088 = VERTEX_POINT('',#6089);
#6089 = CARTESIAN_POINT('',(10.213321899994,-6.672566371681,
    23.590586203949));
#6090 = LINE('',#6091,#6092);
#6091 = CARTESIAN_POINT('',(9.950216849599,-6.747787610619,
    25.153201133287));
#6092 = VECTOR('',#6093,1.);
#6093 = DIRECTION('',(0.165850946255,4.741647352493E-02,-0.985010224142)
  );
#6094 = ORIENTED_EDGE('',*,*,#6095,.F.);
#6095 = EDGE_CURVE('',#6088,#6088,#6096,.T.);
#6096 = CIRCLE('',#6097,0.2);
#6097 = AXIS2_PLACEMENT_3D('',#6098,#6099,#6100);
#6098 = CARTESIAN_POINT('',(10.213321899994,-6.672566371681,
    23.390586203949));
#6099 = DIRECTION('',(-9.540979117872E-18,1.,2.775557561563E-17));
#6100 = DIRECTION('',(0.,-2.775557561563E-17,1.));
#6101 = ORIENTED_EDGE('',*,*,#6087,.F.);
#6102 = ORIENTED_EDGE('',*,*,#6067,.T.);
#6103 = SURFACE_OF_LINEAR_EXTRUSION('',#6104,#6109);
#6104 = CIRCLE('',#6105,0.2);
#6105 = AXIS2_PLACEMENT_3D('',#6106,#6107,#6108);
#6106 = CARTESIAN_POINT('',(9.950216849599,-6.747787610619,
    24.953201133287));
#6107 = DIRECTION('',(-9.540979117872E-18,1.,2.775557561563E-17));
#6108 = DIRECTION('',(0.,-2.775557561563E-17,1.));
#6109 = VECTOR('',#6110,1.);
#6110 = DIRECTION('',(0.165850946255,4.741647352493E-02,-0.985010224142)
  );
#6111 = ADVANCED_FACE('',(#6112),#6131,.T.);
#6112 = FACE_BOUND('',#6113,.T.);
#6113 = EDGE_LOOP('',(#6114,#6122,#6129,#6130));
#6114 = ORIENTED_EDGE('',*,*,#6115,.T.);
#6115 = EDGE_CURVE('',#6088,#6116,#6118,.T.);
#6116 = VERTEX_POINT('',#6117);
#6117 = CARTESIAN_POINT('',(10.947725816547,-6.597345132743,
    22.186435011133));
#6118 = LINE('',#6119,#6120);
#6119 = CARTESIAN_POINT('',(10.213321899994,-6.672566371681,
    23.590586203949));
#6120 = VECTOR('',#6121,1.);
#6121 = DIRECTION('',(0.462938983158,4.741647352493E-02,-0.885120995068)
  );
#6122 = ORIENTED_EDGE('',*,*,#6123,.F.);
#6123 = EDGE_CURVE('',#6116,#6116,#6124,.T.);
#6124 = CIRCLE('',#6125,0.2);
#6125 = AXIS2_PLACEMENT_3D('',#6126,#6127,#6128);
#6126 = CARTESIAN_POINT('',(10.947725816547,-6.597345132743,
    21.986435011133));
#6127 = DIRECTION('',(-9.540979117872E-18,1.,2.775557561563E-17));
#6128 = DIRECTION('',(0.,-2.775557561563E-17,1.));
#6129 = ORIENTED_EDGE('',*,*,#6115,.F.);
#6130 = ORIENTED_EDGE('',*,*,#6095,.T.);
#6131 = SURFACE_OF_LINEAR_EXTRUSION('',#6132,#6137);
#6132 = CIRCLE('',#6133,0.2);
#6133 = AXIS2_PLACEMENT_3D('',#6134,#6135,#6136);
#6134 = CARTESIAN_POINT('',(10.213321899994,-6.672566371681,
    23.390586203949));
#6135 = DIRECTION('',(-9.540979117872E-18,1.,2.775557561563E-17));
#6136 = DIRECTION('',(0.,-2.775557561563E-17,1.));
#6137 = VECTOR('',#6138,1.);
#6138 = DIRECTION('',(0.462938983158,4.741647352493E-02,-0.885120995068)
  );
#6139 = ADVANCED_FACE('',(#6140),#6159,.T.);
#6140 = FACE_BOUND('',#6141,.T.);
#6141 = EDGE_LOOP('',(#6142,#6150,#6157,#6158));
#6142 = ORIENTED_EDGE('',*,*,#6143,.T.);
#6143 = EDGE_CURVE('',#6116,#6144,#6146,.T.);
#6144 = VERTEX_POINT('',#6145);
#6145 = CARTESIAN_POINT('',(12.081118799866,-6.522123893805,
    21.07900102651));
#6146 = LINE('',#6147,#6148);
#6147 = CARTESIAN_POINT('',(10.947725816547,-6.597345132743,
    22.186435011133));
#6148 = VECTOR('',#6149,1.);
#6149 = DIRECTION('',(0.714445802084,4.741647352493E-02,-0.69808228306)
  );
#6150 = ORIENTED_EDGE('',*,*,#6151,.F.);
#6151 = EDGE_CURVE('',#6144,#6144,#6152,.T.);
#6152 = CIRCLE('',#6153,0.2);
#6153 = AXIS2_PLACEMENT_3D('',#6154,#6155,#6156);
#6154 = CARTESIAN_POINT('',(12.081118799866,-6.522123893805,
    20.87900102651));
#6155 = DIRECTION('',(-1.561251128379E-17,1.,1.387778780781E-17));
#6156 = DIRECTION('',(1.110223024625E-16,-1.387778780781E-17,1.));
#6157 = ORIENTED_EDGE('',*,*,#6143,.F.);
#6158 = ORIENTED_EDGE('',*,*,#6123,.T.);
#6159 = SURFACE_OF_LINEAR_EXTRUSION('',#6160,#6165);
#6160 = CIRCLE('',#6161,0.2);
#6161 = AXIS2_PLACEMENT_3D('',#6162,#6163,#6164);
#6162 = CARTESIAN_POINT('',(10.947725816547,-6.597345132743,
    21.986435011133));
#6163 = DIRECTION('',(-1.561251128379E-17,1.,1.387778780781E-17));
#6164 = DIRECTION('',(1.110223024625E-16,-1.387778780781E-17,1.));
#6165 = VECTOR('',#6166,1.);
#6166 = DIRECTION('',(0.714445802084,4.741647352493E-02,-0.69808228306)
  );
#6167 = ADVANCED_FACE('',(#6168),#6187,.T.);
#6168 = FACE_BOUND('',#6169,.T.);
#6169 = EDGE_LOOP('',(#6170,#6178,#6185,#6186));
#6170 = ORIENTED_EDGE('',*,*,#6171,.T.);
#6171 = EDGE_CURVE('',#6144,#6172,#6174,.T.);
#6172 = VERTEX_POINT('',#6173);
#6173 = CARTESIAN_POINT('',(13.501906375287,-6.446902654867,
    20.377322787953));
#6174 = LINE('',#6175,#6176);
#6175 = CARTESIAN_POINT('',(12.081118799866,-6.522123893805,
    21.07900102651));
#6176 = VECTOR('',#6177,1.);
#6177 = DIRECTION('',(0.89560790816,4.741647352493E-02,-0.442310018969)
  );
#6178 = ORIENTED_EDGE('',*,*,#6179,.F.);
#6179 = EDGE_CURVE('',#6172,#6172,#6180,.T.);
#6180 = CIRCLE('',#6181,0.2);
#6181 = AXIS2_PLACEMENT_3D('',#6182,#6183,#6184);
#6182 = CARTESIAN_POINT('',(13.501906375287,-6.446902654867,
    20.177322787953));
#6183 = DIRECTION('',(-1.387778780781E-17,1.,6.938893903907E-18));
#6184 = DIRECTION('',(1.110223024625E-16,-6.938893903907E-18,1.));
#6185 = ORIENTED_EDGE('',*,*,#6171,.F.);
#6186 = ORIENTED_EDGE('',*,*,#6151,.T.);
#6187 = SURFACE_OF_LINEAR_EXTRUSION('',#6188,#6193);
#6188 = CIRCLE('',#6189,0.2);
#6189 = AXIS2_PLACEMENT_3D('',#6190,#6191,#6192);
#6190 = CARTESIAN_POINT('',(12.081118799866,-6.522123893805,
    20.87900102651));
#6191 = DIRECTION('',(-1.387778780781E-17,1.,6.938893903907E-18));
#6192 = DIRECTION('',(1.110223024625E-16,-6.938893903907E-18,1.));
#6193 = VECTOR('',#6194,1.);
#6194 = DIRECTION('',(0.89560790816,4.741647352493E-02,-0.442310018969)
  );
#6195 = ADVANCED_FACE('',(#6196),#6215,.T.);
#6196 = FACE_BOUND('',#6197,.T.);
#6197 = EDGE_LOOP('',(#6198,#6206,#6213,#6214));
#6198 = ORIENTED_EDGE('',*,*,#6199,.T.);
#6199 = EDGE_CURVE('',#6172,#6200,#6202,.T.);
#6200 = VERTEX_POINT('',#6201);
#6201 = CARTESIAN_POINT('',(15.07019704408,-6.371681415929,
    20.150487907233));
#6202 = LINE('',#6203,#6204);
#6203 = CARTESIAN_POINT('',(13.501906375287,-6.446902654867,
    20.377322787953));
#6204 = VECTOR('',#6205,1.);
#6205 = DIRECTION('',(0.988587984272,4.741647352493E-02,-0.142987675663)
  );
#6206 = ORIENTED_EDGE('',*,*,#6207,.F.);
#6207 = EDGE_CURVE('',#6200,#6200,#6208,.T.);
#6208 = CIRCLE('',#6209,0.2);
#6209 = AXIS2_PLACEMENT_3D('',#6210,#6211,#6212);
#6210 = CARTESIAN_POINT('',(15.07019704408,-6.371681415929,
    19.950487907233));
#6211 = DIRECTION('',(-2.168404344971E-17,1.,3.469446951954E-17));
#6212 = DIRECTION('',(1.110223024625E-16,-3.469446951954E-17,1.));
#6213 = ORIENTED_EDGE('',*,*,#6199,.F.);
#6214 = ORIENTED_EDGE('',*,*,#6179,.T.);
#6215 = SURFACE_OF_LINEAR_EXTRUSION('',#6216,#6221);
#6216 = CIRCLE('',#6217,0.2);
#6217 = AXIS2_PLACEMENT_3D('',#6218,#6219,#6220);
#6218 = CARTESIAN_POINT('',(13.501906375287,-6.446902654867,
    20.177322787953));
#6219 = DIRECTION('',(-2.168404344971E-17,1.,3.469446951954E-17));
#6220 = DIRECTION('',(1.110223024625E-16,-3.469446951954E-17,1.));
#6221 = VECTOR('',#6222,1.);
#6222 = DIRECTION('',(0.988587984272,4.741647352493E-02,-0.142987675663)
  );
#6223 = ADVANCED_FACE('',(#6224),#6243,.T.);
#6224 = FACE_BOUND('',#6225,.T.);
#6225 = EDGE_LOOP('',(#6226,#6234,#6241,#6242));
#6226 = ORIENTED_EDGE('',*,*,#6227,.T.);
#6227 = EDGE_CURVE('',#6200,#6228,#6230,.T.);
#6228 = VERTEX_POINT('',#6229);
#6229 = CARTESIAN_POINT('',(16.631576074657,-6.296460176991,
    20.420830667092));
#6230 = LINE('',#6231,#6232);
#6231 = CARTESIAN_POINT('',(15.07019704408,-6.371681415929,
    20.150487907233));
#6232 = VECTOR('',#6233,1.);
#6233 = DIRECTION('',(0.98423116278,4.741647352493E-02,0.170413310077));
#6234 = ORIENTED_EDGE('',*,*,#6235,.F.);
#6235 = EDGE_CURVE('',#6228,#6228,#6236,.T.);
#6236 = CIRCLE('',#6237,0.2);
#6237 = AXIS2_PLACEMENT_3D('',#6238,#6239,#6240);
#6238 = CARTESIAN_POINT('',(16.631576074657,-6.296460176991,
    20.220830667092));
#6239 = DIRECTION('',(-1.47451495458E-17,1.,2.081668171172E-17));
#6240 = DIRECTION('',(8.326672684689E-17,-2.081668171172E-17,1.));
#6241 = ORIENTED_EDGE('',*,*,#6227,.F.);
#6242 = ORIENTED_EDGE('',*,*,#6207,.T.);
#6243 = SURFACE_OF_LINEAR_EXTRUSION('',#6244,#6249);
#6244 = CIRCLE('',#6245,0.2);
#6245 = AXIS2_PLACEMENT_3D('',#6246,#6247,#6248);
#6246 = CARTESIAN_POINT('',(15.07019704408,-6.371681415929,
    19.950487907233));
#6247 = DIRECTION('',(-1.47451495458E-17,1.,2.081668171172E-17));
#6248 = DIRECTION('',(8.326672684689E-17,-2.081668171172E-17,1.));
#6249 = VECTOR('',#6250,1.);
#6250 = DIRECTION('',(0.98423116278,4.741647352493E-02,0.170413310077));
#6251 = ADVANCED_FACE('',(#6252),#6271,.T.);
#6252 = FACE_BOUND('',#6253,.T.);
#6253 = EDGE_LOOP('',(#6254,#6262,#6269,#6270));
#6254 = ORIENTED_EDGE('',*,*,#6255,.T.);
#6255 = EDGE_CURVE('',#6228,#6256,#6258,.T.);
#6256 = VERTEX_POINT('',#6257);
#6257 = CARTESIAN_POINT('',(18.032309258998,-6.221238938053,
    21.161732975917));
#6258 = LINE('',#6259,#6260);
#6259 = CARTESIAN_POINT('',(16.631576074657,-6.296460176991,
    20.420830667092));
#6260 = VECTOR('',#6261,1.);
#6261 = DIRECTION('',(0.88296641864,4.741647352493E-02,0.467035310863));
#6262 = ORIENTED_EDGE('',*,*,#6263,.F.);
#6263 = EDGE_CURVE('',#6256,#6256,#6264,.T.);
#6264 = CIRCLE('',#6265,0.2);
#6265 = AXIS2_PLACEMENT_3D('',#6266,#6267,#6268);
#6266 = CARTESIAN_POINT('',(18.032309258998,-6.221238938053,
    20.961732975917));
#6267 = DIRECTION('',(-6.938893903907E-18,1.,2.081668171172E-17));
#6268 = DIRECTION('',(8.326672684689E-17,-2.081668171172E-17,1.));
#6269 = ORIENTED_EDGE('',*,*,#6255,.F.);
#6270 = ORIENTED_EDGE('',*,*,#6235,.T.);
#6271 = SURFACE_OF_LINEAR_EXTRUSION('',#6272,#6277);
#6272 = CIRCLE('',#6273,0.2);
#6273 = AXIS2_PLACEMENT_3D('',#6274,#6275,#6276);
#6274 = CARTESIAN_POINT('',(16.631576074657,-6.296460176991,
    20.220830667092));
#6275 = DIRECTION('',(-6.938893903907E-18,1.,2.081668171172E-17));
#6276 = DIRECTION('',(8.326672684689E-17,-2.081668171172E-17,1.));
#6277 = VECTOR('',#6278,1.);
#6278 = DIRECTION('',(0.88296641864,4.741647352493E-02,0.467035310863));
#6279 = ADVANCED_FACE('',(#6280),#6299,.T.);
#6280 = FACE_BOUND('',#6281,.T.);
#6281 = EDGE_LOOP('',(#6282,#6290,#6297,#6298));
#6282 = ORIENTED_EDGE('',*,*,#6283,.T.);
#6283 = EDGE_CURVE('',#6256,#6284,#6286,.T.);
#6284 = VERTEX_POINT('',#6285);
#6285 = CARTESIAN_POINT('',(19.134479664361,-6.146017699115,
    22.300245199161));
#6286 = LINE('',#6287,#6288);
#6287 = CARTESIAN_POINT('',(18.032309258998,-6.221238938053,
    21.161732975917));
#6288 = VECTOR('',#6289,1.);
#6289 = DIRECTION('',(0.694764332304,4.741647352493E-02,0.717672767072)
  );
#6290 = ORIENTED_EDGE('',*,*,#6291,.F.);
#6291 = EDGE_CURVE('',#6284,#6284,#6292,.T.);
#6292 = CIRCLE('',#6293,0.2);
#6293 = AXIS2_PLACEMENT_3D('',#6294,#6295,#6296);
#6294 = CARTESIAN_POINT('',(19.134479664361,-6.146017699115,
    22.100245199161));
#6295 = DIRECTION('',(-6.938893903907E-18,1.,2.081668171172E-17));
#6296 = DIRECTION('',(2.775557561563E-17,-2.081668171172E-17,1.));
#6297 = ORIENTED_EDGE('',*,*,#6283,.F.);
#6298 = ORIENTED_EDGE('',*,*,#6263,.T.);
#6299 = SURFACE_OF_LINEAR_EXTRUSION('',#6300,#6305);
#6300 = CIRCLE('',#6301,0.2);
#6301 = AXIS2_PLACEMENT_3D('',#6302,#6303,#6304);
#6302 = CARTESIAN_POINT('',(18.032309258998,-6.221238938053,
    20.961732975917));
#6303 = DIRECTION('',(-6.938893903907E-18,1.,2.081668171172E-17));
#6304 = DIRECTION('',(2.775557561563E-17,-2.081668171172E-17,1.));
#6305 = VECTOR('',#6306,1.);
#6306 = DIRECTION('',(0.694764332304,4.741647352493E-02,0.717672767072)
  );
#6307 = ADVANCED_FACE('',(#6308),#6327,.T.);
#6308 = FACE_BOUND('',#6309,.T.);
#6309 = EDGE_LOOP('',(#6310,#6318,#6325,#6326));
#6310 = ORIENTED_EDGE('',*,*,#6311,.T.);
#6311 = EDGE_CURVE('',#6284,#6312,#6314,.T.);
#6312 = VERTEX_POINT('',#6313);
#6313 = CARTESIAN_POINT('',(19.82956700768,-6.070796460177,
    23.724268819082));
#6314 = LINE('',#6315,#6316);
#6315 = CARTESIAN_POINT('',(19.134479664361,-6.146017699115,
    22.300245199161));
#6316 = VECTOR('',#6317,1.);
#6317 = DIRECTION('',(0.438155381077,4.741647352493E-02,0.897647781745)
  );
#6318 = ORIENTED_EDGE('',*,*,#6319,.F.);
#6319 = EDGE_CURVE('',#6312,#6312,#6320,.T.);
#6320 = CIRCLE('',#6321,0.2);
#6321 = AXIS2_PLACEMENT_3D('',#6322,#6323,#6324);
#6322 = CARTESIAN_POINT('',(19.82956700768,-6.070796460177,
    23.524268819082));
#6323 = DIRECTION('',(-8.673617379884E-18,1.,2.081668171172E-17));
#6324 = DIRECTION('',(-2.775557561563E-17,-2.081668171172E-17,1.));
#6325 = ORIENTED_EDGE('',*,*,#6311,.F.);
#6326 = ORIENTED_EDGE('',*,*,#6291,.T.);
#6327 = SURFACE_OF_LINEAR_EXTRUSION('',#6328,#6333);
#6328 = CIRCLE('',#6329,0.2);
#6329 = AXIS2_PLACEMENT_3D('',#6330,#6331,#6332);
#6330 = CARTESIAN_POINT('',(19.134479664361,-6.146017699115,
    22.100245199161));
#6331 = DIRECTION('',(-8.673617379884E-18,1.,2.081668171172E-17));
#6332 = DIRECTION('',(-2.775557561563E-17,-2.081668171172E-17,1.));
#6333 = VECTOR('',#6334,1.);
#6334 = DIRECTION('',(0.438155381077,4.741647352493E-02,0.897647781745)
  );
#6335 = ADVANCED_FACE('',(#6336),#6355,.T.);
#6336 = FACE_BOUND('',#6337,.T.);
#6337 = EDGE_LOOP('',(#6338,#6346,#6353,#6354));
#6338 = ORIENTED_EDGE('',*,*,#6339,.T.);
#6339 = EDGE_CURVE('',#6312,#6340,#6342,.T.);
#6340 = VERTEX_POINT('',#6341);
#6341 = CARTESIAN_POINT('',(20.049132620227,-5.995575221239,
    25.293593714291));
#6342 = LINE('',#6343,#6344);
#6343 = CARTESIAN_POINT('',(19.82956700768,-6.070796460177,
    23.724268819082));
#6344 = VECTOR('',#6345,1.);
#6345 = DIRECTION('',(0.138405418487,4.741647352493E-02,0.989239919419)
  );
#6346 = ORIENTED_EDGE('',*,*,#6347,.F.);
#6347 = EDGE_CURVE('',#6340,#6340,#6348,.T.);
#6348 = CIRCLE('',#6349,0.2);
#6349 = AXIS2_PLACEMENT_3D('',#6350,#6351,#6352);
#6350 = CARTESIAN_POINT('',(20.049132620227,-5.995575221239,
    25.093593714291));
#6351 = DIRECTION('',(-1.040834085586E-17,1.,2.081668171172E-17));
#6352 = DIRECTION('',(-5.551115123126E-17,-2.081668171172E-17,1.));
#6353 = ORIENTED_EDGE('',*,*,#6339,.F.);
#6354 = ORIENTED_EDGE('',*,*,#6319,.T.);
#6355 = SURFACE_OF_LINEAR_EXTRUSION('',#6356,#6361);
#6356 = CIRCLE('',#6357,0.2);
#6357 = AXIS2_PLACEMENT_3D('',#6358,#6359,#6360);
#6358 = CARTESIAN_POINT('',(19.82956700768,-6.070796460177,
    23.524268819082));
#6359 = DIRECTION('',(-1.040834085586E-17,1.,2.081668171172E-17));
#6360 = DIRECTION('',(-5.551115123126E-17,-2.081668171172E-17,1.));
#6361 = VECTOR('',#6362,1.);
#6362 = DIRECTION('',(0.138405418487,4.741647352493E-02,0.989239919419)
  );
#6363 = ADVANCED_FACE('',(#6364),#6383,.T.);
#6364 = FACE_BOUND('',#6365,.T.);
#6365 = EDGE_LOOP('',(#6366,#6374,#6381,#6382));
#6366 = ORIENTED_EDGE('',*,*,#6367,.T.);
#6367 = EDGE_CURVE('',#6340,#6368,#6370,.T.);
#6368 = VERTEX_POINT('',#6369);
#6369 = CARTESIAN_POINT('',(19.771557955263,-5.920353982301,
    26.853703322717));
#6370 = LINE('',#6371,#6372);
#6371 = CARTESIAN_POINT('',(20.049132620227,-5.995575221239,
    25.293593714291));
#6372 = VECTOR('',#6373,1.);
#6373 = DIRECTION('',(-0.174972015062,4.741647352493E-02,0.983430969608)
  );
#6374 = ORIENTED_EDGE('',*,*,#6375,.F.);
#6375 = EDGE_CURVE('',#6368,#6368,#6376,.T.);
#6376 = CIRCLE('',#6377,0.2);
#6377 = AXIS2_PLACEMENT_3D('',#6378,#6379,#6380);
#6378 = CARTESIAN_POINT('',(19.771557955263,-5.920353982301,
    26.653703322717));
#6379 = DIRECTION('',(-9.540979117872E-18,1.,2.081668171172E-17));
#6380 = DIRECTION('',(-5.551115123126E-17,-2.081668171172E-17,1.));
#6381 = ORIENTED_EDGE('',*,*,#6367,.F.);
#6382 = ORIENTED_EDGE('',*,*,#6347,.T.);
#6383 = SURFACE_OF_LINEAR_EXTRUSION('',#6384,#6389);
#6384 = CIRCLE('',#6385,0.2);
#6385 = AXIS2_PLACEMENT_3D('',#6386,#6387,#6388);
#6386 = CARTESIAN_POINT('',(20.049132620227,-5.995575221239,
    25.093593714291));
#6387 = DIRECTION('',(-9.540979117872E-18,1.,2.081668171172E-17));
#6388 = DIRECTION('',(-5.551115123126E-17,-2.081668171172E-17,1.));
#6389 = VECTOR('',#6390,1.);
#6390 = DIRECTION('',(-0.174972015062,4.741647352493E-02,0.983430969608)
  );
#6391 = ADVANCED_FACE('',(#6392),#6411,.T.);
#6392 = FACE_BOUND('',#6393,.T.);
#6393 = EDGE_LOOP('',(#6394,#6402,#6409,#6410));
#6394 = ORIENTED_EDGE('',*,*,#6395,.T.);
#6395 = EDGE_CURVE('',#6368,#6396,#6398,.T.);
#6396 = VERTEX_POINT('',#6397);
#6397 = CARTESIAN_POINT('',(19.024173161616,-5.845132743363,
    28.250988424319));
#6398 = LINE('',#6399,#6400);
#6399 = CARTESIAN_POINT('',(19.771557955263,-5.920353982301,
    26.853703322717));
#6400 = VECTOR('',#6401,1.);
#6401 = DIRECTION('',(-0.471121611146,4.741647352493E-02,0.880792884593)
  );
#6402 = ORIENTED_EDGE('',*,*,#6403,.F.);
#6403 = EDGE_CURVE('',#6396,#6396,#6404,.T.);
#6404 = CIRCLE('',#6405,0.2);
#6405 = AXIS2_PLACEMENT_3D('',#6406,#6407,#6408);
#6406 = CARTESIAN_POINT('',(19.024173161616,-5.845132743363,
    28.050988424319));
#6407 = DIRECTION('',(-1.561251128379E-17,1.,1.387778780781E-17));
#6408 = DIRECTION('',(-5.551115123126E-17,-1.387778780781E-17,1.));
#6409 = ORIENTED_EDGE('',*,*,#6395,.F.);
#6410 = ORIENTED_EDGE('',*,*,#6375,.T.);
#6411 = SURFACE_OF_LINEAR_EXTRUSION('',#6412,#6417);
#6412 = CIRCLE('',#6413,0.2);
#6413 = AXIS2_PLACEMENT_3D('',#6414,#6415,#6416);
#6414 = CARTESIAN_POINT('',(19.771557955263,-5.920353982301,
    26.653703322717));
#6415 = DIRECTION('',(-1.561251128379E-17,1.,1.387778780781E-17));
#6416 = DIRECTION('',(-5.551115123126E-17,-1.387778780781E-17,1.));
#6417 = VECTOR('',#6418,1.);
#6418 = DIRECTION('',(-0.471121611146,4.741647352493E-02,0.880792884593)
  );
#6419 = ADVANCED_FACE('',(#6420),#6439,.T.);
#6420 = FACE_BOUND('',#6421,.T.);
#6421 = EDGE_LOOP('',(#6422,#6430,#6437,#6438));
#6422 = ORIENTED_EDGE('',*,*,#6423,.T.);
#6423 = EDGE_CURVE('',#6396,#6424,#6426,.T.);
#6424 = VERTEX_POINT('',#6425);
#6425 = CARTESIAN_POINT('',(17.880566142728,-5.769911504425,
    29.347871586413));
#6426 = LINE('',#6427,#6428);
#6427 = CARTESIAN_POINT('',(19.024173161616,-5.845132743363,
    28.250988424319));
#6428 = VECTOR('',#6429,1.);
#6429 = DIRECTION('',(-0.720884323358,4.741647352493E-02,0.691431464698)
  );
#6430 = ORIENTED_EDGE('',*,*,#6431,.F.);
#6431 = EDGE_CURVE('',#6424,#6424,#6432,.T.);
#6432 = CIRCLE('',#6433,0.2);
#6433 = AXIS2_PLACEMENT_3D('',#6434,#6435,#6436);
#6434 = CARTESIAN_POINT('',(17.880566142728,-5.769911504425,
    29.147871586413));
#6435 = DIRECTION('',(-1.994931997373E-17,1.,2.081668171172E-17));
#6436 = DIRECTION('',(-2.775557561563E-17,-2.081668171172E-17,1.));
#6437 = ORIENTED_EDGE('',*,*,#6423,.F.);
#6438 = ORIENTED_EDGE('',*,*,#6403,.T.);
#6439 = SURFACE_OF_LINEAR_EXTRUSION('',#6440,#6445);
#6440 = CIRCLE('',#6441,0.2);
#6441 = AXIS2_PLACEMENT_3D('',#6442,#6443,#6444);
#6442 = CARTESIAN_POINT('',(19.024173161616,-5.845132743363,
    28.050988424319));
#6443 = DIRECTION('',(-1.994931997373E-17,1.,2.081668171172E-17));
#6444 = DIRECTION('',(-2.775557561563E-17,-2.081668171172E-17,1.));
#6445 = VECTOR('',#6446,1.);
#6446 = DIRECTION('',(-0.720884323358,4.741647352493E-02,0.691431464698)
  );
#6447 = ADVANCED_FACE('',(#6448),#6467,.T.);
#6448 = FACE_BOUND('',#6449,.T.);
#6449 = EDGE_LOOP('',(#6450,#6458,#6465,#6466));
#6450 = ORIENTED_EDGE('',*,*,#6451,.T.);
#6451 = EDGE_CURVE('',#6424,#6452,#6454,.T.);
#6452 = VERTEX_POINT('',#6453);
#6453 = CARTESIAN_POINT('',(16.453337052625,-5.694690265487,
    30.036353110709));
#6454 = LINE('',#6455,#6456);
#6455 = CARTESIAN_POINT('',(17.880566142728,-5.769911504425,
    29.347871586413));
#6456 = VECTOR('',#6457,1.);
#6457 = DIRECTION('',(-0.899668382498,4.741647352493E-02,0.433991335826)
  );
#6458 = ORIENTED_EDGE('',*,*,#6459,.F.);
#6459 = EDGE_CURVE('',#6452,#6452,#6460,.T.);
#6460 = CIRCLE('',#6461,0.2);
#6461 = AXIS2_PLACEMENT_3D('',#6462,#6463,#6464);
#6462 = CARTESIAN_POINT('',(16.453337052625,-5.694690265487,
    29.836353110709));
#6463 = DIRECTION('',(-2.428612866368E-17,1.,2.775557561563E-17));
#6464 = DIRECTION('',(-2.775557561563E-17,-2.775557561563E-17,1.));
#6465 = ORIENTED_EDGE('',*,*,#6451,.F.);
#6466 = ORIENTED_EDGE('',*,*,#6431,.T.);
#6467 = SURFACE_OF_LINEAR_EXTRUSION('',#6468,#6473);
#6468 = CIRCLE('',#6469,0.2);
#6469 = AXIS2_PLACEMENT_3D('',#6470,#6471,#6472);
#6470 = CARTESIAN_POINT('',(17.880566142728,-5.769911504425,
    29.147871586413));
#6471 = DIRECTION('',(-2.428612866368E-17,1.,2.775557561563E-17));
#6472 = DIRECTION('',(-2.775557561563E-17,-2.775557561563E-17,1.));
#6473 = VECTOR('',#6474,1.);
#6474 = DIRECTION('',(-0.899668382498,4.741647352493E-02,0.433991335826)
  );
#6475 = ADVANCED_FACE('',(#6476),#6495,.T.);
#6476 = FACE_BOUND('',#6477,.T.);
#6477 = EDGE_LOOP('',(#6478,#6486,#6493,#6494));
#6478 = ORIENTED_EDGE('',*,*,#6479,.T.);
#6479 = EDGE_CURVE('',#6452,#6480,#6482,.T.);
#6480 = VERTEX_POINT('',#6481);
#6481 = CARTESIAN_POINT('',(14.883011624991,-5.619469026549,
    30.248644740929));
#6482 = LINE('',#6483,#6484);
#6483 = CARTESIAN_POINT('',(16.453337052625,-5.694690265487,
    30.036353110709));
#6484 = VECTOR('',#6485,1.);
#6485 = DIRECTION('',(-0.989870615216,4.741647352493E-02,0.133820189696)
  );
#6486 = ORIENTED_EDGE('',*,*,#6487,.F.);
#6487 = EDGE_CURVE('',#6480,#6480,#6488,.T.);
#6488 = CIRCLE('',#6489,0.2);
#6489 = AXIS2_PLACEMENT_3D('',#6490,#6491,#6492);
#6490 = CARTESIAN_POINT('',(14.883011624991,-5.619469026549,
    30.048644740929));
#6491 = DIRECTION('',(-1.647987302178E-17,1.,1.387778780781E-17));
#6492 = DIRECTION('',(2.775557561563E-17,-1.387778780781E-17,1.));
#6493 = ORIENTED_EDGE('',*,*,#6479,.F.);
#6494 = ORIENTED_EDGE('',*,*,#6459,.T.);
#6495 = SURFACE_OF_LINEAR_EXTRUSION('',#6496,#6501);
#6496 = CIRCLE('',#6497,0.2);
#6497 = AXIS2_PLACEMENT_3D('',#6498,#6499,#6500);
#6498 = CARTESIAN_POINT('',(16.453337052625,-5.694690265487,
    29.836353110709));
#6499 = DIRECTION('',(-1.647987302178E-17,1.,1.387778780781E-17));
#6500 = DIRECTION('',(2.775557561563E-17,-1.387778780781E-17,1.));
#6501 = VECTOR('',#6502,1.);
#6502 = DIRECTION('',(-0.989870615216,4.741647352493E-02,0.133820189696)
  );
#6503 = ADVANCED_FACE('',(#6504),#6523,.T.);
#6504 = FACE_BOUND('',#6505,.T.);
#6505 = EDGE_LOOP('',(#6506,#6514,#6521,#6522));
#6506 = ORIENTED_EDGE('',*,*,#6507,.T.);
#6507 = EDGE_CURVE('',#6480,#6508,#6510,.T.);
#6508 = VERTEX_POINT('',#6509);
#6509 = CARTESIAN_POINT('',(13.32420493485,-5.544247787611,
    29.963844130491));
#6510 = LINE('',#6511,#6512);
#6511 = CARTESIAN_POINT('',(14.883011624991,-5.619469026549,
    30.248644740929));
#6512 = VECTOR('',#6513,1.);
#6513 = DIRECTION('',(-0.982609661806,4.741647352493E-02,-0.179526963333
    ));
#6514 = ORIENTED_EDGE('',*,*,#6515,.F.);
#6515 = EDGE_CURVE('',#6508,#6508,#6516,.T.);
#6516 = CIRCLE('',#6517,0.2);
#6517 = AXIS2_PLACEMENT_3D('',#6518,#6519,#6520);
#6518 = CARTESIAN_POINT('',(13.32420493485,-5.544247787611,
    29.763844130491));
#6519 = DIRECTION('',(-1.47451495458E-17,1.,1.387778780781E-17));
#6520 = DIRECTION('',(-2.775557561563E-17,-1.387778780781E-17,1.));
#6521 = ORIENTED_EDGE('',*,*,#6507,.F.);
#6522 = ORIENTED_EDGE('',*,*,#6487,.T.);
#6523 = SURFACE_OF_LINEAR_EXTRUSION('',#6524,#6529);
#6524 = CIRCLE('',#6525,0.2);
#6525 = AXIS2_PLACEMENT_3D('',#6526,#6527,#6528);
#6526 = CARTESIAN_POINT('',(14.883011624991,-5.619469026549,
    30.048644740929));
#6527 = DIRECTION('',(-1.47451495458E-17,1.,1.387778780781E-17));
#6528 = DIRECTION('',(-2.775557561563E-17,-1.387778780781E-17,1.));
#6529 = VECTOR('',#6530,1.);
#6530 = DIRECTION('',(-0.982609661806,4.741647352493E-02,-0.179526963333
    ));
#6531 = ADVANCED_FACE('',(#6532),#6551,.T.);
#6532 = FACE_BOUND('',#6533,.T.);
#6533 = EDGE_LOOP('',(#6534,#6542,#6549,#6550));
#6534 = ORIENTED_EDGE('',*,*,#6535,.T.);
#6535 = EDGE_CURVE('',#6508,#6536,#6538,.T.);
#6536 = VERTEX_POINT('',#6537);
#6537 = CARTESIAN_POINT('',(11.930397916217,-5.469026548673,
    29.209992898652));
#6538 = LINE('',#6539,#6540);
#6539 = CARTESIAN_POINT('',(13.32420493485,-5.544247787611,
    29.963844130491));
#6540 = VECTOR('',#6541,1.);
#6541 = DIRECTION('',(-0.878600439595,4.741647352493E-02,-0.475197796273
    ));
#6542 = ORIENTED_EDGE('',*,*,#6543,.F.);
#6543 = EDGE_CURVE('',#6536,#6536,#6544,.T.);
#6544 = CIRCLE('',#6545,0.2);
#6545 = AXIS2_PLACEMENT_3D('',#6546,#6547,#6548);
#6546 = CARTESIAN_POINT('',(11.930397916217,-5.469026548673,
    29.009992898652));
#6547 = DIRECTION('',(-9.540979117872E-18,1.,2.081668171172E-17));
#6548 = DIRECTION('',(-5.551115123126E-17,-2.081668171172E-17,1.));
#6549 = ORIENTED_EDGE('',*,*,#6535,.F.);
#6550 = ORIENTED_EDGE('',*,*,#6515,.T.);
#6551 = SURFACE_OF_LINEAR_EXTRUSION('',#6552,#6557);
#6552 = CIRCLE('',#6553,0.2);
#6553 = AXIS2_PLACEMENT_3D('',#6554,#6555,#6556);
#6554 = CARTESIAN_POINT('',(13.32420493485,-5.544247787611,
    29.763844130491));
#6555 = DIRECTION('',(-9.540979117872E-18,1.,2.081668171172E-17));
#6556 = DIRECTION('',(-5.551115123126E-17,-2.081668171172E-17,1.));
#6557 = VECTOR('',#6558,1.);
#6558 = DIRECTION('',(-0.878600439595,4.741647352493E-02,-0.475197796273
    ));
#6559 = ADVANCED_FACE('',(#6560),#6579,.T.);
#6560 = FACE_BOUND('',#6561,.T.);
#6561 = EDGE_LOOP('',(#6562,#6570,#6577,#6578));
#6562 = ORIENTED_EDGE('',*,*,#6563,.T.);
#6563 = EDGE_CURVE('',#6536,#6564,#6566,.T.);
#6564 = VERTEX_POINT('',#6565);
#6565 = CARTESIAN_POINT('',(10.838825547883,-5.393805309735,
    28.061315637788));
#6566 = LINE('',#6567,#6568);
#6567 = CARTESIAN_POINT('',(11.930397916217,-5.469026548673,
    29.209992898652));
#6568 = VECTOR('',#6569,1.);
#6569 = DIRECTION('',(-0.688083751801,4.741647352493E-02,-0.72408040199)
  );
#6570 = ORIENTED_EDGE('',*,*,#6571,.F.);
#6571 = EDGE_CURVE('',#6564,#6564,#6572,.T.);
#6572 = CIRCLE('',#6573,0.2);
#6573 = AXIS2_PLACEMENT_3D('',#6574,#6575,#6576);
#6574 = CARTESIAN_POINT('',(10.838825547883,-5.393805309735,
    27.861315637788));
#6575 = DIRECTION('',(-9.540979117872E-18,1.,2.081668171172E-17));
#6576 = DIRECTION('',(-2.22044604925E-16,-2.081668171172E-17,1.));
#6577 = ORIENTED_EDGE('',*,*,#6563,.F.);
#6578 = ORIENTED_EDGE('',*,*,#6543,.T.);
#6579 = SURFACE_OF_LINEAR_EXTRUSION('',#6580,#6585);
#6580 = CIRCLE('',#6581,0.2);
#6581 = AXIS2_PLACEMENT_3D('',#6582,#6583,#6584);
#6582 = CARTESIAN_POINT('',(11.930397916217,-5.469026548673,
    29.009992898652));
#6583 = DIRECTION('',(-9.540979117872E-18,1.,2.081668171172E-17));
#6584 = DIRECTION('',(-2.22044604925E-16,-2.081668171172E-17,1.));
#6585 = VECTOR('',#6586,1.);
#6586 = DIRECTION('',(-0.688083751801,4.741647352493E-02,-0.72408040199)
  );
#6587 = ADVANCED_FACE('',(#6588),#6607,.T.);
#6588 = FACE_BOUND('',#6589,.T.);
#6589 = EDGE_LOOP('',(#6590,#6598,#6605,#6606));
#6590 = ORIENTED_EDGE('',*,*,#6591,.T.);
#6591 = EDGE_CURVE('',#6564,#6592,#6594,.T.);
#6592 = VERTEX_POINT('',#6593);
#6593 = CARTESIAN_POINT('',(10.156964624564,-5.318584070796,
    26.630911720643));
#6594 = LINE('',#6595,#6596);
#6595 = CARTESIAN_POINT('',(10.838825547883,-5.393805309735,
    28.061315637788));
#6596 = VECTOR('',#6597,1.);
#6597 = DIRECTION('',(-0.429817972619,4.741647352493E-02,-0.901669667035
    ));
#6598 = ORIENTED_EDGE('',*,*,#6599,.F.);
#6599 = EDGE_CURVE('',#6592,#6592,#6600,.T.);
#6600 = CIRCLE('',#6601,0.2);
#6601 = AXIS2_PLACEMENT_3D('',#6602,#6603,#6604);
#6602 = CARTESIAN_POINT('',(10.156964624564,-5.318584070796,
    26.430911720643));
#6603 = DIRECTION('',(-2.602085213965E-18,1.,1.387778780781E-17));
#6604 = DIRECTION('',(-2.22044604925E-16,-1.387778780781E-17,1.));
#6605 = ORIENTED_EDGE('',*,*,#6591,.F.);
#6606 = ORIENTED_EDGE('',*,*,#6571,.T.);
#6607 = SURFACE_OF_LINEAR_EXTRUSION('',#6608,#6613);
#6608 = CIRCLE('',#6609,0.2);
#6609 = AXIS2_PLACEMENT_3D('',#6610,#6611,#6612);
#6610 = CARTESIAN_POINT('',(10.838825547883,-5.393805309735,
    27.861315637788));
#6611 = DIRECTION('',(-2.602085213965E-18,1.,1.387778780781E-17));
#6612 = DIRECTION('',(-2.22044604925E-16,-1.387778780781E-17,1.));
#6613 = VECTOR('',#6614,1.);
#6614 = DIRECTION('',(-0.429817972619,4.741647352493E-02,-0.901669667035
    ));
#6615 = ADVANCED_FACE('',(#6616),#6635,.T.);
#6616 = FACE_BOUND('',#6617,.T.);
#6617 = EDGE_LOOP('',(#6618,#6626,#6633,#6634));
#6618 = ORIENTED_EDGE('',*,*,#6619,.T.);
#6619 = EDGE_CURVE('',#6592,#6620,#6622,.T.);
#6620 = VERTEX_POINT('',#6621);
#6621 = CARTESIAN_POINT('',(9.951951534653,-5.243362831858,
    25.059619476056));
#6622 = LINE('',#6623,#6624);
#6623 = CARTESIAN_POINT('',(10.156964624564,-5.318584070796,
    26.630911720643));
#6624 = VECTOR('',#6625,1.);
#6625 = DIRECTION('',(-0.129232087736,4.741647352493E-02,-0.990480058122
    ));
#6626 = ORIENTED_EDGE('',*,*,#6627,.F.);
#6627 = EDGE_CURVE('',#6620,#6620,#6628,.T.);
#6628 = CIRCLE('',#6629,0.2);
#6629 = AXIS2_PLACEMENT_3D('',#6630,#6631,#6632);
#6630 = CARTESIAN_POINT('',(9.951951534653,-5.243362831858,
    24.859619476056));
#6631 = DIRECTION('',(-4.336808689942E-18,1.,2.775557561563E-17));
#6632 = DIRECTION('',(-2.22044604925E-16,-2.775557561563E-17,1.));
#6633 = ORIENTED_EDGE('',*,*,#6619,.F.);
#6634 = ORIENTED_EDGE('',*,*,#6599,.T.);
#6635 = SURFACE_OF_LINEAR_EXTRUSION('',#6636,#6641);
#6636 = CIRCLE('',#6637,0.2);
#6637 = AXIS2_PLACEMENT_3D('',#6638,#6639,#6640);
#6638 = CARTESIAN_POINT('',(10.156964624564,-5.318584070796,
    26.430911720643));
#6639 = DIRECTION('',(-4.336808689942E-18,1.,2.775557561563E-17));
#6640 = DIRECTION('',(-2.22044604925E-16,-2.775557561563E-17,1.));
#6641 = VECTOR('',#6642,1.);
#6642 = DIRECTION('',(-0.129232087736,4.741647352493E-02,-0.990480058122
    ));
#6643 = ADVANCED_FACE('',(#6644),#6663,.T.);
#6644 = FACE_BOUND('',#6645,.T.);
#6645 = EDGE_LOOP('',(#6646,#6654,#6661,#6662));
#6646 = ORIENTED_EDGE('',*,*,#6647,.T.);
#6647 = EDGE_CURVE('',#6620,#6648,#6650,.T.);
#6648 = VERTEX_POINT('',#6649);
#6649 = CARTESIAN_POINT('',(10.243971975789,-5.16814159292,
    23.502149172361));
#6650 = LINE('',#6651,#6652);
#6651 = CARTESIAN_POINT('',(9.951951534653,-5.243362831858,
    25.059619476056));
#6652 = VECTOR('',#6653,1.);
#6653 = DIRECTION('',(0.184078057093,4.741647352493E-02,-0.981767257009)
  );
#6654 = ORIENTED_EDGE('',*,*,#6655,.F.);
#6655 = EDGE_CURVE('',#6648,#6648,#6656,.T.);
#6656 = CIRCLE('',#6657,0.2);
#6657 = AXIS2_PLACEMENT_3D('',#6658,#6659,#6660);
#6658 = CARTESIAN_POINT('',(10.243971975789,-5.16814159292,
    23.302149172361));
#6659 = DIRECTION('',(1.734723475977E-18,1.,2.775557561563E-17));
#6660 = DIRECTION('',(-1.942890293094E-16,-2.775557561563E-17,1.));
#6661 = ORIENTED_EDGE('',*,*,#6647,.F.);
#6662 = ORIENTED_EDGE('',*,*,#6627,.T.);
#6663 = SURFACE_OF_LINEAR_EXTRUSION('',#6664,#6669);
#6664 = CIRCLE('',#6665,0.2);
#6665 = AXIS2_PLACEMENT_3D('',#6666,#6667,#6668);
#6666 = CARTESIAN_POINT('',(9.951951534653,-5.243362831858,
    24.859619476056));
#6667 = DIRECTION('',(1.734723475977E-18,1.,2.775557561563E-17));
#6668 = DIRECTION('',(-1.942890293094E-16,-2.775557561563E-17,1.));
#6669 = VECTOR('',#6670,1.);
#6670 = DIRECTION('',(0.184078057093,4.741647352493E-02,-0.981767257009)
  );
#6671 = ADVANCED_FACE('',(#6672),#6691,.T.);
#6672 = FACE_BOUND('',#6673,.T.);
#6673 = EDGE_LOOP('',(#6674,#6682,#6689,#6690));
#6674 = ORIENTED_EDGE('',*,*,#6675,.T.);
#6675 = EDGE_CURVE('',#6648,#6676,#6678,.T.);
#6676 = VERTEX_POINT('',#6677);
#6677 = CARTESIAN_POINT('',(11.004273460354,-5.092920353982,
    22.111850162254));
#6678 = LINE('',#6679,#6680);
#6679 = CARTESIAN_POINT('',(10.243971975789,-5.16814159292,
    23.502149172361));
#6680 = VECTOR('',#6681,1.);
#6681 = DIRECTION('',(0.479263778725,4.741647352493E-02,-0.876389130718)
  );
#6682 = ORIENTED_EDGE('',*,*,#6683,.F.);
#6683 = EDGE_CURVE('',#6676,#6676,#6684,.T.);
#6684 = CIRCLE('',#6685,0.2);
#6685 = AXIS2_PLACEMENT_3D('',#6686,#6687,#6688);
#6686 = CARTESIAN_POINT('',(11.004273460354,-5.092920353982,
    21.911850162254));
#6687 = DIRECTION('',(1.734723475977E-18,1.,2.081668171172E-17));
#6688 = DIRECTION('',(-2.775557561563E-16,-2.081668171172E-17,1.));
#6689 = ORIENTED_EDGE('',*,*,#6675,.F.);
#6690 = ORIENTED_EDGE('',*,*,#6655,.T.);
#6691 = SURFACE_OF_LINEAR_EXTRUSION('',#6692,#6697);
#6692 = CIRCLE('',#6693,0.2);
#6693 = AXIS2_PLACEMENT_3D('',#6694,#6695,#6696);
#6694 = CARTESIAN_POINT('',(10.243971975789,-5.16814159292,
    23.302149172361));
#6695 = DIRECTION('',(1.734723475977E-18,1.,2.081668171172E-17));
#6696 = DIRECTION('',(-2.775557561563E-16,-2.081668171172E-17,1.));
#6697 = VECTOR('',#6698,1.);
#6698 = DIRECTION('',(0.479263778725,4.741647352493E-02,-0.876389130718)
  );
#6699 = ADVANCED_FACE('',(#6700),#6719,.T.);
#6700 = FACE_BOUND('',#6701,.T.);
#6701 = EDGE_LOOP('',(#6702,#6710,#6717,#6718));
#6702 = ORIENTED_EDGE('',*,*,#6703,.T.);
#6703 = EDGE_CURVE('',#6676,#6704,#6706,.T.);
#6704 = VERTEX_POINT('',#6705);
#6705 = CARTESIAN_POINT('',(12.157996300664,-5.017699115044,
    21.025612024145));
#6706 = LINE('',#6707,#6708);
#6707 = CARTESIAN_POINT('',(11.004273460354,-5.092920353982,
    22.111850162254));
#6708 = VECTOR('',#6709,1.);
#6709 = DIRECTION('',(0.727260934345,4.741647352493E-02,-0.68472126549)
  );
#6710 = ORIENTED_EDGE('',*,*,#6711,.F.);
#6711 = EDGE_CURVE('',#6704,#6704,#6712,.T.);
#6712 = CIRCLE('',#6713,0.2);
#6713 = AXIS2_PLACEMENT_3D('',#6714,#6715,#6716);
#6714 = CARTESIAN_POINT('',(12.157996300664,-5.017699115044,
    20.825612024145));
#6715 = DIRECTION('',(-1.734723475977E-18,1.,-6.938893903907E-18));
#6716 = DIRECTION('',(-2.775557561563E-16,6.938893903907E-18,1.));
#6717 = ORIENTED_EDGE('',*,*,#6703,.F.);
#6718 = ORIENTED_EDGE('',*,*,#6683,.T.);
#6719 = SURFACE_OF_LINEAR_EXTRUSION('',#6720,#6725);
#6720 = CIRCLE('',#6721,0.2);
#6721 = AXIS2_PLACEMENT_3D('',#6722,#6723,#6724);
#6722 = CARTESIAN_POINT('',(11.004273460354,-5.092920353982,
    21.911850162254));
#6723 = DIRECTION('',(-1.734723475977E-18,1.,-6.938893903907E-18));
#6724 = DIRECTION('',(-2.775557561563E-16,6.938893903907E-18,1.));
#6725 = VECTOR('',#6726,1.);
#6726 = DIRECTION('',(0.727260934345,4.741647352493E-02,-0.68472126549)
  );
#6727 = ADVANCED_FACE('',(#6728),#6747,.T.);
#6728 = FACE_BOUND('',#6729,.T.);
#6729 = EDGE_LOOP('',(#6730,#6738,#6745,#6746));
#6730 = ORIENTED_EDGE('',*,*,#6731,.T.);
#6731 = EDGE_CURVE('',#6704,#6732,#6734,.T.);
#6732 = VERTEX_POINT('',#6733);
#6733 = CARTESIAN_POINT('',(13.591544333546,-4.942477876106,
    20.350386341611));
#6734 = LINE('',#6735,#6736);
#6735 = CARTESIAN_POINT('',(12.157996300664,-5.017699115044,
    21.025612024145));
#6736 = VECTOR('',#6737,1.);
#6737 = DIRECTION('',(0.903651592389,4.741647352493E-02,-0.425635381061)
  );
#6738 = ORIENTED_EDGE('',*,*,#6739,.F.);
#6739 = EDGE_CURVE('',#6732,#6732,#6740,.T.);
#6740 = CIRCLE('',#6741,0.2);
#6741 = AXIS2_PLACEMENT_3D('',#6742,#6743,#6744);
#6742 = CARTESIAN_POINT('',(13.591544333546,-4.942477876106,
    20.150386341611));
#6743 = DIRECTION('',(-4.336808689942E-18,1.,-1.387778780781E-17));
#6744 = DIRECTION('',(-3.885780586188E-16,1.387778780781E-17,1.));
#6745 = ORIENTED_EDGE('',*,*,#6731,.F.);
#6746 = ORIENTED_EDGE('',*,*,#6711,.T.);
#6747 = SURFACE_OF_LINEAR_EXTRUSION('',#6748,#6753);
#6748 = CIRCLE('',#6749,0.2);
#6749 = AXIS2_PLACEMENT_3D('',#6750,#6751,#6752);
#6750 = CARTESIAN_POINT('',(12.157996300664,-5.017699115044,
    20.825612024145));
#6751 = DIRECTION('',(-4.336808689942E-18,1.,-1.387778780781E-17));
#6752 = DIRECTION('',(-3.885780586188E-16,1.387778780781E-17,1.));
#6753 = VECTOR('',#6754,1.);
#6754 = DIRECTION('',(0.903651592389,4.741647352493E-02,-0.425635381061)
  );
#6755 = ADVANCED_FACE('',(#6756),#6775,.T.);
#6756 = FACE_BOUND('',#6757,.T.);
#6757 = EDGE_LOOP('',(#6758,#6766,#6773,#6774));
#6758 = ORIENTED_EDGE('',*,*,#6759,.T.);
#6759 = EDGE_CURVE('',#6732,#6760,#6762,.T.);
#6760 = VERTEX_POINT('',#6761);
#6761 = CARTESIAN_POINT('',(15.163769658856,-4.867256637168,
    20.152656193716));
#6762 = LINE('',#6763,#6764);
#6763 = CARTESIAN_POINT('',(13.591544333546,-4.942477876106,
    20.350386341611));
#6764 = VECTOR('',#6765,1.);
#6765 = DIRECTION('',(0.991068235053,4.741647352493E-02,-0.124641211114)
  );
#6766 = ORIENTED_EDGE('',*,*,#6767,.F.);
#6767 = EDGE_CURVE('',#6760,#6760,#6768,.T.);
#6768 = CIRCLE('',#6769,0.2);
#6769 = AXIS2_PLACEMENT_3D('',#6770,#6771,#6772);
#6770 = CARTESIAN_POINT('',(15.163769658856,-4.867256637168,
    19.952656193716));
#6771 = DIRECTION('',(5.20417042793E-18,1.,-2.081668171172E-17));
#6772 = DIRECTION('',(-4.163336342344E-16,2.081668171172E-17,1.));
#6773 = ORIENTED_EDGE('',*,*,#6759,.F.);
#6774 = ORIENTED_EDGE('',*,*,#6739,.T.);
#6775 = SURFACE_OF_LINEAR_EXTRUSION('',#6776,#6781);
#6776 = CIRCLE('',#6777,0.2);
#6777 = AXIS2_PLACEMENT_3D('',#6778,#6779,#6780);
#6778 = CARTESIAN_POINT('',(13.591544333546,-4.942477876106,
    20.150386341611));
#6779 = DIRECTION('',(5.20417042793E-18,1.,-2.081668171172E-17));
#6780 = DIRECTION('',(-4.163336342344E-16,2.081668171172E-17,1.));
#6781 = VECTOR('',#6782,1.);
#6782 = DIRECTION('',(0.991068235053,4.741647352493E-02,-0.124641211114)
  );
#6783 = ADVANCED_FACE('',(#6784),#6803,.T.);
#6784 = FACE_BOUND('',#6785,.T.);
#6785 = EDGE_LOOP('',(#6786,#6794,#6801,#6802));
#6786 = ORIENTED_EDGE('',*,*,#6787,.T.);
#6787 = EDGE_CURVE('',#6760,#6788,#6790,.T.);
#6788 = VERTEX_POINT('',#6789);
#6789 = CARTESIAN_POINT('',(16.719870136639,-4.79203539823,
    20.451890195762));
#6790 = LINE('',#6791,#6792);
#6791 = CARTESIAN_POINT('',(15.163769658856,-4.867256637168,
    20.152656193716));
#6792 = VECTOR('',#6793,1.);
#6793 = DIRECTION('',(0.980903773303,4.741647352493E-02,0.188625198629)
  );
#6794 = ORIENTED_EDGE('',*,*,#6795,.F.);
#6795 = EDGE_CURVE('',#6788,#6788,#6796,.T.);
#6796 = CIRCLE('',#6797,0.2);
#6797 = AXIS2_PLACEMENT_3D('',#6798,#6799,#6800);
#6798 = CARTESIAN_POINT('',(16.719870136639,-4.79203539823,
    20.251890195762));
#6799 = DIRECTION('',(4.336808689942E-18,1.,-2.775557561563E-17));
#6800 = DIRECTION('',(-3.608224830032E-16,2.775557561563E-17,1.));
#6801 = ORIENTED_EDGE('',*,*,#6787,.F.);
#6802 = ORIENTED_EDGE('',*,*,#6767,.T.);
#6803 = SURFACE_OF_LINEAR_EXTRUSION('',#6804,#6809);
#6804 = CIRCLE('',#6805,0.2);
#6805 = AXIS2_PLACEMENT_3D('',#6806,#6807,#6808);
#6806 = CARTESIAN_POINT('',(15.163769658856,-4.867256637168,
    19.952656193716));
#6807 = DIRECTION('',(4.336808689942E-18,1.,-2.775557561563E-17));
#6808 = DIRECTION('',(-3.608224830032E-16,2.775557561563E-17,1.));
#6809 = VECTOR('',#6810,1.);
#6810 = DIRECTION('',(0.980903773303,4.741647352493E-02,0.188625198629)
  );
#6811 = ADVANCED_FACE('',(#6812),#6831,.T.);
#6812 = FACE_BOUND('',#6813,.T.);
#6813 = EDGE_LOOP('',(#6814,#6822,#6829,#6830));
#6814 = ORIENTED_EDGE('',*,*,#6815,.T.);
#6815 = EDGE_CURVE('',#6788,#6816,#6818,.T.);
#6816 = VERTEX_POINT('',#6817);
#6817 = CARTESIAN_POINT('',(18.106631287981,-4.716814159292,
    21.218625609097));
#6818 = LINE('',#6819,#6820);
#6819 = CARTESIAN_POINT('',(16.719870136639,-4.79203539823,
    20.451890195762));
#6820 = VECTOR('',#6821,1.);
#6821 = DIRECTION('',(0.87415900544,4.741647352493E-02,0.483319471206));
#6822 = ORIENTED_EDGE('',*,*,#6823,.F.);
#6823 = EDGE_CURVE('',#6816,#6816,#6824,.T.);
#6824 = CIRCLE('',#6825,0.2);
#6825 = AXIS2_PLACEMENT_3D('',#6826,#6827,#6828);
#6826 = CARTESIAN_POINT('',(18.106631287981,-4.716814159292,
    21.018625609097));
#6827 = DIRECTION('',(5.20417042793E-18,1.,-2.775557561563E-17));
#6828 = DIRECTION('',(-3.330669073875E-16,2.775557561563E-17,1.));
#6829 = ORIENTED_EDGE('',*,*,#6815,.F.);
#6830 = ORIENTED_EDGE('',*,*,#6795,.T.);
#6831 = SURFACE_OF_LINEAR_EXTRUSION('',#6832,#6837);
#6832 = CIRCLE('',#6833,0.2);
#6833 = AXIS2_PLACEMENT_3D('',#6834,#6835,#6836);
#6834 = CARTESIAN_POINT('',(16.719870136639,-4.79203539823,
    20.251890195762));
#6835 = DIRECTION('',(5.20417042793E-18,1.,-2.775557561563E-17));
#6836 = DIRECTION('',(-3.330669073875E-16,2.775557561563E-17,1.));
#6837 = VECTOR('',#6838,1.);
#6838 = DIRECTION('',(0.87415900544,4.741647352493E-02,0.483319471206));
#6839 = ADVANCED_FACE('',(#6840),#6859,.T.);
#6840 = FACE_BOUND('',#6841,.T.);
#6841 = EDGE_LOOP('',(#6842,#6850,#6857,#6858));
#6842 = ORIENTED_EDGE('',*,*,#6843,.T.);
#6843 = EDGE_CURVE('',#6816,#6844,#6846,.T.);
#6844 = VERTEX_POINT('',#6845);
#6845 = CARTESIAN_POINT('',(19.187511873927,-4.641592920354,
    22.377369257994));
#6846 = LINE('',#6847,#6848);
#6847 = CARTESIAN_POINT('',(18.106631287981,-4.716814159292,
    21.218625609097));
#6848 = VECTOR('',#6849,1.);
#6849 = DIRECTION('',(0.681344077958,4.741647352493E-02,0.730425852137)
  );
#6850 = ORIENTED_EDGE('',*,*,#6851,.F.);
#6851 = EDGE_CURVE('',#6844,#6844,#6852,.T.);
#6852 = CIRCLE('',#6853,0.2);
#6853 = AXIS2_PLACEMENT_3D('',#6854,#6855,#6856);
#6854 = CARTESIAN_POINT('',(19.187511873927,-4.641592920354,
    22.177369257994));
#6855 = DIRECTION('',(5.20417042793E-18,1.,-2.081668171172E-17));
#6856 = DIRECTION('',(-1.665334536938E-16,2.081668171172E-17,1.));
#6857 = ORIENTED_EDGE('',*,*,#6843,.F.);
#6858 = ORIENTED_EDGE('',*,*,#6823,.T.);
#6859 = SURFACE_OF_LINEAR_EXTRUSION('',#6860,#6865);
#6860 = CIRCLE('',#6861,0.2);
#6861 = AXIS2_PLACEMENT_3D('',#6862,#6863,#6864);
#6862 = CARTESIAN_POINT('',(18.106631287981,-4.716814159292,
    21.018625609097));
#6863 = DIRECTION('',(5.20417042793E-18,1.,-2.081668171172E-17));
#6864 = DIRECTION('',(-1.665334536938E-16,2.081668171172E-17,1.));
#6865 = VECTOR('',#6866,1.);
#6866 = DIRECTION('',(0.681344077958,4.741647352493E-02,0.730425852137)
  );
#6867 = ADVANCED_FACE('',(#6868),#6887,.T.);
#6868 = FACE_BOUND('',#6869,.T.);
#6869 = EDGE_LOOP('',(#6870,#6878,#6885,#6886));
#6870 = ORIENTED_EDGE('',*,*,#6871,.T.);
#6871 = EDGE_CURVE('',#6844,#6872,#6874,.T.);
#6872 = VERTEX_POINT('',#6873);
#6873 = CARTESIAN_POINT('',(19.85608781833,-4.566371681416,
    23.814030627803));
#6874 = LINE('',#6875,#6876);
#6875 = CARTESIAN_POINT('',(19.187511873927,-4.641592920354,
    22.377369257994));
#6876 = VECTOR('',#6877,1.);
#6877 = DIRECTION('',(0.421443650952,4.741647352493E-02,0.905614116007)
  );
#6878 = ORIENTED_EDGE('',*,*,#6879,.F.);
#6879 = EDGE_CURVE('',#6872,#6872,#6880,.T.);
#6880 = CIRCLE('',#6881,0.2);
#6881 = AXIS2_PLACEMENT_3D('',#6882,#6883,#6884);
#6882 = CARTESIAN_POINT('',(19.85608781833,-4.566371681416,
    23.614030627803));
#6883 = DIRECTION('',(6.071532165919E-18,1.,-2.775557561563E-17));
#6884 = DIRECTION('',(-1.665334536938E-16,2.775557561563E-17,1.));
#6885 = ORIENTED_EDGE('',*,*,#6871,.F.);
#6886 = ORIENTED_EDGE('',*,*,#6851,.T.);
#6887 = SURFACE_OF_LINEAR_EXTRUSION('',#6888,#6893);
#6888 = CIRCLE('',#6889,0.2);
#6889 = AXIS2_PLACEMENT_3D('',#6890,#6891,#6892);
#6890 = CARTESIAN_POINT('',(19.187511873927,-4.641592920354,
    22.177369257994));
#6891 = DIRECTION('',(6.071532165919E-18,1.,-2.775557561563E-17));
#6892 = DIRECTION('',(-1.665334536938E-16,2.775557561563E-17,1.));
#6893 = VECTOR('',#6894,1.);
#6894 = DIRECTION('',(0.421443650952,4.741647352493E-02,0.905614116007)
  );
#6895 = ADVANCED_FACE('',(#6896),#6915,.T.);
#6896 = FACE_BOUND('',#6897,.T.);
#6897 = EDGE_LOOP('',(#6898,#6906,#6913,#6914));
#6898 = ORIENTED_EDGE('',*,*,#6899,.T.);
#6899 = EDGE_CURVE('',#6872,#6900,#6902,.T.);
#6900 = VERTEX_POINT('',#6901);
#6901 = CARTESIAN_POINT('',(20.046530778869,-4.491150442478,
    25.387155277573));
#6902 = LINE('',#6903,#6904);
#6903 = CARTESIAN_POINT('',(19.85608781833,-4.566371681416,
    23.814030627803));
#6904 = VECTOR('',#6905,1.);
#6905 = DIRECTION('',(0.1200476584,4.741647352493E-02,0.991635133379));
#6906 = ORIENTED_EDGE('',*,*,#6907,.F.);
#6907 = EDGE_CURVE('',#6900,#6900,#6908,.T.);
#6908 = CIRCLE('',#6909,0.2);
#6909 = AXIS2_PLACEMENT_3D('',#6910,#6911,#6912);
#6910 = CARTESIAN_POINT('',(20.046530778869,-4.491150442478,
    25.187155277573));
#6911 = DIRECTION('',(4.336808689942E-18,1.,-4.163336342344E-17));
#6912 = DIRECTION('',(-2.22044604925E-16,4.163336342344E-17,1.));
#6913 = ORIENTED_EDGE('',*,*,#6899,.F.);
#6914 = ORIENTED_EDGE('',*,*,#6879,.T.);
#6915 = SURFACE_OF_LINEAR_EXTRUSION('',#6916,#6921);
#6916 = CIRCLE('',#6917,0.2);
#6917 = AXIS2_PLACEMENT_3D('',#6918,#6919,#6920);
#6918 = CARTESIAN_POINT('',(19.85608781833,-4.566371681416,
    23.614030627803));
#6919 = DIRECTION('',(4.336808689942E-18,1.,-4.163336342344E-17));
#6920 = DIRECTION('',(-2.22044604925E-16,4.163336342344E-17,1.));
#6921 = VECTOR('',#6922,1.);
#6922 = DIRECTION('',(0.1200476584,4.741647352493E-02,0.991635133379));
#6923 = ADVANCED_FACE('',(#6924),#6943,.T.);
#6924 = FACE_BOUND('',#6925,.T.);
#6925 = EDGE_LOOP('',(#6926,#6934,#6941,#6942));
#6926 = ORIENTED_EDGE('',*,*,#6927,.T.);
#6927 = EDGE_CURVE('',#6900,#6928,#6930,.T.);
#6928 = VERTEX_POINT('',#6929);
#6929 = CARTESIAN_POINT('',(19.740089640578,-4.41592920354,
    26.941852519385));
#6930 = LINE('',#6931,#6932);
#6931 = CARTESIAN_POINT('',(20.046530778869,-4.491150442478,
    25.387155277573));
#6932 = VECTOR('',#6933,1.);
#6933 = DIRECTION('',(-0.193168290311,4.741647352493E-02,0.980019229228)
  );
#6934 = ORIENTED_EDGE('',*,*,#6935,.F.);
#6935 = EDGE_CURVE('',#6928,#6928,#6936,.T.);
#6936 = CIRCLE('',#6937,0.2);
#6937 = AXIS2_PLACEMENT_3D('',#6938,#6939,#6940);
#6938 = CARTESIAN_POINT('',(19.740089640578,-4.41592920354,
    26.741852519385));
#6939 = DIRECTION('',(6.071532165919E-18,1.,-4.857225732735E-17));
#6940 = DIRECTION('',(-2.498001805407E-16,4.857225732735E-17,1.));
#6941 = ORIENTED_EDGE('',*,*,#6927,.F.);
#6942 = ORIENTED_EDGE('',*,*,#6907,.T.);
#6943 = SURFACE_OF_LINEAR_EXTRUSION('',#6944,#6949);
#6944 = CIRCLE('',#6945,0.2);
#6945 = AXIS2_PLACEMENT_3D('',#6946,#6947,#6948);
#6946 = CARTESIAN_POINT('',(20.046530778869,-4.491150442478,
    25.187155277573));
#6947 = DIRECTION('',(6.071532165919E-18,1.,-4.857225732735E-17));
#6948 = DIRECTION('',(-2.498001805407E-16,4.857225732735E-17,1.));
#6949 = VECTOR('',#6950,1.);
#6950 = DIRECTION('',(-0.193168290311,4.741647352493E-02,0.980019229228)
  );
#6951 = ADVANCED_FACE('',(#6952),#6971,.T.);
#6952 = FACE_BOUND('',#6953,.T.);
#6953 = EDGE_LOOP('',(#6954,#6962,#6969,#6970));
#6954 = ORIENTED_EDGE('',*,*,#6955,.T.);
#6955 = EDGE_CURVE('',#6928,#6956,#6958,.T.);
#6956 = VERTEX_POINT('',#6957);
#6957 = CARTESIAN_POINT('',(18.966936760568,-4.340707964602,
    28.325046037685));
#6958 = LINE('',#6959,#6960);
#6959 = CARTESIAN_POINT('',(19.740089640578,-4.41592920354,
    26.941852519385));
#6960 = VECTOR('',#6961,1.);
#6961 = DIRECTION('',(-0.487364786638,4.741647352493E-02,0.871910111642)
  );
#6962 = ORIENTED_EDGE('',*,*,#6963,.F.);
#6963 = EDGE_CURVE('',#6956,#6956,#6964,.T.);
#6964 = CIRCLE('',#6965,0.2);
#6965 = AXIS2_PLACEMENT_3D('',#6966,#6967,#6968);
#6966 = CARTESIAN_POINT('',(18.966936760568,-4.340707964602,
    28.125046037685));
#6967 = DIRECTION('',(6.938893903907E-18,1.,-3.469446951954E-17));
#6968 = DIRECTION('',(-2.22044604925E-16,3.469446951954E-17,1.));
#6969 = ORIENTED_EDGE('',*,*,#6955,.F.);
#6970 = ORIENTED_EDGE('',*,*,#6935,.T.);
#6971 = SURFACE_OF_LINEAR_EXTRUSION('',#6972,#6977);
#6972 = CIRCLE('',#6973,0.2);
#6973 = AXIS2_PLACEMENT_3D('',#6974,#6975,#6976);
#6974 = CARTESIAN_POINT('',(19.740089640578,-4.41592920354,
    26.741852519385));
#6975 = DIRECTION('',(6.938893903907E-18,1.,-3.469446951954E-17));
#6976 = DIRECTION('',(-2.22044604925E-16,3.469446951954E-17,1.));
#6977 = VECTOR('',#6978,1.);
#6978 = DIRECTION('',(-0.487364786638,4.741647352493E-02,0.871910111642)
  );
#6979 = ADVANCED_FACE('',(#6980),#6999,.T.);
#6980 = FACE_BOUND('',#6981,.T.);
#6981 = EDGE_LOOP('',(#6982,#6990,#6997,#6998));
#6982 = ORIENTED_EDGE('',*,*,#6983,.T.);
#6983 = EDGE_CURVE('',#6956,#6984,#6986,.T.);
#6984 = VERTEX_POINT('',#6985);
#6985 = CARTESIAN_POINT('',(17.803197181742,-4.265486725664,
    29.40054586456));
#6986 = LINE('',#6987,#6988);
#6987 = CARTESIAN_POINT('',(18.966936760568,-4.340707964602,
    28.325046037685));
#6988 = VECTOR('',#6989,1.);
#6989 = DIRECTION('',(-0.733575087413,4.741647352493E-02,0.677952261715)
  );
#6990 = ORIENTED_EDGE('',*,*,#6991,.F.);
#6991 = EDGE_CURVE('',#6984,#6984,#6992,.T.);
#6992 = CIRCLE('',#6993,0.2);
#6993 = AXIS2_PLACEMENT_3D('',#6994,#6995,#6996);
#6994 = CARTESIAN_POINT('',(17.803197181742,-4.265486725664,
    29.20054586456));
#6995 = DIRECTION('',(1.348150961071E-32,1.,-4.857225732735E-17));
#6996 = DIRECTION('',(-2.498001805407E-16,4.857225732735E-17,1.));
#6997 = ORIENTED_EDGE('',*,*,#6983,.F.);
#6998 = ORIENTED_EDGE('',*,*,#6963,.T.);
#6999 = SURFACE_OF_LINEAR_EXTRUSION('',#7000,#7005);
#7000 = CIRCLE('',#7001,0.2);
#7001 = AXIS2_PLACEMENT_3D('',#7002,#7003,#7004);
#7002 = CARTESIAN_POINT('',(18.966936760568,-4.340707964602,
    28.125046037685));
#7003 = DIRECTION('',(1.348150961071E-32,1.,-4.857225732735E-17));
#7004 = DIRECTION('',(-2.498001805407E-16,4.857225732735E-17,1.));
#7005 = VECTOR('',#7006,1.);
#7006 = DIRECTION('',(-0.733575087413,4.741647352493E-02,0.677952261715)
  );
#7007 = ADVANCED_FACE('',(#7008),#7027,.T.);
#7008 = FACE_BOUND('',#7009,.T.);
#7009 = EDGE_LOOP('',(#7010,#7018,#7025,#7026));
#7010 = ORIENTED_EDGE('',*,*,#7011,.T.);
#7011 = EDGE_CURVE('',#6984,#7012,#7014,.T.);
#7012 = VERTEX_POINT('',#7013);
#7013 = CARTESIAN_POINT('',(16.363453320661,-4.190265486726,
    30.062457716256));
#7014 = LINE('',#7015,#7016);
#7015 = CARTESIAN_POINT('',(17.803197181742,-4.265486725664,
    29.40054586456));
#7016 = VECTOR('',#7017,1.);
#7017 = DIRECTION('',(-0.907557195752,4.741647352493E-02,0.417242872291)
  );
#7018 = ORIENTED_EDGE('',*,*,#7019,.F.);
#7019 = EDGE_CURVE('',#7012,#7012,#7020,.T.);
#7020 = CIRCLE('',#7021,0.2);
#7021 = AXIS2_PLACEMENT_3D('',#7022,#7023,#7024);
#7022 = CARTESIAN_POINT('',(16.363453320661,-4.190265486726,
    29.862457716256));
#7023 = DIRECTION('',(1.734723475977E-18,1.,-4.163336342344E-17));
#7024 = DIRECTION('',(-1.665334536938E-16,4.163336342344E-17,1.));
#7025 = ORIENTED_EDGE('',*,*,#7011,.F.);
#7026 = ORIENTED_EDGE('',*,*,#6991,.T.);
#7027 = SURFACE_OF_LINEAR_EXTRUSION('',#7028,#7033);
#7028 = CIRCLE('',#7029,0.2);
#7029 = AXIS2_PLACEMENT_3D('',#7030,#7031,#7032);
#7030 = CARTESIAN_POINT('',(17.803197181742,-4.265486725664,
    29.20054586456));
#7031 = DIRECTION('',(1.734723475977E-18,1.,-4.163336342344E-17));
#7032 = DIRECTION('',(-1.665334536938E-16,4.163336342344E-17,1.));
#7033 = VECTOR('',#7034,1.);
#7034 = DIRECTION('',(-0.907557195752,4.741647352493E-02,0.417242872291)
  );
#7035 = ADVANCED_FACE('',(#7036),#7055,.T.);
#7036 = FACE_BOUND('',#7037,.T.);
#7037 = EDGE_LOOP('',(#7038,#7046,#7053,#7054));
#7038 = ORIENTED_EDGE('',*,*,#7039,.T.);
#7039 = EDGE_CURVE('',#7012,#7040,#7042,.T.);
#7040 = VERTEX_POINT('',#7041);
#7041 = CARTESIAN_POINT('',(14.789463122003,-4.115044247788,
    30.245609400558));
#7042 = LINE('',#7043,#7044);
#7043 = CARTESIAN_POINT('',(16.363453320661,-4.190265486726,
    30.062457716256));
#7044 = VECTOR('',#7045,1.);
#7045 = DIRECTION('',(-0.992180740929,4.741647352493E-02,0.115451528217)
  );
#7046 = ORIENTED_EDGE('',*,*,#7047,.F.);
#7047 = EDGE_CURVE('',#7040,#7040,#7048,.T.);
#7048 = CIRCLE('',#7049,0.2);
#7049 = AXIS2_PLACEMENT_3D('',#7050,#7051,#7052);
#7050 = CARTESIAN_POINT('',(14.789463122003,-4.115044247788,
    30.045609400558));
#7051 = DIRECTION('',(-4.336808689942E-18,1.,-2.775557561563E-17));
#7052 = DIRECTION('',(-1.387778780781E-16,2.775557561563E-17,1.));
#7053 = ORIENTED_EDGE('',*,*,#7039,.F.);
#7054 = ORIENTED_EDGE('',*,*,#7019,.T.);
#7055 = SURFACE_OF_LINEAR_EXTRUSION('',#7056,#7061);
#7056 = CIRCLE('',#7057,0.2);
#7057 = AXIS2_PLACEMENT_3D('',#7058,#7059,#7060);
#7058 = CARTESIAN_POINT('',(16.363453320661,-4.190265486726,
    29.862457716256));
#7059 = DIRECTION('',(-4.336808689942E-18,1.,-2.775557561563E-17));
#7060 = DIRECTION('',(-1.387778780781E-16,2.775557561563E-17,1.));
#7061 = VECTOR('',#7062,1.);
#7062 = DIRECTION('',(-0.992180740929,4.741647352493E-02,0.115451528217)
  );
#7063 = ADVANCED_FACE('',(#7064),#7083,.T.);
#7064 = FACE_BOUND('',#7065,.T.);
#7065 = EDGE_LOOP('',(#7066,#7074,#7081,#7082));
#7066 = ORIENTED_EDGE('',*,*,#7067,.T.);
#7067 = EDGE_CURVE('',#7040,#7068,#7070,.T.);
#7068 = VERTEX_POINT('',#7069);
#7069 = CARTESIAN_POINT('',(13.236202496091,-4.03982300885,
    29.931967705427));
#7070 = LINE('',#7071,#7072);
#7071 = CARTESIAN_POINT('',(14.789463122003,-4.115044247788,
    30.245609400558));
#7072 = VECTOR('',#7073,1.);
#7073 = DIRECTION('',(-0.979113643775,4.741647352493E-02,-0.197707234598
    ));
#7074 = ORIENTED_EDGE('',*,*,#7075,.F.);
#7075 = EDGE_CURVE('',#7068,#7068,#7076,.T.);
#7076 = CIRCLE('',#7077,0.2);
#7077 = AXIS2_PLACEMENT_3D('',#7078,#7079,#7080);
#7078 = CARTESIAN_POINT('',(13.236202496091,-4.03982300885,
    29.731967705427));
#7079 = DIRECTION('',(6.071532165919E-18,1.,-2.775557561563E-17));
#7080 = DIRECTION('',(-1.665334536938E-16,2.775557561563E-17,1.));
#7081 = ORIENTED_EDGE('',*,*,#7067,.F.);
#7082 = ORIENTED_EDGE('',*,*,#7047,.T.);
#7083 = SURFACE_OF_LINEAR_EXTRUSION('',#7084,#7089);
#7084 = CIRCLE('',#7085,0.2);
#7085 = AXIS2_PLACEMENT_3D('',#7086,#7087,#7088);
#7086 = CARTESIAN_POINT('',(14.789463122003,-4.115044247788,
    30.045609400558));
#7087 = DIRECTION('',(6.071532165919E-18,1.,-2.775557561563E-17));
#7088 = DIRECTION('',(-1.665334536938E-16,2.775557561563E-17,1.));
#7089 = VECTOR('',#7090,1.);
#7090 = DIRECTION('',(-0.979113643775,4.741647352493E-02,-0.197707234598
    ));
#7091 = ADVANCED_FACE('',(#7092),#7111,.T.);
#7092 = FACE_BOUND('',#7093,.T.);
#7093 = EDGE_LOOP('',(#7094,#7102,#7109,#7110));
#7094 = ORIENTED_EDGE('',*,*,#7095,.T.);
#7095 = EDGE_CURVE('',#7068,#7096,#7098,.T.);
#7096 = VERTEX_POINT('',#7097);
#7097 = CARTESIAN_POINT('',(11.856606308513,-3.964601769912,
    29.152413958623));
#7098 = LINE('',#7099,#7100);
#7099 = CARTESIAN_POINT('',(13.236202496091,-4.03982300885,
    29.931967705427));
#7100 = VECTOR('',#7101,1.);
#7101 = DIRECTION('',(-0.86964249761,4.741647352493E-02,-0.491399638166)
  );
#7102 = ORIENTED_EDGE('',*,*,#7103,.F.);
#7103 = EDGE_CURVE('',#7096,#7096,#7104,.T.);
#7104 = CIRCLE('',#7105,0.2);
#7105 = AXIS2_PLACEMENT_3D('',#7106,#7107,#7108);
#7106 = CARTESIAN_POINT('',(11.856606308513,-3.964601769912,
    28.952413958623));
#7107 = DIRECTION('',(1.127570259385E-17,1.,-2.775557561563E-17));
#7108 = DIRECTION('',(-1.665334536938E-16,2.775557561563E-17,1.));
#7109 = ORIENTED_EDGE('',*,*,#7095,.F.);
#7110 = ORIENTED_EDGE('',*,*,#7075,.T.);
#7111 = SURFACE_OF_LINEAR_EXTRUSION('',#7112,#7117);
#7112 = CIRCLE('',#7113,0.2);
#7113 = AXIS2_PLACEMENT_3D('',#7114,#7115,#7116);
#7114 = CARTESIAN_POINT('',(13.236202496091,-4.03982300885,
    29.731967705427));
#7115 = DIRECTION('',(1.127570259385E-17,1.,-2.775557561563E-17));
#7116 = DIRECTION('',(-1.665334536938E-16,2.775557561563E-17,1.));
#7117 = VECTOR('',#7118,1.);
#7118 = DIRECTION('',(-0.86964249761,4.741647352493E-02,-0.491399638166)
  );
#7119 = ADVANCED_FACE('',(#7120),#7139,.T.);
#7120 = FACE_BOUND('',#7121,.T.);
#7121 = EDGE_LOOP('',(#7122,#7130,#7137,#7138));
#7122 = ORIENTED_EDGE('',*,*,#7123,.T.);
#7123 = EDGE_CURVE('',#7096,#7124,#7126,.T.);
#7124 = VERTEX_POINT('',#7125);
#7125 = CARTESIAN_POINT('',(10.786510332092,-3.889380530973,
    27.98370343579));
#7126 = LINE('',#7127,#7128);
#7127 = CARTESIAN_POINT('',(11.856606308513,-3.964601769912,
    29.152413958623));
#7128 = VECTOR('',#7129,1.);
#7129 = DIRECTION('',(-0.674545889585,4.741647352493E-02,-0.73670857256)
  );
#7130 = ORIENTED_EDGE('',*,*,#7131,.F.);
#7131 = EDGE_CURVE('',#7124,#7124,#7132,.T.);
#7132 = CIRCLE('',#7133,0.2);
#7133 = AXIS2_PLACEMENT_3D('',#7134,#7135,#7136);
#7134 = CARTESIAN_POINT('',(10.786510332092,-3.889380530973,
    27.78370343579));
#7135 = DIRECTION('',(1.214306433184E-17,1.,-2.775557561563E-17));
#7136 = DIRECTION('',(-1.110223024625E-16,2.775557561563E-17,1.));
#7137 = ORIENTED_EDGE('',*,*,#7123,.F.);
#7138 = ORIENTED_EDGE('',*,*,#7103,.T.);
#7139 = SURFACE_OF_LINEAR_EXTRUSION('',#7140,#7145);
#7140 = CIRCLE('',#7141,0.2);
#7141 = AXIS2_PLACEMENT_3D('',#7142,#7143,#7144);
#7142 = CARTESIAN_POINT('',(11.856606308513,-3.964601769912,
    28.952413958623));
#7143 = DIRECTION('',(1.214306433184E-17,1.,-2.775557561563E-17));
#7144 = DIRECTION('',(-1.110223024625E-16,2.775557561563E-17,1.));
#7145 = VECTOR('',#7146,1.);
#7146 = DIRECTION('',(-0.674545889585,4.741647352493E-02,-0.73670857256)
  );
#7147 = ADVANCED_FACE('',(#7148),#7167,.T.);
#7148 = FACE_BOUND('',#7149,.T.);
#7149 = EDGE_LOOP('',(#7150,#7158,#7165,#7166));
#7150 = ORIENTED_EDGE('',*,*,#7151,.T.);
#7151 = EDGE_CURVE('',#7124,#7152,#7154,.T.);
#7152 = VERTEX_POINT('',#7153);
#7153 = CARTESIAN_POINT('',(10.131276784597,-3.814159292035,
    26.540907995275));
#7154 = LINE('',#7155,#7156);
#7155 = CARTESIAN_POINT('',(10.786510332092,-3.889380530973,
    27.98370343579));
#7156 = VECTOR('',#7157,1.);
#7157 = DIRECTION('',(-0.41303313527,4.741647352493E-02,-0.909480789906)
  );
#7158 = ORIENTED_EDGE('',*,*,#7159,.F.);
#7159 = EDGE_CURVE('',#7152,#7152,#7160,.T.);
#7160 = CIRCLE('',#7161,0.2);
#7161 = AXIS2_PLACEMENT_3D('',#7162,#7163,#7164);
#7162 = CARTESIAN_POINT('',(10.131276784597,-3.814159292035,
    26.340907995275));
#7163 = DIRECTION('',(2.168404344971E-17,1.,-4.163336342344E-17));
#7164 = DIRECTION('',(-1.942890293094E-16,4.163336342344E-17,1.));
#7165 = ORIENTED_EDGE('',*,*,#7151,.F.);
#7166 = ORIENTED_EDGE('',*,*,#7131,.T.);
#7167 = SURFACE_OF_LINEAR_EXTRUSION('',#7168,#7173);
#7168 = CIRCLE('',#7169,0.2);
#7169 = AXIS2_PLACEMENT_3D('',#7170,#7171,#7172);
#7170 = CARTESIAN_POINT('',(10.786510332092,-3.889380530973,
    27.78370343579));
#7171 = DIRECTION('',(2.168404344971E-17,1.,-4.163336342344E-17));
#7172 = DIRECTION('',(-1.942890293094E-16,4.163336342344E-17,1.));
#7173 = VECTOR('',#7174,1.);
#7174 = DIRECTION('',(-0.41303313527,4.741647352493E-02,-0.909480789906)
  );
#7175 = ADVANCED_FACE('',(#7176),#7195,.T.);
#7176 = FACE_BOUND('',#7177,.T.);
#7177 = EDGE_LOOP('',(#7178,#7186,#7193,#7194));
#7178 = ORIENTED_EDGE('',*,*,#7179,.T.);
#7179 = EDGE_CURVE('',#7152,#7180,#7182,.T.);
#7180 = VERTEX_POINT('',#7181);
#7181 = CARTESIAN_POINT('',(9.955420308866,-3.738938053097,
    24.966086041885));
#7182 = LINE('',#7183,#7184);
#7183 = CARTESIAN_POINT('',(10.131276784597,-3.814159292035,
    26.540907995275));
#7184 = VECTOR('',#7185,1.);
#7185 = DIRECTION('',(-0.110852919247,4.741647352493E-02,-0.992705045989
    ));
#7186 = ORIENTED_EDGE('',*,*,#7187,.F.);
#7187 = EDGE_CURVE('',#7180,#7180,#7188,.T.);
#7188 = CIRCLE('',#7189,0.2);
#7189 = AXIS2_PLACEMENT_3D('',#7190,#7191,#7192);
#7190 = CARTESIAN_POINT('',(9.955420308866,-3.738938053097,
    24.766086041885));
#7191 = DIRECTION('',(2.602085213965E-17,1.,-7.632783294298E-17));
#7192 = DIRECTION('',(-2.775557561563E-16,7.632783294298E-17,1.));
#7193 = ORIENTED_EDGE('',*,*,#7179,.F.);
#7194 = ORIENTED_EDGE('',*,*,#7159,.T.);
#7195 = SURFACE_OF_LINEAR_EXTRUSION('',#7196,#7201);
#7196 = CIRCLE('',#7197,0.2);
#7197 = AXIS2_PLACEMENT_3D('',#7198,#7199,#7200);
#7198 = CARTESIAN_POINT('',(10.131276784597,-3.814159292035,
    26.340907995275));
#7199 = DIRECTION('',(2.602085213965E-17,1.,-7.632783294298E-17));
#7200 = DIRECTION('',(-2.775557561563E-16,7.632783294298E-17,1.));
#7201 = VECTOR('',#7202,1.);
#7202 = DIRECTION('',(-0.110852919247,4.741647352493E-02,-0.992705045989
    ));
#7203 = ADVANCED_FACE('',(#7204),#7223,.T.);
#7204 = FACE_BOUND('',#7205,.T.);
#7205 = EDGE_LOOP('',(#7206,#7214,#7221,#7222));
#7206 = ORIENTED_EDGE('',*,*,#7207,.T.);
#7207 = EDGE_CURVE('',#7180,#7208,#7210,.T.);
#7208 = VERTEX_POINT('',#7209);
#7209 = CARTESIAN_POINT('',(10.276255826833,-3.663716814159,
    23.414295380956));
#7210 = LINE('',#7211,#7212);
#7211 = CARTESIAN_POINT('',(9.955420308866,-3.738938053097,
    24.966086041885));
#7212 = VECTOR('',#7213,1.);
#7213 = DIRECTION('',(0.202241934038,4.741647352493E-02,-0.978187036387)
  );
#7214 = ORIENTED_EDGE('',*,*,#7215,.F.);
#7215 = EDGE_CURVE('',#7208,#7208,#7216,.T.);
#7216 = CIRCLE('',#7217,0.2);
#7217 = AXIS2_PLACEMENT_3D('',#7218,#7219,#7220);
#7218 = CARTESIAN_POINT('',(10.276255826833,-3.663716814159,
    23.214295380956));
#7219 = DIRECTION('',(2.688821387764E-17,1.,-6.245004513517E-17));
#7220 = DIRECTION('',(-2.775557561563E-16,6.245004513517E-17,1.));
#7221 = ORIENTED_EDGE('',*,*,#7207,.F.);
#7222 = ORIENTED_EDGE('',*,*,#7187,.T.);
#7223 = SURFACE_OF_LINEAR_EXTRUSION('',#7224,#7229);
#7224 = CIRCLE('',#7225,0.2);
#7225 = AXIS2_PLACEMENT_3D('',#7226,#7227,#7228);
#7226 = CARTESIAN_POINT('',(9.955420308866,-3.738938053097,
    24.766086041885));
#7227 = DIRECTION('',(2.688821387764E-17,1.,-6.245004513517E-17));
#7228 = DIRECTION('',(-2.775557561563E-16,6.245004513517E-17,1.));
#7229 = VECTOR('',#7230,1.);
#7230 = DIRECTION('',(0.202241934038,4.741647352493E-02,-0.978187036387)
  );
#7231 = ADVANCED_FACE('',(#7232),#7251,.T.);
#7232 = FACE_BOUND('',#7233,.T.);
#7233 = EDGE_LOOP('',(#7234,#7242,#7249,#7250));
#7234 = ORIENTED_EDGE('',*,*,#7235,.T.);
#7235 = EDGE_CURVE('',#7208,#7236,#7238,.T.);
#7236 = VERTEX_POINT('',#7237);
#7237 = CARTESIAN_POINT('',(11.062193703122,-3.588495575221,
    22.038326144545));
#7238 = LINE('',#7239,#7240);
#7239 = CARTESIAN_POINT('',(10.276255826833,-3.663716814159,
    23.414295380956));
#7240 = VECTOR('',#7241,1.);
#7241 = DIRECTION('',(0.495423939161,4.741647352493E-02,-0.867356212029)
  );
#7242 = ORIENTED_EDGE('',*,*,#7243,.F.);
#7243 = EDGE_CURVE('',#7236,#7236,#7244,.T.);
#7244 = CIRCLE('',#7245,0.2);
#7245 = AXIS2_PLACEMENT_3D('',#7246,#7247,#7248);
#7246 = CARTESIAN_POINT('',(11.062193703122,-3.588495575221,
    21.838326144545));
#7247 = DIRECTION('',(3.122502256758E-17,1.,-6.938893903907E-17));
#7248 = DIRECTION('',(-2.775557561563E-16,6.938893903907E-17,1.));
#7249 = ORIENTED_EDGE('',*,*,#7235,.F.);
#7250 = ORIENTED_EDGE('',*,*,#7215,.T.);
#7251 = SURFACE_OF_LINEAR_EXTRUSION('',#7252,#7257);
#7252 = CIRCLE('',#7253,0.2);
#7253 = AXIS2_PLACEMENT_3D('',#7254,#7255,#7256);
#7254 = CARTESIAN_POINT('',(10.276255826833,-3.663716814159,
    23.214295380956));
#7255 = DIRECTION('',(3.122502256758E-17,1.,-6.938893903907E-17));
#7256 = DIRECTION('',(-2.775557561563E-16,6.938893903907E-17,1.));
#7257 = VECTOR('',#7258,1.);
#7258 = DIRECTION('',(0.495423939161,4.741647352493E-02,-0.867356212029)
  );
#7259 = ADVANCED_FACE('',(#7260),#7279,.T.);
#7260 = FACE_BOUND('',#7261,.T.);
#7261 = EDGE_LOOP('',(#7262,#7270,#7277,#7278));
#7262 = ORIENTED_EDGE('',*,*,#7263,.T.);
#7263 = EDGE_CURVE('',#7236,#7264,#7266,.T.);
#7264 = VERTEX_POINT('',#7265);
#7265 = CARTESIAN_POINT('',(12.235850077312,-3.513274336283,
    20.973656993936));
#7266 = LINE('',#7267,#7268);
#7267 = CARTESIAN_POINT('',(11.062193703122,-3.588495575221,
    22.038326144545));
#7268 = VECTOR('',#7269,1.);
#7269 = DIRECTION('',(0.739826240299,4.741647352493E-02,-0.671125034702)
  );
#7270 = ORIENTED_EDGE('',*,*,#7271,.F.);
#7271 = EDGE_CURVE('',#7264,#7264,#7272,.T.);
#7272 = CIRCLE('',#7273,0.2);
#7273 = AXIS2_PLACEMENT_3D('',#7274,#7275,#7276);
#7274 = CARTESIAN_POINT('',(12.235850077312,-3.513274336283,
    20.773656993936));
#7275 = DIRECTION('',(2.428612866368E-17,1.,-6.245004513517E-17));
#7276 = DIRECTION('',(-2.22044604925E-16,6.245004513517E-17,1.));
#7277 = ORIENTED_EDGE('',*,*,#7263,.F.);
#7278 = ORIENTED_EDGE('',*,*,#7243,.T.);
#7279 = SURFACE_OF_LINEAR_EXTRUSION('',#7280,#7285);
#7280 = CIRCLE('',#7281,0.2);
#7281 = AXIS2_PLACEMENT_3D('',#7282,#7283,#7284);
#7282 = CARTESIAN_POINT('',(11.062193703122,-3.588495575221,
    21.838326144545));
#7283 = DIRECTION('',(2.428612866368E-17,1.,-6.245004513517E-17));
#7284 = DIRECTION('',(-2.22044604925E-16,6.245004513517E-17,1.));
#7285 = VECTOR('',#7286,1.);
#7286 = DIRECTION('',(0.739826240299,4.741647352493E-02,-0.671125034702)
  );
#7287 = ADVANCED_FACE('',(#7288),#7307,.T.);
#7288 = FACE_BOUND('',#7289,.T.);
#7289 = EDGE_LOOP('',(#7290,#7298,#7305,#7306));
#7290 = ORIENTED_EDGE('',*,*,#7291,.T.);
#7291 = EDGE_CURVE('',#7264,#7292,#7294,.T.);
#7292 = VERTEX_POINT('',#7293);
#7293 = CARTESIAN_POINT('',(13.681666119906,-3.438053097345,
    20.325115818751));
#7294 = LINE('',#7295,#7296);
#7295 = CARTESIAN_POINT('',(12.235850077312,-3.513274336283,
    20.973656993936));
#7296 = VECTOR('',#7297,1.);
#7297 = DIRECTION('',(0.911384857168,4.741647352493E-02,-0.408814530273)
  );
#7298 = ORIENTED_EDGE('',*,*,#7299,.F.);
#7299 = EDGE_CURVE('',#7292,#7292,#7300,.T.);
#7300 = CIRCLE('',#7301,0.2);
#7301 = AXIS2_PLACEMENT_3D('',#7302,#7303,#7304);
#7302 = CARTESIAN_POINT('',(13.681666119906,-3.438053097345,
    20.125115818751));
#7303 = DIRECTION('',(1.821459649776E-17,1.,-6.938893903907E-17));
#7304 = DIRECTION('',(-3.330669073875E-16,6.938893903907E-17,1.));
#7305 = ORIENTED_EDGE('',*,*,#7291,.F.);
#7306 = ORIENTED_EDGE('',*,*,#7271,.T.);
#7307 = SURFACE_OF_LINEAR_EXTRUSION('',#7308,#7313);
#7308 = CIRCLE('',#7309,0.2);
#7309 = AXIS2_PLACEMENT_3D('',#7310,#7311,#7312);
#7310 = CARTESIAN_POINT('',(12.235850077312,-3.513274336283,
    20.773656993936));
#7311 = DIRECTION('',(1.821459649776E-17,1.,-6.938893903907E-17));
#7312 = DIRECTION('',(-3.330669073875E-16,6.938893903907E-17,1.));
#7313 = VECTOR('',#7314,1.);
#7314 = DIRECTION('',(0.911384857168,4.741647352493E-02,-0.408814530273)
  );
#7315 = ADVANCED_FACE('',(#7316),#7335,.T.);
#7316 = FACE_BOUND('',#7317,.T.);
#7317 = EDGE_LOOP('',(#7318,#7326,#7333,#7334));
#7318 = ORIENTED_EDGE('',*,*,#7319,.T.);
#7319 = EDGE_CURVE('',#7292,#7320,#7322,.T.);
#7320 = VERTEX_POINT('',#7321);
#7321 = CARTESIAN_POINT('',(15.257286016013,-3.362831858407,
    20.156558327296));
#7322 = LINE('',#7323,#7324);
#7323 = CARTESIAN_POINT('',(13.681666119906,-3.438053097345,
    20.325115818751));
#7324 = VECTOR('',#7325,1.);
#7325 = DIRECTION('',(0.993208037302,4.741647352493E-02,-0.106251930223)
  );
#7326 = ORIENTED_EDGE('',*,*,#7327,.F.);
#7327 = EDGE_CURVE('',#7320,#7320,#7328,.T.);
#7328 = CIRCLE('',#7329,0.2);
#7329 = AXIS2_PLACEMENT_3D('',#7330,#7331,#7332);
#7330 = CARTESIAN_POINT('',(15.257286016013,-3.362831858407,
    19.956558327296));
#7331 = DIRECTION('',(1.821459649776E-17,1.,-6.938893903907E-17));
#7332 = DIRECTION('',(-3.330669073875E-16,6.938893903907E-17,1.));
#7333 = ORIENTED_EDGE('',*,*,#7319,.F.);
#7334 = ORIENTED_EDGE('',*,*,#7299,.T.);
#7335 = SURFACE_OF_LINEAR_EXTRUSION('',#7336,#7341);
#7336 = CIRCLE('',#7337,0.2);
#7337 = AXIS2_PLACEMENT_3D('',#7338,#7339,#7340);
#7338 = CARTESIAN_POINT('',(13.681666119906,-3.438053097345,
    20.125115818751));
#7339 = DIRECTION('',(1.821459649776E-17,1.,-6.938893903907E-17));
#7340 = DIRECTION('',(-3.330669073875E-16,6.938893903907E-17,1.));
#7341 = VECTOR('',#7342,1.);
#7342 = DIRECTION('',(0.993208037302,4.741647352493E-02,-0.106251930223)
  );
#7343 = ADVANCED_FACE('',(#7344),#7363,.T.);
#7344 = FACE_BOUND('',#7345,.T.);
#7345 = EDGE_LOOP('',(#7346,#7354,#7361,#7362));
#7346 = ORIENTED_EDGE('',*,*,#7347,.T.);
#7347 = EDGE_CURVE('',#7320,#7348,#7350,.T.);
#7348 = VERTEX_POINT('',#7349);
#7349 = CARTESIAN_POINT('',(16.807573394435,-3.287610619469,
    20.484580779641));
#7350 = LINE('',#7351,#7352);
#7351 = CARTESIAN_POINT('',(15.257286016013,-3.362831858407,
    20.156558327296));
#7352 = VECTOR('',#7353,1.);
#7353 = DIRECTION('',(0.977239426959,4.741647352493E-02,0.206772291267)
  );
#7354 = ORIENTED_EDGE('',*,*,#7355,.F.);
#7355 = EDGE_CURVE('',#7348,#7348,#7356,.T.);
#7356 = CIRCLE('',#7357,0.2);
#7357 = AXIS2_PLACEMENT_3D('',#7358,#7359,#7360);
#7358 = CARTESIAN_POINT('',(16.807573394435,-3.287610619469,
    20.284580779641));
#7359 = DIRECTION('',(2.775557561563E-17,1.,-6.938893903907E-17));
#7360 = DIRECTION('',(-3.330669073875E-16,6.938893903907E-17,1.));
#7361 = ORIENTED_EDGE('',*,*,#7347,.F.);
#7362 = ORIENTED_EDGE('',*,*,#7327,.T.);
#7363 = SURFACE_OF_LINEAR_EXTRUSION('',#7364,#7369);
#7364 = CIRCLE('',#7365,0.2);
#7365 = AXIS2_PLACEMENT_3D('',#7366,#7367,#7368);
#7366 = CARTESIAN_POINT('',(15.257286016013,-3.362831858407,
    19.956558327296));
#7367 = DIRECTION('',(2.775557561563E-17,1.,-6.938893903907E-17));
#7368 = DIRECTION('',(-3.330669073875E-16,6.938893903907E-17,1.));
#7369 = VECTOR('',#7370,1.);
#7370 = DIRECTION('',(0.977239426959,4.741647352493E-02,0.206772291267)
  );
#7371 = ADVANCED_FACE('',(#7372),#7391,.T.);
#7372 = FACE_BOUND('',#7373,.T.);
#7373 = EDGE_LOOP('',(#7374,#7382,#7389,#7390));
#7374 = ORIENTED_EDGE('',*,*,#7375,.T.);
#7375 = EDGE_CURVE('',#7348,#7376,#7378,.T.);
#7376 = VERTEX_POINT('',#7377);
#7377 = CARTESIAN_POINT('',(18.179886137107,-3.212389380531,
    21.276885911035));
#7378 = LINE('',#7379,#7380);
#7379 = CARTESIAN_POINT('',(16.807573394435,-3.287610619469,
    20.484580779641));
#7380 = VECTOR('',#7381,1.);
#7381 = DIRECTION('',(0.865051303987,4.741647352493E-02,0.499437603219)
  );
#7382 = ORIENTED_EDGE('',*,*,#7383,.F.);
#7383 = EDGE_CURVE('',#7376,#7376,#7384,.T.);
#7384 = CIRCLE('',#7385,0.2);
#7385 = AXIS2_PLACEMENT_3D('',#7386,#7387,#7388);
#7386 = CARTESIAN_POINT('',(18.179886137107,-3.212389380531,
    21.076885911035));
#7387 = DIRECTION('',(2.775557561563E-17,1.,-8.326672684689E-17));
#7388 = DIRECTION('',(-3.053113317719E-16,8.326672684689E-17,1.));
#7389 = ORIENTED_EDGE('',*,*,#7375,.F.);
#7390 = ORIENTED_EDGE('',*,*,#7355,.T.);
#7391 = SURFACE_OF_LINEAR_EXTRUSION('',#7392,#7397);
#7392 = CIRCLE('',#7393,0.2);
#7393 = AXIS2_PLACEMENT_3D('',#7394,#7395,#7396);
#7394 = CARTESIAN_POINT('',(16.807573394435,-3.287610619469,
    20.284580779641));
#7395 = DIRECTION('',(2.775557561563E-17,1.,-8.326672684689E-17));
#7396 = DIRECTION('',(-3.053113317719E-16,8.326672684689E-17,1.));
#7397 = VECTOR('',#7398,1.);
#7398 = DIRECTION('',(0.865051303987,4.741647352493E-02,0.499437603219)
  );
#7399 = ADVANCED_FACE('',(#7400),#7419,.T.);
#7400 = FACE_BOUND('',#7401,.T.);
#7401 = EDGE_LOOP('',(#7402,#7410,#7417,#7418));
#7402 = ORIENTED_EDGE('',*,*,#7403,.T.);
#7403 = EDGE_CURVE('',#7376,#7404,#7406,.T.);
#7404 = VERTEX_POINT('',#7405);
#7405 = CARTESIAN_POINT('',(19.23910560306,-3.137168141593,
    22.455462937742));
#7406 = LINE('',#7407,#7408);
#7407 = CARTESIAN_POINT('',(18.179886137107,-3.212389380531,
    21.276885911035));
#7408 = VECTOR('',#7409,1.);
#7409 = DIRECTION('',(0.667689770515,4.741647352493E-02,0.742928023692)
  );
#7410 = ORIENTED_EDGE('',*,*,#7411,.F.);
#7411 = EDGE_CURVE('',#7404,#7404,#7412,.T.);
#7412 = CIRCLE('',#7413,0.2);
#7413 = AXIS2_PLACEMENT_3D('',#7414,#7415,#7416);
#7414 = CARTESIAN_POINT('',(19.23910560306,-3.137168141593,
    22.255462937742));
#7415 = DIRECTION('',(3.469446951954E-17,1.,-6.938893903907E-17));
#7416 = DIRECTION('',(-2.775557561563E-16,6.938893903907E-17,1.));
#7417 = ORIENTED_EDGE('',*,*,#7403,.F.);
#7418 = ORIENTED_EDGE('',*,*,#7383,.T.);
#7419 = SURFACE_OF_LINEAR_EXTRUSION('',#7420,#7425);
#7420 = CIRCLE('',#7421,0.2);
#7421 = AXIS2_PLACEMENT_3D('',#7422,#7423,#7424);
#7422 = CARTESIAN_POINT('',(18.179886137107,-3.212389380531,
    21.076885911035));
#7423 = DIRECTION('',(3.469446951954E-17,1.,-6.938893903907E-17));
#7424 = DIRECTION('',(-2.775557561563E-16,6.938893903907E-17,1.));
#7425 = VECTOR('',#7426,1.);
#7426 = DIRECTION('',(0.667689770515,4.741647352493E-02,0.742928023692)
  );
#7427 = ADVANCED_FACE('',(#7428),#7447,.T.);
#7428 = FACE_BOUND('',#7429,.T.);
#7429 = EDGE_LOOP('',(#7430,#7438,#7445,#7446));
#7430 = ORIENTED_EDGE('',*,*,#7431,.T.);
#7431 = EDGE_CURVE('',#7404,#7432,#7434,.T.);
#7432 = VERTEX_POINT('',#7433);
#7433 = CARTESIAN_POINT('',(19.880940481516,-3.061946902655,
    23.904268540206));
#7434 = LINE('',#7435,#7436);
#7435 = CARTESIAN_POINT('',(19.23910560306,-3.137168141593,
    22.455462937742));
#7436 = VECTOR('',#7437,1.);
#7437 = DIRECTION('',(0.404587147877,4.741647352493E-02,0.913269356659)
  );
#7438 = ORIENTED_EDGE('',*,*,#7439,.F.);
#7439 = EDGE_CURVE('',#7432,#7432,#7440,.T.);
#7440 = CIRCLE('',#7441,0.2);
#7441 = AXIS2_PLACEMENT_3D('',#7442,#7443,#7444);
#7442 = CARTESIAN_POINT('',(19.880940481516,-3.061946902655,
    23.704268540206));
#7443 = DIRECTION('',(3.642919299551E-17,1.,-5.551115123126E-17));
#7444 = DIRECTION('',(-1.665334536938E-16,5.551115123126E-17,1.));
#7445 = ORIENTED_EDGE('',*,*,#7431,.F.);
#7446 = ORIENTED_EDGE('',*,*,#7411,.T.);
#7447 = SURFACE_OF_LINEAR_EXTRUSION('',#7448,#7453);
#7448 = CIRCLE('',#7449,0.2);
#7449 = AXIS2_PLACEMENT_3D('',#7450,#7451,#7452);
#7450 = CARTESIAN_POINT('',(19.23910560306,-3.137168141593,
    22.255462937742));
#7451 = DIRECTION('',(3.642919299551E-17,1.,-5.551115123126E-17));
#7452 = DIRECTION('',(-1.665334536938E-16,5.551115123126E-17,1.));
#7453 = VECTOR('',#7454,1.);
#7454 = DIRECTION('',(0.404587147877,4.741647352493E-02,0.913269356659)
  );
#7455 = ADVANCED_FACE('',(#7456),#7475,.T.);
#7456 = FACE_BOUND('',#7457,.T.);
#7457 = EDGE_LOOP('',(#7458,#7466,#7473,#7474));
#7458 = ORIENTED_EDGE('',*,*,#7459,.T.);
#7459 = EDGE_CURVE('',#7432,#7460,#7462,.T.);
#7460 = VERTEX_POINT('',#7461);
#7461 = CARTESIAN_POINT('',(20.042195369702,-2.986725663717,
    25.480652549885));
#7462 = LINE('',#7463,#7464);
#7463 = CARTESIAN_POINT('',(19.880940481516,-3.061946902655,
    23.904268540206));
#7464 = VECTOR('',#7465,1.);
#7465 = DIRECTION('',(0.101648659931,4.741647352493E-02,0.993689704069)
  );
#7466 = ORIENTED_EDGE('',*,*,#7467,.F.);
#7467 = EDGE_CURVE('',#7460,#7460,#7468,.T.);
#7468 = CIRCLE('',#7469,0.2);
#7469 = AXIS2_PLACEMENT_3D('',#7470,#7471,#7472);
#7470 = CARTESIAN_POINT('',(20.042195369702,-2.986725663717,
    25.280652549885));
#7471 = DIRECTION('',(4.336808689942E-17,1.,-7.632783294298E-17));
#7472 = DIRECTION('',(-8.326672684689E-17,7.632783294298E-17,1.));
#7473 = ORIENTED_EDGE('',*,*,#7459,.F.);
#7474 = ORIENTED_EDGE('',*,*,#7439,.T.);
#7475 = SURFACE_OF_LINEAR_EXTRUSION('',#7476,#7481);
#7476 = CIRCLE('',#7477,0.2);
#7477 = AXIS2_PLACEMENT_3D('',#7478,#7479,#7480);
#7478 = CARTESIAN_POINT('',(19.880940481516,-3.061946902655,
    23.704268540206));
#7479 = DIRECTION('',(4.336808689942E-17,1.,-7.632783294298E-17));
#7480 = DIRECTION('',(-8.326672684689E-17,7.632783294298E-17,1.));
#7481 = VECTOR('',#7482,1.);
#7482 = DIRECTION('',(0.101648659931,4.741647352493E-02,0.993689704069)
  );
#7483 = ADVANCED_FACE('',(#7484),#7503,.T.);
#7484 = FACE_BOUND('',#7485,.T.);
#7485 = EDGE_LOOP('',(#7486,#7494,#7501,#7502));
#7486 = ORIENTED_EDGE('',*,*,#7487,.T.);
#7487 = EDGE_CURVE('',#7460,#7488,#7490,.T.);
#7488 = VERTEX_POINT('',#7489);
#7489 = CARTESIAN_POINT('',(19.706993025744,-2.911504424779,
    27.029403360551));
#7490 = LINE('',#7491,#7492);
#7491 = CARTESIAN_POINT('',(20.042195369702,-2.986725663717,
    25.480652549885));
#7492 = VECTOR('',#7493,1.);
#7493 = DIRECTION('',(-0.211298209019,4.741647352493E-02,0.976270835836)
  );
#7494 = ORIENTED_EDGE('',*,*,#7495,.F.);
#7495 = EDGE_CURVE('',#7488,#7488,#7496,.T.);
#7496 = CIRCLE('',#7497,0.2);
#7497 = AXIS2_PLACEMENT_3D('',#7498,#7499,#7500);
#7498 = CARTESIAN_POINT('',(19.706993025744,-2.911504424779,
    26.829403360551));
#7499 = DIRECTION('',(3.989863994747E-17,1.,-8.326672684689E-17));
#7500 = DIRECTION('',(-1.942890293094E-16,8.326672684689E-17,1.));
#7501 = ORIENTED_EDGE('',*,*,#7487,.F.);
#7502 = ORIENTED_EDGE('',*,*,#7467,.T.);
#7503 = SURFACE_OF_LINEAR_EXTRUSION('',#7504,#7509);
#7504 = CIRCLE('',#7505,0.2);
#7505 = AXIS2_PLACEMENT_3D('',#7506,#7507,#7508);
#7506 = CARTESIAN_POINT('',(20.042195369702,-2.986725663717,
    25.280652549885));
#7507 = DIRECTION('',(3.989863994747E-17,1.,-8.326672684689E-17));
#7508 = DIRECTION('',(-1.942890293094E-16,8.326672684689E-17,1.));
#7509 = VECTOR('',#7510,1.);
#7510 = DIRECTION('',(-0.211298209019,4.741647352493E-02,0.976270835836)
  );
#7511 = ADVANCED_FACE('',(#7512),#7531,.T.);
#7512 = FACE_BOUND('',#7513,.T.);
#7513 = EDGE_LOOP('',(#7514,#7522,#7529,#7530));
#7514 = ORIENTED_EDGE('',*,*,#7515,.T.);
#7515 = EDGE_CURVE('',#7488,#7516,#7518,.T.);
#7516 = VERTEX_POINT('',#7517);
#7517 = CARTESIAN_POINT('',(18.90833765033,-2.836283185841,
    28.398030145419));
#7518 = LINE('',#7519,#7520);
#7519 = CARTESIAN_POINT('',(19.706993025744,-2.911504424779,
    27.029403360551));
#7520 = VECTOR('',#7521,1.);
#7521 = DIRECTION('',(-0.503440544166,4.741647352493E-02,0.862727822971)
  );
#7522 = ORIENTED_EDGE('',*,*,#7523,.F.);
#7523 = EDGE_CURVE('',#7516,#7516,#7524,.T.);
#7524 = CIRCLE('',#7525,0.2);
#7525 = AXIS2_PLACEMENT_3D('',#7526,#7527,#7528);
#7526 = CARTESIAN_POINT('',(18.90833765033,-2.836283185841,
    28.198030145419));
#7527 = DIRECTION('',(4.423544863741E-17,1.,-8.326672684689E-17));
#7528 = DIRECTION('',(-1.665334536938E-16,8.326672684689E-17,1.));
#7529 = ORIENTED_EDGE('',*,*,#7515,.F.);
#7530 = ORIENTED_EDGE('',*,*,#7495,.T.);
#7531 = SURFACE_OF_LINEAR_EXTRUSION('',#7532,#7537);
#7532 = CIRCLE('',#7533,0.2);
#7533 = AXIS2_PLACEMENT_3D('',#7534,#7535,#7536);
#7534 = CARTESIAN_POINT('',(19.706993025744,-2.911504424779,
    26.829403360551));
#7535 = DIRECTION('',(4.423544863741E-17,1.,-8.326672684689E-17));
#7536 = DIRECTION('',(-1.665334536938E-16,8.326672684689E-17,1.));
#7537 = VECTOR('',#7538,1.);
#7538 = DIRECTION('',(-0.503440544166,4.741647352493E-02,0.862727822971)
  );
#7539 = ADVANCED_FACE('',(#7540),#7559,.T.);
#7540 = FACE_BOUND('',#7541,.T.);
#7541 = EDGE_LOOP('',(#7542,#7550,#7557,#7558));
#7542 = ORIENTED_EDGE('',*,*,#7543,.T.);
#7543 = EDGE_CURVE('',#7516,#7544,#7546,.T.);
#7544 = VERTEX_POINT('',#7545);
#7545 = CARTESIAN_POINT('',(17.724865275594,-2.761061946903,
    29.451777184879));
#7546 = LINE('',#7547,#7548);
#7547 = CARTESIAN_POINT('',(18.90833765033,-2.836283185841,
    28.398030145419));
#7548 = VECTOR('',#7549,1.);
#7549 = DIRECTION('',(-0.746013856145,4.741647352493E-02,0.664240170781)
  );
#7550 = ORIENTED_EDGE('',*,*,#7551,.F.);
#7551 = EDGE_CURVE('',#7544,#7544,#7552,.T.);
#7552 = CIRCLE('',#7553,0.2);
#7553 = AXIS2_PLACEMENT_3D('',#7554,#7555,#7556);
#7554 = CARTESIAN_POINT('',(17.724865275594,-2.761061946903,
    29.251777184879));
#7555 = DIRECTION('',(4.770489558936E-17,1.,-9.020562075079E-17));
#7556 = DIRECTION('',(-2.22044604925E-16,9.020562075079E-17,1.));
#7557 = ORIENTED_EDGE('',*,*,#7543,.F.);
#7558 = ORIENTED_EDGE('',*,*,#7523,.T.);
#7559 = SURFACE_OF_LINEAR_EXTRUSION('',#7560,#7565);
#7560 = CIRCLE('',#7561,0.2);
#7561 = AXIS2_PLACEMENT_3D('',#7562,#7563,#7564);
#7562 = CARTESIAN_POINT('',(18.90833765033,-2.836283185841,
    28.198030145419));
#7563 = DIRECTION('',(4.770489558936E-17,1.,-9.020562075079E-17));
#7564 = DIRECTION('',(-2.22044604925E-16,9.020562075079E-17,1.));
#7565 = VECTOR('',#7566,1.);
#7566 = DIRECTION('',(-0.746013856145,4.741647352493E-02,0.664240170781)
  );
#7567 = ADVANCED_FACE('',(#7568),#7587,.T.);
#7568 = FACE_BOUND('',#7569,.T.);
#7569 = EDGE_LOOP('',(#7570,#7578,#7585,#7586));
#7570 = ORIENTED_EDGE('',*,*,#7571,.T.);
#7571 = EDGE_CURVE('',#7544,#7572,#7574,.T.);
#7572 = VERTEX_POINT('',#7573);
#7573 = CARTESIAN_POINT('',(16.273101219656,-2.685840707965,
    30.086891986172));
#7574 = LINE('',#7575,#7576);
#7575 = CARTESIAN_POINT('',(17.724865275594,-2.761061946903,
    29.451777184879));
#7576 = VECTOR('',#7577,1.);
#7577 = DIRECTION('',(-0.915134247915,4.741647352493E-02,0.400351078843)
  );
#7578 = ORIENTED_EDGE('',*,*,#7579,.F.);
#7579 = EDGE_CURVE('',#7572,#7572,#7580,.T.);
#7580 = CIRCLE('',#7581,0.2);
#7581 = AXIS2_PLACEMENT_3D('',#7582,#7583,#7584);
#7582 = CARTESIAN_POINT('',(16.273101219656,-2.685840707965,
    29.886891986172));
#7583 = DIRECTION('',(4.51028103754E-17,1.,-9.020562075079E-17));
#7584 = DIRECTION('',(-2.498001805407E-16,9.020562075079E-17,1.));
#7585 = ORIENTED_EDGE('',*,*,#7571,.F.);
#7586 = ORIENTED_EDGE('',*,*,#7551,.T.);
#7587 = SURFACE_OF_LINEAR_EXTRUSION('',#7588,#7593);
#7588 = CIRCLE('',#7589,0.2);
#7589 = AXIS2_PLACEMENT_3D('',#7590,#7591,#7592);
#7590 = CARTESIAN_POINT('',(17.724865275594,-2.761061946903,
    29.251777184879));
#7591 = DIRECTION('',(4.51028103754E-17,1.,-9.020562075079E-17));
#7592 = DIRECTION('',(-2.498001805407E-16,9.020562075079E-17,1.));
#7593 = VECTOR('',#7594,1.);
#7594 = DIRECTION('',(-0.915134247915,4.741647352493E-02,0.400351078843)
  );
#7595 = ADVANCED_FACE('',(#7596),#7615,.T.);
#7596 = FACE_BOUND('',#7597,.T.);
#7597 = EDGE_LOOP('',(#7598,#7606,#7613,#7614));
#7598 = ORIENTED_EDGE('',*,*,#7599,.T.);
#7599 = EDGE_CURVE('',#7572,#7600,#7602,.T.);
#7600 = VERTEX_POINT('',#7601);
#7601 = CARTESIAN_POINT('',(14.695986941958,-2.610619469027,
    30.240840808887));
#7602 = LINE('',#7603,#7604);
#7603 = CARTESIAN_POINT('',(16.273101219656,-2.685840707965,
    30.086891986172));
#7604 = VECTOR('',#7605,1.);
#7605 = DIRECTION('',(-0.994150035947,4.741647352493E-02,
    9.704320720479E-02));
#7606 = ORIENTED_EDGE('',*,*,#7607,.F.);
#7607 = EDGE_CURVE('',#7600,#7600,#7608,.T.);
#7608 = CIRCLE('',#7609,0.2);
#7609 = AXIS2_PLACEMENT_3D('',#7610,#7611,#7612);
#7610 = CARTESIAN_POINT('',(14.695986941958,-2.610619469027,
    30.040840808887));
#7611 = DIRECTION('',(4.423544863741E-17,1.,-8.326672684689E-17));
#7612 = DIRECTION('',(-1.942890293094E-16,8.326672684689E-17,1.));
#7613 = ORIENTED_EDGE('',*,*,#7599,.F.);
#7614 = ORIENTED_EDGE('',*,*,#7579,.T.);
#7615 = SURFACE_OF_LINEAR_EXTRUSION('',#7616,#7621);
#7616 = CIRCLE('',#7617,0.2);
#7617 = AXIS2_PLACEMENT_3D('',#7618,#7619,#7620);
#7618 = CARTESIAN_POINT('',(16.273101219656,-2.685840707965,
    29.886891986172));
#7619 = DIRECTION('',(4.423544863741E-17,1.,-8.326672684689E-17));
#7620 = DIRECTION('',(-1.942890293094E-16,8.326672684689E-17,1.));
#7621 = VECTOR('',#7622,1.);
#7622 = DIRECTION('',(-0.994150035947,4.741647352493E-02,
    9.704320720479E-02));
#7623 = ADVANCED_FACE('',(#7624),#7643,.T.);
#7624 = FACE_BOUND('',#7625,.T.);
#7625 = EDGE_LOOP('',(#7626,#7634,#7641,#7642));
#7626 = ORIENTED_EDGE('',*,*,#7627,.T.);
#7627 = EDGE_CURVE('',#7600,#7628,#7630,.T.);
#7628 = VERTEX_POINT('',#7629);
#7629 = CARTESIAN_POINT('',(13.148805951303,-2.535398230088,
    29.898465770235));
#7630 = LINE('',#7631,#7632);
#7631 = CARTESIAN_POINT('',(14.695986941958,-2.610619469027,
    30.240840808887));
#7632 = VECTOR('',#7633,1.);
#7633 = DIRECTION('',(-0.975281283815,4.741647352493E-02,-0.215819590119
    ));
#7634 = ORIENTED_EDGE('',*,*,#7635,.F.);
#7635 = EDGE_CURVE('',#7628,#7628,#7636,.T.);
#7636 = CIRCLE('',#7637,0.2);
#7637 = AXIS2_PLACEMENT_3D('',#7638,#7639,#7640);
#7638 = CARTESIAN_POINT('',(13.148805951303,-2.535398230088,
    29.698465770235));
#7639 = DIRECTION('',(5.377642775528E-17,1.,-9.020562075079E-17));
#7640 = DIRECTION('',(-1.665334536938E-16,9.020562075079E-17,1.));
#7641 = ORIENTED_EDGE('',*,*,#7627,.F.);
#7642 = ORIENTED_EDGE('',*,*,#7607,.T.);
#7643 = SURFACE_OF_LINEAR_EXTRUSION('',#7644,#7649);
#7644 = CIRCLE('',#7645,0.2);
#7645 = AXIS2_PLACEMENT_3D('',#7646,#7647,#7648);
#7646 = CARTESIAN_POINT('',(14.695986941958,-2.610619469027,
    30.040840808887));
#7647 = DIRECTION('',(5.377642775528E-17,1.,-9.020562075079E-17));
#7648 = DIRECTION('',(-1.665334536938E-16,9.020562075079E-17,1.));
#7649 = VECTOR('',#7650,1.);
#7650 = DIRECTION('',(-0.975281283815,4.741647352493E-02,-0.215819590119
    ));
#7651 = ADVANCED_FACE('',(#7652),#7671,.T.);
#7652 = FACE_BOUND('',#7653,.T.);
#7653 = EDGE_LOOP('',(#7654,#7662,#7669,#7670));
#7654 = ORIENTED_EDGE('',*,*,#7655,.T.);
#7655 = EDGE_CURVE('',#7628,#7656,#7658,.T.);
#7656 = VERTEX_POINT('',#7657);
#7657 = CARTESIAN_POINT('',(11.783894509167,-2.46017699115,
    29.09347729823));
#7658 = LINE('',#7659,#7660);
#7659 = CARTESIAN_POINT('',(13.148805951303,-2.535398230088,
    29.898465770235));
#7660 = VECTOR('',#7661,1.);
#7661 = DIRECTION('',(-0.860385818867,4.741647352493E-02,-0.507432676057
    ));
#7662 = ORIENTED_EDGE('',*,*,#7663,.F.);
#7663 = EDGE_CURVE('',#7656,#7656,#7664,.T.);
#7664 = CIRCLE('',#7665,0.2);
#7665 = AXIS2_PLACEMENT_3D('',#7666,#7667,#7668);
#7666 = CARTESIAN_POINT('',(11.783894509167,-2.46017699115,
    28.89347729823));
#7667 = DIRECTION('',(5.290906601729E-17,1.,-9.71445146547E-17));
#7668 = DIRECTION('',(-1.387778780781E-16,9.71445146547E-17,1.));
#7669 = ORIENTED_EDGE('',*,*,#7655,.F.);
#7670 = ORIENTED_EDGE('',*,*,#7635,.T.);
#7671 = SURFACE_OF_LINEAR_EXTRUSION('',#7672,#7677);
#7672 = CIRCLE('',#7673,0.2);
#7673 = AXIS2_PLACEMENT_3D('',#7674,#7675,#7676);
#7674 = CARTESIAN_POINT('',(13.148805951303,-2.535398230088,
    29.698465770235));
#7675 = DIRECTION('',(5.290906601729E-17,1.,-9.71445146547E-17));
#7676 = DIRECTION('',(-1.387778780781E-16,9.71445146547E-17,1.));
#7677 = VECTOR('',#7678,1.);
#7678 = DIRECTION('',(-0.860385818867,4.741647352493E-02,-0.507432676057
    ));
#7679 = ADVANCED_FACE('',(#7680),#7699,.T.);
#7680 = FACE_BOUND('',#7681,.T.);
#7681 = EDGE_LOOP('',(#7682,#7690,#7697,#7698));
#7682 = ORIENTED_EDGE('',*,*,#7683,.T.);
#7683 = EDGE_CURVE('',#7656,#7684,#7686,.T.);
#7684 = VERTEX_POINT('',#7685);
#7685 = CARTESIAN_POINT('',(10.735642520541,-2.384955752212,
    27.905134985058));
#7686 = LINE('',#7687,#7688);
#7687 = CARTESIAN_POINT('',(11.783894509167,-2.46017699115,
    29.09347729823));
#7688 = VECTOR('',#7689,1.);
#7689 = DIRECTION('',(-0.660776309562,4.741647352493E-02,-0.749083671402
    ));
#7690 = ORIENTED_EDGE('',*,*,#7691,.F.);
#7691 = EDGE_CURVE('',#7684,#7684,#7692,.T.);
#7692 = CIRCLE('',#7693,0.2);
#7693 = AXIS2_PLACEMENT_3D('',#7694,#7695,#7696);
#7694 = CARTESIAN_POINT('',(10.735642520541,-2.384955752212,
    27.705134985058));
#7695 = DIRECTION('',(4.770489558936E-17,1.,-1.040834085586E-16));
#7696 = DIRECTION('',(-1.110223024625E-16,1.040834085586E-16,1.));
#7697 = ORIENTED_EDGE('',*,*,#7683,.F.);
#7698 = ORIENTED_EDGE('',*,*,#7663,.T.);
#7699 = SURFACE_OF_LINEAR_EXTRUSION('',#7700,#7705);
#7700 = CIRCLE('',#7701,0.2);
#7701 = AXIS2_PLACEMENT_3D('',#7702,#7703,#7704);
#7702 = CARTESIAN_POINT('',(11.783894509167,-2.46017699115,
    28.89347729823));
#7703 = DIRECTION('',(4.770489558936E-17,1.,-1.040834085586E-16));
#7704 = DIRECTION('',(-1.110223024625E-16,1.040834085586E-16,1.));
#7705 = VECTOR('',#7706,1.);
#7706 = DIRECTION('',(-0.660776309562,4.741647352493E-02,-0.749083671402
    ));
#7707 = ADVANCED_FACE('',(#7708),#7727,.T.);
#7708 = FACE_BOUND('',#7709,.T.);
#7709 = EDGE_LOOP('',(#7710,#7718,#7725,#7726));
#7710 = ORIENTED_EDGE('',*,*,#7711,.T.);
#7711 = EDGE_CURVE('',#7684,#7712,#7714,.T.);
#7712 = VERTEX_POINT('',#7713);
#7713 = CARTESIAN_POINT('',(10.107261432564,-2.309734513274,
    26.450443645561));
#7714 = LINE('',#7715,#7716);
#7715 = CARTESIAN_POINT('',(10.735642520541,-2.384955752212,
    27.905134985058));
#7716 = VECTOR('',#7717,1.);
#7717 = DIRECTION('',(-0.396106414123,4.741647352493E-02,-0.916979490899
    ));
#7718 = ORIENTED_EDGE('',*,*,#7719,.F.);
#7719 = EDGE_CURVE('',#7712,#7712,#7720,.T.);
#7720 = CIRCLE('',#7721,0.2);
#7721 = AXIS2_PLACEMENT_3D('',#7722,#7723,#7724);
#7722 = CARTESIAN_POINT('',(10.107261432564,-2.309734513274,
    26.250443645561));
#7723 = DIRECTION('',(4.423544863741E-17,1.,-1.040834085586E-16));
#7724 = DIRECTION('',(-8.326672684689E-17,1.040834085586E-16,1.));
#7725 = ORIENTED_EDGE('',*,*,#7711,.F.);
#7726 = ORIENTED_EDGE('',*,*,#7691,.T.);
#7727 = SURFACE_OF_LINEAR_EXTRUSION('',#7728,#7733);
#7728 = CIRCLE('',#7729,0.2);
#7729 = AXIS2_PLACEMENT_3D('',#7730,#7731,#7732);
#7730 = CARTESIAN_POINT('',(10.735642520541,-2.384955752212,
    27.705134985058));
#7731 = DIRECTION('',(4.423544863741E-17,1.,-1.040834085586E-16));
#7732 = DIRECTION('',(-8.326672684689E-17,1.040834085586E-16,1.));
#7733 = VECTOR('',#7734,1.);
#7734 = DIRECTION('',(-0.396106414123,4.741647352493E-02,-0.916979490899
    ));
#7735 = ADVANCED_FACE('',(#7736),#7755,.T.);
#7736 = FACE_BOUND('',#7737,.T.);
#7737 = EDGE_LOOP('',(#7738,#7746,#7753,#7754));
#7738 = ORIENTED_EDGE('',*,*,#7739,.T.);
#7739 = EDGE_CURVE('',#7712,#7740,#7742,.T.);
#7740 = VERTEX_POINT('',#7741);
#7741 = CARTESIAN_POINT('',(9.960621980658,-2.234513274336,
    24.872632961075));
#7742 = LINE('',#7743,#7744);
#7743 = CARTESIAN_POINT('',(10.107261432564,-2.309734513274,
    26.450443645561));
#7744 = VECTOR('',#7745,1.);
#7745 = DIRECTION('',(-9.243567092435E-02,4.741647352493E-02,
    -0.994589023054));
#7746 = ORIENTED_EDGE('',*,*,#7747,.F.);
#7747 = EDGE_CURVE('',#7740,#7740,#7748,.T.);
#7748 = CIRCLE('',#7749,0.2);
#7749 = AXIS2_PLACEMENT_3D('',#7750,#7751,#7752);
#7750 = CARTESIAN_POINT('',(9.960621980658,-2.234513274336,
    24.672632961075));
#7751 = DIRECTION('',(4.336808689942E-17,1.,-1.110223024625E-16));
#7752 = DIRECTION('',(-5.551115123126E-17,1.110223024625E-16,1.));
#7753 = ORIENTED_EDGE('',*,*,#7739,.F.);
#7754 = ORIENTED_EDGE('',*,*,#7719,.T.);
#7755 = SURFACE_OF_LINEAR_EXTRUSION('',#7756,#7761);
#7756 = CIRCLE('',#7757,0.2);
#7757 = AXIS2_PLACEMENT_3D('',#7758,#7759,#7760);
#7758 = CARTESIAN_POINT('',(10.107261432564,-2.309734513274,
    26.250443645561));
#7759 = DIRECTION('',(4.336808689942E-17,1.,-1.110223024625E-16));
#7760 = DIRECTION('',(-5.551115123126E-17,1.110223024625E-16,1.));
#7761 = VECTOR('',#7762,1.);
#7762 = DIRECTION('',(-9.243567092435E-02,4.741647352493E-02,
    -0.994589023054));
#7763 = ADVANCED_FACE('',(#7764),#7783,.T.);
#7764 = FACE_BOUND('',#7765,.T.);
#7765 = EDGE_LOOP('',(#7766,#7774,#7781,#7782));
#7766 = ORIENTED_EDGE('',*,*,#7767,.T.);
#7767 = EDGE_CURVE('',#7740,#7768,#7770,.T.);
#7768 = VERTEX_POINT('',#7769);
#7769 = CARTESIAN_POINT('',(10.310162363085,-2.159292035398,
    23.327055008984));
#7770 = LINE('',#7771,#7772);
#7771 = CARTESIAN_POINT('',(9.960621980658,-2.234513274336,
    24.872632961075));
#7772 = VECTOR('',#7773,1.);
#7773 = DIRECTION('',(0.220336337492,4.741647352493E-02,-0.974270792141)
  );
#7774 = ORIENTED_EDGE('',*,*,#7775,.F.);
#7775 = EDGE_CURVE('',#7768,#7768,#7776,.T.);
#7776 = CIRCLE('',#7777,0.2);
#7777 = AXIS2_PLACEMENT_3D('',#7778,#7779,#7780);
#7778 = CARTESIAN_POINT('',(10.310162363085,-2.159292035398,
    23.127055008984));
#7779 = DIRECTION('',(4.076600168545E-17,1.,-8.326672684689E-17));
#7780 = DIRECTION('',(-8.326672684689E-17,8.326672684689E-17,1.));
#7781 = ORIENTED_EDGE('',*,*,#7767,.F.);
#7782 = ORIENTED_EDGE('',*,*,#7747,.T.);
#7783 = SURFACE_OF_LINEAR_EXTRUSION('',#7784,#7789);
#7784 = CIRCLE('',#7785,0.2);
#7785 = AXIS2_PLACEMENT_3D('',#7786,#7787,#7788);
#7786 = CARTESIAN_POINT('',(9.960621980658,-2.234513274336,
    24.672632961075));
#7787 = DIRECTION('',(4.076600168545E-17,1.,-8.326672684689E-17));
#7788 = DIRECTION('',(-8.326672684689E-17,8.326672684689E-17,1.));
#7789 = VECTOR('',#7790,1.);
#7790 = DIRECTION('',(0.220336337492,4.741647352493E-02,-0.974270792141)
  );
#7791 = ADVANCED_FACE('',(#7792),#7811,.T.);
#7792 = FACE_BOUND('',#7793,.T.);
#7793 = EDGE_LOOP('',(#7794,#7802,#7809,#7810));
#7794 = ORIENTED_EDGE('',*,*,#7795,.T.);
#7795 = EDGE_CURVE('',#7768,#7796,#7798,.T.);
#7796 = VERTEX_POINT('',#7797);
#7797 = CARTESIAN_POINT('',(11.121466648278,-2.08407079646,
    21.965888214737));
#7798 = LINE('',#7799,#7800);
#7799 = CARTESIAN_POINT('',(10.310162363085,-2.159292035398,
    23.327055008984));
#7800 = VECTOR('',#7801,1.);
#7801 = DIRECTION('',(0.51141391318,4.741647352493E-02,-0.85802534196));
#7802 = ORIENTED_EDGE('',*,*,#7803,.F.);
#7803 = EDGE_CURVE('',#7796,#7796,#7804,.T.);
#7804 = CIRCLE('',#7805,0.2);
#7805 = AXIS2_PLACEMENT_3D('',#7806,#7807,#7808);
#7806 = CARTESIAN_POINT('',(11.121466648278,-2.08407079646,
    21.765888214737));
#7807 = DIRECTION('',(3.903127820948E-17,1.,-4.857225732735E-17));
#7808 = DIRECTION('',(-1.110223024625E-16,4.857225732735E-17,1.));
#7809 = ORIENTED_EDGE('',*,*,#7795,.F.);
#7810 = ORIENTED_EDGE('',*,*,#7775,.T.);
#7811 = SURFACE_OF_LINEAR_EXTRUSION('',#7812,#7817);
#7812 = CIRCLE('',#7813,0.2);
#7813 = AXIS2_PLACEMENT_3D('',#7814,#7815,#7816);
#7814 = CARTESIAN_POINT('',(10.310162363085,-2.159292035398,
    23.127055008984));
#7815 = DIRECTION('',(3.903127820948E-17,1.,-4.857225732735E-17));
#7816 = DIRECTION('',(-1.110223024625E-16,4.857225732735E-17,1.));
#7817 = VECTOR('',#7818,1.);
#7818 = DIRECTION('',(0.51141391318,4.741647352493E-02,-0.85802534196));
#7819 = ADVANCED_FACE('',(#7820),#7839,.T.);
#7820 = FACE_BOUND('',#7821,.T.);
#7821 = EDGE_LOOP('',(#7822,#7830,#7837,#7838));
#7822 = ORIENTED_EDGE('',*,*,#7823,.T.);
#7823 = EDGE_CURVE('',#7796,#7824,#7826,.T.);
#7824 = VERTEX_POINT('',#7825);
#7825 = CARTESIAN_POINT('',(12.314653385734,-2.008849557522,
    20.923153783306));
#7826 = LINE('',#7827,#7828);
#7827 = CARTESIAN_POINT('',(11.121466648278,-2.08407079646,
    21.965888214737));
#7828 = VECTOR('',#7829,1.);
#7829 = DIRECTION('',(0.752137403553,4.741647352493E-02,-0.657298261229)
  );
#7830 = ORIENTED_EDGE('',*,*,#7831,.F.);
#7831 = EDGE_CURVE('',#7824,#7824,#7832,.T.);
#7832 = CIRCLE('',#7833,0.2);
#7833 = AXIS2_PLACEMENT_3D('',#7834,#7835,#7836);
#7834 = CARTESIAN_POINT('',(12.314653385734,-2.008849557522,
    20.723153783306));
#7835 = DIRECTION('',(3.209238430557E-17,1.,-6.245004513517E-17));
#7836 = DIRECTION('',(-2.775557561563E-17,6.245004513517E-17,1.));
#7837 = ORIENTED_EDGE('',*,*,#7823,.F.);
#7838 = ORIENTED_EDGE('',*,*,#7803,.T.);
#7839 = SURFACE_OF_LINEAR_EXTRUSION('',#7840,#7845);
#7840 = CIRCLE('',#7841,0.2);
#7841 = AXIS2_PLACEMENT_3D('',#7842,#7843,#7844);
#7842 = CARTESIAN_POINT('',(11.121466648278,-2.08407079646,
    21.765888214737));
#7843 = DIRECTION('',(3.209238430557E-17,1.,-6.245004513517E-17));
#7844 = DIRECTION('',(-2.775557561563E-17,6.245004513517E-17,1.));
#7845 = VECTOR('',#7846,1.);
#7846 = DIRECTION('',(0.752137403553,4.741647352493E-02,-0.657298261229)
  );
#7847 = ADVANCED_FACE('',(#7848),#7867,.T.);
#7848 = FACE_BOUND('',#7849,.T.);
#7849 = EDGE_LOOP('',(#7850,#7858,#7865,#7866));
#7850 = ORIENTED_EDGE('',*,*,#7851,.T.);
#7851 = EDGE_CURVE('',#7824,#7852,#7854,.T.);
#7852 = VERTEX_POINT('',#7853);
#7853 = CARTESIAN_POINT('',(13.772240776025,-1.933628318584,
    20.30151990022));
#7854 = LINE('',#7855,#7856);
#7855 = CARTESIAN_POINT('',(12.314653385734,-2.008849557522,
    20.923153783306));
#7856 = VECTOR('',#7857,1.);
#7857 = DIRECTION('',(0.918805045991,4.741647352493E-02,-0.39185324485)
  );
#7858 = ORIENTED_EDGE('',*,*,#7859,.F.);
#7859 = EDGE_CURVE('',#7852,#7852,#7860,.T.);
#7860 = CIRCLE('',#7861,0.2);
#7861 = AXIS2_PLACEMENT_3D('',#7862,#7863,#7864);
#7862 = CARTESIAN_POINT('',(13.772240776025,-1.933628318584,
    20.10151990022));
#7863 = DIRECTION('',(3.816391647149E-17,1.,-5.551115123126E-17));
#7864 = DIRECTION('',(-1.110223024625E-16,5.551115123126E-17,1.));
#7865 = ORIENTED_EDGE('',*,*,#7851,.F.);
#7866 = ORIENTED_EDGE('',*,*,#7831,.T.);
#7867 = SURFACE_OF_LINEAR_EXTRUSION('',#7868,#7873);
#7868 = CIRCLE('',#7869,0.2);
#7869 = AXIS2_PLACEMENT_3D('',#7870,#7871,#7872);
#7870 = CARTESIAN_POINT('',(12.314653385734,-2.008849557522,
    20.723153783306));
#7871 = DIRECTION('',(3.816391647149E-17,1.,-5.551115123126E-17));
#7872 = DIRECTION('',(-1.110223024625E-16,5.551115123126E-17,1.));
#7873 = VECTOR('',#7874,1.);
#7874 = DIRECTION('',(0.918805045991,4.741647352493E-02,-0.39185324485)
  );
#7875 = ADVANCED_FACE('',(#7876),#7895,.T.);
#7876 = FACE_BOUND('',#7877,.T.);
#7877 = EDGE_LOOP('',(#7878,#7886,#7893,#7894));
#7878 = ORIENTED_EDGE('',*,*,#7879,.T.);
#7879 = EDGE_CURVE('',#7852,#7880,#7882,.T.);
#7880 = VERTEX_POINT('',#7881);
#7881 = CARTESIAN_POINT('',(15.350713991116,-1.858407079646,
    20.162192967527));
#7882 = LINE('',#7883,#7884);
#7883 = CARTESIAN_POINT('',(13.772240776025,-1.933628318584,
    20.30151990022));
#7884 = VECTOR('',#7885,1.);
#7885 = DIRECTION('',(0.995006655964,4.741647352493E-02,
    -8.782615001562E-02));
#7886 = ORIENTED_EDGE('',*,*,#7887,.F.);
#7887 = EDGE_CURVE('',#7880,#7880,#7888,.T.);
#7888 = CIRCLE('',#7889,0.2);
#7889 = AXIS2_PLACEMENT_3D('',#7890,#7891,#7892);
#7890 = CARTESIAN_POINT('',(15.350713991116,-1.858407079646,
    19.962192967527));
#7891 = DIRECTION('',(4.51028103754E-17,1.,-5.551115123126E-17));
#7892 = DIRECTION('',(-1.665334536938E-16,5.551115123126E-17,1.));
#7893 = ORIENTED_EDGE('',*,*,#7879,.F.);
#7894 = ORIENTED_EDGE('',*,*,#7859,.T.);
#7895 = SURFACE_OF_LINEAR_EXTRUSION('',#7896,#7901);
#7896 = CIRCLE('',#7897,0.2);
#7897 = AXIS2_PLACEMENT_3D('',#7898,#7899,#7900);
#7898 = CARTESIAN_POINT('',(13.772240776025,-1.933628318584,
    20.10151990022));
#7899 = DIRECTION('',(4.51028103754E-17,1.,-5.551115123126E-17));
#7900 = DIRECTION('',(-1.665334536938E-16,5.551115123126E-17,1.));
#7901 = VECTOR('',#7902,1.);
#7902 = DIRECTION('',(0.995006655964,4.741647352493E-02,
    -8.782615001562E-02));
#7903 = ADVANCED_FACE('',(#7904),#7923,.T.);
#7904 = FACE_BOUND('',#7905,.T.);
#7905 = EDGE_LOOP('',(#7906,#7914,#7921,#7922));
#7906 = ORIENTED_EDGE('',*,*,#7907,.T.);
#7907 = EDGE_CURVE('',#7880,#7908,#7910,.T.);
#7908 = VERTEX_POINT('',#7909);
#7909 = CARTESIAN_POINT('',(16.894655720508,-1.783185840708,
    20.518891188965));
#7910 = LINE('',#7911,#7912);
#7911 = CARTESIAN_POINT('',(15.350713991116,-1.858407079646,
    20.162192967527));
#7912 = VECTOR('',#7913,1.);
#7913 = DIRECTION('',(0.97323938251,4.741647352493E-02,0.224848354162));
#7914 = ORIENTED_EDGE('',*,*,#7915,.F.);
#7915 = EDGE_CURVE('',#7908,#7908,#7916,.T.);
#7916 = CIRCLE('',#7917,0.2);
#7917 = AXIS2_PLACEMENT_3D('',#7918,#7919,#7920);
#7918 = CARTESIAN_POINT('',(16.894655720508,-1.783185840708,
    20.318891188965));
#7919 = DIRECTION('',(3.72965547335E-17,1.,-4.857225732735E-17));
#7920 = DIRECTION('',(-1.665334536938E-16,4.857225732735E-17,1.));
#7921 = ORIENTED_EDGE('',*,*,#7907,.F.);
#7922 = ORIENTED_EDGE('',*,*,#7887,.T.);
#7923 = SURFACE_OF_LINEAR_EXTRUSION('',#7924,#7929);
#7924 = CIRCLE('',#7925,0.2);
#7925 = AXIS2_PLACEMENT_3D('',#7926,#7927,#7928);
#7926 = CARTESIAN_POINT('',(15.350713991116,-1.858407079646,
    19.962192967527));
#7927 = DIRECTION('',(3.72965547335E-17,1.,-4.857225732735E-17));
#7928 = DIRECTION('',(-1.665334536938E-16,4.857225732735E-17,1.));
#7929 = VECTOR('',#7930,1.);
#7930 = DIRECTION('',(0.97323938251,4.741647352493E-02,0.224848354162));
#7931 = ADVANCED_FACE('',(#7932),#7951,.T.);
#7932 = FACE_BOUND('',#7933,.T.);
#7933 = EDGE_LOOP('',(#7934,#7942,#7949,#7950));
#7934 = ORIENTED_EDGE('',*,*,#7935,.T.);
#7935 = EDGE_CURVE('',#7908,#7936,#7938,.T.);
#7936 = VERTEX_POINT('',#7937);
#7937 = CARTESIAN_POINT('',(18.252048642109,-1.70796460177,
    21.336493868342));
#7938 = LINE('',#7939,#7940);
#7939 = CARTESIAN_POINT('',(16.894655720508,-1.783185840708,
    20.518891188965));
#7940 = VECTOR('',#7941,1.);
#7941 = DIRECTION('',(0.855646442928,4.741647352493E-02,0.515384170055)
  );
#7942 = ORIENTED_EDGE('',*,*,#7943,.F.);
#7943 = EDGE_CURVE('',#7936,#7936,#7944,.T.);
#7944 = CIRCLE('',#7945,0.2);
#7945 = AXIS2_PLACEMENT_3D('',#7946,#7947,#7948);
#7946 = CARTESIAN_POINT('',(18.252048642109,-1.70796460177,
    21.136493868342));
#7947 = DIRECTION('',(3.989863994747E-17,1.,-5.551115123126E-17));
#7948 = DIRECTION('',(-1.387778780781E-16,5.551115123126E-17,1.));
#7949 = ORIENTED_EDGE('',*,*,#7935,.F.);
#7950 = ORIENTED_EDGE('',*,*,#7915,.T.);
#7951 = SURFACE_OF_LINEAR_EXTRUSION('',#7952,#7957);
#7952 = CIRCLE('',#7953,0.2);
#7953 = AXIS2_PLACEMENT_3D('',#7954,#7955,#7956);
#7954 = CARTESIAN_POINT('',(16.894655720508,-1.783185840708,
    20.318891188965));
#7955 = DIRECTION('',(3.989863994747E-17,1.,-5.551115123126E-17));
#7956 = DIRECTION('',(-1.387778780781E-16,5.551115123126E-17,1.));
#7957 = VECTOR('',#7958,1.);
#7958 = DIRECTION('',(0.855646442928,4.741647352493E-02,0.515384170055)
  );
#7959 = ADVANCED_FACE('',(#7960),#7979,.T.);
#7960 = FACE_BOUND('',#7961,.T.);
#7961 = EDGE_LOOP('',(#7962,#7970,#7977,#7978));
#7962 = ORIENTED_EDGE('',*,*,#7963,.T.);
#7963 = EDGE_CURVE('',#7936,#7964,#7966,.T.);
#7964 = VERTEX_POINT('',#7965);
#7965 = CARTESIAN_POINT('',(19.289243128448,-1.632743362832,
    22.534499411919));
#7966 = LINE('',#7967,#7968);
#7967 = CARTESIAN_POINT('',(18.252048642109,-1.70796460177,
    21.336493868342));
#7968 = VECTOR('',#7969,1.);
#7969 = DIRECTION('',(0.653806100458,4.741647352493E-02,0.755174987034)
  );
#7970 = ORIENTED_EDGE('',*,*,#7971,.F.);
#7971 = EDGE_CURVE('',#7964,#7964,#7972,.T.);
#7972 = CIRCLE('',#7973,0.2);
#7973 = AXIS2_PLACEMENT_3D('',#7974,#7975,#7976);
#7974 = CARTESIAN_POINT('',(19.289243128448,-1.632743362832,
    22.334499411919));
#7975 = DIRECTION('',(3.72965547335E-17,1.,-4.857225732735E-17));
#7976 = DIRECTION('',(-5.551115123126E-17,4.857225732735E-17,1.));
#7977 = ORIENTED_EDGE('',*,*,#7963,.F.);
#7978 = ORIENTED_EDGE('',*,*,#7943,.T.);
#7979 = SURFACE_OF_LINEAR_EXTRUSION('',#7980,#7985);
#7980 = CIRCLE('',#7981,0.2);
#7981 = AXIS2_PLACEMENT_3D('',#7982,#7983,#7984);
#7982 = CARTESIAN_POINT('',(18.252048642109,-1.70796460177,
    21.136493868342));
#7983 = DIRECTION('',(3.72965547335E-17,1.,-4.857225732735E-17));
#7984 = DIRECTION('',(-5.551115123126E-17,4.857225732735E-17,1.));
#7985 = VECTOR('',#7986,1.);
#7986 = DIRECTION('',(0.653806100458,4.741647352493E-02,0.755174987034)
  );
#7987 = ADVANCED_FACE('',(#7988),#8007,.T.);
#7988 = FACE_BOUND('',#7989,.T.);
#7989 = EDGE_LOOP('',(#7990,#7998,#8005,#8006));
#7990 = ORIENTED_EDGE('',*,*,#7991,.T.);
#7991 = EDGE_CURVE('',#7964,#7992,#7994,.T.);
#7992 = VERTEX_POINT('',#7993);
#7993 = CARTESIAN_POINT('',(19.904116459932,-1.557522123894,
    23.994951558059));
#7994 = LINE('',#7995,#7996);
#7995 = CARTESIAN_POINT('',(19.289243128448,-1.632743362832,
    22.534499411919));
#7996 = VECTOR('',#7997,1.);
#7997 = DIRECTION('',(0.387591662343,4.741647352493E-02,0.920610873997)
  );
#7998 = ORIENTED_EDGE('',*,*,#7999,.F.);
#7999 = EDGE_CURVE('',#7992,#7992,#8000,.T.);
#8000 = CIRCLE('',#8001,0.2);
#8001 = AXIS2_PLACEMENT_3D('',#8002,#8003,#8004);
#8002 = CARTESIAN_POINT('',(19.904116459932,-1.557522123894,
    23.794951558059));
#8003 = DIRECTION('',(4.163336342344E-17,1.,-4.163336342344E-17));
#8004 = DIRECTION('',(5.551115123126E-17,4.163336342344E-17,1.));
#8005 = ORIENTED_EDGE('',*,*,#7991,.F.);
#8006 = ORIENTED_EDGE('',*,*,#7971,.T.);
#8007 = SURFACE_OF_LINEAR_EXTRUSION('',#8008,#8013);
#8008 = CIRCLE('',#8009,0.2);
#8009 = AXIS2_PLACEMENT_3D('',#8010,#8011,#8012);
#8010 = CARTESIAN_POINT('',(19.289243128448,-1.632743362832,
    22.334499411919));
#8011 = DIRECTION('',(4.163336342344E-17,1.,-4.163336342344E-17));
#8012 = DIRECTION('',(5.551115123126E-17,4.163336342344E-17,1.));
#8013 = VECTOR('',#8014,1.);
#8014 = DIRECTION('',(0.387591662343,4.741647352493E-02,0.920610873997)
  );
#8015 = ADVANCED_FACE('',(#8016),#8035,.T.);
#8016 = FACE_BOUND('',#8017,.T.);
#8017 = EDGE_LOOP('',(#8018,#8026,#8033,#8034));
#8018 = ORIENTED_EDGE('',*,*,#8019,.T.);
#8019 = EDGE_CURVE('',#7992,#8020,#8022,.T.);
#8020 = VERTEX_POINT('',#8021);
#8021 = CARTESIAN_POINT('',(20.03612788201,-1.482300884956,
    25.574053413347));
#8022 = LINE('',#8023,#8024);
#8023 = CARTESIAN_POINT('',(19.904116459932,-1.557522123894,
    23.994951558059));
#8024 = VECTOR('',#8025,1.);
#8025 = DIRECTION('',(8.321474344673E-02,4.741647352493E-02,
    0.99540292571));
#8026 = ORIENTED_EDGE('',*,*,#8027,.F.);
#8027 = EDGE_CURVE('',#8020,#8020,#8028,.T.);
#8028 = CIRCLE('',#8029,0.2);
#8029 = AXIS2_PLACEMENT_3D('',#8030,#8031,#8032);
#8030 = CARTESIAN_POINT('',(20.03612788201,-1.482300884956,
    25.374053413347));
#8031 = DIRECTION('',(3.989863994747E-17,1.,-4.163336342344E-17));
#8032 = DIRECTION('',(2.775557561563E-17,4.163336342344E-17,1.));
#8033 = ORIENTED_EDGE('',*,*,#8019,.F.);
#8034 = ORIENTED_EDGE('',*,*,#7999,.T.);
#8035 = SURFACE_OF_LINEAR_EXTRUSION('',#8036,#8041);
#8036 = CIRCLE('',#8037,0.2);
#8037 = AXIS2_PLACEMENT_3D('',#8038,#8039,#8040);
#8038 = CARTESIAN_POINT('',(19.904116459932,-1.557522123894,
    23.794951558059));
#8039 = DIRECTION('',(3.989863994747E-17,1.,-4.163336342344E-17));
#8040 = DIRECTION('',(2.775557561563E-17,4.163336342344E-17,1.));
#8041 = VECTOR('',#8042,1.);
#8042 = DIRECTION('',(8.321474344673E-02,4.741647352493E-02,
    0.99540292571));
#8043 = ADVANCED_FACE('',(#8044),#8063,.T.);
#8044 = FACE_BOUND('',#8045,.T.);
#8045 = EDGE_LOOP('',(#8046,#8054,#8061,#8062));
#8046 = ORIENTED_EDGE('',*,*,#8047,.T.);
#8047 = EDGE_CURVE('',#8020,#8048,#8050,.T.);
#8048 = VERTEX_POINT('',#8049);
#8049 = CARTESIAN_POINT('',(19.672279480004,-1.407079646018,
    27.116325771036));
#8050 = LINE('',#8051,#8052);
#8051 = CARTESIAN_POINT('',(20.03612788201,-1.482300884956,
    25.574053413347));
#8052 = VECTOR('',#8053,1.);
#8053 = DIRECTION('',(-0.229355543254,4.741647352493E-02,0.972187077068)
  );
#8054 = ORIENTED_EDGE('',*,*,#8055,.F.);
#8055 = EDGE_CURVE('',#8048,#8048,#8056,.T.);
#8056 = CIRCLE('',#8057,0.2);
#8057 = AXIS2_PLACEMENT_3D('',#8058,#8059,#8060);
#8058 = CARTESIAN_POINT('',(19.672279480004,-1.407079646018,
    26.916325771036));
#8059 = DIRECTION('',(4.076600168545E-17,1.,-4.163336342344E-17));
#8060 = DIRECTION('',(5.551115123126E-17,4.163336342344E-17,1.));
#8061 = ORIENTED_EDGE('',*,*,#8047,.F.);
#8062 = ORIENTED_EDGE('',*,*,#8027,.T.);
#8063 = SURFACE_OF_LINEAR_EXTRUSION('',#8064,#8069);
#8064 = CIRCLE('',#8065,0.2);
#8065 = AXIS2_PLACEMENT_3D('',#8066,#8067,#8068);
#8066 = CARTESIAN_POINT('',(20.03612788201,-1.482300884956,
    25.374053413347));
#8067 = DIRECTION('',(4.076600168545E-17,1.,-4.163336342344E-17));
#8068 = DIRECTION('',(5.551115123126E-17,4.163336342344E-17,1.));
#8069 = VECTOR('',#8070,1.);
#8070 = DIRECTION('',(-0.229355543254,4.741647352493E-02,0.972187077068)
  );
#8071 = ADVANCED_FACE('',(#8072),#8091,.T.);
#8072 = FACE_BOUND('',#8073,.T.);
#8073 = EDGE_LOOP('',(#8074,#8082,#8089,#8090));
#8074 = ORIENTED_EDGE('',*,*,#8075,.T.);
#8075 = EDGE_CURVE('',#8048,#8076,#8078,.T.);
#8076 = VERTEX_POINT('',#8077);
#8077 = CARTESIAN_POINT('',(18.848395960678,-1.33185840708,
    28.469915676258));
#8078 = LINE('',#8079,#8080);
#8079 = CARTESIAN_POINT('',(19.672279480004,-1.407079646018,
    27.116325771036));
#8080 = VECTOR('',#8081,1.);
#8081 = DIRECTION('',(-0.519343361439,4.741647352493E-02,0.853249172849)
  );
#8082 = ORIENTED_EDGE('',*,*,#8083,.F.);
#8083 = EDGE_CURVE('',#8076,#8076,#8084,.T.);
#8084 = CIRCLE('',#8085,0.2);
#8085 = AXIS2_PLACEMENT_3D('',#8086,#8087,#8088);
#8086 = CARTESIAN_POINT('',(18.848395960678,-1.33185840708,
    28.269915676258));
#8087 = DIRECTION('',(3.989863994747E-17,1.,-3.469446951954E-17));
#8088 = DIRECTION('',(0.,3.469446951954E-17,1.));
#8089 = ORIENTED_EDGE('',*,*,#8075,.F.);
#8090 = ORIENTED_EDGE('',*,*,#8055,.T.);
#8091 = SURFACE_OF_LINEAR_EXTRUSION('',#8092,#8097);
#8092 = CIRCLE('',#8093,0.2);
#8093 = AXIS2_PLACEMENT_3D('',#8094,#8095,#8096);
#8094 = CARTESIAN_POINT('',(19.672279480004,-1.407079646018,
    26.916325771036));
#8095 = DIRECTION('',(3.989863994747E-17,1.,-3.469446951954E-17));
#8096 = DIRECTION('',(0.,3.469446951954E-17,1.));
#8097 = VECTOR('',#8098,1.);
#8098 = DIRECTION('',(-0.519343361439,4.741647352493E-02,0.853249172849)
  );
#8099 = ADVANCED_FACE('',(#8100),#8119,.T.);
#8100 = FACE_BOUND('',#8101,.T.);
#8101 = EDGE_LOOP('',(#8102,#8110,#8117,#8118));
#8102 = ORIENTED_EDGE('',*,*,#8103,.T.);
#8103 = EDGE_CURVE('',#8076,#8104,#8106,.T.);
#8104 = VERTEX_POINT('',#8105);
#8105 = CARTESIAN_POINT('',(17.645597332606,-1.256637168142,
    29.501547948554));
#8106 = LINE('',#8107,#8108);
#8107 = CARTESIAN_POINT('',(18.848395960678,-1.33185840708,
    28.469915676258));
#8108 = VECTOR('',#8109,1.);
#8109 = DIRECTION('',(-0.758196356627,4.741647352493E-02,0.650299902227)
  );
#8110 = ORIENTED_EDGE('',*,*,#8111,.F.);
#8111 = EDGE_CURVE('',#8104,#8104,#8112,.T.);
#8112 = CIRCLE('',#8113,0.2);
#8113 = AXIS2_PLACEMENT_3D('',#8114,#8115,#8116);
#8114 = CARTESIAN_POINT('',(17.645597332606,-1.256637168142,
    29.301547948554));
#8115 = DIRECTION('',(3.382710778155E-17,1.,-4.163336342344E-17));
#8116 = DIRECTION('',(0.,4.163336342344E-17,1.));
#8117 = ORIENTED_EDGE('',*,*,#8103,.F.);
#8118 = ORIENTED_EDGE('',*,*,#8083,.T.);
#8119 = SURFACE_OF_LINEAR_EXTRUSION('',#8120,#8125);
#8120 = CIRCLE('',#8121,0.2);
#8121 = AXIS2_PLACEMENT_3D('',#8122,#8123,#8124);
#8122 = CARTESIAN_POINT('',(18.848395960678,-1.33185840708,
    28.269915676258));
#8123 = DIRECTION('',(3.382710778155E-17,1.,-4.163336342344E-17));
#8124 = DIRECTION('',(0.,4.163336342344E-17,1.));
#8125 = VECTOR('',#8126,1.);
#8126 = DIRECTION('',(-0.758196356627,4.741647352493E-02,0.650299902227)
  );
#8127 = ADVANCED_FACE('',(#8128),#8147,.T.);
#8128 = FACE_BOUND('',#8129,.T.);
#8129 = EDGE_LOOP('',(#8130,#8138,#8145,#8146));
#8130 = ORIENTED_EDGE('',*,*,#8131,.T.);
#8131 = EDGE_CURVE('',#8104,#8132,#8134,.T.);
#8132 = VERTEX_POINT('',#8133);
#8133 = CARTESIAN_POINT('',(16.182311787068,-1.181415929204,
    30.109647526876));
#8134 = LINE('',#8135,#8136);
#8135 = CARTESIAN_POINT('',(17.645597332606,-1.256637168142,
    29.501547948554));
#8136 = VECTOR('',#8137,1.);
#8137 = DIRECTION('',(-0.922396936144,4.741647352493E-02,0.383321758098)
  );
#8138 = ORIENTED_EDGE('',*,*,#8139,.F.);
#8139 = EDGE_CURVE('',#8132,#8132,#8140,.T.);
#8140 = CIRCLE('',#8141,0.2);
#8141 = AXIS2_PLACEMENT_3D('',#8142,#8143,#8144);
#8142 = CARTESIAN_POINT('',(16.182311787068,-1.181415929204,
    29.909647526876));
#8143 = DIRECTION('',(2.688821387764E-17,1.,-2.775557561563E-17));
#8144 = DIRECTION('',(0.,2.775557561563E-17,1.));
#8145 = ORIENTED_EDGE('',*,*,#8131,.F.);
#8146 = ORIENTED_EDGE('',*,*,#8111,.T.);
#8147 = SURFACE_OF_LINEAR_EXTRUSION('',#8148,#8153);
#8148 = CIRCLE('',#8149,0.2);
#8149 = AXIS2_PLACEMENT_3D('',#8150,#8151,#8152);
#8150 = CARTESIAN_POINT('',(17.645597332606,-1.256637168142,
    29.301547948554));
#8151 = DIRECTION('',(2.688821387764E-17,1.,-2.775557561563E-17));
#8152 = DIRECTION('',(0.,2.775557561563E-17,1.));
#8153 = VECTOR('',#8154,1.);
#8154 = DIRECTION('',(-0.922396936144,4.741647352493E-02,0.383321758098)
  );
#8155 = ADVANCED_FACE('',(#8156),#8175,.T.);
#8156 = FACE_BOUND('',#8157,.T.);
#8157 = EDGE_LOOP('',(#8158,#8166,#8173,#8174));
#8158 = ORIENTED_EDGE('',*,*,#8159,.T.);
#8159 = EDGE_CURVE('',#8132,#8160,#8162,.T.);
#8160 = VERTEX_POINT('',#8161);
#8161 = CARTESIAN_POINT('',(14.602615195488,-1.106194690265,
    30.234340604006));
#8162 = LINE('',#8163,#8164);
#8163 = CARTESIAN_POINT('',(16.182311787068,-1.181415929204,
    30.109647526876));
#8164 = VECTOR('',#8165,1.);
#8165 = DIRECTION('',(-0.995777823784,4.741647352493E-02,
    7.860155022629E-02));
#8166 = ORIENTED_EDGE('',*,*,#8167,.F.);
#8167 = EDGE_CURVE('',#8160,#8160,#8168,.T.);
#8168 = CIRCLE('',#8169,0.2);
#8169 = AXIS2_PLACEMENT_3D('',#8170,#8171,#8172);
#8170 = CARTESIAN_POINT('',(14.602615195488,-1.106194690265,
    30.034340604006));
#8171 = DIRECTION('',(2.775557561563E-17,1.,-1.387778780781E-17));
#8172 = DIRECTION('',(0.,1.387778780781E-17,1.));
#8173 = ORIENTED_EDGE('',*,*,#8159,.F.);
#8174 = ORIENTED_EDGE('',*,*,#8139,.T.);
#8175 = SURFACE_OF_LINEAR_EXTRUSION('',#8176,#8181);
#8176 = CIRCLE('',#8177,0.2);
#8177 = AXIS2_PLACEMENT_3D('',#8178,#8179,#8180);
#8178 = CARTESIAN_POINT('',(16.182311787068,-1.181415929204,
    29.909647526876));
#8179 = DIRECTION('',(2.775557561563E-17,1.,-1.387778780781E-17));
#8180 = DIRECTION('',(0.,1.387778780781E-17,1.));
#8181 = VECTOR('',#8182,1.);
#8182 = DIRECTION('',(-0.995777823784,4.741647352493E-02,
    7.860155022629E-02));
#8183 = ADVANCED_FACE('',(#8184),#8203,.T.);
#8184 = FACE_BOUND('',#8185,.T.);
#8185 = EDGE_LOOP('',(#8186,#8194,#8201,#8202));
#8186 = ORIENTED_EDGE('',*,*,#8187,.T.);
#8187 = EDGE_CURVE('',#8160,#8188,#8190,.T.);
#8188 = VERTEX_POINT('',#8189);
#8189 = CARTESIAN_POINT('',(13.062045322664,-1.030973451327,
    29.863349833391));
#8190 = LINE('',#8191,#8192);
#8191 = CARTESIAN_POINT('',(14.602615195488,-1.106194690265,
    30.234340604006));
#8192 = VECTOR('',#8193,1.);
#8193 = DIRECTION('',(-0.971113898406,4.741647352493E-02,-0.233857807997
    ));
#8194 = ORIENTED_EDGE('',*,*,#8195,.F.);
#8195 = EDGE_CURVE('',#8188,#8188,#8196,.T.);
#8196 = CIRCLE('',#8197,0.2);
#8197 = AXIS2_PLACEMENT_3D('',#8198,#8199,#8200);
#8198 = CARTESIAN_POINT('',(13.062045322664,-1.030973451327,
    29.663349833391));
#8199 = DIRECTION('',(2.081668171172E-17,1.,-2.775557561563E-17));
#8200 = DIRECTION('',(0.,2.775557561563E-17,1.));
#8201 = ORIENTED_EDGE('',*,*,#8187,.F.);
#8202 = ORIENTED_EDGE('',*,*,#8167,.T.);
#8203 = SURFACE_OF_LINEAR_EXTRUSION('',#8204,#8209);
#8204 = CIRCLE('',#8205,0.2);
#8205 = AXIS2_PLACEMENT_3D('',#8206,#8207,#8208);
#8206 = CARTESIAN_POINT('',(14.602615195488,-1.106194690265,
    30.034340604006));
#8207 = DIRECTION('',(2.081668171172E-17,1.,-2.775557561563E-17));
#8208 = DIRECTION('',(0.,2.775557561563E-17,1.));
#8209 = VECTOR('',#8210,1.);
#8210 = DIRECTION('',(-0.971113898406,4.741647352493E-02,-0.233857807997
    ));
#8211 = ADVANCED_FACE('',(#8212),#8231,.T.);
#8212 = FACE_BOUND('',#8213,.T.);
#8213 = EDGE_LOOP('',(#8214,#8222,#8229,#8230));
#8214 = ORIENTED_EDGE('',*,*,#8215,.T.);
#8215 = EDGE_CURVE('',#8188,#8216,#8218,.T.);
#8216 = VERTEX_POINT('',#8217);
#8217 = CARTESIAN_POINT('',(11.7122874959,-0.955752212389,
    29.033203163203));
#8218 = LINE('',#8219,#8220);
#8219 = CARTESIAN_POINT('',(13.062045322664,-1.030973451327,
    29.863349833391));
#8220 = VECTOR('',#8221,1.);
#8221 = DIRECTION('',(-0.850833583192,4.741647352493E-02,-0.523291402329
    ));
#8222 = ORIENTED_EDGE('',*,*,#8223,.F.);
#8223 = EDGE_CURVE('',#8216,#8216,#8224,.T.);
#8224 = CIRCLE('',#8225,0.2);
#8225 = AXIS2_PLACEMENT_3D('',#8226,#8227,#8228);
#8226 = CARTESIAN_POINT('',(11.7122874959,-0.955752212389,
    28.833203163203));
#8227 = DIRECTION('',(1.47451495458E-17,1.,-3.469446951954E-17));
#8228 = DIRECTION('',(0.,3.469446951954E-17,1.));
#8229 = ORIENTED_EDGE('',*,*,#8215,.F.);
#8230 = ORIENTED_EDGE('',*,*,#8195,.T.);
#8231 = SURFACE_OF_LINEAR_EXTRUSION('',#8232,#8237);
#8232 = CIRCLE('',#8233,0.2);
#8233 = AXIS2_PLACEMENT_3D('',#8234,#8235,#8236);
#8234 = CARTESIAN_POINT('',(13.062045322664,-1.030973451327,
    29.663349833391));
#8235 = DIRECTION('',(1.47451495458E-17,1.,-3.469446951954E-17));
#8236 = DIRECTION('',(0.,3.469446951954E-17,1.));
#8237 = VECTOR('',#8238,1.);
#8238 = DIRECTION('',(-0.850833583192,4.741647352493E-02,-0.523291402329
    ));
#8239 = ADVANCED_FACE('',(#8240),#8259,.T.);
#8240 = FACE_BOUND('',#8241,.T.);
#8241 = EDGE_LOOP('',(#8242,#8250,#8257,#8258));
#8242 = ORIENTED_EDGE('',*,*,#8243,.T.);
#8243 = EDGE_CURVE('',#8216,#8244,#8246,.T.);
#8244 = VERTEX_POINT('',#8245);
#8245 = CARTESIAN_POINT('',(10.686239587177,-0.880530973451,
    27.82563727517));
#8246 = LINE('',#8247,#8248);
#8247 = CARTESIAN_POINT('',(11.7122874959,-0.955752212389,
    29.033203163203));
#8248 = VECTOR('',#8249,1.);
#8249 = DIRECTION('',(-0.646779741814,4.741647352493E-02,-0.761201447462
    ));
#8250 = ORIENTED_EDGE('',*,*,#8251,.F.);
#8251 = EDGE_CURVE('',#8244,#8244,#8252,.T.);
#8252 = CIRCLE('',#8253,0.2);
#8253 = AXIS2_PLACEMENT_3D('',#8254,#8255,#8256);
#8254 = CARTESIAN_POINT('',(10.686239587177,-0.880530973451,
    27.62563727517));
#8255 = DIRECTION('',(6.938893903907E-18,1.,-2.775557561563E-17));
#8256 = DIRECTION('',(1.665334536938E-16,2.775557561563E-17,1.));
#8257 = ORIENTED_EDGE('',*,*,#8243,.F.);
#8258 = ORIENTED_EDGE('',*,*,#8223,.T.);
#8259 = SURFACE_OF_LINEAR_EXTRUSION('',#8260,#8265);
#8260 = CIRCLE('',#8261,0.2);
#8261 = AXIS2_PLACEMENT_3D('',#8262,#8263,#8264);
#8262 = CARTESIAN_POINT('',(11.7122874959,-0.955752212389,
    28.833203163203));
#8263 = DIRECTION('',(6.938893903907E-18,1.,-2.775557561563E-17));
#8264 = DIRECTION('',(1.665334536938E-16,2.775557561563E-17,1.));
#8265 = VECTOR('',#8266,1.);
#8266 = DIRECTION('',(-0.646779741814,4.741647352493E-02,-0.761201447462
    ));
#8267 = ADVANCED_FACE('',(#8268),#8287,.T.);
#8268 = FACE_BOUND('',#8269,.T.);
#8269 = EDGE_LOOP('',(#8270,#8278,#8285,#8286));
#8270 = ORIENTED_EDGE('',*,*,#8271,.T.);
#8271 = EDGE_CURVE('',#8244,#8272,#8274,.T.);
#8272 = VERTEX_POINT('',#8273);
#8273 = CARTESIAN_POINT('',(10.084926818141,-0.805309734513,
    26.359549747521));
#8274 = LINE('',#8275,#8276);
#8275 = CARTESIAN_POINT('',(10.686239587177,-0.880530973451,
    27.82563727517));
#8276 = VECTOR('',#8277,1.);
#8277 = DIRECTION('',(-0.379043623792,4.741647352493E-02,-0.924163194085
    ));
#8278 = ORIENTED_EDGE('',*,*,#8279,.F.);
#8279 = EDGE_CURVE('',#8272,#8272,#8280,.T.);
#8280 = CIRCLE('',#8281,0.2);
#8281 = AXIS2_PLACEMENT_3D('',#8282,#8283,#8284);
#8282 = CARTESIAN_POINT('',(10.084926818141,-0.805309734513,
    26.159549747521));
#8283 = DIRECTION('',(1.734723475977E-18,1.,-2.775557561563E-17));
#8284 = DIRECTION('',(2.22044604925E-16,2.775557561563E-17,1.));
#8285 = ORIENTED_EDGE('',*,*,#8271,.F.);
#8286 = ORIENTED_EDGE('',*,*,#8251,.T.);
#8287 = SURFACE_OF_LINEAR_EXTRUSION('',#8288,#8293);
#8288 = CIRCLE('',#8289,0.2);
#8289 = AXIS2_PLACEMENT_3D('',#8290,#8291,#8292);
#8290 = CARTESIAN_POINT('',(10.686239587177,-0.880530973451,
    27.62563727517));
#8291 = DIRECTION('',(1.734723475977E-18,1.,-2.775557561563E-17));
#8292 = DIRECTION('',(2.22044604925E-16,2.775557561563E-17,1.));
#8293 = VECTOR('',#8294,1.);
#8294 = DIRECTION('',(-0.379043623792,4.741647352493E-02,-0.924163194085
    ));
#8295 = ADVANCED_FACE('',(#8296),#8315,.T.);
#8296 = FACE_BOUND('',#8297,.T.);
#8297 = EDGE_LOOP('',(#8298,#8306,#8313,#8314));
#8298 = ORIENTED_EDGE('',*,*,#8299,.T.);
#8299 = EDGE_CURVE('',#8272,#8300,#8302,.T.);
#8300 = VERTEX_POINT('',#8301);
#8301 = CARTESIAN_POINT('',(9.967554763167,-0.730088495575,
    24.779292336323));
#8302 = LINE('',#8303,#8304);
#8303 = CARTESIAN_POINT('',(10.084926818141,-0.805309734513,
    26.359549747521));
#8304 = VECTOR('',#8305,1.);
#8305 = DIRECTION('',(-7.398666940129E-02,4.741647352493E-02,
    -0.996131342138));
#8306 = ORIENTED_EDGE('',*,*,#8307,.F.);
#8307 = EDGE_CURVE('',#8300,#8300,#8308,.T.);
#8308 = CIRCLE('',#8309,0.2);
#8309 = AXIS2_PLACEMENT_3D('',#8310,#8311,#8312);
#8310 = CARTESIAN_POINT('',(9.967554763167,-0.730088495575,
    24.579292336323));
#8311 = DIRECTION('',(8.673617379884E-19,1.,-2.081668171172E-17));
#8312 = DIRECTION('',(2.22044604925E-16,2.081668171172E-17,1.));
#8313 = ORIENTED_EDGE('',*,*,#8299,.F.);
#8314 = ORIENTED_EDGE('',*,*,#8279,.T.);
#8315 = SURFACE_OF_LINEAR_EXTRUSION('',#8316,#8321);
#8316 = CIRCLE('',#8317,0.2);
#8317 = AXIS2_PLACEMENT_3D('',#8318,#8319,#8320);
#8318 = CARTESIAN_POINT('',(10.084926818141,-0.805309734513,
    26.159549747521));
#8319 = DIRECTION('',(8.673617379884E-19,1.,-2.081668171172E-17));
#8320 = DIRECTION('',(2.22044604925E-16,2.081668171172E-17,1.));
#8321 = VECTOR('',#8322,1.);
#8322 = DIRECTION('',(-7.398666940129E-02,4.741647352493E-02,
    -0.996131342138));
#8323 = ADVANCED_FACE('',(#8324),#8343,.T.);
#8324 = FACE_BOUND('',#8325,.T.);
#8325 = EDGE_LOOP('',(#8326,#8334,#8341,#8342));
#8326 = ORIENTED_EDGE('',*,*,#8327,.T.);
#8327 = EDGE_CURVE('',#8300,#8328,#8330,.T.);
#8328 = VERTEX_POINT('',#8329);
#8329 = CARTESIAN_POINT('',(10.345679937079,-0.654867256637,
    23.240458024973));
#8330 = LINE('',#8331,#8332);
#8331 = CARTESIAN_POINT('',(9.967554763167,-0.730088495575,
    24.779292336323));
#8332 = VECTOR('',#8333,1.);
#8333 = DIRECTION('',(0.238355051725,4.741647352493E-02,-0.970019869567)
  );
#8334 = ORIENTED_EDGE('',*,*,#8335,.F.);
#8335 = EDGE_CURVE('',#8328,#8328,#8336,.T.);
#8336 = CIRCLE('',#8337,0.2);
#8337 = AXIS2_PLACEMENT_3D('',#8338,#8339,#8340);
#8338 = CARTESIAN_POINT('',(10.345679937079,-0.654867256637,
    23.040458024973));
#8339 = DIRECTION('',(-1.734723475977E-18,1.,-6.938893903907E-18));
#8340 = DIRECTION('',(2.22044604925E-16,6.938893903907E-18,1.));
#8341 = ORIENTED_EDGE('',*,*,#8327,.F.);
#8342 = ORIENTED_EDGE('',*,*,#8307,.T.);
#8343 = SURFACE_OF_LINEAR_EXTRUSION('',#8344,#8349);
#8344 = CIRCLE('',#8345,0.2);
#8345 = AXIS2_PLACEMENT_3D('',#8346,#8347,#8348);
#8346 = CARTESIAN_POINT('',(9.967554763167,-0.730088495575,
    24.579292336323));
#8347 = DIRECTION('',(-1.734723475977E-18,1.,-6.938893903907E-18));
#8348 = DIRECTION('',(2.22044604925E-16,6.938893903907E-18,1.));
#8349 = VECTOR('',#8350,1.);
#8350 = DIRECTION('',(0.238355051725,4.741647352493E-02,-0.970019869567)
  );
#8351 = ADVANCED_FACE('',(#8352),#8371,.T.);
#8352 = FACE_BOUND('',#8353,.T.);
#8353 = EDGE_LOOP('',(#8354,#8362,#8369,#8370));
#8354 = ORIENTED_EDGE('',*,*,#8355,.T.);
#8355 = EDGE_CURVE('',#8328,#8356,#8358,.T.);
#8356 = VERTEX_POINT('',#8357);
#8357 = CARTESIAN_POINT('',(11.182071934573,-0.579646017699,
    21.894561256471));
#8358 = LINE('',#8359,#8360);
#8359 = CARTESIAN_POINT('',(10.345679937079,-0.654867256637,
    23.240458024973));
#8360 = VECTOR('',#8361,1.);
#8361 = DIRECTION('',(0.527228207957,4.741647352493E-02,-0.848399725821)
  );
#8362 = ORIENTED_EDGE('',*,*,#8363,.F.);
#8363 = EDGE_CURVE('',#8356,#8356,#8364,.T.);
#8364 = CIRCLE('',#8365,0.2);
#8365 = AXIS2_PLACEMENT_3D('',#8366,#8367,#8368);
#8366 = CARTESIAN_POINT('',(11.182071934573,-0.579646017699,
    21.694561256471));
#8367 = DIRECTION('',(-5.20417042793E-18,1.,-6.938893903907E-18));
#8368 = DIRECTION('',(2.22044604925E-16,6.938893903907E-18,1.));
#8369 = ORIENTED_EDGE('',*,*,#8355,.F.);
#8370 = ORIENTED_EDGE('',*,*,#8335,.T.);
#8371 = SURFACE_OF_LINEAR_EXTRUSION('',#8372,#8377);
#8372 = CIRCLE('',#8373,0.2);
#8373 = AXIS2_PLACEMENT_3D('',#8374,#8375,#8376);
#8374 = CARTESIAN_POINT('',(10.345679937079,-0.654867256637,
    23.040458024973));
#8375 = DIRECTION('',(-5.20417042793E-18,1.,-6.938893903907E-18));
#8376 = DIRECTION('',(2.22044604925E-16,6.938893903907E-18,1.));
#8377 = VECTOR('',#8378,1.);
#8378 = DIRECTION('',(0.527228207957,4.741647352493E-02,-0.848399725821)
  );
#8379 = ADVANCED_FACE('',(#8380),#8399,.T.);
#8380 = FACE_BOUND('',#8381,.T.);
#8381 = EDGE_LOOP('',(#8382,#8390,#8397,#8398));
#8382 = ORIENTED_EDGE('',*,*,#8383,.T.);
#8383 = EDGE_CURVE('',#8356,#8384,#8386,.T.);
#8384 = VERTEX_POINT('',#8385);
#8385 = CARTESIAN_POINT('',(12.394379155676,-0.504424778761,
    20.874119740952));
#8386 = LINE('',#8387,#8388);
#8387 = CARTESIAN_POINT('',(11.182071934573,-0.579646017699,
    21.894561256471));
#8388 = VECTOR('',#8389,1.);
#8389 = DIRECTION('',(0.764190195017,4.741647352493E-02,-0.643245694799)
  );
#8390 = ORIENTED_EDGE('',*,*,#8391,.F.);
#8391 = EDGE_CURVE('',#8384,#8384,#8392,.T.);
#8392 = CIRCLE('',#8393,0.2);
#8393 = AXIS2_PLACEMENT_3D('',#8394,#8395,#8396);
#8394 = CARTESIAN_POINT('',(12.394379155676,-0.504424778761,
    20.674119740952));
#8395 = DIRECTION('',(-5.20417042793E-18,1.,5.777789833162E-34));
#8396 = DIRECTION('',(1.110223024625E-16,0.,1.));
#8397 = ORIENTED_EDGE('',*,*,#8383,.F.);
#8398 = ORIENTED_EDGE('',*,*,#8363,.T.);
#8399 = SURFACE_OF_LINEAR_EXTRUSION('',#8400,#8405);
#8400 = CIRCLE('',#8401,0.2);
#8401 = AXIS2_PLACEMENT_3D('',#8402,#8403,#8404);
#8402 = CARTESIAN_POINT('',(11.182071934573,-0.579646017699,
    21.694561256471));
#8403 = DIRECTION('',(-5.20417042793E-18,1.,5.777789833162E-34));
#8404 = DIRECTION('',(1.110223024625E-16,0.,1.));
#8405 = VECTOR('',#8406,1.);
#8406 = DIRECTION('',(0.764190195017,4.741647352493E-02,-0.643245694799)
  );
#8407 = ADVANCED_FACE('',(#8408),#8427,.T.);
#8408 = FACE_BOUND('',#8409,.T.);
#8409 = EDGE_LOOP('',(#8410,#8418,#8425,#8426));
#8410 = ORIENTED_EDGE('',*,*,#8411,.T.);
#8411 = EDGE_CURVE('',#8384,#8412,#8414,.T.);
#8412 = VERTEX_POINT('',#8413);
#8413 = CARTESIAN_POINT('',(13.863237187992,-0.429203539823,
    20.279606691611));
#8414 = LINE('',#8415,#8416);
#8415 = CARTESIAN_POINT('',(12.394379155676,-0.504424778761,
    20.874119740952));
#8416 = VECTOR('',#8417,1.);
#8417 = DIRECTION('',(0.925909609898,4.741647352493E-02,-0.374757351278)
  );
#8418 = ORIENTED_EDGE('',*,*,#8419,.F.);
#8419 = EDGE_CURVE('',#8412,#8412,#8420,.T.);
#8420 = CIRCLE('',#8421,0.2);
#8421 = AXIS2_PLACEMENT_3D('',#8422,#8423,#8424);
#8422 = CARTESIAN_POINT('',(13.863237187992,-0.429203539823,
    20.079606691611));
#8423 = DIRECTION('',(-2.602085213965E-18,1.,2.081668171172E-17));
#8424 = DIRECTION('',(0.,-2.081668171172E-17,1.));
#8425 = ORIENTED_EDGE('',*,*,#8411,.F.);
#8426 = ORIENTED_EDGE('',*,*,#8391,.T.);
#8427 = SURFACE_OF_LINEAR_EXTRUSION('',#8428,#8433);
#8428 = CIRCLE('',#8429,0.2);
#8429 = AXIS2_PLACEMENT_3D('',#8430,#8431,#8432);
#8430 = CARTESIAN_POINT('',(12.394379155676,-0.504424778761,
    20.674119740952));
#8431 = DIRECTION('',(-2.602085213965E-18,1.,2.081668171172E-17));
#8432 = DIRECTION('',(0.,-2.081668171172E-17,1.));
#8433 = VECTOR('',#8434,1.);
#8434 = DIRECTION('',(0.925909609898,4.741647352493E-02,-0.374757351278)
  );
#8435 = ADVANCED_FACE('',(#8436),#8455,.T.);
#8436 = FACE_BOUND('',#8437,.T.);
#8437 = EDGE_LOOP('',(#8438,#8446,#8453,#8454));
#8438 = ORIENTED_EDGE('',*,*,#8439,.T.);
#8439 = EDGE_CURVE('',#8412,#8440,#8442,.T.);
#8440 = VERTEX_POINT('',#8441);
#8441 = CARTESIAN_POINT('',(15.444021490092,-0.353982300885,
    20.169558178814));
#8442 = LINE('',#8443,#8444);
#8443 = CARTESIAN_POINT('',(13.863237187992,-0.429203539823,
    20.279606691611));
#8444 = VECTOR('',#8445,1.);
#8445 = DIRECTION('',(0.99646347318,4.741647352493E-02,
    -6.937020005493E-02));
#8446 = ORIENTED_EDGE('',*,*,#8447,.F.);
#8447 = EDGE_CURVE('',#8440,#8440,#8448,.T.);
#8448 = CIRCLE('',#8449,0.2);
#8449 = AXIS2_PLACEMENT_3D('',#8450,#8451,#8452);
#8450 = CARTESIAN_POINT('',(15.444021490092,-0.353982300885,
    19.969558178814));
#8451 = DIRECTION('',(-1.734723475977E-18,1.,4.163336342344E-17));
#8452 = DIRECTION('',(0.,-4.163336342344E-17,1.));
#8453 = ORIENTED_EDGE('',*,*,#8439,.F.);
#8454 = ORIENTED_EDGE('',*,*,#8419,.T.);
#8455 = SURFACE_OF_LINEAR_EXTRUSION('',#8456,#8461);
#8456 = CIRCLE('',#8457,0.2);
#8457 = AXIS2_PLACEMENT_3D('',#8458,#8459,#8460);
#8458 = CARTESIAN_POINT('',(13.863237187992,-0.429203539823,
    20.079606691611));
#8459 = DIRECTION('',(-1.734723475977E-18,1.,4.163336342344E-17));
#8460 = DIRECTION('',(0.,-4.163336342344E-17,1.));
#8461 = VECTOR('',#8462,1.);
#8462 = DIRECTION('',(0.99646347318,4.741647352493E-02,
    -6.937020005493E-02));
#8463 = ADVANCED_FACE('',(#8464),#8483,.T.);
#8464 = FACE_BOUND('',#8465,.T.);
#8465 = EDGE_LOOP('',(#8466,#8474,#8481,#8482));
#8466 = ORIENTED_EDGE('',*,*,#8467,.T.);
#8467 = EDGE_CURVE('',#8440,#8468,#8470,.T.);
#8468 = VERTEX_POINT('',#8469);
#8469 = CARTESIAN_POINT('',(16.981087200622,-0.278761061947,
    20.554809637536));
#8470 = LINE('',#8471,#8472);
#8471 = CARTESIAN_POINT('',(15.444021490092,-0.353982300885,
    20.169558178814));
#8472 = VECTOR('',#8473,1.);
#8473 = DIRECTION('',(0.968905014041,4.741647352493E-02,0.242847177882)
  );
#8474 = ORIENTED_EDGE('',*,*,#8475,.F.);
#8475 = EDGE_CURVE('',#8468,#8468,#8476,.T.);
#8476 = CIRCLE('',#8477,0.2);
#8477 = AXIS2_PLACEMENT_3D('',#8478,#8479,#8480);
#8478 = CARTESIAN_POINT('',(16.981087200622,-0.278761061947,
    20.354809637536));
#8479 = DIRECTION('',(-1.734723475977E-18,1.,2.775557561563E-17));
#8480 = DIRECTION('',(-2.775557561563E-17,-2.775557561563E-17,1.));
#8481 = ORIENTED_EDGE('',*,*,#8467,.F.);
#8482 = ORIENTED_EDGE('',*,*,#8447,.T.);
#8483 = SURFACE_OF_LINEAR_EXTRUSION('',#8484,#8489);
#8484 = CIRCLE('',#8485,0.2);
#8485 = AXIS2_PLACEMENT_3D('',#8486,#8487,#8488);
#8486 = CARTESIAN_POINT('',(15.444021490092,-0.353982300885,
    19.969558178814));
#8487 = DIRECTION('',(-1.734723475977E-18,1.,2.775557561563E-17));
#8488 = DIRECTION('',(-2.775557561563E-17,-2.775557561563E-17,1.));
#8489 = VECTOR('',#8490,1.);
#8490 = DIRECTION('',(0.968905014041,4.741647352493E-02,0.242847177882)
  );
#8491 = ADVANCED_FACE('',(#8492),#8511,.T.);
#8492 = FACE_BOUND('',#8493,.T.);
#8493 = EDGE_LOOP('',(#8494,#8502,#8509,#8510));
#8494 = ORIENTED_EDGE('',*,*,#8495,.T.);
#8495 = EDGE_CURVE('',#8468,#8496,#8498,.T.);
#8496 = VERTEX_POINT('',#8497);
#8497 = CARTESIAN_POINT('',(18.323094013957,-0.203539823009,
    21.397429004686));
#8498 = LINE('',#8499,#8500);
#8499 = CARTESIAN_POINT('',(16.981087200622,-0.278761061947,
    20.554809637536));
#8500 = VECTOR('',#8501,1.);
#8501 = DIRECTION('',(0.845947652992,4.741647352493E-02,0.531153693799)
  );
#8502 = ORIENTED_EDGE('',*,*,#8503,.F.);
#8503 = EDGE_CURVE('',#8496,#8496,#8504,.T.);
#8504 = CIRCLE('',#8505,0.2);
#8505 = AXIS2_PLACEMENT_3D('',#8506,#8507,#8508);
#8506 = CARTESIAN_POINT('',(18.323094013957,-0.203539823009,
    21.197429004686));
#8507 = DIRECTION('',(4.336808689942E-18,1.,2.081668171172E-17));
#8508 = DIRECTION('',(1.110223024625E-16,-2.081668171172E-17,1.));
#8509 = ORIENTED_EDGE('',*,*,#8495,.F.);
#8510 = ORIENTED_EDGE('',*,*,#8475,.T.);
#8511 = SURFACE_OF_LINEAR_EXTRUSION('',#8512,#8517);
#8512 = CIRCLE('',#8513,0.2);
#8513 = AXIS2_PLACEMENT_3D('',#8514,#8515,#8516);
#8514 = CARTESIAN_POINT('',(16.981087200622,-0.278761061947,
    20.354809637536));
#8515 = DIRECTION('',(4.336808689942E-18,1.,2.081668171172E-17));
#8516 = DIRECTION('',(1.110223024625E-16,-2.081668171172E-17,1.));
#8517 = VECTOR('',#8518,1.);
#8518 = DIRECTION('',(0.845947652992,4.741647352493E-02,0.531153693799)
  );
#8519 = ADVANCED_FACE('',(#8520),#8539,.T.);
#8520 = FACE_BOUND('',#8521,.T.);
#8521 = EDGE_LOOP('',(#8522,#8530,#8537,#8538));
#8522 = ORIENTED_EDGE('',*,*,#8523,.T.);
#8523 = EDGE_CURVE('',#8496,#8524,#8526,.T.);
#8524 = VERTEX_POINT('',#8525);
#8525 = CARTESIAN_POINT('',(19.337907227013,-0.128318584071,
    22.614451530173));
#8526 = LINE('',#8527,#8528);
#8527 = CARTESIAN_POINT('',(18.323094013957,-0.203539823009,
    21.397429004686));
#8528 = VECTOR('',#8529,1.);
#8529 = DIRECTION('',(0.63969783706,4.741647352493E-02,0.767162535125));
#8530 = ORIENTED_EDGE('',*,*,#8531,.F.);
#8531 = EDGE_CURVE('',#8524,#8524,#8532,.T.);
#8532 = CIRCLE('',#8533,0.2);
#8533 = AXIS2_PLACEMENT_3D('',#8534,#8535,#8536);
#8534 = CARTESIAN_POINT('',(19.337907227013,-0.128318584071,
    22.414451530173));
#8535 = DIRECTION('',(1.127570259385E-17,1.,1.387778780781E-17));
#8536 = DIRECTION('',(2.775557561563E-17,-1.387778780781E-17,1.));
#8537 = ORIENTED_EDGE('',*,*,#8523,.F.);
#8538 = ORIENTED_EDGE('',*,*,#8503,.T.);
#8539 = SURFACE_OF_LINEAR_EXTRUSION('',#8540,#8545);
#8540 = CIRCLE('',#8541,0.2);
#8541 = AXIS2_PLACEMENT_3D('',#8542,#8543,#8544);
#8542 = CARTESIAN_POINT('',(18.323094013957,-0.203539823009,
    21.197429004686));
#8543 = DIRECTION('',(1.127570259385E-17,1.,1.387778780781E-17));
#8544 = DIRECTION('',(2.775557561563E-17,-1.387778780781E-17,1.));
#8545 = VECTOR('',#8546,1.);
#8546 = DIRECTION('',(0.63969783706,4.741647352493E-02,0.767162535125));
#8547 = ADVANCED_FACE('',(#8548),#8567,.T.);
#8548 = FACE_BOUND('',#8549,.T.);
#8549 = EDGE_LOOP('',(#8550,#8558,#8565,#8566));
#8550 = ORIENTED_EDGE('',*,*,#8551,.T.);
#8551 = EDGE_CURVE('',#8524,#8552,#8554,.T.);
#8552 = VERTEX_POINT('',#8553);
#8553 = CARTESIAN_POINT('',(19.925607792241,-5.309734513274E-02,
    24.086048530226));
#8554 = LINE('',#8555,#8556);
#8555 = CARTESIAN_POINT('',(19.337907227013,-0.128318584071,
    22.614451530173));
#8556 = VECTOR('',#8557,1.);
#8557 = DIRECTION('',(0.370463032584,4.741647352493E-02,0.927636146087)
  );
#8558 = ORIENTED_EDGE('',*,*,#8559,.F.);
#8559 = EDGE_CURVE('',#8552,#8552,#8560,.T.);
#8560 = CIRCLE('',#8561,0.2);
#8561 = AXIS2_PLACEMENT_3D('',#8562,#8563,#8564);
#8562 = CARTESIAN_POINT('',(19.925607792241,-5.309734513274E-02,
    23.886048530226));
#8563 = DIRECTION('',(1.214306433184E-17,1.,2.081668171172E-17));
#8564 = DIRECTION('',(0.,-2.081668171172E-17,1.));
#8565 = ORIENTED_EDGE('',*,*,#8551,.F.);
#8566 = ORIENTED_EDGE('',*,*,#8531,.T.);
#8567 = SURFACE_OF_LINEAR_EXTRUSION('',#8568,#8573);
#8568 = CIRCLE('',#8569,0.2);
#8569 = AXIS2_PLACEMENT_3D('',#8570,#8571,#8572);
#8570 = CARTESIAN_POINT('',(19.337907227013,-0.128318584071,
    22.414451530173));
#8571 = DIRECTION('',(1.214306433184E-17,1.,2.081668171172E-17));
#8572 = DIRECTION('',(0.,-2.081668171172E-17,1.));
#8573 = VECTOR('',#8574,1.);
#8574 = DIRECTION('',(0.370463032584,4.741647352493E-02,0.927636146087)
  );
#8575 = ADVANCED_FACE('',(#8576),#8595,.T.);
#8576 = FACE_BOUND('',#8577,.T.);
#8577 = EDGE_LOOP('',(#8578,#8586,#8593,#8594));
#8578 = ORIENTED_EDGE('',*,*,#8579,.T.);
#8579 = EDGE_CURVE('',#8552,#8580,#8582,.T.);
#8580 = VERTEX_POINT('',#8581);
#8581 = CARTESIAN_POINT('',(20.028330400079,2.212389380531E-02,
    25.6673257832));
#8582 = LINE('',#8583,#8584);
#8583 = CARTESIAN_POINT('',(19.925607792241,-5.309734513274E-02,
    24.086048530226));
#8584 = VECTOR('',#8585,1.);
#8585 = DIRECTION('',(6.475224130452E-02,4.741647352493E-02,
    0.996774209781));
#8586 = ORIENTED_EDGE('',*,*,#8587,.F.);
#8587 = EDGE_CURVE('',#8580,#8580,#8588,.T.);
#8588 = CIRCLE('',#8589,0.2);
#8589 = AXIS2_PLACEMENT_3D('',#8590,#8591,#8592);
#8590 = CARTESIAN_POINT('',(20.028330400079,2.212389380531E-02,
    25.4673257832));
#8591 = DIRECTION('',(1.301042606983E-17,1.,1.387778780781E-17));
#8592 = DIRECTION('',(0.,-1.387778780781E-17,1.));
#8593 = ORIENTED_EDGE('',*,*,#8579,.F.);
#8594 = ORIENTED_EDGE('',*,*,#8559,.T.);
#8595 = SURFACE_OF_LINEAR_EXTRUSION('',#8596,#8601);
#8596 = CIRCLE('',#8597,0.2);
#8597 = AXIS2_PLACEMENT_3D('',#8598,#8599,#8600);
#8598 = CARTESIAN_POINT('',(19.925607792241,-5.309734513274E-02,
    23.886048530226));
#8599 = DIRECTION('',(1.301042606983E-17,1.,1.387778780781E-17));
#8600 = DIRECTION('',(0.,-1.387778780781E-17,1.));
#8601 = VECTOR('',#8602,1.);
#8602 = DIRECTION('',(6.475224130452E-02,4.741647352493E-02,
    0.996774209781));
#8603 = ADVANCED_FACE('',(#8604),#8623,.T.);
#8604 = FACE_BOUND('',#8605,.T.);
#8605 = EDGE_LOOP('',(#8606,#8614,#8621,#8622));
#8606 = ORIENTED_EDGE('',*,*,#8607,.T.);
#8607 = EDGE_CURVE('',#8580,#8608,#8610,.T.);
#8608 = VERTEX_POINT('',#8609);
#8609 = CARTESIAN_POINT('',(19.63596092804,9.734513274336E-02,
    27.202589891537));
#8610 = LINE('',#8611,#8612);
#8611 = CARTESIAN_POINT('',(20.028330400079,2.212389380531E-02,
    25.6673257832));
#8612 = VECTOR('',#8613,1.);
#8613 = DIRECTION('',(-0.24733409002,4.741647352493E-02,0.967769355762)
  );
#8614 = ORIENTED_EDGE('',*,*,#8615,.F.);
#8615 = EDGE_CURVE('',#8608,#8608,#8616,.T.);
#8616 = CIRCLE('',#8617,0.2);
#8617 = AXIS2_PLACEMENT_3D('',#8618,#8619,#8620);
#8618 = CARTESIAN_POINT('',(19.63596092804,9.734513274336E-02,
    27.002589891537));
#8619 = DIRECTION('',(1.47451495458E-17,1.,2.775557561563E-17));
#8620 = DIRECTION('',(-2.775557561563E-17,-2.775557561563E-17,1.));
#8621 = ORIENTED_EDGE('',*,*,#8607,.F.);
#8622 = ORIENTED_EDGE('',*,*,#8587,.T.);
#8623 = SURFACE_OF_LINEAR_EXTRUSION('',#8624,#8629);
#8624 = CIRCLE('',#8625,0.2);
#8625 = AXIS2_PLACEMENT_3D('',#8626,#8627,#8628);
#8626 = CARTESIAN_POINT('',(20.028330400079,2.212389380531E-02,
    25.4673257832));
#8627 = DIRECTION('',(1.47451495458E-17,1.,2.775557561563E-17));
#8628 = DIRECTION('',(-2.775557561563E-17,-2.775557561563E-17,1.));
#8629 = VECTOR('',#8630,1.);
#8630 = DIRECTION('',(-0.24733409002,4.741647352493E-02,0.967769355762)
  );
#8631 = ADVANCED_FACE('',(#8632),#8651,.T.);
#8632 = FACE_BOUND('',#8633,.T.);
#8633 = EDGE_LOOP('',(#8634,#8642,#8649,#8650));
#8634 = ORIENTED_EDGE('',*,*,#8635,.T.);
#8635 = EDGE_CURVE('',#8608,#8636,#8638,.T.);
#8636 = VERTEX_POINT('',#8637);
#8637 = CARTESIAN_POINT('',(18.787132282585,0.172566371681,
    28.540677936319));
#8638 = LINE('',#8639,#8640);
#8639 = CARTESIAN_POINT('',(19.63596092804,9.734513274336E-02,
    27.202589891537));
#8640 = VECTOR('',#8641,1.);
#8641 = DIRECTION('',(-0.535067775573,4.741647352493E-02,0.843477417351)
  );
#8642 = ORIENTED_EDGE('',*,*,#8643,.F.);
#8643 = EDGE_CURVE('',#8636,#8636,#8644,.T.);
#8644 = CIRCLE('',#8645,0.2);
#8645 = AXIS2_PLACEMENT_3D('',#8646,#8647,#8648);
#8646 = CARTESIAN_POINT('',(18.787132282585,0.172566371681,
    28.340677936319));
#8647 = DIRECTION('',(1.561251128379E-17,1.,3.469446951954E-17));
#8648 = DIRECTION('',(8.326672684689E-17,-3.469446951954E-17,1.));
#8649 = ORIENTED_EDGE('',*,*,#8635,.F.);
#8650 = ORIENTED_EDGE('',*,*,#8615,.T.);
#8651 = SURFACE_OF_LINEAR_EXTRUSION('',#8652,#8657);
#8652 = CIRCLE('',#8653,0.2);
#8653 = AXIS2_PLACEMENT_3D('',#8654,#8655,#8656);
#8654 = CARTESIAN_POINT('',(19.63596092804,9.734513274336E-02,
    27.002589891537));
#8655 = DIRECTION('',(1.561251128379E-17,1.,3.469446951954E-17));
#8656 = DIRECTION('',(8.326672684689E-17,-3.469446951954E-17,1.));
#8657 = VECTOR('',#8658,1.);
#8658 = DIRECTION('',(-0.535067775573,4.741647352493E-02,0.843477417351)
  );
#8659 = ADVANCED_FACE('',(#8660),#8679,.T.);
#8660 = FACE_BOUND('',#8661,.T.);
#8661 = EDGE_LOOP('',(#8662,#8670,#8677,#8678));
#8662 = ORIENTED_EDGE('',*,*,#8663,.T.);
#8663 = EDGE_CURVE('',#8636,#8664,#8666,.T.);
#8664 = VERTEX_POINT('',#8665);
#8665 = CARTESIAN_POINT('',(17.565420582642,0.247787610619,
    29.549841058494));
#8666 = LINE('',#8667,#8668);
#8667 = CARTESIAN_POINT('',(18.787132282585,0.172566371681,
    28.540677936319));
#8668 = VECTOR('',#8669,1.);
#8669 = DIRECTION('',(-0.770118403967,4.741647352493E-02,0.636136244769)
  );
#8670 = ORIENTED_EDGE('',*,*,#8671,.F.);
#8671 = EDGE_CURVE('',#8664,#8664,#8672,.T.);
#8672 = CIRCLE('',#8673,0.2);
#8673 = AXIS2_PLACEMENT_3D('',#8674,#8675,#8676);
#8674 = CARTESIAN_POINT('',(17.565420582642,0.247787610619,
    29.349841058494));
#8675 = DIRECTION('',(1.127570259385E-17,1.,2.775557561563E-17));
#8676 = DIRECTION('',(1.387778780781E-16,-2.775557561563E-17,1.));
#8677 = ORIENTED_EDGE('',*,*,#8663,.F.);
#8678 = ORIENTED_EDGE('',*,*,#8643,.T.);
#8679 = SURFACE_OF_LINEAR_EXTRUSION('',#8680,#8685);
#8680 = CIRCLE('',#8681,0.2);
#8681 = AXIS2_PLACEMENT_3D('',#8682,#8683,#8684);
#8682 = CARTESIAN_POINT('',(18.787132282585,0.172566371681,
    28.340677936319));
#8683 = DIRECTION('',(1.127570259385E-17,1.,2.775557561563E-17));
#8684 = DIRECTION('',(1.387778780781E-16,-2.775557561563E-17,1.));
#8685 = VECTOR('',#8686,1.);
#8686 = DIRECTION('',(-0.770118403967,4.741647352493E-02,0.636136244769)
  );
#8687 = ADVANCED_FACE('',(#8688),#8707,.T.);
#8688 = FACE_BOUND('',#8689,.T.);
#8689 = EDGE_LOOP('',(#8690,#8698,#8705,#8706));
#8690 = ORIENTED_EDGE('',*,*,#8691,.T.);
#8691 = EDGE_CURVE('',#8664,#8692,#8694,.T.);
#8692 = VERTEX_POINT('',#8693);
#8693 = CARTESIAN_POINT('',(16.091116210588,0.323008849558,
    30.130716521459));
#8694 = LINE('',#8695,#8696);
#8695 = CARTESIAN_POINT('',(17.565420582642,0.247787610619,
    29.549841058494));
#8696 = VECTOR('',#8697,1.);
#8697 = DIRECTION('',(-0.929342765582,4.741647352493E-02,0.366160759911)
  );
#8698 = ORIENTED_EDGE('',*,*,#8699,.F.);
#8699 = EDGE_CURVE('',#8692,#8692,#8700,.T.);
#8700 = CIRCLE('',#8701,0.2);
#8701 = AXIS2_PLACEMENT_3D('',#8702,#8703,#8704);
#8702 = CARTESIAN_POINT('',(16.091116210588,0.323008849558,
    29.930716521459));
#8703 = DIRECTION('',(1.040834085586E-17,1.,2.775557561563E-17));
#8704 = DIRECTION('',(2.775557561563E-17,-2.775557561563E-17,1.));
#8705 = ORIENTED_EDGE('',*,*,#8691,.F.);
#8706 = ORIENTED_EDGE('',*,*,#8671,.T.);
#8707 = SURFACE_OF_LINEAR_EXTRUSION('',#8708,#8713);
#8708 = CIRCLE('',#8709,0.2);
#8709 = AXIS2_PLACEMENT_3D('',#8710,#8711,#8712);
#8710 = CARTESIAN_POINT('',(17.565420582642,0.247787610619,
    29.349841058494));
#8711 = DIRECTION('',(1.040834085586E-17,1.,2.775557561563E-17));
#8712 = DIRECTION('',(2.775557561563E-17,-2.775557561563E-17,1.));
#8713 = VECTOR('',#8714,1.);
#8714 = DIRECTION('',(-0.929342765582,4.741647352493E-02,0.366160759911)
  );
#8715 = ADVANCED_FACE('',(#8716),#8735,.T.);
#8716 = FACE_BOUND('',#8717,.T.);
#8717 = EDGE_LOOP('',(#8718,#8726,#8733,#8734));
#8718 = ORIENTED_EDGE('',*,*,#8719,.T.);
#8719 = EDGE_CURVE('',#8692,#8720,#8722,.T.);
#8720 = VERTEX_POINT('',#8721);
#8721 = CARTESIAN_POINT('',(14.509379957351,0.398230088496,
    30.226111018845));
#8722 = LINE('',#8723,#8724);
#8723 = CARTESIAN_POINT('',(16.091116210588,0.323008849558,
    30.130716521459));
#8724 = VECTOR('',#8725,1.);
#8725 = DIRECTION('',(-0.997063545268,4.741647352493E-02,
    6.013289229938E-02));
#8726 = ORIENTED_EDGE('',*,*,#8727,.F.);
#8727 = EDGE_CURVE('',#8720,#8720,#8728,.T.);
#8728 = CIRCLE('',#8729,0.2);
#8729 = AXIS2_PLACEMENT_3D('',#8730,#8731,#8732);
#8730 = CARTESIAN_POINT('',(14.509379957351,0.398230088496,
    30.026111018845));
#8731 = DIRECTION('',(1.040834085586E-17,1.,2.775557561563E-17));
#8732 = DIRECTION('',(2.775557561563E-17,-2.775557561563E-17,1.));
#8733 = ORIENTED_EDGE('',*,*,#8719,.F.);
#8734 = ORIENTED_EDGE('',*,*,#8699,.T.);
#8735 = SURFACE_OF_LINEAR_EXTRUSION('',#8736,#8741);
#8736 = CIRCLE('',#8737,0.2);
#8737 = AXIS2_PLACEMENT_3D('',#8738,#8739,#8740);
#8738 = CARTESIAN_POINT('',(16.091116210588,0.323008849558,
    29.930716521459));
#8739 = DIRECTION('',(1.040834085586E-17,1.,2.775557561563E-17));
#8740 = DIRECTION('',(2.775557561563E-17,-2.775557561563E-17,1.));
#8741 = VECTOR('',#8742,1.);
#8742 = DIRECTION('',(-0.997063545268,4.741647352493E-02,
    6.013289229938E-02));
#8743 = ADVANCED_FACE('',(#8744),#8763,.T.);
#8744 = FACE_BOUND('',#8745,.T.);
#8745 = EDGE_LOOP('',(#8746,#8754,#8761,#8762));
#8746 = ORIENTED_EDGE('',*,*,#8747,.T.);
#8747 = EDGE_CURVE('',#8720,#8748,#8750,.T.);
#8748 = VERTEX_POINT('',#8749);
#8749 = CARTESIAN_POINT('',(12.9759504139,0.473451327434,29.826631957808
    ));
#8750 = LINE('',#8751,#8752);
#8751 = CARTESIAN_POINT('',(14.509379957351,0.398230088496,
    30.226111018845));
#8752 = VECTOR('',#8753,1.);
#8753 = DIRECTION('',(-0.966612919115,4.741647352493E-02,-0.251815691802
    ));
#8754 = ORIENTED_EDGE('',*,*,#8755,.F.);
#8755 = EDGE_CURVE('',#8748,#8748,#8756,.T.);
#8756 = CIRCLE('',#8757,0.2);
#8757 = AXIS2_PLACEMENT_3D('',#8758,#8759,#8760);
#8758 = CARTESIAN_POINT('',(12.9759504139,0.473451327434,29.626631957808
    ));
#8759 = DIRECTION('',(1.734723475977E-17,1.,3.469446951954E-17));
#8760 = DIRECTION('',(5.551115123126E-17,-3.469446951954E-17,1.));
#8761 = ORIENTED_EDGE('',*,*,#8747,.F.);
#8762 = ORIENTED_EDGE('',*,*,#8727,.T.);
#8763 = SURFACE_OF_LINEAR_EXTRUSION('',#8764,#8769);
#8764 = CIRCLE('',#8765,0.2);
#8765 = AXIS2_PLACEMENT_3D('',#8766,#8767,#8768);
#8766 = CARTESIAN_POINT('',(14.509379957351,0.398230088496,
    30.026111018845));
#8767 = DIRECTION('',(1.734723475977E-17,1.,3.469446951954E-17));
#8768 = DIRECTION('',(5.551115123126E-17,-3.469446951954E-17,1.));
#8769 = VECTOR('',#8770,1.);
#8770 = DIRECTION('',(-0.966612919115,4.741647352493E-02,-0.251815691802
    ));
#8771 = ADVANCED_FACE('',(#8772),#8791,.T.);
#8772 = FACE_BOUND('',#8773,.T.);
#8773 = EDGE_LOOP('',(#8774,#8782,#8789,#8790));
#8774 = ORIENTED_EDGE('',*,*,#8775,.T.);
#8775 = EDGE_CURVE('',#8748,#8776,#8778,.T.);
#8776 = VERTEX_POINT('',#8777);
#8777 = CARTESIAN_POINT('',(11.64180986692,0.548672566372,
    28.971612258714));
#8778 = LINE('',#8779,#8780);
#8779 = CARTESIAN_POINT('',(12.9759504139,0.473451327434,29.826631957808
    ));
#8780 = VECTOR('',#8781,1.);
#8781 = DIRECTION('',(-0.840989071936,4.741647352493E-02,-0.538970369243
    ));
#8782 = ORIENTED_EDGE('',*,*,#8783,.F.);
#8783 = EDGE_CURVE('',#8776,#8776,#8784,.T.);
#8784 = CIRCLE('',#8785,0.2);
#8785 = AXIS2_PLACEMENT_3D('',#8786,#8787,#8788);
#8786 = CARTESIAN_POINT('',(11.64180986692,0.548672566372,
    28.771612258714));
#8787 = DIRECTION('',(1.734723475977E-17,1.,3.469446951954E-17));
#8788 = DIRECTION('',(-2.775557561563E-17,-3.469446951954E-17,1.));
#8789 = ORIENTED_EDGE('',*,*,#8775,.F.);
#8790 = ORIENTED_EDGE('',*,*,#8755,.T.);
#8791 = SURFACE_OF_LINEAR_EXTRUSION('',#8792,#8797);
#8792 = CIRCLE('',#8793,0.2);
#8793 = AXIS2_PLACEMENT_3D('',#8794,#8795,#8796);
#8794 = CARTESIAN_POINT('',(12.9759504139,0.473451327434,29.626631957808
    ));
#8795 = DIRECTION('',(1.734723475977E-17,1.,3.469446951954E-17));
#8796 = DIRECTION('',(-2.775557561563E-17,-3.469446951954E-17,1.));
#8797 = VECTOR('',#8798,1.);
#8798 = DIRECTION('',(-0.840989071936,4.741647352493E-02,-0.538970369243
    ));
#8799 = ADVANCED_FACE('',(#8800),#8819,.T.);
#8800 = FACE_BOUND('',#8801,.T.);
#8801 = EDGE_LOOP('',(#8802,#8810,#8817,#8818));
#8802 = ORIENTED_EDGE('',*,*,#8803,.T.);
#8803 = EDGE_CURVE('',#8776,#8804,#8806,.T.);
#8804 = VERTEX_POINT('',#8805);
#8805 = CARTESIAN_POINT('',(10.638318502734,0.62389380531,
    27.745237614921));
#8806 = LINE('',#8807,#8808);
#8807 = CARTESIAN_POINT('',(11.64180986692,0.548672566372,
    28.971612258714));
#8808 = VECTOR('',#8809,1.);
#8809 = DIRECTION('',(-0.632560994397,4.741647352493E-02,-0.773057738081
    ));
#8810 = ORIENTED_EDGE('',*,*,#8811,.F.);
#8811 = EDGE_CURVE('',#8804,#8804,#8812,.T.);
#8812 = CIRCLE('',#8813,0.2);
#8813 = AXIS2_PLACEMENT_3D('',#8814,#8815,#8816);
#8814 = CARTESIAN_POINT('',(10.638318502734,0.62389380531,
    27.545237614921));
#8815 = DIRECTION('',(-0.,1.,4.857225732735E-17));
#8816 = DIRECTION('',(2.775557561563E-17,-4.857225732735E-17,1.));
#8817 = ORIENTED_EDGE('',*,*,#8803,.F.);
#8818 = ORIENTED_EDGE('',*,*,#8783,.T.);
#8819 = SURFACE_OF_LINEAR_EXTRUSION('',#8820,#8825);
#8820 = CIRCLE('',#8821,0.2);
#8821 = AXIS2_PLACEMENT_3D('',#8822,#8823,#8824);
#8822 = CARTESIAN_POINT('',(11.64180986692,0.548672566372,
    28.771612258714));
#8823 = DIRECTION('',(-0.,1.,4.857225732735E-17));
#8824 = DIRECTION('',(2.775557561563E-17,-4.857225732735E-17,1.));
#8825 = VECTOR('',#8826,1.);
#8826 = DIRECTION('',(-0.632560994397,4.741647352493E-02,-0.773057738081
    ));
#8827 = ADVANCED_FACE('',(#8828),#8847,.T.);
#8828 = FACE_BOUND('',#8829,.T.);
#8829 = EDGE_LOOP('',(#8830,#8838,#8845,#8846));
#8830 = ORIENTED_EDGE('',*,*,#8831,.T.);
#8831 = EDGE_CURVE('',#8804,#8832,#8834,.T.);
#8832 = VERTEX_POINT('',#8833);
#8833 = CARTESIAN_POINT('',(10.064280613643,0.699115044248,
    26.268257524729));
#8834 = LINE('',#8835,#8836);
#8835 = CARTESIAN_POINT('',(10.638318502734,0.62389380531,
    27.745237614921));
#8836 = VECTOR('',#8837,1.);
#8837 = DIRECTION('',(-0.36185062563,4.741647352493E-02,-0.931029431742)
  );
#8838 = ORIENTED_EDGE('',*,*,#8839,.F.);
#8839 = EDGE_CURVE('',#8832,#8832,#8840,.T.);
#8840 = CIRCLE('',#8841,0.2);
#8841 = AXIS2_PLACEMENT_3D('',#8842,#8843,#8844);
#8842 = CARTESIAN_POINT('',(10.064280613643,0.699115044248,
    26.068257524729));
#8843 = DIRECTION('',(8.673617379884E-19,1.,6.245004513517E-17));
#8844 = DIRECTION('',(2.775557561563E-17,-6.245004513517E-17,1.));
#8845 = ORIENTED_EDGE('',*,*,#8831,.F.);
#8846 = ORIENTED_EDGE('',*,*,#8811,.T.);
#8847 = SURFACE_OF_LINEAR_EXTRUSION('',#8848,#8853);
#8848 = CIRCLE('',#8849,0.2);
#8849 = AXIS2_PLACEMENT_3D('',#8850,#8851,#8852);
#8850 = CARTESIAN_POINT('',(10.638318502734,0.62389380531,
    27.545237614921));
#8851 = DIRECTION('',(8.673617379884E-19,1.,6.245004513517E-17));
#8852 = DIRECTION('',(2.775557561563E-17,-6.245004513517E-17,1.));
#8853 = VECTOR('',#8854,1.);
#8854 = DIRECTION('',(-0.36185062563,4.741647352493E-02,-0.931029431742)
  );
#8855 = ADVANCED_FACE('',(#8856),#8875,.T.);
#8856 = FACE_BOUND('',#8857,.T.);
#8857 = EDGE_LOOP('',(#8858,#8866,#8873,#8874));
#8858 = ORIENTED_EDGE('',*,*,#8859,.T.);
#8859 = EDGE_CURVE('',#8832,#8860,#8862,.T.);
#8860 = VERTEX_POINT('',#8861);
#8861 = CARTESIAN_POINT('',(9.976216274866,0.774336283186,
    24.686096231697));
#8862 = LINE('',#8863,#8864);
#8863 = CARTESIAN_POINT('',(10.064280613643,0.699115044248,
    26.268257524729));
#8864 = VECTOR('',#8865,1.);
#8865 = DIRECTION('',(-5.551225221863E-02,4.741647352493E-02,
    -0.997331473429));
#8866 = ORIENTED_EDGE('',*,*,#8867,.F.);
#8867 = EDGE_CURVE('',#8860,#8860,#8868,.T.);
#8868 = CIRCLE('',#8869,0.2);
#8869 = AXIS2_PLACEMENT_3D('',#8870,#8871,#8872);
#8870 = CARTESIAN_POINT('',(9.976216274866,0.774336283186,
    24.486096231697));
#8871 = DIRECTION('',(3.469446951954E-18,1.,6.938893903907E-17));
#8872 = DIRECTION('',(0.,-6.938893903907E-17,1.));
#8873 = ORIENTED_EDGE('',*,*,#8859,.F.);
#8874 = ORIENTED_EDGE('',*,*,#8839,.T.);
#8875 = SURFACE_OF_LINEAR_EXTRUSION('',#8876,#8881);
#8876 = CIRCLE('',#8877,0.2);
#8877 = AXIS2_PLACEMENT_3D('',#8878,#8879,#8880);
#8878 = CARTESIAN_POINT('',(10.064280613643,0.699115044248,
    26.068257524729));
#8879 = DIRECTION('',(3.469446951954E-18,1.,6.938893903907E-17));
#8880 = DIRECTION('',(0.,-6.938893903907E-17,1.));
#8881 = VECTOR('',#8882,1.);
#8882 = DIRECTION('',(-5.551225221863E-02,4.741647352493E-02,
    -0.997331473429));
#8883 = ADVANCED_FACE('',(#8884),#8903,.T.);
#8884 = FACE_BOUND('',#8885,.T.);
#8885 = EDGE_LOOP('',(#8886,#8894,#8901,#8902));
#8886 = ORIENTED_EDGE('',*,*,#8887,.T.);
#8887 = EDGE_CURVE('',#8860,#8888,#8890,.T.);
#8888 = VERTEX_POINT('',#8889);
#8889 = CARTESIAN_POINT('',(10.382796347936,0.849557522124,
    23.154534176435));
#8890 = LINE('',#8891,#8892);
#8891 = CARTESIAN_POINT('',(9.976216274866,0.774336283186,
    24.686096231697));
#8892 = VECTOR('',#8893,1.);
#8893 = DIRECTION('',(0.256291887008,4.741647352493E-02,-0.965435728929)
  );
#8894 = ORIENTED_EDGE('',*,*,#8895,.F.);
#8895 = EDGE_CURVE('',#8888,#8888,#8896,.T.);
#8896 = CIRCLE('',#8897,0.2);
#8897 = AXIS2_PLACEMENT_3D('',#8898,#8899,#8900);
#8898 = CARTESIAN_POINT('',(10.382796347936,0.849557522124,
    22.954534176435));
#8899 = DIRECTION('',(8.673617379884E-19,1.,7.632783294298E-17));
#8900 = DIRECTION('',(5.551115123126E-17,-7.632783294298E-17,1.));
#8901 = ORIENTED_EDGE('',*,*,#8887,.F.);
#8902 = ORIENTED_EDGE('',*,*,#8867,.T.);
#8903 = SURFACE_OF_LINEAR_EXTRUSION('',#8904,#8909);
#8904 = CIRCLE('',#8905,0.2);
#8905 = AXIS2_PLACEMENT_3D('',#8906,#8907,#8908);
#8906 = CARTESIAN_POINT('',(9.976216274866,0.774336283186,
    24.486096231697));
#8907 = DIRECTION('',(8.673617379884E-19,1.,7.632783294298E-17));
#8908 = DIRECTION('',(5.551115123126E-17,-7.632783294298E-17,1.));
#8909 = VECTOR('',#8910,1.);
#8910 = DIRECTION('',(0.256291887008,4.741647352493E-02,-0.965435728929)
  );
#8911 = ADVANCED_FACE('',(#8912),#8931,.T.);
#8912 = FACE_BOUND('',#8913,.T.);
#8913 = EDGE_LOOP('',(#8914,#8922,#8929,#8930));
#8914 = ORIENTED_EDGE('',*,*,#8915,.T.);
#8915 = EDGE_CURVE('',#8888,#8916,#8918,.T.);
#8916 = VERTEX_POINT('',#8917);
#8917 = CARTESIAN_POINT('',(11.243988743076,0.924778761062,
    21.824369771752));
#8918 = LINE('',#8919,#8920);
#8919 = CARTESIAN_POINT('',(10.382796347936,0.849557522124,
    23.154534176435));
#8920 = VECTOR('',#8921,1.);
#8921 = DIRECTION('',(0.542861391018,4.741647352493E-02,-0.838482670173)
  );
#8922 = ORIENTED_EDGE('',*,*,#8923,.F.);
#8923 = EDGE_CURVE('',#8916,#8916,#8924,.T.);
#8924 = CIRCLE('',#8925,0.2);
#8925 = AXIS2_PLACEMENT_3D('',#8926,#8927,#8928);
#8926 = CARTESIAN_POINT('',(11.243988743076,0.924778761062,
    21.624369771752));
#8927 = DIRECTION('',(-1.734723475977E-18,1.,7.632783294298E-17));
#8928 = DIRECTION('',(8.326672684689E-17,-7.632783294298E-17,1.));
#8929 = ORIENTED_EDGE('',*,*,#8915,.F.);
#8930 = ORIENTED_EDGE('',*,*,#8895,.T.);
#8931 = SURFACE_OF_LINEAR_EXTRUSION('',#8932,#8937);
#8932 = CIRCLE('',#8933,0.2);
#8933 = AXIS2_PLACEMENT_3D('',#8934,#8935,#8936);
#8934 = CARTESIAN_POINT('',(10.382796347936,0.849557522124,
    22.954534176435));
#8935 = DIRECTION('',(-1.734723475977E-18,1.,7.632783294298E-17));
#8936 = DIRECTION('',(8.326672684689E-17,-7.632783294298E-17,1.));
#8937 = VECTOR('',#8938,1.);
#8938 = DIRECTION('',(0.542861391018,4.741647352493E-02,-0.838482670173)
  );
#8939 = ADVANCED_FACE('',(#8940),#8959,.T.);
#8940 = FACE_BOUND('',#8941,.T.);
#8941 = EDGE_LOOP('',(#8942,#8950,#8957,#8958));
#8942 = ORIENTED_EDGE('',*,*,#8943,.T.);
#8943 = EDGE_CURVE('',#8916,#8944,#8946,.T.);
#8944 = VERTEX_POINT('',#8945);
#8945 = CARTESIAN_POINT('',(12.475,1.,20.826571710889));
#8946 = LINE('',#8947,#8948);
#8947 = CARTESIAN_POINT('',(11.243988743076,0.924778761062,
    21.824369771752));
#8948 = VECTOR('',#8949,1.);
#8949 = DIRECTION('',(0.775980474356,4.741647352493E-02,-0.628972162704)
  );
#8950 = ORIENTED_EDGE('',*,*,#8951,.F.);
#8951 = EDGE_CURVE('',#8944,#8944,#8952,.T.);
#8952 = CIRCLE('',#8953,0.2);
#8953 = AXIS2_PLACEMENT_3D('',#8954,#8955,#8956);
#8954 = CARTESIAN_POINT('',(12.475,1.,20.626571710889));
#8955 = DIRECTION('',(-3.469446951954E-18,1.,8.326672684689E-17));
#8956 = DIRECTION('',(8.326672684689E-17,-8.326672684689E-17,1.));
#8957 = ORIENTED_EDGE('',*,*,#8943,.F.);
#8958 = ORIENTED_EDGE('',*,*,#8923,.T.);
#8959 = SURFACE_OF_LINEAR_EXTRUSION('',#8960,#8965);
#8960 = CIRCLE('',#8961,0.2);
#8961 = AXIS2_PLACEMENT_3D('',#8962,#8963,#8964);
#8962 = CARTESIAN_POINT('',(11.243988743076,0.924778761062,
    21.624369771752));
#8963 = DIRECTION('',(-3.469446951954E-18,1.,8.326672684689E-17));
#8964 = DIRECTION('',(8.326672684689E-17,-8.326672684689E-17,1.));
#8965 = VECTOR('',#8966,1.);
#8966 = DIRECTION('',(0.775980474356,4.741647352493E-02,-0.628972162704)
  );
#8967 = ADVANCED_FACE('',(#8968),#8987,.T.);
#8968 = FACE_BOUND('',#8969,.T.);
#8969 = EDGE_LOOP('',(#8970,#8978,#8985,#8986));
#8970 = ORIENTED_EDGE('',*,*,#8971,.T.);
#8971 = EDGE_CURVE('',#8944,#8972,#8974,.T.);
#8972 = VERTEX_POINT('',#8973);
#8973 = CARTESIAN_POINT('',(13.954624097016,1.075221238938,
    20.25938372048));
#8974 = LINE('',#8975,#8976);
#8975 = CARTESIAN_POINT('',(12.475,1.,20.826571710889));
#8976 = VECTOR('',#8977,1.);
#8977 = DIRECTION('',(0.932696108353,4.741647352493E-02,-0.357532722281)
  );
#8978 = ORIENTED_EDGE('',*,*,#8979,.F.);
#8979 = EDGE_CURVE('',#8972,#8972,#8980,.T.);
#8980 = CIRCLE('',#8981,0.2);
#8981 = AXIS2_PLACEMENT_3D('',#8982,#8983,#8984);
#8982 = CARTESIAN_POINT('',(13.954624097016,1.075221238938,
    20.05938372048));
#8983 = DIRECTION('',(2.602085213965E-18,1.,7.632783294298E-17));
#8984 = DIRECTION('',(1.110223024625E-16,-7.632783294298E-17,1.));
#8985 = ORIENTED_EDGE('',*,*,#8971,.F.);
#8986 = ORIENTED_EDGE('',*,*,#8951,.T.);
#8987 = SURFACE_OF_LINEAR_EXTRUSION('',#8988,#8993);
#8988 = CIRCLE('',#8989,0.2);
#8989 = AXIS2_PLACEMENT_3D('',#8990,#8991,#8992);
#8990 = CARTESIAN_POINT('',(12.475,1.,20.626571710889));
#8991 = DIRECTION('',(2.602085213965E-18,1.,7.632783294298E-17));
#8992 = DIRECTION('',(1.110223024625E-16,-7.632783294298E-17,1.));
#8993 = VECTOR('',#8994,1.);
#8994 = DIRECTION('',(0.932696108353,4.741647352493E-02,-0.357532722281)
  );
#8995 = ADVANCED_FACE('',(#8996),#9015,.T.);
#8996 = FACE_BOUND('',#8997,.T.);
#8997 = EDGE_LOOP('',(#8998,#9006,#9013,#9014));
#8998 = ORIENTED_EDGE('',*,*,#8999,.T.);
#8999 = EDGE_CURVE('',#8972,#9000,#9002,.T.);
#9000 = VERTEX_POINT('',#9001);
#9001 = CARTESIAN_POINT('',(15.537176460252,1.150442477876,
    20.178651431084));
#9002 = LINE('',#9003,#9004);
#9003 = CARTESIAN_POINT('',(13.954624097016,1.075221238938,
    20.25938372048));
#9004 = VECTOR('',#9005,1.);
#9005 = DIRECTION('',(0.997577988512,4.741647352493E-02,
    -5.089042026914E-02));
#9006 = ORIENTED_EDGE('',*,*,#9007,.F.);
#9007 = EDGE_CURVE('',#9000,#9000,#9008,.T.);
#9008 = CIRCLE('',#9009,0.2);
#9009 = AXIS2_PLACEMENT_3D('',#9010,#9011,#9012);
#9010 = CARTESIAN_POINT('',(15.537176460252,1.150442477876,
    19.978651431084));
#9011 = DIRECTION('',(9.540979117872E-18,1.,9.71445146547E-17));
#9012 = DIRECTION('',(5.551115123126E-17,-9.71445146547E-17,1.));
#9013 = ORIENTED_EDGE('',*,*,#8999,.F.);
#9014 = ORIENTED_EDGE('',*,*,#8979,.T.);
#9015 = SURFACE_OF_LINEAR_EXTRUSION('',#9016,#9021);
#9016 = CIRCLE('',#9017,0.2);
#9017 = AXIS2_PLACEMENT_3D('',#9018,#9019,#9020);
#9018 = CARTESIAN_POINT('',(13.954624097016,1.075221238938,
    20.05938372048));
#9019 = DIRECTION('',(9.540979117872E-18,1.,9.71445146547E-17));
#9020 = DIRECTION('',(5.551115123126E-17,-9.71445146547E-17,1.));
#9021 = VECTOR('',#9022,1.);
#9022 = DIRECTION('',(0.997577988512,4.741647352493E-02,
    -5.089042026914E-02));
#9023 = ADVANCED_FACE('',(#9024),#9043,.T.);
#9024 = FACE_BOUND('',#9025,.T.);
#9025 = EDGE_LOOP('',(#9026,#9034,#9041,#9042));
#9026 = ORIENTED_EDGE('',*,*,#9027,.T.);
#9027 = EDGE_CURVE('',#9000,#9028,#9030,.T.);
#9028 = VERTEX_POINT('',#9029);
#9029 = CARTESIAN_POINT('',(17.066838144116,1.225663716814,
    20.592323786763));
#9030 = LINE('',#9031,#9032);
#9031 = CARTESIAN_POINT('',(15.537176460252,1.150442477876,
    20.178651431084));
#9032 = VECTOR('',#9033,1.);
#9033 = DIRECTION('',(0.964237810478,4.741647352493E-02,0.260762579532)
  );
#9034 = ORIENTED_EDGE('',*,*,#9035,.F.);
#9035 = EDGE_CURVE('',#9028,#9028,#9036,.T.);
#9036 = CIRCLE('',#9037,0.2);
#9037 = AXIS2_PLACEMENT_3D('',#9038,#9039,#9040);
#9038 = CARTESIAN_POINT('',(17.066838144116,1.225663716814,
    20.392323786763));
#9039 = DIRECTION('',(2.602085213965E-18,1.,9.020562075079E-17));
#9040 = DIRECTION('',(5.551115123126E-17,-9.020562075079E-17,1.));
#9041 = ORIENTED_EDGE('',*,*,#9027,.F.);
#9042 = ORIENTED_EDGE('',*,*,#9007,.T.);
#9043 = SURFACE_OF_LINEAR_EXTRUSION('',#9044,#9049);
#9044 = CIRCLE('',#9045,0.2);
#9045 = AXIS2_PLACEMENT_3D('',#9046,#9047,#9048);
#9046 = CARTESIAN_POINT('',(15.537176460252,1.150442477876,
    19.978651431084));
#9047 = DIRECTION('',(2.602085213965E-18,1.,9.020562075079E-17));
#9048 = DIRECTION('',(5.551115123126E-17,-9.020562075079E-17,1.));
#9049 = VECTOR('',#9050,1.);
#9050 = DIRECTION('',(0.964237810478,4.741647352493E-02,0.260762579532)
  );
#9051 = ADVANCED_FACE('',(#9052),#9071,.T.);
#9052 = FACE_BOUND('',#9053,.T.);
#9053 = EDGE_LOOP('',(#9054,#9062,#9069,#9070));
#9054 = ORIENTED_EDGE('',*,*,#9055,.T.);
#9055 = EDGE_CURVE('',#9028,#9056,#9058,.T.);
#9056 = VERTEX_POINT('',#9057);
#9057 = CARTESIAN_POINT('',(18.392997847378,1.300884955752,
    21.459670387828));
#9058 = LINE('',#9059,#9060);
#9059 = CARTESIAN_POINT('',(17.066838144116,1.225663716814,
    20.592323786763));
#9060 = VECTOR('',#9061,1.);
#9061 = DIRECTION('',(0.835958265874,4.741647352493E-02,0.546740757357)
  );
#9062 = ORIENTED_EDGE('',*,*,#9063,.F.);
#9063 = EDGE_CURVE('',#9056,#9056,#9064,.T.);
#9064 = CIRCLE('',#9065,0.2);
#9065 = AXIS2_PLACEMENT_3D('',#9066,#9067,#9068);
#9066 = CARTESIAN_POINT('',(18.392997847378,1.300884955752,
    21.259670387828));
#9067 = DIRECTION('',(3.469446951954E-18,1.,8.326672684689E-17));
#9068 = DIRECTION('',(8.326672684689E-17,-8.326672684689E-17,1.));
#9069 = ORIENTED_EDGE('',*,*,#9055,.F.);
#9070 = ORIENTED_EDGE('',*,*,#9035,.T.);
#9071 = SURFACE_OF_LINEAR_EXTRUSION('',#9072,#9077);
#9072 = CIRCLE('',#9073,0.2);
#9073 = AXIS2_PLACEMENT_3D('',#9074,#9075,#9076);
#9074 = CARTESIAN_POINT('',(17.066838144116,1.225663716814,
    20.392323786763));
#9075 = DIRECTION('',(3.469446951954E-18,1.,8.326672684689E-17));
#9076 = DIRECTION('',(8.326672684689E-17,-8.326672684689E-17,1.));
#9077 = VECTOR('',#9078,1.);
#9078 = DIRECTION('',(0.835958265874,4.741647352493E-02,0.546740757357)
  );
#9079 = ADVANCED_FACE('',(#9080),#9099,.T.);
#9080 = FACE_BOUND('',#9081,.T.);
#9081 = EDGE_LOOP('',(#9082,#9090,#9097,#9098));
#9082 = ORIENTED_EDGE('',*,*,#9083,.T.);
#9083 = EDGE_CURVE('',#9056,#9084,#9086,.T.);
#9084 = VERTEX_POINT('',#9085);
#9085 = CARTESIAN_POINT('',(19.385081181822,1.37610619469,
    22.695291827612));
#9086 = LINE('',#9087,#9088);
#9087 = CARTESIAN_POINT('',(18.392997847378,1.300884955752,
    21.459670387828));
#9088 = VECTOR('',#9089,1.);
#9089 = DIRECTION('',(0.625369826745,4.741647352493E-02,0.778886550042)
  );
#9090 = ORIENTED_EDGE('',*,*,#9091,.F.);
#9091 = EDGE_CURVE('',#9084,#9084,#9092,.T.);
#9092 = CIRCLE('',#9093,0.2);
#9093 = AXIS2_PLACEMENT_3D('',#9094,#9095,#9096);
#9094 = CARTESIAN_POINT('',(19.385081181822,1.37610619469,
    22.495291827612));
#9095 = DIRECTION('',(1.214306433184E-17,1.,9.020562075079E-17));
#9096 = DIRECTION('',(1.110223024625E-16,-9.020562075079E-17,1.));
#9097 = ORIENTED_EDGE('',*,*,#9083,.F.);
#9098 = ORIENTED_EDGE('',*,*,#9063,.T.);
#9099 = SURFACE_OF_LINEAR_EXTRUSION('',#9100,#9105);
#9100 = CIRCLE('',#9101,0.2);
#9101 = AXIS2_PLACEMENT_3D('',#9102,#9103,#9104);
#9102 = CARTESIAN_POINT('',(18.392997847378,1.300884955752,
    21.259670387828));
#9103 = DIRECTION('',(1.214306433184E-17,1.,9.020562075079E-17));
#9104 = DIRECTION('',(1.110223024625E-16,-9.020562075079E-17,1.));
#9105 = VECTOR('',#9106,1.);
#9106 = DIRECTION('',(0.625369826745,4.741647352493E-02,0.778886550042)
  );
#9107 = ADVANCED_FACE('',(#9108),#9127,.T.);
#9108 = FACE_BOUND('',#9109,.T.);
#9109 = EDGE_LOOP('',(#9110,#9118,#9125,#9126));
#9110 = ORIENTED_EDGE('',*,*,#9111,.T.);
#9111 = EDGE_CURVE('',#9084,#9112,#9114,.T.);
#9112 = VERTEX_POINT('',#9113);
#9113 = CARTESIAN_POINT('',(19.945407095811,1.451327433628,
    24.177528163372));
#9114 = LINE('',#9115,#9116);
#9115 = CARTESIAN_POINT('',(19.385081181822,1.37610619469,
    22.695291827612));
#9116 = VECTOR('',#9117,1.);
#9117 = DIRECTION('',(0.353207142572,4.741647352493E-02,0.934342759631)
  );
#9118 = ORIENTED_EDGE('',*,*,#9119,.F.);
#9119 = EDGE_CURVE('',#9112,#9112,#9120,.T.);
#9120 = CIRCLE('',#9121,0.2);
#9121 = AXIS2_PLACEMENT_3D('',#9122,#9123,#9124);
#9122 = CARTESIAN_POINT('',(19.945407095811,1.451327433628,
    23.977528163372));
#9123 = DIRECTION('',(7.806255641896E-18,1.,8.326672684689E-17));
#9124 = DIRECTION('',(1.387778780781E-16,-8.326672684689E-17,1.));
#9125 = ORIENTED_EDGE('',*,*,#9111,.F.);
#9126 = ORIENTED_EDGE('',*,*,#9091,.T.);
#9127 = SURFACE_OF_LINEAR_EXTRUSION('',#9128,#9133);
#9128 = CIRCLE('',#9129,0.2);
#9129 = AXIS2_PLACEMENT_3D('',#9130,#9131,#9132);
#9130 = CARTESIAN_POINT('',(19.385081181822,1.37610619469,
    22.495291827612));
#9131 = DIRECTION('',(7.806255641896E-18,1.,8.326672684689E-17));
#9132 = DIRECTION('',(1.387778780781E-16,-8.326672684689E-17,1.));
#9133 = VECTOR('',#9134,1.);
#9134 = DIRECTION('',(0.353207142572,4.741647352493E-02,0.934342759631)
  );
#9135 = ADVANCED_FACE('',(#9136),#9155,.T.);
#9136 = FACE_BOUND('',#9137,.T.);
#9137 = EDGE_LOOP('',(#9138,#9146,#9153,#9154));
#9138 = ORIENTED_EDGE('',*,*,#9139,.T.);
#9139 = EDGE_CURVE('',#9112,#9140,#9142,.T.);
#9140 = VERTEX_POINT('',#9141);
#9141 = CARTESIAN_POINT('',(20.018805602472,1.526548672566,
    25.760437618822));
#9142 = LINE('',#9143,#9144);
#9143 = CARTESIAN_POINT('',(19.945407095811,1.451327433628,
    24.177528163372));
#9144 = VECTOR('',#9145,1.);
#9145 = DIRECTION('',(4.626749568337E-02,4.741647352493E-02,
    0.997803085224));
#9146 = ORIENTED_EDGE('',*,*,#9147,.F.);
#9147 = EDGE_CURVE('',#9140,#9140,#9148,.T.);
#9148 = CIRCLE('',#9149,0.2);
#9149 = AXIS2_PLACEMENT_3D('',#9150,#9151,#9152);
#9150 = CARTESIAN_POINT('',(20.018805602472,1.526548672566,
    25.560437618822));
#9151 = DIRECTION('',(6.938893903907E-18,1.,5.551115123126E-17));
#9152 = DIRECTION('',(8.326672684689E-17,-5.551115123126E-17,1.));
#9153 = ORIENTED_EDGE('',*,*,#9139,.F.);
#9154 = ORIENTED_EDGE('',*,*,#9119,.T.);
#9155 = SURFACE_OF_LINEAR_EXTRUSION('',#9156,#9161);
#9156 = CIRCLE('',#9157,0.2);
#9157 = AXIS2_PLACEMENT_3D('',#9158,#9159,#9160);
#9158 = CARTESIAN_POINT('',(19.945407095811,1.451327433628,
    23.977528163372));
#9159 = DIRECTION('',(6.938893903907E-18,1.,5.551115123126E-17));
#9160 = DIRECTION('',(8.326672684689E-17,-5.551115123126E-17,1.));
#9161 = VECTOR('',#9162,1.);
#9162 = DIRECTION('',(4.626749568337E-02,4.741647352493E-02,
    0.997803085224));
#9163 = ADVANCED_FACE('',(#9164),#9183,.T.);
#9164 = FACE_BOUND('',#9165,.T.);
#9165 = EDGE_LOOP('',(#9166,#9174,#9181,#9182));
#9166 = ORIENTED_EDGE('',*,*,#9167,.T.);
#9167 = EDGE_CURVE('',#9140,#9168,#9170,.T.);
#9168 = VERTEX_POINT('',#9169);
#9169 = CARTESIAN_POINT('',(19.598049845885,1.601769911504,
    27.288166088882));
#9170 = LINE('',#9171,#9172);
#9171 = CARTESIAN_POINT('',(20.018805602472,1.526548672566,
    25.760437618822));
#9172 = VECTOR('',#9173,1.);
#9173 = DIRECTION('',(-0.265227673385,4.741647352493E-02,0.963019189481)
  );
#9174 = ORIENTED_EDGE('',*,*,#9175,.F.);
#9175 = EDGE_CURVE('',#9168,#9168,#9176,.T.);
#9176 = CIRCLE('',#9177,0.2);
#9177 = AXIS2_PLACEMENT_3D('',#9178,#9179,#9180);
#9178 = CARTESIAN_POINT('',(19.598049845885,1.601769911504,
    27.088166088882));
#9179 = DIRECTION('',(8.673617379884E-18,1.,8.326672684689E-17));
#9180 = DIRECTION('',(1.387778780781E-16,-8.326672684689E-17,1.));
#9181 = ORIENTED_EDGE('',*,*,#9167,.F.);
#9182 = ORIENTED_EDGE('',*,*,#9147,.T.);
#9183 = SURFACE_OF_LINEAR_EXTRUSION('',#9184,#9189);
#9184 = CIRCLE('',#9185,0.2);
#9185 = AXIS2_PLACEMENT_3D('',#9186,#9187,#9188);
#9186 = CARTESIAN_POINT('',(20.018805602472,1.526548672566,
    25.560437618822));
#9187 = DIRECTION('',(8.673617379884E-18,1.,8.326672684689E-17));
#9188 = DIRECTION('',(1.387778780781E-16,-8.326672684689E-17,1.));
#9189 = VECTOR('',#9190,1.);
#9190 = DIRECTION('',(-0.265227673385,4.741647352493E-02,0.963019189481)
  );
#9191 = ADVANCED_FACE('',(#9192),#9211,.T.);
#9192 = FACE_BOUND('',#9193,.T.);
#9193 = EDGE_LOOP('',(#9194,#9202,#9209,#9210));
#9194 = ORIENTED_EDGE('',*,*,#9195,.T.);
#9195 = EDGE_CURVE('',#9168,#9196,#9198,.T.);
#9196 = VERTEX_POINT('',#9197);
#9197 = CARTESIAN_POINT('',(18.72456766115,1.676991150442,28.61029261758
    ));
#9198 = LINE('',#9199,#9200);
#9199 = CARTESIAN_POINT('',(19.598049845885,1.601769911504,
    27.288166088882));
#9200 = VECTOR('',#9201,1.);
#9201 = DIRECTION('',(-0.550608384968,4.741647352493E-02,0.83341591324)
  );
#9202 = ORIENTED_EDGE('',*,*,#9203,.F.);
#9203 = EDGE_CURVE('',#9196,#9196,#9204,.T.);
#9204 = CIRCLE('',#9205,0.2);
#9205 = AXIS2_PLACEMENT_3D('',#9206,#9207,#9208);
#9206 = CARTESIAN_POINT('',(18.72456766115,1.676991150442,28.41029261758
    ));
#9207 = DIRECTION('',(8.673617379884E-18,1.,7.632783294298E-17));
#9208 = DIRECTION('',(1.665334536938E-16,-7.632783294298E-17,1.));
#9209 = ORIENTED_EDGE('',*,*,#9195,.F.);
#9210 = ORIENTED_EDGE('',*,*,#9175,.T.);
#9211 = SURFACE_OF_LINEAR_EXTRUSION('',#9212,#9217);
#9212 = CIRCLE('',#9213,0.2);
#9213 = AXIS2_PLACEMENT_3D('',#9214,#9215,#9216);
#9214 = CARTESIAN_POINT('',(19.598049845885,1.601769911504,
    27.088166088882));
#9215 = DIRECTION('',(8.673617379884E-18,1.,7.632783294298E-17));
#9216 = DIRECTION('',(1.665334536938E-16,-7.632783294298E-17,1.));
#9217 = VECTOR('',#9218,1.);
#9218 = DIRECTION('',(-0.550608384968,4.741647352493E-02,0.83341591324)
  );
#9219 = ADVANCED_FACE('',(#9220),#9239,.T.);
#9220 = FACE_BOUND('',#9221,.T.);
#9221 = EDGE_LOOP('',(#9222,#9230,#9237,#9238));
#9222 = ORIENTED_EDGE('',*,*,#9223,.T.);
#9223 = EDGE_CURVE('',#9196,#9224,#9226,.T.);
#9224 = VERTEX_POINT('',#9225);
#9225 = CARTESIAN_POINT('',(17.484362567759,1.752212389381,
    29.596639925206));
#9226 = LINE('',#9227,#9228);
#9227 = CARTESIAN_POINT('',(18.72456766115,1.676991150442,28.61029261758
    ));
#9228 = VECTOR('',#9229,1.);
#9229 = DIRECTION('',(-0.781775902743,4.741647352493E-02,0.621754063862)
  );
#9230 = ORIENTED_EDGE('',*,*,#9231,.F.);
#9231 = EDGE_CURVE('',#9224,#9224,#9232,.T.);
#9232 = CIRCLE('',#9233,0.2);
#9233 = AXIS2_PLACEMENT_3D('',#9234,#9235,#9236);
#9234 = CARTESIAN_POINT('',(17.484362567759,1.752212389381,
    29.396639925206));
#9235 = DIRECTION('',(-1.734723475977E-18,1.,6.938893903907E-17));
#9236 = DIRECTION('',(2.22044604925E-16,-6.938893903907E-17,1.));
#9237 = ORIENTED_EDGE('',*,*,#9223,.F.);
#9238 = ORIENTED_EDGE('',*,*,#9203,.T.);
#9239 = SURFACE_OF_LINEAR_EXTRUSION('',#9240,#9245);
#9240 = CIRCLE('',#9241,0.2);
#9241 = AXIS2_PLACEMENT_3D('',#9242,#9243,#9244);
#9242 = CARTESIAN_POINT('',(18.72456766115,1.676991150442,28.41029261758
    ));
#9243 = DIRECTION('',(-1.734723475977E-18,1.,6.938893903907E-17));
#9244 = DIRECTION('',(2.22044604925E-16,-6.938893903907E-17,1.));
#9245 = VECTOR('',#9246,1.);
#9246 = DIRECTION('',(-0.781775902743,4.741647352493E-02,0.621754063862)
  );
#9247 = ADVANCED_FACE('',(#9248),#9267,.T.);
#9248 = FACE_BOUND('',#9249,.T.);
#9249 = EDGE_LOOP('',(#9250,#9258,#9265,#9266));
#9250 = ORIENTED_EDGE('',*,*,#9251,.T.);
#9251 = EDGE_CURVE('',#9224,#9252,#9254,.T.);
#9252 = VERTEX_POINT('',#9253);
#9253 = CARTESIAN_POINT('',(15.999545817422,1.827433628319,
    30.15009173237));
#9254 = LINE('',#9255,#9256);
#9255 = CARTESIAN_POINT('',(17.484362567759,1.752212389381,
    29.596639925206));
#9256 = VECTOR('',#9257,1.);
#9257 = DIRECTION('',(-0.935969350222,4.741647352493E-02,0.348873979373)
  );
#9258 = ORIENTED_EDGE('',*,*,#9259,.F.);
#9259 = EDGE_CURVE('',#9252,#9252,#9260,.T.);
#9260 = CIRCLE('',#9261,0.2);
#9261 = AXIS2_PLACEMENT_3D('',#9262,#9263,#9264);
#9262 = CARTESIAN_POINT('',(15.999545817422,1.827433628319,
    29.95009173237));
#9263 = DIRECTION('',(-2.602085213965E-18,1.,6.245004513517E-17));
#9264 = DIRECTION('',(1.942890293094E-16,-6.245004513517E-17,1.));
#9265 = ORIENTED_EDGE('',*,*,#9251,.F.);
#9266 = ORIENTED_EDGE('',*,*,#9231,.T.);
#9267 = SURFACE_OF_LINEAR_EXTRUSION('',#9268,#9273);
#9268 = CIRCLE('',#9269,0.2);
#9269 = AXIS2_PLACEMENT_3D('',#9270,#9271,#9272);
#9270 = CARTESIAN_POINT('',(17.484362567759,1.752212389381,
    29.396639925206));
#9271 = DIRECTION('',(-2.602085213965E-18,1.,6.245004513517E-17));
#9272 = DIRECTION('',(1.942890293094E-16,-6.245004513517E-17,1.));
#9273 = VECTOR('',#9274,1.);
#9274 = DIRECTION('',(-0.935969350222,4.741647352493E-02,0.348873979373)
  );
#9275 = ADVANCED_FACE('',(#9276),#9295,.T.);
#9276 = FACE_BOUND('',#9277,.T.);
#9277 = EDGE_LOOP('',(#9278,#9286,#9293,#9294));
#9278 = ORIENTED_EDGE('',*,*,#9279,.T.);
#9279 = EDGE_CURVE('',#9252,#9280,#9282,.T.);
#9280 = VERTEX_POINT('',#9281);
#9281 = CARTESIAN_POINT('',(14.416313255412,1.902654867257,
    30.216154880403));
#9282 = LINE('',#9283,#9284);
#9283 = CARTESIAN_POINT('',(15.999545817422,1.827433628319,
    30.15009173237));
#9284 = VECTOR('',#9285,1.);
#9285 = DIRECTION('',(-0.998006758731,4.741647352493E-02,
    4.164357771724E-02));
#9286 = ORIENTED_EDGE('',*,*,#9287,.F.);
#9287 = EDGE_CURVE('',#9280,#9280,#9288,.T.);
#9288 = CIRCLE('',#9289,0.2);
#9289 = AXIS2_PLACEMENT_3D('',#9290,#9291,#9292);
#9290 = CARTESIAN_POINT('',(14.416313255412,1.902654867257,
    30.016154880403));
#9291 = DIRECTION('',(6.938893903907E-18,1.,6.245004513517E-17));
#9292 = DIRECTION('',(1.942890293094E-16,-6.245004513517E-17,1.));
#9293 = ORIENTED_EDGE('',*,*,#9279,.F.);
#9294 = ORIENTED_EDGE('',*,*,#9259,.T.);
#9295 = SURFACE_OF_LINEAR_EXTRUSION('',#9296,#9301);
#9296 = CIRCLE('',#9297,0.2);
#9297 = AXIS2_PLACEMENT_3D('',#9298,#9299,#9300);
#9298 = CARTESIAN_POINT('',(15.999545817422,1.827433628319,
    29.95009173237));
#9299 = DIRECTION('',(6.938893903907E-18,1.,6.245004513517E-17));
#9300 = DIRECTION('',(1.942890293094E-16,-6.245004513517E-17,1.));
#9301 = VECTOR('',#9302,1.);
#9302 = DIRECTION('',(-0.998006758731,4.741647352493E-02,
    4.164357771724E-02));
#9303 = ADVANCED_FACE('',(#9304),#9323,.T.);
#9304 = FACE_BOUND('',#9305,.T.);
#9305 = EDGE_LOOP('',(#9306,#9314,#9321,#9322));
#9306 = ORIENTED_EDGE('',*,*,#9307,.T.);
#9307 = EDGE_CURVE('',#9280,#9308,#9310,.T.);
#9308 = VERTEX_POINT('',#9309);
#9309 = CARTESIAN_POINT('',(12.890550800055,1.977876106195,
    29.78832475669));
#9310 = LINE('',#9311,#9312);
#9311 = CARTESIAN_POINT('',(14.416313255412,1.902654867257,
    30.216154880403));
#9312 = VECTOR('',#9313,1.);
#9313 = DIRECTION('',(-0.961779892104,4.741647352493E-02,-0.269687072702
    ));
#9314 = ORIENTED_EDGE('',*,*,#9315,.F.);
#9315 = EDGE_CURVE('',#9308,#9308,#9316,.T.);
#9316 = CIRCLE('',#9317,0.2);
#9317 = AXIS2_PLACEMENT_3D('',#9318,#9319,#9320);
#9318 = CARTESIAN_POINT('',(12.890550800055,1.977876106195,
    29.58832475669));
#9319 = DIRECTION('',(4.336808689942E-18,1.,5.551115123126E-17));
#9320 = DIRECTION('',(1.942890293094E-16,-5.551115123126E-17,1.));
#9321 = ORIENTED_EDGE('',*,*,#9307,.F.);
#9322 = ORIENTED_EDGE('',*,*,#9287,.T.);
#9323 = SURFACE_OF_LINEAR_EXTRUSION('',#9324,#9329);
#9324 = CIRCLE('',#9325,0.2);
#9325 = AXIS2_PLACEMENT_3D('',#9326,#9327,#9328);
#9326 = CARTESIAN_POINT('',(14.416313255412,1.902654867257,
    30.016154880403));
#9327 = DIRECTION('',(4.336808689942E-18,1.,5.551115123126E-17));
#9328 = DIRECTION('',(1.942890293094E-16,-5.551115123126E-17,1.));
#9329 = VECTOR('',#9330,1.);
#9330 = DIRECTION('',(-0.961779892104,4.741647352493E-02,-0.269687072702
    ));
#9331 = ADVANCED_FACE('',(#9332),#9351,.T.);
#9332 = FACE_BOUND('',#9333,.T.);
#9333 = EDGE_LOOP('',(#9334,#9342,#9349,#9350));
#9334 = ORIENTED_EDGE('',*,*,#9335,.T.);
#9335 = EDGE_CURVE('',#9308,#9336,#9338,.T.);
#9336 = VERTEX_POINT('',#9337);
#9337 = CARTESIAN_POINT('',(11.572485832472,2.053097345133,
    28.908725742272));
#9338 = LINE('',#9339,#9340);
#9339 = CARTESIAN_POINT('',(12.890550800055,1.977876106195,
    29.78832475669));
#9340 = VECTOR('',#9341,1.);
#9341 = DIRECTION('',(-0.830855666855,4.741647352493E-02,-0.554464190812
    ));
#9342 = ORIENTED_EDGE('',*,*,#9343,.F.);
#9343 = EDGE_CURVE('',#9336,#9336,#9344,.T.);
#9344 = CIRCLE('',#9345,0.2);
#9345 = AXIS2_PLACEMENT_3D('',#9346,#9347,#9348);
#9346 = CARTESIAN_POINT('',(11.572485832472,2.053097345133,
    28.708725742272));
#9347 = DIRECTION('',(-1.214306433184E-17,1.,7.632783294298E-17));
#9348 = DIRECTION('',(2.22044604925E-16,-7.632783294298E-17,1.));
#9349 = ORIENTED_EDGE('',*,*,#9335,.F.);
#9350 = ORIENTED_EDGE('',*,*,#9315,.T.);
#9351 = SURFACE_OF_LINEAR_EXTRUSION('',#9352,#9357);
#9352 = CIRCLE('',#9353,0.2);
#9353 = AXIS2_PLACEMENT_3D('',#9354,#9355,#9356);
#9354 = CARTESIAN_POINT('',(12.890550800055,1.977876106195,
    29.58832475669));
#9355 = DIRECTION('',(-1.214306433184E-17,1.,7.632783294298E-17));
#9356 = DIRECTION('',(2.22044604925E-16,-7.632783294298E-17,1.));
#9357 = VECTOR('',#9358,1.);
#9358 = DIRECTION('',(-0.830855666855,4.741647352493E-02,-0.554464190812
    ));
#9359 = ADVANCED_FACE('',(#9360),#9379,.T.);
#9360 = FACE_BOUND('',#9361,.T.);
#9361 = EDGE_LOOP('',(#9362,#9370,#9377,#9378));
#9362 = ORIENTED_EDGE('',*,*,#9363,.T.);
#9363 = EDGE_CURVE('',#9336,#9364,#9366,.T.);
#9364 = VERTEX_POINT('',#9365);
#9365 = CARTESIAN_POINT('',(10.591895728907,2.128318584071,
    27.66396362294));
#9366 = LINE('',#9367,#9368);
#9367 = CARTESIAN_POINT('',(11.572485832472,2.053097345133,
    28.908725742272));
#9368 = VECTOR('',#9369,1.);
#9369 = DIRECTION('',(-0.618124951688,4.741647352493E-02,-0.784648470424
    ));
#9370 = ORIENTED_EDGE('',*,*,#9371,.F.);
#9371 = EDGE_CURVE('',#9364,#9364,#9372,.T.);
#9372 = CIRCLE('',#9373,0.2);
#9373 = AXIS2_PLACEMENT_3D('',#9374,#9375,#9376);
#9374 = CARTESIAN_POINT('',(10.591895728907,2.128318584071,
    27.46396362294));
#9375 = DIRECTION('',(-2.515349040166E-17,1.,6.938893903907E-17));
#9376 = DIRECTION('',(3.608224830032E-16,-6.938893903907E-17,1.));
#9377 = ORIENTED_EDGE('',*,*,#9363,.F.);
#9378 = ORIENTED_EDGE('',*,*,#9343,.T.);
#9379 = SURFACE_OF_LINEAR_EXTRUSION('',#9380,#9385);
#9380 = CIRCLE('',#9381,0.2);
#9381 = AXIS2_PLACEMENT_3D('',#9382,#9383,#9384);
#9382 = CARTESIAN_POINT('',(11.572485832472,2.053097345133,
    28.708725742272));
#9383 = DIRECTION('',(-2.515349040166E-17,1.,6.938893903907E-17));
#9384 = DIRECTION('',(3.608224830032E-16,-6.938893903907E-17,1.));
#9385 = VECTOR('',#9386,1.);
#9386 = DIRECTION('',(-0.618124951688,4.741647352493E-02,-0.784648470424
    ));
#9387 = ADVANCED_FACE('',(#9388),#9407,.T.);
#9388 = FACE_BOUND('',#9389,.T.);
#9389 = EDGE_LOOP('',(#9390,#9398,#9405,#9406));
#9390 = ORIENTED_EDGE('',*,*,#9391,.T.);
#9391 = EDGE_CURVE('',#9364,#9392,#9394,.T.);
#9392 = VERTEX_POINT('',#9393);
#9393 = CARTESIAN_POINT('',(10.045329911386,2.203539823009,
    26.176598337594));
#9394 = LINE('',#9395,#9396);
#9395 = CARTESIAN_POINT('',(10.591895728907,2.128318584071,
    27.66396362294));
#9396 = VECTOR('',#9397,1.);
#9397 = DIRECTION('',(-0.34453332572,4.741647352493E-02,-0.937575845202)
  );
#9398 = ORIENTED_EDGE('',*,*,#9399,.F.);
#9399 = EDGE_CURVE('',#9392,#9392,#9400,.T.);
#9400 = CIRCLE('',#9401,0.2);
#9401 = AXIS2_PLACEMENT_3D('',#9402,#9403,#9404);
#9402 = CARTESIAN_POINT('',(10.045329911386,2.203539823009,
    25.976598337594));
#9403 = DIRECTION('',(-2.515349040166E-17,1.,7.632783294298E-17));
#9404 = DIRECTION('',(3.885780586188E-16,-7.632783294298E-17,1.));
#9405 = ORIENTED_EDGE('',*,*,#9391,.F.);
#9406 = ORIENTED_EDGE('',*,*,#9371,.T.);
#9407 = SURFACE_OF_LINEAR_EXTRUSION('',#9408,#9413);
#9408 = CIRCLE('',#9409,0.2);
#9409 = AXIS2_PLACEMENT_3D('',#9410,#9411,#9412);
#9410 = CARTESIAN_POINT('',(10.591895728907,2.128318584071,
    27.46396362294));
#9411 = DIRECTION('',(-2.515349040166E-17,1.,7.632783294298E-17));
#9412 = DIRECTION('',(3.885780586188E-16,-7.632783294298E-17,1.));
#9413 = VECTOR('',#9414,1.);
#9414 = DIRECTION('',(-0.34453332572,4.741647352493E-02,-0.937575845202)
  );
#9415 = ADVANCED_FACE('',(#9416),#9435,.T.);
#9416 = FACE_BOUND('',#9417,.T.);
#9417 = EDGE_LOOP('',(#9418,#9426,#9433,#9434));
#9418 = ORIENTED_EDGE('',*,*,#9419,.T.);
#9419 = EDGE_CURVE('',#9392,#9420,#9422,.T.);
#9420 = VERTEX_POINT('',#9421);
#9421 = CARTESIAN_POINT('',(9.98660354038,2.278761061947,24.593076661619
    ));
#9422 = LINE('',#9423,#9424);
#9423 = CARTESIAN_POINT('',(10.045329911386,2.203539823009,
    26.176598337594));
#9424 = VECTOR('',#9425,1.);
#9425 = DIRECTION('',(-3.701876564797E-02,4.741647352493E-02,
    -0.998189004662));
#9426 = ORIENTED_EDGE('',*,*,#9427,.F.);
#9427 = EDGE_CURVE('',#9420,#9420,#9428,.T.);
#9428 = CIRCLE('',#9429,0.2);
#9429 = AXIS2_PLACEMENT_3D('',#9430,#9431,#9432);
#9430 = CARTESIAN_POINT('',(9.98660354038,2.278761061947,24.393076661619
    ));
#9431 = DIRECTION('',(-3.035766082959E-17,1.,6.938893903907E-17));
#9432 = DIRECTION('',(3.608224830032E-16,-6.938893903907E-17,1.));
#9433 = ORIENTED_EDGE('',*,*,#9419,.F.);
#9434 = ORIENTED_EDGE('',*,*,#9399,.T.);
#9435 = SURFACE_OF_LINEAR_EXTRUSION('',#9436,#9441);
#9436 = CIRCLE('',#9437,0.2);
#9437 = AXIS2_PLACEMENT_3D('',#9438,#9439,#9440);
#9438 = CARTESIAN_POINT('',(10.045329911386,2.203539823009,
    25.976598337594));
#9439 = DIRECTION('',(-3.035766082959E-17,1.,6.938893903907E-17));
#9440 = DIRECTION('',(3.608224830032E-16,-6.938893903907E-17,1.));
#9441 = VECTOR('',#9442,1.);
#9442 = DIRECTION('',(-3.701876564797E-02,4.741647352493E-02,
    -0.998189004662));
#9443 = ADVANCED_FACE('',(#9444),#9463,.T.);
#9444 = FACE_BOUND('',#9445,.T.);
#9445 = EDGE_LOOP('',(#9446,#9454,#9461,#9462));
#9446 = ORIENTED_EDGE('',*,*,#9447,.T.);
#9447 = EDGE_CURVE('',#9420,#9448,#9450,.T.);
#9448 = VERTEX_POINT('',#9449);
#9449 = CARTESIAN_POINT('',(10.421498845547,2.353982300885,
    23.069312979653));
#9450 = LINE('',#9451,#9452);
#9451 = CARTESIAN_POINT('',(9.98660354038,2.278761061947,24.593076661619
    ));
#9452 = VECTOR('',#9453,1.);
#9453 = DIRECTION('',(0.274140681737,4.741647352493E-02,-0.960519944954)
  );
#9454 = ORIENTED_EDGE('',*,*,#9455,.F.);
#9455 = EDGE_CURVE('',#9448,#9448,#9456,.T.);
#9456 = CIRCLE('',#9457,0.2);
#9457 = AXIS2_PLACEMENT_3D('',#9458,#9459,#9460);
#9458 = CARTESIAN_POINT('',(10.421498845547,2.353982300885,
    22.869312979653));
#9459 = DIRECTION('',(-3.035766082959E-17,1.,8.326672684689E-17));
#9460 = DIRECTION('',(3.053113317719E-16,-8.326672684689E-17,1.));
#9461 = ORIENTED_EDGE('',*,*,#9447,.F.);
#9462 = ORIENTED_EDGE('',*,*,#9427,.T.);
#9463 = SURFACE_OF_LINEAR_EXTRUSION('',#9464,#9469);
#9464 = CIRCLE('',#9465,0.2);
#9465 = AXIS2_PLACEMENT_3D('',#9466,#9467,#9468);
#9466 = CARTESIAN_POINT('',(9.98660354038,2.278761061947,24.393076661619
    ));
#9467 = DIRECTION('',(-3.035766082959E-17,1.,8.326672684689E-17));
#9468 = DIRECTION('',(3.053113317719E-16,-8.326672684689E-17,1.));
#9469 = VECTOR('',#9470,1.);
#9470 = DIRECTION('',(0.274140681737,4.741647352493E-02,-0.960519944954)
  );
#9471 = ADVANCED_FACE('',(#9472),#9491,.T.);
#9472 = FACE_BOUND('',#9473,.T.);
#9473 = EDGE_LOOP('',(#9474,#9482,#9489,#9490));
#9474 = ORIENTED_EDGE('',*,*,#9475,.T.);
#9475 = EDGE_CURVE('',#9448,#9476,#9478,.T.);
#9476 = VERTEX_POINT('',#9477);
#9477 = CARTESIAN_POINT('',(11.307195804329,2.429203539823,
    21.755337872529));
#9478 = LINE('',#9479,#9480);
#9479 = CARTESIAN_POINT('',(10.421498845547,2.353982300885,
    23.069312979653));
#9480 = VECTOR('',#9481,1.);
#9481 = DIRECTION('',(0.558308092103,4.741647352493E-02,-0.82827758169)
  );
#9482 = ORIENTED_EDGE('',*,*,#9483,.F.);
#9483 = EDGE_CURVE('',#9476,#9476,#9484,.T.);
#9484 = CIRCLE('',#9485,0.2);
#9485 = AXIS2_PLACEMENT_3D('',#9486,#9487,#9488);
#9486 = CARTESIAN_POINT('',(11.307195804329,2.429203539823,
    21.555337872529));
#9487 = DIRECTION('',(-4.076600168545E-17,1.,9.71445146547E-17));
#9488 = DIRECTION('',(4.718447854657E-16,-9.71445146547E-17,1.));
#9489 = ORIENTED_EDGE('',*,*,#9475,.F.);
#9490 = ORIENTED_EDGE('',*,*,#9455,.T.);
#9491 = SURFACE_OF_LINEAR_EXTRUSION('',#9492,#9497);
#9492 = CIRCLE('',#9493,0.2);
#9493 = AXIS2_PLACEMENT_3D('',#9494,#9495,#9496);
#9494 = CARTESIAN_POINT('',(10.421498845547,2.353982300885,
    22.869312979653));
#9495 = DIRECTION('',(-4.076600168545E-17,1.,9.71445146547E-17));
#9496 = DIRECTION('',(4.718447854657E-16,-9.71445146547E-17,1.));
#9497 = VECTOR('',#9498,1.);
#9498 = DIRECTION('',(0.558308092103,4.741647352493E-02,-0.82827758169)
  );
#9499 = ADVANCED_FACE('',(#9500),#9519,.T.);
#9500 = FACE_BOUND('',#9501,.T.);
#9501 = EDGE_LOOP('',(#9502,#9510,#9517,#9518));
#9502 = ORIENTED_EDGE('',*,*,#9503,.T.);
#9503 = EDGE_CURVE('',#9476,#9504,#9506,.T.);
#9504 = VERTEX_POINT('',#9505);
#9505 = CARTESIAN_POINT('',(12.556488224096,2.504424778761,
    20.780526026661));
#9506 = LINE('',#9507,#9508);
#9507 = CARTESIAN_POINT('',(11.307195804329,2.429203539823,
    21.755337872529));
#9508 = VECTOR('',#9509,1.);
#9509 = DIRECTION('',(0.787504191411,4.741647352493E-02,-0.614482568141)
  );
#9510 = ORIENTED_EDGE('',*,*,#9511,.F.);
#9511 = EDGE_CURVE('',#9504,#9504,#9512,.T.);
#9512 = CIRCLE('',#9513,0.2);
#9513 = AXIS2_PLACEMENT_3D('',#9514,#9515,#9516);
#9514 = CARTESIAN_POINT('',(12.556488224096,2.504424778761,
    20.580526026661));
#9515 = DIRECTION('',(-3.469446951954E-17,1.,1.040834085586E-16));
#9516 = DIRECTION('',(6.106226635438E-16,-1.040834085586E-16,1.));
#9517 = ORIENTED_EDGE('',*,*,#9503,.F.);
#9518 = ORIENTED_EDGE('',*,*,#9483,.T.);
#9519 = SURFACE_OF_LINEAR_EXTRUSION('',#9520,#9525);
#9520 = CIRCLE('',#9521,0.2);
#9521 = AXIS2_PLACEMENT_3D('',#9522,#9523,#9524);
#9522 = CARTESIAN_POINT('',(11.307195804329,2.429203539823,
    21.555337872529));
#9523 = DIRECTION('',(-3.469446951954E-17,1.,1.040834085586E-16));
#9524 = DIRECTION('',(6.106226635438E-16,-1.040834085586E-16,1.));
#9525 = VECTOR('',#9526,1.);
#9526 = DIRECTION('',(0.787504191411,4.741647352493E-02,-0.614482568141)
  );
#9527 = ADVANCED_FACE('',(#9528),#9547,.T.);
#9528 = FACE_BOUND('',#9529,.T.);
#9529 = EDGE_LOOP('',(#9530,#9538,#9545,#9546));
#9530 = ORIENTED_EDGE('',*,*,#9531,.T.);
#9531 = EDGE_CURVE('',#9504,#9532,#9534,.T.);
#9532 = VERTEX_POINT('',#9533);
#9533 = CARTESIAN_POINT('',(14.046370110164,2.579646017699,
    20.240857933754));
#9534 = LINE('',#9535,#9536);
#9535 = CARTESIAN_POINT('',(12.556488224096,2.504424778761,
    20.780526026661));
#9536 = VECTOR('',#9537,1.);
#9537 = DIRECTION('',(0.93916221008,4.741647352493E-02,-0.340185274809)
  );
#9538 = ORIENTED_EDGE('',*,*,#9539,.F.);
#9539 = EDGE_CURVE('',#9532,#9532,#9540,.T.);
#9540 = CIRCLE('',#9541,0.2);
#9541 = AXIS2_PLACEMENT_3D('',#9542,#9543,#9544);
#9542 = CARTESIAN_POINT('',(14.046370110164,2.579646017699,
    20.040857933754));
#9543 = DIRECTION('',(-2.168404344971E-17,1.,1.179611963664E-16));
#9544 = DIRECTION('',(6.106226635438E-16,-1.179611963664E-16,1.));
#9545 = ORIENTED_EDGE('',*,*,#9531,.F.);
#9546 = ORIENTED_EDGE('',*,*,#9511,.T.);
#9547 = SURFACE_OF_LINEAR_EXTRUSION('',#9548,#9553);
#9548 = CIRCLE('',#9549,0.2);
#9549 = AXIS2_PLACEMENT_3D('',#9550,#9551,#9552);
#9550 = CARTESIAN_POINT('',(12.556488224096,2.504424778761,
    20.580526026661));
#9551 = DIRECTION('',(-2.168404344971E-17,1.,1.179611963664E-16));
#9552 = DIRECTION('',(6.106226635438E-16,-1.179611963664E-16,1.));
#9553 = VECTOR('',#9554,1.);
#9554 = DIRECTION('',(0.93916221008,4.741647352493E-02,-0.340185274809)
  );
#9555 = ADVANCED_FACE('',(#9556),#9575,.T.);
#9556 = FACE_BOUND('',#9557,.T.);
#9557 = EDGE_LOOP('',(#9558,#9566,#9573,#9574));
#9558 = ORIENTED_EDGE('',*,*,#9559,.T.);
#9559 = EDGE_CURVE('',#9532,#9560,#9562,.T.);
#9560 = VERTEX_POINT('',#9561);
#9561 = CARTESIAN_POINT('',(15.630146901305,2.654867256637,
    20.189469600653));
#9562 = LINE('',#9563,#9564);
#9563 = CARTESIAN_POINT('',(14.046370110164,2.579646017699,
    20.240857933754));
#9564 = VECTOR('',#9565,1.);
#9565 = DIRECTION('',(0.998349819103,4.741647352493E-02,
    -3.239315877202E-02));
#9566 = ORIENTED_EDGE('',*,*,#9567,.F.);
#9567 = EDGE_CURVE('',#9560,#9560,#9568,.T.);
#9568 = CIRCLE('',#9569,0.2);
#9569 = AXIS2_PLACEMENT_3D('',#9570,#9571,#9572);
#9570 = CARTESIAN_POINT('',(15.630146901305,2.654867256637,
    19.989469600653));
#9571 = DIRECTION('',(-2.341876692569E-17,1.,1.110223024625E-16));
#9572 = DIRECTION('',(5.828670879282E-16,-1.110223024625E-16,1.));
#9573 = ORIENTED_EDGE('',*,*,#9559,.F.);
#9574 = ORIENTED_EDGE('',*,*,#9539,.T.);
#9575 = SURFACE_OF_LINEAR_EXTRUSION('',#9576,#9581);
#9576 = CIRCLE('',#9577,0.2);
#9577 = AXIS2_PLACEMENT_3D('',#9578,#9579,#9580);
#9578 = CARTESIAN_POINT('',(14.046370110164,2.579646017699,
    20.040857933754));
#9579 = DIRECTION('',(-2.341876692569E-17,1.,1.110223024625E-16));
#9580 = DIRECTION('',(5.828670879282E-16,-1.110223024625E-16,1.));
#9581 = VECTOR('',#9582,1.);
#9582 = DIRECTION('',(0.998349819103,4.741647352493E-02,
    -3.239315877202E-02));
#9583 = ADVANCED_FACE('',(#9584),#9603,.T.);
#9584 = FACE_BOUND('',#9585,.T.);
#9585 = EDGE_LOOP('',(#9586,#9594,#9601,#9602));
#9586 = ORIENTED_EDGE('',*,*,#9587,.T.);
#9587 = EDGE_CURVE('',#9560,#9588,#9590,.T.);
#9588 = VERTEX_POINT('',#9589);
#9589 = CARTESIAN_POINT('',(17.151879094105,2.730088495575,
    20.63142074991));
#9590 = LINE('',#9591,#9592);
#9591 = CARTESIAN_POINT('',(15.630146901305,2.654867256637,
    20.189469600653));
#9592 = VECTOR('',#9593,1.);
#9593 = DIRECTION('',(0.959239375084,4.741647352493E-02,0.278588404869)
  );
#9594 = ORIENTED_EDGE('',*,*,#9595,.F.);
#9595 = EDGE_CURVE('',#9588,#9588,#9596,.T.);
#9596 = CIRCLE('',#9597,0.2);
#9597 = AXIS2_PLACEMENT_3D('',#9598,#9599,#9600);
#9598 = CARTESIAN_POINT('',(17.151879094105,2.730088495575,
    20.43142074991));
#9599 = DIRECTION('',(-2.341876692569E-17,1.,1.040834085586E-16));
#9600 = DIRECTION('',(6.383782391595E-16,-1.040834085586E-16,1.));
#9601 = ORIENTED_EDGE('',*,*,#9587,.F.);
#9602 = ORIENTED_EDGE('',*,*,#9567,.T.);
#9603 = SURFACE_OF_LINEAR_EXTRUSION('',#9604,#9609);
#9604 = CIRCLE('',#9605,0.2);
#9605 = AXIS2_PLACEMENT_3D('',#9606,#9607,#9608);
#9606 = CARTESIAN_POINT('',(15.630146901305,2.654867256637,
    19.989469600653));
#9607 = DIRECTION('',(-2.341876692569E-17,1.,1.040834085586E-16));
#9608 = DIRECTION('',(6.383782391595E-16,-1.040834085586E-16,1.));
#9609 = VECTOR('',#9610,1.);
#9610 = DIRECTION('',(0.959239375084,4.741647352493E-02,0.278588404869)
  );
#9611 = ADVANCED_FACE('',(#9612),#9631,.T.);
#9612 = FACE_BOUND('',#9613,.T.);
#9613 = EDGE_LOOP('',(#9614,#9622,#9629,#9630));
#9614 = ORIENTED_EDGE('',*,*,#9615,.T.);
#9615 = EDGE_CURVE('',#9588,#9616,#9618,.T.);
#9616 = VERTEX_POINT('',#9617);
#9617 = CARTESIAN_POINT('',(18.461736129234,2.805309734513,
    21.523196636811));
#9618 = LINE('',#9619,#9620);
#9619 = CARTESIAN_POINT('',(17.151879094105,2.730088495575,
    20.63142074991));
#9620 = VECTOR('',#9621,1.);
#9621 = DIRECTION('',(0.825681713097,4.741647352493E-02,0.562140006312)
  );
#9622 = ORIENTED_EDGE('',*,*,#9623,.F.);
#9623 = EDGE_CURVE('',#9616,#9616,#9624,.T.);
#9624 = CIRCLE('',#9625,0.2);
#9625 = AXIS2_PLACEMENT_3D('',#9626,#9627,#9628);
#9626 = CARTESIAN_POINT('',(18.461736129234,2.805309734513,
    21.323196636811));
#9627 = DIRECTION('',(-2.949029909161E-17,1.,9.71445146547E-17));
#9628 = DIRECTION('',(7.49400541622E-16,-9.71445146547E-17,1.));
#9629 = ORIENTED_EDGE('',*,*,#9615,.F.);
#9630 = ORIENTED_EDGE('',*,*,#9595,.T.);
#9631 = SURFACE_OF_LINEAR_EXTRUSION('',#9632,#9637);
#9632 = CIRCLE('',#9633,0.2);
#9633 = AXIS2_PLACEMENT_3D('',#9634,#9635,#9636);
#9634 = CARTESIAN_POINT('',(17.151879094105,2.730088495575,
    20.43142074991));
#9635 = DIRECTION('',(-2.949029909161E-17,1.,9.71445146547E-17));
#9636 = DIRECTION('',(7.49400541622E-16,-9.71445146547E-17,1.));
#9637 = VECTOR('',#9638,1.);
#9638 = DIRECTION('',(0.825681713097,4.741647352493E-02,0.562140006312)
  );
#9639 = ADVANCED_FACE('',(#9640),#9659,.T.);
#9640 = FACE_BOUND('',#9641,.T.);
#9641 = EDGE_LOOP('',(#9642,#9650,#9657,#9658));
#9642 = ORIENTED_EDGE('',*,*,#9643,.T.);
#9643 = EDGE_CURVE('',#9616,#9644,#9646,.T.);
#9644 = VERTEX_POINT('',#9645);
#9645 = CARTESIAN_POINT('',(19.430748787832,2.880530973451,
    22.776992534241));
#9646 = LINE('',#9647,#9648);
#9647 = CARTESIAN_POINT('',(18.461736129234,2.805309734513,
    21.523196636811));
#9648 = VECTOR('',#9649,1.);
#9649 = DIRECTION('',(0.610826991424,4.741647352493E-02,0.790343004389)
  );
#9650 = ORIENTED_EDGE('',*,*,#9651,.F.);
#9651 = EDGE_CURVE('',#9644,#9644,#9652,.T.);
#9652 = CIRCLE('',#9653,0.2);
#9653 = AXIS2_PLACEMENT_3D('',#9654,#9655,#9656);
#9654 = CARTESIAN_POINT('',(19.430748787832,2.880530973451,
    22.576992534241));
#9655 = DIRECTION('',(-2.775557561563E-17,1.,1.040834085586E-16));
#9656 = DIRECTION('',(7.771561172376E-16,-1.040834085586E-16,1.));
#9657 = ORIENTED_EDGE('',*,*,#9643,.F.);
#9658 = ORIENTED_EDGE('',*,*,#9623,.T.);
#9659 = SURFACE_OF_LINEAR_EXTRUSION('',#9660,#9665);
#9660 = CIRCLE('',#9661,0.2);
#9661 = AXIS2_PLACEMENT_3D('',#9662,#9663,#9664);
#9662 = CARTESIAN_POINT('',(18.461736129234,2.805309734513,
    21.323196636811));
#9663 = DIRECTION('',(-2.775557561563E-17,1.,1.040834085586E-16));
#9664 = DIRECTION('',(7.771561172376E-16,-1.040834085586E-16,1.));
#9665 = VECTOR('',#9666,1.);
#9666 = DIRECTION('',(0.610826991424,4.741647352493E-02,0.790343004389)
  );
#9667 = ADVANCED_FACE('',(#9668),#9687,.T.);
#9668 = FACE_BOUND('',#9669,.T.);
#9669 = EDGE_LOOP('',(#9670,#9678,#9685,#9686));
#9670 = ORIENTED_EDGE('',*,*,#9671,.T.);
#9671 = EDGE_CURVE('',#9644,#9672,#9674,.T.);
#9672 = VERTEX_POINT('',#9673);
#9673 = CARTESIAN_POINT('',(19.96350756925,2.955752212389,
    24.269359032711));
#9674 = LINE('',#9675,#9676);
#9675 = CARTESIAN_POINT('',(19.430748787832,2.880530973451,
    22.776992534241));
#9676 = VECTOR('',#9677,1.);
#9677 = DIRECTION('',(0.335829919992,4.741647352493E-02,0.940728410795)
  );
#9678 = ORIENTED_EDGE('',*,*,#9679,.F.);
#9679 = EDGE_CURVE('',#9672,#9672,#9680,.T.);
#9680 = CIRCLE('',#9681,0.2);
#9681 = AXIS2_PLACEMENT_3D('',#9682,#9683,#9684);
#9682 = CARTESIAN_POINT('',(19.96350756925,2.955752212389,
    24.069359032711));
#9683 = DIRECTION('',(-2.862293735362E-17,1.,1.040834085586E-16));
#9684 = DIRECTION('',(7.771561172376E-16,-1.040834085586E-16,1.));
#9685 = ORIENTED_EDGE('',*,*,#9671,.F.);
#9686 = ORIENTED_EDGE('',*,*,#9651,.T.);
#9687 = SURFACE_OF_LINEAR_EXTRUSION('',#9688,#9693);
#9688 = CIRCLE('',#9689,0.2);
#9689 = AXIS2_PLACEMENT_3D('',#9690,#9691,#9692);
#9690 = CARTESIAN_POINT('',(19.430748787832,2.880530973451,
    22.576992534241));
#9691 = DIRECTION('',(-2.862293735362E-17,1.,1.040834085586E-16));
#9692 = DIRECTION('',(7.771561172376E-16,-1.040834085586E-16,1.));
#9693 = VECTOR('',#9694,1.);
#9694 = DIRECTION('',(0.335829919992,4.741647352493E-02,0.940728410795)
  );
#9695 = ADVANCED_FACE('',(#9696),#9715,.T.);
#9696 = FACE_BOUND('',#9697,.T.);
#9697 = EDGE_LOOP('',(#9698,#9706,#9713,#9714));
#9698 = ORIENTED_EDGE('',*,*,#9699,.T.);
#9699 = EDGE_CURVE('',#9672,#9700,#9702,.T.);
#9700 = VERTEX_POINT('',#9701);
#9701 = CARTESIAN_POINT('',(20.007556761119,3.030973451327,
    25.85335693474));
#9702 = LINE('',#9703,#9704);
#9703 = CARTESIAN_POINT('',(19.96350756925,2.955752212389,
    24.269359032711));
#9704 = VECTOR('',#9705,1.);
#9705 = DIRECTION('',(2.776685640288E-02,4.741647352493E-02,
    0.998489198602));
#9706 = ORIENTED_EDGE('',*,*,#9707,.F.);
#9707 = EDGE_CURVE('',#9700,#9700,#9708,.T.);
#9708 = CIRCLE('',#9709,0.2);
#9709 = AXIS2_PLACEMENT_3D('',#9710,#9711,#9712);
#9710 = CARTESIAN_POINT('',(20.007556761119,3.030973451327,
    25.65335693474));
#9711 = DIRECTION('',(-2.862293735362E-17,1.,8.326672684689E-17));
#9712 = DIRECTION('',(7.216449660064E-16,-8.326672684689E-17,1.));
#9713 = ORIENTED_EDGE('',*,*,#9699,.F.);
#9714 = ORIENTED_EDGE('',*,*,#9679,.T.);
#9715 = SURFACE_OF_LINEAR_EXTRUSION('',#9716,#9721);
#9716 = CIRCLE('',#9717,0.2);
#9717 = AXIS2_PLACEMENT_3D('',#9718,#9719,#9720);
#9718 = CARTESIAN_POINT('',(19.96350756925,2.955752212389,
    24.069359032711));
#9719 = DIRECTION('',(-2.862293735362E-17,1.,8.326672684689E-17));
#9720 = DIRECTION('',(7.216449660064E-16,-8.326672684689E-17,1.));
#9721 = VECTOR('',#9722,1.);
#9722 = DIRECTION('',(2.776685640288E-02,4.741647352493E-02,
    0.998489198602));
#9723 = ADVANCED_FACE('',(#9724),#9743,.T.);
#9724 = FACE_BOUND('',#9725,.T.);
#9725 = EDGE_LOOP('',(#9726,#9734,#9741,#9742));
#9726 = ORIENTED_EDGE('',*,*,#9727,.T.);
#9727 = EDGE_CURVE('',#9700,#9728,#9730,.T.);
#9728 = VERTEX_POINT('',#9729);
#9729 = CARTESIAN_POINT('',(19.558559256629,3.106194690265,
    27.373024966218));
#9730 = LINE('',#9731,#9732);
#9731 = CARTESIAN_POINT('',(20.007556761119,3.030973451327,
    25.85335693474));
#9732 = VECTOR('',#9733,1.);
#9733 = DIRECTION('',(-0.283030146605,4.741647352493E-02,0.957938209986)
  );
#9734 = ORIENTED_EDGE('',*,*,#9735,.F.);
#9735 = EDGE_CURVE('',#9728,#9728,#9736,.T.);
#9736 = CIRCLE('',#9737,0.2);
#9737 = AXIS2_PLACEMENT_3D('',#9738,#9739,#9740);
#9738 = CARTESIAN_POINT('',(19.558559256629,3.106194690265,
    27.173024966218));
#9739 = DIRECTION('',(-3.122502256758E-17,1.,9.71445146547E-17));
#9740 = DIRECTION('',(7.49400541622E-16,-9.71445146547E-17,1.));
#9741 = ORIENTED_EDGE('',*,*,#9727,.F.);
#9742 = ORIENTED_EDGE('',*,*,#9707,.T.);
#9743 = SURFACE_OF_LINEAR_EXTRUSION('',#9744,#9749);
#9744 = CIRCLE('',#9745,0.2);
#9745 = AXIS2_PLACEMENT_3D('',#9746,#9747,#9748);
#9746 = CARTESIAN_POINT('',(20.007556761119,3.030973451327,
    25.65335693474));
#9747 = DIRECTION('',(-3.122502256758E-17,1.,9.71445146547E-17));
#9748 = DIRECTION('',(7.49400541622E-16,-9.71445146547E-17,1.));
#9749 = VECTOR('',#9750,1.);
#9750 = DIRECTION('',(-0.283030146605,4.741647352493E-02,0.957938209986)
  );
#9751 = ADVANCED_FACE('',(#9752),#9771,.T.);
#9752 = FACE_BOUND('',#9753,.T.);
#9753 = EDGE_LOOP('',(#9754,#9762,#9769,#9770));
#9754 = ORIENTED_EDGE('',*,*,#9755,.T.);
#9755 = EDGE_CURVE('',#9728,#9756,#9758,.T.);
#9756 = VERTEX_POINT('',#9757);
#9757 = CARTESIAN_POINT('',(18.660723588368,3.181415929204,
    28.678735806233));
#9758 = LINE('',#9759,#9760);
#9759 = CARTESIAN_POINT('',(19.558559256629,3.106194690265,
    27.373024966218));
#9760 = VECTOR('',#9761,1.);
#9761 = DIRECTION('',(-0.565959851165,4.741647352493E-02,0.823068116809)
  );
#9762 = ORIENTED_EDGE('',*,*,#9763,.F.);
#9763 = EDGE_CURVE('',#9756,#9756,#9764,.T.);
#9764 = CIRCLE('',#9765,0.2);
#9765 = AXIS2_PLACEMENT_3D('',#9766,#9767,#9768);
#9766 = CARTESIAN_POINT('',(18.660723588368,3.181415929204,
    28.478735806233));
#9767 = DIRECTION('',(-3.209238430557E-17,1.,9.71445146547E-17));
#9768 = DIRECTION('',(7.771561172376E-16,-9.71445146547E-17,1.));
#9769 = ORIENTED_EDGE('',*,*,#9755,.F.);
#9770 = ORIENTED_EDGE('',*,*,#9735,.T.);
#9771 = SURFACE_OF_LINEAR_EXTRUSION('',#9772,#9777);
#9772 = CIRCLE('',#9773,0.2);
#9773 = AXIS2_PLACEMENT_3D('',#9774,#9775,#9776);
#9774 = CARTESIAN_POINT('',(19.558559256629,3.106194690265,
    27.173024966218));
#9775 = DIRECTION('',(-3.209238430557E-17,1.,9.71445146547E-17));
#9776 = DIRECTION('',(7.771561172376E-16,-9.71445146547E-17,1.));
#9777 = VECTOR('',#9778,1.);
#9778 = DIRECTION('',(-0.565959851165,4.741647352493E-02,0.823068116809)
  );
#9779 = ADVANCED_FACE('',(#9780),#9799,.T.);
#9780 = FACE_BOUND('',#9781,.T.);
#9781 = EDGE_LOOP('',(#9782,#9790,#9797,#9798));
#9782 = ORIENTED_EDGE('',*,*,#9783,.T.);
#9783 = EDGE_CURVE('',#9756,#9784,#9786,.T.);
#9784 = VERTEX_POINT('',#9785);
#9785 = CARTESIAN_POINT('',(17.402451132742,3.256637168142,
    29.641928472498));
#9786 = LINE('',#9787,#9788);
#9787 = CARTESIAN_POINT('',(18.660723588368,3.181415929204,
    28.678735806233));
#9788 = VECTOR('',#9789,1.);
#9789 = DIRECTION('',(-0.793164848408,4.741647352493E-02,0.607158300025)
  );
#9790 = ORIENTED_EDGE('',*,*,#9791,.F.);
#9791 = EDGE_CURVE('',#9784,#9784,#9792,.T.);
#9792 = CIRCLE('',#9793,0.2);
#9793 = AXIS2_PLACEMENT_3D('',#9794,#9795,#9796);
#9794 = CARTESIAN_POINT('',(17.402451132742,3.256637168142,
    29.441928472498));
#9795 = DIRECTION('',(-1.994931997373E-17,1.,9.71445146547E-17));
#9796 = DIRECTION('',(7.771561172376E-16,-9.71445146547E-17,1.));
#9797 = ORIENTED_EDGE('',*,*,#9783,.F.);
#9798 = ORIENTED_EDGE('',*,*,#9763,.T.);
#9799 = SURFACE_OF_LINEAR_EXTRUSION('',#9800,#9805);
#9800 = CIRCLE('',#9801,0.2);
#9801 = AXIS2_PLACEMENT_3D('',#9802,#9803,#9804);
#9802 = CARTESIAN_POINT('',(18.660723588368,3.181415929204,
    28.478735806233));
#9803 = DIRECTION('',(-1.994931997373E-17,1.,9.71445146547E-17));
#9804 = DIRECTION('',(7.771561172376E-16,-9.71445146547E-17,1.));
#9805 = VECTOR('',#9806,1.);
#9806 = DIRECTION('',(-0.793164848408,4.741647352493E-02,0.607158300025)
  );
#9807 = ADVANCED_FACE('',(#9808),#9827,.T.);
#9808 = FACE_BOUND('',#9809,.T.);
#9809 = EDGE_LOOP('',(#9810,#9818,#9825,#9826));
#9810 = ORIENTED_EDGE('',*,*,#9811,.T.);
#9811 = EDGE_CURVE('',#9784,#9812,#9814,.T.);
#9812 = VERTEX_POINT('',#9813);
#9813 = CARTESIAN_POINT('',(15.907632063534,3.33185840708,
    30.167766503897));
#9814 = LINE('',#9815,#9816);
#9815 = CARTESIAN_POINT('',(17.402451132742,3.256637168142,
    29.641928472498));
#9816 = VECTOR('',#9817,1.);
#9817 = DIRECTION('',(-0.94227441372,4.741647352493E-02,0.331467354782)
  );
#9818 = ORIENTED_EDGE('',*,*,#9819,.F.);
#9819 = EDGE_CURVE('',#9812,#9812,#9820,.T.);
#9820 = CIRCLE('',#9821,0.2);
#9821 = AXIS2_PLACEMENT_3D('',#9822,#9823,#9824);
#9822 = CARTESIAN_POINT('',(15.907632063534,3.33185840708,
    29.967766503897));
#9823 = DIRECTION('',(-2.341876692569E-17,1.,1.040834085586E-16));
#9824 = DIRECTION('',(8.326672684689E-16,-1.040834085586E-16,1.));
#9825 = ORIENTED_EDGE('',*,*,#9811,.F.);
#9826 = ORIENTED_EDGE('',*,*,#9791,.T.);
#9827 = SURFACE_OF_LINEAR_EXTRUSION('',#9828,#9833);
#9828 = CIRCLE('',#9829,0.2);
#9829 = AXIS2_PLACEMENT_3D('',#9830,#9831,#9832);
#9830 = CARTESIAN_POINT('',(17.402451132742,3.256637168142,
    29.441928472498));
#9831 = DIRECTION('',(-2.341876692569E-17,1.,1.040834085586E-16));
#9832 = DIRECTION('',(8.326672684689E-16,-1.040834085586E-16,1.));
#9833 = VECTOR('',#9834,1.);
#9834 = DIRECTION('',(-0.94227441372,4.741647352493E-02,0.331467354782)
  );
#9835 = ADVANCED_FACE('',(#9836),#9855,.T.);
#9836 = FACE_BOUND('',#9837,.T.);
#9837 = EDGE_LOOP('',(#9838,#9846,#9853,#9854));
#9838 = ORIENTED_EDGE('',*,*,#9839,.T.);
#9839 = EDGE_CURVE('',#9812,#9840,#9842,.T.);
#9840 = VERTEX_POINT('',#9841);
#9841 = CARTESIAN_POINT('',(14.323447059643,3.407079646018,
    30.204475608782));
#9842 = LINE('',#9843,#9844);
#9843 = CARTESIAN_POINT('',(15.907632063534,3.33185840708,
    30.167766503897));
#9844 = VECTOR('',#9845,1.);
#9845 = DIRECTION('',(-0.998607140165,4.741647352493E-02,
    2.313995786898E-02));
#9846 = ORIENTED_EDGE('',*,*,#9847,.F.);
#9847 = EDGE_CURVE('',#9840,#9840,#9848,.T.);
#9848 = CIRCLE('',#9849,0.2);
#9849 = AXIS2_PLACEMENT_3D('',#9850,#9851,#9852);
#9850 = CARTESIAN_POINT('',(14.323447059643,3.407079646018,
    30.004475608782));
#9851 = DIRECTION('',(-3.035766082959E-17,1.,1.040834085586E-16));
#9852 = DIRECTION('',(8.326672684689E-16,-1.040834085586E-16,1.));
#9853 = ORIENTED_EDGE('',*,*,#9839,.F.);
#9854 = ORIENTED_EDGE('',*,*,#9819,.T.);
#9855 = SURFACE_OF_LINEAR_EXTRUSION('',#9856,#9861);
#9856 = CIRCLE('',#9857,0.2);
#9857 = AXIS2_PLACEMENT_3D('',#9858,#9859,#9860);
#9858 = CARTESIAN_POINT('',(15.907632063534,3.33185840708,
    29.967766503897));
#9859 = DIRECTION('',(-3.035766082959E-17,1.,1.040834085586E-16));
#9860 = DIRECTION('',(8.326672684689E-16,-1.040834085586E-16,1.));
#9861 = VECTOR('',#9862,1.);
#9862 = DIRECTION('',(-0.998607140165,4.741647352493E-02,
    2.313995786898E-02));
#9863 = ADVANCED_FACE('',(#9864),#9883,.T.);
#9864 = FACE_BOUND('',#9865,.T.);
#9865 = EDGE_LOOP('',(#9866,#9874,#9881,#9882));
#9866 = ORIENTED_EDGE('',*,*,#9867,.T.);
#9867 = EDGE_CURVE('',#9840,#9868,#9870,.T.);
#9868 = VERTEX_POINT('',#9869);
#9869 = CARTESIAN_POINT('',(12.805875817326,3.482300884956,
    29.748441389202));
#9870 = LINE('',#9871,#9872);
#9871 = CARTESIAN_POINT('',(14.323447059643,3.407079646018,
    30.204475608782));
#9872 = VECTOR('',#9873,1.);
#9873 = DIRECTION('',(-0.956616477598,4.741647352493E-02,-0.287465811577
    ));
#9874 = ORIENTED_EDGE('',*,*,#9875,.F.);
#9875 = EDGE_CURVE('',#9868,#9868,#9876,.T.);
#9876 = CIRCLE('',#9877,0.2);
#9877 = AXIS2_PLACEMENT_3D('',#9878,#9879,#9880);
#9878 = CARTESIAN_POINT('',(12.805875817326,3.482300884956,
    29.548441389202));
#9879 = DIRECTION('',(-3.556183125752E-17,1.,1.110223024625E-16));
#9880 = DIRECTION('',(8.604228440845E-16,-1.110223024625E-16,1.));
#9881 = ORIENTED_EDGE('',*,*,#9867,.F.);
#9882 = ORIENTED_EDGE('',*,*,#9847,.T.);
#9883 = SURFACE_OF_LINEAR_EXTRUSION('',#9884,#9889);
#9884 = CIRCLE('',#9885,0.2);
#9885 = AXIS2_PLACEMENT_3D('',#9886,#9887,#9888);
#9886 = CARTESIAN_POINT('',(14.323447059643,3.407079646018,
    30.004475608782));
#9887 = DIRECTION('',(-3.556183125752E-17,1.,1.110223024625E-16));
#9888 = DIRECTION('',(8.604228440845E-16,-1.110223024625E-16,1.));
#9889 = VECTOR('',#9890,1.);
#9890 = DIRECTION('',(-0.956616477598,4.741647352493E-02,-0.287465811577
    ));
#9891 = ADVANCED_FACE('',(#9892),#9911,.T.);
#9892 = FACE_BOUND('',#9893,.T.);
#9893 = EDGE_LOOP('',(#9894,#9902,#9909,#9910));
#9894 = ORIENTED_EDGE('',*,*,#9895,.T.);
#9895 = EDGE_CURVE('',#9868,#9896,#9898,.T.);
#9896 = VERTEX_POINT('',#9897);
#9897 = CARTESIAN_POINT('',(11.504339206522,3.557522123894,
    28.844565216448));
#9898 = LINE('',#9899,#9900);
#9899 = CARTESIAN_POINT('',(12.805875817326,3.482300884956,
    29.748441389202));
#9900 = VECTOR('',#9901,1.);
#9901 = DIRECTION('',(-0.820436848943,4.741647352493E-02,-0.569767544649
    ));
#9902 = ORIENTED_EDGE('',*,*,#9903,.F.);
#9903 = EDGE_CURVE('',#9896,#9896,#9904,.T.);
#9904 = CIRCLE('',#9905,0.2);
#9905 = AXIS2_PLACEMENT_3D('',#9906,#9907,#9908);
#9906 = CARTESIAN_POINT('',(11.504339206522,3.557522123894,
    28.644565216448));
#9907 = DIRECTION('',(-2.775557561563E-17,1.,1.110223024625E-16));
#9908 = DIRECTION('',(9.436895709314E-16,-1.110223024625E-16,1.));
#9909 = ORIENTED_EDGE('',*,*,#9895,.F.);
#9910 = ORIENTED_EDGE('',*,*,#9875,.T.);
#9911 = SURFACE_OF_LINEAR_EXTRUSION('',#9912,#9917);
#9912 = CIRCLE('',#9913,0.2);
#9913 = AXIS2_PLACEMENT_3D('',#9914,#9915,#9916);
#9914 = CARTESIAN_POINT('',(12.805875817326,3.482300884956,
    29.548441389202));
#9915 = DIRECTION('',(-2.775557561563E-17,1.,1.110223024625E-16));
#9916 = DIRECTION('',(9.436895709314E-16,-1.110223024625E-16,1.));
#9917 = VECTOR('',#9918,1.);
#9918 = DIRECTION('',(-0.820436848943,4.741647352493E-02,-0.569767544649
    ));
#9919 = ADVANCED_FACE('',(#9920),#9939,.T.);
#9920 = FACE_BOUND('',#9921,.T.);
#9921 = EDGE_LOOP('',(#9922,#9930,#9937,#9938));
#9922 = ORIENTED_EDGE('',*,*,#9923,.T.);
#9923 = EDGE_CURVE('',#9896,#9924,#9926,.T.);
#9924 = VERTEX_POINT('',#9925);
#9925 = CARTESIAN_POINT('',(10.546987212695,3.632743362832,
    27.581843218203));
#9926 = LINE('',#9927,#9928);
#9927 = CARTESIAN_POINT('',(11.504339206522,3.557522123894,
    28.844565216448));
#9928 = VECTOR('',#9929,1.);
#9929 = DIRECTION('',(-0.60347657271,4.741647352493E-02,-0.795969662882)
  );
#9930 = ORIENTED_EDGE('',*,*,#9931,.F.);
#9931 = EDGE_CURVE('',#9924,#9924,#9932,.T.);
#9932 = CIRCLE('',#9933,0.2);
#9933 = AXIS2_PLACEMENT_3D('',#9934,#9935,#9936);
#9934 = CARTESIAN_POINT('',(10.546987212695,3.632743362832,
    27.381843218203));
#9935 = DIRECTION('',(-2.688821387764E-17,1.,1.040834085586E-16));
#9936 = DIRECTION('',(9.436895709314E-16,-1.040834085586E-16,1.));
#9937 = ORIENTED_EDGE('',*,*,#9923,.F.);
#9938 = ORIENTED_EDGE('',*,*,#9903,.T.);
#9939 = SURFACE_OF_LINEAR_EXTRUSION('',#9940,#9945);
#9940 = CIRCLE('',#9941,0.2);
#9941 = AXIS2_PLACEMENT_3D('',#9942,#9943,#9944);
#9942 = CARTESIAN_POINT('',(11.504339206522,3.557522123894,
    28.644565216448));
#9943 = DIRECTION('',(-2.688821387764E-17,1.,1.040834085586E-16));
#9944 = DIRECTION('',(9.436895709314E-16,-1.040834085586E-16,1.));
#9945 = VECTOR('',#9946,1.);
#9946 = DIRECTION('',(-0.60347657271,4.741647352493E-02,-0.795969662882)
  );
#9947 = ADVANCED_FACE('',(#9948),#9967,.T.);
#9948 = FACE_BOUND('',#9949,.T.);
#9949 = EDGE_LOOP('',(#9950,#9958,#9965,#9966));
#9950 = ORIENTED_EDGE('',*,*,#9951,.T.);
#9951 = EDGE_CURVE('',#9924,#9952,#9954,.T.);
#9952 = VERTEX_POINT('',#9953);
#9953 = CARTESIAN_POINT('',(10.028081221253,3.70796460177,26.08460367258
    ));
#9954 = LINE('',#9955,#9956);
#9955 = CARTESIAN_POINT('',(10.546987212695,3.632743362832,
    27.581843218203));
#9956 = VECTOR('',#9957,1.);
#9957 = DIRECTION('',(-0.327097672845,4.741647352493E-02,-0.943800185663
    ));
#9958 = ORIENTED_EDGE('',*,*,#9959,.F.);
#9959 = EDGE_CURVE('',#9952,#9952,#9960,.T.);
#9960 = CIRCLE('',#9961,0.2);
#9961 = AXIS2_PLACEMENT_3D('',#9962,#9963,#9964);
#9962 = CARTESIAN_POINT('',(10.028081221253,3.70796460177,25.88460367258
    ));
#9963 = DIRECTION('',(-2.688821387764E-17,1.,1.040834085586E-16));
#9964 = DIRECTION('',(8.881784197001E-16,-1.040834085586E-16,1.));
#9965 = ORIENTED_EDGE('',*,*,#9951,.F.);
#9966 = ORIENTED_EDGE('',*,*,#9931,.T.);
#9967 = SURFACE_OF_LINEAR_EXTRUSION('',#9968,#9973);
#9968 = CIRCLE('',#9969,0.2);
#9969 = AXIS2_PLACEMENT_3D('',#9970,#9971,#9972);
#9970 = CARTESIAN_POINT('',(10.546987212695,3.632743362832,
    27.381843218203));
#9971 = DIRECTION('',(-2.688821387764E-17,1.,1.040834085586E-16));
#9972 = DIRECTION('',(8.881784197001E-16,-1.040834085586E-16,1.));
#9973 = VECTOR('',#9974,1.);
#9974 = DIRECTION('',(-0.327097672845,4.741647352493E-02,-0.943800185663
    ));
#9975 = ADVANCED_FACE('',(#9976),#9995,.T.);
#9976 = FACE_BOUND('',#9977,.T.);
#9977 = EDGE_LOOP('',(#9978,#9986,#9993,#9994));
#9978 = ORIENTED_EDGE('',*,*,#9979,.T.);
#9979 = EDGE_CURVE('',#9952,#9980,#9982,.T.);
#9980 = VERTEX_POINT('',#9981);
#9981 = CARTESIAN_POINT('',(9.998712991511,3.783185840708,
    24.500265579868));
#9982 = LINE('',#9983,#9984);
#9983 = CARTESIAN_POINT('',(10.028081221253,3.70796460177,26.08460367258
    ));
#9984 = VECTOR('',#9985,1.);
#9985 = DIRECTION('',(-1.851256251156E-02,4.741647352493E-02,
    -0.998703641261));
#9986 = ORIENTED_EDGE('',*,*,#9987,.F.);
#9987 = EDGE_CURVE('',#9980,#9980,#9988,.T.);
#9988 = CIRCLE('',#9989,0.2);
#9989 = AXIS2_PLACEMENT_3D('',#9990,#9991,#9992);
#9990 = CARTESIAN_POINT('',(9.998712991511,3.783185840708,
    24.300265579868));
#9991 = DIRECTION('',(-2.949029909161E-17,1.,1.179611963664E-16));
#9992 = DIRECTION('',(8.881784197001E-16,-1.179611963664E-16,1.));
#9993 = ORIENTED_EDGE('',*,*,#9979,.F.);
#9994 = ORIENTED_EDGE('',*,*,#9959,.T.);
#9995 = SURFACE_OF_LINEAR_EXTRUSION('',#9996,#10001);
#9996 = CIRCLE('',#9997,0.2);
#9997 = AXIS2_PLACEMENT_3D('',#9998,#9999,#10000);
#9998 = CARTESIAN_POINT('',(10.028081221253,3.70796460177,25.88460367258
    ));
#9999 = DIRECTION('',(-2.949029909161E-17,1.,1.179611963664E-16));
#10000 = DIRECTION('',(8.881784197001E-16,-1.179611963664E-16,1.));
#10001 = VECTOR('',#10002,1.);
#10002 = DIRECTION('',(-1.851256251156E-02,4.741647352493E-02,
    -0.998703641261));
#10003 = ADVANCED_FACE('',(#10004),#10023,.T.);
#10004 = FACE_BOUND('',#10005,.T.);
#10005 = EDGE_LOOP('',(#10006,#10014,#10021,#10022));
#10006 = ORIENTED_EDGE('',*,*,#10007,.T.);
#10007 = EDGE_CURVE('',#9980,#10008,#10010,.T.);
#10008 = VERTEX_POINT('',#10009);
#10009 = CARTESIAN_POINT('',(10.461774134956,3.858407079646,
    22.984823709533));
#10010 = LINE('',#10011,#10012);
#10011 = CARTESIAN_POINT('',(9.998712991511,3.783185840708,
    24.500265579868));
#10012 = VECTOR('',#10013,1.);
#10013 = DIRECTION('',(0.291895304552,4.741647352493E-02,-0.955274206298
    ));
#10014 = ORIENTED_EDGE('',*,*,#10015,.F.);
#10015 = EDGE_CURVE('',#10008,#10008,#10016,.T.);
#10016 = CIRCLE('',#10017,0.2);
#10017 = AXIS2_PLACEMENT_3D('',#10018,#10019,#10020);
#10018 = CARTESIAN_POINT('',(10.461774134956,3.858407079646,
    22.784823709533));
#10019 = DIRECTION('',(-2.775557561563E-17,1.,1.179611963664E-16));
#10020 = DIRECTION('',(9.159339953158E-16,-1.179611963664E-16,1.));
#10021 = ORIENTED_EDGE('',*,*,#10007,.F.);
#10022 = ORIENTED_EDGE('',*,*,#9987,.T.);
#10023 = SURFACE_OF_LINEAR_EXTRUSION('',#10024,#10029);
#10024 = CIRCLE('',#10025,0.2);
#10025 = AXIS2_PLACEMENT_3D('',#10026,#10027,#10028);
#10026 = CARTESIAN_POINT('',(9.998712991511,3.783185840708,
    24.300265579868));
#10027 = DIRECTION('',(-2.775557561563E-17,1.,1.179611963664E-16));
#10028 = DIRECTION('',(9.159339953158E-16,-1.179611963664E-16,1.));
#10029 = VECTOR('',#10030,1.);
#10030 = DIRECTION('',(0.291895304552,4.741647352493E-02,-0.955274206298
    ));
#10031 = ADVANCED_FACE('',(#10032),#10051,.T.);
#10032 = FACE_BOUND('',#10033,.T.);
#10033 = EDGE_LOOP('',(#10034,#10042,#10049,#10050));
#10034 = ORIENTED_EDGE('',*,*,#10035,.T.);
#10035 = EDGE_CURVE('',#10008,#10036,#10038,.T.);
#10036 = VERTEX_POINT('',#10037);
#10037 = CARTESIAN_POINT('',(11.371671405645,3.933628318584,
    21.687489272417));
#10038 = LINE('',#10039,#10040);
#10039 = CARTESIAN_POINT('',(10.461774134956,3.858407079646,
    22.984823709533));
#10040 = VECTOR('',#10041,1.);
#10041 = DIRECTION('',(0.573563005012,4.741647352493E-02,-0.817787965991
    ));
#10042 = ORIENTED_EDGE('',*,*,#10043,.F.);
#10043 = EDGE_CURVE('',#10036,#10036,#10044,.T.);
#10044 = CIRCLE('',#10045,0.2);
#10045 = AXIS2_PLACEMENT_3D('',#10046,#10047,#10048);
#10046 = CARTESIAN_POINT('',(11.371671405645,3.933628318584,
    21.487489272417));
#10047 = DIRECTION('',(-2.775557561563E-17,1.,1.110223024625E-16));
#10048 = DIRECTION('',(9.436895709314E-16,-1.110223024625E-16,1.));
#10049 = ORIENTED_EDGE('',*,*,#10035,.F.);
#10050 = ORIENTED_EDGE('',*,*,#10015,.T.);
#10051 = SURFACE_OF_LINEAR_EXTRUSION('',#10052,#10057);
#10052 = CIRCLE('',#10053,0.2);
#10053 = AXIS2_PLACEMENT_3D('',#10054,#10055,#10056);
#10054 = CARTESIAN_POINT('',(10.461774134956,3.858407079646,
    22.784823709533));
#10055 = DIRECTION('',(-2.775557561563E-17,1.,1.110223024625E-16));
#10056 = DIRECTION('',(9.436895709314E-16,-1.110223024625E-16,1.));
#10057 = VECTOR('',#10058,1.);
#10058 = DIRECTION('',(0.573563005012,4.741647352493E-02,-0.817787965991
    ));
#10059 = ADVANCED_FACE('',(#10060),#10079,.T.);
#10060 = FACE_BOUND('',#10061,.T.);
#10061 = EDGE_LOOP('',(#10062,#10070,#10077,#10078));
#10062 = ORIENTED_EDGE('',*,*,#10063,.T.);
#10063 = EDGE_CURVE('',#10036,#10064,#10066,.T.);
#10064 = VERTEX_POINT('',#10065);
#10065 = CARTESIAN_POINT('',(12.638815835396,4.008849557522,
    20.735998505732));
#10066 = LINE('',#10067,#10068);
#10067 = CARTESIAN_POINT('',(11.371671405645,3.933628318584,
    21.687489272417));
#10068 = VECTOR('',#10069,1.);
#10069 = DIRECTION('',(0.798757387591,4.741647352493E-02,-0.599781888528
    ));
#10070 = ORIENTED_EDGE('',*,*,#10071,.F.);
#10071 = EDGE_CURVE('',#10064,#10064,#10072,.T.);
#10072 = CIRCLE('',#10073,0.2);
#10073 = AXIS2_PLACEMENT_3D('',#10074,#10075,#10076);
#10074 = CARTESIAN_POINT('',(12.638815835396,4.008849557522,
    20.535998505732));
#10075 = DIRECTION('',(-3.469446951954E-17,1.,1.110223024625E-16));
#10076 = DIRECTION('',(8.049116928532E-16,-1.110223024625E-16,1.));
#10077 = ORIENTED_EDGE('',*,*,#10063,.F.);
#10078 = ORIENTED_EDGE('',*,*,#10043,.T.);
#10079 = SURFACE_OF_LINEAR_EXTRUSION('',#10080,#10085);
#10080 = CIRCLE('',#10081,0.2);
#10081 = AXIS2_PLACEMENT_3D('',#10082,#10083,#10084);
#10082 = CARTESIAN_POINT('',(11.371671405645,3.933628318584,
    21.487489272417));
#10083 = DIRECTION('',(-3.469446951954E-17,1.,1.110223024625E-16));
#10084 = DIRECTION('',(8.049116928532E-16,-1.110223024625E-16,1.));
#10085 = VECTOR('',#10086,1.);
#10086 = DIRECTION('',(0.798757387591,4.741647352493E-02,-0.599781888528
    ));
#10087 = ADVANCED_FACE('',(#10088),#10107,.T.);
#10088 = FACE_BOUND('',#10089,.T.);
#10089 = EDGE_LOOP('',(#10090,#10098,#10105,#10106));
#10090 = ORIENTED_EDGE('',*,*,#10091,.T.);
#10091 = EDGE_CURVE('',#10064,#10092,#10094,.T.);
#10092 = VERTEX_POINT('',#10093);
#10093 = CARTESIAN_POINT('',(14.138443711145,4.08407079646,
    20.224035695352));
#10094 = LINE('',#10095,#10096);
#10095 = CARTESIAN_POINT('',(12.638815835396,4.008849557522,
    20.735998505732));
#10096 = VECTOR('',#10097,1.);
#10097 = DIRECTION('',(0.945305693864,4.741647352493E-02,-0.322720967999
    ));
#10098 = ORIENTED_EDGE('',*,*,#10099,.F.);
#10099 = EDGE_CURVE('',#10092,#10092,#10100,.T.);
#10100 = CIRCLE('',#10101,0.2);
#10101 = AXIS2_PLACEMENT_3D('',#10102,#10103,#10104);
#10102 = CARTESIAN_POINT('',(14.138443711145,4.08407079646,
    20.024035695352));
#10103 = DIRECTION('',(-2.688821387764E-17,1.,1.040834085586E-16));
#10104 = DIRECTION('',(8.326672684689E-16,-1.040834085586E-16,1.));
#10105 = ORIENTED_EDGE('',*,*,#10091,.F.);
#10106 = ORIENTED_EDGE('',*,*,#10071,.T.);
#10107 = SURFACE_OF_LINEAR_EXTRUSION('',#10108,#10113);
#10108 = CIRCLE('',#10109,0.2);
#10109 = AXIS2_PLACEMENT_3D('',#10110,#10111,#10112);
#10110 = CARTESIAN_POINT('',(12.638815835396,4.008849557522,
    20.535998505732));
#10111 = DIRECTION('',(-2.688821387764E-17,1.,1.040834085586E-16));
#10112 = DIRECTION('',(8.326672684689E-16,-1.040834085586E-16,1.));
#10113 = VECTOR('',#10114,1.);
#10114 = DIRECTION('',(0.945305693864,4.741647352493E-02,-0.322720967999
    ));
#10115 = ADVANCED_FACE('',(#10116),#10135,.T.);
#10116 = FACE_BOUND('',#10117,.T.);
#10117 = EDGE_LOOP('',(#10118,#10126,#10133,#10134));
#10118 = ORIENTED_EDGE('',*,*,#10119,.T.);
#10119 = EDGE_CURVE('',#10092,#10120,#10122,.T.);
#10120 = VERTEX_POINT('',#10121);
#10121 = CARTESIAN_POINT('',(15.722900876347,4.159292035398,
    20.202008971299));
#10122 = LINE('',#10123,#10124);
#10123 = CARTESIAN_POINT('',(14.138443711145,4.08407079646,
    20.224035695352));
#10124 = VECTOR('',#10125,1.);
#10125 = DIRECTION('',(0.998778699818,4.741647352493E-02,
    -1.388476968254E-02));
#10126 = ORIENTED_EDGE('',*,*,#10127,.F.);
#10127 = EDGE_CURVE('',#10120,#10120,#10128,.T.);
#10128 = CIRCLE('',#10129,0.2);
#10129 = AXIS2_PLACEMENT_3D('',#10130,#10131,#10132);
#10130 = CARTESIAN_POINT('',(15.722900876347,4.159292035398,
    20.002008971299));
#10131 = DIRECTION('',(-1.994931997373E-17,1.,1.040834085586E-16));
#10132 = DIRECTION('',(8.326672684689E-16,-1.040834085586E-16,1.));
#10133 = ORIENTED_EDGE('',*,*,#10119,.F.);
#10134 = ORIENTED_EDGE('',*,*,#10099,.T.);
#10135 = SURFACE_OF_LINEAR_EXTRUSION('',#10136,#10141);
#10136 = CIRCLE('',#10137,0.2);
#10137 = AXIS2_PLACEMENT_3D('',#10138,#10139,#10140);
#10138 = CARTESIAN_POINT('',(14.138443711145,4.08407079646,
    20.024035695352));
#10139 = DIRECTION('',(-1.994931997373E-17,1.,1.040834085586E-16));
#10140 = DIRECTION('',(8.326672684689E-16,-1.040834085586E-16,1.));
#10141 = VECTOR('',#10142,1.);
#10142 = DIRECTION('',(0.998778699818,4.741647352493E-02,
    -1.388476968254E-02));
#10143 = ADVANCED_FACE('',(#10144),#10163,.T.);
#10144 = FACE_BOUND('',#10145,.T.);
#10145 = EDGE_LOOP('',(#10146,#10154,#10161,#10162));
#10146 = ORIENTED_EDGE('',*,*,#10147,.T.);
#10147 = EDGE_CURVE('',#10120,#10148,#10150,.T.);
#10148 = VERTEX_POINT('',#10149);
#10149 = CARTESIAN_POINT('',(17.2361808376,4.234513274336,
    20.672087096514));
#10150 = LINE('',#10151,#10152);
#10151 = CARTESIAN_POINT('',(15.722900876347,4.159292035398,
    20.202008971299));
#10152 = VECTOR('',#10153,1.);
#10153 = DIRECTION('',(0.953911424905,4.741647352493E-02,0.296318530426)
  );
#10154 = ORIENTED_EDGE('',*,*,#10155,.F.);
#10155 = EDGE_CURVE('',#10148,#10148,#10156,.T.);
#10156 = CIRCLE('',#10157,0.2);
#10157 = AXIS2_PLACEMENT_3D('',#10158,#10159,#10160);
#10158 = CARTESIAN_POINT('',(17.2361808376,4.234513274336,
    20.472087096514));
#10159 = DIRECTION('',(-1.387778780781E-17,1.,9.71445146547E-17));
#10160 = DIRECTION('',(8.049116928532E-16,-9.71445146547E-17,1.));
#10161 = ORIENTED_EDGE('',*,*,#10147,.F.);
#10162 = ORIENTED_EDGE('',*,*,#10127,.T.);
#10163 = SURFACE_OF_LINEAR_EXTRUSION('',#10164,#10169);
#10164 = CIRCLE('',#10165,0.2);
#10165 = AXIS2_PLACEMENT_3D('',#10166,#10167,#10168);
#10166 = CARTESIAN_POINT('',(15.722900876347,4.159292035398,
    20.002008971299));
#10167 = DIRECTION('',(-1.387778780781E-17,1.,9.71445146547E-17));
#10168 = DIRECTION('',(8.049116928532E-16,-9.71445146547E-17,1.));
#10169 = VECTOR('',#10170,1.);
#10170 = DIRECTION('',(0.953911424905,4.741647352493E-02,0.296318530426)
  );
#10171 = ADVANCED_FACE('',(#10172),#10191,.T.);
#10172 = FACE_BOUND('',#10173,.T.);
#10173 = EDGE_LOOP('',(#10174,#10182,#10189,#10190));
#10174 = ORIENTED_EDGE('',*,*,#10175,.T.);
#10175 = EDGE_CURVE('',#10148,#10176,#10178,.T.);
#10176 = VERTEX_POINT('',#10177);
#10177 = CARTESIAN_POINT('',(18.529285246775,4.309734513274,
    21.587985929305));
#10178 = LINE('',#10179,#10180);
#10179 = CARTESIAN_POINT('',(17.2361808376,4.234513274336,
    20.672087096514));
#10180 = VECTOR('',#10181,1.);
#10181 = DIRECTION('',(0.815121524828,4.741647352493E-02,0.577346150763)
  );
#10182 = ORIENTED_EDGE('',*,*,#10183,.F.);
#10183 = EDGE_CURVE('',#10176,#10176,#10184,.T.);
#10184 = CIRCLE('',#10185,0.2);
#10185 = AXIS2_PLACEMENT_3D('',#10186,#10187,#10188);
#10186 = CARTESIAN_POINT('',(18.529285246775,4.309734513274,
    21.387985929305));
#10187 = DIRECTION('',(-1.47451495458E-17,1.,9.71445146547E-17));
#10188 = DIRECTION('',(8.881784197001E-16,-9.71445146547E-17,1.));
#10189 = ORIENTED_EDGE('',*,*,#10175,.F.);
#10190 = ORIENTED_EDGE('',*,*,#10155,.T.);
#10191 = SURFACE_OF_LINEAR_EXTRUSION('',#10192,#10197);
#10192 = CIRCLE('',#10193,0.2);
#10193 = AXIS2_PLACEMENT_3D('',#10194,#10195,#10196);
#10194 = CARTESIAN_POINT('',(17.2361808376,4.234513274336,
    20.472087096514));
#10195 = DIRECTION('',(-1.47451495458E-17,1.,9.71445146547E-17));
#10196 = DIRECTION('',(8.881784197001E-16,-9.71445146547E-17,1.));
#10197 = VECTOR('',#10198,1.);
#10198 = DIRECTION('',(0.815121524828,4.741647352493E-02,0.577346150763)
  );
#10199 = ADVANCED_FACE('',(#10200),#10219,.T.);
#10200 = FACE_BOUND('',#10201,.T.);
#10201 = EDGE_LOOP('',(#10202,#10210,#10217,#10218));
#10202 = ORIENTED_EDGE('',*,*,#10203,.T.);
#10203 = EDGE_CURVE('',#10176,#10204,#10206,.T.);
#10204 = VERTEX_POINT('',#10205);
#10205 = CARTESIAN_POINT('',(19.474894357456,4.384955752212,
    22.859525584499));
#10206 = LINE('',#10207,#10208);
#10207 = CARTESIAN_POINT('',(18.529285246775,4.309734513274,
    21.587985929305));
#10208 = VECTOR('',#10209,1.);
#10209 = DIRECTION('',(0.596074326806,4.741647352493E-02,0.801527962682)
  );
#10210 = ORIENTED_EDGE('',*,*,#10211,.F.);
#10211 = EDGE_CURVE('',#10204,#10204,#10212,.T.);
#10212 = CIRCLE('',#10213,0.2);
#10213 = AXIS2_PLACEMENT_3D('',#10214,#10215,#10216);
#10214 = CARTESIAN_POINT('',(19.474894357456,4.384955752212,
    22.659525584499));
#10215 = DIRECTION('',(-6.938893903907E-18,1.,9.020562075079E-17));
#10216 = DIRECTION('',(8.049116928532E-16,-9.020562075079E-17,1.));
#10217 = ORIENTED_EDGE('',*,*,#10203,.F.);
#10218 = ORIENTED_EDGE('',*,*,#10183,.T.);
#10219 = SURFACE_OF_LINEAR_EXTRUSION('',#10220,#10225);
#10220 = CIRCLE('',#10221,0.2);
#10221 = AXIS2_PLACEMENT_3D('',#10222,#10223,#10224);
#10222 = CARTESIAN_POINT('',(18.529285246775,4.309734513274,
    21.387985929305));
#10223 = DIRECTION('',(-6.938893903907E-18,1.,9.020562075079E-17));
#10224 = DIRECTION('',(8.049116928532E-16,-9.020562075079E-17,1.));
#10225 = VECTOR('',#10226,1.);
#10226 = DIRECTION('',(0.596074326806,4.741647352493E-02,0.801527962682)
  );
#10227 = ADVANCED_FACE('',(#10228),#10247,.T.);
#10228 = FACE_BOUND('',#10229,.T.);
#10229 = EDGE_LOOP('',(#10230,#10238,#10245,#10246));
#10230 = ORIENTED_EDGE('',*,*,#10231,.T.);
#10231 = EDGE_CURVE('',#10204,#10232,#10234,.T.);
#10232 = VERTEX_POINT('',#10233);
#10233 = CARTESIAN_POINT('',(19.979902994742,4.46017699115,
    24.361509592803));
#10234 = LINE('',#10235,#10236);
#10235 = CARTESIAN_POINT('',(19.474894357456,4.384955752212,
    22.859525584499));
#10236 = VECTOR('',#10237,1.);
#10237 = DIRECTION('',(0.318337334213,4.741647352493E-02,0.946790906));
#10238 = ORIENTED_EDGE('',*,*,#10239,.F.);
#10239 = EDGE_CURVE('',#10232,#10232,#10240,.T.);
#10240 = CIRCLE('',#10241,0.2);
#10241 = AXIS2_PLACEMENT_3D('',#10242,#10243,#10244);
#10242 = CARTESIAN_POINT('',(19.979902994742,4.46017699115,
    24.161509592803));
#10243 = DIRECTION('',(-3.469446951954E-18,1.,9.71445146547E-17));
#10244 = DIRECTION('',(8.049116928532E-16,-9.71445146547E-17,1.));
#10245 = ORIENTED_EDGE('',*,*,#10231,.F.);
#10246 = ORIENTED_EDGE('',*,*,#10211,.T.);
#10247 = SURFACE_OF_LINEAR_EXTRUSION('',#10248,#10253);
#10248 = CIRCLE('',#10249,0.2);
#10249 = AXIS2_PLACEMENT_3D('',#10250,#10251,#10252);
#10250 = CARTESIAN_POINT('',(19.474894357456,4.384955752212,
    22.659525584499));
#10251 = DIRECTION('',(-3.469446951954E-18,1.,9.71445146547E-17));
#10252 = DIRECTION('',(8.049116928532E-16,-9.71445146547E-17,1.));
#10253 = VECTOR('',#10254,1.);
#10254 = DIRECTION('',(0.318337334213,4.741647352493E-02,0.946790906));
#10255 = ADVANCED_FACE('',(#10256),#10275,.T.);
#10256 = FACE_BOUND('',#10257,.T.);
#10257 = EDGE_LOOP('',(#10258,#10266,#10273,#10274));
#10258 = ORIENTED_EDGE('',*,*,#10259,.T.);
#10259 = EDGE_CURVE('',#10232,#10260,#10262,.T.);
#10260 = VERTEX_POINT('',#10261);
#10261 = CARTESIAN_POINT('',(19.994587740183,4.535398230088,
    25.946051811612));
#10262 = LINE('',#10263,#10264);
#10263 = CARTESIAN_POINT('',(19.979902994742,4.46017699115,
    24.361509592803));
#10264 = VECTOR('',#10265,1.);
#10265 = DIRECTION('',(9.256678742328E-03,4.741647352493E-02,
    0.998832314224));
#10266 = ORIENTED_EDGE('',*,*,#10267,.F.);
#10267 = EDGE_CURVE('',#10260,#10260,#10268,.T.);
#10268 = CIRCLE('',#10269,0.2);
#10269 = AXIS2_PLACEMENT_3D('',#10270,#10271,#10272);
#10270 = CARTESIAN_POINT('',(19.994587740183,4.535398230088,
    25.746051811612));
#10271 = DIRECTION('',(-3.469446951954E-18,1.,7.632783294298E-17));
#10272 = DIRECTION('',(7.771561172376E-16,-7.632783294298E-17,1.));
#10273 = ORIENTED_EDGE('',*,*,#10259,.F.);
#10274 = ORIENTED_EDGE('',*,*,#10239,.T.);
#10275 = SURFACE_OF_LINEAR_EXTRUSION('',#10276,#10281);
#10276 = CIRCLE('',#10277,0.2);
#10277 = AXIS2_PLACEMENT_3D('',#10278,#10279,#10280);
#10278 = CARTESIAN_POINT('',(19.979902994742,4.46017699115,
    24.161509592803));
#10279 = DIRECTION('',(-3.469446951954E-18,1.,7.632783294298E-17));
#10280 = DIRECTION('',(7.771561172376E-16,-7.632783294298E-17,1.));
#10281 = VECTOR('',#10282,1.);
#10282 = DIRECTION('',(9.256678742328E-03,4.741647352493E-02,
    0.998832314224));
#10283 = ADVANCED_FACE('',(#10284),#10303,.T.);
#10284 = FACE_BOUND('',#10285,.T.);
#10285 = EDGE_LOOP('',(#10286,#10294,#10301,#10302));
#10286 = ORIENTED_EDGE('',*,*,#10287,.T.);
#10287 = EDGE_CURVE('',#10260,#10288,#10290,.T.);
#10288 = VERTEX_POINT('',#10289);
#10289 = CARTESIAN_POINT('',(19.51750272595,4.610619469027,
    27.457137373097));
#10290 = LINE('',#10291,#10292);
#10291 = CARTESIAN_POINT('',(19.994587740183,4.535398230088,
    25.946051811612));
#10292 = VECTOR('',#10293,1.);
#10293 = DIRECTION('',(-0.30073539423,4.741647352493E-02,0.952528162678)
  );
#10294 = ORIENTED_EDGE('',*,*,#10295,.F.);
#10295 = EDGE_CURVE('',#10288,#10288,#10296,.T.);
#10296 = CIRCLE('',#10297,0.2);
#10297 = AXIS2_PLACEMENT_3D('',#10298,#10299,#10300);
#10298 = CARTESIAN_POINT('',(19.51750272595,4.610619469027,
    27.257137373097));
#10299 = DIRECTION('',(6.933347799794E-32,1.,8.326672684689E-17));
#10300 = DIRECTION('',(8.326672684689E-16,-8.326672684689E-17,1.));
#10301 = ORIENTED_EDGE('',*,*,#10287,.F.);
#10302 = ORIENTED_EDGE('',*,*,#10267,.T.);
#10303 = SURFACE_OF_LINEAR_EXTRUSION('',#10304,#10309);
#10304 = CIRCLE('',#10305,0.2);
#10305 = AXIS2_PLACEMENT_3D('',#10306,#10307,#10308);
#10306 = CARTESIAN_POINT('',(19.994587740183,4.535398230088,
    25.746051811612));
#10307 = DIRECTION('',(6.933347799794E-32,1.,8.326672684689E-17));
#10308 = DIRECTION('',(8.326672684689E-16,-8.326672684689E-17,1.));
#10309 = VECTOR('',#10310,1.);
#10310 = DIRECTION('',(-0.30073539423,4.741647352493E-02,0.952528162678)
  );
#10311 = ADVANCED_FACE('',(#10312),#10331,.T.);
#10312 = FACE_BOUND('',#10313,.T.);
#10313 = EDGE_LOOP('',(#10314,#10322,#10329,#10330));
#10314 = ORIENTED_EDGE('',*,*,#10315,.T.);
#10315 = EDGE_CURVE('',#10288,#10316,#10318,.T.);
#10316 = VERTEX_POINT('',#10317);
#10317 = CARTESIAN_POINT('',(18.595621995747,4.685840707965,
    28.745983990897));
#10318 = LINE('',#10319,#10320);
#10319 = CARTESIAN_POINT('',(19.51750272595,4.610619469027,
    27.457137373097));
#10320 = VECTOR('',#10321,1.);
#10321 = DIRECTION('',(-0.581116900678,4.741647352493E-02,0.812437582701
    ));
#10322 = ORIENTED_EDGE('',*,*,#10323,.F.);
#10323 = EDGE_CURVE('',#10316,#10316,#10324,.T.);
#10324 = CIRCLE('',#10325,0.2);
#10325 = AXIS2_PLACEMENT_3D('',#10326,#10327,#10328);
#10326 = CARTESIAN_POINT('',(18.595621995747,4.685840707965,
    28.545983990897));
#10327 = DIRECTION('',(-1.214306433184E-17,1.,1.040834085586E-16));
#10328 = DIRECTION('',(8.326672684689E-16,-1.040834085586E-16,1.));
#10329 = ORIENTED_EDGE('',*,*,#10315,.F.);
#10330 = ORIENTED_EDGE('',*,*,#10295,.T.);
#10331 = SURFACE_OF_LINEAR_EXTRUSION('',#10332,#10337);
#10332 = CIRCLE('',#10333,0.2);
#10333 = AXIS2_PLACEMENT_3D('',#10334,#10335,#10336);
#10334 = CARTESIAN_POINT('',(19.51750272595,4.610619469027,
    27.257137373097));
#10335 = DIRECTION('',(-1.214306433184E-17,1.,1.040834085586E-16));
#10336 = DIRECTION('',(8.326672684689E-16,-1.040834085586E-16,1.));
#10337 = VECTOR('',#10338,1.);
#10338 = DIRECTION('',(-0.581116900678,4.741647352493E-02,0.812437582701
    ));
#10339 = ADVANCED_FACE('',(#10340),#10359,.T.);
#10340 = FACE_BOUND('',#10341,.T.);
#10341 = EDGE_LOOP('',(#10342,#10350,#10357,#10358));
#10342 = ORIENTED_EDGE('',*,*,#10343,.T.);
#10343 = EDGE_CURVE('',#10316,#10344,#10346,.T.);
#10344 = VERTEX_POINT('',#10345);
#10345 = CARTESIAN_POINT('',(17.31971441554,4.761061946903,
    29.685691142994));
#10346 = LINE('',#10347,#10348);
#10347 = CARTESIAN_POINT('',(18.595621995747,4.685840707965,
    28.745983990897));
#10348 = VECTOR('',#10349,1.);
#10349 = DIRECTION('',(-0.804281328668,4.741647352493E-02,0.592353967146
    ));
#10350 = ORIENTED_EDGE('',*,*,#10351,.F.);
#10351 = EDGE_CURVE('',#10344,#10344,#10352,.T.);
#10352 = CIRCLE('',#10353,0.2);
#10353 = AXIS2_PLACEMENT_3D('',#10354,#10355,#10356);
#10354 = CARTESIAN_POINT('',(17.31971441554,4.761061946903,
    29.485691142994));
#10355 = DIRECTION('',(-1.387778780781E-17,1.,1.040834085586E-16));
#10356 = DIRECTION('',(7.771561172376E-16,-1.040834085586E-16,1.));
#10357 = ORIENTED_EDGE('',*,*,#10343,.F.);
#10358 = ORIENTED_EDGE('',*,*,#10323,.T.);
#10359 = SURFACE_OF_LINEAR_EXTRUSION('',#10360,#10365);
#10360 = CIRCLE('',#10361,0.2);
#10361 = AXIS2_PLACEMENT_3D('',#10362,#10363,#10364);
#10362 = CARTESIAN_POINT('',(18.595621995747,4.685840707965,
    28.545983990897));
#10363 = DIRECTION('',(-1.387778780781E-17,1.,1.040834085586E-16));
#10364 = DIRECTION('',(7.771561172376E-16,-1.040834085586E-16,1.));
#10365 = VECTOR('',#10366,1.);
#10366 = DIRECTION('',(-0.804281328668,4.741647352493E-02,0.592353967146
    ));
#10367 = ADVANCED_FACE('',(#10368),#10387,.T.);
#10368 = FACE_BOUND('',#10369,.T.);
#10369 = EDGE_LOOP('',(#10370,#10378,#10385,#10386));
#10370 = ORIENTED_EDGE('',*,*,#10371,.T.);
#10371 = EDGE_CURVE('',#10344,#10372,#10374,.T.);
#10372 = VERTEX_POINT('',#10373);
#10373 = CARTESIAN_POINT('',(15.815406522836,4.836283185841,
    30.183734764463));
#10374 = LINE('',#10375,#10376);
#10375 = CARTESIAN_POINT('',(17.31971441554,4.761061946903,
    29.685691142994));
#10376 = VECTOR('',#10377,1.);
#10377 = DIRECTION('',(-0.948255790182,4.741647352493E-02,0.313946865606
    ));
#10378 = ORIENTED_EDGE('',*,*,#10379,.F.);
#10379 = EDGE_CURVE('',#10372,#10372,#10380,.T.);
#10380 = CIRCLE('',#10381,0.2);
#10381 = AXIS2_PLACEMENT_3D('',#10382,#10383,#10384);
#10382 = CARTESIAN_POINT('',(15.815406522836,4.836283185841,
    29.983734764463));
#10383 = DIRECTION('',(-1.387778780781E-17,1.,9.020562075079E-17));
#10384 = DIRECTION('',(6.938893903907E-16,-9.020562075079E-17,1.));
#10385 = ORIENTED_EDGE('',*,*,#10371,.F.);
#10386 = ORIENTED_EDGE('',*,*,#10351,.T.);
#10387 = SURFACE_OF_LINEAR_EXTRUSION('',#10388,#10393);
#10388 = CIRCLE('',#10389,0.2);
#10389 = AXIS2_PLACEMENT_3D('',#10390,#10391,#10392);
#10390 = CARTESIAN_POINT('',(17.31971441554,4.761061946903,
    29.485691142994));
#10391 = DIRECTION('',(-1.387778780781E-17,1.,9.020562075079E-17));
#10392 = DIRECTION('',(6.938893903907E-16,-9.020562075079E-17,1.));
#10393 = VECTOR('',#10394,1.);
#10394 = DIRECTION('',(-0.948255790182,4.741647352493E-02,0.313946865606
    ));
#10395 = ADVANCED_FACE('',(#10396),#10415,.T.);
#10396 = FACE_BOUND('',#10397,.T.);
#10397 = EDGE_LOOP('',(#10398,#10406,#10413,#10414));
#10398 = ORIENTED_EDGE('',*,*,#10399,.T.);
#10399 = EDGE_CURVE('',#10372,#10400,#10402,.T.);
#10400 = VERTEX_POINT('',#10401);
#10401 = CARTESIAN_POINT('',(14.230813271134,4.911504424779,
    30.191077216006));
#10402 = LINE('',#10403,#10404);
#10403 = CARTESIAN_POINT('',(15.815406522836,4.836283185841,
    30.183734764463));
#10404 = VECTOR('',#10405,1.);
#10405 = DIRECTION('',(-0.998864483328,4.741647352493E-02,
    4.628389057779E-03));
#10406 = ORIENTED_EDGE('',*,*,#10407,.F.);
#10407 = EDGE_CURVE('',#10400,#10400,#10408,.T.);
#10408 = CIRCLE('',#10409,0.2);
#10409 = AXIS2_PLACEMENT_3D('',#10410,#10411,#10412);
#10410 = CARTESIAN_POINT('',(14.230813271134,4.911504424779,
    29.991077216006));
#10411 = DIRECTION('',(-1.127570259385E-17,1.,8.326672684689E-17));
#10412 = DIRECTION('',(7.216449660064E-16,-8.326672684689E-17,1.));
#10413 = ORIENTED_EDGE('',*,*,#10399,.F.);
#10414 = ORIENTED_EDGE('',*,*,#10379,.T.);
#10415 = SURFACE_OF_LINEAR_EXTRUSION('',#10416,#10421);
#10416 = CIRCLE('',#10417,0.2);
#10417 = AXIS2_PLACEMENT_3D('',#10418,#10419,#10420);
#10418 = CARTESIAN_POINT('',(15.815406522836,4.836283185841,
    29.983734764463));
#10419 = DIRECTION('',(-1.127570259385E-17,1.,8.326672684689E-17));
#10420 = DIRECTION('',(7.216449660064E-16,-8.326672684689E-17,1.));
#10421 = VECTOR('',#10422,1.);
#10422 = DIRECTION('',(-0.998864483328,4.741647352493E-02,
    4.628389057779E-03));
#10423 = ADVANCED_FACE('',(#10424),#10443,.T.);
#10424 = FACE_BOUND('',#10425,.T.);
#10425 = EDGE_LOOP('',(#10426,#10434,#10441,#10442));
#10426 = ORIENTED_EDGE('',*,*,#10427,.T.);
#10427 = EDGE_CURVE('',#10400,#10428,#10430,.T.);
#10428 = VERTEX_POINT('',#10429);
#10429 = CARTESIAN_POINT('',(12.721954552986,4.986725663717,
    29.706995555949));
#10430 = LINE('',#10431,#10432);
#10431 = CARTESIAN_POINT('',(14.230813271134,4.911504424779,
    30.191077216006));
#10432 = VECTOR('',#10433,1.);
#10433 = DIRECTION('',(-0.951124449317,4.741647352493E-02,
    -0.305145801134));
#10434 = ORIENTED_EDGE('',*,*,#10435,.F.);
#10435 = EDGE_CURVE('',#10428,#10428,#10436,.T.);
#10436 = CIRCLE('',#10437,0.2);
#10437 = AXIS2_PLACEMENT_3D('',#10438,#10439,#10440);
#10438 = CARTESIAN_POINT('',(12.721954552986,4.986725663717,
    29.506995555949));
#10439 = DIRECTION('',(-1.127570259385E-17,1.,8.326672684689E-17));
#10440 = DIRECTION('',(7.216449660064E-16,-8.326672684689E-17,1.));
#10441 = ORIENTED_EDGE('',*,*,#10427,.F.);
#10442 = ORIENTED_EDGE('',*,*,#10407,.T.);
#10443 = SURFACE_OF_LINEAR_EXTRUSION('',#10444,#10449);
#10444 = CIRCLE('',#10445,0.2);
#10445 = AXIS2_PLACEMENT_3D('',#10446,#10447,#10448);
#10446 = CARTESIAN_POINT('',(14.230813271134,4.911504424779,
    29.991077216006));
#10447 = DIRECTION('',(-1.127570259385E-17,1.,8.326672684689E-17));
#10448 = DIRECTION('',(7.216449660064E-16,-8.326672684689E-17,1.));
#10449 = VECTOR('',#10450,1.);
#10450 = DIRECTION('',(-0.951124449317,4.741647352493E-02,
    -0.305145801134));
#10451 = ADVANCED_FACE('',(#10452),#10471,.T.);
#10452 = FACE_BOUND('',#10453,.T.);
#10453 = EDGE_LOOP('',(#10454,#10462,#10469,#10470));
#10454 = ORIENTED_EDGE('',*,*,#10455,.T.);
#10455 = EDGE_CURVE('',#10428,#10456,#10458,.T.);
#10456 = VERTEX_POINT('',#10457);
#10457 = CARTESIAN_POINT('',(11.437393398578,5.061946902655,
    28.779152721456));
#10458 = LINE('',#10459,#10460);
#10459 = CARTESIAN_POINT('',(12.721954552986,4.986725663717,
    29.706995555949));
#10460 = VECTOR('',#10461,1.);
#10461 = DIRECTION('',(-0.809736197237,4.741647352493E-02,
    -0.584875173796));
#10462 = ORIENTED_EDGE('',*,*,#10463,.F.);
#10463 = EDGE_CURVE('',#10456,#10456,#10464,.T.);
#10464 = CIRCLE('',#10465,0.2);
#10465 = AXIS2_PLACEMENT_3D('',#10466,#10467,#10468);
#10466 = CARTESIAN_POINT('',(11.437393398578,5.061946902655,
    28.579152721456));
#10467 = DIRECTION('',(-6.938893903907E-18,1.,9.71445146547E-17));
#10468 = DIRECTION('',(6.938893903907E-16,-9.71445146547E-17,1.));
#10469 = ORIENTED_EDGE('',*,*,#10455,.F.);
#10470 = ORIENTED_EDGE('',*,*,#10435,.T.);
#10471 = SURFACE_OF_LINEAR_EXTRUSION('',#10472,#10477);
#10472 = CIRCLE('',#10473,0.2);
#10473 = AXIS2_PLACEMENT_3D('',#10474,#10475,#10476);
#10474 = CARTESIAN_POINT('',(12.721954552986,4.986725663717,
    29.506995555949));
#10475 = DIRECTION('',(-6.938893903907E-18,1.,9.71445146547E-17));
#10476 = DIRECTION('',(6.938893903907E-16,-9.71445146547E-17,1.));
#10477 = VECTOR('',#10478,1.);
#10478 = DIRECTION('',(-0.809736197237,4.741647352493E-02,
    -0.584875173796));
#10479 = ADVANCED_FACE('',(#10480),#10499,.T.);
#10480 = FACE_BOUND('',#10481,.T.);
#10481 = EDGE_LOOP('',(#10482,#10490,#10497,#10498));
#10482 = ORIENTED_EDGE('',*,*,#10483,.T.);
#10483 = EDGE_CURVE('',#10456,#10484,#10486,.T.);
#10484 = VERTEX_POINT('',#10485);
#10485 = CARTESIAN_POINT('',(10.503608380927,5.137168141593,
    27.498904610446));
#10486 = LINE('',#10487,#10488);
#10487 = CARTESIAN_POINT('',(11.437393398578,5.061946902655,
    28.779152721456));
#10488 = VECTOR('',#10489,1.);
#10489 = DIRECTION('',(-0.588620889426,4.741647352493E-02,
    -0.807017426435));
#10490 = ORIENTED_EDGE('',*,*,#10491,.F.);
#10491 = EDGE_CURVE('',#10484,#10484,#10492,.T.);
#10492 = CIRCLE('',#10493,0.2);
#10493 = AXIS2_PLACEMENT_3D('',#10494,#10495,#10496);
#10494 = CARTESIAN_POINT('',(10.503608380927,5.137168141593,
    27.298904610446));
#10495 = DIRECTION('',(-1.561251128379E-17,1.,1.179611963664E-16));
#10496 = DIRECTION('',(7.49400541622E-16,-1.179611963664E-16,1.));
#10497 = ORIENTED_EDGE('',*,*,#10483,.F.);
#10498 = ORIENTED_EDGE('',*,*,#10463,.T.);
#10499 = SURFACE_OF_LINEAR_EXTRUSION('',#10500,#10505);
#10500 = CIRCLE('',#10501,0.2);
#10501 = AXIS2_PLACEMENT_3D('',#10502,#10503,#10504);
#10502 = CARTESIAN_POINT('',(11.437393398578,5.061946902655,
    28.579152721456));
#10503 = DIRECTION('',(-1.561251128379E-17,1.,1.179611963664E-16));
#10504 = DIRECTION('',(7.49400541622E-16,-1.179611963664E-16,1.));
#10505 = VECTOR('',#10506,1.);
#10506 = DIRECTION('',(-0.588620889426,4.741647352493E-02,
    -0.807017426435));
#10507 = ADVANCED_FACE('',(#10508),#10527,.T.);
#10508 = FACE_BOUND('',#10509,.T.);
#10509 = EDGE_LOOP('',(#10510,#10518,#10525,#10526));
#10510 = ORIENTED_EDGE('',*,*,#10511,.T.);
#10511 = EDGE_CURVE('',#10484,#10512,#10514,.T.);
#10512 = VERTEX_POINT('',#10513);
#10513 = CARTESIAN_POINT('',(10.012540468458,5.212389380531,
    25.992305131394));
#10514 = LINE('',#10515,#10516);
#10515 = CARTESIAN_POINT('',(10.503608380927,5.137168141593,
    27.498904610446));
#10516 = VECTOR('',#10517,1.);
#10517 = DIRECTION('',(-0.309549656443,4.741647352493E-02,-0.94970031496
    ));
#10518 = ORIENTED_EDGE('',*,*,#10519,.F.);
#10519 = EDGE_CURVE('',#10512,#10512,#10520,.T.);
#10520 = CIRCLE('',#10521,0.2);
#10521 = AXIS2_PLACEMENT_3D('',#10522,#10523,#10524);
#10522 = CARTESIAN_POINT('',(10.012540468458,5.212389380531,
    25.792305131394));
#10523 = DIRECTION('',(-1.561251128379E-17,1.,1.179611963664E-16));
#10524 = DIRECTION('',(7.216449660064E-16,-1.179611963664E-16,1.));
#10525 = ORIENTED_EDGE('',*,*,#10511,.F.);
#10526 = ORIENTED_EDGE('',*,*,#10491,.T.);
#10527 = SURFACE_OF_LINEAR_EXTRUSION('',#10528,#10533);
#10528 = CIRCLE('',#10529,0.2);
#10529 = AXIS2_PLACEMENT_3D('',#10530,#10531,#10532);
#10530 = CARTESIAN_POINT('',(10.503608380927,5.137168141593,
    27.298904610446));
#10531 = DIRECTION('',(-1.561251128379E-17,1.,1.179611963664E-16));
#10532 = DIRECTION('',(7.216449660064E-16,-1.179611963664E-16,1.));
#10533 = VECTOR('',#10534,1.);
#10534 = DIRECTION('',(-0.309549656443,4.741647352493E-02,-0.94970031496
    ));
#10535 = ADVANCED_FACE('',(#10536),#10555,.T.);
#10536 = FACE_BOUND('',#10537,.T.);
#10537 = EDGE_LOOP('',(#10538,#10546,#10553,#10554));
#10538 = ORIENTED_EDGE('',*,*,#10539,.T.);
#10539 = EDGE_CURVE('',#10512,#10540,#10542,.T.);
#10540 = VERTEX_POINT('',#10541);
#10541 = CARTESIAN_POINT('',(10.012540468458,5.287610619469,
    24.407694868606));
#10542 = LINE('',#10543,#10544);
#10543 = CARTESIAN_POINT('',(10.012540468458,5.212389380531,
    25.992305131394));
#10544 = VECTOR('',#10545,1.);
#10545 = DIRECTION('',(1.7763568394E-15,4.741647352493E-02,
    -0.998875206439));
#10546 = ORIENTED_EDGE('',*,*,#10547,.F.);
#10547 = EDGE_CURVE('',#10540,#10540,#10548,.T.);
#10548 = CIRCLE('',#10549,0.2);
#10549 = AXIS2_PLACEMENT_3D('',#10550,#10551,#10552);
#10550 = CARTESIAN_POINT('',(10.012540468458,5.287610619469,
    24.207694868606));
#10551 = DIRECTION('',(-1.301042606983E-17,1.,1.179611963664E-16));
#10552 = DIRECTION('',(7.49400541622E-16,-1.179611963664E-16,1.));
#10553 = ORIENTED_EDGE('',*,*,#10539,.F.);
#10554 = ORIENTED_EDGE('',*,*,#10519,.T.);
#10555 = SURFACE_OF_LINEAR_EXTRUSION('',#10556,#10561);
#10556 = CIRCLE('',#10557,0.2);
#10557 = AXIS2_PLACEMENT_3D('',#10558,#10559,#10560);
#10558 = CARTESIAN_POINT('',(10.012540468458,5.212389380531,
    25.792305131394));
#10559 = DIRECTION('',(-1.301042606983E-17,1.,1.179611963664E-16));
#10560 = DIRECTION('',(7.49400541622E-16,-1.179611963664E-16,1.));
#10561 = VECTOR('',#10562,1.);
#10562 = DIRECTION('',(1.7763568394E-15,4.741647352493E-02,
    -0.998875206439));
#10563 = ADVANCED_FACE('',(#10564),#10583,.T.);
#10564 = FACE_BOUND('',#10565,.T.);
#10565 = EDGE_LOOP('',(#10566,#10574,#10581,#10582));
#10566 = ORIENTED_EDGE('',*,*,#10567,.T.);
#10567 = EDGE_CURVE('',#10540,#10568,#10570,.T.);
#10568 = VERTEX_POINT('',#10569);
#10569 = CARTESIAN_POINT('',(10.503608380927,5.362831858407,
    22.901095389554));
#10570 = LINE('',#10571,#10572);
#10571 = CARTESIAN_POINT('',(10.012540468458,5.287610619469,
    24.407694868606));
#10572 = VECTOR('',#10573,1.);
#10573 = DIRECTION('',(0.309549656443,4.741647352493E-02,-0.94970031496)
  );
#10574 = ORIENTED_EDGE('',*,*,#10575,.F.);
#10575 = EDGE_CURVE('',#10568,#10568,#10576,.T.);
#10576 = CIRCLE('',#10577,0.2);
#10577 = AXIS2_PLACEMENT_3D('',#10578,#10579,#10580);
#10578 = CARTESIAN_POINT('',(10.503608380927,5.362831858407,
    22.701095389554));
#10579 = DIRECTION('',(-1.301042606983E-17,1.,1.179611963664E-16));
#10580 = DIRECTION('',(7.49400541622E-16,-1.179611963664E-16,1.));
#10581 = ORIENTED_EDGE('',*,*,#10567,.F.);
#10582 = ORIENTED_EDGE('',*,*,#10547,.T.);
#10583 = SURFACE_OF_LINEAR_EXTRUSION('',#10584,#10589);
#10584 = CIRCLE('',#10585,0.2);
#10585 = AXIS2_PLACEMENT_3D('',#10586,#10587,#10588);
#10586 = CARTESIAN_POINT('',(10.012540468458,5.287610619469,
    24.207694868606));
#10587 = DIRECTION('',(-1.301042606983E-17,1.,1.179611963664E-16));
#10588 = DIRECTION('',(7.49400541622E-16,-1.179611963664E-16,1.));
#10589 = VECTOR('',#10590,1.);
#10590 = DIRECTION('',(0.309549656443,4.741647352493E-02,-0.94970031496)
  );
#10591 = ADVANCED_FACE('',(#10592),#10611,.T.);
#10592 = FACE_BOUND('',#10593,.T.);
#10593 = EDGE_LOOP('',(#10594,#10602,#10609,#10610));
#10594 = ORIENTED_EDGE('',*,*,#10595,.T.);
#10595 = EDGE_CURVE('',#10568,#10596,#10598,.T.);
#10596 = VERTEX_POINT('',#10597);
#10597 = CARTESIAN_POINT('',(11.437393398578,5.438053097345,
    21.620847278544));
#10598 = LINE('',#10599,#10600);
#10599 = CARTESIAN_POINT('',(10.503608380927,5.362831858407,
    22.901095389554));
#10600 = VECTOR('',#10601,1.);
#10601 = DIRECTION('',(0.588620889426,4.741647352493E-02,-0.807017426435
    ));
#10602 = ORIENTED_EDGE('',*,*,#10603,.F.);
#10603 = EDGE_CURVE('',#10596,#10596,#10604,.T.);
#10604 = CIRCLE('',#10605,0.2);
#10605 = AXIS2_PLACEMENT_3D('',#10606,#10607,#10608);
#10606 = CARTESIAN_POINT('',(11.437393398578,5.438053097345,
    21.420847278544));
#10607 = DIRECTION('',(-1.647987302178E-17,1.,1.179611963664E-16));
#10608 = DIRECTION('',(7.49400541622E-16,-1.179611963664E-16,1.));
#10609 = ORIENTED_EDGE('',*,*,#10595,.F.);
#10610 = ORIENTED_EDGE('',*,*,#10575,.T.);
#10611 = SURFACE_OF_LINEAR_EXTRUSION('',#10612,#10617);
#10612 = CIRCLE('',#10613,0.2);
#10613 = AXIS2_PLACEMENT_3D('',#10614,#10615,#10616);
#10614 = CARTESIAN_POINT('',(10.503608380927,5.362831858407,
    22.701095389554));
#10615 = DIRECTION('',(-1.647987302178E-17,1.,1.179611963664E-16));
#10616 = DIRECTION('',(7.49400541622E-16,-1.179611963664E-16,1.));
#10617 = VECTOR('',#10618,1.);
#10618 = DIRECTION('',(0.588620889426,4.741647352493E-02,-0.807017426435
    ));
#10619 = ADVANCED_FACE('',(#10620),#10639,.T.);
#10620 = FACE_BOUND('',#10621,.T.);
#10621 = EDGE_LOOP('',(#10622,#10630,#10637,#10638));
#10622 = ORIENTED_EDGE('',*,*,#10623,.T.);
#10623 = EDGE_CURVE('',#10596,#10624,#10626,.T.);
#10624 = VERTEX_POINT('',#10625);
#10625 = CARTESIAN_POINT('',(12.721954552986,5.513274336283,
    20.693004444051));
#10626 = LINE('',#10627,#10628);
#10627 = CARTESIAN_POINT('',(11.437393398578,5.438053097345,
    21.620847278544));
#10628 = VECTOR('',#10629,1.);
#10629 = DIRECTION('',(0.809736197237,4.741647352493E-02,-0.584875173796
    ));
#10630 = ORIENTED_EDGE('',*,*,#10631,.F.);
#10631 = EDGE_CURVE('',#10624,#10624,#10632,.T.);
#10632 = CIRCLE('',#10633,0.2);
#10633 = AXIS2_PLACEMENT_3D('',#10634,#10635,#10636);
#10634 = CARTESIAN_POINT('',(12.721954552986,5.513274336283,
    20.493004444051));
#10635 = DIRECTION('',(-2.428612866368E-17,1.,1.179611963664E-16));
#10636 = DIRECTION('',(7.49400541622E-16,-1.179611963664E-16,1.));
#10637 = ORIENTED_EDGE('',*,*,#10623,.F.);
#10638 = ORIENTED_EDGE('',*,*,#10603,.T.);
#10639 = SURFACE_OF_LINEAR_EXTRUSION('',#10640,#10645);
#10640 = CIRCLE('',#10641,0.2);
#10641 = AXIS2_PLACEMENT_3D('',#10642,#10643,#10644);
#10642 = CARTESIAN_POINT('',(11.437393398578,5.438053097345,
    21.420847278544));
#10643 = DIRECTION('',(-2.428612866368E-17,1.,1.179611963664E-16));
#10644 = DIRECTION('',(7.49400541622E-16,-1.179611963664E-16,1.));
#10645 = VECTOR('',#10646,1.);
#10646 = DIRECTION('',(0.809736197237,4.741647352493E-02,-0.584875173796
    ));
#10647 = ADVANCED_FACE('',(#10648),#10667,.T.);
#10648 = FACE_BOUND('',#10649,.T.);
#10649 = EDGE_LOOP('',(#10650,#10658,#10665,#10666));
#10650 = ORIENTED_EDGE('',*,*,#10651,.T.);
#10651 = EDGE_CURVE('',#10624,#10652,#10654,.T.);
#10652 = VERTEX_POINT('',#10653);
#10653 = CARTESIAN_POINT('',(14.230813271134,5.588495575221,
    20.208922783994));
#10654 = LINE('',#10655,#10656);
#10655 = CARTESIAN_POINT('',(12.721954552986,5.513274336283,
    20.693004444051));
#10656 = VECTOR('',#10657,1.);
#10657 = DIRECTION('',(0.951124449317,4.741647352493E-02,-0.305145801134
    ));
#10658 = ORIENTED_EDGE('',*,*,#10659,.F.);
#10659 = EDGE_CURVE('',#10652,#10652,#10660,.T.);
#10660 = CIRCLE('',#10661,0.2);
#10661 = AXIS2_PLACEMENT_3D('',#10662,#10663,#10664);
#10662 = CARTESIAN_POINT('',(14.230813271134,5.588495575221,
    20.008922783994));
#10663 = DIRECTION('',(-2.428612866368E-17,1.,1.179611963664E-16));
#10664 = DIRECTION('',(7.216449660064E-16,-1.179611963664E-16,1.));
#10665 = ORIENTED_EDGE('',*,*,#10651,.F.);
#10666 = ORIENTED_EDGE('',*,*,#10631,.T.);
#10667 = SURFACE_OF_LINEAR_EXTRUSION('',#10668,#10673);
#10668 = CIRCLE('',#10669,0.2);
#10669 = AXIS2_PLACEMENT_3D('',#10670,#10671,#10672);
#10670 = CARTESIAN_POINT('',(12.721954552986,5.513274336283,
    20.493004444051));
#10671 = DIRECTION('',(-2.428612866368E-17,1.,1.179611963664E-16));
#10672 = DIRECTION('',(7.216449660064E-16,-1.179611963664E-16,1.));
#10673 = VECTOR('',#10674,1.);
#10674 = DIRECTION('',(0.951124449317,4.741647352493E-02,-0.305145801134
    ));
#10675 = ADVANCED_FACE('',(#10676),#10695,.T.);
#10676 = FACE_BOUND('',#10677,.T.);
#10677 = EDGE_LOOP('',(#10678,#10686,#10693,#10694));
#10678 = ORIENTED_EDGE('',*,*,#10679,.T.);
#10679 = EDGE_CURVE('',#10652,#10680,#10682,.T.);
#10680 = VERTEX_POINT('',#10681);
#10681 = CARTESIAN_POINT('',(15.815406522836,5.663716814159,
    20.216265235537));
#10682 = LINE('',#10683,#10684);
#10683 = CARTESIAN_POINT('',(14.230813271134,5.588495575221,
    20.208922783994));
#10684 = VECTOR('',#10685,1.);
#10685 = DIRECTION('',(0.998864483328,4.741647352493E-02,
    4.628389057782E-03));
#10686 = ORIENTED_EDGE('',*,*,#10687,.F.);
#10687 = EDGE_CURVE('',#10680,#10680,#10688,.T.);
#10688 = CIRCLE('',#10689,0.2);
#10689 = AXIS2_PLACEMENT_3D('',#10690,#10691,#10692);
#10690 = CARTESIAN_POINT('',(15.815406522836,5.663716814159,
    20.016265235537));
#10691 = DIRECTION('',(-2.428612866368E-17,1.,1.249000902703E-16));
#10692 = DIRECTION('',(7.216449660064E-16,-1.249000902703E-16,1.));
#10693 = ORIENTED_EDGE('',*,*,#10679,.F.);
#10694 = ORIENTED_EDGE('',*,*,#10659,.T.);
#10695 = SURFACE_OF_LINEAR_EXTRUSION('',#10696,#10701);
#10696 = CIRCLE('',#10697,0.2);
#10697 = AXIS2_PLACEMENT_3D('',#10698,#10699,#10700);
#10698 = CARTESIAN_POINT('',(14.230813271134,5.588495575221,
    20.008922783994));
#10699 = DIRECTION('',(-2.428612866368E-17,1.,1.249000902703E-16));
#10700 = DIRECTION('',(7.216449660064E-16,-1.249000902703E-16,1.));
#10701 = VECTOR('',#10702,1.);
#10702 = DIRECTION('',(0.998864483328,4.741647352493E-02,
    4.628389057782E-03));
#10703 = ADVANCED_FACE('',(#10704),#10723,.T.);
#10704 = FACE_BOUND('',#10705,.T.);
#10705 = EDGE_LOOP('',(#10706,#10714,#10721,#10722));
#10706 = ORIENTED_EDGE('',*,*,#10707,.T.);
#10707 = EDGE_CURVE('',#10680,#10708,#10710,.T.);
#10708 = VERTEX_POINT('',#10709);
#10709 = CARTESIAN_POINT('',(17.31971441554,5.738938053097,
    20.714308857006));
#10710 = LINE('',#10711,#10712);
#10711 = CARTESIAN_POINT('',(15.815406522836,5.663716814159,
    20.216265235537));
#10712 = VECTOR('',#10713,1.);
#10713 = DIRECTION('',(0.948255790182,4.741647352493E-02,0.313946865606)
  );
#10714 = ORIENTED_EDGE('',*,*,#10715,.F.);
#10715 = EDGE_CURVE('',#10708,#10708,#10716,.T.);
#10716 = CIRCLE('',#10717,0.2);
#10717 = AXIS2_PLACEMENT_3D('',#10718,#10719,#10720);
#10718 = CARTESIAN_POINT('',(17.31971441554,5.738938053097,
    20.514308857006));
#10719 = DIRECTION('',(-2.341876692569E-17,1.,1.179611963664E-16));
#10720 = DIRECTION('',(6.938893903907E-16,-1.179611963664E-16,1.));
#10721 = ORIENTED_EDGE('',*,*,#10707,.F.);
#10722 = ORIENTED_EDGE('',*,*,#10687,.T.);
#10723 = SURFACE_OF_LINEAR_EXTRUSION('',#10724,#10729);
#10724 = CIRCLE('',#10725,0.2);
#10725 = AXIS2_PLACEMENT_3D('',#10726,#10727,#10728);
#10726 = CARTESIAN_POINT('',(15.815406522836,5.663716814159,
    20.016265235537));
#10727 = DIRECTION('',(-2.341876692569E-17,1.,1.179611963664E-16));
#10728 = DIRECTION('',(6.938893903907E-16,-1.179611963664E-16,1.));
#10729 = VECTOR('',#10730,1.);
#10730 = DIRECTION('',(0.948255790182,4.741647352493E-02,0.313946865606)
  );
#10731 = ADVANCED_FACE('',(#10732),#10751,.T.);
#10732 = FACE_BOUND('',#10733,.T.);
#10733 = EDGE_LOOP('',(#10734,#10742,#10749,#10750));
#10734 = ORIENTED_EDGE('',*,*,#10735,.T.);
#10735 = EDGE_CURVE('',#10708,#10736,#10738,.T.);
#10736 = VERTEX_POINT('',#10737);
#10737 = CARTESIAN_POINT('',(18.595621995747,5.814159292035,
    21.654016009103));
#10738 = LINE('',#10739,#10740);
#10739 = CARTESIAN_POINT('',(17.31971441554,5.738938053097,
    20.714308857006));
#10740 = VECTOR('',#10741,1.);
#10741 = DIRECTION('',(0.804281328668,4.741647352493E-02,0.592353967146)
  );
#10742 = ORIENTED_EDGE('',*,*,#10743,.F.);
#10743 = EDGE_CURVE('',#10736,#10736,#10744,.T.);
#10744 = CIRCLE('',#10745,0.2);
#10745 = AXIS2_PLACEMENT_3D('',#10746,#10747,#10748);
#10746 = CARTESIAN_POINT('',(18.595621995747,5.814159292035,
    21.454016009103));
#10747 = DIRECTION('',(-1.040834085586E-17,1.,1.179611963664E-16));
#10748 = DIRECTION('',(7.771561172376E-16,-1.179611963664E-16,1.));
#10749 = ORIENTED_EDGE('',*,*,#10735,.F.);
#10750 = ORIENTED_EDGE('',*,*,#10715,.T.);
#10751 = SURFACE_OF_LINEAR_EXTRUSION('',#10752,#10757);
#10752 = CIRCLE('',#10753,0.2);
#10753 = AXIS2_PLACEMENT_3D('',#10754,#10755,#10756);
#10754 = CARTESIAN_POINT('',(17.31971441554,5.738938053097,
    20.514308857006));
#10755 = DIRECTION('',(-1.040834085586E-17,1.,1.179611963664E-16));
#10756 = DIRECTION('',(7.771561172376E-16,-1.179611963664E-16,1.));
#10757 = VECTOR('',#10758,1.);
#10758 = DIRECTION('',(0.804281328668,4.741647352493E-02,0.592353967146)
  );
#10759 = ADVANCED_FACE('',(#10760),#10779,.T.);
#10760 = FACE_BOUND('',#10761,.T.);
#10761 = EDGE_LOOP('',(#10762,#10770,#10777,#10778));
#10762 = ORIENTED_EDGE('',*,*,#10763,.T.);
#10763 = EDGE_CURVE('',#10736,#10764,#10766,.T.);
#10764 = VERTEX_POINT('',#10765);
#10765 = CARTESIAN_POINT('',(19.51750272595,5.889380530973,
    22.942862626903));
#10766 = LINE('',#10767,#10768);
#10767 = CARTESIAN_POINT('',(18.595621995747,5.814159292035,
    21.654016009103));
#10768 = VECTOR('',#10769,1.);
#10769 = DIRECTION('',(0.581116900678,4.741647352493E-02,0.812437582701)
  );
#10770 = ORIENTED_EDGE('',*,*,#10771,.F.);
#10771 = EDGE_CURVE('',#10764,#10764,#10772,.T.);
#10772 = CIRCLE('',#10773,0.2);
#10773 = AXIS2_PLACEMENT_3D('',#10774,#10775,#10776);
#10774 = CARTESIAN_POINT('',(19.51750272595,5.889380530973,
    22.742862626903));
#10775 = DIRECTION('',(-1.734723475977E-17,1.,1.179611963664E-16));
#10776 = DIRECTION('',(6.661338147751E-16,-1.179611963664E-16,1.));
#10777 = ORIENTED_EDGE('',*,*,#10763,.F.);
#10778 = ORIENTED_EDGE('',*,*,#10743,.T.);
#10779 = SURFACE_OF_LINEAR_EXTRUSION('',#10780,#10785);
#10780 = CIRCLE('',#10781,0.2);
#10781 = AXIS2_PLACEMENT_3D('',#10782,#10783,#10784);
#10782 = CARTESIAN_POINT('',(18.595621995747,5.814159292035,
    21.454016009103));
#10783 = DIRECTION('',(-1.734723475977E-17,1.,1.179611963664E-16));
#10784 = DIRECTION('',(6.661338147751E-16,-1.179611963664E-16,1.));
#10785 = VECTOR('',#10786,1.);
#10786 = DIRECTION('',(0.581116900678,4.741647352493E-02,0.812437582701)
  );
#10787 = ADVANCED_FACE('',(#10788),#10807,.T.);
#10788 = FACE_BOUND('',#10789,.T.);
#10789 = EDGE_LOOP('',(#10790,#10798,#10805,#10806));
#10790 = ORIENTED_EDGE('',*,*,#10791,.T.);
#10791 = EDGE_CURVE('',#10764,#10792,#10794,.T.);
#10792 = VERTEX_POINT('',#10793);
#10793 = CARTESIAN_POINT('',(19.994587740183,5.964601769912,
    24.453948188388));
#10794 = LINE('',#10795,#10796);
#10795 = CARTESIAN_POINT('',(19.51750272595,5.889380530973,
    22.942862626903));
#10796 = VECTOR('',#10797,1.);
#10797 = DIRECTION('',(0.30073539423,4.741647352493E-02,0.952528162678)
  );
#10798 = ORIENTED_EDGE('',*,*,#10799,.F.);
#10799 = EDGE_CURVE('',#10792,#10792,#10800,.T.);
#10800 = CIRCLE('',#10801,0.2);
#10801 = AXIS2_PLACEMENT_3D('',#10802,#10803,#10804);
#10802 = CARTESIAN_POINT('',(19.994587740183,5.964601769912,
    24.253948188388));
#10803 = DIRECTION('',(-1.214306433184E-17,1.,1.179611963664E-16));
#10804 = DIRECTION('',(7.216449660064E-16,-1.179611963664E-16,1.));
#10805 = ORIENTED_EDGE('',*,*,#10791,.F.);
#10806 = ORIENTED_EDGE('',*,*,#10771,.T.);
#10807 = SURFACE_OF_LINEAR_EXTRUSION('',#10808,#10813);
#10808 = CIRCLE('',#10809,0.2);
#10809 = AXIS2_PLACEMENT_3D('',#10810,#10811,#10812);
#10810 = CARTESIAN_POINT('',(19.51750272595,5.889380530973,
    22.742862626903));
#10811 = DIRECTION('',(-1.214306433184E-17,1.,1.179611963664E-16));
#10812 = DIRECTION('',(7.216449660064E-16,-1.179611963664E-16,1.));
#10813 = VECTOR('',#10814,1.);
#10814 = DIRECTION('',(0.30073539423,4.741647352493E-02,0.952528162678)
  );
#10815 = ADVANCED_FACE('',(#10816),#10835,.T.);
#10816 = FACE_BOUND('',#10817,.T.);
#10817 = EDGE_LOOP('',(#10818,#10826,#10833,#10834));
#10818 = ORIENTED_EDGE('',*,*,#10819,.T.);
#10819 = EDGE_CURVE('',#10792,#10820,#10822,.T.);
#10820 = VERTEX_POINT('',#10821);
#10821 = CARTESIAN_POINT('',(19.979902994742,6.03982300885,
    26.038490407197));
#10822 = LINE('',#10823,#10824);
#10823 = CARTESIAN_POINT('',(19.994587740183,5.964601769912,
    24.453948188388));
#10824 = VECTOR('',#10825,1.);
#10825 = DIRECTION('',(-9.256678742331E-03,4.741647352493E-02,
    0.998832314224));
#10826 = ORIENTED_EDGE('',*,*,#10827,.F.);
#10827 = EDGE_CURVE('',#10820,#10820,#10828,.T.);
#10828 = CIRCLE('',#10829,0.2);
#10829 = AXIS2_PLACEMENT_3D('',#10830,#10831,#10832);
#10830 = CARTESIAN_POINT('',(19.979902994742,6.03982300885,
    25.838490407197));
#10831 = DIRECTION('',(-1.214306433184E-17,1.,1.179611963664E-16));
#10832 = DIRECTION('',(7.216449660064E-16,-1.179611963664E-16,1.));
#10833 = ORIENTED_EDGE('',*,*,#10819,.F.);
#10834 = ORIENTED_EDGE('',*,*,#10799,.T.);
#10835 = SURFACE_OF_LINEAR_EXTRUSION('',#10836,#10841);
#10836 = CIRCLE('',#10837,0.2);
#10837 = AXIS2_PLACEMENT_3D('',#10838,#10839,#10840);
#10838 = CARTESIAN_POINT('',(19.994587740183,5.964601769912,
    24.253948188388));
#10839 = DIRECTION('',(-1.214306433184E-17,1.,1.179611963664E-16));
#10840 = DIRECTION('',(7.216449660064E-16,-1.179611963664E-16,1.));
#10841 = VECTOR('',#10842,1.);
#10842 = DIRECTION('',(-9.256678742331E-03,4.741647352493E-02,
    0.998832314224));
#10843 = ADVANCED_FACE('',(#10844),#10863,.T.);
#10844 = FACE_BOUND('',#10845,.T.);
#10845 = EDGE_LOOP('',(#10846,#10854,#10861,#10862));
#10846 = ORIENTED_EDGE('',*,*,#10847,.T.);
#10847 = EDGE_CURVE('',#10820,#10848,#10850,.T.);
#10848 = VERTEX_POINT('',#10849);
#10849 = CARTESIAN_POINT('',(19.474894357456,6.115044247788,
    27.540474415501));
#10850 = LINE('',#10851,#10852);
#10851 = CARTESIAN_POINT('',(19.979902994742,6.03982300885,
    26.038490407197));
#10852 = VECTOR('',#10853,1.);
#10853 = DIRECTION('',(-0.318337334213,4.741647352493E-02,0.946790906));
#10854 = ORIENTED_EDGE('',*,*,#10855,.F.);
#10855 = EDGE_CURVE('',#10848,#10848,#10856,.T.);
#10856 = CIRCLE('',#10857,0.2);
#10857 = AXIS2_PLACEMENT_3D('',#10858,#10859,#10860);
#10858 = CARTESIAN_POINT('',(19.474894357456,6.115044247788,
    27.340474415501));
#10859 = DIRECTION('',(-1.561251128379E-17,1.,1.179611963664E-16));
#10860 = DIRECTION('',(7.216449660064E-16,-1.179611963664E-16,1.));
#10861 = ORIENTED_EDGE('',*,*,#10847,.F.);
#10862 = ORIENTED_EDGE('',*,*,#10827,.T.);
#10863 = SURFACE_OF_LINEAR_EXTRUSION('',#10864,#10869);
#10864 = CIRCLE('',#10865,0.2);
#10865 = AXIS2_PLACEMENT_3D('',#10866,#10867,#10868);
#10866 = CARTESIAN_POINT('',(19.979902994742,6.03982300885,
    25.838490407197));
#10867 = DIRECTION('',(-1.561251128379E-17,1.,1.179611963664E-16));
#10868 = DIRECTION('',(7.216449660064E-16,-1.179611963664E-16,1.));
#10869 = VECTOR('',#10870,1.);
#10870 = DIRECTION('',(-0.318337334213,4.741647352493E-02,0.946790906));
#10871 = ADVANCED_FACE('',(#10872),#10891,.T.);
#10872 = FACE_BOUND('',#10873,.T.);
#10873 = EDGE_LOOP('',(#10874,#10882,#10889,#10890));
#10874 = ORIENTED_EDGE('',*,*,#10875,.T.);
#10875 = EDGE_CURVE('',#10848,#10876,#10878,.T.);
#10876 = VERTEX_POINT('',#10877);
#10877 = CARTESIAN_POINT('',(18.529285246775,6.190265486726,
    28.812014070695));
#10878 = LINE('',#10879,#10880);
#10879 = CARTESIAN_POINT('',(19.474894357456,6.115044247788,
    27.540474415501));
#10880 = VECTOR('',#10881,1.);
#10881 = DIRECTION('',(-0.596074326806,4.741647352493E-02,0.801527962682
    ));
#10882 = ORIENTED_EDGE('',*,*,#10883,.F.);
#10883 = EDGE_CURVE('',#10876,#10876,#10884,.T.);
#10884 = CIRCLE('',#10885,0.2);
#10885 = AXIS2_PLACEMENT_3D('',#10886,#10887,#10888);
#10886 = CARTESIAN_POINT('',(18.529285246775,6.190265486726,
    28.612014070695));
#10887 = DIRECTION('',(-2.341876692569E-17,1.,1.249000902703E-16));
#10888 = DIRECTION('',(7.216449660064E-16,-1.249000902703E-16,1.));
#10889 = ORIENTED_EDGE('',*,*,#10875,.F.);
#10890 = ORIENTED_EDGE('',*,*,#10855,.T.);
#10891 = SURFACE_OF_LINEAR_EXTRUSION('',#10892,#10897);
#10892 = CIRCLE('',#10893,0.2);
#10893 = AXIS2_PLACEMENT_3D('',#10894,#10895,#10896);
#10894 = CARTESIAN_POINT('',(19.474894357456,6.115044247788,
    27.340474415501));
#10895 = DIRECTION('',(-2.341876692569E-17,1.,1.249000902703E-16));
#10896 = DIRECTION('',(7.216449660064E-16,-1.249000902703E-16,1.));
#10897 = VECTOR('',#10898,1.);
#10898 = DIRECTION('',(-0.596074326806,4.741647352493E-02,0.801527962682
    ));
#10899 = ADVANCED_FACE('',(#10900),#10919,.T.);
#10900 = FACE_BOUND('',#10901,.T.);
#10901 = EDGE_LOOP('',(#10902,#10910,#10917,#10918));
#10902 = ORIENTED_EDGE('',*,*,#10903,.T.);
#10903 = EDGE_CURVE('',#10876,#10904,#10906,.T.);
#10904 = VERTEX_POINT('',#10905);
#10905 = CARTESIAN_POINT('',(17.2361808376,6.265486725664,
    29.727912903486));
#10906 = LINE('',#10907,#10908);
#10907 = CARTESIAN_POINT('',(18.529285246775,6.190265486726,
    28.812014070695));
#10908 = VECTOR('',#10909,1.);
#10909 = DIRECTION('',(-0.815121524828,4.741647352493E-02,0.577346150763
    ));
#10910 = ORIENTED_EDGE('',*,*,#10911,.F.);
#10911 = EDGE_CURVE('',#10904,#10904,#10912,.T.);
#10912 = CIRCLE('',#10913,0.2);
#10913 = AXIS2_PLACEMENT_3D('',#10914,#10915,#10916);
#10914 = CARTESIAN_POINT('',(17.2361808376,6.265486725664,
    29.527912903486));
#10915 = DIRECTION('',(-3.295974604356E-17,1.,1.179611963664E-16));
#10916 = DIRECTION('',(7.216449660064E-16,-1.179611963664E-16,1.));
#10917 = ORIENTED_EDGE('',*,*,#10903,.F.);
#10918 = ORIENTED_EDGE('',*,*,#10883,.T.);
#10919 = SURFACE_OF_LINEAR_EXTRUSION('',#10920,#10925);
#10920 = CIRCLE('',#10921,0.2);
#10921 = AXIS2_PLACEMENT_3D('',#10922,#10923,#10924);
#10922 = CARTESIAN_POINT('',(18.529285246775,6.190265486726,
    28.612014070695));
#10923 = DIRECTION('',(-3.295974604356E-17,1.,1.179611963664E-16));
#10924 = DIRECTION('',(7.216449660064E-16,-1.179611963664E-16,1.));
#10925 = VECTOR('',#10926,1.);
#10926 = DIRECTION('',(-0.815121524828,4.741647352493E-02,0.577346150763
    ));
#10927 = ADVANCED_FACE('',(#10928),#10947,.T.);
#10928 = FACE_BOUND('',#10929,.T.);
#10929 = EDGE_LOOP('',(#10930,#10938,#10945,#10946));
#10930 = ORIENTED_EDGE('',*,*,#10931,.T.);
#10931 = EDGE_CURVE('',#10904,#10932,#10934,.T.);
#10932 = VERTEX_POINT('',#10933);
#10933 = CARTESIAN_POINT('',(15.722900876347,6.340707964602,
    30.197991028701));
#10934 = LINE('',#10935,#10936);
#10935 = CARTESIAN_POINT('',(17.2361808376,6.265486725664,
    29.727912903486));
#10936 = VECTOR('',#10937,1.);
#10937 = DIRECTION('',(-0.953911424905,4.741647352493E-02,0.296318530426
    ));
#10938 = ORIENTED_EDGE('',*,*,#10939,.F.);
#10939 = EDGE_CURVE('',#10932,#10932,#10940,.T.);
#10940 = CIRCLE('',#10941,0.2);
#10941 = AXIS2_PLACEMENT_3D('',#10942,#10943,#10944);
#10942 = CARTESIAN_POINT('',(15.722900876347,6.340707964602,
    29.997991028701));
#10943 = DIRECTION('',(-3.642919299551E-17,1.,1.179611963664E-16));
#10944 = DIRECTION('',(7.49400541622E-16,-1.179611963664E-16,1.));
#10945 = ORIENTED_EDGE('',*,*,#10931,.F.);
#10946 = ORIENTED_EDGE('',*,*,#10911,.T.);
#10947 = SURFACE_OF_LINEAR_EXTRUSION('',#10948,#10953);
#10948 = CIRCLE('',#10949,0.2);
#10949 = AXIS2_PLACEMENT_3D('',#10950,#10951,#10952);
#10950 = CARTESIAN_POINT('',(17.2361808376,6.265486725664,
    29.527912903486));
#10951 = DIRECTION('',(-3.642919299551E-17,1.,1.179611963664E-16));
#10952 = DIRECTION('',(7.49400541622E-16,-1.179611963664E-16,1.));
#10953 = VECTOR('',#10954,1.);
#10954 = DIRECTION('',(-0.953911424905,4.741647352493E-02,0.296318530426
    ));
#10955 = ADVANCED_FACE('',(#10956),#10975,.T.);
#10956 = FACE_BOUND('',#10957,.T.);
#10957 = EDGE_LOOP('',(#10958,#10966,#10973,#10974));
#10958 = ORIENTED_EDGE('',*,*,#10959,.T.);
#10959 = EDGE_CURVE('',#10932,#10960,#10962,.T.);
#10960 = VERTEX_POINT('',#10961);
#10961 = CARTESIAN_POINT('',(14.138443711145,6.41592920354,
    30.175964304648));
#10962 = LINE('',#10963,#10964);
#10963 = CARTESIAN_POINT('',(15.722900876347,6.340707964602,
    30.197991028701));
#10964 = VECTOR('',#10965,1.);
#10965 = DIRECTION('',(-0.998778699818,4.741647352493E-02,
    -1.388476968254E-02));
#10966 = ORIENTED_EDGE('',*,*,#10967,.F.);
#10967 = EDGE_CURVE('',#10960,#10960,#10968,.T.);
#10968 = CIRCLE('',#10969,0.2);
#10969 = AXIS2_PLACEMENT_3D('',#10970,#10971,#10972);
#10970 = CARTESIAN_POINT('',(14.138443711145,6.41592920354,
    29.975964304648));
#10971 = DIRECTION('',(-2.862293735362E-17,1.,1.179611963664E-16));
#10972 = DIRECTION('',(7.216449660064E-16,-1.179611963664E-16,1.));
#10973 = ORIENTED_EDGE('',*,*,#10959,.F.);
#10974 = ORIENTED_EDGE('',*,*,#10939,.T.);
#10975 = SURFACE_OF_LINEAR_EXTRUSION('',#10976,#10981);
#10976 = CIRCLE('',#10977,0.2);
#10977 = AXIS2_PLACEMENT_3D('',#10978,#10979,#10980);
#10978 = CARTESIAN_POINT('',(15.722900876347,6.340707964602,
    29.997991028701));
#10979 = DIRECTION('',(-2.862293735362E-17,1.,1.179611963664E-16));
#10980 = DIRECTION('',(7.216449660064E-16,-1.179611963664E-16,1.));
#10981 = VECTOR('',#10982,1.);
#10982 = DIRECTION('',(-0.998778699818,4.741647352493E-02,
    -1.388476968254E-02));
#10983 = ADVANCED_FACE('',(#10984),#11003,.T.);
#10984 = FACE_BOUND('',#10985,.T.);
#10985 = EDGE_LOOP('',(#10986,#10994,#11001,#11002));
#10986 = ORIENTED_EDGE('',*,*,#10987,.T.);
#10987 = EDGE_CURVE('',#10960,#10988,#10990,.T.);
#10988 = VERTEX_POINT('',#10989);
#10989 = CARTESIAN_POINT('',(12.638815835396,6.491150442478,
    29.664001494268));
#10990 = LINE('',#10991,#10992);
#10991 = CARTESIAN_POINT('',(14.138443711145,6.41592920354,
    30.175964304648));
#10992 = VECTOR('',#10993,1.);
#10993 = DIRECTION('',(-0.945305693864,4.741647352493E-02,
    -0.322720967999));
#10994 = ORIENTED_EDGE('',*,*,#10995,.F.);
#10995 = EDGE_CURVE('',#10988,#10988,#10996,.T.);
#10996 = CIRCLE('',#10997,0.2);
#10997 = AXIS2_PLACEMENT_3D('',#10998,#10999,#11000);
#10998 = CARTESIAN_POINT('',(12.638815835396,6.491150442478,
    29.464001494268));
#10999 = DIRECTION('',(-2.775557561563E-17,1.,1.110223024625E-16));
#11000 = DIRECTION('',(7.49400541622E-16,-1.110223024625E-16,1.));
#11001 = ORIENTED_EDGE('',*,*,#10987,.F.);
#11002 = ORIENTED_EDGE('',*,*,#10967,.T.);
#11003 = SURFACE_OF_LINEAR_EXTRUSION('',#11004,#11009);
#11004 = CIRCLE('',#11005,0.2);
#11005 = AXIS2_PLACEMENT_3D('',#11006,#11007,#11008);
#11006 = CARTESIAN_POINT('',(14.138443711145,6.41592920354,
    29.975964304648));
#11007 = DIRECTION('',(-2.775557561563E-17,1.,1.110223024625E-16));
#11008 = DIRECTION('',(7.49400541622E-16,-1.110223024625E-16,1.));
#11009 = VECTOR('',#11010,1.);
#11010 = DIRECTION('',(-0.945305693864,4.741647352493E-02,
    -0.322720967999));
#11011 = ADVANCED_FACE('',(#11012),#11031,.T.);
#11012 = FACE_BOUND('',#11013,.T.);
#11013 = EDGE_LOOP('',(#11014,#11022,#11029,#11030));
#11014 = ORIENTED_EDGE('',*,*,#11015,.T.);
#11015 = EDGE_CURVE('',#10988,#11016,#11018,.T.);
#11016 = VERTEX_POINT('',#11017);
#11017 = CARTESIAN_POINT('',(11.371671405645,6.566371681416,
    28.712510727583));
#11018 = LINE('',#11019,#11020);
#11019 = CARTESIAN_POINT('',(12.638815835396,6.491150442478,
    29.664001494268));
#11020 = VECTOR('',#11021,1.);
#11021 = DIRECTION('',(-0.798757387591,4.741647352493E-02,
    -0.599781888528));
#11022 = ORIENTED_EDGE('',*,*,#11023,.F.);
#11023 = EDGE_CURVE('',#11016,#11016,#11024,.T.);
#11024 = CIRCLE('',#11025,0.2);
#11025 = AXIS2_PLACEMENT_3D('',#11026,#11027,#11028);
#11026 = CARTESIAN_POINT('',(11.371671405645,6.566371681416,
    28.512510727583));
#11027 = DIRECTION('',(-2.775557561563E-17,1.,1.040834085586E-16));
#11028 = DIRECTION('',(6.106226635438E-16,-1.040834085586E-16,1.));
#11029 = ORIENTED_EDGE('',*,*,#11015,.F.);
#11030 = ORIENTED_EDGE('',*,*,#10995,.T.);
#11031 = SURFACE_OF_LINEAR_EXTRUSION('',#11032,#11037);
#11032 = CIRCLE('',#11033,0.2);
#11033 = AXIS2_PLACEMENT_3D('',#11034,#11035,#11036);
#11034 = CARTESIAN_POINT('',(12.638815835396,6.491150442478,
    29.464001494268));
#11035 = DIRECTION('',(-2.775557561563E-17,1.,1.040834085586E-16));
#11036 = DIRECTION('',(6.106226635438E-16,-1.040834085586E-16,1.));
#11037 = VECTOR('',#11038,1.);
#11038 = DIRECTION('',(-0.798757387591,4.741647352493E-02,
    -0.599781888528));
#11039 = ADVANCED_FACE('',(#11040),#11059,.T.);
#11040 = FACE_BOUND('',#11041,.T.);
#11041 = EDGE_LOOP('',(#11042,#11050,#11057,#11058));
#11042 = ORIENTED_EDGE('',*,*,#11043,.T.);
#11043 = EDGE_CURVE('',#11016,#11044,#11046,.T.);
#11044 = VERTEX_POINT('',#11045);
#11045 = CARTESIAN_POINT('',(10.461774134956,6.641592920354,
    27.415176290467));
#11046 = LINE('',#11047,#11048);
#11047 = CARTESIAN_POINT('',(11.371671405645,6.566371681416,
    28.712510727583));
#11048 = VECTOR('',#11049,1.);
#11049 = DIRECTION('',(-0.573563005012,4.741647352493E-02,
    -0.817787965991));
#11050 = ORIENTED_EDGE('',*,*,#11051,.F.);
#11051 = EDGE_CURVE('',#11044,#11044,#11052,.T.);
#11052 = CIRCLE('',#11053,0.2);
#11053 = AXIS2_PLACEMENT_3D('',#11054,#11055,#11056);
#11054 = CARTESIAN_POINT('',(10.461774134956,6.641592920354,
    27.215176290467));
#11055 = DIRECTION('',(-3.72965547335E-17,1.,1.179611963664E-16));
#11056 = DIRECTION('',(7.216449660064E-16,-1.179611963664E-16,1.));
#11057 = ORIENTED_EDGE('',*,*,#11043,.F.);
#11058 = ORIENTED_EDGE('',*,*,#11023,.T.);
#11059 = SURFACE_OF_LINEAR_EXTRUSION('',#11060,#11065);
#11060 = CIRCLE('',#11061,0.2);
#11061 = AXIS2_PLACEMENT_3D('',#11062,#11063,#11064);
#11062 = CARTESIAN_POINT('',(11.371671405645,6.566371681416,
    28.512510727583));
#11063 = DIRECTION('',(-3.72965547335E-17,1.,1.179611963664E-16));
#11064 = DIRECTION('',(7.216449660064E-16,-1.179611963664E-16,1.));
#11065 = VECTOR('',#11066,1.);
#11066 = DIRECTION('',(-0.573563005012,4.741647352493E-02,
    -0.817787965991));
#11067 = ADVANCED_FACE('',(#11068),#11087,.T.);
#11068 = FACE_BOUND('',#11069,.T.);
#11069 = EDGE_LOOP('',(#11070,#11078,#11085,#11086));
#11070 = ORIENTED_EDGE('',*,*,#11071,.T.);
#11071 = EDGE_CURVE('',#11044,#11072,#11074,.T.);
#11072 = VERTEX_POINT('',#11073);
#11073 = CARTESIAN_POINT('',(9.998712991511,6.716814159292,
    25.899734420132));
#11074 = LINE('',#11075,#11076);
#11075 = CARTESIAN_POINT('',(10.461774134956,6.641592920354,
    27.415176290467));
#11076 = VECTOR('',#11077,1.);
#11077 = DIRECTION('',(-0.291895304552,4.741647352493E-02,
    -0.955274206298));
#11078 = ORIENTED_EDGE('',*,*,#11079,.F.);
#11079 = EDGE_CURVE('',#11072,#11072,#11080,.T.);
#11080 = CIRCLE('',#11081,0.2);
#11081 = AXIS2_PLACEMENT_3D('',#11082,#11083,#11084);
#11082 = CARTESIAN_POINT('',(9.998712991511,6.716814159292,
    25.699734420132));
#11083 = DIRECTION('',(-3.903127820948E-17,1.,1.179611963664E-16));
#11084 = DIRECTION('',(7.49400541622E-16,-1.179611963664E-16,1.));
#11085 = ORIENTED_EDGE('',*,*,#11071,.F.);
#11086 = ORIENTED_EDGE('',*,*,#11051,.T.);
#11087 = SURFACE_OF_LINEAR_EXTRUSION('',#11088,#11093);
#11088 = CIRCLE('',#11089,0.2);
#11089 = AXIS2_PLACEMENT_3D('',#11090,#11091,#11092);
#11090 = CARTESIAN_POINT('',(10.461774134956,6.641592920354,
    27.215176290467));
#11091 = DIRECTION('',(-3.903127820948E-17,1.,1.179611963664E-16));
#11092 = DIRECTION('',(7.49400541622E-16,-1.179611963664E-16,1.));
#11093 = VECTOR('',#11094,1.);
#11094 = DIRECTION('',(-0.291895304552,4.741647352493E-02,
    -0.955274206298));
#11095 = ADVANCED_FACE('',(#11096),#11115,.T.);
#11096 = FACE_BOUND('',#11097,.T.);
#11097 = EDGE_LOOP('',(#11098,#11106,#11113,#11114));
#11098 = ORIENTED_EDGE('',*,*,#11099,.T.);
#11099 = EDGE_CURVE('',#11072,#11100,#11102,.T.);
#11100 = VERTEX_POINT('',#11101);
#11101 = CARTESIAN_POINT('',(10.028081221253,6.79203539823,
    24.31539632742));
#11102 = LINE('',#11103,#11104);
#11103 = CARTESIAN_POINT('',(9.998712991511,6.716814159292,
    25.899734420132));
#11104 = VECTOR('',#11105,1.);
#11105 = DIRECTION('',(1.851256251156E-02,4.741647352493E-02,
    -0.998703641261));
#11106 = ORIENTED_EDGE('',*,*,#11107,.F.);
#11107 = EDGE_CURVE('',#11100,#11100,#11108,.T.);
#11108 = CIRCLE('',#11109,0.2);
#11109 = AXIS2_PLACEMENT_3D('',#11110,#11111,#11112);
#11110 = CARTESIAN_POINT('',(10.028081221253,6.79203539823,
    24.11539632742));
#11111 = DIRECTION('',(-3.903127820948E-17,1.,1.249000902703E-16));
#11112 = DIRECTION('',(7.771561172376E-16,-1.249000902703E-16,1.));
#11113 = ORIENTED_EDGE('',*,*,#11099,.F.);
#11114 = ORIENTED_EDGE('',*,*,#11079,.T.);
#11115 = SURFACE_OF_LINEAR_EXTRUSION('',#11116,#11121);
#11116 = CIRCLE('',#11117,0.2);
#11117 = AXIS2_PLACEMENT_3D('',#11118,#11119,#11120);
#11118 = CARTESIAN_POINT('',(9.998712991511,6.716814159292,
    25.699734420132));
#11119 = DIRECTION('',(-3.903127820948E-17,1.,1.249000902703E-16));
#11120 = DIRECTION('',(7.771561172376E-16,-1.249000902703E-16,1.));
#11121 = VECTOR('',#11122,1.);
#11122 = DIRECTION('',(1.851256251156E-02,4.741647352493E-02,
    -0.998703641261));
#11123 = ADVANCED_FACE('',(#11124),#11143,.T.);
#11124 = FACE_BOUND('',#11125,.T.);
#11125 = EDGE_LOOP('',(#11126,#11134,#11141,#11142));
#11126 = ORIENTED_EDGE('',*,*,#11127,.T.);
#11127 = EDGE_CURVE('',#11100,#11128,#11130,.T.);
#11128 = VERTEX_POINT('',#11129);
#11129 = CARTESIAN_POINT('',(10.546987212695,6.867256637168,
    22.818156781797));
#11130 = LINE('',#11131,#11132);
#11131 = CARTESIAN_POINT('',(10.028081221253,6.79203539823,
    24.31539632742));
#11132 = VECTOR('',#11133,1.);
#11133 = DIRECTION('',(0.327097672845,4.741647352493E-02,-0.943800185663
    ));
#11134 = ORIENTED_EDGE('',*,*,#11135,.F.);
#11135 = EDGE_CURVE('',#11128,#11128,#11136,.T.);
#11136 = CIRCLE('',#11137,0.2);
#11137 = AXIS2_PLACEMENT_3D('',#11138,#11139,#11140);
#11138 = CARTESIAN_POINT('',(10.546987212695,6.867256637168,
    22.618156781797));
#11139 = DIRECTION('',(-3.642919299551E-17,1.,1.249000902703E-16));
#11140 = DIRECTION('',(7.49400541622E-16,-1.249000902703E-16,1.));
#11141 = ORIENTED_EDGE('',*,*,#11127,.F.);
#11142 = ORIENTED_EDGE('',*,*,#11107,.T.);
#11143 = SURFACE_OF_LINEAR_EXTRUSION('',#11144,#11149);
#11144 = CIRCLE('',#11145,0.2);
#11145 = AXIS2_PLACEMENT_3D('',#11146,#11147,#11148);
#11146 = CARTESIAN_POINT('',(10.028081221253,6.79203539823,
    24.11539632742));
#11147 = DIRECTION('',(-3.642919299551E-17,1.,1.249000902703E-16));
#11148 = DIRECTION('',(7.49400541622E-16,-1.249000902703E-16,1.));
#11149 = VECTOR('',#11150,1.);
#11150 = DIRECTION('',(0.327097672845,4.741647352493E-02,-0.943800185663
    ));
#11151 = ADVANCED_FACE('',(#11152),#11171,.T.);
#11152 = FACE_BOUND('',#11153,.T.);
#11153 = EDGE_LOOP('',(#11154,#11162,#11169,#11170));
#11154 = ORIENTED_EDGE('',*,*,#11155,.T.);
#11155 = EDGE_CURVE('',#11128,#11156,#11158,.T.);
#11156 = VERTEX_POINT('',#11157);
#11157 = CARTESIAN_POINT('',(11.504339206522,6.942477876106,
    21.555434783552));
#11158 = LINE('',#11159,#11160);
#11159 = CARTESIAN_POINT('',(10.546987212695,6.867256637168,
    22.818156781797));
#11160 = VECTOR('',#11161,1.);
#11161 = DIRECTION('',(0.60347657271,4.741647352493E-02,-0.795969662882)
  );
#11162 = ORIENTED_EDGE('',*,*,#11163,.F.);
#11163 = EDGE_CURVE('',#11156,#11156,#11164,.T.);
#11164 = CIRCLE('',#11165,0.2);
#11165 = AXIS2_PLACEMENT_3D('',#11166,#11167,#11168);
#11166 = CARTESIAN_POINT('',(11.504339206522,6.942477876106,
    21.355434783552));
#11167 = DIRECTION('',(-4.163336342344E-17,1.,1.318389841742E-16));
#11168 = DIRECTION('',(7.771561172376E-16,-1.318389841742E-16,1.));
#11169 = ORIENTED_EDGE('',*,*,#11155,.F.);
#11170 = ORIENTED_EDGE('',*,*,#11135,.T.);
#11171 = SURFACE_OF_LINEAR_EXTRUSION('',#11172,#11177);
#11172 = CIRCLE('',#11173,0.2);
#11173 = AXIS2_PLACEMENT_3D('',#11174,#11175,#11176);
#11174 = CARTESIAN_POINT('',(10.546987212695,6.867256637168,
    22.618156781797));
#11175 = DIRECTION('',(-4.163336342344E-17,1.,1.318389841742E-16));
#11176 = DIRECTION('',(7.771561172376E-16,-1.318389841742E-16,1.));
#11177 = VECTOR('',#11178,1.);
#11178 = DIRECTION('',(0.60347657271,4.741647352493E-02,-0.795969662882)
  );
#11179 = ADVANCED_FACE('',(#11180),#11199,.T.);
#11180 = FACE_BOUND('',#11181,.T.);
#11181 = EDGE_LOOP('',(#11182,#11190,#11197,#11198));
#11182 = ORIENTED_EDGE('',*,*,#11183,.T.);
#11183 = EDGE_CURVE('',#11156,#11184,#11186,.T.);
#11184 = VERTEX_POINT('',#11185);
#11185 = CARTESIAN_POINT('',(12.805875817326,7.017699115044,
    20.651558610798));
#11186 = LINE('',#11187,#11188);
#11187 = CARTESIAN_POINT('',(11.504339206522,6.942477876106,
    21.555434783552));
#11188 = VECTOR('',#11189,1.);
#11189 = DIRECTION('',(0.820436848943,4.741647352493E-02,-0.569767544649
    ));
#11190 = ORIENTED_EDGE('',*,*,#11191,.F.);
#11191 = EDGE_CURVE('',#11184,#11184,#11192,.T.);
#11192 = CIRCLE('',#11193,0.2);
#11193 = AXIS2_PLACEMENT_3D('',#11194,#11195,#11196);
#11194 = CARTESIAN_POINT('',(12.805875817326,7.017699115044,
    20.451558610798));
#11195 = DIRECTION('',(-3.903127820948E-17,1.,1.318389841742E-16));
#11196 = DIRECTION('',(8.326672684689E-16,-1.318389841742E-16,1.));
#11197 = ORIENTED_EDGE('',*,*,#11183,.F.);
#11198 = ORIENTED_EDGE('',*,*,#11163,.T.);
#11199 = SURFACE_OF_LINEAR_EXTRUSION('',#11200,#11205);
#11200 = CIRCLE('',#11201,0.2);
#11201 = AXIS2_PLACEMENT_3D('',#11202,#11203,#11204);
#11202 = CARTESIAN_POINT('',(11.504339206522,6.942477876106,
    21.355434783552));
#11203 = DIRECTION('',(-3.903127820948E-17,1.,1.318389841742E-16));
#11204 = DIRECTION('',(8.326672684689E-16,-1.318389841742E-16,1.));
#11205 = VECTOR('',#11206,1.);
#11206 = DIRECTION('',(0.820436848943,4.741647352493E-02,-0.569767544649
    ));
#11207 = ADVANCED_FACE('',(#11208),#11227,.T.);
#11208 = FACE_BOUND('',#11209,.T.);
#11209 = EDGE_LOOP('',(#11210,#11218,#11225,#11226));
#11210 = ORIENTED_EDGE('',*,*,#11211,.T.);
#11211 = EDGE_CURVE('',#11184,#11212,#11214,.T.);
#11212 = VERTEX_POINT('',#11213);
#11213 = CARTESIAN_POINT('',(14.323447059643,7.092920353982,
    20.195524391218));
#11214 = LINE('',#11215,#11216);
#11215 = CARTESIAN_POINT('',(12.805875817326,7.017699115044,
    20.651558610798));
#11216 = VECTOR('',#11217,1.);
#11217 = DIRECTION('',(0.956616477598,4.741647352493E-02,-0.287465811577
    ));
#11218 = ORIENTED_EDGE('',*,*,#11219,.F.);
#11219 = EDGE_CURVE('',#11212,#11212,#11220,.T.);
#11220 = CIRCLE('',#11221,0.2);
#11221 = AXIS2_PLACEMENT_3D('',#11222,#11223,#11224);
#11222 = CARTESIAN_POINT('',(14.323447059643,7.092920353982,
    19.995524391218));
#11223 = DIRECTION('',(-3.295974604356E-17,1.,1.52655665886E-16));
#11224 = DIRECTION('',(9.159339953158E-16,-1.52655665886E-16,1.));
#11225 = ORIENTED_EDGE('',*,*,#11211,.F.);
#11226 = ORIENTED_EDGE('',*,*,#11191,.T.);
#11227 = SURFACE_OF_LINEAR_EXTRUSION('',#11228,#11233);
#11228 = CIRCLE('',#11229,0.2);
#11229 = AXIS2_PLACEMENT_3D('',#11230,#11231,#11232);
#11230 = CARTESIAN_POINT('',(12.805875817326,7.017699115044,
    20.451558610798));
#11231 = DIRECTION('',(-3.295974604356E-17,1.,1.52655665886E-16));
#11232 = DIRECTION('',(9.159339953158E-16,-1.52655665886E-16,1.));
#11233 = VECTOR('',#11234,1.);
#11234 = DIRECTION('',(0.956616477598,4.741647352493E-02,-0.287465811577
    ));
#11235 = ADVANCED_FACE('',(#11236),#11255,.T.);
#11236 = FACE_BOUND('',#11237,.T.);
#11237 = EDGE_LOOP('',(#11238,#11246,#11253,#11254));
#11238 = ORIENTED_EDGE('',*,*,#11239,.T.);
#11239 = EDGE_CURVE('',#11212,#11240,#11242,.T.);
#11240 = VERTEX_POINT('',#11241);
#11241 = CARTESIAN_POINT('',(15.907632063534,7.16814159292,
    20.232233496103));
#11242 = LINE('',#11243,#11244);
#11243 = CARTESIAN_POINT('',(14.323447059643,7.092920353982,
    20.195524391218));
#11244 = VECTOR('',#11245,1.);
#11245 = DIRECTION('',(0.998607140165,4.741647352493E-02,
    2.313995786898E-02));
#11246 = ORIENTED_EDGE('',*,*,#11247,.F.);
#11247 = EDGE_CURVE('',#11240,#11240,#11248,.T.);
#11248 = CIRCLE('',#11249,0.2);
#11249 = AXIS2_PLACEMENT_3D('',#11250,#11251,#11252);
#11250 = CARTESIAN_POINT('',(15.907632063534,7.16814159292,
    20.032233496103));
#11251 = DIRECTION('',(-3.382710778155E-17,1.,1.595945597899E-16));
#11252 = DIRECTION('',(9.159339953158E-16,-1.595945597899E-16,1.));
#11253 = ORIENTED_EDGE('',*,*,#11239,.F.);
#11254 = ORIENTED_EDGE('',*,*,#11219,.T.);
#11255 = SURFACE_OF_LINEAR_EXTRUSION('',#11256,#11261);
#11256 = CIRCLE('',#11257,0.2);
#11257 = AXIS2_PLACEMENT_3D('',#11258,#11259,#11260);
#11258 = CARTESIAN_POINT('',(14.323447059643,7.092920353982,
    19.995524391218));
#11259 = DIRECTION('',(-3.382710778155E-17,1.,1.595945597899E-16));
#11260 = DIRECTION('',(9.159339953158E-16,-1.595945597899E-16,1.));
#11261 = VECTOR('',#11262,1.);
#11262 = DIRECTION('',(0.998607140165,4.741647352493E-02,
    2.313995786898E-02));
#11263 = ADVANCED_FACE('',(#11264),#11283,.T.);
#11264 = FACE_BOUND('',#11265,.T.);
#11265 = EDGE_LOOP('',(#11266,#11274,#11281,#11282));
#11266 = ORIENTED_EDGE('',*,*,#11267,.T.);
#11267 = EDGE_CURVE('',#11240,#11268,#11270,.T.);
#11268 = VERTEX_POINT('',#11269);
#11269 = CARTESIAN_POINT('',(17.402451132742,7.243362831858,
    20.758071527502));
#11270 = LINE('',#11271,#11272);
#11271 = CARTESIAN_POINT('',(15.907632063534,7.16814159292,
    20.232233496103));
#11272 = VECTOR('',#11273,1.);
#11273 = DIRECTION('',(0.94227441372,4.741647352493E-02,0.331467354782)
  );
#11274 = ORIENTED_EDGE('',*,*,#11275,.F.);
#11275 = EDGE_CURVE('',#11268,#11268,#11276,.T.);
#11276 = CIRCLE('',#11277,0.2);
#11277 = AXIS2_PLACEMENT_3D('',#11278,#11279,#11280);
#11278 = CARTESIAN_POINT('',(17.402451132742,7.243362831858,
    20.558071527502));
#11279 = DIRECTION('',(-4.336808689942E-17,1.,1.595945597899E-16));
#11280 = DIRECTION('',(9.436895709314E-16,-1.595945597899E-16,1.));
#11281 = ORIENTED_EDGE('',*,*,#11267,.F.);
#11282 = ORIENTED_EDGE('',*,*,#11247,.T.);
#11283 = SURFACE_OF_LINEAR_EXTRUSION('',#11284,#11289);
#11284 = CIRCLE('',#11285,0.2);
#11285 = AXIS2_PLACEMENT_3D('',#11286,#11287,#11288);
#11286 = CARTESIAN_POINT('',(15.907632063534,7.16814159292,
    20.032233496103));
#11287 = DIRECTION('',(-4.336808689942E-17,1.,1.595945597899E-16));
#11288 = DIRECTION('',(9.436895709314E-16,-1.595945597899E-16,1.));
#11289 = VECTOR('',#11290,1.);
#11290 = DIRECTION('',(0.94227441372,4.741647352493E-02,0.331467354782)
  );
#11291 = ADVANCED_FACE('',(#11292),#11311,.T.);
#11292 = FACE_BOUND('',#11293,.T.);
#11293 = EDGE_LOOP('',(#11294,#11302,#11309,#11310));
#11294 = ORIENTED_EDGE('',*,*,#11295,.T.);
#11295 = EDGE_CURVE('',#11268,#11296,#11298,.T.);
#11296 = VERTEX_POINT('',#11297);
#11297 = CARTESIAN_POINT('',(18.660723588368,7.318584070796,
    21.721264193767));
#11298 = LINE('',#11299,#11300);
#11299 = CARTESIAN_POINT('',(17.402451132742,7.243362831858,
    20.758071527502));
#11300 = VECTOR('',#11301,1.);
#11301 = DIRECTION('',(0.793164848408,4.741647352493E-02,0.607158300025)
  );
#11302 = ORIENTED_EDGE('',*,*,#11303,.F.);
#11303 = EDGE_CURVE('',#11296,#11296,#11304,.T.);
#11304 = CIRCLE('',#11305,0.2);
#11305 = AXIS2_PLACEMENT_3D('',#11306,#11307,#11308);
#11306 = CARTESIAN_POINT('',(18.660723588368,7.318584070796,
    21.521264193767));
#11307 = DIRECTION('',(-4.51028103754E-17,1.,1.804112415016E-16));
#11308 = DIRECTION('',(9.71445146547E-16,-1.804112415016E-16,1.));
#11309 = ORIENTED_EDGE('',*,*,#11295,.F.);
#11310 = ORIENTED_EDGE('',*,*,#11275,.T.);
#11311 = SURFACE_OF_LINEAR_EXTRUSION('',#11312,#11317);
#11312 = CIRCLE('',#11313,0.2);
#11313 = AXIS2_PLACEMENT_3D('',#11314,#11315,#11316);
#11314 = CARTESIAN_POINT('',(17.402451132742,7.243362831858,
    20.558071527502));
#11315 = DIRECTION('',(-4.51028103754E-17,1.,1.804112415016E-16));
#11316 = DIRECTION('',(9.71445146547E-16,-1.804112415016E-16,1.));
#11317 = VECTOR('',#11318,1.);
#11318 = DIRECTION('',(0.793164848408,4.741647352493E-02,0.607158300025)
  );
#11319 = ADVANCED_FACE('',(#11320),#11339,.T.);
#11320 = FACE_BOUND('',#11321,.T.);
#11321 = EDGE_LOOP('',(#11322,#11330,#11337,#11338));
#11322 = ORIENTED_EDGE('',*,*,#11323,.T.);
#11323 = EDGE_CURVE('',#11296,#11324,#11326,.T.);
#11324 = VERTEX_POINT('',#11325);
#11325 = CARTESIAN_POINT('',(19.558559256629,7.393805309735,
    23.026975033782));
#11326 = LINE('',#11327,#11328);
#11327 = CARTESIAN_POINT('',(18.660723588368,7.318584070796,
    21.721264193767));
#11328 = VECTOR('',#11329,1.);
#11329 = DIRECTION('',(0.565959851165,4.741647352493E-02,0.823068116809)
  );
#11330 = ORIENTED_EDGE('',*,*,#11331,.F.);
#11331 = EDGE_CURVE('',#11324,#11324,#11332,.T.);
#11332 = CIRCLE('',#11333,0.2);
#11333 = AXIS2_PLACEMENT_3D('',#11334,#11335,#11336);
#11334 = CARTESIAN_POINT('',(19.558559256629,7.393805309735,
    22.826975033782));
#11335 = DIRECTION('',(-5.290906601729E-17,1.,1.734723475977E-16));
#11336 = DIRECTION('',(9.159339953158E-16,-1.734723475977E-16,1.));
#11337 = ORIENTED_EDGE('',*,*,#11323,.F.);
#11338 = ORIENTED_EDGE('',*,*,#11303,.T.);
#11339 = SURFACE_OF_LINEAR_EXTRUSION('',#11340,#11345);
#11340 = CIRCLE('',#11341,0.2);
#11341 = AXIS2_PLACEMENT_3D('',#11342,#11343,#11344);
#11342 = CARTESIAN_POINT('',(18.660723588368,7.318584070796,
    21.521264193767));
#11343 = DIRECTION('',(-5.290906601729E-17,1.,1.734723475977E-16));
#11344 = DIRECTION('',(9.159339953158E-16,-1.734723475977E-16,1.));
#11345 = VECTOR('',#11346,1.);
#11346 = DIRECTION('',(0.565959851165,4.741647352493E-02,0.823068116809)
  );
#11347 = ADVANCED_FACE('',(#11348),#11367,.T.);
#11348 = FACE_BOUND('',#11349,.T.);
#11349 = EDGE_LOOP('',(#11350,#11358,#11365,#11366));
#11350 = ORIENTED_EDGE('',*,*,#11351,.T.);
#11351 = EDGE_CURVE('',#11324,#11352,#11354,.T.);
#11352 = VERTEX_POINT('',#11353);
#11353 = CARTESIAN_POINT('',(20.007556761119,7.469026548673,
    24.54664306526));
#11354 = LINE('',#11355,#11356);
#11355 = CARTESIAN_POINT('',(19.558559256629,7.393805309735,
    23.026975033782));
#11356 = VECTOR('',#11357,1.);
#11357 = DIRECTION('',(0.283030146605,4.741647352493E-02,0.957938209986)
  );
#11358 = ORIENTED_EDGE('',*,*,#11359,.F.);
#11359 = EDGE_CURVE('',#11352,#11352,#11360,.T.);
#11360 = CIRCLE('',#11361,0.2);
#11361 = AXIS2_PLACEMENT_3D('',#11362,#11363,#11364);
#11362 = CARTESIAN_POINT('',(20.007556761119,7.469026548673,
    24.34664306526));
#11363 = DIRECTION('',(-5.724587470723E-17,1.,1.665334536938E-16));
#11364 = DIRECTION('',(9.436895709314E-16,-1.665334536938E-16,1.));
#11365 = ORIENTED_EDGE('',*,*,#11351,.F.);
#11366 = ORIENTED_EDGE('',*,*,#11331,.T.);
#11367 = SURFACE_OF_LINEAR_EXTRUSION('',#11368,#11373);
#11368 = CIRCLE('',#11369,0.2);
#11369 = AXIS2_PLACEMENT_3D('',#11370,#11371,#11372);
#11370 = CARTESIAN_POINT('',(19.558559256629,7.393805309735,
    22.826975033782));
#11371 = DIRECTION('',(-5.724587470723E-17,1.,1.665334536938E-16));
#11372 = DIRECTION('',(9.436895709314E-16,-1.665334536938E-16,1.));
#11373 = VECTOR('',#11374,1.);
#11374 = DIRECTION('',(0.283030146605,4.741647352493E-02,0.957938209986)
  );
#11375 = ADVANCED_FACE('',(#11376),#11395,.T.);
#11376 = FACE_BOUND('',#11377,.T.);
#11377 = EDGE_LOOP('',(#11378,#11386,#11393,#11394));
#11378 = ORIENTED_EDGE('',*,*,#11379,.T.);
#11379 = EDGE_CURVE('',#11352,#11380,#11382,.T.);
#11380 = VERTEX_POINT('',#11381);
#11381 = CARTESIAN_POINT('',(19.96350756925,7.544247787611,
    26.130640967289));
#11382 = LINE('',#11383,#11384);
#11383 = CARTESIAN_POINT('',(20.007556761119,7.469026548673,
    24.54664306526));
#11384 = VECTOR('',#11385,1.);
#11385 = DIRECTION('',(-2.776685640288E-02,4.741647352493E-02,
    0.998489198602));
#11386 = ORIENTED_EDGE('',*,*,#11387,.F.);
#11387 = EDGE_CURVE('',#11380,#11380,#11388,.T.);
#11388 = CIRCLE('',#11389,0.2);
#11389 = AXIS2_PLACEMENT_3D('',#11390,#11391,#11392);
#11390 = CARTESIAN_POINT('',(19.96350756925,7.544247787611,
    25.930640967289));
#11391 = DIRECTION('',(-5.637851296925E-17,1.,1.595945597899E-16));
#11392 = DIRECTION('',(9.159339953158E-16,-1.595945597899E-16,1.));
#11393 = ORIENTED_EDGE('',*,*,#11379,.F.);
#11394 = ORIENTED_EDGE('',*,*,#11359,.T.);
#11395 = SURFACE_OF_LINEAR_EXTRUSION('',#11396,#11401);
#11396 = CIRCLE('',#11397,0.2);
#11397 = AXIS2_PLACEMENT_3D('',#11398,#11399,#11400);
#11398 = CARTESIAN_POINT('',(20.007556761119,7.469026548673,
    24.34664306526));
#11399 = DIRECTION('',(-5.637851296925E-17,1.,1.595945597899E-16));
#11400 = DIRECTION('',(9.159339953158E-16,-1.595945597899E-16,1.));
#11401 = VECTOR('',#11402,1.);
#11402 = DIRECTION('',(-2.776685640288E-02,4.741647352493E-02,
    0.998489198602));
#11403 = ADVANCED_FACE('',(#11404),#11423,.T.);
#11404 = FACE_BOUND('',#11405,.T.);
#11405 = EDGE_LOOP('',(#11406,#11414,#11421,#11422));
#11406 = ORIENTED_EDGE('',*,*,#11407,.T.);
#11407 = EDGE_CURVE('',#11380,#11408,#11410,.T.);
#11408 = VERTEX_POINT('',#11409);
#11409 = CARTESIAN_POINT('',(19.430748787832,7.619469026549,
    27.623007465759));
#11410 = LINE('',#11411,#11412);
#11411 = CARTESIAN_POINT('',(19.96350756925,7.544247787611,
    26.130640967289));
#11412 = VECTOR('',#11413,1.);
#11413 = DIRECTION('',(-0.335829919992,4.741647352493E-02,0.940728410795
    ));
#11414 = ORIENTED_EDGE('',*,*,#11415,.F.);
#11415 = EDGE_CURVE('',#11408,#11408,#11416,.T.);
#11416 = CIRCLE('',#11417,0.2);
#11417 = AXIS2_PLACEMENT_3D('',#11418,#11419,#11420);
#11418 = CARTESIAN_POINT('',(19.430748787832,7.619469026549,
    27.423007465759));
#11419 = DIRECTION('',(-5.290906601729E-17,1.,1.665334536938E-16));
#11420 = DIRECTION('',(9.992007221626E-16,-1.665334536938E-16,1.));
#11421 = ORIENTED_EDGE('',*,*,#11407,.F.);
#11422 = ORIENTED_EDGE('',*,*,#11387,.T.);
#11423 = SURFACE_OF_LINEAR_EXTRUSION('',#11424,#11429);
#11424 = CIRCLE('',#11425,0.2);
#11425 = AXIS2_PLACEMENT_3D('',#11426,#11427,#11428);
#11426 = CARTESIAN_POINT('',(19.96350756925,7.544247787611,
    25.930640967289));
#11427 = DIRECTION('',(-5.290906601729E-17,1.,1.665334536938E-16));
#11428 = DIRECTION('',(9.992007221626E-16,-1.665334536938E-16,1.));
#11429 = VECTOR('',#11430,1.);
#11430 = DIRECTION('',(-0.335829919992,4.741647352493E-02,0.940728410795
    ));
#11431 = ADVANCED_FACE('',(#11432),#11451,.T.);
#11432 = FACE_BOUND('',#11433,.T.);
#11433 = EDGE_LOOP('',(#11434,#11442,#11449,#11450));
#11434 = ORIENTED_EDGE('',*,*,#11435,.T.);
#11435 = EDGE_CURVE('',#11408,#11436,#11438,.T.);
#11436 = VERTEX_POINT('',#11437);
#11437 = CARTESIAN_POINT('',(18.461736129234,7.694690265487,
    28.876803363189));
#11438 = LINE('',#11439,#11440);
#11439 = CARTESIAN_POINT('',(19.430748787832,7.619469026549,
    27.623007465759));
#11440 = VECTOR('',#11441,1.);
#11441 = DIRECTION('',(-0.610826991424,4.741647352493E-02,0.790343004389
    ));
#11442 = ORIENTED_EDGE('',*,*,#11443,.F.);
#11443 = EDGE_CURVE('',#11436,#11436,#11444,.T.);
#11444 = CIRCLE('',#11445,0.2);
#11445 = AXIS2_PLACEMENT_3D('',#11446,#11447,#11448);
#11446 = CARTESIAN_POINT('',(18.461736129234,7.694690265487,
    28.676803363189));
#11447 = DIRECTION('',(-4.943961906534E-17,1.,1.734723475977E-16));
#11448 = DIRECTION('',(9.992007221626E-16,-1.734723475977E-16,1.));
#11449 = ORIENTED_EDGE('',*,*,#11435,.F.);
#11450 = ORIENTED_EDGE('',*,*,#11415,.T.);
#11451 = SURFACE_OF_LINEAR_EXTRUSION('',#11452,#11457);
#11452 = CIRCLE('',#11453,0.2);
#11453 = AXIS2_PLACEMENT_3D('',#11454,#11455,#11456);
#11454 = CARTESIAN_POINT('',(19.430748787832,7.619469026549,
    27.423007465759));
#11455 = DIRECTION('',(-4.943961906534E-17,1.,1.734723475977E-16));
#11456 = DIRECTION('',(9.992007221626E-16,-1.734723475977E-16,1.));
#11457 = VECTOR('',#11458,1.);
#11458 = DIRECTION('',(-0.610826991424,4.741647352493E-02,0.790343004389
    ));
#11459 = ADVANCED_FACE('',(#11460),#11479,.T.);
#11460 = FACE_BOUND('',#11461,.T.);
#11461 = EDGE_LOOP('',(#11462,#11470,#11477,#11478));
#11462 = ORIENTED_EDGE('',*,*,#11463,.T.);
#11463 = EDGE_CURVE('',#11436,#11464,#11466,.T.);
#11464 = VERTEX_POINT('',#11465);
#11465 = CARTESIAN_POINT('',(17.151879094105,7.769911504425,
    29.76857925009));
#11466 = LINE('',#11467,#11468);
#11467 = CARTESIAN_POINT('',(18.461736129234,7.694690265487,
    28.876803363189));
#11468 = VECTOR('',#11469,1.);
#11469 = DIRECTION('',(-0.825681713097,4.741647352493E-02,0.562140006312
    ));
#11470 = ORIENTED_EDGE('',*,*,#11471,.F.);
#11471 = EDGE_CURVE('',#11464,#11464,#11472,.T.);
#11472 = CIRCLE('',#11473,0.2);
#11473 = AXIS2_PLACEMENT_3D('',#11474,#11475,#11476);
#11474 = CARTESIAN_POINT('',(17.151879094105,7.769911504425,
    29.56857925009));
#11475 = DIRECTION('',(-5.290906601729E-17,1.,1.734723475977E-16));
#11476 = DIRECTION('',(9.159339953158E-16,-1.734723475977E-16,1.));
#11477 = ORIENTED_EDGE('',*,*,#11463,.F.);
#11478 = ORIENTED_EDGE('',*,*,#11443,.T.);
#11479 = SURFACE_OF_LINEAR_EXTRUSION('',#11480,#11485);
#11480 = CIRCLE('',#11481,0.2);
#11481 = AXIS2_PLACEMENT_3D('',#11482,#11483,#11484);
#11482 = CARTESIAN_POINT('',(18.461736129234,7.694690265487,
    28.676803363189));
#11483 = DIRECTION('',(-5.290906601729E-17,1.,1.734723475977E-16));
#11484 = DIRECTION('',(9.159339953158E-16,-1.734723475977E-16,1.));
#11485 = VECTOR('',#11486,1.);
#11486 = DIRECTION('',(-0.825681713097,4.741647352493E-02,0.562140006312
    ));
#11487 = ADVANCED_FACE('',(#11488),#11507,.T.);
#11488 = FACE_BOUND('',#11489,.T.);
#11489 = EDGE_LOOP('',(#11490,#11498,#11505,#11506));
#11490 = ORIENTED_EDGE('',*,*,#11491,.T.);
#11491 = EDGE_CURVE('',#11464,#11492,#11494,.T.);
#11492 = VERTEX_POINT('',#11493);
#11493 = CARTESIAN_POINT('',(15.630146901305,7.845132743363,
    30.210530399347));
#11494 = LINE('',#11495,#11496);
#11495 = CARTESIAN_POINT('',(17.151879094105,7.769911504425,
    29.76857925009));
#11496 = VECTOR('',#11497,1.);
#11497 = DIRECTION('',(-0.959239375084,4.741647352493E-02,0.278588404869
    ));
#11498 = ORIENTED_EDGE('',*,*,#11499,.F.);
#11499 = EDGE_CURVE('',#11492,#11492,#11500,.T.);
#11500 = CIRCLE('',#11501,0.2);
#11501 = AXIS2_PLACEMENT_3D('',#11502,#11503,#11504);
#11502 = CARTESIAN_POINT('',(15.630146901305,7.845132743363,
    30.010530399347));
#11503 = DIRECTION('',(-5.20417042793E-17,1.,1.734723475977E-16));
#11504 = DIRECTION('',(9.159339953158E-16,-1.734723475977E-16,1.));
#11505 = ORIENTED_EDGE('',*,*,#11491,.F.);
#11506 = ORIENTED_EDGE('',*,*,#11471,.T.);
#11507 = SURFACE_OF_LINEAR_EXTRUSION('',#11508,#11513);
#11508 = CIRCLE('',#11509,0.2);
#11509 = AXIS2_PLACEMENT_3D('',#11510,#11511,#11512);
#11510 = CARTESIAN_POINT('',(17.151879094105,7.769911504425,
    29.56857925009));
#11511 = DIRECTION('',(-5.20417042793E-17,1.,1.734723475977E-16));
#11512 = DIRECTION('',(9.159339953158E-16,-1.734723475977E-16,1.));
#11513 = VECTOR('',#11514,1.);
#11514 = DIRECTION('',(-0.959239375084,4.741647352493E-02,0.278588404869
    ));
#11515 = ADVANCED_FACE('',(#11516),#11535,.T.);
#11516 = FACE_BOUND('',#11517,.T.);
#11517 = EDGE_LOOP('',(#11518,#11526,#11533,#11534));
#11518 = ORIENTED_EDGE('',*,*,#11519,.T.);
#11519 = EDGE_CURVE('',#11492,#11520,#11522,.T.);
#11520 = VERTEX_POINT('',#11521);
#11521 = CARTESIAN_POINT('',(14.046370110164,7.920353982301,
    30.159142066246));
#11522 = LINE('',#11523,#11524);
#11523 = CARTESIAN_POINT('',(15.630146901305,7.845132743363,
    30.210530399347));
#11524 = VECTOR('',#11525,1.);
#11525 = DIRECTION('',(-0.998349819103,4.741647352493E-02,
    -3.239315877202E-02));
#11526 = ORIENTED_EDGE('',*,*,#11527,.F.);
#11527 = EDGE_CURVE('',#11520,#11520,#11528,.T.);
#11528 = CIRCLE('',#11529,0.2);
#11529 = AXIS2_PLACEMENT_3D('',#11530,#11531,#11532);
#11530 = CARTESIAN_POINT('',(14.046370110164,7.920353982301,
    29.959142066246));
#11531 = DIRECTION('',(-5.290906601729E-17,1.,1.665334536938E-16));
#11532 = DIRECTION('',(8.604228440845E-16,-1.665334536938E-16,1.));
#11533 = ORIENTED_EDGE('',*,*,#11519,.F.);
#11534 = ORIENTED_EDGE('',*,*,#11499,.T.);
#11535 = SURFACE_OF_LINEAR_EXTRUSION('',#11536,#11541);
#11536 = CIRCLE('',#11537,0.2);
#11537 = AXIS2_PLACEMENT_3D('',#11538,#11539,#11540);
#11538 = CARTESIAN_POINT('',(15.630146901305,7.845132743363,
    30.010530399347));
#11539 = DIRECTION('',(-5.290906601729E-17,1.,1.665334536938E-16));
#11540 = DIRECTION('',(8.604228440845E-16,-1.665334536938E-16,1.));
#11541 = VECTOR('',#11542,1.);
#11542 = DIRECTION('',(-0.998349819103,4.741647352493E-02,
    -3.239315877202E-02));
#11543 = ADVANCED_FACE('',(#11544),#11563,.T.);
#11544 = FACE_BOUND('',#11545,.T.);
#11545 = EDGE_LOOP('',(#11546,#11554,#11561,#11562));
#11546 = ORIENTED_EDGE('',*,*,#11547,.T.);
#11547 = EDGE_CURVE('',#11520,#11548,#11550,.T.);
#11548 = VERTEX_POINT('',#11549);
#11549 = CARTESIAN_POINT('',(12.556488224096,7.995575221239,
    29.619473973339));
#11550 = LINE('',#11551,#11552);
#11551 = CARTESIAN_POINT('',(14.046370110164,7.920353982301,
    30.159142066246));
#11552 = VECTOR('',#11553,1.);
#11553 = DIRECTION('',(-0.93916221008,4.741647352493E-02,-0.340185274809
    ));
#11554 = ORIENTED_EDGE('',*,*,#11555,.F.);
#11555 = EDGE_CURVE('',#11548,#11548,#11556,.T.);
#11556 = CIRCLE('',#11557,0.2);
#11557 = AXIS2_PLACEMENT_3D('',#11558,#11559,#11560);
#11558 = CARTESIAN_POINT('',(12.556488224096,7.995575221239,
    29.419473973339));
#11559 = DIRECTION('',(-5.464378949327E-17,1.,1.804112415016E-16));
#11560 = DIRECTION('',(9.159339953158E-16,-1.804112415016E-16,1.));
#11561 = ORIENTED_EDGE('',*,*,#11547,.F.);
#11562 = ORIENTED_EDGE('',*,*,#11527,.T.);
#11563 = SURFACE_OF_LINEAR_EXTRUSION('',#11564,#11569);
#11564 = CIRCLE('',#11565,0.2);
#11565 = AXIS2_PLACEMENT_3D('',#11566,#11567,#11568);
#11566 = CARTESIAN_POINT('',(14.046370110164,7.920353982301,
    29.959142066246));
#11567 = DIRECTION('',(-5.464378949327E-17,1.,1.804112415016E-16));
#11568 = DIRECTION('',(9.159339953158E-16,-1.804112415016E-16,1.));
#11569 = VECTOR('',#11570,1.);
#11570 = DIRECTION('',(-0.93916221008,4.741647352493E-02,-0.340185274809
    ));
#11571 = ADVANCED_FACE('',(#11572),#11591,.T.);
#11572 = FACE_BOUND('',#11573,.T.);
#11573 = EDGE_LOOP('',(#11574,#11582,#11589,#11590));
#11574 = ORIENTED_EDGE('',*,*,#11575,.T.);
#11575 = EDGE_CURVE('',#11548,#11576,#11578,.T.);
#11576 = VERTEX_POINT('',#11577);
#11577 = CARTESIAN_POINT('',(11.307195804329,8.070796460177,
    28.644662127471));
#11578 = LINE('',#11579,#11580);
#11579 = CARTESIAN_POINT('',(12.556488224096,7.995575221239,
    29.619473973339));
#11580 = VECTOR('',#11581,1.);
#11581 = DIRECTION('',(-0.787504191411,4.741647352493E-02,
    -0.614482568141));
#11582 = ORIENTED_EDGE('',*,*,#11583,.F.);
#11583 = EDGE_CURVE('',#11576,#11576,#11584,.T.);
#11584 = CIRCLE('',#11585,0.2);
#11585 = AXIS2_PLACEMENT_3D('',#11586,#11587,#11588);
#11586 = CARTESIAN_POINT('',(11.307195804329,8.070796460177,
    28.444662127471));
#11587 = DIRECTION('',(-6.158268339718E-17,1.,1.665334536938E-16));
#11588 = DIRECTION('',(1.026956297778E-15,-1.665334536938E-16,1.));
#11589 = ORIENTED_EDGE('',*,*,#11575,.F.);
#11590 = ORIENTED_EDGE('',*,*,#11555,.T.);
#11591 = SURFACE_OF_LINEAR_EXTRUSION('',#11592,#11597);
#11592 = CIRCLE('',#11593,0.2);
#11593 = AXIS2_PLACEMENT_3D('',#11594,#11595,#11596);
#11594 = CARTESIAN_POINT('',(12.556488224096,7.995575221239,
    29.419473973339));
#11595 = DIRECTION('',(-6.158268339718E-17,1.,1.665334536938E-16));
#11596 = DIRECTION('',(1.026956297778E-15,-1.665334536938E-16,1.));
#11597 = VECTOR('',#11598,1.);
#11598 = DIRECTION('',(-0.787504191411,4.741647352493E-02,
    -0.614482568141));
#11599 = ADVANCED_FACE('',(#11600),#11619,.T.);
#11600 = FACE_BOUND('',#11601,.T.);
#11601 = EDGE_LOOP('',(#11602,#11610,#11617,#11618));
#11602 = ORIENTED_EDGE('',*,*,#11603,.T.);
#11603 = EDGE_CURVE('',#11576,#11604,#11606,.T.);
#11604 = VERTEX_POINT('',#11605);
#11605 = CARTESIAN_POINT('',(10.421498845547,8.146017699115,
    27.330687020347));
#11606 = LINE('',#11607,#11608);
#11607 = CARTESIAN_POINT('',(11.307195804329,8.070796460177,
    28.644662127471));
#11608 = VECTOR('',#11609,1.);
#11609 = DIRECTION('',(-0.558308092103,4.741647352493E-02,-0.82827758169
    ));
#11610 = ORIENTED_EDGE('',*,*,#11611,.F.);
#11611 = EDGE_CURVE('',#11604,#11604,#11612,.T.);
#11612 = CIRCLE('',#11613,0.2);
#11613 = AXIS2_PLACEMENT_3D('',#11614,#11615,#11616);
#11614 = CARTESIAN_POINT('',(10.421498845547,8.146017699115,
    27.130687020347));
#11615 = DIRECTION('',(-4.683753385137E-17,1.,1.942890293094E-16));
#11616 = DIRECTION('',(1.026956297778E-15,-1.942890293094E-16,1.));
#11617 = ORIENTED_EDGE('',*,*,#11603,.F.);
#11618 = ORIENTED_EDGE('',*,*,#11583,.T.);
#11619 = SURFACE_OF_LINEAR_EXTRUSION('',#11620,#11625);
#11620 = CIRCLE('',#11621,0.2);
#11621 = AXIS2_PLACEMENT_3D('',#11622,#11623,#11624);
#11622 = CARTESIAN_POINT('',(11.307195804329,8.070796460177,
    28.444662127471));
#11623 = DIRECTION('',(-4.683753385137E-17,1.,1.942890293094E-16));
#11624 = DIRECTION('',(1.026956297778E-15,-1.942890293094E-16,1.));
#11625 = VECTOR('',#11626,1.);
#11626 = DIRECTION('',(-0.558308092103,4.741647352493E-02,-0.82827758169
    ));
#11627 = ADVANCED_FACE('',(#11628),#11647,.T.);
#11628 = FACE_BOUND('',#11629,.T.);
#11629 = EDGE_LOOP('',(#11630,#11638,#11645,#11646));
#11630 = ORIENTED_EDGE('',*,*,#11631,.T.);
#11631 = EDGE_CURVE('',#11604,#11632,#11634,.T.);
#11632 = VERTEX_POINT('',#11633);
#11633 = CARTESIAN_POINT('',(9.98660354038,8.221238938053,
    25.806923338381));
#11634 = LINE('',#11635,#11636);
#11635 = CARTESIAN_POINT('',(10.421498845547,8.146017699115,
    27.330687020347));
#11636 = VECTOR('',#11637,1.);
#11637 = DIRECTION('',(-0.274140681737,4.741647352493E-02,
    -0.960519944954));
#11638 = ORIENTED_EDGE('',*,*,#11639,.F.);
#11639 = EDGE_CURVE('',#11632,#11632,#11640,.T.);
#11640 = CIRCLE('',#11641,0.2);
#11641 = AXIS2_PLACEMENT_3D('',#11642,#11643,#11644);
#11642 = CARTESIAN_POINT('',(9.98660354038,8.221238938053,
    25.606923338381));
#11643 = DIRECTION('',(-4.770489558936E-17,1.,1.873501354055E-16));
#11644 = DIRECTION('',(1.026956297778E-15,-1.873501354055E-16,1.));
#11645 = ORIENTED_EDGE('',*,*,#11631,.F.);
#11646 = ORIENTED_EDGE('',*,*,#11611,.T.);
#11647 = SURFACE_OF_LINEAR_EXTRUSION('',#11648,#11653);
#11648 = CIRCLE('',#11649,0.2);
#11649 = AXIS2_PLACEMENT_3D('',#11650,#11651,#11652);
#11650 = CARTESIAN_POINT('',(10.421498845547,8.146017699115,
    27.130687020347));
#11651 = DIRECTION('',(-4.770489558936E-17,1.,1.873501354055E-16));
#11652 = DIRECTION('',(1.026956297778E-15,-1.873501354055E-16,1.));
#11653 = VECTOR('',#11654,1.);
#11654 = DIRECTION('',(-0.274140681737,4.741647352493E-02,
    -0.960519944954));
#11655 = ADVANCED_FACE('',(#11656),#11675,.T.);
#11656 = FACE_BOUND('',#11657,.T.);
#11657 = EDGE_LOOP('',(#11658,#11666,#11673,#11674));
#11658 = ORIENTED_EDGE('',*,*,#11659,.T.);
#11659 = EDGE_CURVE('',#11632,#11660,#11662,.T.);
#11660 = VERTEX_POINT('',#11661);
#11661 = CARTESIAN_POINT('',(10.045329911386,8.296460176991,
    24.223401662406));
#11662 = LINE('',#11663,#11664);
#11663 = CARTESIAN_POINT('',(9.98660354038,8.221238938053,
    25.806923338381));
#11664 = VECTOR('',#11665,1.);
#11665 = DIRECTION('',(3.701876564798E-02,4.741647352493E-02,
    -0.998189004662));
#11666 = ORIENTED_EDGE('',*,*,#11667,.F.);
#11667 = EDGE_CURVE('',#11660,#11660,#11668,.T.);
#11668 = CIRCLE('',#11669,0.2);
#11669 = AXIS2_PLACEMENT_3D('',#11670,#11671,#11672);
#11670 = CARTESIAN_POINT('',(10.045329911386,8.296460176991,
    24.023401662406));
#11671 = DIRECTION('',(-5.117434254132E-17,1.,2.081668171172E-16));
#11672 = DIRECTION('',(1.110223024625E-15,-2.081668171172E-16,1.));
#11673 = ORIENTED_EDGE('',*,*,#11659,.F.);
#11674 = ORIENTED_EDGE('',*,*,#11639,.T.);
#11675 = SURFACE_OF_LINEAR_EXTRUSION('',#11676,#11681);
#11676 = CIRCLE('',#11677,0.2);
#11677 = AXIS2_PLACEMENT_3D('',#11678,#11679,#11680);
#11678 = CARTESIAN_POINT('',(9.98660354038,8.221238938053,
    25.606923338381));
#11679 = DIRECTION('',(-5.117434254132E-17,1.,2.081668171172E-16));
#11680 = DIRECTION('',(1.110223024625E-15,-2.081668171172E-16,1.));
#11681 = VECTOR('',#11682,1.);
#11682 = DIRECTION('',(3.701876564798E-02,4.741647352493E-02,
    -0.998189004662));
#11683 = ADVANCED_FACE('',(#11684),#11703,.T.);
#11684 = FACE_BOUND('',#11685,.T.);
#11685 = EDGE_LOOP('',(#11686,#11694,#11701,#11702));
#11686 = ORIENTED_EDGE('',*,*,#11687,.T.);
#11687 = EDGE_CURVE('',#11660,#11688,#11690,.T.);
#11688 = VERTEX_POINT('',#11689);
#11689 = CARTESIAN_POINT('',(10.591895728907,8.371681415929,
    22.73603637706));
#11690 = LINE('',#11691,#11692);
#11691 = CARTESIAN_POINT('',(10.045329911386,8.296460176991,
    24.223401662406));
#11692 = VECTOR('',#11693,1.);
#11693 = DIRECTION('',(0.34453332572,4.741647352493E-02,-0.937575845202)
  );
#11694 = ORIENTED_EDGE('',*,*,#11695,.F.);
#11695 = EDGE_CURVE('',#11688,#11688,#11696,.T.);
#11696 = CIRCLE('',#11697,0.2);
#11697 = AXIS2_PLACEMENT_3D('',#11698,#11699,#11700);
#11698 = CARTESIAN_POINT('',(10.591895728907,8.371681415929,
    22.53603637706));
#11699 = DIRECTION('',(-5.117434254132E-17,1.,1.665334536938E-16));
#11700 = DIRECTION('',(1.137978600241E-15,-1.665334536938E-16,1.));
#11701 = ORIENTED_EDGE('',*,*,#11687,.F.);
#11702 = ORIENTED_EDGE('',*,*,#11667,.T.);
#11703 = SURFACE_OF_LINEAR_EXTRUSION('',#11704,#11709);
#11704 = CIRCLE('',#11705,0.2);
#11705 = AXIS2_PLACEMENT_3D('',#11706,#11707,#11708);
#11706 = CARTESIAN_POINT('',(10.045329911386,8.296460176991,
    24.023401662406));
#11707 = DIRECTION('',(-5.117434254132E-17,1.,1.665334536938E-16));
#11708 = DIRECTION('',(1.137978600241E-15,-1.665334536938E-16,1.));
#11709 = VECTOR('',#11710,1.);
#11710 = DIRECTION('',(0.34453332572,4.741647352493E-02,-0.937575845202)
  );
#11711 = ADVANCED_FACE('',(#11712),#11731,.T.);
#11712 = FACE_BOUND('',#11713,.T.);
#11713 = EDGE_LOOP('',(#11714,#11722,#11729,#11730));
#11714 = ORIENTED_EDGE('',*,*,#11715,.T.);
#11715 = EDGE_CURVE('',#11688,#11716,#11718,.T.);
#11716 = VERTEX_POINT('',#11717);
#11717 = CARTESIAN_POINT('',(11.572485832472,8.446902654867,
    21.491274257728));
#11718 = LINE('',#11719,#11720);
#11719 = CARTESIAN_POINT('',(10.591895728907,8.371681415929,
    22.73603637706));
#11720 = VECTOR('',#11721,1.);
#11721 = DIRECTION('',(0.618124951688,4.741647352493E-02,-0.784648470424
    ));
#11722 = ORIENTED_EDGE('',*,*,#11723,.F.);
#11723 = EDGE_CURVE('',#11716,#11716,#11724,.T.);
#11724 = CIRCLE('',#11725,0.2);
#11725 = AXIS2_PLACEMENT_3D('',#11726,#11727,#11728);
#11726 = CARTESIAN_POINT('',(11.572485832472,8.446902654867,
    21.291274257728));
#11727 = DIRECTION('',(-5.377642775528E-17,1.,1.873501354055E-16));
#11728 = DIRECTION('',(1.276756478319E-15,-1.873501354055E-16,1.));
#11729 = ORIENTED_EDGE('',*,*,#11715,.F.);
#11730 = ORIENTED_EDGE('',*,*,#11695,.T.);
#11731 = SURFACE_OF_LINEAR_EXTRUSION('',#11732,#11737);
#11732 = CIRCLE('',#11733,0.2);
#11733 = AXIS2_PLACEMENT_3D('',#11734,#11735,#11736);
#11734 = CARTESIAN_POINT('',(10.591895728907,8.371681415929,
    22.53603637706));
#11735 = DIRECTION('',(-5.377642775528E-17,1.,1.873501354055E-16));
#11736 = DIRECTION('',(1.276756478319E-15,-1.873501354055E-16,1.));
#11737 = VECTOR('',#11738,1.);
#11738 = DIRECTION('',(0.618124951688,4.741647352493E-02,-0.784648470424
    ));
#11739 = ADVANCED_FACE('',(#11740),#11759,.T.);
#11740 = FACE_BOUND('',#11741,.T.);
#11741 = EDGE_LOOP('',(#11742,#11750,#11757,#11758));
#11742 = ORIENTED_EDGE('',*,*,#11743,.T.);
#11743 = EDGE_CURVE('',#11716,#11744,#11746,.T.);
#11744 = VERTEX_POINT('',#11745);
#11745 = CARTESIAN_POINT('',(12.890550800055,8.522123893805,
    20.61167524331));
#11746 = LINE('',#11747,#11748);
#11747 = CARTESIAN_POINT('',(11.572485832472,8.446902654867,
    21.491274257728));
#11748 = VECTOR('',#11749,1.);
#11749 = DIRECTION('',(0.830855666855,4.741647352493E-02,-0.554464190812
    ));
#11750 = ORIENTED_EDGE('',*,*,#11751,.F.);
#11751 = EDGE_CURVE('',#11744,#11744,#11752,.T.);
#11752 = CIRCLE('',#11753,0.2);
#11753 = AXIS2_PLACEMENT_3D('',#11754,#11755,#11756);
#11754 = CARTESIAN_POINT('',(12.890550800055,8.522123893805,
    20.41167524331));
#11755 = DIRECTION('',(-5.551115123126E-17,1.,1.804112415016E-16));
#11756 = DIRECTION('',(1.193489751472E-15,-1.804112415016E-16,1.));
#11757 = ORIENTED_EDGE('',*,*,#11743,.F.);
#11758 = ORIENTED_EDGE('',*,*,#11723,.T.);
#11759 = SURFACE_OF_LINEAR_EXTRUSION('',#11760,#11765);
#11760 = CIRCLE('',#11761,0.2);
#11761 = AXIS2_PLACEMENT_3D('',#11762,#11763,#11764);
#11762 = CARTESIAN_POINT('',(11.572485832472,8.446902654867,
    21.291274257728));
#11763 = DIRECTION('',(-5.551115123126E-17,1.,1.804112415016E-16));
#11764 = DIRECTION('',(1.193489751472E-15,-1.804112415016E-16,1.));
#11765 = VECTOR('',#11766,1.);
#11766 = DIRECTION('',(0.830855666855,4.741647352493E-02,-0.554464190812
    ));
#11767 = ADVANCED_FACE('',(#11768),#11787,.T.);
#11768 = FACE_BOUND('',#11769,.T.);
#11769 = EDGE_LOOP('',(#11770,#11778,#11785,#11786));
#11770 = ORIENTED_EDGE('',*,*,#11771,.T.);
#11771 = EDGE_CURVE('',#11744,#11772,#11774,.T.);
#11772 = VERTEX_POINT('',#11773);
#11773 = CARTESIAN_POINT('',(14.416313255412,8.597345132743,
    20.183845119597));
#11774 = LINE('',#11775,#11776);
#11775 = CARTESIAN_POINT('',(12.890550800055,8.522123893805,
    20.61167524331));
#11776 = VECTOR('',#11777,1.);
#11777 = DIRECTION('',(0.961779892104,4.741647352493E-02,-0.269687072702
    ));
#11778 = ORIENTED_EDGE('',*,*,#11779,.F.);
#11779 = EDGE_CURVE('',#11772,#11772,#11780,.T.);
#11780 = CIRCLE('',#11781,0.2);
#11781 = AXIS2_PLACEMENT_3D('',#11782,#11783,#11784);
#11782 = CARTESIAN_POINT('',(14.416313255412,8.597345132743,
    19.983845119597));
#11783 = DIRECTION('',(-5.377642775528E-17,1.,1.873501354055E-16));
#11784 = DIRECTION('',(1.193489751472E-15,-1.873501354055E-16,1.));
#11785 = ORIENTED_EDGE('',*,*,#11771,.F.);
#11786 = ORIENTED_EDGE('',*,*,#11751,.T.);
#11787 = SURFACE_OF_LINEAR_EXTRUSION('',#11788,#11793);
#11788 = CIRCLE('',#11789,0.2);
#11789 = AXIS2_PLACEMENT_3D('',#11790,#11791,#11792);
#11790 = CARTESIAN_POINT('',(12.890550800055,8.522123893805,
    20.41167524331));
#11791 = DIRECTION('',(-5.377642775528E-17,1.,1.873501354055E-16));
#11792 = DIRECTION('',(1.193489751472E-15,-1.873501354055E-16,1.));
#11793 = VECTOR('',#11794,1.);
#11794 = DIRECTION('',(0.961779892104,4.741647352493E-02,-0.269687072702
    ));
#11795 = ADVANCED_FACE('',(#11796),#11815,.T.);
#11796 = FACE_BOUND('',#11797,.T.);
#11797 = EDGE_LOOP('',(#11798,#11806,#11813,#11814));
#11798 = ORIENTED_EDGE('',*,*,#11799,.T.);
#11799 = EDGE_CURVE('',#11772,#11800,#11802,.T.);
#11800 = VERTEX_POINT('',#11801);
#11801 = CARTESIAN_POINT('',(15.999545817422,8.672566371681,
    20.24990826763));
#11802 = LINE('',#11803,#11804);
#11803 = CARTESIAN_POINT('',(14.416313255412,8.597345132743,
    20.183845119597));
#11804 = VECTOR('',#11805,1.);
#11805 = DIRECTION('',(0.998006758731,4.741647352493E-02,
    4.164357771725E-02));
#11806 = ORIENTED_EDGE('',*,*,#11807,.F.);
#11807 = EDGE_CURVE('',#11800,#11800,#11808,.T.);
#11808 = CIRCLE('',#11809,0.2);
#11809 = AXIS2_PLACEMENT_3D('',#11810,#11811,#11812);
#11810 = CARTESIAN_POINT('',(15.999545817422,8.672566371681,
    20.04990826763));
#11811 = DIRECTION('',(-6.158268339718E-17,1.,1.873501354055E-16));
#11812 = DIRECTION('',(1.193489751472E-15,-1.873501354055E-16,1.));
#11813 = ORIENTED_EDGE('',*,*,#11799,.F.);
#11814 = ORIENTED_EDGE('',*,*,#11779,.T.);
#11815 = SURFACE_OF_LINEAR_EXTRUSION('',#11816,#11821);
#11816 = CIRCLE('',#11817,0.2);
#11817 = AXIS2_PLACEMENT_3D('',#11818,#11819,#11820);
#11818 = CARTESIAN_POINT('',(14.416313255412,8.597345132743,
    19.983845119597));
#11819 = DIRECTION('',(-6.158268339718E-17,1.,1.873501354055E-16));
#11820 = DIRECTION('',(1.193489751472E-15,-1.873501354055E-16,1.));
#11821 = VECTOR('',#11822,1.);
#11822 = DIRECTION('',(0.998006758731,4.741647352493E-02,
    4.164357771725E-02));
#11823 = ADVANCED_FACE('',(#11824),#11843,.T.);
#11824 = FACE_BOUND('',#11825,.T.);
#11825 = EDGE_LOOP('',(#11826,#11834,#11841,#11842));
#11826 = ORIENTED_EDGE('',*,*,#11827,.T.);
#11827 = EDGE_CURVE('',#11800,#11828,#11830,.T.);
#11828 = VERTEX_POINT('',#11829);
#11829 = CARTESIAN_POINT('',(17.484362567759,8.747787610619,
    20.803360074794));
#11830 = LINE('',#11831,#11832);
#11831 = CARTESIAN_POINT('',(15.999545817422,8.672566371681,
    20.24990826763));
#11832 = VECTOR('',#11833,1.);
#11833 = DIRECTION('',(0.935969350222,4.741647352493E-02,0.348873979373)
  );
#11834 = ORIENTED_EDGE('',*,*,#11835,.F.);
#11835 = EDGE_CURVE('',#11828,#11828,#11836,.T.);
#11836 = CIRCLE('',#11837,0.2);
#11837 = AXIS2_PLACEMENT_3D('',#11838,#11839,#11840);
#11838 = CARTESIAN_POINT('',(17.484362567759,8.747787610619,
    20.603360074794));
#11839 = DIRECTION('',(-6.331740687315E-17,1.,1.942890293094E-16));
#11840 = DIRECTION('',(1.137978600241E-15,-1.942890293094E-16,1.));
#11841 = ORIENTED_EDGE('',*,*,#11827,.F.);
#11842 = ORIENTED_EDGE('',*,*,#11807,.T.);
#11843 = SURFACE_OF_LINEAR_EXTRUSION('',#11844,#11849);
#11844 = CIRCLE('',#11845,0.2);
#11845 = AXIS2_PLACEMENT_3D('',#11846,#11847,#11848);
#11846 = CARTESIAN_POINT('',(15.999545817422,8.672566371681,
    20.04990826763));
#11847 = DIRECTION('',(-6.331740687315E-17,1.,1.942890293094E-16));
#11848 = DIRECTION('',(1.137978600241E-15,-1.942890293094E-16,1.));
#11849 = VECTOR('',#11850,1.);
#11850 = DIRECTION('',(0.935969350222,4.741647352493E-02,0.348873979373)
  );
#11851 = ADVANCED_FACE('',(#11852),#11871,.T.);
#11852 = FACE_BOUND('',#11853,.T.);
#11853 = EDGE_LOOP('',(#11854,#11862,#11869,#11870));
#11854 = ORIENTED_EDGE('',*,*,#11855,.T.);
#11855 = EDGE_CURVE('',#11828,#11856,#11858,.T.);
#11856 = VERTEX_POINT('',#11857);
#11857 = CARTESIAN_POINT('',(18.72456766115,8.823008849558,
    21.78970738242));
#11858 = LINE('',#11859,#11860);
#11859 = CARTESIAN_POINT('',(17.484362567759,8.747787610619,
    20.803360074794));
#11860 = VECTOR('',#11861,1.);
#11861 = DIRECTION('',(0.781775902743,4.741647352493E-02,0.621754063862)
  );
#11862 = ORIENTED_EDGE('',*,*,#11863,.F.);
#11863 = EDGE_CURVE('',#11856,#11856,#11864,.T.);
#11864 = CIRCLE('',#11865,0.2);
#11865 = AXIS2_PLACEMENT_3D('',#11866,#11867,#11868);
#11866 = CARTESIAN_POINT('',(18.72456766115,8.823008849558,
    21.58970738242));
#11867 = DIRECTION('',(-6.505213034913E-17,1.,2.012279232133E-16));
#11868 = DIRECTION('',(1.193489751472E-15,-2.012279232133E-16,1.));
#11869 = ORIENTED_EDGE('',*,*,#11855,.F.);
#11870 = ORIENTED_EDGE('',*,*,#11835,.T.);
#11871 = SURFACE_OF_LINEAR_EXTRUSION('',#11872,#11877);
#11872 = CIRCLE('',#11873,0.2);
#11873 = AXIS2_PLACEMENT_3D('',#11874,#11875,#11876);
#11874 = CARTESIAN_POINT('',(17.484362567759,8.747787610619,
    20.603360074794));
#11875 = DIRECTION('',(-6.505213034913E-17,1.,2.012279232133E-16));
#11876 = DIRECTION('',(1.193489751472E-15,-2.012279232133E-16,1.));
#11877 = VECTOR('',#11878,1.);
#11878 = DIRECTION('',(0.781775902743,4.741647352493E-02,0.621754063862)
  );
#11879 = ADVANCED_FACE('',(#11880),#11899,.T.);
#11880 = FACE_BOUND('',#11881,.T.);
#11881 = EDGE_LOOP('',(#11882,#11890,#11897,#11898));
#11882 = ORIENTED_EDGE('',*,*,#11883,.T.);
#11883 = EDGE_CURVE('',#11856,#11884,#11886,.T.);
#11884 = VERTEX_POINT('',#11885);
#11885 = CARTESIAN_POINT('',(19.598049845885,8.898230088496,
    23.111833911118));
#11886 = LINE('',#11887,#11888);
#11887 = CARTESIAN_POINT('',(18.72456766115,8.823008849558,
    21.78970738242));
#11888 = VECTOR('',#11889,1.);
#11889 = DIRECTION('',(0.550608384968,4.741647352493E-02,0.83341591324)
  );
#11890 = ORIENTED_EDGE('',*,*,#11891,.F.);
#11891 = EDGE_CURVE('',#11884,#11884,#11892,.T.);
#11892 = CIRCLE('',#11893,0.2);
#11893 = AXIS2_PLACEMENT_3D('',#11894,#11895,#11896);
#11894 = CARTESIAN_POINT('',(19.598049845885,8.898230088496,
    22.911833911118));
#11895 = DIRECTION('',(-5.551115123126E-17,1.,1.942890293094E-16));
#11896 = DIRECTION('',(1.33226762955E-15,-1.942890293094E-16,1.));
#11897 = ORIENTED_EDGE('',*,*,#11883,.F.);
#11898 = ORIENTED_EDGE('',*,*,#11863,.T.);
#11899 = SURFACE_OF_LINEAR_EXTRUSION('',#11900,#11905);
#11900 = CIRCLE('',#11901,0.2);
#11901 = AXIS2_PLACEMENT_3D('',#11902,#11903,#11904);
#11902 = CARTESIAN_POINT('',(18.72456766115,8.823008849558,
    21.58970738242));
#11903 = DIRECTION('',(-5.551115123126E-17,1.,1.942890293094E-16));
#11904 = DIRECTION('',(1.33226762955E-15,-1.942890293094E-16,1.));
#11905 = VECTOR('',#11906,1.);
#11906 = DIRECTION('',(0.550608384968,4.741647352493E-02,0.83341591324)
  );
#11907 = ADVANCED_FACE('',(#11908),#11927,.T.);
#11908 = FACE_BOUND('',#11909,.T.);
#11909 = EDGE_LOOP('',(#11910,#11918,#11925,#11926));
#11910 = ORIENTED_EDGE('',*,*,#11911,.T.);
#11911 = EDGE_CURVE('',#11884,#11912,#11914,.T.);
#11912 = VERTEX_POINT('',#11913);
#11913 = CARTESIAN_POINT('',(20.018805602472,8.973451327434,
    24.639562381178));
#11914 = LINE('',#11915,#11916);
#11915 = CARTESIAN_POINT('',(19.598049845885,8.898230088496,
    23.111833911118));
#11916 = VECTOR('',#11917,1.);
#11917 = DIRECTION('',(0.265227673385,4.741647352493E-02,0.963019189481)
  );
#11918 = ORIENTED_EDGE('',*,*,#11919,.F.);
#11919 = EDGE_CURVE('',#11912,#11912,#11920,.T.);
#11920 = CIRCLE('',#11921,0.2);
#11921 = AXIS2_PLACEMENT_3D('',#11922,#11923,#11924);
#11922 = CARTESIAN_POINT('',(20.018805602472,8.973451327434,
    24.439562381178));
#11923 = DIRECTION('',(-5.464378949327E-17,1.,1.873501354055E-16));
#11924 = DIRECTION('',(1.276756478319E-15,-1.873501354055E-16,1.));
#11925 = ORIENTED_EDGE('',*,*,#11911,.F.);
#11926 = ORIENTED_EDGE('',*,*,#11891,.T.);
#11927 = SURFACE_OF_LINEAR_EXTRUSION('',#11928,#11933);
#11928 = CIRCLE('',#11929,0.2);
#11929 = AXIS2_PLACEMENT_3D('',#11930,#11931,#11932);
#11930 = CARTESIAN_POINT('',(19.598049845885,8.898230088496,
    22.911833911118));
#11931 = DIRECTION('',(-5.464378949327E-17,1.,1.873501354055E-16));
#11932 = DIRECTION('',(1.276756478319E-15,-1.873501354055E-16,1.));
#11933 = VECTOR('',#11934,1.);
#11934 = DIRECTION('',(0.265227673385,4.741647352493E-02,0.963019189481)
  );
#11935 = ADVANCED_FACE('',(#11936),#11955,.T.);
#11936 = FACE_BOUND('',#11937,.T.);
#11937 = EDGE_LOOP('',(#11938,#11946,#11953,#11954));
#11938 = ORIENTED_EDGE('',*,*,#11939,.T.);
#11939 = EDGE_CURVE('',#11912,#11940,#11942,.T.);
#11940 = VERTEX_POINT('',#11941);
#11941 = CARTESIAN_POINT('',(19.945407095811,9.048672566372,
    26.222471836628));
#11942 = LINE('',#11943,#11944);
#11943 = CARTESIAN_POINT('',(20.018805602472,8.973451327434,
    24.639562381178));
#11944 = VECTOR('',#11945,1.);
#11945 = DIRECTION('',(-4.626749568338E-02,4.741647352493E-02,
    0.997803085224));
#11946 = ORIENTED_EDGE('',*,*,#11947,.F.);
#11947 = EDGE_CURVE('',#11940,#11940,#11948,.T.);
#11948 = CIRCLE('',#11949,0.2);
#11949 = AXIS2_PLACEMENT_3D('',#11950,#11951,#11952);
#11950 = CARTESIAN_POINT('',(19.945407095811,9.048672566372,
    26.022471836628));
#11951 = DIRECTION('',(-5.464378949327E-17,1.,1.595945597899E-16));
#11952 = DIRECTION('',(1.249000902703E-15,-1.595945597899E-16,1.));
#11953 = ORIENTED_EDGE('',*,*,#11939,.F.);
#11954 = ORIENTED_EDGE('',*,*,#11919,.T.);
#11955 = SURFACE_OF_LINEAR_EXTRUSION('',#11956,#11961);
#11956 = CIRCLE('',#11957,0.2);
#11957 = AXIS2_PLACEMENT_3D('',#11958,#11959,#11960);
#11958 = CARTESIAN_POINT('',(20.018805602472,8.973451327434,
    24.439562381178));
#11959 = DIRECTION('',(-5.464378949327E-17,1.,1.595945597899E-16));
#11960 = DIRECTION('',(1.249000902703E-15,-1.595945597899E-16,1.));
#11961 = VECTOR('',#11962,1.);
#11962 = DIRECTION('',(-4.626749568338E-02,4.741647352493E-02,
    0.997803085224));
#11963 = ADVANCED_FACE('',(#11964),#11983,.T.);
#11964 = FACE_BOUND('',#11965,.T.);
#11965 = EDGE_LOOP('',(#11966,#11974,#11981,#11982));
#11966 = ORIENTED_EDGE('',*,*,#11967,.T.);
#11967 = EDGE_CURVE('',#11940,#11968,#11970,.T.);
#11968 = VERTEX_POINT('',#11969);
#11969 = CARTESIAN_POINT('',(19.385081181822,9.12389380531,
    27.704708172388));
#11970 = LINE('',#11971,#11972);
#11971 = CARTESIAN_POINT('',(19.945407095811,9.048672566372,
    26.222471836628));
#11972 = VECTOR('',#11973,1.);
#11973 = DIRECTION('',(-0.353207142572,4.741647352493E-02,0.934342759631
    ));
#11974 = ORIENTED_EDGE('',*,*,#11975,.F.);
#11975 = EDGE_CURVE('',#11968,#11968,#11976,.T.);
#11976 = CIRCLE('',#11977,0.2);
#11977 = AXIS2_PLACEMENT_3D('',#11978,#11979,#11980);
#11978 = CARTESIAN_POINT('',(19.385081181822,9.12389380531,
    27.504708172388));
#11979 = DIRECTION('',(-5.551115123126E-17,1.,1.665334536938E-16));
#11980 = DIRECTION('',(1.276756478319E-15,-1.665334536938E-16,1.));
#11981 = ORIENTED_EDGE('',*,*,#11967,.F.);
#11982 = ORIENTED_EDGE('',*,*,#11947,.T.);
#11983 = SURFACE_OF_LINEAR_EXTRUSION('',#11984,#11989);
#11984 = CIRCLE('',#11985,0.2);
#11985 = AXIS2_PLACEMENT_3D('',#11986,#11987,#11988);
#11986 = CARTESIAN_POINT('',(19.945407095811,9.048672566372,
    26.022471836628));
#11987 = DIRECTION('',(-5.551115123126E-17,1.,1.665334536938E-16));
#11988 = DIRECTION('',(1.276756478319E-15,-1.665334536938E-16,1.));
#11989 = VECTOR('',#11990,1.);
#11990 = DIRECTION('',(-0.353207142572,4.741647352493E-02,0.934342759631
    ));
#11991 = ADVANCED_FACE('',(#11992),#12011,.T.);
#11992 = FACE_BOUND('',#11993,.T.);
#11993 = EDGE_LOOP('',(#11994,#12002,#12009,#12010));
#11994 = ORIENTED_EDGE('',*,*,#11995,.T.);
#11995 = EDGE_CURVE('',#11968,#11996,#11998,.T.);
#11996 = VERTEX_POINT('',#11997);
#11997 = CARTESIAN_POINT('',(18.392997847378,9.199115044248,
    28.940329612172));
#11998 = LINE('',#11999,#12000);
#11999 = CARTESIAN_POINT('',(19.385081181822,9.12389380531,
    27.704708172388));
#12000 = VECTOR('',#12001,1.);
#12001 = DIRECTION('',(-0.625369826745,4.741647352493E-02,0.778886550042
    ));
#12002 = ORIENTED_EDGE('',*,*,#12003,.F.);
#12003 = EDGE_CURVE('',#11996,#11996,#12004,.T.);
#12004 = CIRCLE('',#12005,0.2);
#12005 = AXIS2_PLACEMENT_3D('',#12006,#12007,#12008);
#12006 = CARTESIAN_POINT('',(18.392997847378,9.199115044248,
    28.740329612172));
#12007 = DIRECTION('',(-5.377642775528E-17,1.,1.804112415016E-16));
#12008 = DIRECTION('',(1.193489751472E-15,-1.804112415016E-16,1.));
#12009 = ORIENTED_EDGE('',*,*,#11995,.F.);
#12010 = ORIENTED_EDGE('',*,*,#11975,.T.);
#12011 = SURFACE_OF_LINEAR_EXTRUSION('',#12012,#12017);
#12012 = CIRCLE('',#12013,0.2);
#12013 = AXIS2_PLACEMENT_3D('',#12014,#12015,#12016);
#12014 = CARTESIAN_POINT('',(19.385081181822,9.12389380531,
    27.504708172388));
#12015 = DIRECTION('',(-5.377642775528E-17,1.,1.804112415016E-16));
#12016 = DIRECTION('',(1.193489751472E-15,-1.804112415016E-16,1.));
#12017 = VECTOR('',#12018,1.);
#12018 = DIRECTION('',(-0.625369826745,4.741647352493E-02,0.778886550042
    ));
#12019 = ADVANCED_FACE('',(#12020),#12039,.T.);
#12020 = FACE_BOUND('',#12021,.T.);
#12021 = EDGE_LOOP('',(#12022,#12030,#12037,#12038));
#12022 = ORIENTED_EDGE('',*,*,#12023,.T.);
#12023 = EDGE_CURVE('',#11996,#12024,#12026,.T.);
#12024 = VERTEX_POINT('',#12025);
#12025 = CARTESIAN_POINT('',(17.066838144116,9.274336283186,
    29.807676213237));
#12026 = LINE('',#12027,#12028);
#12027 = CARTESIAN_POINT('',(18.392997847378,9.199115044248,
    28.940329612172));
#12028 = VECTOR('',#12029,1.);
#12029 = DIRECTION('',(-0.835958265874,4.741647352493E-02,0.546740757357
    ));
#12030 = ORIENTED_EDGE('',*,*,#12031,.F.);
#12031 = EDGE_CURVE('',#12024,#12024,#12032,.T.);
#12032 = CIRCLE('',#12033,0.2);
#12033 = AXIS2_PLACEMENT_3D('',#12034,#12035,#12036);
#12034 = CARTESIAN_POINT('',(17.066838144116,9.274336283186,
    29.607676213237));
#12035 = DIRECTION('',(-4.857225732735E-17,1.,1.734723475977E-16));
#12036 = DIRECTION('',(1.249000902703E-15,-1.734723475977E-16,1.));
#12037 = ORIENTED_EDGE('',*,*,#12023,.F.);
#12038 = ORIENTED_EDGE('',*,*,#12003,.T.);
#12039 = SURFACE_OF_LINEAR_EXTRUSION('',#12040,#12045);
#12040 = CIRCLE('',#12041,0.2);
#12041 = AXIS2_PLACEMENT_3D('',#12042,#12043,#12044);
#12042 = CARTESIAN_POINT('',(18.392997847378,9.199115044248,
    28.740329612172));
#12043 = DIRECTION('',(-4.857225732735E-17,1.,1.734723475977E-16));
#12044 = DIRECTION('',(1.249000902703E-15,-1.734723475977E-16,1.));
#12045 = VECTOR('',#12046,1.);
#12046 = DIRECTION('',(-0.835958265874,4.741647352493E-02,0.546740757357
    ));
#12047 = ADVANCED_FACE('',(#12048),#12067,.T.);
#12048 = FACE_BOUND('',#12049,.T.);
#12049 = EDGE_LOOP('',(#12050,#12058,#12065,#12066));
#12050 = ORIENTED_EDGE('',*,*,#12051,.T.);
#12051 = EDGE_CURVE('',#12024,#12052,#12054,.T.);
#12052 = VERTEX_POINT('',#12053);
#12053 = CARTESIAN_POINT('',(15.537176460252,9.349557522124,
    30.221348568916));
#12054 = LINE('',#12055,#12056);
#12055 = CARTESIAN_POINT('',(17.066838144116,9.274336283186,
    29.807676213237));
#12056 = VECTOR('',#12057,1.);
#12057 = DIRECTION('',(-0.964237810478,4.741647352493E-02,0.260762579532
    ));
#12058 = ORIENTED_EDGE('',*,*,#12059,.F.);
#12059 = EDGE_CURVE('',#12052,#12052,#12060,.T.);
#12060 = CIRCLE('',#12061,0.2);
#12061 = AXIS2_PLACEMENT_3D('',#12062,#12063,#12064);
#12062 = CARTESIAN_POINT('',(15.537176460252,9.349557522124,
    30.021348568916));
#12063 = DIRECTION('',(-4.857225732735E-17,1.,1.804112415016E-16));
#12064 = DIRECTION('',(1.276756478319E-15,-1.804112415016E-16,1.));
#12065 = ORIENTED_EDGE('',*,*,#12051,.F.);
#12066 = ORIENTED_EDGE('',*,*,#12031,.T.);
#12067 = SURFACE_OF_LINEAR_EXTRUSION('',#12068,#12073);
#12068 = CIRCLE('',#12069,0.2);
#12069 = AXIS2_PLACEMENT_3D('',#12070,#12071,#12072);
#12070 = CARTESIAN_POINT('',(17.066838144116,9.274336283186,
    29.607676213237));
#12071 = DIRECTION('',(-4.857225732735E-17,1.,1.804112415016E-16));
#12072 = DIRECTION('',(1.276756478319E-15,-1.804112415016E-16,1.));
#12073 = VECTOR('',#12074,1.);
#12074 = DIRECTION('',(-0.964237810478,4.741647352493E-02,0.260762579532
    ));
#12075 = ADVANCED_FACE('',(#12076),#12095,.T.);
#12076 = FACE_BOUND('',#12077,.T.);
#12077 = EDGE_LOOP('',(#12078,#12086,#12093,#12094));
#12078 = ORIENTED_EDGE('',*,*,#12079,.T.);
#12079 = EDGE_CURVE('',#12052,#12080,#12082,.T.);
#12080 = VERTEX_POINT('',#12081);
#12081 = CARTESIAN_POINT('',(13.954624097016,9.424778761062,
    30.14061627952));
#12082 = LINE('',#12083,#12084);
#12083 = CARTESIAN_POINT('',(15.537176460252,9.349557522124,
    30.221348568916));
#12084 = VECTOR('',#12085,1.);
#12085 = DIRECTION('',(-0.997577988512,4.741647352493E-02,
    -5.089042026915E-02));
#12086 = ORIENTED_EDGE('',*,*,#12087,.F.);
#12087 = EDGE_CURVE('',#12080,#12080,#12088,.T.);
#12088 = CIRCLE('',#12089,0.2);
#12089 = AXIS2_PLACEMENT_3D('',#12090,#12091,#12092);
#12090 = CARTESIAN_POINT('',(13.954624097016,9.424778761062,
    29.94061627952));
#12091 = DIRECTION('',(-5.290906601729E-17,1.,1.942890293094E-16));
#12092 = DIRECTION('',(1.304512053935E-15,-1.942890293094E-16,1.));
#12093 = ORIENTED_EDGE('',*,*,#12079,.F.);
#12094 = ORIENTED_EDGE('',*,*,#12059,.T.);
#12095 = SURFACE_OF_LINEAR_EXTRUSION('',#12096,#12101);
#12096 = CIRCLE('',#12097,0.2);
#12097 = AXIS2_PLACEMENT_3D('',#12098,#12099,#12100);
#12098 = CARTESIAN_POINT('',(15.537176460252,9.349557522124,
    30.021348568916));
#12099 = DIRECTION('',(-5.290906601729E-17,1.,1.942890293094E-16));
#12100 = DIRECTION('',(1.304512053935E-15,-1.942890293094E-16,1.));
#12101 = VECTOR('',#12102,1.);
#12102 = DIRECTION('',(-0.997577988512,4.741647352493E-02,
    -5.089042026915E-02));
#12103 = ADVANCED_FACE('',(#12104),#12123,.T.);
#12104 = FACE_BOUND('',#12105,.T.);
#12105 = EDGE_LOOP('',(#12106,#12114,#12121,#12122));
#12106 = ORIENTED_EDGE('',*,*,#12107,.T.);
#12107 = EDGE_CURVE('',#12080,#12108,#12110,.T.);
#12108 = VERTEX_POINT('',#12109);
#12109 = CARTESIAN_POINT('',(12.475,9.5,29.573428289111));
#12110 = LINE('',#12111,#12112);
#12111 = CARTESIAN_POINT('',(13.954624097016,9.424778761062,
    30.14061627952));
#12112 = VECTOR('',#12113,1.);
#12113 = DIRECTION('',(-0.932696108353,4.741647352493E-02,
    -0.357532722281));
#12114 = ORIENTED_EDGE('',*,*,#12115,.F.);
#12115 = EDGE_CURVE('',#12108,#12108,#12116,.T.);
#12116 = CIRCLE('',#12117,0.2);
#12117 = AXIS2_PLACEMENT_3D('',#12118,#12119,#12120);
#12118 = CARTESIAN_POINT('',(12.475,9.5,29.373428289111));
#12119 = DIRECTION('',(-4.857225732735E-17,1.,1.804112415016E-16));
#12120 = DIRECTION('',(1.276756478319E-15,-1.804112415016E-16,1.));
#12121 = ORIENTED_EDGE('',*,*,#12107,.F.);
#12122 = ORIENTED_EDGE('',*,*,#12087,.T.);
#12123 = SURFACE_OF_LINEAR_EXTRUSION('',#12124,#12129);
#12124 = CIRCLE('',#12125,0.2);
#12125 = AXIS2_PLACEMENT_3D('',#12126,#12127,#12128);
#12126 = CARTESIAN_POINT('',(13.954624097016,9.424778761062,
    29.94061627952));
#12127 = DIRECTION('',(-4.857225732735E-17,1.,1.804112415016E-16));
#12128 = DIRECTION('',(1.276756478319E-15,-1.804112415016E-16,1.));
#12129 = VECTOR('',#12130,1.);
#12130 = DIRECTION('',(-0.932696108353,4.741647352493E-02,
    -0.357532722281));
#12131 = ADVANCED_FACE('',(#12132),#12135,.F.);
#12132 = FACE_BOUND('',#12133,.F.);
#12133 = EDGE_LOOP('',(#12134));
#12134 = ORIENTED_EDGE('',*,*,#5817,.T.);
#12135 = PLANE('',#12136);
#12136 = AXIS2_PLACEMENT_3D('',#12137,#12138,#12139);
#12137 = CARTESIAN_POINT('',(20.05,-7.5,25.));
#12138 = DIRECTION('',(0.,1.,0.));
#12139 = DIRECTION('',(0.,0.,1.));
#12140 = ADVANCED_FACE('',(#12141),#12144,.T.);
#12141 = FACE_BOUND('',#12142,.T.);
#12142 = EDGE_LOOP('',(#12143));
#12143 = ORIENTED_EDGE('',*,*,#12115,.T.);
#12144 = PLANE('',#12145);
#12145 = AXIS2_PLACEMENT_3D('',#12146,#12147,#12148);
#12146 = CARTESIAN_POINT('',(12.475,9.5,29.373428289111));
#12147 = DIRECTION('',(0.,1.,0.));
#12148 = DIRECTION('',(0.,0.,1.));
#12149 = ( GEOMETRIC_REPRESENTATION_CONTEXT(3) 
GLOBAL_UNCERTAINTY_ASSIGNED_CONTEXT((#12153)) 
GLOBAL_UNIT_ASSIGNED_CONTEXT((#12150,#12151,#12152)) 
REPRESENTATION_CONTEXT('Context #1',
  '3D Context with UNIT and UNCERTAINTY') );
#12150 = ( LENGTH_UNIT() NAMED_UNIT(*) SI_UNIT(.MILLI.,.METRE.) );
#12151 = ( NAMED_UNIT(*) PLANE_ANGLE_UNIT() SI_UNIT($,.RADIAN.) );
#12152 = ( NAMED_UNIT(*) SI_UNIT($,.STERADIAN.) SOLID_ANGLE_UNIT() );
#12153 = UNCERTAINTY_MEASURE_WITH_UNIT(LENGTH_MEASURE(2.E-06),#12150,
  'distance_accuracy_value','confusion accuracy');
#12154 = PRODUCT_RELATED_PRODUCT_CATEGORY('part',$,(#7));
ENDSEC;
END-ISO-10303-21;
