ISO-10303-21;
HEADER;
FILE_DESCRIPTION(('FreeCAD Model'),'2;1');
FILE_NAME('Open CASCADE Shape Model','2026-07-27T10:30:35',(''),(''),
  'Open CASCADE STEP processor 7.8','FreeCAD','Unknown');
FILE_SCHEMA(('AUTOMOTIVE_DESIGN { 1 0 10303 214 1 1 1 1 }'));
ENDSEC;
DATA;
#1 = APPLICATION_PROTOCOL_DEFINITION('international standard',
  'automotive_design',2000,#2);
#2 = APPLICATION_CONTEXT(
  'core data for automotive mechanical design processes');
#3 = SHAPE_DEFINITION_REPRESENTATION(#4,#10);
#4 = PRODUCT_DEFINITION_SHAPE('','',#5);
#5 = PRODUCT_DEFINITION('design','',#6,#9);
#6 = PRODUCT_DEFINITION_FORMATION('','',#7);
#7 = PRODUCT('box_2','box_2','',(#8));
#8 = PRODUCT_CONTEXT('',#2,'mechanical');
#9 = PRODUCT_DEFINITION_CONTEXT('part definition',#2,'design');
#10 = SHAPE_REPRESENTATION('',(#11,#15,#19,#23,#27,#31,#35,#39,#43,#47,
    #51,#55,#59,#63,#67,#71,#75,#79),#83);
#11 = AXIS2_PLACEMENT_3D('',#12,#13,#14);
#12 = CARTESIAN_POINT('',(0.,0.,0.));
#13 = DIRECTION('',(0.,0.,1.));
#14 = DIRECTION('',(1.,0.,-0.));
#15 = AXIS2_PLACEMENT_3D('',#16,#17,#18);
#16 = CARTESIAN_POINT('',(0.,0.,0.));
#17 = DIRECTION('',(0.,0.,1.));
#18 = DIRECTION('',(1.,0.,0.));
#19 = AXIS2_PLACEMENT_3D('',#20,#21,#22);
#20 = CARTESIAN_POINT('',(0.,0.,0.));
#21 = DIRECTION('',(0.,0.,1.));
#22 = DIRECTION('',(1.,0.,0.));
#23 = AXIS2_PLACEMENT_3D('',#24,#25,#26);
#24 = CARTESIAN_POINT('',(0.,0.,0.));
#25 = DIRECTION('',(1.,1.232595164408E-32,1.110223024625E-16));
#26 = DIRECTION('',(0.,1.,-1.110223024625E-16));
#27 = AXIS2_PLACEMENT_3D('',#28,#29,#30);
#28 = CARTESIAN_POINT('',(0.,0.,0.));
#29 = DIRECTION('',(0.,-1.,1.110223024625E-16));
#30 = DIRECTION('',(0.,1.110223024625E-16,1.));
#31 = AXIS2_PLACEMENT_3D('',#32,#33,#34);
#32 = CARTESIAN_POINT('',(0.,0.,0.));
#33 = DIRECTION('',(0.,0.,1.));
#34 = DIRECTION('',(1.,0.,0.));
#35 = AXIS2_PLACEMENT_3D('',#36,#37,#38);
#36 = CARTESIAN_POINT('',(0.,0.,0.));
#37 = DIRECTION('',(0.,-1.,-2.22044604925E-16));
#38 = DIRECTION('',(1.,0.,0.));
#39 = AXIS2_PLACEMENT_3D('',#40,#41,#42);
#40 = CARTESIAN_POINT('',(0.,0.,0.));
#41 = DIRECTION('',(1.,1.232595164408E-32,1.110223024625E-16));
#42 = DIRECTION('',(0.,1.,-1.110223024625E-16));
#43 = AXIS2_PLACEMENT_3D('',#44,#45,#46);
#44 = CARTESIAN_POINT('',(0.,0.,0.));
#45 = DIRECTION('',(0.,0.,1.));
#46 = DIRECTION('',(1.,0.,0.));
#47 = AXIS2_PLACEMENT_3D('',#48,#49,#50);
#48 = CARTESIAN_POINT('',(0.,0.,0.));
#49 = DIRECTION('',(0.,0.,1.));
#50 = DIRECTION('',(1.,0.,0.));
#51 = AXIS2_PLACEMENT_3D('',#52,#53,#54);
#52 = CARTESIAN_POINT('',(0.,0.,0.));
#53 = DIRECTION('',(0.,0.,1.));
#54 = DIRECTION('',(1.,0.,0.));
#55 = AXIS2_PLACEMENT_3D('',#56,#57,#58);
#56 = CARTESIAN_POINT('',(0.,0.,0.));
#57 = DIRECTION('',(0.,0.,1.));
#58 = DIRECTION('',(1.,0.,0.));
#59 = AXIS2_PLACEMENT_3D('',#60,#61,#62);
#60 = CARTESIAN_POINT('',(0.,0.,0.));
#61 = DIRECTION('',(0.,-1.,2.22044604925E-16));
#62 = DIRECTION('',(1.,0.,0.));
#63 = AXIS2_PLACEMENT_3D('',#64,#65,#66);
#64 = CARTESIAN_POINT('',(0.,0.,0.));
#65 = DIRECTION('',(0.,0.,1.));
#66 = DIRECTION('',(1.,0.,0.));
#67 = AXIS2_PLACEMENT_3D('',#68,#69,#70);
#68 = CARTESIAN_POINT('',(-170.,0.,0.));
#69 = DIRECTION('',(-1.,0.,0.));
#70 = DIRECTION('',(0.,-1.,0.));
#71 = AXIS2_PLACEMENT_3D('',#72,#73,#74);
#72 = CARTESIAN_POINT('',(0.,0.,0.));
#73 = DIRECTION('',(0.,0.,1.));
#74 = DIRECTION('',(1.,0.,0.));
#75 = AXIS2_PLACEMENT_3D('',#76,#77,#78);
#76 = CARTESIAN_POINT('',(0.,0.,0.));
#77 = DIRECTION('',(0.,0.,1.));
#78 = DIRECTION('',(1.,0.,0.));
#79 = AXIS2_PLACEMENT_3D('',#80,#81,#82);
#80 = CARTESIAN_POINT('',(0.,0.,0.));
#81 = DIRECTION('',(0.,0.,1.));
#82 = DIRECTION('',(1.,0.,-0.));
#83 = ( GEOMETRIC_REPRESENTATION_CONTEXT(3) 
GLOBAL_UNCERTAINTY_ASSIGNED_CONTEXT((#87)) GLOBAL_UNIT_ASSIGNED_CONTEXT(
(#84,#85,#86)) REPRESENTATION_CONTEXT('Context #1',
  '3D Context with UNIT and UNCERTAINTY') );
#84 = ( LENGTH_UNIT() NAMED_UNIT(*) SI_UNIT(.MILLI.,.METRE.) );
#85 = ( NAMED_UNIT(*) PLANE_ANGLE_UNIT() SI_UNIT($,.RADIAN.) );
#86 = ( NAMED_UNIT(*) SI_UNIT($,.STERADIAN.) SOLID_ANGLE_UNIT() );
#87 = UNCERTAINTY_MEASURE_WITH_UNIT(LENGTH_MEASURE(2.E-05),#84,
  'distance_accuracy_value','confusion accuracy');
#88 = PRODUCT_RELATED_PRODUCT_CATEGORY('part',$,(#7));
#89 = SHAPE_DEFINITION_REPRESENTATION(#90,#96);
#90 = PRODUCT_DEFINITION_SHAPE('','',#91);
#91 = PRODUCT_DEFINITION('design','',#92,#95);
#92 = PRODUCT_DEFINITION_FORMATION('','',#93);
#93 = PRODUCT('Body','Body','',(#94));
#94 = PRODUCT_CONTEXT('',#2,'mechanical');
#95 = PRODUCT_DEFINITION_CONTEXT('part definition',#2,'design');
#96 = ADVANCED_BREP_SHAPE_REPRESENTATION('',(#11,#97),#3172);
#97 = MANIFOLD_SOLID_BREP('',#98);
#98 = CLOSED_SHELL('',(#99,#438,#561,#594,#618,#644,#668,#693,#710,#736,
    #761,#785,#811,#835,#860,#877,#1011,#1035,#1059,#1083,#1107,#1124,
    #1141,#1165,#1189,#1213,#1237,#1254,#1271,#1295,#1319,#1343,#1360,
    #1384,#1401,#1426,#1739,#1751,#1763,#1775,#1787,#1827,#1852,#1876,
    #1901,#1925,#1950,#1984,#2002,#2014,#2026,#2038,#2050,#2068,#2086,
    #2117,#2142,#2167,#2191,#2215,#2240,#2265,#2282,#2313,#2338,#2363,
    #2387,#2411,#2436,#2461,#2478,#2509,#2534,#2559,#2583,#2607,#2632,
    #2657,#2674,#2705,#2730,#2755,#2779,#2803,#2828,#2853,#2870,#2888,
    #2921,#2947,#2972,#2998,#3023,#3049,#3074,#3090,#3106,#3122,#3138,
    #3156));
#99 = ADVANCED_FACE('',(#100),#433,.T.);
#100 = FACE_BOUND('',#101,.T.);
#101 = EDGE_LOOP('',(#102,#112,#120,#129,#137,#146,#154,#163,#171,#179,
    #187,#195,#203,#211,#219,#227,#235,#243,#251,#259,#267,#275,#283,
    #291,#299,#307,#315,#323,#331,#339,#347,#355,#363,#371,#379,#387,
    #395,#403,#411,#419,#427));
#102 = ORIENTED_EDGE('',*,*,#103,.F.);
#103 = EDGE_CURVE('',#104,#106,#108,.T.);
#104 = VERTEX_POINT('',#105);
#105 = CARTESIAN_POINT('',(-168.,44.,40.));
#106 = VERTEX_POINT('',#107);
#107 = CARTESIAN_POINT('',(-167.,44.,40.));
#108 = LINE('',#109,#110);
#109 = CARTESIAN_POINT('',(-170.,44.,40.));
#110 = VECTOR('',#111,1.);
#111 = DIRECTION('',(1.,0.,0.));
#112 = ORIENTED_EDGE('',*,*,#113,.T.);
#113 = EDGE_CURVE('',#104,#114,#116,.T.);
#114 = VERTEX_POINT('',#115);
#115 = CARTESIAN_POINT('',(-168.,5.,40.));
#116 = LINE('',#117,#118);
#117 = CARTESIAN_POINT('',(-168.,44.,40.));
#118 = VECTOR('',#119,1.);
#119 = DIRECTION('',(0.,-1.,0.));
#120 = ORIENTED_EDGE('',*,*,#121,.T.);
#121 = EDGE_CURVE('',#114,#122,#124,.T.);
#122 = VERTEX_POINT('',#123);
#123 = CARTESIAN_POINT('',(-165.,2.,40.));
#124 = CIRCLE('',#125,3.);
#125 = AXIS2_PLACEMENT_3D('',#126,#127,#128);
#126 = CARTESIAN_POINT('',(-165.,5.,40.));
#127 = DIRECTION('',(0.,2.317525025688E-16,1.));
#128 = DIRECTION('',(-1.,-1.513786472548E-15,3.508238033678E-31));
#129 = ORIENTED_EDGE('',*,*,#130,.T.);
#130 = EDGE_CURVE('',#122,#131,#133,.T.);
#131 = VERTEX_POINT('',#132);
#132 = CARTESIAN_POINT('',(-5.,2.,40.));
#133 = LINE('',#134,#135);
#134 = CARTESIAN_POINT('',(-165.,2.,40.));
#135 = VECTOR('',#136,1.);
#136 = DIRECTION('',(1.,0.,0.));
#137 = ORIENTED_EDGE('',*,*,#138,.T.);
#138 = EDGE_CURVE('',#131,#139,#141,.T.);
#139 = VERTEX_POINT('',#140);
#140 = CARTESIAN_POINT('',(-2.,5.,40.));
#141 = CIRCLE('',#142,3.);
#142 = AXIS2_PLACEMENT_3D('',#143,#144,#145);
#143 = CARTESIAN_POINT('',(-5.,5.,40.));
#144 = DIRECTION('',(0.,2.317525025688E-16,1.));
#145 = DIRECTION('',(-1.7763568394E-16,-1.,2.317525025688E-16));
#146 = ORIENTED_EDGE('',*,*,#147,.T.);
#147 = EDGE_CURVE('',#139,#148,#150,.T.);
#148 = VERTEX_POINT('',#149);
#149 = CARTESIAN_POINT('',(-2.,145.,40.));
#150 = LINE('',#151,#152);
#151 = CARTESIAN_POINT('',(-2.,5.,40.));
#152 = VECTOR('',#153,1.);
#153 = DIRECTION('',(0.,1.,-2.22044604925E-16));
#154 = ORIENTED_EDGE('',*,*,#155,.T.);
#155 = EDGE_CURVE('',#148,#156,#158,.T.);
#156 = VERTEX_POINT('',#157);
#157 = CARTESIAN_POINT('',(-5.,148.,40.));
#158 = CIRCLE('',#159,3.);
#159 = AXIS2_PLACEMENT_3D('',#160,#161,#162);
#160 = CARTESIAN_POINT('',(-5.,145.,40.));
#161 = DIRECTION('',(0.,2.317525025688E-16,1.));
#162 = DIRECTION('',(1.,-9.270100102754E-17,2.148368897877E-32));
#163 = ORIENTED_EDGE('',*,*,#164,.T.);
#164 = EDGE_CURVE('',#156,#165,#167,.T.);
#165 = VERTEX_POINT('',#166);
#166 = CARTESIAN_POINT('',(-35.,148.,40.));
#167 = LINE('',#168,#169);
#168 = CARTESIAN_POINT('',(-5.,148.,40.));
#169 = VECTOR('',#170,1.);
#170 = DIRECTION('',(-1.,0.,0.));
#171 = ORIENTED_EDGE('',*,*,#172,.F.);
#172 = EDGE_CURVE('',#173,#165,#175,.T.);
#173 = VERTEX_POINT('',#174);
#174 = CARTESIAN_POINT('',(-35.,147.,40.));
#175 = LINE('',#176,#177);
#176 = CARTESIAN_POINT('',(-35.,8.881784197001E-15,40.));
#177 = VECTOR('',#178,1.);
#178 = DIRECTION('',(0.,1.,-2.22044604925E-16));
#179 = ORIENTED_EDGE('',*,*,#180,.T.);
#180 = EDGE_CURVE('',#173,#181,#183,.T.);
#181 = VERTEX_POINT('',#182);
#182 = CARTESIAN_POINT('',(-3.,147.,40.));
#183 = LINE('',#184,#185);
#184 = CARTESIAN_POINT('',(-19.,147.,40.));
#185 = VECTOR('',#186,1.);
#186 = DIRECTION('',(1.,0.,0.));
#187 = ORIENTED_EDGE('',*,*,#188,.T.);
#188 = EDGE_CURVE('',#181,#189,#191,.T.);
#189 = VERTEX_POINT('',#190);
#190 = CARTESIAN_POINT('',(-3.,125.306915,40.));
#191 = LINE('',#192,#193);
#192 = CARTESIAN_POINT('',(-3.,62.6534575,40.));
#193 = VECTOR('',#194,1.);
#194 = DIRECTION('',(0.,-1.,2.22044604925E-16));
#195 = ORIENTED_EDGE('',*,*,#196,.F.);
#196 = EDGE_CURVE('',#197,#189,#199,.T.);
#197 = VERTEX_POINT('',#198);
#198 = CARTESIAN_POINT('',(-35.,125.306915,40.));
#199 = LINE('',#200,#201);
#200 = CARTESIAN_POINT('',(-19.,125.306915,40.));
#201 = VECTOR('',#202,1.);
#202 = DIRECTION('',(1.,0.,0.));
#203 = ORIENTED_EDGE('',*,*,#204,.F.);
#204 = EDGE_CURVE('',#205,#197,#207,.T.);
#205 = VERTEX_POINT('',#206);
#206 = CARTESIAN_POINT('',(-35.,123.306915,40.));
#207 = LINE('',#208,#209);
#208 = CARTESIAN_POINT('',(-35.,8.881784197001E-15,40.));
#209 = VECTOR('',#210,1.);
#210 = DIRECTION('',(0.,1.,-2.22044604925E-16));
#211 = ORIENTED_EDGE('',*,*,#212,.F.);
#212 = EDGE_CURVE('',#213,#205,#215,.T.);
#213 = VERTEX_POINT('',#214);
#214 = CARTESIAN_POINT('',(-3.,123.306915,40.));
#215 = LINE('',#216,#217);
#216 = CARTESIAN_POINT('',(-35.,123.306915,40.));
#217 = VECTOR('',#218,1.);
#218 = DIRECTION('',(-1.,0.,0.));
#219 = ORIENTED_EDGE('',*,*,#220,.T.);
#220 = EDGE_CURVE('',#213,#221,#223,.T.);
#221 = VERTEX_POINT('',#222);
#222 = CARTESIAN_POINT('',(-3.,99.934734,40.));
#223 = LINE('',#224,#225);
#224 = CARTESIAN_POINT('',(-3.,49.967367,40.));
#225 = VECTOR('',#226,1.);
#226 = DIRECTION('',(0.,-1.,2.22044604925E-16));
#227 = ORIENTED_EDGE('',*,*,#228,.F.);
#228 = EDGE_CURVE('',#229,#221,#231,.T.);
#229 = VERTEX_POINT('',#230);
#230 = CARTESIAN_POINT('',(-35.,99.934734,40.));
#231 = LINE('',#232,#233);
#232 = CARTESIAN_POINT('',(-19.,99.934734,40.));
#233 = VECTOR('',#234,1.);
#234 = DIRECTION('',(1.,0.,0.));
#235 = ORIENTED_EDGE('',*,*,#236,.F.);
#236 = EDGE_CURVE('',#237,#229,#239,.T.);
#237 = VERTEX_POINT('',#238);
#238 = CARTESIAN_POINT('',(-35.,97.934734,40.));
#239 = LINE('',#240,#241);
#240 = CARTESIAN_POINT('',(-35.,8.881784197001E-15,40.));
#241 = VECTOR('',#242,1.);
#242 = DIRECTION('',(0.,1.,-2.22044604925E-16));
#243 = ORIENTED_EDGE('',*,*,#244,.F.);
#244 = EDGE_CURVE('',#245,#237,#247,.T.);
#245 = VERTEX_POINT('',#246);
#246 = CARTESIAN_POINT('',(-3.,97.934734,40.));
#247 = LINE('',#248,#249);
#248 = CARTESIAN_POINT('',(-35.,97.934734,40.));
#249 = VECTOR('',#250,1.);
#250 = DIRECTION('',(-1.,0.,0.));
#251 = ORIENTED_EDGE('',*,*,#252,.T.);
#252 = EDGE_CURVE('',#245,#253,#255,.T.);
#253 = VERTEX_POINT('',#254);
#254 = CARTESIAN_POINT('',(-3.,74.562552,40.));
#255 = LINE('',#256,#257);
#256 = CARTESIAN_POINT('',(-3.,37.281276,40.));
#257 = VECTOR('',#258,1.);
#258 = DIRECTION('',(0.,-1.,2.22044604925E-16));
#259 = ORIENTED_EDGE('',*,*,#260,.F.);
#260 = EDGE_CURVE('',#261,#253,#263,.T.);
#261 = VERTEX_POINT('',#262);
#262 = CARTESIAN_POINT('',(-35.,74.562552,40.));
#263 = LINE('',#264,#265);
#264 = CARTESIAN_POINT('',(-19.,74.562552,40.));
#265 = VECTOR('',#266,1.);
#266 = DIRECTION('',(1.,0.,0.));
#267 = ORIENTED_EDGE('',*,*,#268,.F.);
#268 = EDGE_CURVE('',#269,#261,#271,.T.);
#269 = VERTEX_POINT('',#270);
#270 = CARTESIAN_POINT('',(-35.,72.562552,40.));
#271 = LINE('',#272,#273);
#272 = CARTESIAN_POINT('',(-35.,8.881784197001E-15,40.));
#273 = VECTOR('',#274,1.);
#274 = DIRECTION('',(0.,1.,-2.22044604925E-16));
#275 = ORIENTED_EDGE('',*,*,#276,.F.);
#276 = EDGE_CURVE('',#277,#269,#279,.T.);
#277 = VERTEX_POINT('',#278);
#278 = CARTESIAN_POINT('',(-3.,72.562552,40.));
#279 = LINE('',#280,#281);
#280 = CARTESIAN_POINT('',(-35.,72.562552,40.));
#281 = VECTOR('',#282,1.);
#282 = DIRECTION('',(-1.,0.,0.));
#283 = ORIENTED_EDGE('',*,*,#284,.T.);
#284 = EDGE_CURVE('',#277,#285,#287,.T.);
#285 = VERTEX_POINT('',#286);
#286 = CARTESIAN_POINT('',(-3.,47.,40.));
#287 = LINE('',#288,#289);
#288 = CARTESIAN_POINT('',(-3.,29.890638,40.));
#289 = VECTOR('',#290,1.);
#290 = DIRECTION('',(0.,-1.,2.22044604925E-16));
#291 = ORIENTED_EDGE('',*,*,#292,.T.);
#292 = EDGE_CURVE('',#285,#293,#295,.T.);
#293 = VERTEX_POINT('',#294);
#294 = CARTESIAN_POINT('',(-35.,47.,40.));
#295 = LINE('',#296,#297);
#296 = CARTESIAN_POINT('',(-35.,47.,40.));
#297 = VECTOR('',#298,1.);
#298 = DIRECTION('',(-1.,0.,0.));
#299 = ORIENTED_EDGE('',*,*,#300,.F.);
#300 = EDGE_CURVE('',#301,#293,#303,.T.);
#301 = VERTEX_POINT('',#302);
#302 = CARTESIAN_POINT('',(-35.,44.,40.));
#303 = LINE('',#304,#305);
#304 = CARTESIAN_POINT('',(-35.,8.881784197001E-15,40.));
#305 = VECTOR('',#306,1.);
#306 = DIRECTION('',(0.,1.,-2.22044604925E-16));
#307 = ORIENTED_EDGE('',*,*,#308,.T.);
#308 = EDGE_CURVE('',#301,#309,#311,.T.);
#309 = VERTEX_POINT('',#310);
#310 = CARTESIAN_POINT('',(-3.,44.,40.));
#311 = LINE('',#312,#313);
#312 = CARTESIAN_POINT('',(-19.,44.,40.));
#313 = VECTOR('',#314,1.);
#314 = DIRECTION('',(1.,0.,0.));
#315 = ORIENTED_EDGE('',*,*,#316,.T.);
#316 = EDGE_CURVE('',#309,#317,#319,.T.);
#317 = VERTEX_POINT('',#318);
#318 = CARTESIAN_POINT('',(-3.,2.89996,40.));
#319 = LINE('',#320,#321);
#320 = CARTESIAN_POINT('',(-3.,1.44998,40.));
#321 = VECTOR('',#322,1.);
#322 = DIRECTION('',(0.,-1.,2.22044604925E-16));
#323 = ORIENTED_EDGE('',*,*,#324,.T.);
#324 = EDGE_CURVE('',#317,#325,#327,.T.);
#325 = VERTEX_POINT('',#326);
#326 = CARTESIAN_POINT('',(-41.895123,2.89996,40.));
#327 = LINE('',#328,#329);
#328 = CARTESIAN_POINT('',(-105.9475615,2.89996,40.));
#329 = VECTOR('',#330,1.);
#330 = DIRECTION('',(-1.,0.,0.));
#331 = ORIENTED_EDGE('',*,*,#332,.T.);
#332 = EDGE_CURVE('',#325,#333,#335,.T.);
#333 = VERTEX_POINT('',#334);
#334 = CARTESIAN_POINT('',(-41.895123,44.,40.));
#335 = LINE('',#336,#337);
#336 = CARTESIAN_POINT('',(-41.895123,44.,40.));
#337 = VECTOR('',#338,1.);
#338 = DIRECTION('',(0.,1.,0.));
#339 = ORIENTED_EDGE('',*,*,#340,.F.);
#340 = EDGE_CURVE('',#341,#333,#343,.T.);
#341 = VERTEX_POINT('',#342);
#342 = CARTESIAN_POINT('',(-44.23278,44.,40.));
#343 = LINE('',#344,#345);
#344 = CARTESIAN_POINT('',(-170.,44.,40.));
#345 = VECTOR('',#346,1.);
#346 = DIRECTION('',(1.,0.,0.));
#347 = ORIENTED_EDGE('',*,*,#348,.F.);
#348 = EDGE_CURVE('',#349,#341,#351,.T.);
#349 = VERTEX_POINT('',#350);
#350 = CARTESIAN_POINT('',(-44.23278,2.89996,40.));
#351 = LINE('',#352,#353);
#352 = CARTESIAN_POINT('',(-44.23278,44.,40.));
#353 = VECTOR('',#354,1.);
#354 = DIRECTION('',(0.,1.,0.));
#355 = ORIENTED_EDGE('',*,*,#356,.T.);
#356 = EDGE_CURVE('',#349,#357,#359,.T.);
#357 = VERTEX_POINT('',#358);
#358 = CARTESIAN_POINT('',(-82.578094,2.89996,40.));
#359 = LINE('',#360,#361);
#360 = CARTESIAN_POINT('',(-126.289047,2.89996,40.));
#361 = VECTOR('',#362,1.);
#362 = DIRECTION('',(-1.,0.,0.));
#363 = ORIENTED_EDGE('',*,*,#364,.T.);
#364 = EDGE_CURVE('',#357,#365,#367,.T.);
#365 = VERTEX_POINT('',#366);
#366 = CARTESIAN_POINT('',(-82.578094,44.,40.));
#367 = LINE('',#368,#369);
#368 = CARTESIAN_POINT('',(-82.578094,44.,40.));
#369 = VECTOR('',#370,1.);
#370 = DIRECTION('',(0.,1.,0.));
#371 = ORIENTED_EDGE('',*,*,#372,.F.);
#372 = EDGE_CURVE('',#373,#365,#375,.T.);
#373 = VERTEX_POINT('',#374);
#374 = CARTESIAN_POINT('',(-85.,44.,40.));
#375 = LINE('',#376,#377);
#376 = CARTESIAN_POINT('',(-170.,44.,40.));
#377 = VECTOR('',#378,1.);
#378 = DIRECTION('',(1.,0.,0.));
#379 = ORIENTED_EDGE('',*,*,#380,.F.);
#380 = EDGE_CURVE('',#381,#373,#383,.T.);
#381 = VERTEX_POINT('',#382);
#382 = CARTESIAN_POINT('',(-85.,2.89996,40.));
#383 = LINE('',#384,#385);
#384 = CARTESIAN_POINT('',(-85.,44.,40.));
#385 = VECTOR('',#386,1.);
#386 = DIRECTION('',(0.,1.,0.));
#387 = ORIENTED_EDGE('',*,*,#388,.T.);
#388 = EDGE_CURVE('',#381,#389,#391,.T.);
#389 = VERTEX_POINT('',#390);
#390 = CARTESIAN_POINT('',(-117.943893,2.89996,40.));
#391 = LINE('',#392,#393);
#392 = CARTESIAN_POINT('',(-143.9719465,2.89996,40.));
#393 = VECTOR('',#394,1.);
#394 = DIRECTION('',(-1.,0.,0.));
#395 = ORIENTED_EDGE('',*,*,#396,.T.);
#396 = EDGE_CURVE('',#389,#397,#399,.T.);
#397 = VERTEX_POINT('',#398);
#398 = CARTESIAN_POINT('',(-117.943893,44.,40.));
#399 = LINE('',#400,#401);
#400 = CARTESIAN_POINT('',(-117.943893,44.,40.));
#401 = VECTOR('',#402,1.);
#402 = DIRECTION('',(0.,1.,0.));
#403 = ORIENTED_EDGE('',*,*,#404,.F.);
#404 = EDGE_CURVE('',#405,#397,#407,.T.);
#405 = VERTEX_POINT('',#406);
#406 = CARTESIAN_POINT('',(-120.1315,44.,40.));
#407 = LINE('',#408,#409);
#408 = CARTESIAN_POINT('',(-170.,44.,40.));
#409 = VECTOR('',#410,1.);
#410 = DIRECTION('',(1.,0.,0.));
#411 = ORIENTED_EDGE('',*,*,#412,.F.);
#412 = EDGE_CURVE('',#413,#405,#415,.T.);
#413 = VERTEX_POINT('',#414);
#414 = CARTESIAN_POINT('',(-120.1315,3.,40.));
#415 = LINE('',#416,#417);
#416 = CARTESIAN_POINT('',(-120.1315,44.,40.));
#417 = VECTOR('',#418,1.);
#418 = DIRECTION('',(0.,1.,0.));
#419 = ORIENTED_EDGE('',*,*,#420,.T.);
#420 = EDGE_CURVE('',#413,#421,#423,.T.);
#421 = VERTEX_POINT('',#422);
#422 = CARTESIAN_POINT('',(-167.,3.,40.));
#423 = LINE('',#424,#425);
#424 = CARTESIAN_POINT('',(-168.5,3.,40.));
#425 = VECTOR('',#426,1.);
#426 = DIRECTION('',(-1.,0.,0.));
#427 = ORIENTED_EDGE('',*,*,#428,.T.);
#428 = EDGE_CURVE('',#421,#106,#429,.T.);
#429 = LINE('',#430,#431);
#430 = CARTESIAN_POINT('',(-167.,44.,40.));
#431 = VECTOR('',#432,1.);
#432 = DIRECTION('',(0.,1.,0.));
#433 = PLANE('',#434);
#434 = AXIS2_PLACEMENT_3D('',#435,#436,#437);
#435 = CARTESIAN_POINT('',(-54.57133843607,48.862006802785,40.));
#436 = DIRECTION('',(0.,2.317525025688E-16,1.));
#437 = DIRECTION('',(0.,1.,-2.317525025688E-16));
#438 = ADVANCED_FACE('',(#439),#556,.T.);
#439 = FACE_BOUND('',#440,.T.);
#440 = EDGE_LOOP('',(#441,#442,#450,#458,#464,#465,#473,#481,#487,#488,
    #496,#504,#510,#511,#519,#527,#533,#534,#542,#550));
#441 = ORIENTED_EDGE('',*,*,#103,.T.);
#442 = ORIENTED_EDGE('',*,*,#443,.F.);
#443 = EDGE_CURVE('',#444,#106,#446,.T.);
#444 = VERTEX_POINT('',#445);
#445 = CARTESIAN_POINT('',(-167.,44.,0.));
#446 = LINE('',#447,#448);
#447 = CARTESIAN_POINT('',(-167.,44.,0.));
#448 = VECTOR('',#449,1.);
#449 = DIRECTION('',(0.,0.,1.));
#450 = ORIENTED_EDGE('',*,*,#451,.F.);
#451 = EDGE_CURVE('',#452,#444,#454,.T.);
#452 = VERTEX_POINT('',#453);
#453 = CARTESIAN_POINT('',(-120.1315,44.,0.));
#454 = LINE('',#455,#456);
#455 = CARTESIAN_POINT('',(-120.1315,44.,0.));
#456 = VECTOR('',#457,1.);
#457 = DIRECTION('',(-1.,0.,0.));
#458 = ORIENTED_EDGE('',*,*,#459,.T.);
#459 = EDGE_CURVE('',#452,#405,#460,.T.);
#460 = LINE('',#461,#462);
#461 = CARTESIAN_POINT('',(-120.1315,44.,0.));
#462 = VECTOR('',#463,1.);
#463 = DIRECTION('',(0.,0.,1.));
#464 = ORIENTED_EDGE('',*,*,#404,.T.);
#465 = ORIENTED_EDGE('',*,*,#466,.F.);
#466 = EDGE_CURVE('',#467,#397,#469,.T.);
#467 = VERTEX_POINT('',#468);
#468 = CARTESIAN_POINT('',(-117.943893,44.,0.));
#469 = LINE('',#470,#471);
#470 = CARTESIAN_POINT('',(-117.943893,44.,0.));
#471 = VECTOR('',#472,1.);
#472 = DIRECTION('',(0.,0.,1.));
#473 = ORIENTED_EDGE('',*,*,#474,.F.);
#474 = EDGE_CURVE('',#475,#467,#477,.T.);
#475 = VERTEX_POINT('',#476);
#476 = CARTESIAN_POINT('',(-85.,44.,0.));
#477 = LINE('',#478,#479);
#478 = CARTESIAN_POINT('',(-85.,44.,0.));
#479 = VECTOR('',#480,1.);
#480 = DIRECTION('',(-1.,0.,0.));
#481 = ORIENTED_EDGE('',*,*,#482,.T.);
#482 = EDGE_CURVE('',#475,#373,#483,.T.);
#483 = LINE('',#484,#485);
#484 = CARTESIAN_POINT('',(-85.,44.,0.));
#485 = VECTOR('',#486,1.);
#486 = DIRECTION('',(0.,0.,1.));
#487 = ORIENTED_EDGE('',*,*,#372,.T.);
#488 = ORIENTED_EDGE('',*,*,#489,.F.);
#489 = EDGE_CURVE('',#490,#365,#492,.T.);
#490 = VERTEX_POINT('',#491);
#491 = CARTESIAN_POINT('',(-82.578094,44.,0.));
#492 = LINE('',#493,#494);
#493 = CARTESIAN_POINT('',(-82.578094,44.,0.));
#494 = VECTOR('',#495,1.);
#495 = DIRECTION('',(0.,0.,1.));
#496 = ORIENTED_EDGE('',*,*,#497,.F.);
#497 = EDGE_CURVE('',#498,#490,#500,.T.);
#498 = VERTEX_POINT('',#499);
#499 = CARTESIAN_POINT('',(-44.23278,44.,0.));
#500 = LINE('',#501,#502);
#501 = CARTESIAN_POINT('',(-44.23278,44.,0.));
#502 = VECTOR('',#503,1.);
#503 = DIRECTION('',(-1.,0.,0.));
#504 = ORIENTED_EDGE('',*,*,#505,.T.);
#505 = EDGE_CURVE('',#498,#341,#506,.T.);
#506 = LINE('',#507,#508);
#507 = CARTESIAN_POINT('',(-44.23278,44.,0.));
#508 = VECTOR('',#509,1.);
#509 = DIRECTION('',(0.,0.,1.));
#510 = ORIENTED_EDGE('',*,*,#340,.T.);
#511 = ORIENTED_EDGE('',*,*,#512,.F.);
#512 = EDGE_CURVE('',#513,#333,#515,.T.);
#513 = VERTEX_POINT('',#514);
#514 = CARTESIAN_POINT('',(-41.895123,44.,0.));
#515 = LINE('',#516,#517);
#516 = CARTESIAN_POINT('',(-41.895123,44.,0.));
#517 = VECTOR('',#518,1.);
#518 = DIRECTION('',(0.,0.,1.));
#519 = ORIENTED_EDGE('',*,*,#520,.F.);
#520 = EDGE_CURVE('',#521,#513,#523,.T.);
#521 = VERTEX_POINT('',#522);
#522 = CARTESIAN_POINT('',(-3.,44.,0.));
#523 = LINE('',#524,#525);
#524 = CARTESIAN_POINT('',(-3.,44.,0.));
#525 = VECTOR('',#526,1.);
#526 = DIRECTION('',(-1.,0.,0.));
#527 = ORIENTED_EDGE('',*,*,#528,.T.);
#528 = EDGE_CURVE('',#521,#309,#529,.T.);
#529 = LINE('',#530,#531);
#530 = CARTESIAN_POINT('',(-3.,44.,0.));
#531 = VECTOR('',#532,1.);
#532 = DIRECTION('',(0.,0.,1.));
#533 = ORIENTED_EDGE('',*,*,#308,.F.);
#534 = ORIENTED_EDGE('',*,*,#535,.F.);
#535 = EDGE_CURVE('',#536,#301,#538,.T.);
#536 = VERTEX_POINT('',#537);
#537 = CARTESIAN_POINT('',(-35.,44.,70.));
#538 = LINE('',#539,#540);
#539 = CARTESIAN_POINT('',(-35.,44.,38.9980385));
#540 = VECTOR('',#541,1.);
#541 = DIRECTION('',(0.,0.,-1.));
#542 = ORIENTED_EDGE('',*,*,#543,.T.);
#543 = EDGE_CURVE('',#536,#544,#546,.T.);
#544 = VERTEX_POINT('',#545);
#545 = CARTESIAN_POINT('',(-168.,44.,70.));
#546 = LINE('',#547,#548);
#547 = CARTESIAN_POINT('',(-125.2153879404,44.,70.));
#548 = VECTOR('',#549,1.);
#549 = DIRECTION('',(-1.,0.,0.));
#550 = ORIENTED_EDGE('',*,*,#551,.T.);
#551 = EDGE_CURVE('',#544,#104,#552,.T.);
#552 = LINE('',#553,#554);
#553 = CARTESIAN_POINT('',(-168.,44.,70.));
#554 = VECTOR('',#555,1.);
#555 = DIRECTION('',(0.,0.,-1.));
#556 = PLANE('',#557);
#557 = AXIS2_PLACEMENT_3D('',#558,#559,#560);
#558 = CARTESIAN_POINT('',(-86.15161848739,44.,29.170709803922));
#559 = DIRECTION('',(-0.,-1.,-0.));
#560 = DIRECTION('',(0.,0.,-1.));
#561 = ADVANCED_FACE('',(#562),#589,.T.);
#562 = FACE_BOUND('',#563,.T.);
#563 = EDGE_LOOP('',(#564,#573,#581,#588));
#564 = ORIENTED_EDGE('',*,*,#565,.F.);
#565 = EDGE_CURVE('',#566,#104,#568,.T.);
#566 = VERTEX_POINT('',#567);
#567 = CARTESIAN_POINT('',(-170.,46.,38.));
#568 = ELLIPSE('',#569,2.828427124746,2.);
#569 = AXIS2_PLACEMENT_3D('',#570,#571,#572);
#570 = CARTESIAN_POINT('',(-168.,46.,38.));
#571 = DIRECTION('',(0.,0.707106781187,0.707106781187));
#572 = DIRECTION('',(0.,0.707106781187,-0.707106781187));
#573 = ORIENTED_EDGE('',*,*,#574,.T.);
#574 = EDGE_CURVE('',#566,#575,#577,.T.);
#575 = VERTEX_POINT('',#576);
#576 = CARTESIAN_POINT('',(-170.,5.,38.));
#577 = LINE('',#578,#579);
#578 = CARTESIAN_POINT('',(-170.,44.,38.));
#579 = VECTOR('',#580,1.);
#580 = DIRECTION('',(0.,-1.,0.));
#581 = ORIENTED_EDGE('',*,*,#582,.F.);
#582 = EDGE_CURVE('',#114,#575,#583,.T.);
#583 = CIRCLE('',#584,2.);
#584 = AXIS2_PLACEMENT_3D('',#585,#586,#587);
#585 = CARTESIAN_POINT('',(-168.,5.,38.));
#586 = DIRECTION('',(0.,-1.,0.));
#587 = DIRECTION('',(0.,0.,1.));
#588 = ORIENTED_EDGE('',*,*,#113,.F.);
#589 = CYLINDRICAL_SURFACE('',#590,2.);
#590 = AXIS2_PLACEMENT_3D('',#591,#592,#593);
#591 = CARTESIAN_POINT('',(-168.,44.,38.));
#592 = DIRECTION('',(0.,-1.,0.));
#593 = DIRECTION('',(0.,0.,1.));
#594 = ADVANCED_FACE('',(#595),#613,.T.);
#595 = FACE_BOUND('',#596,.T.);
#596 = EDGE_LOOP('',(#597,#605,#606,#607));
#597 = ORIENTED_EDGE('',*,*,#598,.F.);
#598 = EDGE_CURVE('',#444,#599,#601,.T.);
#599 = VERTEX_POINT('',#600);
#600 = CARTESIAN_POINT('',(-167.,3.,0.));
#601 = LINE('',#602,#603);
#602 = CARTESIAN_POINT('',(-167.,44.,0.));
#603 = VECTOR('',#604,1.);
#604 = DIRECTION('',(0.,-1.,0.));
#605 = ORIENTED_EDGE('',*,*,#443,.T.);
#606 = ORIENTED_EDGE('',*,*,#428,.F.);
#607 = ORIENTED_EDGE('',*,*,#608,.F.);
#608 = EDGE_CURVE('',#599,#421,#609,.T.);
#609 = LINE('',#610,#611);
#610 = CARTESIAN_POINT('',(-167.,3.,0.));
#611 = VECTOR('',#612,1.);
#612 = DIRECTION('',(0.,0.,1.));
#613 = PLANE('',#614);
#614 = AXIS2_PLACEMENT_3D('',#615,#616,#617);
#615 = CARTESIAN_POINT('',(-167.,44.,0.));
#616 = DIRECTION('',(1.,0.,0.));
#617 = DIRECTION('',(0.,-1.,0.));
#618 = ADVANCED_FACE('',(#619),#639,.T.);
#619 = FACE_BOUND('',#620,.F.);
#620 = EDGE_LOOP('',(#621,#622,#623,#632));
#621 = ORIENTED_EDGE('',*,*,#582,.F.);
#622 = ORIENTED_EDGE('',*,*,#121,.T.);
#623 = ORIENTED_EDGE('',*,*,#624,.T.);
#624 = EDGE_CURVE('',#122,#625,#627,.T.);
#625 = VERTEX_POINT('',#626);
#626 = CARTESIAN_POINT('',(-165.,6.217248937901E-15,38.));
#627 = CIRCLE('',#628,2.);
#628 = AXIS2_PLACEMENT_3D('',#629,#630,#631);
#629 = CARTESIAN_POINT('',(-165.,2.,38.));
#630 = DIRECTION('',(1.,1.00846492274E-15,-2.33714269598E-31));
#631 = DIRECTION('',(1.00846492274E-15,-1.,2.317525025688E-16));
#632 = ORIENTED_EDGE('',*,*,#633,.F.);
#633 = EDGE_CURVE('',#575,#625,#634,.T.);
#634 = CIRCLE('',#635,5.);
#635 = AXIS2_PLACEMENT_3D('',#636,#637,#638);
#636 = CARTESIAN_POINT('',(-165.,5.,38.));
#637 = DIRECTION('',(0.,2.317525025688E-16,1.));
#638 = DIRECTION('',(-1.,-1.513786472548E-15,3.508238033678E-31));
#639 = TOROIDAL_SURFACE('',#640,3.,2.);
#640 = AXIS2_PLACEMENT_3D('',#641,#642,#643);
#641 = CARTESIAN_POINT('',(-165.,5.,38.));
#642 = DIRECTION('',(-0.,-2.317525025688E-16,-1.));
#643 = DIRECTION('',(-1.,-1.513786472548E-15,3.508238033678E-31));
#644 = ADVANCED_FACE('',(#645),#663,.T.);
#645 = FACE_BOUND('',#646,.T.);
#646 = EDGE_LOOP('',(#647,#655,#656,#657));
#647 = ORIENTED_EDGE('',*,*,#648,.F.);
#648 = EDGE_CURVE('',#599,#649,#651,.T.);
#649 = VERTEX_POINT('',#650);
#650 = CARTESIAN_POINT('',(-120.1315,3.,0.));
#651 = LINE('',#652,#653);
#652 = CARTESIAN_POINT('',(-167.,3.,0.));
#653 = VECTOR('',#654,1.);
#654 = DIRECTION('',(1.,0.,0.));
#655 = ORIENTED_EDGE('',*,*,#608,.T.);
#656 = ORIENTED_EDGE('',*,*,#420,.F.);
#657 = ORIENTED_EDGE('',*,*,#658,.F.);
#658 = EDGE_CURVE('',#649,#413,#659,.T.);
#659 = LINE('',#660,#661);
#660 = CARTESIAN_POINT('',(-120.1315,3.,0.));
#661 = VECTOR('',#662,1.);
#662 = DIRECTION('',(0.,0.,1.));
#663 = PLANE('',#664);
#664 = AXIS2_PLACEMENT_3D('',#665,#666,#667);
#665 = CARTESIAN_POINT('',(-167.,3.,0.));
#666 = DIRECTION('',(0.,1.,0.));
#667 = DIRECTION('',(1.,0.,0.));
#668 = ADVANCED_FACE('',(#669),#688,.T.);
#669 = FACE_BOUND('',#670,.T.);
#670 = EDGE_LOOP('',(#671,#672,#680,#687));
#671 = ORIENTED_EDGE('',*,*,#624,.T.);
#672 = ORIENTED_EDGE('',*,*,#673,.T.);
#673 = EDGE_CURVE('',#625,#674,#676,.T.);
#674 = VERTEX_POINT('',#675);
#675 = CARTESIAN_POINT('',(-5.,0.,38.));
#676 = LINE('',#677,#678);
#677 = CARTESIAN_POINT('',(-165.,0.,38.));
#678 = VECTOR('',#679,1.);
#679 = DIRECTION('',(1.,0.,0.));
#680 = ORIENTED_EDGE('',*,*,#681,.F.);
#681 = EDGE_CURVE('',#131,#674,#682,.T.);
#682 = CIRCLE('',#683,2.);
#683 = AXIS2_PLACEMENT_3D('',#684,#685,#686);
#684 = CARTESIAN_POINT('',(-5.,2.,38.));
#685 = DIRECTION('',(1.,0.,-0.));
#686 = DIRECTION('',(0.,2.317525025688E-16,1.));
#687 = ORIENTED_EDGE('',*,*,#130,.F.);
#688 = CYLINDRICAL_SURFACE('',#689,2.);
#689 = AXIS2_PLACEMENT_3D('',#690,#691,#692);
#690 = CARTESIAN_POINT('',(-165.,2.,38.));
#691 = DIRECTION('',(1.,0.,0.));
#692 = DIRECTION('',(0.,2.317525025688E-16,1.));
#693 = ADVANCED_FACE('',(#694),#705,.F.);
#694 = FACE_BOUND('',#695,.F.);
#695 = EDGE_LOOP('',(#696,#702,#703,#704));
#696 = ORIENTED_EDGE('',*,*,#697,.F.);
#697 = EDGE_CURVE('',#452,#649,#698,.T.);
#698 = LINE('',#699,#700);
#699 = CARTESIAN_POINT('',(-120.1315,44.,0.));
#700 = VECTOR('',#701,1.);
#701 = DIRECTION('',(0.,-1.,0.));
#702 = ORIENTED_EDGE('',*,*,#459,.T.);
#703 = ORIENTED_EDGE('',*,*,#412,.F.);
#704 = ORIENTED_EDGE('',*,*,#658,.F.);
#705 = PLANE('',#706);
#706 = AXIS2_PLACEMENT_3D('',#707,#708,#709);
#707 = CARTESIAN_POINT('',(-120.1315,44.,0.));
#708 = DIRECTION('',(1.,0.,0.));
#709 = DIRECTION('',(0.,-1.,0.));
#710 = ADVANCED_FACE('',(#711),#731,.T.);
#711 = FACE_BOUND('',#712,.F.);
#712 = EDGE_LOOP('',(#713,#714,#715,#724));
#713 = ORIENTED_EDGE('',*,*,#681,.F.);
#714 = ORIENTED_EDGE('',*,*,#138,.T.);
#715 = ORIENTED_EDGE('',*,*,#716,.T.);
#716 = EDGE_CURVE('',#139,#717,#719,.T.);
#717 = VERTEX_POINT('',#718);
#718 = CARTESIAN_POINT('',(0.,5.,38.));
#719 = CIRCLE('',#720,2.);
#720 = AXIS2_PLACEMENT_3D('',#721,#722,#723);
#721 = CARTESIAN_POINT('',(-2.,5.,38.));
#722 = DIRECTION('',(2.388680238974E-16,1.,-2.317525025688E-16));
#723 = DIRECTION('',(1.,-2.388680238974E-16,5.535826232189E-32));
#724 = ORIENTED_EDGE('',*,*,#725,.F.);
#725 = EDGE_CURVE('',#674,#717,#726,.T.);
#726 = CIRCLE('',#727,5.);
#727 = AXIS2_PLACEMENT_3D('',#728,#729,#730);
#728 = CARTESIAN_POINT('',(-5.,5.,38.));
#729 = DIRECTION('',(0.,2.317525025688E-16,1.));
#730 = DIRECTION('',(-1.7763568394E-16,-1.,2.317525025688E-16));
#731 = TOROIDAL_SURFACE('',#732,3.,2.);
#732 = AXIS2_PLACEMENT_3D('',#733,#734,#735);
#733 = CARTESIAN_POINT('',(-5.,5.,38.));
#734 = DIRECTION('',(-0.,-2.317525025688E-16,-1.));
#735 = DIRECTION('',(-1.7763568394E-16,-1.,2.317525025688E-16));
#736 = ADVANCED_FACE('',(#737),#756,.T.);
#737 = FACE_BOUND('',#738,.T.);
#738 = EDGE_LOOP('',(#739,#740,#748,#755));
#739 = ORIENTED_EDGE('',*,*,#716,.T.);
#740 = ORIENTED_EDGE('',*,*,#741,.T.);
#741 = EDGE_CURVE('',#717,#742,#744,.T.);
#742 = VERTEX_POINT('',#743);
#743 = CARTESIAN_POINT('',(4.440892098501E-16,145.,38.));
#744 = LINE('',#745,#746);
#745 = CARTESIAN_POINT('',(4.440892098501E-16,5.,38.));
#746 = VECTOR('',#747,1.);
#747 = DIRECTION('',(0.,1.,-2.22044604925E-16));
#748 = ORIENTED_EDGE('',*,*,#749,.F.);
#749 = EDGE_CURVE('',#148,#742,#750,.T.);
#750 = CIRCLE('',#751,2.);
#751 = AXIS2_PLACEMENT_3D('',#752,#753,#754);
#752 = CARTESIAN_POINT('',(-2.,145.,38.));
#753 = DIRECTION('',(0.,1.,-2.22044604925E-16));
#754 = DIRECTION('',(0.,2.22044604925E-16,1.));
#755 = ORIENTED_EDGE('',*,*,#147,.F.);
#756 = CYLINDRICAL_SURFACE('',#757,2.);
#757 = AXIS2_PLACEMENT_3D('',#758,#759,#760);
#758 = CARTESIAN_POINT('',(-2.,5.,38.));
#759 = DIRECTION('',(0.,1.,-2.22044604925E-16));
#760 = DIRECTION('',(0.,2.22044604925E-16,1.));
#761 = ADVANCED_FACE('',(#762),#780,.T.);
#762 = FACE_BOUND('',#763,.T.);
#763 = EDGE_LOOP('',(#764,#772,#773,#774));
#764 = ORIENTED_EDGE('',*,*,#765,.F.);
#765 = EDGE_CURVE('',#467,#766,#768,.T.);
#766 = VERTEX_POINT('',#767);
#767 = CARTESIAN_POINT('',(-117.943893,2.89996,0.));
#768 = LINE('',#769,#770);
#769 = CARTESIAN_POINT('',(-117.943893,44.,0.));
#770 = VECTOR('',#771,1.);
#771 = DIRECTION('',(0.,-1.,0.));
#772 = ORIENTED_EDGE('',*,*,#466,.T.);
#773 = ORIENTED_EDGE('',*,*,#396,.F.);
#774 = ORIENTED_EDGE('',*,*,#775,.F.);
#775 = EDGE_CURVE('',#766,#389,#776,.T.);
#776 = LINE('',#777,#778);
#777 = CARTESIAN_POINT('',(-117.943893,2.89996,0.));
#778 = VECTOR('',#779,1.);
#779 = DIRECTION('',(0.,0.,1.));
#780 = PLANE('',#781);
#781 = AXIS2_PLACEMENT_3D('',#782,#783,#784);
#782 = CARTESIAN_POINT('',(-117.943893,44.,0.));
#783 = DIRECTION('',(1.,0.,0.));
#784 = DIRECTION('',(0.,-1.,0.));
#785 = ADVANCED_FACE('',(#786),#806,.T.);
#786 = FACE_BOUND('',#787,.F.);
#787 = EDGE_LOOP('',(#788,#789,#790,#799));
#788 = ORIENTED_EDGE('',*,*,#749,.F.);
#789 = ORIENTED_EDGE('',*,*,#155,.T.);
#790 = ORIENTED_EDGE('',*,*,#791,.T.);
#791 = EDGE_CURVE('',#156,#792,#794,.T.);
#792 = VERTEX_POINT('',#793);
#793 = CARTESIAN_POINT('',(-5.,150.,38.));
#794 = CIRCLE('',#795,2.);
#795 = AXIS2_PLACEMENT_3D('',#796,#797,#798);
#796 = CARTESIAN_POINT('',(-5.,148.,38.));
#797 = DIRECTION('',(-1.,1.539333409849E-16,-3.567443700203E-32));
#798 = DIRECTION('',(1.539333409849E-16,1.,-2.317525025688E-16));
#799 = ORIENTED_EDGE('',*,*,#800,.F.);
#800 = EDGE_CURVE('',#742,#792,#801,.T.);
#801 = CIRCLE('',#802,5.);
#802 = AXIS2_PLACEMENT_3D('',#803,#804,#805);
#803 = CARTESIAN_POINT('',(-5.,145.,38.));
#804 = DIRECTION('',(0.,2.317525025688E-16,1.));
#805 = DIRECTION('',(1.,-9.270100102754E-17,2.148368897877E-32));
#806 = TOROIDAL_SURFACE('',#807,3.,2.);
#807 = AXIS2_PLACEMENT_3D('',#808,#809,#810);
#808 = CARTESIAN_POINT('',(-5.,145.,38.));
#809 = DIRECTION('',(-0.,-2.317525025688E-16,-1.));
#810 = DIRECTION('',(1.,-9.270100102754E-17,2.148368897877E-32));
#811 = ADVANCED_FACE('',(#812),#830,.T.);
#812 = FACE_BOUND('',#813,.T.);
#813 = EDGE_LOOP('',(#814,#822,#823,#824));
#814 = ORIENTED_EDGE('',*,*,#815,.F.);
#815 = EDGE_CURVE('',#766,#816,#818,.T.);
#816 = VERTEX_POINT('',#817);
#817 = CARTESIAN_POINT('',(-85.,2.89996,0.));
#818 = LINE('',#819,#820);
#819 = CARTESIAN_POINT('',(-117.943893,2.89996,0.));
#820 = VECTOR('',#821,1.);
#821 = DIRECTION('',(1.,0.,0.));
#822 = ORIENTED_EDGE('',*,*,#775,.T.);
#823 = ORIENTED_EDGE('',*,*,#388,.F.);
#824 = ORIENTED_EDGE('',*,*,#825,.F.);
#825 = EDGE_CURVE('',#816,#381,#826,.T.);
#826 = LINE('',#827,#828);
#827 = CARTESIAN_POINT('',(-85.,2.89996,0.));
#828 = VECTOR('',#829,1.);
#829 = DIRECTION('',(0.,0.,1.));
#830 = PLANE('',#831);
#831 = AXIS2_PLACEMENT_3D('',#832,#833,#834);
#832 = CARTESIAN_POINT('',(-117.943893,2.89996,0.));
#833 = DIRECTION('',(0.,1.,0.));
#834 = DIRECTION('',(1.,0.,0.));
#835 = ADVANCED_FACE('',(#836),#855,.T.);
#836 = FACE_BOUND('',#837,.T.);
#837 = EDGE_LOOP('',(#838,#839,#847,#854));
#838 = ORIENTED_EDGE('',*,*,#791,.T.);
#839 = ORIENTED_EDGE('',*,*,#840,.T.);
#840 = EDGE_CURVE('',#792,#841,#843,.T.);
#841 = VERTEX_POINT('',#842);
#842 = CARTESIAN_POINT('',(-35.,150.,38.));
#843 = LINE('',#844,#845);
#844 = CARTESIAN_POINT('',(-5.,150.,38.));
#845 = VECTOR('',#846,1.);
#846 = DIRECTION('',(-1.,0.,0.));
#847 = ORIENTED_EDGE('',*,*,#848,.F.);
#848 = EDGE_CURVE('',#165,#841,#849,.T.);
#849 = CIRCLE('',#850,2.);
#850 = AXIS2_PLACEMENT_3D('',#851,#852,#853);
#851 = CARTESIAN_POINT('',(-35.,148.,38.));
#852 = DIRECTION('',(-1.,0.,0.));
#853 = DIRECTION('',(0.,0.,-1.));
#854 = ORIENTED_EDGE('',*,*,#164,.F.);
#855 = CYLINDRICAL_SURFACE('',#856,2.);
#856 = AXIS2_PLACEMENT_3D('',#857,#858,#859);
#857 = CARTESIAN_POINT('',(-5.,148.,38.));
#858 = DIRECTION('',(-1.,0.,0.));
#859 = DIRECTION('',(0.,2.317525025688E-16,1.));
#860 = ADVANCED_FACE('',(#861),#872,.F.);
#861 = FACE_BOUND('',#862,.F.);
#862 = EDGE_LOOP('',(#863,#869,#870,#871));
#863 = ORIENTED_EDGE('',*,*,#864,.F.);
#864 = EDGE_CURVE('',#475,#816,#865,.T.);
#865 = LINE('',#866,#867);
#866 = CARTESIAN_POINT('',(-85.,44.,0.));
#867 = VECTOR('',#868,1.);
#868 = DIRECTION('',(0.,-1.,0.));
#869 = ORIENTED_EDGE('',*,*,#482,.T.);
#870 = ORIENTED_EDGE('',*,*,#380,.F.);
#871 = ORIENTED_EDGE('',*,*,#825,.F.);
#872 = PLANE('',#873);
#873 = AXIS2_PLACEMENT_3D('',#874,#875,#876);
#874 = CARTESIAN_POINT('',(-85.,44.,0.));
#875 = DIRECTION('',(1.,0.,0.));
#876 = DIRECTION('',(0.,-1.,0.));
#877 = ADVANCED_FACE('',(#878),#1006,.T.);
#878 = FACE_BOUND('',#879,.T.);
#879 = EDGE_LOOP('',(#880,#890,#899,#905,#906,#907,#915,#923,#929,#930,
    #938,#946,#952,#953,#961,#969,#975,#976,#984,#992,#998,#999,#1000));
#880 = ORIENTED_EDGE('',*,*,#881,.T.);
#881 = EDGE_CURVE('',#882,#884,#886,.T.);
#882 = VERTEX_POINT('',#883);
#883 = CARTESIAN_POINT('',(-35.,150.,40.));
#884 = VERTEX_POINT('',#885);
#885 = CARTESIAN_POINT('',(-35.,150.,68.));
#886 = LINE('',#887,#888);
#887 = CARTESIAN_POINT('',(-35.,150.,55.7480385));
#888 = VECTOR('',#889,1.);
#889 = DIRECTION('',(0.,0.,1.));
#890 = ORIENTED_EDGE('',*,*,#891,.T.);
#891 = EDGE_CURVE('',#884,#892,#894,.T.);
#892 = VERTEX_POINT('',#893);
#893 = CARTESIAN_POINT('',(-35.,148.,70.));
#894 = CIRCLE('',#895,2.);
#895 = AXIS2_PLACEMENT_3D('',#896,#897,#898);
#896 = CARTESIAN_POINT('',(-35.,148.,68.));
#897 = DIRECTION('',(1.,-0.,0.));
#898 = DIRECTION('',(0.,0.,-1.));
#899 = ORIENTED_EDGE('',*,*,#900,.T.);
#900 = EDGE_CURVE('',#892,#536,#901,.T.);
#901 = LINE('',#902,#903);
#902 = CARTESIAN_POINT('',(-35.,37.332248723952,70.));
#903 = VECTOR('',#904,1.);
#904 = DIRECTION('',(0.,-1.,0.));
#905 = ORIENTED_EDGE('',*,*,#535,.T.);
#906 = ORIENTED_EDGE('',*,*,#300,.T.);
#907 = ORIENTED_EDGE('',*,*,#908,.F.);
#908 = EDGE_CURVE('',#909,#293,#911,.T.);
#909 = VERTEX_POINT('',#910);
#910 = CARTESIAN_POINT('',(-35.,47.,0.));
#911 = LINE('',#912,#913);
#912 = CARTESIAN_POINT('',(-35.,47.,0.));
#913 = VECTOR('',#914,1.);
#914 = DIRECTION('',(0.,0.,1.));
#915 = ORIENTED_EDGE('',*,*,#916,.F.);
#916 = EDGE_CURVE('',#917,#909,#919,.T.);
#917 = VERTEX_POINT('',#918);
#918 = CARTESIAN_POINT('',(-35.,72.562552,0.));
#919 = LINE('',#920,#921);
#920 = CARTESIAN_POINT('',(-35.,72.562552,0.));
#921 = VECTOR('',#922,1.);
#922 = DIRECTION('',(0.,-1.,0.));
#923 = ORIENTED_EDGE('',*,*,#924,.T.);
#924 = EDGE_CURVE('',#917,#269,#925,.T.);
#925 = LINE('',#926,#927);
#926 = CARTESIAN_POINT('',(-35.,72.562552,0.));
#927 = VECTOR('',#928,1.);
#928 = DIRECTION('',(0.,0.,1.));
#929 = ORIENTED_EDGE('',*,*,#268,.T.);
#930 = ORIENTED_EDGE('',*,*,#931,.F.);
#931 = EDGE_CURVE('',#932,#261,#934,.T.);
#932 = VERTEX_POINT('',#933);
#933 = CARTESIAN_POINT('',(-35.,74.562552,0.));
#934 = LINE('',#935,#936);
#935 = CARTESIAN_POINT('',(-35.,74.562552,0.));
#936 = VECTOR('',#937,1.);
#937 = DIRECTION('',(0.,0.,1.));
#938 = ORIENTED_EDGE('',*,*,#939,.F.);
#939 = EDGE_CURVE('',#940,#932,#942,.T.);
#940 = VERTEX_POINT('',#941);
#941 = CARTESIAN_POINT('',(-35.,97.934734,0.));
#942 = LINE('',#943,#944);
#943 = CARTESIAN_POINT('',(-35.,97.934734,0.));
#944 = VECTOR('',#945,1.);
#945 = DIRECTION('',(0.,-1.,0.));
#946 = ORIENTED_EDGE('',*,*,#947,.T.);
#947 = EDGE_CURVE('',#940,#237,#948,.T.);
#948 = LINE('',#949,#950);
#949 = CARTESIAN_POINT('',(-35.,97.934734,0.));
#950 = VECTOR('',#951,1.);
#951 = DIRECTION('',(0.,0.,1.));
#952 = ORIENTED_EDGE('',*,*,#236,.T.);
#953 = ORIENTED_EDGE('',*,*,#954,.F.);
#954 = EDGE_CURVE('',#955,#229,#957,.T.);
#955 = VERTEX_POINT('',#956);
#956 = CARTESIAN_POINT('',(-35.,99.934734,0.));
#957 = LINE('',#958,#959);
#958 = CARTESIAN_POINT('',(-35.,99.934734,0.));
#959 = VECTOR('',#960,1.);
#960 = DIRECTION('',(0.,0.,1.));
#961 = ORIENTED_EDGE('',*,*,#962,.F.);
#962 = EDGE_CURVE('',#963,#955,#965,.T.);
#963 = VERTEX_POINT('',#964);
#964 = CARTESIAN_POINT('',(-35.,123.306915,0.));
#965 = LINE('',#966,#967);
#966 = CARTESIAN_POINT('',(-35.,123.306915,0.));
#967 = VECTOR('',#968,1.);
#968 = DIRECTION('',(0.,-1.,0.));
#969 = ORIENTED_EDGE('',*,*,#970,.T.);
#970 = EDGE_CURVE('',#963,#205,#971,.T.);
#971 = LINE('',#972,#973);
#972 = CARTESIAN_POINT('',(-35.,123.306915,0.));
#973 = VECTOR('',#974,1.);
#974 = DIRECTION('',(0.,0.,1.));
#975 = ORIENTED_EDGE('',*,*,#204,.T.);
#976 = ORIENTED_EDGE('',*,*,#977,.F.);
#977 = EDGE_CURVE('',#978,#197,#980,.T.);
#978 = VERTEX_POINT('',#979);
#979 = CARTESIAN_POINT('',(-35.,125.306915,0.));
#980 = LINE('',#981,#982);
#981 = CARTESIAN_POINT('',(-35.,125.306915,0.));
#982 = VECTOR('',#983,1.);
#983 = DIRECTION('',(0.,0.,1.));
#984 = ORIENTED_EDGE('',*,*,#985,.F.);
#985 = EDGE_CURVE('',#986,#978,#988,.T.);
#986 = VERTEX_POINT('',#987);
#987 = CARTESIAN_POINT('',(-35.,147.,0.));
#988 = LINE('',#989,#990);
#989 = CARTESIAN_POINT('',(-35.,147.,0.));
#990 = VECTOR('',#991,1.);
#991 = DIRECTION('',(0.,-1.,0.));
#992 = ORIENTED_EDGE('',*,*,#993,.T.);
#993 = EDGE_CURVE('',#986,#173,#994,.T.);
#994 = LINE('',#995,#996);
#995 = CARTESIAN_POINT('',(-35.,147.,0.));
#996 = VECTOR('',#997,1.);
#997 = DIRECTION('',(0.,0.,1.));
#998 = ORIENTED_EDGE('',*,*,#172,.T.);
#999 = ORIENTED_EDGE('',*,*,#848,.T.);
#1000 = ORIENTED_EDGE('',*,*,#1001,.F.);
#1001 = EDGE_CURVE('',#882,#841,#1002,.T.);
#1002 = LINE('',#1003,#1004);
#1003 = CARTESIAN_POINT('',(-35.,150.,31.614864864865));
#1004 = VECTOR('',#1005,1.);
#1005 = DIRECTION('',(0.,0.,-1.));
#1006 = PLANE('',#1007);
#1007 = AXIS2_PLACEMENT_3D('',#1008,#1009,#1010);
#1008 = CARTESIAN_POINT('',(-35.,97.784351486486,29.72972972973));
#1009 = DIRECTION('',(1.,-2.441173818484E-16,0.));
#1010 = DIRECTION('',(2.441173818484E-16,1.,0.));
#1011 = ADVANCED_FACE('',(#1012),#1030,.T.);
#1012 = FACE_BOUND('',#1013,.T.);
#1013 = EDGE_LOOP('',(#1014,#1022,#1028,#1029));
#1014 = ORIENTED_EDGE('',*,*,#1015,.F.);
#1015 = EDGE_CURVE('',#1016,#986,#1018,.T.);
#1016 = VERTEX_POINT('',#1017);
#1017 = CARTESIAN_POINT('',(-3.,147.,0.));
#1018 = LINE('',#1019,#1020);
#1019 = CARTESIAN_POINT('',(-3.,147.,0.));
#1020 = VECTOR('',#1021,1.);
#1021 = DIRECTION('',(-1.,0.,0.));
#1022 = ORIENTED_EDGE('',*,*,#1023,.T.);
#1023 = EDGE_CURVE('',#1016,#181,#1024,.T.);
#1024 = LINE('',#1025,#1026);
#1025 = CARTESIAN_POINT('',(-3.,147.,0.));
#1026 = VECTOR('',#1027,1.);
#1027 = DIRECTION('',(0.,0.,1.));
#1028 = ORIENTED_EDGE('',*,*,#180,.F.);
#1029 = ORIENTED_EDGE('',*,*,#993,.F.);
#1030 = PLANE('',#1031);
#1031 = AXIS2_PLACEMENT_3D('',#1032,#1033,#1034);
#1032 = CARTESIAN_POINT('',(-3.,147.,0.));
#1033 = DIRECTION('',(0.,-1.,0.));
#1034 = DIRECTION('',(-1.,0.,0.));
#1035 = ADVANCED_FACE('',(#1036),#1054,.T.);
#1036 = FACE_BOUND('',#1037,.T.);
#1037 = EDGE_LOOP('',(#1038,#1046,#1047,#1048));
#1038 = ORIENTED_EDGE('',*,*,#1039,.F.);
#1039 = EDGE_CURVE('',#490,#1040,#1042,.T.);
#1040 = VERTEX_POINT('',#1041);
#1041 = CARTESIAN_POINT('',(-82.578094,2.89996,0.));
#1042 = LINE('',#1043,#1044);
#1043 = CARTESIAN_POINT('',(-82.578094,44.,0.));
#1044 = VECTOR('',#1045,1.);
#1045 = DIRECTION('',(0.,-1.,0.));
#1046 = ORIENTED_EDGE('',*,*,#489,.T.);
#1047 = ORIENTED_EDGE('',*,*,#364,.F.);
#1048 = ORIENTED_EDGE('',*,*,#1049,.F.);
#1049 = EDGE_CURVE('',#1040,#357,#1050,.T.);
#1050 = LINE('',#1051,#1052);
#1051 = CARTESIAN_POINT('',(-82.578094,2.89996,0.));
#1052 = VECTOR('',#1053,1.);
#1053 = DIRECTION('',(0.,0.,1.));
#1054 = PLANE('',#1055);
#1055 = AXIS2_PLACEMENT_3D('',#1056,#1057,#1058);
#1056 = CARTESIAN_POINT('',(-82.578094,44.,0.));
#1057 = DIRECTION('',(1.,0.,0.));
#1058 = DIRECTION('',(0.,-1.,0.));
#1059 = ADVANCED_FACE('',(#1060),#1078,.T.);
#1060 = FACE_BOUND('',#1061,.T.);
#1061 = EDGE_LOOP('',(#1062,#1070,#1076,#1077));
#1062 = ORIENTED_EDGE('',*,*,#1063,.F.);
#1063 = EDGE_CURVE('',#1064,#1016,#1066,.T.);
#1064 = VERTEX_POINT('',#1065);
#1065 = CARTESIAN_POINT('',(-3.,125.306915,0.));
#1066 = LINE('',#1067,#1068);
#1067 = CARTESIAN_POINT('',(-3.,125.306915,0.));
#1068 = VECTOR('',#1069,1.);
#1069 = DIRECTION('',(0.,1.,0.));
#1070 = ORIENTED_EDGE('',*,*,#1071,.T.);
#1071 = EDGE_CURVE('',#1064,#189,#1072,.T.);
#1072 = LINE('',#1073,#1074);
#1073 = CARTESIAN_POINT('',(-3.,125.306915,0.));
#1074 = VECTOR('',#1075,1.);
#1075 = DIRECTION('',(0.,0.,1.));
#1076 = ORIENTED_EDGE('',*,*,#188,.F.);
#1077 = ORIENTED_EDGE('',*,*,#1023,.F.);
#1078 = PLANE('',#1079);
#1079 = AXIS2_PLACEMENT_3D('',#1080,#1081,#1082);
#1080 = CARTESIAN_POINT('',(-3.,125.306915,0.));
#1081 = DIRECTION('',(-1.,0.,0.));
#1082 = DIRECTION('',(0.,1.,0.));
#1083 = ADVANCED_FACE('',(#1084),#1102,.T.);
#1084 = FACE_BOUND('',#1085,.T.);
#1085 = EDGE_LOOP('',(#1086,#1094,#1095,#1096));
#1086 = ORIENTED_EDGE('',*,*,#1087,.F.);
#1087 = EDGE_CURVE('',#1040,#1088,#1090,.T.);
#1088 = VERTEX_POINT('',#1089);
#1089 = CARTESIAN_POINT('',(-44.23278,2.89996,0.));
#1090 = LINE('',#1091,#1092);
#1091 = CARTESIAN_POINT('',(-82.578094,2.89996,0.));
#1092 = VECTOR('',#1093,1.);
#1093 = DIRECTION('',(1.,0.,0.));
#1094 = ORIENTED_EDGE('',*,*,#1049,.T.);
#1095 = ORIENTED_EDGE('',*,*,#356,.F.);
#1096 = ORIENTED_EDGE('',*,*,#1097,.F.);
#1097 = EDGE_CURVE('',#1088,#349,#1098,.T.);
#1098 = LINE('',#1099,#1100);
#1099 = CARTESIAN_POINT('',(-44.23278,2.89996,0.));
#1100 = VECTOR('',#1101,1.);
#1101 = DIRECTION('',(0.,0.,1.));
#1102 = PLANE('',#1103);
#1103 = AXIS2_PLACEMENT_3D('',#1104,#1105,#1106);
#1104 = CARTESIAN_POINT('',(-82.578094,2.89996,0.));
#1105 = DIRECTION('',(0.,1.,0.));
#1106 = DIRECTION('',(1.,0.,0.));
#1107 = ADVANCED_FACE('',(#1108),#1119,.F.);
#1108 = FACE_BOUND('',#1109,.F.);
#1109 = EDGE_LOOP('',(#1110,#1116,#1117,#1118));
#1110 = ORIENTED_EDGE('',*,*,#1111,.F.);
#1111 = EDGE_CURVE('',#1064,#978,#1112,.T.);
#1112 = LINE('',#1113,#1114);
#1113 = CARTESIAN_POINT('',(-3.,125.306915,0.));
#1114 = VECTOR('',#1115,1.);
#1115 = DIRECTION('',(-1.,0.,0.));
#1116 = ORIENTED_EDGE('',*,*,#1071,.T.);
#1117 = ORIENTED_EDGE('',*,*,#196,.F.);
#1118 = ORIENTED_EDGE('',*,*,#977,.F.);
#1119 = PLANE('',#1120);
#1120 = AXIS2_PLACEMENT_3D('',#1121,#1122,#1123);
#1121 = CARTESIAN_POINT('',(-3.,125.306915,0.));
#1122 = DIRECTION('',(0.,-1.,0.));
#1123 = DIRECTION('',(-1.,0.,0.));
#1124 = ADVANCED_FACE('',(#1125),#1136,.F.);
#1125 = FACE_BOUND('',#1126,.F.);
#1126 = EDGE_LOOP('',(#1127,#1133,#1134,#1135));
#1127 = ORIENTED_EDGE('',*,*,#1128,.F.);
#1128 = EDGE_CURVE('',#498,#1088,#1129,.T.);
#1129 = LINE('',#1130,#1131);
#1130 = CARTESIAN_POINT('',(-44.23278,44.,0.));
#1131 = VECTOR('',#1132,1.);
#1132 = DIRECTION('',(0.,-1.,0.));
#1133 = ORIENTED_EDGE('',*,*,#505,.T.);
#1134 = ORIENTED_EDGE('',*,*,#348,.F.);
#1135 = ORIENTED_EDGE('',*,*,#1097,.F.);
#1136 = PLANE('',#1137);
#1137 = AXIS2_PLACEMENT_3D('',#1138,#1139,#1140);
#1138 = CARTESIAN_POINT('',(-44.23278,44.,0.));
#1139 = DIRECTION('',(1.,0.,0.));
#1140 = DIRECTION('',(0.,-1.,0.));
#1141 = ADVANCED_FACE('',(#1142),#1160,.F.);
#1142 = FACE_BOUND('',#1143,.F.);
#1143 = EDGE_LOOP('',(#1144,#1152,#1153,#1154));
#1144 = ORIENTED_EDGE('',*,*,#1145,.F.);
#1145 = EDGE_CURVE('',#963,#1146,#1148,.T.);
#1146 = VERTEX_POINT('',#1147);
#1147 = CARTESIAN_POINT('',(-3.,123.306915,0.));
#1148 = LINE('',#1149,#1150);
#1149 = CARTESIAN_POINT('',(-35.,123.306915,0.));
#1150 = VECTOR('',#1151,1.);
#1151 = DIRECTION('',(1.,0.,0.));
#1152 = ORIENTED_EDGE('',*,*,#970,.T.);
#1153 = ORIENTED_EDGE('',*,*,#212,.F.);
#1154 = ORIENTED_EDGE('',*,*,#1155,.F.);
#1155 = EDGE_CURVE('',#1146,#213,#1156,.T.);
#1156 = LINE('',#1157,#1158);
#1157 = CARTESIAN_POINT('',(-3.,123.306915,0.));
#1158 = VECTOR('',#1159,1.);
#1159 = DIRECTION('',(0.,0.,1.));
#1160 = PLANE('',#1161);
#1161 = AXIS2_PLACEMENT_3D('',#1162,#1163,#1164);
#1162 = CARTESIAN_POINT('',(-35.,123.306915,0.));
#1163 = DIRECTION('',(0.,1.,0.));
#1164 = DIRECTION('',(1.,0.,0.));
#1165 = ADVANCED_FACE('',(#1166),#1184,.T.);
#1166 = FACE_BOUND('',#1167,.T.);
#1167 = EDGE_LOOP('',(#1168,#1176,#1177,#1178));
#1168 = ORIENTED_EDGE('',*,*,#1169,.F.);
#1169 = EDGE_CURVE('',#513,#1170,#1172,.T.);
#1170 = VERTEX_POINT('',#1171);
#1171 = CARTESIAN_POINT('',(-41.895123,2.89996,0.));
#1172 = LINE('',#1173,#1174);
#1173 = CARTESIAN_POINT('',(-41.895123,44.,0.));
#1174 = VECTOR('',#1175,1.);
#1175 = DIRECTION('',(0.,-1.,0.));
#1176 = ORIENTED_EDGE('',*,*,#512,.T.);
#1177 = ORIENTED_EDGE('',*,*,#332,.F.);
#1178 = ORIENTED_EDGE('',*,*,#1179,.F.);
#1179 = EDGE_CURVE('',#1170,#325,#1180,.T.);
#1180 = LINE('',#1181,#1182);
#1181 = CARTESIAN_POINT('',(-41.895123,2.89996,0.));
#1182 = VECTOR('',#1183,1.);
#1183 = DIRECTION('',(0.,0.,1.));
#1184 = PLANE('',#1185);
#1185 = AXIS2_PLACEMENT_3D('',#1186,#1187,#1188);
#1186 = CARTESIAN_POINT('',(-41.895123,44.,0.));
#1187 = DIRECTION('',(1.,0.,0.));
#1188 = DIRECTION('',(0.,-1.,0.));
#1189 = ADVANCED_FACE('',(#1190),#1208,.T.);
#1190 = FACE_BOUND('',#1191,.T.);
#1191 = EDGE_LOOP('',(#1192,#1200,#1206,#1207));
#1192 = ORIENTED_EDGE('',*,*,#1193,.F.);
#1193 = EDGE_CURVE('',#1194,#1146,#1196,.T.);
#1194 = VERTEX_POINT('',#1195);
#1195 = CARTESIAN_POINT('',(-3.,99.934734,0.));
#1196 = LINE('',#1197,#1198);
#1197 = CARTESIAN_POINT('',(-3.,99.934734,0.));
#1198 = VECTOR('',#1199,1.);
#1199 = DIRECTION('',(0.,1.,0.));
#1200 = ORIENTED_EDGE('',*,*,#1201,.T.);
#1201 = EDGE_CURVE('',#1194,#221,#1202,.T.);
#1202 = LINE('',#1203,#1204);
#1203 = CARTESIAN_POINT('',(-3.,99.934734,0.));
#1204 = VECTOR('',#1205,1.);
#1205 = DIRECTION('',(0.,0.,1.));
#1206 = ORIENTED_EDGE('',*,*,#220,.F.);
#1207 = ORIENTED_EDGE('',*,*,#1155,.F.);
#1208 = PLANE('',#1209);
#1209 = AXIS2_PLACEMENT_3D('',#1210,#1211,#1212);
#1210 = CARTESIAN_POINT('',(-3.,99.934734,0.));
#1211 = DIRECTION('',(-1.,0.,0.));
#1212 = DIRECTION('',(0.,1.,0.));
#1213 = ADVANCED_FACE('',(#1214),#1232,.T.);
#1214 = FACE_BOUND('',#1215,.T.);
#1215 = EDGE_LOOP('',(#1216,#1224,#1225,#1226));
#1216 = ORIENTED_EDGE('',*,*,#1217,.F.);
#1217 = EDGE_CURVE('',#1170,#1218,#1220,.T.);
#1218 = VERTEX_POINT('',#1219);
#1219 = CARTESIAN_POINT('',(-3.,2.89996,0.));
#1220 = LINE('',#1221,#1222);
#1221 = CARTESIAN_POINT('',(-41.895123,2.89996,0.));
#1222 = VECTOR('',#1223,1.);
#1223 = DIRECTION('',(1.,0.,0.));
#1224 = ORIENTED_EDGE('',*,*,#1179,.T.);
#1225 = ORIENTED_EDGE('',*,*,#324,.F.);
#1226 = ORIENTED_EDGE('',*,*,#1227,.F.);
#1227 = EDGE_CURVE('',#1218,#317,#1228,.T.);
#1228 = LINE('',#1229,#1230);
#1229 = CARTESIAN_POINT('',(-3.,2.89996,0.));
#1230 = VECTOR('',#1231,1.);
#1231 = DIRECTION('',(0.,0.,1.));
#1232 = PLANE('',#1233);
#1233 = AXIS2_PLACEMENT_3D('',#1234,#1235,#1236);
#1234 = CARTESIAN_POINT('',(-41.895123,2.89996,0.));
#1235 = DIRECTION('',(0.,1.,0.));
#1236 = DIRECTION('',(1.,0.,0.));
#1237 = ADVANCED_FACE('',(#1238),#1249,.F.);
#1238 = FACE_BOUND('',#1239,.F.);
#1239 = EDGE_LOOP('',(#1240,#1246,#1247,#1248));
#1240 = ORIENTED_EDGE('',*,*,#1241,.F.);
#1241 = EDGE_CURVE('',#1194,#955,#1242,.T.);
#1242 = LINE('',#1243,#1244);
#1243 = CARTESIAN_POINT('',(-3.,99.934734,0.));
#1244 = VECTOR('',#1245,1.);
#1245 = DIRECTION('',(-1.,0.,0.));
#1246 = ORIENTED_EDGE('',*,*,#1201,.T.);
#1247 = ORIENTED_EDGE('',*,*,#228,.F.);
#1248 = ORIENTED_EDGE('',*,*,#954,.F.);
#1249 = PLANE('',#1250);
#1250 = AXIS2_PLACEMENT_3D('',#1251,#1252,#1253);
#1251 = CARTESIAN_POINT('',(-3.,99.934734,0.));
#1252 = DIRECTION('',(0.,-1.,0.));
#1253 = DIRECTION('',(-1.,0.,0.));
#1254 = ADVANCED_FACE('',(#1255),#1266,.T.);
#1255 = FACE_BOUND('',#1256,.T.);
#1256 = EDGE_LOOP('',(#1257,#1263,#1264,#1265));
#1257 = ORIENTED_EDGE('',*,*,#1258,.F.);
#1258 = EDGE_CURVE('',#1218,#521,#1259,.T.);
#1259 = LINE('',#1260,#1261);
#1260 = CARTESIAN_POINT('',(-3.,2.89996,0.));
#1261 = VECTOR('',#1262,1.);
#1262 = DIRECTION('',(0.,1.,0.));
#1263 = ORIENTED_EDGE('',*,*,#1227,.T.);
#1264 = ORIENTED_EDGE('',*,*,#316,.F.);
#1265 = ORIENTED_EDGE('',*,*,#528,.F.);
#1266 = PLANE('',#1267);
#1267 = AXIS2_PLACEMENT_3D('',#1268,#1269,#1270);
#1268 = CARTESIAN_POINT('',(-3.,2.89996,0.));
#1269 = DIRECTION('',(-1.,0.,0.));
#1270 = DIRECTION('',(0.,1.,0.));
#1271 = ADVANCED_FACE('',(#1272),#1290,.F.);
#1272 = FACE_BOUND('',#1273,.F.);
#1273 = EDGE_LOOP('',(#1274,#1282,#1283,#1284));
#1274 = ORIENTED_EDGE('',*,*,#1275,.F.);
#1275 = EDGE_CURVE('',#940,#1276,#1278,.T.);
#1276 = VERTEX_POINT('',#1277);
#1277 = CARTESIAN_POINT('',(-3.,97.934734,0.));
#1278 = LINE('',#1279,#1280);
#1279 = CARTESIAN_POINT('',(-35.,97.934734,0.));
#1280 = VECTOR('',#1281,1.);
#1281 = DIRECTION('',(1.,0.,0.));
#1282 = ORIENTED_EDGE('',*,*,#947,.T.);
#1283 = ORIENTED_EDGE('',*,*,#244,.F.);
#1284 = ORIENTED_EDGE('',*,*,#1285,.F.);
#1285 = EDGE_CURVE('',#1276,#245,#1286,.T.);
#1286 = LINE('',#1287,#1288);
#1287 = CARTESIAN_POINT('',(-3.,97.934734,0.));
#1288 = VECTOR('',#1289,1.);
#1289 = DIRECTION('',(0.,0.,1.));
#1290 = PLANE('',#1291);
#1291 = AXIS2_PLACEMENT_3D('',#1292,#1293,#1294);
#1292 = CARTESIAN_POINT('',(-35.,97.934734,0.));
#1293 = DIRECTION('',(0.,1.,0.));
#1294 = DIRECTION('',(1.,0.,0.));
#1295 = ADVANCED_FACE('',(#1296),#1314,.T.);
#1296 = FACE_BOUND('',#1297,.T.);
#1297 = EDGE_LOOP('',(#1298,#1306,#1312,#1313));
#1298 = ORIENTED_EDGE('',*,*,#1299,.F.);
#1299 = EDGE_CURVE('',#1300,#1276,#1302,.T.);
#1300 = VERTEX_POINT('',#1301);
#1301 = CARTESIAN_POINT('',(-3.,74.562552,0.));
#1302 = LINE('',#1303,#1304);
#1303 = CARTESIAN_POINT('',(-3.,74.562552,0.));
#1304 = VECTOR('',#1305,1.);
#1305 = DIRECTION('',(0.,1.,0.));
#1306 = ORIENTED_EDGE('',*,*,#1307,.T.);
#1307 = EDGE_CURVE('',#1300,#253,#1308,.T.);
#1308 = LINE('',#1309,#1310);
#1309 = CARTESIAN_POINT('',(-3.,74.562552,0.));
#1310 = VECTOR('',#1311,1.);
#1311 = DIRECTION('',(0.,0.,1.));
#1312 = ORIENTED_EDGE('',*,*,#252,.F.);
#1313 = ORIENTED_EDGE('',*,*,#1285,.F.);
#1314 = PLANE('',#1315);
#1315 = AXIS2_PLACEMENT_3D('',#1316,#1317,#1318);
#1316 = CARTESIAN_POINT('',(-3.,74.562552,0.));
#1317 = DIRECTION('',(-1.,0.,0.));
#1318 = DIRECTION('',(0.,1.,0.));
#1319 = ADVANCED_FACE('',(#1320),#1338,.T.);
#1320 = FACE_BOUND('',#1321,.T.);
#1321 = EDGE_LOOP('',(#1322,#1330,#1331,#1332));
#1322 = ORIENTED_EDGE('',*,*,#1323,.F.);
#1323 = EDGE_CURVE('',#909,#1324,#1326,.T.);
#1324 = VERTEX_POINT('',#1325);
#1325 = CARTESIAN_POINT('',(-3.,47.,0.));
#1326 = LINE('',#1327,#1328);
#1327 = CARTESIAN_POINT('',(-35.,47.,0.));
#1328 = VECTOR('',#1329,1.);
#1329 = DIRECTION('',(1.,0.,0.));
#1330 = ORIENTED_EDGE('',*,*,#908,.T.);
#1331 = ORIENTED_EDGE('',*,*,#292,.F.);
#1332 = ORIENTED_EDGE('',*,*,#1333,.F.);
#1333 = EDGE_CURVE('',#1324,#285,#1334,.T.);
#1334 = LINE('',#1335,#1336);
#1335 = CARTESIAN_POINT('',(-3.,47.,0.));
#1336 = VECTOR('',#1337,1.);
#1337 = DIRECTION('',(0.,0.,1.));
#1338 = PLANE('',#1339);
#1339 = AXIS2_PLACEMENT_3D('',#1340,#1341,#1342);
#1340 = CARTESIAN_POINT('',(-35.,47.,0.));
#1341 = DIRECTION('',(0.,1.,0.));
#1342 = DIRECTION('',(1.,0.,0.));
#1343 = ADVANCED_FACE('',(#1344),#1355,.F.);
#1344 = FACE_BOUND('',#1345,.F.);
#1345 = EDGE_LOOP('',(#1346,#1352,#1353,#1354));
#1346 = ORIENTED_EDGE('',*,*,#1347,.F.);
#1347 = EDGE_CURVE('',#1300,#932,#1348,.T.);
#1348 = LINE('',#1349,#1350);
#1349 = CARTESIAN_POINT('',(-3.,74.562552,0.));
#1350 = VECTOR('',#1351,1.);
#1351 = DIRECTION('',(-1.,0.,0.));
#1352 = ORIENTED_EDGE('',*,*,#1307,.T.);
#1353 = ORIENTED_EDGE('',*,*,#260,.F.);
#1354 = ORIENTED_EDGE('',*,*,#931,.F.);
#1355 = PLANE('',#1356);
#1356 = AXIS2_PLACEMENT_3D('',#1357,#1358,#1359);
#1357 = CARTESIAN_POINT('',(-3.,74.562552,0.));
#1358 = DIRECTION('',(0.,-1.,0.));
#1359 = DIRECTION('',(-1.,0.,0.));
#1360 = ADVANCED_FACE('',(#1361),#1379,.T.);
#1361 = FACE_BOUND('',#1362,.T.);
#1362 = EDGE_LOOP('',(#1363,#1371,#1372,#1373));
#1363 = ORIENTED_EDGE('',*,*,#1364,.F.);
#1364 = EDGE_CURVE('',#1324,#1365,#1367,.T.);
#1365 = VERTEX_POINT('',#1366);
#1366 = CARTESIAN_POINT('',(-3.,72.562552,0.));
#1367 = LINE('',#1368,#1369);
#1368 = CARTESIAN_POINT('',(-3.,47.,0.));
#1369 = VECTOR('',#1370,1.);
#1370 = DIRECTION('',(0.,1.,0.));
#1371 = ORIENTED_EDGE('',*,*,#1333,.T.);
#1372 = ORIENTED_EDGE('',*,*,#284,.F.);
#1373 = ORIENTED_EDGE('',*,*,#1374,.F.);
#1374 = EDGE_CURVE('',#1365,#277,#1375,.T.);
#1375 = LINE('',#1376,#1377);
#1376 = CARTESIAN_POINT('',(-3.,72.562552,0.));
#1377 = VECTOR('',#1378,1.);
#1378 = DIRECTION('',(0.,0.,1.));
#1379 = PLANE('',#1380);
#1380 = AXIS2_PLACEMENT_3D('',#1381,#1382,#1383);
#1381 = CARTESIAN_POINT('',(-3.,59.781276,35.));
#1382 = DIRECTION('',(-1.,-0.,-0.));
#1383 = DIRECTION('',(0.,0.,-1.));
#1384 = ADVANCED_FACE('',(#1385),#1396,.F.);
#1385 = FACE_BOUND('',#1386,.F.);
#1386 = EDGE_LOOP('',(#1387,#1393,#1394,#1395));
#1387 = ORIENTED_EDGE('',*,*,#1388,.F.);
#1388 = EDGE_CURVE('',#917,#1365,#1389,.T.);
#1389 = LINE('',#1390,#1391);
#1390 = CARTESIAN_POINT('',(-35.,72.562552,0.));
#1391 = VECTOR('',#1392,1.);
#1392 = DIRECTION('',(1.,0.,0.));
#1393 = ORIENTED_EDGE('',*,*,#924,.T.);
#1394 = ORIENTED_EDGE('',*,*,#276,.F.);
#1395 = ORIENTED_EDGE('',*,*,#1374,.F.);
#1396 = PLANE('',#1397);
#1397 = AXIS2_PLACEMENT_3D('',#1398,#1399,#1400);
#1398 = CARTESIAN_POINT('',(-35.,72.562552,0.));
#1399 = DIRECTION('',(0.,1.,0.));
#1400 = DIRECTION('',(1.,0.,0.));
#1401 = ADVANCED_FACE('',(#1402),#1421,.T.);
#1402 = FACE_BOUND('',#1403,.F.);
#1403 = EDGE_LOOP('',(#1404,#1413,#1414,#1415));
#1404 = ORIENTED_EDGE('',*,*,#1405,.T.);
#1405 = EDGE_CURVE('',#1406,#544,#1408,.T.);
#1406 = VERTEX_POINT('',#1407);
#1407 = CARTESIAN_POINT('',(-170.,46.,68.));
#1408 = ELLIPSE('',#1409,2.828427124746,2.);
#1409 = AXIS2_PLACEMENT_3D('',#1410,#1411,#1412);
#1410 = CARTESIAN_POINT('',(-168.,46.,68.));
#1411 = DIRECTION('',(-0.,0.707106781187,0.707106781187));
#1412 = DIRECTION('',(0.,-0.707106781187,0.707106781187));
#1413 = ORIENTED_EDGE('',*,*,#551,.T.);
#1414 = ORIENTED_EDGE('',*,*,#565,.F.);
#1415 = ORIENTED_EDGE('',*,*,#1416,.F.);
#1416 = EDGE_CURVE('',#1406,#566,#1417,.T.);
#1417 = LINE('',#1418,#1419);
#1418 = CARTESIAN_POINT('',(-170.,46.,70.));
#1419 = VECTOR('',#1420,1.);
#1420 = DIRECTION('',(0.,0.,-1.));
#1421 = CYLINDRICAL_SURFACE('',#1422,2.);
#1422 = AXIS2_PLACEMENT_3D('',#1423,#1424,#1425);
#1423 = CARTESIAN_POINT('',(-168.,46.,70.));
#1424 = DIRECTION('',(0.,0.,-1.));
#1425 = DIRECTION('',(-1.,-0.,-0.));
#1426 = ADVANCED_FACE('',(#1427,#1454,#1524,#1594,#1664),#1734,.T.);
#1427 = FACE_BOUND('',#1428,.T.);
#1428 = EDGE_LOOP('',(#1429,#1430,#1438,#1447,#1453));
#1429 = ORIENTED_EDGE('',*,*,#900,.F.);
#1430 = ORIENTED_EDGE('',*,*,#1431,.T.);
#1431 = EDGE_CURVE('',#892,#1432,#1434,.T.);
#1432 = VERTEX_POINT('',#1433);
#1433 = CARTESIAN_POINT('',(-165.,148.,70.));
#1434 = LINE('',#1435,#1436);
#1435 = CARTESIAN_POINT('',(-35.,148.,70.));
#1436 = VECTOR('',#1437,1.);
#1437 = DIRECTION('',(-1.,0.,0.));
#1438 = ORIENTED_EDGE('',*,*,#1439,.T.);
#1439 = EDGE_CURVE('',#1432,#1440,#1442,.T.);
#1440 = VERTEX_POINT('',#1441);
#1441 = CARTESIAN_POINT('',(-168.,145.,70.));
#1442 = CIRCLE('',#1443,3.);
#1443 = AXIS2_PLACEMENT_3D('',#1444,#1445,#1446);
#1444 = CARTESIAN_POINT('',(-165.,145.,70.));
#1445 = DIRECTION('',(0.,-0.,1.));
#1446 = DIRECTION('',(0.,1.,0.));
#1447 = ORIENTED_EDGE('',*,*,#1448,.T.);
#1448 = EDGE_CURVE('',#1440,#544,#1449,.T.);
#1449 = LINE('',#1450,#1451);
#1450 = CARTESIAN_POINT('',(-168.,145.,70.));
#1451 = VECTOR('',#1452,1.);
#1452 = DIRECTION('',(0.,-1.,0.));
#1453 = ORIENTED_EDGE('',*,*,#543,.F.);
#1454 = FACE_BOUND('',#1455,.T.);
#1455 = EDGE_LOOP('',(#1456,#1466,#1475,#1483,#1492,#1500,#1509,#1517));
#1456 = ORIENTED_EDGE('',*,*,#1457,.F.);
#1457 = EDGE_CURVE('',#1458,#1460,#1462,.T.);
#1458 = VERTEX_POINT('',#1459);
#1459 = CARTESIAN_POINT('',(-137.,52.,70.));
#1460 = VERTEX_POINT('',#1461);
#1461 = CARTESIAN_POINT('',(-137.,142.,70.));
#1462 = LINE('',#1463,#1464);
#1463 = CARTESIAN_POINT('',(-137.,52.,70.));
#1464 = VECTOR('',#1465,1.);
#1465 = DIRECTION('',(0.,1.,0.));
#1466 = ORIENTED_EDGE('',*,*,#1467,.F.);
#1467 = EDGE_CURVE('',#1468,#1458,#1470,.T.);
#1468 = VERTEX_POINT('',#1469);
#1469 = CARTESIAN_POINT('',(-142.,47.,70.));
#1470 = CIRCLE('',#1471,5.);
#1471 = AXIS2_PLACEMENT_3D('',#1472,#1473,#1474);
#1472 = CARTESIAN_POINT('',(-142.,52.,70.));
#1473 = DIRECTION('',(0.,0.,1.));
#1474 = DIRECTION('',(1.,0.,0.));
#1475 = ORIENTED_EDGE('',*,*,#1476,.F.);
#1476 = EDGE_CURVE('',#1477,#1468,#1479,.T.);
#1477 = VERTEX_POINT('',#1478);
#1478 = CARTESIAN_POINT('',(-162.,47.,70.));
#1479 = LINE('',#1480,#1481);
#1480 = CARTESIAN_POINT('',(-162.,47.,70.));
#1481 = VECTOR('',#1482,1.);
#1482 = DIRECTION('',(1.,0.,0.));
#1483 = ORIENTED_EDGE('',*,*,#1484,.F.);
#1484 = EDGE_CURVE('',#1485,#1477,#1487,.T.);
#1485 = VERTEX_POINT('',#1486);
#1486 = CARTESIAN_POINT('',(-167.,52.,70.));
#1487 = CIRCLE('',#1488,5.);
#1488 = AXIS2_PLACEMENT_3D('',#1489,#1490,#1491);
#1489 = CARTESIAN_POINT('',(-162.,52.,70.));
#1490 = DIRECTION('',(0.,0.,1.));
#1491 = DIRECTION('',(1.,0.,0.));
#1492 = ORIENTED_EDGE('',*,*,#1493,.F.);
#1493 = EDGE_CURVE('',#1494,#1485,#1496,.T.);
#1494 = VERTEX_POINT('',#1495);
#1495 = CARTESIAN_POINT('',(-167.,142.,70.));
#1496 = LINE('',#1497,#1498);
#1497 = CARTESIAN_POINT('',(-167.,142.,70.));
#1498 = VECTOR('',#1499,1.);
#1499 = DIRECTION('',(0.,-1.,0.));
#1500 = ORIENTED_EDGE('',*,*,#1501,.F.);
#1501 = EDGE_CURVE('',#1502,#1494,#1504,.T.);
#1502 = VERTEX_POINT('',#1503);
#1503 = CARTESIAN_POINT('',(-162.,147.,70.));
#1504 = CIRCLE('',#1505,5.);
#1505 = AXIS2_PLACEMENT_3D('',#1506,#1507,#1508);
#1506 = CARTESIAN_POINT('',(-162.,142.,70.));
#1507 = DIRECTION('',(0.,0.,1.));
#1508 = DIRECTION('',(1.,0.,0.));
#1509 = ORIENTED_EDGE('',*,*,#1510,.F.);
#1510 = EDGE_CURVE('',#1511,#1502,#1513,.T.);
#1511 = VERTEX_POINT('',#1512);
#1512 = CARTESIAN_POINT('',(-142.,147.,70.));
#1513 = LINE('',#1514,#1515);
#1514 = CARTESIAN_POINT('',(-142.,147.,70.));
#1515 = VECTOR('',#1516,1.);
#1516 = DIRECTION('',(-1.,0.,0.));
#1517 = ORIENTED_EDGE('',*,*,#1518,.F.);
#1518 = EDGE_CURVE('',#1460,#1511,#1519,.T.);
#1519 = CIRCLE('',#1520,5.);
#1520 = AXIS2_PLACEMENT_3D('',#1521,#1522,#1523);
#1521 = CARTESIAN_POINT('',(-142.,142.,70.));
#1522 = DIRECTION('',(0.,0.,1.));
#1523 = DIRECTION('',(1.,0.,0.));
#1524 = FACE_BOUND('',#1525,.T.);
#1525 = EDGE_LOOP('',(#1526,#1536,#1545,#1553,#1562,#1570,#1579,#1587));
#1526 = ORIENTED_EDGE('',*,*,#1527,.F.);
#1527 = EDGE_CURVE('',#1528,#1530,#1532,.T.);
#1528 = VERTEX_POINT('',#1529);
#1529 = CARTESIAN_POINT('',(-104.,51.999998464102,70.));
#1530 = VERTEX_POINT('',#1531);
#1531 = CARTESIAN_POINT('',(-104.,141.9999984641,70.));
#1532 = LINE('',#1533,#1534);
#1533 = CARTESIAN_POINT('',(-104.,51.999998464102,70.));
#1534 = VECTOR('',#1535,1.);
#1535 = DIRECTION('',(0.,1.,0.));
#1536 = ORIENTED_EDGE('',*,*,#1537,.F.);
#1537 = EDGE_CURVE('',#1538,#1528,#1540,.T.);
#1538 = VERTEX_POINT('',#1539);
#1539 = CARTESIAN_POINT('',(-109.,46.999998464102,70.));
#1540 = CIRCLE('',#1541,5.);
#1541 = AXIS2_PLACEMENT_3D('',#1542,#1543,#1544);
#1542 = CARTESIAN_POINT('',(-109.,51.999998464102,70.));
#1543 = DIRECTION('',(0.,0.,1.));
#1544 = DIRECTION('',(1.,0.,0.));
#1545 = ORIENTED_EDGE('',*,*,#1546,.F.);
#1546 = EDGE_CURVE('',#1547,#1538,#1549,.T.);
#1547 = VERTEX_POINT('',#1548);
#1548 = CARTESIAN_POINT('',(-129.,46.999998464102,70.));
#1549 = LINE('',#1550,#1551);
#1550 = CARTESIAN_POINT('',(-129.,46.999998464102,70.));
#1551 = VECTOR('',#1552,1.);
#1552 = DIRECTION('',(1.,0.,0.));
#1553 = ORIENTED_EDGE('',*,*,#1554,.F.);
#1554 = EDGE_CURVE('',#1555,#1547,#1557,.T.);
#1555 = VERTEX_POINT('',#1556);
#1556 = CARTESIAN_POINT('',(-134.,51.999998464102,70.));
#1557 = CIRCLE('',#1558,5.);
#1558 = AXIS2_PLACEMENT_3D('',#1559,#1560,#1561);
#1559 = CARTESIAN_POINT('',(-129.,51.999998464102,70.));
#1560 = DIRECTION('',(0.,0.,1.));
#1561 = DIRECTION('',(1.,0.,0.));
#1562 = ORIENTED_EDGE('',*,*,#1563,.F.);
#1563 = EDGE_CURVE('',#1564,#1555,#1566,.T.);
#1564 = VERTEX_POINT('',#1565);
#1565 = CARTESIAN_POINT('',(-134.,141.9999984641,70.));
#1566 = LINE('',#1567,#1568);
#1567 = CARTESIAN_POINT('',(-134.,141.9999984641,70.));
#1568 = VECTOR('',#1569,1.);
#1569 = DIRECTION('',(0.,-1.,0.));
#1570 = ORIENTED_EDGE('',*,*,#1571,.F.);
#1571 = EDGE_CURVE('',#1572,#1564,#1574,.T.);
#1572 = VERTEX_POINT('',#1573);
#1573 = CARTESIAN_POINT('',(-129.,146.9999984641,70.));
#1574 = CIRCLE('',#1575,5.);
#1575 = AXIS2_PLACEMENT_3D('',#1576,#1577,#1578);
#1576 = CARTESIAN_POINT('',(-129.,141.9999984641,70.));
#1577 = DIRECTION('',(0.,0.,1.));
#1578 = DIRECTION('',(1.,0.,0.));
#1579 = ORIENTED_EDGE('',*,*,#1580,.F.);
#1580 = EDGE_CURVE('',#1581,#1572,#1583,.T.);
#1581 = VERTEX_POINT('',#1582);
#1582 = CARTESIAN_POINT('',(-109.,146.9999984641,70.));
#1583 = LINE('',#1584,#1585);
#1584 = CARTESIAN_POINT('',(-109.,146.9999984641,70.));
#1585 = VECTOR('',#1586,1.);
#1586 = DIRECTION('',(-1.,0.,0.));
#1587 = ORIENTED_EDGE('',*,*,#1588,.F.);
#1588 = EDGE_CURVE('',#1530,#1581,#1589,.T.);
#1589 = CIRCLE('',#1590,5.);
#1590 = AXIS2_PLACEMENT_3D('',#1591,#1592,#1593);
#1591 = CARTESIAN_POINT('',(-109.,141.9999984641,70.));
#1592 = DIRECTION('',(0.,0.,1.));
#1593 = DIRECTION('',(1.,0.,0.));
#1594 = FACE_BOUND('',#1595,.T.);
#1595 = EDGE_LOOP('',(#1596,#1606,#1615,#1623,#1632,#1640,#1649,#1657));
#1596 = ORIENTED_EDGE('',*,*,#1597,.F.);
#1597 = EDGE_CURVE('',#1598,#1600,#1602,.T.);
#1598 = VERTEX_POINT('',#1599);
#1599 = CARTESIAN_POINT('',(-38.,51.999995402092,70.));
#1600 = VERTEX_POINT('',#1601);
#1601 = CARTESIAN_POINT('',(-38.,141.99999540209,70.));
#1602 = LINE('',#1603,#1604);
#1603 = CARTESIAN_POINT('',(-38.,51.999995402092,70.));
#1604 = VECTOR('',#1605,1.);
#1605 = DIRECTION('',(0.,1.,0.));
#1606 = ORIENTED_EDGE('',*,*,#1607,.F.);
#1607 = EDGE_CURVE('',#1608,#1598,#1610,.T.);
#1608 = VERTEX_POINT('',#1609);
#1609 = CARTESIAN_POINT('',(-43.,46.999995402092,70.));
#1610 = CIRCLE('',#1611,5.);
#1611 = AXIS2_PLACEMENT_3D('',#1612,#1613,#1614);
#1612 = CARTESIAN_POINT('',(-43.,51.999995402092,70.));
#1613 = DIRECTION('',(0.,0.,1.));
#1614 = DIRECTION('',(1.,0.,0.));
#1615 = ORIENTED_EDGE('',*,*,#1616,.F.);
#1616 = EDGE_CURVE('',#1617,#1608,#1619,.T.);
#1617 = VERTEX_POINT('',#1618);
#1618 = CARTESIAN_POINT('',(-63.,46.999995402092,70.));
#1619 = LINE('',#1620,#1621);
#1620 = CARTESIAN_POINT('',(-63.,46.999995402092,70.));
#1621 = VECTOR('',#1622,1.);
#1622 = DIRECTION('',(1.,0.,0.));
#1623 = ORIENTED_EDGE('',*,*,#1624,.F.);
#1624 = EDGE_CURVE('',#1625,#1617,#1627,.T.);
#1625 = VERTEX_POINT('',#1626);
#1626 = CARTESIAN_POINT('',(-68.,51.999995402092,70.));
#1627 = CIRCLE('',#1628,5.);
#1628 = AXIS2_PLACEMENT_3D('',#1629,#1630,#1631);
#1629 = CARTESIAN_POINT('',(-63.,51.999995402092,70.));
#1630 = DIRECTION('',(0.,0.,1.));
#1631 = DIRECTION('',(1.,0.,0.));
#1632 = ORIENTED_EDGE('',*,*,#1633,.F.);
#1633 = EDGE_CURVE('',#1634,#1625,#1636,.T.);
#1634 = VERTEX_POINT('',#1635);
#1635 = CARTESIAN_POINT('',(-68.,141.99999540209,70.));
#1636 = LINE('',#1637,#1638);
#1637 = CARTESIAN_POINT('',(-68.,141.99999540209,70.));
#1638 = VECTOR('',#1639,1.);
#1639 = DIRECTION('',(0.,-1.,0.));
#1640 = ORIENTED_EDGE('',*,*,#1641,.F.);
#1641 = EDGE_CURVE('',#1642,#1634,#1644,.T.);
#1642 = VERTEX_POINT('',#1643);
#1643 = CARTESIAN_POINT('',(-63.,146.99999540209,70.));
#1644 = CIRCLE('',#1645,5.);
#1645 = AXIS2_PLACEMENT_3D('',#1646,#1647,#1648);
#1646 = CARTESIAN_POINT('',(-63.,141.99999540209,70.));
#1647 = DIRECTION('',(0.,0.,1.));
#1648 = DIRECTION('',(1.,0.,0.));
#1649 = ORIENTED_EDGE('',*,*,#1650,.F.);
#1650 = EDGE_CURVE('',#1651,#1642,#1653,.T.);
#1651 = VERTEX_POINT('',#1652);
#1652 = CARTESIAN_POINT('',(-43.,146.99999540209,70.));
#1653 = LINE('',#1654,#1655);
#1654 = CARTESIAN_POINT('',(-43.,146.99999540209,70.));
#1655 = VECTOR('',#1656,1.);
#1656 = DIRECTION('',(-1.,0.,0.));
#1657 = ORIENTED_EDGE('',*,*,#1658,.F.);
#1658 = EDGE_CURVE('',#1600,#1651,#1659,.T.);
#1659 = CIRCLE('',#1660,5.);
#1660 = AXIS2_PLACEMENT_3D('',#1661,#1662,#1663);
#1661 = CARTESIAN_POINT('',(-43.,141.99999540209,70.));
#1662 = DIRECTION('',(0.,0.,1.));
#1663 = DIRECTION('',(1.,0.,0.));
#1664 = FACE_BOUND('',#1665,.T.);
#1665 = EDGE_LOOP('',(#1666,#1676,#1685,#1693,#1702,#1710,#1719,#1727));
#1666 = ORIENTED_EDGE('',*,*,#1667,.F.);
#1667 = EDGE_CURVE('',#1668,#1670,#1672,.T.);
#1668 = VERTEX_POINT('',#1669);
#1669 = CARTESIAN_POINT('',(-71.,52.000378191104,70.));
#1670 = VERTEX_POINT('',#1671);
#1671 = CARTESIAN_POINT('',(-71.,142.0003781911,70.));
#1672 = LINE('',#1673,#1674);
#1673 = CARTESIAN_POINT('',(-71.,52.000378191104,70.));
#1674 = VECTOR('',#1675,1.);
#1675 = DIRECTION('',(0.,1.,0.));
#1676 = ORIENTED_EDGE('',*,*,#1677,.F.);
#1677 = EDGE_CURVE('',#1678,#1668,#1680,.T.);
#1678 = VERTEX_POINT('',#1679);
#1679 = CARTESIAN_POINT('',(-76.,47.000378191104,70.));
#1680 = CIRCLE('',#1681,5.);
#1681 = AXIS2_PLACEMENT_3D('',#1682,#1683,#1684);
#1682 = CARTESIAN_POINT('',(-76.,52.000378191104,70.));
#1683 = DIRECTION('',(0.,0.,1.));
#1684 = DIRECTION('',(1.,0.,0.));
#1685 = ORIENTED_EDGE('',*,*,#1686,.F.);
#1686 = EDGE_CURVE('',#1687,#1678,#1689,.T.);
#1687 = VERTEX_POINT('',#1688);
#1688 = CARTESIAN_POINT('',(-96.,47.000378191104,70.));
#1689 = LINE('',#1690,#1691);
#1690 = CARTESIAN_POINT('',(-96.,47.000378191104,70.));
#1691 = VECTOR('',#1692,1.);
#1692 = DIRECTION('',(1.,0.,0.));
#1693 = ORIENTED_EDGE('',*,*,#1694,.F.);
#1694 = EDGE_CURVE('',#1695,#1687,#1697,.T.);
#1695 = VERTEX_POINT('',#1696);
#1696 = CARTESIAN_POINT('',(-101.,52.000378191104,70.));
#1697 = CIRCLE('',#1698,5.);
#1698 = AXIS2_PLACEMENT_3D('',#1699,#1700,#1701);
#1699 = CARTESIAN_POINT('',(-96.,52.000378191104,70.));
#1700 = DIRECTION('',(0.,0.,1.));
#1701 = DIRECTION('',(1.,0.,0.));
#1702 = ORIENTED_EDGE('',*,*,#1703,.F.);
#1703 = EDGE_CURVE('',#1704,#1695,#1706,.T.);
#1704 = VERTEX_POINT('',#1705);
#1705 = CARTESIAN_POINT('',(-101.,142.0003781911,70.));
#1706 = LINE('',#1707,#1708);
#1707 = CARTESIAN_POINT('',(-101.,142.0003781911,70.));
#1708 = VECTOR('',#1709,1.);
#1709 = DIRECTION('',(0.,-1.,0.));
#1710 = ORIENTED_EDGE('',*,*,#1711,.F.);
#1711 = EDGE_CURVE('',#1712,#1704,#1714,.T.);
#1712 = VERTEX_POINT('',#1713);
#1713 = CARTESIAN_POINT('',(-96.,147.0003781911,70.));
#1714 = CIRCLE('',#1715,5.);
#1715 = AXIS2_PLACEMENT_3D('',#1716,#1717,#1718);
#1716 = CARTESIAN_POINT('',(-96.,142.0003781911,70.));
#1717 = DIRECTION('',(0.,0.,1.));
#1718 = DIRECTION('',(1.,0.,0.));
#1719 = ORIENTED_EDGE('',*,*,#1720,.F.);
#1720 = EDGE_CURVE('',#1721,#1712,#1723,.T.);
#1721 = VERTEX_POINT('',#1722);
#1722 = CARTESIAN_POINT('',(-76.,147.0003781911,70.));
#1723 = LINE('',#1724,#1725);
#1724 = CARTESIAN_POINT('',(-76.,147.0003781911,70.));
#1725 = VECTOR('',#1726,1.);
#1726 = DIRECTION('',(-1.,0.,0.));
#1727 = ORIENTED_EDGE('',*,*,#1728,.F.);
#1728 = EDGE_CURVE('',#1670,#1721,#1729,.T.);
#1729 = CIRCLE('',#1730,5.);
#1730 = AXIS2_PLACEMENT_3D('',#1731,#1732,#1733);
#1731 = CARTESIAN_POINT('',(-76.,142.0003781911,70.));
#1732 = DIRECTION('',(0.,0.,1.));
#1733 = DIRECTION('',(1.,0.,0.));
#1734 = PLANE('',#1735);
#1735 = AXIS2_PLACEMENT_3D('',#1736,#1737,#1738);
#1736 = CARTESIAN_POINT('',(-80.43077588085,74.664497447904,70.));
#1737 = DIRECTION('',(0.,0.,1.));
#1738 = DIRECTION('',(1.,0.,0.));
#1739 = ADVANCED_FACE('',(#1740),#1746,.T.);
#1740 = FACE_BOUND('',#1741,.T.);
#1741 = EDGE_LOOP('',(#1742,#1743,#1744,#1745));
#1742 = ORIENTED_EDGE('',*,*,#451,.T.);
#1743 = ORIENTED_EDGE('',*,*,#598,.T.);
#1744 = ORIENTED_EDGE('',*,*,#648,.T.);
#1745 = ORIENTED_EDGE('',*,*,#697,.F.);
#1746 = PLANE('',#1747);
#1747 = AXIS2_PLACEMENT_3D('',#1748,#1749,#1750);
#1748 = CARTESIAN_POINT('',(-85.,75.,0.));
#1749 = DIRECTION('',(0.,0.,1.));
#1750 = DIRECTION('',(1.,0.,0.));
#1751 = ADVANCED_FACE('',(#1752),#1758,.T.);
#1752 = FACE_BOUND('',#1753,.T.);
#1753 = EDGE_LOOP('',(#1754,#1755,#1756,#1757));
#1754 = ORIENTED_EDGE('',*,*,#1217,.T.);
#1755 = ORIENTED_EDGE('',*,*,#1258,.T.);
#1756 = ORIENTED_EDGE('',*,*,#520,.T.);
#1757 = ORIENTED_EDGE('',*,*,#1169,.T.);
#1758 = PLANE('',#1759);
#1759 = AXIS2_PLACEMENT_3D('',#1760,#1761,#1762);
#1760 = CARTESIAN_POINT('',(-85.,75.,0.));
#1761 = DIRECTION('',(0.,0.,1.));
#1762 = DIRECTION('',(1.,0.,0.));
#1763 = ADVANCED_FACE('',(#1764),#1770,.T.);
#1764 = FACE_BOUND('',#1765,.T.);
#1765 = EDGE_LOOP('',(#1766,#1767,#1768,#1769));
#1766 = ORIENTED_EDGE('',*,*,#864,.F.);
#1767 = ORIENTED_EDGE('',*,*,#474,.T.);
#1768 = ORIENTED_EDGE('',*,*,#765,.T.);
#1769 = ORIENTED_EDGE('',*,*,#815,.T.);
#1770 = PLANE('',#1771);
#1771 = AXIS2_PLACEMENT_3D('',#1772,#1773,#1774);
#1772 = CARTESIAN_POINT('',(-85.,75.,0.));
#1773 = DIRECTION('',(0.,0.,1.));
#1774 = DIRECTION('',(1.,0.,0.));
#1775 = ADVANCED_FACE('',(#1776),#1782,.T.);
#1776 = FACE_BOUND('',#1777,.T.);
#1777 = EDGE_LOOP('',(#1778,#1779,#1780,#1781));
#1778 = ORIENTED_EDGE('',*,*,#1128,.F.);
#1779 = ORIENTED_EDGE('',*,*,#497,.T.);
#1780 = ORIENTED_EDGE('',*,*,#1039,.T.);
#1781 = ORIENTED_EDGE('',*,*,#1087,.T.);
#1782 = PLANE('',#1783);
#1783 = AXIS2_PLACEMENT_3D('',#1784,#1785,#1786);
#1784 = CARTESIAN_POINT('',(-85.,75.,0.));
#1785 = DIRECTION('',(0.,0.,1.));
#1786 = DIRECTION('',(1.,0.,0.));
#1787 = ADVANCED_FACE('',(#1788),#1822,.T.);
#1788 = FACE_BOUND('',#1789,.T.);
#1789 = EDGE_LOOP('',(#1790,#1800,#1808,#1814,#1815,#1816));
#1790 = ORIENTED_EDGE('',*,*,#1791,.F.);
#1791 = EDGE_CURVE('',#1792,#1794,#1796,.T.);
#1792 = VERTEX_POINT('',#1793);
#1793 = CARTESIAN_POINT('',(-170.,145.,-1.));
#1794 = VERTEX_POINT('',#1795);
#1795 = CARTESIAN_POINT('',(-170.,145.,68.));
#1796 = LINE('',#1797,#1798);
#1797 = CARTESIAN_POINT('',(-170.,145.,0.));
#1798 = VECTOR('',#1799,1.);
#1799 = DIRECTION('',(0.,0.,1.));
#1800 = ORIENTED_EDGE('',*,*,#1801,.T.);
#1801 = EDGE_CURVE('',#1792,#1802,#1804,.T.);
#1802 = VERTEX_POINT('',#1803);
#1803 = CARTESIAN_POINT('',(-170.,5.,-1.));
#1804 = LINE('',#1805,#1806);
#1805 = CARTESIAN_POINT('',(-170.,145.,-1.));
#1806 = VECTOR('',#1807,1.);
#1807 = DIRECTION('',(0.,-1.,0.));
#1808 = ORIENTED_EDGE('',*,*,#1809,.F.);
#1809 = EDGE_CURVE('',#575,#1802,#1810,.T.);
#1810 = LINE('',#1811,#1812);
#1811 = CARTESIAN_POINT('',(-170.,5.,0.));
#1812 = VECTOR('',#1813,1.);
#1813 = DIRECTION('',(-0.,-0.,-1.));
#1814 = ORIENTED_EDGE('',*,*,#574,.F.);
#1815 = ORIENTED_EDGE('',*,*,#1416,.F.);
#1816 = ORIENTED_EDGE('',*,*,#1817,.F.);
#1817 = EDGE_CURVE('',#1794,#1406,#1818,.T.);
#1818 = LINE('',#1819,#1820);
#1819 = CARTESIAN_POINT('',(-170.,145.,68.));
#1820 = VECTOR('',#1821,1.);
#1821 = DIRECTION('',(0.,-1.,0.));
#1822 = PLANE('',#1823);
#1823 = AXIS2_PLACEMENT_3D('',#1824,#1825,#1826);
#1824 = CARTESIAN_POINT('',(-170.,75.,33.5));
#1825 = DIRECTION('',(-1.,-0.,-0.));
#1826 = DIRECTION('',(0.,0.,-1.));
#1827 = ADVANCED_FACE('',(#1828),#1847,.T.);
#1828 = FACE_BOUND('',#1829,.F.);
#1829 = EDGE_LOOP('',(#1830,#1831,#1832,#1840));
#1830 = ORIENTED_EDGE('',*,*,#1809,.F.);
#1831 = ORIENTED_EDGE('',*,*,#633,.T.);
#1832 = ORIENTED_EDGE('',*,*,#1833,.F.);
#1833 = EDGE_CURVE('',#1834,#625,#1836,.T.);
#1834 = VERTEX_POINT('',#1835);
#1835 = CARTESIAN_POINT('',(-165.,0.,-1.));
#1836 = LINE('',#1837,#1838);
#1837 = CARTESIAN_POINT('',(-165.,0.,0.));
#1838 = VECTOR('',#1839,1.);
#1839 = DIRECTION('',(0.,0.,1.));
#1840 = ORIENTED_EDGE('',*,*,#1841,.F.);
#1841 = EDGE_CURVE('',#1802,#1834,#1842,.T.);
#1842 = CIRCLE('',#1843,5.);
#1843 = AXIS2_PLACEMENT_3D('',#1844,#1845,#1846);
#1844 = CARTESIAN_POINT('',(-165.,5.,-1.));
#1845 = DIRECTION('',(0.,0.,1.));
#1846 = DIRECTION('',(-1.,1.7763568394E-16,0.));
#1847 = CYLINDRICAL_SURFACE('',#1848,5.);
#1848 = AXIS2_PLACEMENT_3D('',#1849,#1850,#1851);
#1849 = CARTESIAN_POINT('',(-165.,5.,0.));
#1850 = DIRECTION('',(-0.,-0.,-1.));
#1851 = DIRECTION('',(1.,0.,0.));
#1852 = ADVANCED_FACE('',(#1853),#1871,.T.);
#1853 = FACE_BOUND('',#1854,.T.);
#1854 = EDGE_LOOP('',(#1855,#1856,#1864,#1870));
#1855 = ORIENTED_EDGE('',*,*,#1833,.F.);
#1856 = ORIENTED_EDGE('',*,*,#1857,.T.);
#1857 = EDGE_CURVE('',#1834,#1858,#1860,.T.);
#1858 = VERTEX_POINT('',#1859);
#1859 = CARTESIAN_POINT('',(-5.,-4.440892098501E-16,-1.));
#1860 = LINE('',#1861,#1862);
#1861 = CARTESIAN_POINT('',(-165.,-4.440892098501E-16,-1.));
#1862 = VECTOR('',#1863,1.);
#1863 = DIRECTION('',(1.,0.,0.));
#1864 = ORIENTED_EDGE('',*,*,#1865,.F.);
#1865 = EDGE_CURVE('',#674,#1858,#1866,.T.);
#1866 = LINE('',#1867,#1868);
#1867 = CARTESIAN_POINT('',(-5.,0.,0.));
#1868 = VECTOR('',#1869,1.);
#1869 = DIRECTION('',(-0.,-0.,-1.));
#1870 = ORIENTED_EDGE('',*,*,#673,.F.);
#1871 = PLANE('',#1872);
#1872 = AXIS2_PLACEMENT_3D('',#1873,#1874,#1875);
#1873 = CARTESIAN_POINT('',(-85.,0.,33.5));
#1874 = DIRECTION('',(-0.,-1.,-0.));
#1875 = DIRECTION('',(0.,0.,-1.));
#1876 = ADVANCED_FACE('',(#1877),#1896,.T.);
#1877 = FACE_BOUND('',#1878,.F.);
#1878 = EDGE_LOOP('',(#1879,#1880,#1881,#1889));
#1879 = ORIENTED_EDGE('',*,*,#1865,.F.);
#1880 = ORIENTED_EDGE('',*,*,#725,.T.);
#1881 = ORIENTED_EDGE('',*,*,#1882,.F.);
#1882 = EDGE_CURVE('',#1883,#717,#1885,.T.);
#1883 = VERTEX_POINT('',#1884);
#1884 = CARTESIAN_POINT('',(0.,5.,-1.));
#1885 = LINE('',#1886,#1887);
#1886 = CARTESIAN_POINT('',(0.,5.,0.));
#1887 = VECTOR('',#1888,1.);
#1888 = DIRECTION('',(0.,0.,1.));
#1889 = ORIENTED_EDGE('',*,*,#1890,.F.);
#1890 = EDGE_CURVE('',#1858,#1883,#1891,.T.);
#1891 = CIRCLE('',#1892,5.);
#1892 = AXIS2_PLACEMENT_3D('',#1893,#1894,#1895);
#1893 = CARTESIAN_POINT('',(-5.,5.,-1.));
#1894 = DIRECTION('',(0.,0.,1.));
#1895 = DIRECTION('',(-1.7763568394E-16,-1.,0.));
#1896 = CYLINDRICAL_SURFACE('',#1897,5.);
#1897 = AXIS2_PLACEMENT_3D('',#1898,#1899,#1900);
#1898 = CARTESIAN_POINT('',(-5.,5.,0.));
#1899 = DIRECTION('',(-0.,-0.,-1.));
#1900 = DIRECTION('',(1.,0.,0.));
#1901 = ADVANCED_FACE('',(#1902),#1920,.T.);
#1902 = FACE_BOUND('',#1903,.T.);
#1903 = EDGE_LOOP('',(#1904,#1905,#1913,#1919));
#1904 = ORIENTED_EDGE('',*,*,#1882,.F.);
#1905 = ORIENTED_EDGE('',*,*,#1906,.T.);
#1906 = EDGE_CURVE('',#1883,#1907,#1909,.T.);
#1907 = VERTEX_POINT('',#1908);
#1908 = CARTESIAN_POINT('',(4.440892098501E-16,145.,-1.));
#1909 = LINE('',#1910,#1911);
#1910 = CARTESIAN_POINT('',(4.440892098501E-16,5.,-1.));
#1911 = VECTOR('',#1912,1.);
#1912 = DIRECTION('',(0.,1.,0.));
#1913 = ORIENTED_EDGE('',*,*,#1914,.F.);
#1914 = EDGE_CURVE('',#742,#1907,#1915,.T.);
#1915 = LINE('',#1916,#1917);
#1916 = CARTESIAN_POINT('',(0.,145.,0.));
#1917 = VECTOR('',#1918,1.);
#1918 = DIRECTION('',(-0.,-0.,-1.));
#1919 = ORIENTED_EDGE('',*,*,#741,.F.);
#1920 = PLANE('',#1921);
#1921 = AXIS2_PLACEMENT_3D('',#1922,#1923,#1924);
#1922 = CARTESIAN_POINT('',(0.,75.,33.5));
#1923 = DIRECTION('',(1.,0.,0.));
#1924 = DIRECTION('',(0.,0.,1.));
#1925 = ADVANCED_FACE('',(#1926),#1945,.T.);
#1926 = FACE_BOUND('',#1927,.F.);
#1927 = EDGE_LOOP('',(#1928,#1929,#1930,#1938));
#1928 = ORIENTED_EDGE('',*,*,#1914,.F.);
#1929 = ORIENTED_EDGE('',*,*,#800,.T.);
#1930 = ORIENTED_EDGE('',*,*,#1931,.F.);
#1931 = EDGE_CURVE('',#1932,#792,#1934,.T.);
#1932 = VERTEX_POINT('',#1933);
#1933 = CARTESIAN_POINT('',(-5.,150.,-1.));
#1934 = LINE('',#1935,#1936);
#1935 = CARTESIAN_POINT('',(-5.,150.,0.));
#1936 = VECTOR('',#1937,1.);
#1937 = DIRECTION('',(0.,0.,1.));
#1938 = ORIENTED_EDGE('',*,*,#1939,.F.);
#1939 = EDGE_CURVE('',#1907,#1932,#1940,.T.);
#1940 = CIRCLE('',#1941,5.);
#1941 = AXIS2_PLACEMENT_3D('',#1942,#1943,#1944);
#1942 = CARTESIAN_POINT('',(-5.,145.,-1.));
#1943 = DIRECTION('',(0.,0.,1.));
#1944 = DIRECTION('',(1.,0.,0.));
#1945 = CYLINDRICAL_SURFACE('',#1946,5.);
#1946 = AXIS2_PLACEMENT_3D('',#1947,#1948,#1949);
#1947 = CARTESIAN_POINT('',(-5.,145.,0.));
#1948 = DIRECTION('',(-0.,-0.,-1.));
#1949 = DIRECTION('',(1.,0.,0.));
#1950 = ADVANCED_FACE('',(#1951),#1979,.T.);
#1951 = FACE_BOUND('',#1952,.T.);
#1952 = EDGE_LOOP('',(#1953,#1954,#1962,#1970,#1976,#1977,#1978));
#1953 = ORIENTED_EDGE('',*,*,#1931,.F.);
#1954 = ORIENTED_EDGE('',*,*,#1955,.T.);
#1955 = EDGE_CURVE('',#1932,#1956,#1958,.T.);
#1956 = VERTEX_POINT('',#1957);
#1957 = CARTESIAN_POINT('',(-165.,150.,-1.));
#1958 = LINE('',#1959,#1960);
#1959 = CARTESIAN_POINT('',(-5.,150.,-1.));
#1960 = VECTOR('',#1961,1.);
#1961 = DIRECTION('',(-1.,0.,0.));
#1962 = ORIENTED_EDGE('',*,*,#1963,.F.);
#1963 = EDGE_CURVE('',#1964,#1956,#1966,.T.);
#1964 = VERTEX_POINT('',#1965);
#1965 = CARTESIAN_POINT('',(-165.,150.,68.));
#1966 = LINE('',#1967,#1968);
#1967 = CARTESIAN_POINT('',(-165.,150.,0.));
#1968 = VECTOR('',#1969,1.);
#1969 = DIRECTION('',(-0.,-0.,-1.));
#1970 = ORIENTED_EDGE('',*,*,#1971,.F.);
#1971 = EDGE_CURVE('',#884,#1964,#1972,.T.);
#1972 = LINE('',#1973,#1974);
#1973 = CARTESIAN_POINT('',(-35.,150.,68.));
#1974 = VECTOR('',#1975,1.);
#1975 = DIRECTION('',(-1.,0.,0.));
#1976 = ORIENTED_EDGE('',*,*,#881,.F.);
#1977 = ORIENTED_EDGE('',*,*,#1001,.T.);
#1978 = ORIENTED_EDGE('',*,*,#840,.F.);
#1979 = PLANE('',#1980);
#1980 = AXIS2_PLACEMENT_3D('',#1981,#1982,#1983);
#1981 = CARTESIAN_POINT('',(-85.,150.,33.5));
#1982 = DIRECTION('',(0.,1.,0.));
#1983 = DIRECTION('',(0.,0.,1.));
#1984 = ADVANCED_FACE('',(#1985),#1997,.T.);
#1985 = FACE_BOUND('',#1986,.F.);
#1986 = EDGE_LOOP('',(#1987,#1988,#1989,#1996));
#1987 = ORIENTED_EDGE('',*,*,#891,.T.);
#1988 = ORIENTED_EDGE('',*,*,#1431,.T.);
#1989 = ORIENTED_EDGE('',*,*,#1990,.F.);
#1990 = EDGE_CURVE('',#1964,#1432,#1991,.T.);
#1991 = CIRCLE('',#1992,2.);
#1992 = AXIS2_PLACEMENT_3D('',#1993,#1994,#1995);
#1993 = CARTESIAN_POINT('',(-165.,148.,68.));
#1994 = DIRECTION('',(1.,0.,0.));
#1995 = DIRECTION('',(0.,1.,0.));
#1996 = ORIENTED_EDGE('',*,*,#1971,.F.);
#1997 = CYLINDRICAL_SURFACE('',#1998,2.);
#1998 = AXIS2_PLACEMENT_3D('',#1999,#2000,#2001);
#1999 = CARTESIAN_POINT('',(-35.,148.,68.));
#2000 = DIRECTION('',(-1.,0.,0.));
#2001 = DIRECTION('',(0.,1.,0.));
#2002 = ADVANCED_FACE('',(#2003),#2009,.T.);
#2003 = FACE_BOUND('',#2004,.T.);
#2004 = EDGE_LOOP('',(#2005,#2006,#2007,#2008));
#2005 = ORIENTED_EDGE('',*,*,#1015,.T.);
#2006 = ORIENTED_EDGE('',*,*,#985,.T.);
#2007 = ORIENTED_EDGE('',*,*,#1111,.F.);
#2008 = ORIENTED_EDGE('',*,*,#1063,.T.);
#2009 = PLANE('',#2010);
#2010 = AXIS2_PLACEMENT_3D('',#2011,#2012,#2013);
#2011 = CARTESIAN_POINT('',(-85.,75.,0.));
#2012 = DIRECTION('',(0.,0.,1.));
#2013 = DIRECTION('',(1.,0.,0.));
#2014 = ADVANCED_FACE('',(#2015),#2021,.T.);
#2015 = FACE_BOUND('',#2016,.T.);
#2016 = EDGE_LOOP('',(#2017,#2018,#2019,#2020));
#2017 = ORIENTED_EDGE('',*,*,#1388,.F.);
#2018 = ORIENTED_EDGE('',*,*,#916,.T.);
#2019 = ORIENTED_EDGE('',*,*,#1323,.T.);
#2020 = ORIENTED_EDGE('',*,*,#1364,.T.);
#2021 = PLANE('',#2022);
#2022 = AXIS2_PLACEMENT_3D('',#2023,#2024,#2025);
#2023 = CARTESIAN_POINT('',(-85.,75.,0.));
#2024 = DIRECTION('',(0.,0.,1.));
#2025 = DIRECTION('',(1.,0.,0.));
#2026 = ADVANCED_FACE('',(#2027),#2033,.T.);
#2027 = FACE_BOUND('',#2028,.T.);
#2028 = EDGE_LOOP('',(#2029,#2030,#2031,#2032));
#2029 = ORIENTED_EDGE('',*,*,#1145,.F.);
#2030 = ORIENTED_EDGE('',*,*,#962,.T.);
#2031 = ORIENTED_EDGE('',*,*,#1241,.F.);
#2032 = ORIENTED_EDGE('',*,*,#1193,.T.);
#2033 = PLANE('',#2034);
#2034 = AXIS2_PLACEMENT_3D('',#2035,#2036,#2037);
#2035 = CARTESIAN_POINT('',(-85.,75.,0.));
#2036 = DIRECTION('',(0.,0.,1.));
#2037 = DIRECTION('',(1.,0.,0.));
#2038 = ADVANCED_FACE('',(#2039),#2045,.T.);
#2039 = FACE_BOUND('',#2040,.T.);
#2040 = EDGE_LOOP('',(#2041,#2042,#2043,#2044));
#2041 = ORIENTED_EDGE('',*,*,#1347,.F.);
#2042 = ORIENTED_EDGE('',*,*,#1299,.T.);
#2043 = ORIENTED_EDGE('',*,*,#1275,.F.);
#2044 = ORIENTED_EDGE('',*,*,#939,.T.);
#2045 = PLANE('',#2046);
#2046 = AXIS2_PLACEMENT_3D('',#2047,#2048,#2049);
#2047 = CARTESIAN_POINT('',(-85.,75.,0.));
#2048 = DIRECTION('',(0.,0.,1.));
#2049 = DIRECTION('',(1.,0.,0.));
#2050 = ADVANCED_FACE('',(#2051),#2063,.T.);
#2051 = FACE_BOUND('',#2052,.F.);
#2052 = EDGE_LOOP('',(#2053,#2060,#2061,#2062));
#2053 = ORIENTED_EDGE('',*,*,#2054,.T.);
#2054 = EDGE_CURVE('',#1794,#1440,#2055,.T.);
#2055 = CIRCLE('',#2056,2.);
#2056 = AXIS2_PLACEMENT_3D('',#2057,#2058,#2059);
#2057 = CARTESIAN_POINT('',(-168.,145.,68.));
#2058 = DIRECTION('',(6.123233995737E-17,1.,-0.));
#2059 = DIRECTION('',(-1.,6.123233995737E-17,0.));
#2060 = ORIENTED_EDGE('',*,*,#1448,.T.);
#2061 = ORIENTED_EDGE('',*,*,#1405,.F.);
#2062 = ORIENTED_EDGE('',*,*,#1817,.F.);
#2063 = CYLINDRICAL_SURFACE('',#2064,2.);
#2064 = AXIS2_PLACEMENT_3D('',#2065,#2066,#2067);
#2065 = CARTESIAN_POINT('',(-168.,145.,68.));
#2066 = DIRECTION('',(0.,-1.,0.));
#2067 = DIRECTION('',(-1.,0.,0.));
#2068 = ADVANCED_FACE('',(#2069),#2081,.T.);
#2069 = FACE_BOUND('',#2070,.T.);
#2070 = EDGE_LOOP('',(#2071,#2072,#2079,#2080));
#2071 = ORIENTED_EDGE('',*,*,#1990,.F.);
#2072 = ORIENTED_EDGE('',*,*,#2073,.T.);
#2073 = EDGE_CURVE('',#1964,#1794,#2074,.T.);
#2074 = CIRCLE('',#2075,5.);
#2075 = AXIS2_PLACEMENT_3D('',#2076,#2077,#2078);
#2076 = CARTESIAN_POINT('',(-165.,145.,68.));
#2077 = DIRECTION('',(0.,-0.,1.));
#2078 = DIRECTION('',(0.,1.,0.));
#2079 = ORIENTED_EDGE('',*,*,#2054,.T.);
#2080 = ORIENTED_EDGE('',*,*,#1439,.F.);
#2081 = TOROIDAL_SURFACE('',#2082,3.,2.);
#2082 = AXIS2_PLACEMENT_3D('',#2083,#2084,#2085);
#2083 = CARTESIAN_POINT('',(-165.,145.,68.));
#2084 = DIRECTION('',(0.,0.,1.));
#2085 = DIRECTION('',(0.,1.,0.));
#2086 = ADVANCED_FACE('',(#2087),#2112,.T.);
#2087 = FACE_BOUND('',#2088,.T.);
#2088 = EDGE_LOOP('',(#2089,#2097,#2098,#2106));
#2089 = ORIENTED_EDGE('',*,*,#2090,.T.);
#2090 = EDGE_CURVE('',#2091,#1458,#2093,.T.);
#2091 = VERTEX_POINT('',#2092);
#2092 = CARTESIAN_POINT('',(-137.,52.,0.));
#2093 = LINE('',#2094,#2095);
#2094 = CARTESIAN_POINT('',(-137.,52.,0.));
#2095 = VECTOR('',#2096,1.);
#2096 = DIRECTION('',(0.,0.,1.));
#2097 = ORIENTED_EDGE('',*,*,#1457,.T.);
#2098 = ORIENTED_EDGE('',*,*,#2099,.F.);
#2099 = EDGE_CURVE('',#2100,#1460,#2102,.T.);
#2100 = VERTEX_POINT('',#2101);
#2101 = CARTESIAN_POINT('',(-137.,142.,0.));
#2102 = LINE('',#2103,#2104);
#2103 = CARTESIAN_POINT('',(-137.,142.,0.));
#2104 = VECTOR('',#2105,1.);
#2105 = DIRECTION('',(0.,0.,1.));
#2106 = ORIENTED_EDGE('',*,*,#2107,.F.);
#2107 = EDGE_CURVE('',#2091,#2100,#2108,.T.);
#2108 = LINE('',#2109,#2110);
#2109 = CARTESIAN_POINT('',(-137.,52.,0.));
#2110 = VECTOR('',#2111,1.);
#2111 = DIRECTION('',(0.,1.,0.));
#2112 = PLANE('',#2113);
#2113 = AXIS2_PLACEMENT_3D('',#2114,#2115,#2116);
#2114 = CARTESIAN_POINT('',(-137.,52.,0.));
#2115 = DIRECTION('',(-1.,0.,0.));
#2116 = DIRECTION('',(0.,1.,0.));
#2117 = ADVANCED_FACE('',(#2118),#2137,.F.);
#2118 = FACE_BOUND('',#2119,.T.);
#2119 = EDGE_LOOP('',(#2120,#2128,#2129,#2130));
#2120 = ORIENTED_EDGE('',*,*,#2121,.T.);
#2121 = EDGE_CURVE('',#2122,#1468,#2124,.T.);
#2122 = VERTEX_POINT('',#2123);
#2123 = CARTESIAN_POINT('',(-142.,47.,0.));
#2124 = LINE('',#2125,#2126);
#2125 = CARTESIAN_POINT('',(-142.,47.,0.));
#2126 = VECTOR('',#2127,1.);
#2127 = DIRECTION('',(0.,0.,1.));
#2128 = ORIENTED_EDGE('',*,*,#1467,.T.);
#2129 = ORIENTED_EDGE('',*,*,#2090,.F.);
#2130 = ORIENTED_EDGE('',*,*,#2131,.F.);
#2131 = EDGE_CURVE('',#2122,#2091,#2132,.T.);
#2132 = CIRCLE('',#2133,5.);
#2133 = AXIS2_PLACEMENT_3D('',#2134,#2135,#2136);
#2134 = CARTESIAN_POINT('',(-142.,52.,0.));
#2135 = DIRECTION('',(0.,0.,1.));
#2136 = DIRECTION('',(1.,0.,0.));
#2137 = CYLINDRICAL_SURFACE('',#2138,5.);
#2138 = AXIS2_PLACEMENT_3D('',#2139,#2140,#2141);
#2139 = CARTESIAN_POINT('',(-142.,52.,0.));
#2140 = DIRECTION('',(-0.,-0.,-1.));
#2141 = DIRECTION('',(1.,0.,0.));
#2142 = ADVANCED_FACE('',(#2143),#2162,.F.);
#2143 = FACE_BOUND('',#2144,.T.);
#2144 = EDGE_LOOP('',(#2145,#2146,#2147,#2155));
#2145 = ORIENTED_EDGE('',*,*,#2099,.T.);
#2146 = ORIENTED_EDGE('',*,*,#1518,.T.);
#2147 = ORIENTED_EDGE('',*,*,#2148,.F.);
#2148 = EDGE_CURVE('',#2149,#1511,#2151,.T.);
#2149 = VERTEX_POINT('',#2150);
#2150 = CARTESIAN_POINT('',(-142.,147.,0.));
#2151 = LINE('',#2152,#2153);
#2152 = CARTESIAN_POINT('',(-142.,147.,0.));
#2153 = VECTOR('',#2154,1.);
#2154 = DIRECTION('',(0.,0.,1.));
#2155 = ORIENTED_EDGE('',*,*,#2156,.F.);
#2156 = EDGE_CURVE('',#2100,#2149,#2157,.T.);
#2157 = CIRCLE('',#2158,5.);
#2158 = AXIS2_PLACEMENT_3D('',#2159,#2160,#2161);
#2159 = CARTESIAN_POINT('',(-142.,142.,0.));
#2160 = DIRECTION('',(0.,0.,1.));
#2161 = DIRECTION('',(1.,0.,0.));
#2162 = CYLINDRICAL_SURFACE('',#2163,5.);
#2163 = AXIS2_PLACEMENT_3D('',#2164,#2165,#2166);
#2164 = CARTESIAN_POINT('',(-142.,142.,0.));
#2165 = DIRECTION('',(-0.,-0.,-1.));
#2166 = DIRECTION('',(1.,0.,0.));
#2167 = ADVANCED_FACE('',(#2168),#2186,.T.);
#2168 = FACE_BOUND('',#2169,.T.);
#2169 = EDGE_LOOP('',(#2170,#2178,#2179,#2180));
#2170 = ORIENTED_EDGE('',*,*,#2171,.T.);
#2171 = EDGE_CURVE('',#2172,#1477,#2174,.T.);
#2172 = VERTEX_POINT('',#2173);
#2173 = CARTESIAN_POINT('',(-162.,47.,0.));
#2174 = LINE('',#2175,#2176);
#2175 = CARTESIAN_POINT('',(-162.,47.,0.));
#2176 = VECTOR('',#2177,1.);
#2177 = DIRECTION('',(0.,0.,1.));
#2178 = ORIENTED_EDGE('',*,*,#1476,.T.);
#2179 = ORIENTED_EDGE('',*,*,#2121,.F.);
#2180 = ORIENTED_EDGE('',*,*,#2181,.F.);
#2181 = EDGE_CURVE('',#2172,#2122,#2182,.T.);
#2182 = LINE('',#2183,#2184);
#2183 = CARTESIAN_POINT('',(-162.,47.,0.));
#2184 = VECTOR('',#2185,1.);
#2185 = DIRECTION('',(1.,0.,0.));
#2186 = PLANE('',#2187);
#2187 = AXIS2_PLACEMENT_3D('',#2188,#2189,#2190);
#2188 = CARTESIAN_POINT('',(-162.,47.,0.));
#2189 = DIRECTION('',(0.,1.,0.));
#2190 = DIRECTION('',(1.,0.,0.));
#2191 = ADVANCED_FACE('',(#2192),#2210,.T.);
#2192 = FACE_BOUND('',#2193,.T.);
#2193 = EDGE_LOOP('',(#2194,#2195,#2196,#2204));
#2194 = ORIENTED_EDGE('',*,*,#2148,.T.);
#2195 = ORIENTED_EDGE('',*,*,#1510,.T.);
#2196 = ORIENTED_EDGE('',*,*,#2197,.F.);
#2197 = EDGE_CURVE('',#2198,#1502,#2200,.T.);
#2198 = VERTEX_POINT('',#2199);
#2199 = CARTESIAN_POINT('',(-162.,147.,0.));
#2200 = LINE('',#2201,#2202);
#2201 = CARTESIAN_POINT('',(-162.,147.,0.));
#2202 = VECTOR('',#2203,1.);
#2203 = DIRECTION('',(0.,0.,1.));
#2204 = ORIENTED_EDGE('',*,*,#2205,.F.);
#2205 = EDGE_CURVE('',#2149,#2198,#2206,.T.);
#2206 = LINE('',#2207,#2208);
#2207 = CARTESIAN_POINT('',(-142.,147.,0.));
#2208 = VECTOR('',#2209,1.);
#2209 = DIRECTION('',(-1.,0.,0.));
#2210 = PLANE('',#2211);
#2211 = AXIS2_PLACEMENT_3D('',#2212,#2213,#2214);
#2212 = CARTESIAN_POINT('',(-142.,147.,0.));
#2213 = DIRECTION('',(0.,-1.,0.));
#2214 = DIRECTION('',(-1.,0.,0.));
#2215 = ADVANCED_FACE('',(#2216),#2235,.F.);
#2216 = FACE_BOUND('',#2217,.T.);
#2217 = EDGE_LOOP('',(#2218,#2226,#2227,#2228));
#2218 = ORIENTED_EDGE('',*,*,#2219,.T.);
#2219 = EDGE_CURVE('',#2220,#1485,#2222,.T.);
#2220 = VERTEX_POINT('',#2221);
#2221 = CARTESIAN_POINT('',(-167.,52.,0.));
#2222 = LINE('',#2223,#2224);
#2223 = CARTESIAN_POINT('',(-167.,52.,0.));
#2224 = VECTOR('',#2225,1.);
#2225 = DIRECTION('',(0.,0.,1.));
#2226 = ORIENTED_EDGE('',*,*,#1484,.T.);
#2227 = ORIENTED_EDGE('',*,*,#2171,.F.);
#2228 = ORIENTED_EDGE('',*,*,#2229,.F.);
#2229 = EDGE_CURVE('',#2220,#2172,#2230,.T.);
#2230 = CIRCLE('',#2231,5.);
#2231 = AXIS2_PLACEMENT_3D('',#2232,#2233,#2234);
#2232 = CARTESIAN_POINT('',(-162.,52.,0.));
#2233 = DIRECTION('',(0.,0.,1.));
#2234 = DIRECTION('',(1.,0.,0.));
#2235 = CYLINDRICAL_SURFACE('',#2236,5.);
#2236 = AXIS2_PLACEMENT_3D('',#2237,#2238,#2239);
#2237 = CARTESIAN_POINT('',(-162.,52.,0.));
#2238 = DIRECTION('',(-0.,-0.,-1.));
#2239 = DIRECTION('',(1.,0.,0.));
#2240 = ADVANCED_FACE('',(#2241),#2260,.F.);
#2241 = FACE_BOUND('',#2242,.T.);
#2242 = EDGE_LOOP('',(#2243,#2244,#2245,#2253));
#2243 = ORIENTED_EDGE('',*,*,#2197,.T.);
#2244 = ORIENTED_EDGE('',*,*,#1501,.T.);
#2245 = ORIENTED_EDGE('',*,*,#2246,.F.);
#2246 = EDGE_CURVE('',#2247,#1494,#2249,.T.);
#2247 = VERTEX_POINT('',#2248);
#2248 = CARTESIAN_POINT('',(-167.,142.,0.));
#2249 = LINE('',#2250,#2251);
#2250 = CARTESIAN_POINT('',(-167.,142.,0.));
#2251 = VECTOR('',#2252,1.);
#2252 = DIRECTION('',(0.,0.,1.));
#2253 = ORIENTED_EDGE('',*,*,#2254,.F.);
#2254 = EDGE_CURVE('',#2198,#2247,#2255,.T.);
#2255 = CIRCLE('',#2256,5.);
#2256 = AXIS2_PLACEMENT_3D('',#2257,#2258,#2259);
#2257 = CARTESIAN_POINT('',(-162.,142.,0.));
#2258 = DIRECTION('',(0.,0.,1.));
#2259 = DIRECTION('',(1.,0.,0.));
#2260 = CYLINDRICAL_SURFACE('',#2261,5.);
#2261 = AXIS2_PLACEMENT_3D('',#2262,#2263,#2264);
#2262 = CARTESIAN_POINT('',(-162.,142.,0.));
#2263 = DIRECTION('',(-0.,-0.,-1.));
#2264 = DIRECTION('',(1.,0.,0.));
#2265 = ADVANCED_FACE('',(#2266),#2277,.T.);
#2266 = FACE_BOUND('',#2267,.T.);
#2267 = EDGE_LOOP('',(#2268,#2269,#2270,#2271));
#2268 = ORIENTED_EDGE('',*,*,#2246,.T.);
#2269 = ORIENTED_EDGE('',*,*,#1493,.T.);
#2270 = ORIENTED_EDGE('',*,*,#2219,.F.);
#2271 = ORIENTED_EDGE('',*,*,#2272,.F.);
#2272 = EDGE_CURVE('',#2247,#2220,#2273,.T.);
#2273 = LINE('',#2274,#2275);
#2274 = CARTESIAN_POINT('',(-167.,142.,0.));
#2275 = VECTOR('',#2276,1.);
#2276 = DIRECTION('',(0.,-1.,0.));
#2277 = PLANE('',#2278);
#2278 = AXIS2_PLACEMENT_3D('',#2279,#2280,#2281);
#2279 = CARTESIAN_POINT('',(-167.,142.,0.));
#2280 = DIRECTION('',(1.,0.,0.));
#2281 = DIRECTION('',(0.,-1.,0.));
#2282 = ADVANCED_FACE('',(#2283),#2308,.T.);
#2283 = FACE_BOUND('',#2284,.T.);
#2284 = EDGE_LOOP('',(#2285,#2293,#2294,#2302));
#2285 = ORIENTED_EDGE('',*,*,#2286,.T.);
#2286 = EDGE_CURVE('',#2287,#1528,#2289,.T.);
#2287 = VERTEX_POINT('',#2288);
#2288 = CARTESIAN_POINT('',(-104.,51.999998464102,0.));
#2289 = LINE('',#2290,#2291);
#2290 = CARTESIAN_POINT('',(-104.,51.999998464102,0.));
#2291 = VECTOR('',#2292,1.);
#2292 = DIRECTION('',(0.,0.,1.));
#2293 = ORIENTED_EDGE('',*,*,#1527,.T.);
#2294 = ORIENTED_EDGE('',*,*,#2295,.F.);
#2295 = EDGE_CURVE('',#2296,#1530,#2298,.T.);
#2296 = VERTEX_POINT('',#2297);
#2297 = CARTESIAN_POINT('',(-104.,141.9999984641,0.));
#2298 = LINE('',#2299,#2300);
#2299 = CARTESIAN_POINT('',(-104.,141.9999984641,0.));
#2300 = VECTOR('',#2301,1.);
#2301 = DIRECTION('',(0.,0.,1.));
#2302 = ORIENTED_EDGE('',*,*,#2303,.F.);
#2303 = EDGE_CURVE('',#2287,#2296,#2304,.T.);
#2304 = LINE('',#2305,#2306);
#2305 = CARTESIAN_POINT('',(-104.,51.999998464102,0.));
#2306 = VECTOR('',#2307,1.);
#2307 = DIRECTION('',(0.,1.,0.));
#2308 = PLANE('',#2309);
#2309 = AXIS2_PLACEMENT_3D('',#2310,#2311,#2312);
#2310 = CARTESIAN_POINT('',(-104.,51.999998464102,0.));
#2311 = DIRECTION('',(-1.,0.,0.));
#2312 = DIRECTION('',(0.,1.,0.));
#2313 = ADVANCED_FACE('',(#2314),#2333,.F.);
#2314 = FACE_BOUND('',#2315,.T.);
#2315 = EDGE_LOOP('',(#2316,#2324,#2325,#2326));
#2316 = ORIENTED_EDGE('',*,*,#2317,.T.);
#2317 = EDGE_CURVE('',#2318,#1538,#2320,.T.);
#2318 = VERTEX_POINT('',#2319);
#2319 = CARTESIAN_POINT('',(-109.,46.999998464102,0.));
#2320 = LINE('',#2321,#2322);
#2321 = CARTESIAN_POINT('',(-109.,46.999998464102,0.));
#2322 = VECTOR('',#2323,1.);
#2323 = DIRECTION('',(0.,0.,1.));
#2324 = ORIENTED_EDGE('',*,*,#1537,.T.);
#2325 = ORIENTED_EDGE('',*,*,#2286,.F.);
#2326 = ORIENTED_EDGE('',*,*,#2327,.F.);
#2327 = EDGE_CURVE('',#2318,#2287,#2328,.T.);
#2328 = CIRCLE('',#2329,5.);
#2329 = AXIS2_PLACEMENT_3D('',#2330,#2331,#2332);
#2330 = CARTESIAN_POINT('',(-109.,51.999998464102,0.));
#2331 = DIRECTION('',(0.,0.,1.));
#2332 = DIRECTION('',(1.,0.,0.));
#2333 = CYLINDRICAL_SURFACE('',#2334,5.);
#2334 = AXIS2_PLACEMENT_3D('',#2335,#2336,#2337);
#2335 = CARTESIAN_POINT('',(-109.,51.999998464102,0.));
#2336 = DIRECTION('',(-0.,-0.,-1.));
#2337 = DIRECTION('',(1.,0.,0.));
#2338 = ADVANCED_FACE('',(#2339),#2358,.F.);
#2339 = FACE_BOUND('',#2340,.T.);
#2340 = EDGE_LOOP('',(#2341,#2342,#2343,#2351));
#2341 = ORIENTED_EDGE('',*,*,#2295,.T.);
#2342 = ORIENTED_EDGE('',*,*,#1588,.T.);
#2343 = ORIENTED_EDGE('',*,*,#2344,.F.);
#2344 = EDGE_CURVE('',#2345,#1581,#2347,.T.);
#2345 = VERTEX_POINT('',#2346);
#2346 = CARTESIAN_POINT('',(-109.,146.9999984641,0.));
#2347 = LINE('',#2348,#2349);
#2348 = CARTESIAN_POINT('',(-109.,146.9999984641,0.));
#2349 = VECTOR('',#2350,1.);
#2350 = DIRECTION('',(0.,0.,1.));
#2351 = ORIENTED_EDGE('',*,*,#2352,.F.);
#2352 = EDGE_CURVE('',#2296,#2345,#2353,.T.);
#2353 = CIRCLE('',#2354,5.);
#2354 = AXIS2_PLACEMENT_3D('',#2355,#2356,#2357);
#2355 = CARTESIAN_POINT('',(-109.,141.9999984641,0.));
#2356 = DIRECTION('',(0.,0.,1.));
#2357 = DIRECTION('',(1.,0.,0.));
#2358 = CYLINDRICAL_SURFACE('',#2359,5.);
#2359 = AXIS2_PLACEMENT_3D('',#2360,#2361,#2362);
#2360 = CARTESIAN_POINT('',(-109.,141.9999984641,0.));
#2361 = DIRECTION('',(-0.,-0.,-1.));
#2362 = DIRECTION('',(1.,0.,0.));
#2363 = ADVANCED_FACE('',(#2364),#2382,.T.);
#2364 = FACE_BOUND('',#2365,.T.);
#2365 = EDGE_LOOP('',(#2366,#2374,#2375,#2376));
#2366 = ORIENTED_EDGE('',*,*,#2367,.T.);
#2367 = EDGE_CURVE('',#2368,#1547,#2370,.T.);
#2368 = VERTEX_POINT('',#2369);
#2369 = CARTESIAN_POINT('',(-129.,46.999998464102,0.));
#2370 = LINE('',#2371,#2372);
#2371 = CARTESIAN_POINT('',(-129.,46.999998464102,0.));
#2372 = VECTOR('',#2373,1.);
#2373 = DIRECTION('',(0.,0.,1.));
#2374 = ORIENTED_EDGE('',*,*,#1546,.T.);
#2375 = ORIENTED_EDGE('',*,*,#2317,.F.);
#2376 = ORIENTED_EDGE('',*,*,#2377,.F.);
#2377 = EDGE_CURVE('',#2368,#2318,#2378,.T.);
#2378 = LINE('',#2379,#2380);
#2379 = CARTESIAN_POINT('',(-129.,46.999998464102,0.));
#2380 = VECTOR('',#2381,1.);
#2381 = DIRECTION('',(1.,0.,0.));
#2382 = PLANE('',#2383);
#2383 = AXIS2_PLACEMENT_3D('',#2384,#2385,#2386);
#2384 = CARTESIAN_POINT('',(-129.,46.999998464102,0.));
#2385 = DIRECTION('',(0.,1.,0.));
#2386 = DIRECTION('',(1.,0.,0.));
#2387 = ADVANCED_FACE('',(#2388),#2406,.T.);
#2388 = FACE_BOUND('',#2389,.T.);
#2389 = EDGE_LOOP('',(#2390,#2391,#2392,#2400));
#2390 = ORIENTED_EDGE('',*,*,#2344,.T.);
#2391 = ORIENTED_EDGE('',*,*,#1580,.T.);
#2392 = ORIENTED_EDGE('',*,*,#2393,.F.);
#2393 = EDGE_CURVE('',#2394,#1572,#2396,.T.);
#2394 = VERTEX_POINT('',#2395);
#2395 = CARTESIAN_POINT('',(-129.,146.9999984641,0.));
#2396 = LINE('',#2397,#2398);
#2397 = CARTESIAN_POINT('',(-129.,146.9999984641,0.));
#2398 = VECTOR('',#2399,1.);
#2399 = DIRECTION('',(0.,0.,1.));
#2400 = ORIENTED_EDGE('',*,*,#2401,.F.);
#2401 = EDGE_CURVE('',#2345,#2394,#2402,.T.);
#2402 = LINE('',#2403,#2404);
#2403 = CARTESIAN_POINT('',(-109.,146.9999984641,0.));
#2404 = VECTOR('',#2405,1.);
#2405 = DIRECTION('',(-1.,0.,0.));
#2406 = PLANE('',#2407);
#2407 = AXIS2_PLACEMENT_3D('',#2408,#2409,#2410);
#2408 = CARTESIAN_POINT('',(-109.,146.9999984641,0.));
#2409 = DIRECTION('',(0.,-1.,0.));
#2410 = DIRECTION('',(-1.,0.,0.));
#2411 = ADVANCED_FACE('',(#2412),#2431,.F.);
#2412 = FACE_BOUND('',#2413,.T.);
#2413 = EDGE_LOOP('',(#2414,#2422,#2423,#2424));
#2414 = ORIENTED_EDGE('',*,*,#2415,.T.);
#2415 = EDGE_CURVE('',#2416,#1555,#2418,.T.);
#2416 = VERTEX_POINT('',#2417);
#2417 = CARTESIAN_POINT('',(-134.,51.999998464102,0.));
#2418 = LINE('',#2419,#2420);
#2419 = CARTESIAN_POINT('',(-134.,51.999998464102,0.));
#2420 = VECTOR('',#2421,1.);
#2421 = DIRECTION('',(0.,0.,1.));
#2422 = ORIENTED_EDGE('',*,*,#1554,.T.);
#2423 = ORIENTED_EDGE('',*,*,#2367,.F.);
#2424 = ORIENTED_EDGE('',*,*,#2425,.F.);
#2425 = EDGE_CURVE('',#2416,#2368,#2426,.T.);
#2426 = CIRCLE('',#2427,5.);
#2427 = AXIS2_PLACEMENT_3D('',#2428,#2429,#2430);
#2428 = CARTESIAN_POINT('',(-129.,51.999998464102,0.));
#2429 = DIRECTION('',(0.,0.,1.));
#2430 = DIRECTION('',(1.,0.,0.));
#2431 = CYLINDRICAL_SURFACE('',#2432,5.);
#2432 = AXIS2_PLACEMENT_3D('',#2433,#2434,#2435);
#2433 = CARTESIAN_POINT('',(-129.,51.999998464102,0.));
#2434 = DIRECTION('',(-0.,-0.,-1.));
#2435 = DIRECTION('',(1.,0.,0.));
#2436 = ADVANCED_FACE('',(#2437),#2456,.F.);
#2437 = FACE_BOUND('',#2438,.T.);
#2438 = EDGE_LOOP('',(#2439,#2440,#2441,#2449));
#2439 = ORIENTED_EDGE('',*,*,#2393,.T.);
#2440 = ORIENTED_EDGE('',*,*,#1571,.T.);
#2441 = ORIENTED_EDGE('',*,*,#2442,.F.);
#2442 = EDGE_CURVE('',#2443,#1564,#2445,.T.);
#2443 = VERTEX_POINT('',#2444);
#2444 = CARTESIAN_POINT('',(-134.,141.9999984641,0.));
#2445 = LINE('',#2446,#2447);
#2446 = CARTESIAN_POINT('',(-134.,141.9999984641,0.));
#2447 = VECTOR('',#2448,1.);
#2448 = DIRECTION('',(0.,0.,1.));
#2449 = ORIENTED_EDGE('',*,*,#2450,.F.);
#2450 = EDGE_CURVE('',#2394,#2443,#2451,.T.);
#2451 = CIRCLE('',#2452,5.);
#2452 = AXIS2_PLACEMENT_3D('',#2453,#2454,#2455);
#2453 = CARTESIAN_POINT('',(-129.,141.9999984641,0.));
#2454 = DIRECTION('',(0.,0.,1.));
#2455 = DIRECTION('',(1.,0.,0.));
#2456 = CYLINDRICAL_SURFACE('',#2457,5.);
#2457 = AXIS2_PLACEMENT_3D('',#2458,#2459,#2460);
#2458 = CARTESIAN_POINT('',(-129.,141.9999984641,0.));
#2459 = DIRECTION('',(-0.,-0.,-1.));
#2460 = DIRECTION('',(1.,0.,0.));
#2461 = ADVANCED_FACE('',(#2462),#2473,.T.);
#2462 = FACE_BOUND('',#2463,.T.);
#2463 = EDGE_LOOP('',(#2464,#2465,#2466,#2467));
#2464 = ORIENTED_EDGE('',*,*,#2442,.T.);
#2465 = ORIENTED_EDGE('',*,*,#1563,.T.);
#2466 = ORIENTED_EDGE('',*,*,#2415,.F.);
#2467 = ORIENTED_EDGE('',*,*,#2468,.F.);
#2468 = EDGE_CURVE('',#2443,#2416,#2469,.T.);
#2469 = LINE('',#2470,#2471);
#2470 = CARTESIAN_POINT('',(-134.,141.9999984641,0.));
#2471 = VECTOR('',#2472,1.);
#2472 = DIRECTION('',(0.,-1.,0.));
#2473 = PLANE('',#2474);
#2474 = AXIS2_PLACEMENT_3D('',#2475,#2476,#2477);
#2475 = CARTESIAN_POINT('',(-134.,141.9999984641,0.));
#2476 = DIRECTION('',(1.,0.,0.));
#2477 = DIRECTION('',(0.,-1.,0.));
#2478 = ADVANCED_FACE('',(#2479),#2504,.T.);
#2479 = FACE_BOUND('',#2480,.T.);
#2480 = EDGE_LOOP('',(#2481,#2489,#2490,#2498));
#2481 = ORIENTED_EDGE('',*,*,#2482,.T.);
#2482 = EDGE_CURVE('',#2483,#1598,#2485,.T.);
#2483 = VERTEX_POINT('',#2484);
#2484 = CARTESIAN_POINT('',(-38.,51.999995402092,0.));
#2485 = LINE('',#2486,#2487);
#2486 = CARTESIAN_POINT('',(-38.,51.999995402092,0.));
#2487 = VECTOR('',#2488,1.);
#2488 = DIRECTION('',(0.,0.,1.));
#2489 = ORIENTED_EDGE('',*,*,#1597,.T.);
#2490 = ORIENTED_EDGE('',*,*,#2491,.F.);
#2491 = EDGE_CURVE('',#2492,#1600,#2494,.T.);
#2492 = VERTEX_POINT('',#2493);
#2493 = CARTESIAN_POINT('',(-38.,141.99999540209,0.));
#2494 = LINE('',#2495,#2496);
#2495 = CARTESIAN_POINT('',(-38.,141.99999540209,0.));
#2496 = VECTOR('',#2497,1.);
#2497 = DIRECTION('',(0.,0.,1.));
#2498 = ORIENTED_EDGE('',*,*,#2499,.F.);
#2499 = EDGE_CURVE('',#2483,#2492,#2500,.T.);
#2500 = LINE('',#2501,#2502);
#2501 = CARTESIAN_POINT('',(-38.,51.999995402092,0.));
#2502 = VECTOR('',#2503,1.);
#2503 = DIRECTION('',(0.,1.,0.));
#2504 = PLANE('',#2505);
#2505 = AXIS2_PLACEMENT_3D('',#2506,#2507,#2508);
#2506 = CARTESIAN_POINT('',(-38.,51.999995402092,0.));
#2507 = DIRECTION('',(-1.,0.,0.));
#2508 = DIRECTION('',(0.,1.,0.));
#2509 = ADVANCED_FACE('',(#2510),#2529,.F.);
#2510 = FACE_BOUND('',#2511,.T.);
#2511 = EDGE_LOOP('',(#2512,#2520,#2521,#2522));
#2512 = ORIENTED_EDGE('',*,*,#2513,.T.);
#2513 = EDGE_CURVE('',#2514,#1608,#2516,.T.);
#2514 = VERTEX_POINT('',#2515);
#2515 = CARTESIAN_POINT('',(-43.,46.999995402092,0.));
#2516 = LINE('',#2517,#2518);
#2517 = CARTESIAN_POINT('',(-43.,46.999995402092,0.));
#2518 = VECTOR('',#2519,1.);
#2519 = DIRECTION('',(0.,0.,1.));
#2520 = ORIENTED_EDGE('',*,*,#1607,.T.);
#2521 = ORIENTED_EDGE('',*,*,#2482,.F.);
#2522 = ORIENTED_EDGE('',*,*,#2523,.F.);
#2523 = EDGE_CURVE('',#2514,#2483,#2524,.T.);
#2524 = CIRCLE('',#2525,5.);
#2525 = AXIS2_PLACEMENT_3D('',#2526,#2527,#2528);
#2526 = CARTESIAN_POINT('',(-43.,51.999995402092,0.));
#2527 = DIRECTION('',(0.,0.,1.));
#2528 = DIRECTION('',(1.,0.,0.));
#2529 = CYLINDRICAL_SURFACE('',#2530,5.);
#2530 = AXIS2_PLACEMENT_3D('',#2531,#2532,#2533);
#2531 = CARTESIAN_POINT('',(-43.,51.999995402092,0.));
#2532 = DIRECTION('',(-0.,-0.,-1.));
#2533 = DIRECTION('',(1.,0.,0.));
#2534 = ADVANCED_FACE('',(#2535),#2554,.F.);
#2535 = FACE_BOUND('',#2536,.T.);
#2536 = EDGE_LOOP('',(#2537,#2538,#2539,#2547));
#2537 = ORIENTED_EDGE('',*,*,#2491,.T.);
#2538 = ORIENTED_EDGE('',*,*,#1658,.T.);
#2539 = ORIENTED_EDGE('',*,*,#2540,.F.);
#2540 = EDGE_CURVE('',#2541,#1651,#2543,.T.);
#2541 = VERTEX_POINT('',#2542);
#2542 = CARTESIAN_POINT('',(-43.,146.99999540209,0.));
#2543 = LINE('',#2544,#2545);
#2544 = CARTESIAN_POINT('',(-43.,146.99999540209,0.));
#2545 = VECTOR('',#2546,1.);
#2546 = DIRECTION('',(0.,0.,1.));
#2547 = ORIENTED_EDGE('',*,*,#2548,.F.);
#2548 = EDGE_CURVE('',#2492,#2541,#2549,.T.);
#2549 = CIRCLE('',#2550,5.);
#2550 = AXIS2_PLACEMENT_3D('',#2551,#2552,#2553);
#2551 = CARTESIAN_POINT('',(-43.,141.99999540209,0.));
#2552 = DIRECTION('',(0.,0.,1.));
#2553 = DIRECTION('',(1.,0.,0.));
#2554 = CYLINDRICAL_SURFACE('',#2555,5.);
#2555 = AXIS2_PLACEMENT_3D('',#2556,#2557,#2558);
#2556 = CARTESIAN_POINT('',(-43.,141.99999540209,0.));
#2557 = DIRECTION('',(-0.,-0.,-1.));
#2558 = DIRECTION('',(1.,0.,0.));
#2559 = ADVANCED_FACE('',(#2560),#2578,.T.);
#2560 = FACE_BOUND('',#2561,.T.);
#2561 = EDGE_LOOP('',(#2562,#2570,#2571,#2572));
#2562 = ORIENTED_EDGE('',*,*,#2563,.T.);
#2563 = EDGE_CURVE('',#2564,#1617,#2566,.T.);
#2564 = VERTEX_POINT('',#2565);
#2565 = CARTESIAN_POINT('',(-63.,46.999995402092,0.));
#2566 = LINE('',#2567,#2568);
#2567 = CARTESIAN_POINT('',(-63.,46.999995402092,0.));
#2568 = VECTOR('',#2569,1.);
#2569 = DIRECTION('',(0.,0.,1.));
#2570 = ORIENTED_EDGE('',*,*,#1616,.T.);
#2571 = ORIENTED_EDGE('',*,*,#2513,.F.);
#2572 = ORIENTED_EDGE('',*,*,#2573,.F.);
#2573 = EDGE_CURVE('',#2564,#2514,#2574,.T.);
#2574 = LINE('',#2575,#2576);
#2575 = CARTESIAN_POINT('',(-63.,46.999995402092,0.));
#2576 = VECTOR('',#2577,1.);
#2577 = DIRECTION('',(1.,0.,0.));
#2578 = PLANE('',#2579);
#2579 = AXIS2_PLACEMENT_3D('',#2580,#2581,#2582);
#2580 = CARTESIAN_POINT('',(-63.,46.999995402092,0.));
#2581 = DIRECTION('',(0.,1.,0.));
#2582 = DIRECTION('',(1.,0.,0.));
#2583 = ADVANCED_FACE('',(#2584),#2602,.T.);
#2584 = FACE_BOUND('',#2585,.T.);
#2585 = EDGE_LOOP('',(#2586,#2587,#2588,#2596));
#2586 = ORIENTED_EDGE('',*,*,#2540,.T.);
#2587 = ORIENTED_EDGE('',*,*,#1650,.T.);
#2588 = ORIENTED_EDGE('',*,*,#2589,.F.);
#2589 = EDGE_CURVE('',#2590,#1642,#2592,.T.);
#2590 = VERTEX_POINT('',#2591);
#2591 = CARTESIAN_POINT('',(-63.,146.99999540209,0.));
#2592 = LINE('',#2593,#2594);
#2593 = CARTESIAN_POINT('',(-63.,146.99999540209,0.));
#2594 = VECTOR('',#2595,1.);
#2595 = DIRECTION('',(0.,0.,1.));
#2596 = ORIENTED_EDGE('',*,*,#2597,.F.);
#2597 = EDGE_CURVE('',#2541,#2590,#2598,.T.);
#2598 = LINE('',#2599,#2600);
#2599 = CARTESIAN_POINT('',(-43.,146.99999540209,0.));
#2600 = VECTOR('',#2601,1.);
#2601 = DIRECTION('',(-1.,0.,0.));
#2602 = PLANE('',#2603);
#2603 = AXIS2_PLACEMENT_3D('',#2604,#2605,#2606);
#2604 = CARTESIAN_POINT('',(-43.,146.99999540209,0.));
#2605 = DIRECTION('',(0.,-1.,0.));
#2606 = DIRECTION('',(-1.,0.,0.));
#2607 = ADVANCED_FACE('',(#2608),#2627,.F.);
#2608 = FACE_BOUND('',#2609,.T.);
#2609 = EDGE_LOOP('',(#2610,#2618,#2619,#2620));
#2610 = ORIENTED_EDGE('',*,*,#2611,.T.);
#2611 = EDGE_CURVE('',#2612,#1625,#2614,.T.);
#2612 = VERTEX_POINT('',#2613);
#2613 = CARTESIAN_POINT('',(-68.,51.999995402092,0.));
#2614 = LINE('',#2615,#2616);
#2615 = CARTESIAN_POINT('',(-68.,51.999995402092,0.));
#2616 = VECTOR('',#2617,1.);
#2617 = DIRECTION('',(0.,0.,1.));
#2618 = ORIENTED_EDGE('',*,*,#1624,.T.);
#2619 = ORIENTED_EDGE('',*,*,#2563,.F.);
#2620 = ORIENTED_EDGE('',*,*,#2621,.F.);
#2621 = EDGE_CURVE('',#2612,#2564,#2622,.T.);
#2622 = CIRCLE('',#2623,5.);
#2623 = AXIS2_PLACEMENT_3D('',#2624,#2625,#2626);
#2624 = CARTESIAN_POINT('',(-63.,51.999995402092,0.));
#2625 = DIRECTION('',(0.,0.,1.));
#2626 = DIRECTION('',(1.,0.,0.));
#2627 = CYLINDRICAL_SURFACE('',#2628,5.);
#2628 = AXIS2_PLACEMENT_3D('',#2629,#2630,#2631);
#2629 = CARTESIAN_POINT('',(-63.,51.999995402092,0.));
#2630 = DIRECTION('',(-0.,-0.,-1.));
#2631 = DIRECTION('',(1.,0.,0.));
#2632 = ADVANCED_FACE('',(#2633),#2652,.F.);
#2633 = FACE_BOUND('',#2634,.T.);
#2634 = EDGE_LOOP('',(#2635,#2636,#2637,#2645));
#2635 = ORIENTED_EDGE('',*,*,#2589,.T.);
#2636 = ORIENTED_EDGE('',*,*,#1641,.T.);
#2637 = ORIENTED_EDGE('',*,*,#2638,.F.);
#2638 = EDGE_CURVE('',#2639,#1634,#2641,.T.);
#2639 = VERTEX_POINT('',#2640);
#2640 = CARTESIAN_POINT('',(-68.,141.99999540209,0.));
#2641 = LINE('',#2642,#2643);
#2642 = CARTESIAN_POINT('',(-68.,141.99999540209,0.));
#2643 = VECTOR('',#2644,1.);
#2644 = DIRECTION('',(0.,0.,1.));
#2645 = ORIENTED_EDGE('',*,*,#2646,.F.);
#2646 = EDGE_CURVE('',#2590,#2639,#2647,.T.);
#2647 = CIRCLE('',#2648,5.);
#2648 = AXIS2_PLACEMENT_3D('',#2649,#2650,#2651);
#2649 = CARTESIAN_POINT('',(-63.,141.99999540209,0.));
#2650 = DIRECTION('',(0.,0.,1.));
#2651 = DIRECTION('',(1.,0.,0.));
#2652 = CYLINDRICAL_SURFACE('',#2653,5.);
#2653 = AXIS2_PLACEMENT_3D('',#2654,#2655,#2656);
#2654 = CARTESIAN_POINT('',(-63.,141.99999540209,0.));
#2655 = DIRECTION('',(-0.,-0.,-1.));
#2656 = DIRECTION('',(1.,0.,0.));
#2657 = ADVANCED_FACE('',(#2658),#2669,.T.);
#2658 = FACE_BOUND('',#2659,.T.);
#2659 = EDGE_LOOP('',(#2660,#2661,#2662,#2663));
#2660 = ORIENTED_EDGE('',*,*,#2638,.T.);
#2661 = ORIENTED_EDGE('',*,*,#1633,.T.);
#2662 = ORIENTED_EDGE('',*,*,#2611,.F.);
#2663 = ORIENTED_EDGE('',*,*,#2664,.F.);
#2664 = EDGE_CURVE('',#2639,#2612,#2665,.T.);
#2665 = LINE('',#2666,#2667);
#2666 = CARTESIAN_POINT('',(-68.,141.99999540209,0.));
#2667 = VECTOR('',#2668,1.);
#2668 = DIRECTION('',(0.,-1.,0.));
#2669 = PLANE('',#2670);
#2670 = AXIS2_PLACEMENT_3D('',#2671,#2672,#2673);
#2671 = CARTESIAN_POINT('',(-68.,141.99999540209,0.));
#2672 = DIRECTION('',(1.,0.,0.));
#2673 = DIRECTION('',(0.,-1.,0.));
#2674 = ADVANCED_FACE('',(#2675),#2700,.T.);
#2675 = FACE_BOUND('',#2676,.T.);
#2676 = EDGE_LOOP('',(#2677,#2685,#2686,#2694));
#2677 = ORIENTED_EDGE('',*,*,#2678,.T.);
#2678 = EDGE_CURVE('',#2679,#1668,#2681,.T.);
#2679 = VERTEX_POINT('',#2680);
#2680 = CARTESIAN_POINT('',(-71.,52.000378191104,0.));
#2681 = LINE('',#2682,#2683);
#2682 = CARTESIAN_POINT('',(-71.,52.000378191104,0.));
#2683 = VECTOR('',#2684,1.);
#2684 = DIRECTION('',(0.,0.,1.));
#2685 = ORIENTED_EDGE('',*,*,#1667,.T.);
#2686 = ORIENTED_EDGE('',*,*,#2687,.F.);
#2687 = EDGE_CURVE('',#2688,#1670,#2690,.T.);
#2688 = VERTEX_POINT('',#2689);
#2689 = CARTESIAN_POINT('',(-71.,142.0003781911,0.));
#2690 = LINE('',#2691,#2692);
#2691 = CARTESIAN_POINT('',(-71.,142.0003781911,0.));
#2692 = VECTOR('',#2693,1.);
#2693 = DIRECTION('',(0.,0.,1.));
#2694 = ORIENTED_EDGE('',*,*,#2695,.F.);
#2695 = EDGE_CURVE('',#2679,#2688,#2696,.T.);
#2696 = LINE('',#2697,#2698);
#2697 = CARTESIAN_POINT('',(-71.,52.000378191104,0.));
#2698 = VECTOR('',#2699,1.);
#2699 = DIRECTION('',(0.,1.,0.));
#2700 = PLANE('',#2701);
#2701 = AXIS2_PLACEMENT_3D('',#2702,#2703,#2704);
#2702 = CARTESIAN_POINT('',(-71.,52.000378191104,0.));
#2703 = DIRECTION('',(-1.,0.,0.));
#2704 = DIRECTION('',(0.,1.,0.));
#2705 = ADVANCED_FACE('',(#2706),#2725,.F.);
#2706 = FACE_BOUND('',#2707,.T.);
#2707 = EDGE_LOOP('',(#2708,#2716,#2717,#2718));
#2708 = ORIENTED_EDGE('',*,*,#2709,.T.);
#2709 = EDGE_CURVE('',#2710,#1678,#2712,.T.);
#2710 = VERTEX_POINT('',#2711);
#2711 = CARTESIAN_POINT('',(-76.,47.000378191104,0.));
#2712 = LINE('',#2713,#2714);
#2713 = CARTESIAN_POINT('',(-76.,47.000378191104,0.));
#2714 = VECTOR('',#2715,1.);
#2715 = DIRECTION('',(0.,0.,1.));
#2716 = ORIENTED_EDGE('',*,*,#1677,.T.);
#2717 = ORIENTED_EDGE('',*,*,#2678,.F.);
#2718 = ORIENTED_EDGE('',*,*,#2719,.F.);
#2719 = EDGE_CURVE('',#2710,#2679,#2720,.T.);
#2720 = CIRCLE('',#2721,5.);
#2721 = AXIS2_PLACEMENT_3D('',#2722,#2723,#2724);
#2722 = CARTESIAN_POINT('',(-76.,52.000378191104,0.));
#2723 = DIRECTION('',(0.,0.,1.));
#2724 = DIRECTION('',(1.,0.,0.));
#2725 = CYLINDRICAL_SURFACE('',#2726,5.);
#2726 = AXIS2_PLACEMENT_3D('',#2727,#2728,#2729);
#2727 = CARTESIAN_POINT('',(-76.,52.000378191104,0.));
#2728 = DIRECTION('',(-0.,-0.,-1.));
#2729 = DIRECTION('',(1.,0.,0.));
#2730 = ADVANCED_FACE('',(#2731),#2750,.F.);
#2731 = FACE_BOUND('',#2732,.T.);
#2732 = EDGE_LOOP('',(#2733,#2734,#2735,#2743));
#2733 = ORIENTED_EDGE('',*,*,#2687,.T.);
#2734 = ORIENTED_EDGE('',*,*,#1728,.T.);
#2735 = ORIENTED_EDGE('',*,*,#2736,.F.);
#2736 = EDGE_CURVE('',#2737,#1721,#2739,.T.);
#2737 = VERTEX_POINT('',#2738);
#2738 = CARTESIAN_POINT('',(-76.,147.0003781911,0.));
#2739 = LINE('',#2740,#2741);
#2740 = CARTESIAN_POINT('',(-76.,147.0003781911,0.));
#2741 = VECTOR('',#2742,1.);
#2742 = DIRECTION('',(0.,0.,1.));
#2743 = ORIENTED_EDGE('',*,*,#2744,.F.);
#2744 = EDGE_CURVE('',#2688,#2737,#2745,.T.);
#2745 = CIRCLE('',#2746,5.);
#2746 = AXIS2_PLACEMENT_3D('',#2747,#2748,#2749);
#2747 = CARTESIAN_POINT('',(-76.,142.0003781911,0.));
#2748 = DIRECTION('',(0.,0.,1.));
#2749 = DIRECTION('',(1.,0.,0.));
#2750 = CYLINDRICAL_SURFACE('',#2751,5.);
#2751 = AXIS2_PLACEMENT_3D('',#2752,#2753,#2754);
#2752 = CARTESIAN_POINT('',(-76.,142.0003781911,0.));
#2753 = DIRECTION('',(-0.,-0.,-1.));
#2754 = DIRECTION('',(1.,0.,0.));
#2755 = ADVANCED_FACE('',(#2756),#2774,.T.);
#2756 = FACE_BOUND('',#2757,.T.);
#2757 = EDGE_LOOP('',(#2758,#2766,#2767,#2768));
#2758 = ORIENTED_EDGE('',*,*,#2759,.T.);
#2759 = EDGE_CURVE('',#2760,#1687,#2762,.T.);
#2760 = VERTEX_POINT('',#2761);
#2761 = CARTESIAN_POINT('',(-96.,47.000378191104,0.));
#2762 = LINE('',#2763,#2764);
#2763 = CARTESIAN_POINT('',(-96.,47.000378191104,0.));
#2764 = VECTOR('',#2765,1.);
#2765 = DIRECTION('',(0.,0.,1.));
#2766 = ORIENTED_EDGE('',*,*,#1686,.T.);
#2767 = ORIENTED_EDGE('',*,*,#2709,.F.);
#2768 = ORIENTED_EDGE('',*,*,#2769,.F.);
#2769 = EDGE_CURVE('',#2760,#2710,#2770,.T.);
#2770 = LINE('',#2771,#2772);
#2771 = CARTESIAN_POINT('',(-96.,47.000378191104,0.));
#2772 = VECTOR('',#2773,1.);
#2773 = DIRECTION('',(1.,0.,0.));
#2774 = PLANE('',#2775);
#2775 = AXIS2_PLACEMENT_3D('',#2776,#2777,#2778);
#2776 = CARTESIAN_POINT('',(-96.,47.000378191104,0.));
#2777 = DIRECTION('',(0.,1.,0.));
#2778 = DIRECTION('',(1.,0.,0.));
#2779 = ADVANCED_FACE('',(#2780),#2798,.T.);
#2780 = FACE_BOUND('',#2781,.T.);
#2781 = EDGE_LOOP('',(#2782,#2783,#2784,#2792));
#2782 = ORIENTED_EDGE('',*,*,#2736,.T.);
#2783 = ORIENTED_EDGE('',*,*,#1720,.T.);
#2784 = ORIENTED_EDGE('',*,*,#2785,.F.);
#2785 = EDGE_CURVE('',#2786,#1712,#2788,.T.);
#2786 = VERTEX_POINT('',#2787);
#2787 = CARTESIAN_POINT('',(-96.,147.0003781911,0.));
#2788 = LINE('',#2789,#2790);
#2789 = CARTESIAN_POINT('',(-96.,147.0003781911,0.));
#2790 = VECTOR('',#2791,1.);
#2791 = DIRECTION('',(0.,0.,1.));
#2792 = ORIENTED_EDGE('',*,*,#2793,.F.);
#2793 = EDGE_CURVE('',#2737,#2786,#2794,.T.);
#2794 = LINE('',#2795,#2796);
#2795 = CARTESIAN_POINT('',(-76.,147.0003781911,0.));
#2796 = VECTOR('',#2797,1.);
#2797 = DIRECTION('',(-1.,0.,0.));
#2798 = PLANE('',#2799);
#2799 = AXIS2_PLACEMENT_3D('',#2800,#2801,#2802);
#2800 = CARTESIAN_POINT('',(-76.,147.0003781911,0.));
#2801 = DIRECTION('',(0.,-1.,0.));
#2802 = DIRECTION('',(-1.,0.,0.));
#2803 = ADVANCED_FACE('',(#2804),#2823,.F.);
#2804 = FACE_BOUND('',#2805,.T.);
#2805 = EDGE_LOOP('',(#2806,#2814,#2815,#2816));
#2806 = ORIENTED_EDGE('',*,*,#2807,.T.);
#2807 = EDGE_CURVE('',#2808,#1695,#2810,.T.);
#2808 = VERTEX_POINT('',#2809);
#2809 = CARTESIAN_POINT('',(-101.,52.000378191104,0.));
#2810 = LINE('',#2811,#2812);
#2811 = CARTESIAN_POINT('',(-101.,52.000378191104,0.));
#2812 = VECTOR('',#2813,1.);
#2813 = DIRECTION('',(0.,0.,1.));
#2814 = ORIENTED_EDGE('',*,*,#1694,.T.);
#2815 = ORIENTED_EDGE('',*,*,#2759,.F.);
#2816 = ORIENTED_EDGE('',*,*,#2817,.F.);
#2817 = EDGE_CURVE('',#2808,#2760,#2818,.T.);
#2818 = CIRCLE('',#2819,5.);
#2819 = AXIS2_PLACEMENT_3D('',#2820,#2821,#2822);
#2820 = CARTESIAN_POINT('',(-96.,52.000378191104,0.));
#2821 = DIRECTION('',(0.,0.,1.));
#2822 = DIRECTION('',(1.,0.,0.));
#2823 = CYLINDRICAL_SURFACE('',#2824,5.);
#2824 = AXIS2_PLACEMENT_3D('',#2825,#2826,#2827);
#2825 = CARTESIAN_POINT('',(-96.,52.000378191104,0.));
#2826 = DIRECTION('',(-0.,-0.,-1.));
#2827 = DIRECTION('',(1.,0.,0.));
#2828 = ADVANCED_FACE('',(#2829),#2848,.F.);
#2829 = FACE_BOUND('',#2830,.T.);
#2830 = EDGE_LOOP('',(#2831,#2832,#2833,#2841));
#2831 = ORIENTED_EDGE('',*,*,#2785,.T.);
#2832 = ORIENTED_EDGE('',*,*,#1711,.T.);
#2833 = ORIENTED_EDGE('',*,*,#2834,.F.);
#2834 = EDGE_CURVE('',#2835,#1704,#2837,.T.);
#2835 = VERTEX_POINT('',#2836);
#2836 = CARTESIAN_POINT('',(-101.,142.0003781911,0.));
#2837 = LINE('',#2838,#2839);
#2838 = CARTESIAN_POINT('',(-101.,142.0003781911,0.));
#2839 = VECTOR('',#2840,1.);
#2840 = DIRECTION('',(0.,0.,1.));
#2841 = ORIENTED_EDGE('',*,*,#2842,.F.);
#2842 = EDGE_CURVE('',#2786,#2835,#2843,.T.);
#2843 = CIRCLE('',#2844,5.);
#2844 = AXIS2_PLACEMENT_3D('',#2845,#2846,#2847);
#2845 = CARTESIAN_POINT('',(-96.,142.0003781911,0.));
#2846 = DIRECTION('',(0.,0.,1.));
#2847 = DIRECTION('',(1.,0.,0.));
#2848 = CYLINDRICAL_SURFACE('',#2849,5.);
#2849 = AXIS2_PLACEMENT_3D('',#2850,#2851,#2852);
#2850 = CARTESIAN_POINT('',(-96.,142.0003781911,0.));
#2851 = DIRECTION('',(-0.,-0.,-1.));
#2852 = DIRECTION('',(1.,0.,0.));
#2853 = ADVANCED_FACE('',(#2854),#2865,.T.);
#2854 = FACE_BOUND('',#2855,.T.);
#2855 = EDGE_LOOP('',(#2856,#2857,#2858,#2859));
#2856 = ORIENTED_EDGE('',*,*,#2834,.T.);
#2857 = ORIENTED_EDGE('',*,*,#1703,.T.);
#2858 = ORIENTED_EDGE('',*,*,#2807,.F.);
#2859 = ORIENTED_EDGE('',*,*,#2860,.F.);
#2860 = EDGE_CURVE('',#2835,#2808,#2861,.T.);
#2861 = LINE('',#2862,#2863);
#2862 = CARTESIAN_POINT('',(-101.,142.0003781911,0.));
#2863 = VECTOR('',#2864,1.);
#2864 = DIRECTION('',(0.,-1.,0.));
#2865 = PLANE('',#2866);
#2866 = AXIS2_PLACEMENT_3D('',#2867,#2868,#2869);
#2867 = CARTESIAN_POINT('',(-101.,142.0003781911,0.));
#2868 = DIRECTION('',(1.,0.,0.));
#2869 = DIRECTION('',(0.,-1.,0.));
#2870 = ADVANCED_FACE('',(#2871),#2883,.T.);
#2871 = FACE_BOUND('',#2872,.F.);
#2872 = EDGE_LOOP('',(#2873,#2874,#2875,#2876));
#2873 = ORIENTED_EDGE('',*,*,#1963,.F.);
#2874 = ORIENTED_EDGE('',*,*,#2073,.T.);
#2875 = ORIENTED_EDGE('',*,*,#1791,.F.);
#2876 = ORIENTED_EDGE('',*,*,#2877,.F.);
#2877 = EDGE_CURVE('',#1956,#1792,#2878,.T.);
#2878 = CIRCLE('',#2879,5.);
#2879 = AXIS2_PLACEMENT_3D('',#2880,#2881,#2882);
#2880 = CARTESIAN_POINT('',(-165.,145.,-1.));
#2881 = DIRECTION('',(0.,-0.,1.));
#2882 = DIRECTION('',(0.,1.,0.));
#2883 = CYLINDRICAL_SURFACE('',#2884,5.);
#2884 = AXIS2_PLACEMENT_3D('',#2885,#2886,#2887);
#2885 = CARTESIAN_POINT('',(-165.,145.,0.));
#2886 = DIRECTION('',(-0.,-0.,-1.));
#2887 = DIRECTION('',(1.,0.,0.));
#2888 = ADVANCED_FACE('',(#2889),#2916,.T.);
#2889 = FACE_BOUND('',#2890,.F.);
#2890 = EDGE_LOOP('',(#2891,#2900,#2901,#2910));
#2891 = ORIENTED_EDGE('',*,*,#2892,.T.);
#2892 = EDGE_CURVE('',#2893,#1792,#2895,.T.);
#2893 = VERTEX_POINT('',#2894);
#2894 = CARTESIAN_POINT('',(-168.,145.,-3.));
#2895 = CIRCLE('',#2896,2.);
#2896 = AXIS2_PLACEMENT_3D('',#2897,#2898,#2899);
#2897 = CARTESIAN_POINT('',(-168.,145.,-1.));
#2898 = DIRECTION('',(0.,1.,0.));
#2899 = DIRECTION('',(0.,0.,-1.));
#2900 = ORIENTED_EDGE('',*,*,#1801,.T.);
#2901 = ORIENTED_EDGE('',*,*,#2902,.F.);
#2902 = EDGE_CURVE('',#2903,#1802,#2905,.T.);
#2903 = VERTEX_POINT('',#2904);
#2904 = CARTESIAN_POINT('',(-168.,5.,-3.));
#2905 = CIRCLE('',#2906,2.);
#2906 = AXIS2_PLACEMENT_3D('',#2907,#2908,#2909);
#2907 = CARTESIAN_POINT('',(-168.,5.,-1.));
#2908 = DIRECTION('',(0.,1.,0.));
#2909 = DIRECTION('',(0.,0.,-1.));
#2910 = ORIENTED_EDGE('',*,*,#2911,.F.);
#2911 = EDGE_CURVE('',#2893,#2903,#2912,.T.);
#2912 = LINE('',#2913,#2914);
#2913 = CARTESIAN_POINT('',(-168.,145.,-3.));
#2914 = VECTOR('',#2915,1.);
#2915 = DIRECTION('',(0.,-1.,0.));
#2916 = CYLINDRICAL_SURFACE('',#2917,2.);
#2917 = AXIS2_PLACEMENT_3D('',#2918,#2919,#2920);
#2918 = CARTESIAN_POINT('',(-168.,145.,-1.));
#2919 = DIRECTION('',(0.,-1.,0.));
#2920 = DIRECTION('',(-0.,-0.,-1.));
#2921 = ADVANCED_FACE('',(#2922),#2942,.T.);
#2922 = FACE_BOUND('',#2923,.T.);
#2923 = EDGE_LOOP('',(#2924,#2925,#2934,#2941));
#2924 = ORIENTED_EDGE('',*,*,#2902,.F.);
#2925 = ORIENTED_EDGE('',*,*,#2926,.T.);
#2926 = EDGE_CURVE('',#2903,#2927,#2929,.T.);
#2927 = VERTEX_POINT('',#2928);
#2928 = CARTESIAN_POINT('',(-165.,2.,-3.));
#2929 = CIRCLE('',#2930,3.);
#2930 = AXIS2_PLACEMENT_3D('',#2931,#2932,#2933);
#2931 = CARTESIAN_POINT('',(-165.,5.,-3.));
#2932 = DIRECTION('',(0.,0.,1.));
#2933 = DIRECTION('',(-1.,1.7763568394E-16,0.));
#2934 = ORIENTED_EDGE('',*,*,#2935,.T.);
#2935 = EDGE_CURVE('',#2927,#1834,#2936,.T.);
#2936 = CIRCLE('',#2937,2.);
#2937 = AXIS2_PLACEMENT_3D('',#2938,#2939,#2940);
#2938 = CARTESIAN_POINT('',(-165.,2.,-1.));
#2939 = DIRECTION('',(-1.,2.388680238974E-16,0.));
#2940 = DIRECTION('',(-2.388680238974E-16,-1.,0.));
#2941 = ORIENTED_EDGE('',*,*,#1841,.F.);
#2942 = TOROIDAL_SURFACE('',#2943,3.,2.);
#2943 = AXIS2_PLACEMENT_3D('',#2944,#2945,#2946);
#2944 = CARTESIAN_POINT('',(-165.,5.,-1.));
#2945 = DIRECTION('',(0.,0.,1.));
#2946 = DIRECTION('',(-1.,1.7763568394E-16,0.));
#2947 = ADVANCED_FACE('',(#2948),#2967,.T.);
#2948 = FACE_BOUND('',#2949,.F.);
#2949 = EDGE_LOOP('',(#2950,#2951,#2952,#2961));
#2950 = ORIENTED_EDGE('',*,*,#2935,.T.);
#2951 = ORIENTED_EDGE('',*,*,#1857,.T.);
#2952 = ORIENTED_EDGE('',*,*,#2953,.F.);
#2953 = EDGE_CURVE('',#2954,#1858,#2956,.T.);
#2954 = VERTEX_POINT('',#2955);
#2955 = CARTESIAN_POINT('',(-5.,2.,-3.));
#2956 = CIRCLE('',#2957,2.);
#2957 = AXIS2_PLACEMENT_3D('',#2958,#2959,#2960);
#2958 = CARTESIAN_POINT('',(-5.,2.,-1.));
#2959 = DIRECTION('',(-1.,-0.,-0.));
#2960 = DIRECTION('',(0.,0.,-1.));
#2961 = ORIENTED_EDGE('',*,*,#2962,.F.);
#2962 = EDGE_CURVE('',#2927,#2954,#2963,.T.);
#2963 = LINE('',#2964,#2965);
#2964 = CARTESIAN_POINT('',(-165.,2.,-3.));
#2965 = VECTOR('',#2966,1.);
#2966 = DIRECTION('',(1.,0.,0.));
#2967 = CYLINDRICAL_SURFACE('',#2968,2.);
#2968 = AXIS2_PLACEMENT_3D('',#2969,#2970,#2971);
#2969 = CARTESIAN_POINT('',(-165.,2.,-1.));
#2970 = DIRECTION('',(1.,0.,0.));
#2971 = DIRECTION('',(0.,0.,-1.));
#2972 = ADVANCED_FACE('',(#2973),#2993,.T.);
#2973 = FACE_BOUND('',#2974,.T.);
#2974 = EDGE_LOOP('',(#2975,#2976,#2985,#2992));
#2975 = ORIENTED_EDGE('',*,*,#2953,.F.);
#2976 = ORIENTED_EDGE('',*,*,#2977,.T.);
#2977 = EDGE_CURVE('',#2954,#2978,#2980,.T.);
#2978 = VERTEX_POINT('',#2979);
#2979 = CARTESIAN_POINT('',(-2.,5.,-3.));
#2980 = CIRCLE('',#2981,3.);
#2981 = AXIS2_PLACEMENT_3D('',#2982,#2983,#2984);
#2982 = CARTESIAN_POINT('',(-5.,5.,-3.));
#2983 = DIRECTION('',(0.,0.,1.));
#2984 = DIRECTION('',(-1.7763568394E-16,-1.,0.));
#2985 = ORIENTED_EDGE('',*,*,#2986,.T.);
#2986 = EDGE_CURVE('',#2978,#1883,#2987,.T.);
#2987 = CIRCLE('',#2988,2.);
#2988 = AXIS2_PLACEMENT_3D('',#2989,#2990,#2991);
#2989 = CARTESIAN_POINT('',(-2.,5.,-1.));
#2990 = DIRECTION('',(-2.388680238974E-16,-1.,0.));
#2991 = DIRECTION('',(1.,-2.388680238974E-16,0.));
#2992 = ORIENTED_EDGE('',*,*,#1890,.F.);
#2993 = TOROIDAL_SURFACE('',#2994,3.,2.);
#2994 = AXIS2_PLACEMENT_3D('',#2995,#2996,#2997);
#2995 = CARTESIAN_POINT('',(-5.,5.,-1.));
#2996 = DIRECTION('',(0.,0.,1.));
#2997 = DIRECTION('',(-1.7763568394E-16,-1.,0.));
#2998 = ADVANCED_FACE('',(#2999),#3018,.T.);
#2999 = FACE_BOUND('',#3000,.F.);
#3000 = EDGE_LOOP('',(#3001,#3002,#3003,#3012));
#3001 = ORIENTED_EDGE('',*,*,#2986,.T.);
#3002 = ORIENTED_EDGE('',*,*,#1906,.T.);
#3003 = ORIENTED_EDGE('',*,*,#3004,.F.);
#3004 = EDGE_CURVE('',#3005,#1907,#3007,.T.);
#3005 = VERTEX_POINT('',#3006);
#3006 = CARTESIAN_POINT('',(-2.,145.,-3.));
#3007 = CIRCLE('',#3008,2.);
#3008 = AXIS2_PLACEMENT_3D('',#3009,#3010,#3011);
#3009 = CARTESIAN_POINT('',(-2.,145.,-1.));
#3010 = DIRECTION('',(0.,-1.,0.));
#3011 = DIRECTION('',(0.,0.,-1.));
#3012 = ORIENTED_EDGE('',*,*,#3013,.F.);
#3013 = EDGE_CURVE('',#2978,#3005,#3014,.T.);
#3014 = LINE('',#3015,#3016);
#3015 = CARTESIAN_POINT('',(-2.,5.,-3.));
#3016 = VECTOR('',#3017,1.);
#3017 = DIRECTION('',(0.,1.,0.));
#3018 = CYLINDRICAL_SURFACE('',#3019,2.);
#3019 = AXIS2_PLACEMENT_3D('',#3020,#3021,#3022);
#3020 = CARTESIAN_POINT('',(-2.,5.,-1.));
#3021 = DIRECTION('',(0.,1.,0.));
#3022 = DIRECTION('',(0.,0.,-1.));
#3023 = ADVANCED_FACE('',(#3024),#3044,.T.);
#3024 = FACE_BOUND('',#3025,.T.);
#3025 = EDGE_LOOP('',(#3026,#3027,#3036,#3043));
#3026 = ORIENTED_EDGE('',*,*,#3004,.F.);
#3027 = ORIENTED_EDGE('',*,*,#3028,.T.);
#3028 = EDGE_CURVE('',#3005,#3029,#3031,.T.);
#3029 = VERTEX_POINT('',#3030);
#3030 = CARTESIAN_POINT('',(-5.,148.,-3.));
#3031 = CIRCLE('',#3032,3.);
#3032 = AXIS2_PLACEMENT_3D('',#3033,#3034,#3035);
#3033 = CARTESIAN_POINT('',(-5.,145.,-3.));
#3034 = DIRECTION('',(0.,0.,1.));
#3035 = DIRECTION('',(1.,0.,0.));
#3036 = ORIENTED_EDGE('',*,*,#3037,.T.);
#3037 = EDGE_CURVE('',#3029,#1932,#3038,.T.);
#3038 = CIRCLE('',#3039,2.);
#3039 = AXIS2_PLACEMENT_3D('',#3040,#3041,#3042);
#3040 = CARTESIAN_POINT('',(-5.,148.,-1.));
#3041 = DIRECTION('',(1.,-6.123233995737E-17,0.));
#3042 = DIRECTION('',(6.123233995737E-17,1.,0.));
#3043 = ORIENTED_EDGE('',*,*,#1939,.F.);
#3044 = TOROIDAL_SURFACE('',#3045,3.,2.);
#3045 = AXIS2_PLACEMENT_3D('',#3046,#3047,#3048);
#3046 = CARTESIAN_POINT('',(-5.,145.,-1.));
#3047 = DIRECTION('',(0.,0.,1.));
#3048 = DIRECTION('',(1.,0.,0.));
#3049 = ADVANCED_FACE('',(#3050),#3069,.T.);
#3050 = FACE_BOUND('',#3051,.F.);
#3051 = EDGE_LOOP('',(#3052,#3053,#3054,#3063));
#3052 = ORIENTED_EDGE('',*,*,#3037,.T.);
#3053 = ORIENTED_EDGE('',*,*,#1955,.T.);
#3054 = ORIENTED_EDGE('',*,*,#3055,.F.);
#3055 = EDGE_CURVE('',#3056,#1956,#3058,.T.);
#3056 = VERTEX_POINT('',#3057);
#3057 = CARTESIAN_POINT('',(-165.,148.,-3.));
#3058 = CIRCLE('',#3059,2.);
#3059 = AXIS2_PLACEMENT_3D('',#3060,#3061,#3062);
#3060 = CARTESIAN_POINT('',(-165.,148.,-1.));
#3061 = DIRECTION('',(1.,-0.,0.));
#3062 = DIRECTION('',(0.,0.,-1.));
#3063 = ORIENTED_EDGE('',*,*,#3064,.F.);
#3064 = EDGE_CURVE('',#3029,#3056,#3065,.T.);
#3065 = LINE('',#3066,#3067);
#3066 = CARTESIAN_POINT('',(-5.,148.,-3.));
#3067 = VECTOR('',#3068,1.);
#3068 = DIRECTION('',(-1.,0.,0.));
#3069 = CYLINDRICAL_SURFACE('',#3070,2.);
#3070 = AXIS2_PLACEMENT_3D('',#3071,#3072,#3073);
#3071 = CARTESIAN_POINT('',(-5.,148.,-1.));
#3072 = DIRECTION('',(-1.,0.,0.));
#3073 = DIRECTION('',(0.,0.,-1.));
#3074 = ADVANCED_FACE('',(#3075),#3085,.T.);
#3075 = FACE_BOUND('',#3076,.T.);
#3076 = EDGE_LOOP('',(#3077,#3078,#3079,#3080,#3081,#3082,#3083,#3084));
#3077 = ORIENTED_EDGE('',*,*,#2131,.T.);
#3078 = ORIENTED_EDGE('',*,*,#2107,.T.);
#3079 = ORIENTED_EDGE('',*,*,#2156,.T.);
#3080 = ORIENTED_EDGE('',*,*,#2205,.T.);
#3081 = ORIENTED_EDGE('',*,*,#2254,.T.);
#3082 = ORIENTED_EDGE('',*,*,#2272,.T.);
#3083 = ORIENTED_EDGE('',*,*,#2229,.T.);
#3084 = ORIENTED_EDGE('',*,*,#2181,.T.);
#3085 = PLANE('',#3086);
#3086 = AXIS2_PLACEMENT_3D('',#3087,#3088,#3089);
#3087 = CARTESIAN_POINT('',(-85.,75.,0.));
#3088 = DIRECTION('',(0.,0.,1.));
#3089 = DIRECTION('',(1.,0.,0.));
#3090 = ADVANCED_FACE('',(#3091),#3101,.T.);
#3091 = FACE_BOUND('',#3092,.T.);
#3092 = EDGE_LOOP('',(#3093,#3094,#3095,#3096,#3097,#3098,#3099,#3100));
#3093 = ORIENTED_EDGE('',*,*,#2327,.T.);
#3094 = ORIENTED_EDGE('',*,*,#2303,.T.);
#3095 = ORIENTED_EDGE('',*,*,#2352,.T.);
#3096 = ORIENTED_EDGE('',*,*,#2401,.T.);
#3097 = ORIENTED_EDGE('',*,*,#2450,.T.);
#3098 = ORIENTED_EDGE('',*,*,#2468,.T.);
#3099 = ORIENTED_EDGE('',*,*,#2425,.T.);
#3100 = ORIENTED_EDGE('',*,*,#2377,.T.);
#3101 = PLANE('',#3102);
#3102 = AXIS2_PLACEMENT_3D('',#3103,#3104,#3105);
#3103 = CARTESIAN_POINT('',(-85.,75.,0.));
#3104 = DIRECTION('',(0.,0.,1.));
#3105 = DIRECTION('',(1.,0.,0.));
#3106 = ADVANCED_FACE('',(#3107),#3117,.T.);
#3107 = FACE_BOUND('',#3108,.T.);
#3108 = EDGE_LOOP('',(#3109,#3110,#3111,#3112,#3113,#3114,#3115,#3116));
#3109 = ORIENTED_EDGE('',*,*,#2523,.T.);
#3110 = ORIENTED_EDGE('',*,*,#2499,.T.);
#3111 = ORIENTED_EDGE('',*,*,#2548,.T.);
#3112 = ORIENTED_EDGE('',*,*,#2597,.T.);
#3113 = ORIENTED_EDGE('',*,*,#2646,.T.);
#3114 = ORIENTED_EDGE('',*,*,#2664,.T.);
#3115 = ORIENTED_EDGE('',*,*,#2621,.T.);
#3116 = ORIENTED_EDGE('',*,*,#2573,.T.);
#3117 = PLANE('',#3118);
#3118 = AXIS2_PLACEMENT_3D('',#3119,#3120,#3121);
#3119 = CARTESIAN_POINT('',(-85.,75.,0.));
#3120 = DIRECTION('',(0.,0.,1.));
#3121 = DIRECTION('',(1.,0.,0.));
#3122 = ADVANCED_FACE('',(#3123),#3133,.T.);
#3123 = FACE_BOUND('',#3124,.T.);
#3124 = EDGE_LOOP('',(#3125,#3126,#3127,#3128,#3129,#3130,#3131,#3132));
#3125 = ORIENTED_EDGE('',*,*,#2719,.T.);
#3126 = ORIENTED_EDGE('',*,*,#2695,.T.);
#3127 = ORIENTED_EDGE('',*,*,#2744,.T.);
#3128 = ORIENTED_EDGE('',*,*,#2793,.T.);
#3129 = ORIENTED_EDGE('',*,*,#2842,.T.);
#3130 = ORIENTED_EDGE('',*,*,#2860,.T.);
#3131 = ORIENTED_EDGE('',*,*,#2817,.T.);
#3132 = ORIENTED_EDGE('',*,*,#2769,.T.);
#3133 = PLANE('',#3134);
#3134 = AXIS2_PLACEMENT_3D('',#3135,#3136,#3137);
#3135 = CARTESIAN_POINT('',(-85.,75.,0.));
#3136 = DIRECTION('',(0.,0.,1.));
#3137 = DIRECTION('',(1.,0.,0.));
#3138 = ADVANCED_FACE('',(#3139),#3151,.T.);
#3139 = FACE_BOUND('',#3140,.T.);
#3140 = EDGE_LOOP('',(#3141,#3142,#3149,#3150));
#3141 = ORIENTED_EDGE('',*,*,#3055,.F.);
#3142 = ORIENTED_EDGE('',*,*,#3143,.T.);
#3143 = EDGE_CURVE('',#3056,#2893,#3144,.T.);
#3144 = CIRCLE('',#3145,3.);
#3145 = AXIS2_PLACEMENT_3D('',#3146,#3147,#3148);
#3146 = CARTESIAN_POINT('',(-165.,145.,-3.));
#3147 = DIRECTION('',(0.,-0.,1.));
#3148 = DIRECTION('',(0.,1.,0.));
#3149 = ORIENTED_EDGE('',*,*,#2892,.T.);
#3150 = ORIENTED_EDGE('',*,*,#2877,.F.);
#3151 = TOROIDAL_SURFACE('',#3152,3.,2.);
#3152 = AXIS2_PLACEMENT_3D('',#3153,#3154,#3155);
#3153 = CARTESIAN_POINT('',(-165.,145.,-1.));
#3154 = DIRECTION('',(0.,0.,1.));
#3155 = DIRECTION('',(0.,1.,0.));
#3156 = ADVANCED_FACE('',(#3157),#3167,.F.);
#3157 = FACE_BOUND('',#3158,.F.);
#3158 = EDGE_LOOP('',(#3159,#3160,#3161,#3162,#3163,#3164,#3165,#3166));
#3159 = ORIENTED_EDGE('',*,*,#2911,.T.);
#3160 = ORIENTED_EDGE('',*,*,#2926,.T.);
#3161 = ORIENTED_EDGE('',*,*,#2962,.T.);
#3162 = ORIENTED_EDGE('',*,*,#2977,.T.);
#3163 = ORIENTED_EDGE('',*,*,#3013,.T.);
#3164 = ORIENTED_EDGE('',*,*,#3028,.T.);
#3165 = ORIENTED_EDGE('',*,*,#3064,.T.);
#3166 = ORIENTED_EDGE('',*,*,#3143,.T.);
#3167 = PLANE('',#3168);
#3168 = AXIS2_PLACEMENT_3D('',#3169,#3170,#3171);
#3169 = CARTESIAN_POINT('',(-85.,75.,-3.));
#3170 = DIRECTION('',(0.,0.,1.));
#3171 = DIRECTION('',(1.,0.,0.));
#3172 = ( GEOMETRIC_REPRESENTATION_CONTEXT(3) 
GLOBAL_UNCERTAINTY_ASSIGNED_CONTEXT((#3176)) 
GLOBAL_UNIT_ASSIGNED_CONTEXT((#3173,#3174,#3175)) REPRESENTATION_CONTEXT
('Context #1','3D Context with UNIT and UNCERTAINTY') );
#3173 = ( LENGTH_UNIT() NAMED_UNIT(*) SI_UNIT(.MILLI.,.METRE.) );
#3174 = ( NAMED_UNIT(*) PLANE_ANGLE_UNIT() SI_UNIT($,.RADIAN.) );
#3175 = ( NAMED_UNIT(*) SI_UNIT($,.STERADIAN.) SOLID_ANGLE_UNIT() );
#3176 = UNCERTAINTY_MEASURE_WITH_UNIT(LENGTH_MEASURE(5.E-05),#3173,
  'distance_accuracy_value','confusion accuracy');
#3177 = CONTEXT_DEPENDENT_SHAPE_REPRESENTATION(#3178,#3180);
#3178 = ( REPRESENTATION_RELATIONSHIP('','',#96,#10) 
REPRESENTATION_RELATIONSHIP_WITH_TRANSFORMATION(#3179) 
SHAPE_REPRESENTATION_RELATIONSHIP() );
#3179 = ITEM_DEFINED_TRANSFORMATION('','',#11,#15);
#3180 = PRODUCT_DEFINITION_SHAPE('Placement','Placement of an item',
  #3181);
#3181 = NEXT_ASSEMBLY_USAGE_OCCURRENCE('30','Body','',#5,#91,$);
#3182 = PRODUCT_RELATED_PRODUCT_CATEGORY('part',$,(#93));
#3183 = SHAPE_DEFINITION_REPRESENTATION(#3184,#3190);
#3184 = PRODUCT_DEFINITION_SHAPE('','',#3185);
#3185 = PRODUCT_DEFINITION('design','',#3186,#3189);
#3186 = PRODUCT_DEFINITION_FORMATION('','',#3187);
#3187 = PRODUCT('X-axis','X-axis','',(#3188));
#3188 = PRODUCT_CONTEXT('',#2,'mechanical');
#3189 = PRODUCT_DEFINITION_CONTEXT('part definition',#2,'design');
#3190 = GEOMETRICALLY_BOUNDED_WIREFRAME_SHAPE_REPRESENTATION('',(#11,
    #3191),#3196);
#3191 = GEOMETRIC_CURVE_SET('',(#3192));
#3192 = LINE('',#3193,#3194);
#3193 = CARTESIAN_POINT('',(0.,0.,0.));
#3194 = VECTOR('',#3195,1.);
#3195 = DIRECTION('',(1.,0.,0.));
#3196 = ( GEOMETRIC_REPRESENTATION_CONTEXT(3) 
GLOBAL_UNCERTAINTY_ASSIGNED_CONTEXT((#3200)) 
GLOBAL_UNIT_ASSIGNED_CONTEXT((#3197,#3198,#3199)) REPRESENTATION_CONTEXT
('Context #1','3D Context with UNIT and UNCERTAINTY') );
#3197 = ( LENGTH_UNIT() NAMED_UNIT(*) SI_UNIT(.MILLI.,.METRE.) );
#3198 = ( NAMED_UNIT(*) PLANE_ANGLE_UNIT() SI_UNIT($,.RADIAN.) );
#3199 = ( NAMED_UNIT(*) SI_UNIT($,.STERADIAN.) SOLID_ANGLE_UNIT() );
#3200 = UNCERTAINTY_MEASURE_WITH_UNIT(LENGTH_MEASURE(1.E-07),#3197,
  'distance_accuracy_value','confusion accuracy');
#3201 = CONTEXT_DEPENDENT_SHAPE_REPRESENTATION(#3202,#3204);
#3202 = ( REPRESENTATION_RELATIONSHIP('','',#3190,#10) 
REPRESENTATION_RELATIONSHIP_WITH_TRANSFORMATION(#3203) 
SHAPE_REPRESENTATION_RELATIONSHIP() );
#3203 = ITEM_DEFINED_TRANSFORMATION('','',#11,#19);
#3204 = PRODUCT_DEFINITION_SHAPE('Placement','Placement of an item',
  #3205);
#3205 = NEXT_ASSEMBLY_USAGE_OCCURRENCE('31','X-axis','',#5,#3185,$);
#3206 = PRODUCT_RELATED_PRODUCT_CATEGORY('part',$,(#3187));
#3207 = CONTEXT_DEPENDENT_SHAPE_REPRESENTATION(#3208,#3210);
#3208 = ( REPRESENTATION_RELATIONSHIP('','',#3190,#10) 
REPRESENTATION_RELATIONSHIP_WITH_TRANSFORMATION(#3209) 
SHAPE_REPRESENTATION_RELATIONSHIP() );
#3209 = ITEM_DEFINED_TRANSFORMATION('','',#11,#23);
#3210 = PRODUCT_DEFINITION_SHAPE('Placement','Placement of an item',
  #3211);
#3211 = NEXT_ASSEMBLY_USAGE_OCCURRENCE('32','Y-axis','',#5,#3185,$);
#3212 = CONTEXT_DEPENDENT_SHAPE_REPRESENTATION(#3213,#3215);
#3213 = ( REPRESENTATION_RELATIONSHIP('','',#3190,#10) 
REPRESENTATION_RELATIONSHIP_WITH_TRANSFORMATION(#3214) 
SHAPE_REPRESENTATION_RELATIONSHIP() );
#3214 = ITEM_DEFINED_TRANSFORMATION('','',#11,#27);
#3215 = PRODUCT_DEFINITION_SHAPE('Placement','Placement of an item',
  #3216);
#3216 = NEXT_ASSEMBLY_USAGE_OCCURRENCE('33','Z-axis','',#5,#3185,$);
#3217 = SHAPE_DEFINITION_REPRESENTATION(#3218,#3224);
#3218 = PRODUCT_DEFINITION_SHAPE('','',#3219);
#3219 = PRODUCT_DEFINITION('design','',#3220,#3223);
#3220 = PRODUCT_DEFINITION_FORMATION('','',#3221);
#3221 = PRODUCT('XY-plane','XY-plane','',(#3222));
#3222 = PRODUCT_CONTEXT('',#2,'mechanical');
#3223 = PRODUCT_DEFINITION_CONTEXT('part definition',#2,'design');
#3224 = MANIFOLD_SURFACE_SHAPE_REPRESENTATION('',(#11),#3225);
#3225 = ( GEOMETRIC_REPRESENTATION_CONTEXT(3) 
GLOBAL_UNCERTAINTY_ASSIGNED_CONTEXT((#3229)) 
GLOBAL_UNIT_ASSIGNED_CONTEXT((#3226,#3227,#3228)) REPRESENTATION_CONTEXT
('Context #1','3D Context with UNIT and UNCERTAINTY') );
#3226 = ( LENGTH_UNIT() NAMED_UNIT(*) SI_UNIT(.MILLI.,.METRE.) );
#3227 = ( NAMED_UNIT(*) PLANE_ANGLE_UNIT() SI_UNIT($,.RADIAN.) );
#3228 = ( NAMED_UNIT(*) SI_UNIT($,.STERADIAN.) SOLID_ANGLE_UNIT() );
#3229 = UNCERTAINTY_MEASURE_WITH_UNIT(LENGTH_MEASURE(1.E-07),#3226,
  'distance_accuracy_value','confusion accuracy');
#3230 = CONTEXT_DEPENDENT_SHAPE_REPRESENTATION(#3231,#3233);
#3231 = ( REPRESENTATION_RELATIONSHIP('','',#3224,#10) 
REPRESENTATION_RELATIONSHIP_WITH_TRANSFORMATION(#3232) 
SHAPE_REPRESENTATION_RELATIONSHIP() );
#3232 = ITEM_DEFINED_TRANSFORMATION('','',#11,#31);
#3233 = PRODUCT_DEFINITION_SHAPE('Placement','Placement of an item',
  #3234);
#3234 = NEXT_ASSEMBLY_USAGE_OCCURRENCE('34','XY-plane','',#5,#3219,$);
#3235 = PRODUCT_RELATED_PRODUCT_CATEGORY('part',$,(#3221));
#3236 = CONTEXT_DEPENDENT_SHAPE_REPRESENTATION(#3237,#3239);
#3237 = ( REPRESENTATION_RELATIONSHIP('','',#3224,#10) 
REPRESENTATION_RELATIONSHIP_WITH_TRANSFORMATION(#3238) 
SHAPE_REPRESENTATION_RELATIONSHIP() );
#3238 = ITEM_DEFINED_TRANSFORMATION('','',#11,#35);
#3239 = PRODUCT_DEFINITION_SHAPE('Placement','Placement of an item',
  #3240);
#3240 = NEXT_ASSEMBLY_USAGE_OCCURRENCE('35','XZ-plane','',#5,#3219,$);
#3241 = CONTEXT_DEPENDENT_SHAPE_REPRESENTATION(#3242,#3244);
#3242 = ( REPRESENTATION_RELATIONSHIP('','',#3224,#10) 
REPRESENTATION_RELATIONSHIP_WITH_TRANSFORMATION(#3243) 
SHAPE_REPRESENTATION_RELATIONSHIP() );
#3243 = ITEM_DEFINED_TRANSFORMATION('','',#11,#39);
#3244 = PRODUCT_DEFINITION_SHAPE('Placement','Placement of an item',
  #3245);
#3245 = NEXT_ASSEMBLY_USAGE_OCCURRENCE('36','YZ-plane','',#5,#3219,$);
#3246 = SHAPE_DEFINITION_REPRESENTATION(#3247,#3253);
#3247 = PRODUCT_DEFINITION_SHAPE('','',#3248);
#3248 = PRODUCT_DEFINITION('design','',#3249,#3252);
#3249 = PRODUCT_DEFINITION_FORMATION('','',#3250);
#3250 = PRODUCT('Sketch','Sketch','',(#3251));
#3251 = PRODUCT_CONTEXT('',#2,'mechanical');
#3252 = PRODUCT_DEFINITION_CONTEXT('part definition',#2,'design');
#3253 = SHAPE_REPRESENTATION('',(#11,#3254,#3315,#3376,#3437,#3498,#3559
    ,#3588,#3631,#3660,#3689,#3718,#3747,#3776),#3805);
#3254 = GEOMETRIC_CURVE_SET('',(#3255,#3262,#3270,#3277,#3285,#3292,
    #3300,#3307));
#3255 = TRIMMED_CURVE('',#3256,(#3260,PARAMETER_VALUE(0.)),(#3261,
    PARAMETER_VALUE(140.)),.T.,.PARAMETER.);
#3256 = LINE('',#3257,#3258);
#3257 = CARTESIAN_POINT('',(0.,5.,0.));
#3258 = VECTOR('',#3259,1.);
#3259 = DIRECTION('',(0.,1.,0.));
#3260 = CARTESIAN_POINT('',(0.,5.,0.));
#3261 = CARTESIAN_POINT('',(0.,145.,0.));
#3262 = TRIMMED_CURVE('',#3263,(#3268,PARAMETER_VALUE(0.)),(#3269,
    PARAMETER_VALUE(1.570796326795)),.T.,.PARAMETER.);
#3263 = CIRCLE('',#3264,5.);
#3264 = AXIS2_PLACEMENT_3D('',#3265,#3266,#3267);
#3265 = CARTESIAN_POINT('',(-5.,145.,0.));
#3266 = DIRECTION('',(0.,0.,1.));
#3267 = DIRECTION('',(1.,0.,0.));
#3268 = CARTESIAN_POINT('',(0.,145.,0.));
#3269 = CARTESIAN_POINT('',(-5.,150.,0.));
#3270 = TRIMMED_CURVE('',#3271,(#3275,PARAMETER_VALUE(0.)),(#3276,
    PARAMETER_VALUE(160.)),.T.,.PARAMETER.);
#3271 = LINE('',#3272,#3273);
#3272 = CARTESIAN_POINT('',(-5.,150.,0.));
#3273 = VECTOR('',#3274,1.);
#3274 = DIRECTION('',(-1.,0.,0.));
#3275 = CARTESIAN_POINT('',(-5.,150.,0.));
#3276 = CARTESIAN_POINT('',(-165.,150.,0.));
#3277 = TRIMMED_CURVE('',#3278,(#3283,PARAMETER_VALUE(1.570796326795)),(
    #3284,PARAMETER_VALUE(3.14159265359)),.T.,.PARAMETER.);
#3278 = CIRCLE('',#3279,5.);
#3279 = AXIS2_PLACEMENT_3D('',#3280,#3281,#3282);
#3280 = CARTESIAN_POINT('',(-165.,145.,0.));
#3281 = DIRECTION('',(0.,0.,1.));
#3282 = DIRECTION('',(1.,0.,0.));
#3283 = CARTESIAN_POINT('',(-165.,150.,0.));
#3284 = CARTESIAN_POINT('',(-170.,145.,0.));
#3285 = TRIMMED_CURVE('',#3286,(#3290,PARAMETER_VALUE(0.)),(#3291,
    PARAMETER_VALUE(140.)),.T.,.PARAMETER.);
#3286 = LINE('',#3287,#3288);
#3287 = CARTESIAN_POINT('',(-170.,145.,0.));
#3288 = VECTOR('',#3289,1.);
#3289 = DIRECTION('',(0.,-1.,0.));
#3290 = CARTESIAN_POINT('',(-170.,145.,0.));
#3291 = CARTESIAN_POINT('',(-170.,5.,0.));
#3292 = TRIMMED_CURVE('',#3293,(#3298,PARAMETER_VALUE(3.14159265359)),(
    #3299,PARAMETER_VALUE(4.712388980385)),.T.,.PARAMETER.);
#3293 = CIRCLE('',#3294,5.);
#3294 = AXIS2_PLACEMENT_3D('',#3295,#3296,#3297);
#3295 = CARTESIAN_POINT('',(-165.,5.,0.));
#3296 = DIRECTION('',(0.,0.,1.));
#3297 = DIRECTION('',(1.,0.,0.));
#3298 = CARTESIAN_POINT('',(-170.,5.,0.));
#3299 = CARTESIAN_POINT('',(-165.,0.,0.));
#3300 = TRIMMED_CURVE('',#3301,(#3305,PARAMETER_VALUE(0.)),(#3306,
    PARAMETER_VALUE(160.)),.T.,.PARAMETER.);
#3301 = LINE('',#3302,#3303);
#3302 = CARTESIAN_POINT('',(-165.,0.,0.));
#3303 = VECTOR('',#3304,1.);
#3304 = DIRECTION('',(1.,0.,0.));
#3305 = CARTESIAN_POINT('',(-165.,0.,0.));
#3306 = CARTESIAN_POINT('',(-5.,0.,0.));
#3307 = TRIMMED_CURVE('',#3308,(#3313,PARAMETER_VALUE(4.712388980385)),(
    #3314,PARAMETER_VALUE(6.28318530718)),.T.,.PARAMETER.);
#3308 = CIRCLE('',#3309,5.);
#3309 = AXIS2_PLACEMENT_3D('',#3310,#3311,#3312);
#3310 = CARTESIAN_POINT('',(-5.,5.,0.));
#3311 = DIRECTION('',(0.,0.,1.));
#3312 = DIRECTION('',(1.,0.,0.));
#3313 = CARTESIAN_POINT('',(-5.,0.,0.));
#3314 = CARTESIAN_POINT('',(0.,5.,0.));
#3315 = GEOMETRIC_CURVE_SET('',(#3316,#3323,#3331,#3338,#3346,#3353,
    #3361,#3368));
#3316 = TRIMMED_CURVE('',#3317,(#3321,PARAMETER_VALUE(0.)),(#3322,
    PARAMETER_VALUE(90.)),.T.,.PARAMETER.);
#3317 = LINE('',#3318,#3319);
#3318 = CARTESIAN_POINT('',(-137.,52.,0.));
#3319 = VECTOR('',#3320,1.);
#3320 = DIRECTION('',(0.,1.,0.));
#3321 = CARTESIAN_POINT('',(-137.,52.,0.));
#3322 = CARTESIAN_POINT('',(-137.,142.,0.));
#3323 = TRIMMED_CURVE('',#3324,(#3329,PARAMETER_VALUE(2.7E-15)),(#3330,
    PARAMETER_VALUE(1.570796326795)),.T.,.PARAMETER.);
#3324 = CIRCLE('',#3325,5.);
#3325 = AXIS2_PLACEMENT_3D('',#3326,#3327,#3328);
#3326 = CARTESIAN_POINT('',(-142.,142.,0.));
#3327 = DIRECTION('',(0.,0.,1.));
#3328 = DIRECTION('',(1.,0.,0.));
#3329 = CARTESIAN_POINT('',(-137.,142.,0.));
#3330 = CARTESIAN_POINT('',(-142.,147.,0.));
#3331 = TRIMMED_CURVE('',#3332,(#3336,PARAMETER_VALUE(0.)),(#3337,
    PARAMETER_VALUE(20.)),.T.,.PARAMETER.);
#3332 = LINE('',#3333,#3334);
#3333 = CARTESIAN_POINT('',(-142.,147.,0.));
#3334 = VECTOR('',#3335,1.);
#3335 = DIRECTION('',(-1.,0.,0.));
#3336 = CARTESIAN_POINT('',(-142.,147.,0.));
#3337 = CARTESIAN_POINT('',(-162.,147.,0.));
#3338 = TRIMMED_CURVE('',#3339,(#3344,PARAMETER_VALUE(1.570796326795)),(
    #3345,PARAMETER_VALUE(3.14159265359)),.T.,.PARAMETER.);
#3339 = CIRCLE('',#3340,5.);
#3340 = AXIS2_PLACEMENT_3D('',#3341,#3342,#3343);
#3341 = CARTESIAN_POINT('',(-162.,142.,0.));
#3342 = DIRECTION('',(0.,0.,1.));
#3343 = DIRECTION('',(1.,0.,0.));
#3344 = CARTESIAN_POINT('',(-162.,147.,0.));
#3345 = CARTESIAN_POINT('',(-167.,142.,0.));
#3346 = TRIMMED_CURVE('',#3347,(#3351,PARAMETER_VALUE(0.)),(#3352,
    PARAMETER_VALUE(90.)),.T.,.PARAMETER.);
#3347 = LINE('',#3348,#3349);
#3348 = CARTESIAN_POINT('',(-167.,142.,0.));
#3349 = VECTOR('',#3350,1.);
#3350 = DIRECTION('',(0.,-1.,0.));
#3351 = CARTESIAN_POINT('',(-167.,142.,0.));
#3352 = CARTESIAN_POINT('',(-167.,52.,0.));
#3353 = TRIMMED_CURVE('',#3354,(#3359,PARAMETER_VALUE(3.14159265359)),(
    #3360,PARAMETER_VALUE(4.712388980385)),.T.,.PARAMETER.);
#3354 = CIRCLE('',#3355,5.);
#3355 = AXIS2_PLACEMENT_3D('',#3356,#3357,#3358);
#3356 = CARTESIAN_POINT('',(-162.,52.,0.));
#3357 = DIRECTION('',(0.,0.,1.));
#3358 = DIRECTION('',(1.,0.,0.));
#3359 = CARTESIAN_POINT('',(-167.,52.,0.));
#3360 = CARTESIAN_POINT('',(-162.,47.,0.));
#3361 = TRIMMED_CURVE('',#3362,(#3366,PARAMETER_VALUE(0.)),(#3367,
    PARAMETER_VALUE(20.)),.T.,.PARAMETER.);
#3362 = LINE('',#3363,#3364);
#3363 = CARTESIAN_POINT('',(-162.,47.,0.));
#3364 = VECTOR('',#3365,1.);
#3365 = DIRECTION('',(1.,0.,0.));
#3366 = CARTESIAN_POINT('',(-162.,47.,0.));
#3367 = CARTESIAN_POINT('',(-142.,47.,0.));
#3368 = TRIMMED_CURVE('',#3369,(#3374,PARAMETER_VALUE(4.712388980385)),(
    #3375,PARAMETER_VALUE(6.28318530718)),.T.,.PARAMETER.);
#3369 = CIRCLE('',#3370,5.);
#3370 = AXIS2_PLACEMENT_3D('',#3371,#3372,#3373);
#3371 = CARTESIAN_POINT('',(-142.,52.,0.));
#3372 = DIRECTION('',(0.,0.,1.));
#3373 = DIRECTION('',(1.,0.,0.));
#3374 = CARTESIAN_POINT('',(-142.,47.,0.));
#3375 = CARTESIAN_POINT('',(-137.,52.,0.));
#3376 = GEOMETRIC_CURVE_SET('',(#3377,#3384,#3392,#3399,#3407,#3414,
    #3422,#3429));
#3377 = TRIMMED_CURVE('',#3378,(#3382,PARAMETER_VALUE(0.)),(#3383,
    PARAMETER_VALUE(90.)),.T.,.PARAMETER.);
#3378 = LINE('',#3379,#3380);
#3379 = CARTESIAN_POINT('',(-104.,51.999998464102,0.));
#3380 = VECTOR('',#3381,1.);
#3381 = DIRECTION('',(0.,1.,0.));
#3382 = CARTESIAN_POINT('',(-104.,51.999998464102,0.));
#3383 = CARTESIAN_POINT('',(-104.,141.9999984641,0.));
#3384 = TRIMMED_CURVE('',#3385,(#3390,PARAMETER_VALUE(0.)),(#3391,
    PARAMETER_VALUE(1.570796326795)),.T.,.PARAMETER.);
#3385 = CIRCLE('',#3386,5.);
#3386 = AXIS2_PLACEMENT_3D('',#3387,#3388,#3389);
#3387 = CARTESIAN_POINT('',(-109.,141.9999984641,0.));
#3388 = DIRECTION('',(0.,0.,1.));
#3389 = DIRECTION('',(1.,0.,0.));
#3390 = CARTESIAN_POINT('',(-104.,141.9999984641,0.));
#3391 = CARTESIAN_POINT('',(-109.,146.9999984641,0.));
#3392 = TRIMMED_CURVE('',#3393,(#3397,PARAMETER_VALUE(0.)),(#3398,
    PARAMETER_VALUE(20.)),.T.,.PARAMETER.);
#3393 = LINE('',#3394,#3395);
#3394 = CARTESIAN_POINT('',(-109.,146.9999984641,0.));
#3395 = VECTOR('',#3396,1.);
#3396 = DIRECTION('',(-1.,0.,0.));
#3397 = CARTESIAN_POINT('',(-109.,146.9999984641,0.));
#3398 = CARTESIAN_POINT('',(-129.,146.9999984641,0.));
#3399 = TRIMMED_CURVE('',#3400,(#3405,PARAMETER_VALUE(1.570796326795)),(
    #3406,PARAMETER_VALUE(3.14159265359)),.T.,.PARAMETER.);
#3400 = CIRCLE('',#3401,5.);
#3401 = AXIS2_PLACEMENT_3D('',#3402,#3403,#3404);
#3402 = CARTESIAN_POINT('',(-129.,141.9999984641,0.));
#3403 = DIRECTION('',(0.,0.,1.));
#3404 = DIRECTION('',(1.,0.,0.));
#3405 = CARTESIAN_POINT('',(-129.,146.9999984641,0.));
#3406 = CARTESIAN_POINT('',(-134.,141.9999984641,0.));
#3407 = TRIMMED_CURVE('',#3408,(#3412,PARAMETER_VALUE(0.)),(#3413,
    PARAMETER_VALUE(90.)),.T.,.PARAMETER.);
#3408 = LINE('',#3409,#3410);
#3409 = CARTESIAN_POINT('',(-134.,141.9999984641,0.));
#3410 = VECTOR('',#3411,1.);
#3411 = DIRECTION('',(0.,-1.,0.));
#3412 = CARTESIAN_POINT('',(-134.,141.9999984641,0.));
#3413 = CARTESIAN_POINT('',(-134.,51.999998464102,0.));
#3414 = TRIMMED_CURVE('',#3415,(#3420,PARAMETER_VALUE(3.14159265359)),(
    #3421,PARAMETER_VALUE(4.712388980385)),.T.,.PARAMETER.);
#3415 = CIRCLE('',#3416,5.);
#3416 = AXIS2_PLACEMENT_3D('',#3417,#3418,#3419);
#3417 = CARTESIAN_POINT('',(-129.,51.999998464102,0.));
#3418 = DIRECTION('',(0.,0.,1.));
#3419 = DIRECTION('',(1.,0.,0.));
#3420 = CARTESIAN_POINT('',(-134.,51.999998464102,0.));
#3421 = CARTESIAN_POINT('',(-129.,46.999998464102,0.));
#3422 = TRIMMED_CURVE('',#3423,(#3427,PARAMETER_VALUE(0.)),(#3428,
    PARAMETER_VALUE(20.)),.T.,.PARAMETER.);
#3423 = LINE('',#3424,#3425);
#3424 = CARTESIAN_POINT('',(-129.,46.999998464102,0.));
#3425 = VECTOR('',#3426,1.);
#3426 = DIRECTION('',(1.,0.,0.));
#3427 = CARTESIAN_POINT('',(-129.,46.999998464102,0.));
#3428 = CARTESIAN_POINT('',(-109.,46.999998464102,0.));
#3429 = TRIMMED_CURVE('',#3430,(#3435,PARAMETER_VALUE(4.712388980385)),(
    #3436,PARAMETER_VALUE(6.28318530718)),.T.,.PARAMETER.);
#3430 = CIRCLE('',#3431,5.);
#3431 = AXIS2_PLACEMENT_3D('',#3432,#3433,#3434);
#3432 = CARTESIAN_POINT('',(-109.,51.999998464102,0.));
#3433 = DIRECTION('',(0.,0.,1.));
#3434 = DIRECTION('',(1.,0.,0.));
#3435 = CARTESIAN_POINT('',(-109.,46.999998464102,0.));
#3436 = CARTESIAN_POINT('',(-104.,51.999998464102,0.));
#3437 = GEOMETRIC_CURVE_SET('',(#3438,#3445,#3453,#3460,#3468,#3475,
    #3483,#3490));
#3438 = TRIMMED_CURVE('',#3439,(#3443,PARAMETER_VALUE(0.)),(#3444,
    PARAMETER_VALUE(90.)),.T.,.PARAMETER.);
#3439 = LINE('',#3440,#3441);
#3440 = CARTESIAN_POINT('',(-71.,52.000378191104,0.));
#3441 = VECTOR('',#3442,1.);
#3442 = DIRECTION('',(0.,1.,0.));
#3443 = CARTESIAN_POINT('',(-71.,52.000378191104,0.));
#3444 = CARTESIAN_POINT('',(-71.,142.0003781911,0.));
#3445 = TRIMMED_CURVE('',#3446,(#3451,PARAMETER_VALUE(2.4E-15)),(#3452,
    PARAMETER_VALUE(1.570796326795)),.T.,.PARAMETER.);
#3446 = CIRCLE('',#3447,5.);
#3447 = AXIS2_PLACEMENT_3D('',#3448,#3449,#3450);
#3448 = CARTESIAN_POINT('',(-76.,142.0003781911,0.));
#3449 = DIRECTION('',(0.,0.,1.));
#3450 = DIRECTION('',(1.,0.,0.));
#3451 = CARTESIAN_POINT('',(-71.,142.0003781911,0.));
#3452 = CARTESIAN_POINT('',(-76.,147.0003781911,0.));
#3453 = TRIMMED_CURVE('',#3454,(#3458,PARAMETER_VALUE(0.)),(#3459,
    PARAMETER_VALUE(20.)),.T.,.PARAMETER.);
#3454 = LINE('',#3455,#3456);
#3455 = CARTESIAN_POINT('',(-76.,147.0003781911,0.));
#3456 = VECTOR('',#3457,1.);
#3457 = DIRECTION('',(-1.,0.,0.));
#3458 = CARTESIAN_POINT('',(-76.,147.0003781911,0.));
#3459 = CARTESIAN_POINT('',(-96.,147.0003781911,0.));
#3460 = TRIMMED_CURVE('',#3461,(#3466,PARAMETER_VALUE(1.570796326795)),(
    #3467,PARAMETER_VALUE(3.14159265359)),.T.,.PARAMETER.);
#3461 = CIRCLE('',#3462,5.);
#3462 = AXIS2_PLACEMENT_3D('',#3463,#3464,#3465);
#3463 = CARTESIAN_POINT('',(-96.,142.0003781911,0.));
#3464 = DIRECTION('',(0.,0.,1.));
#3465 = DIRECTION('',(1.,0.,0.));
#3466 = CARTESIAN_POINT('',(-96.,147.0003781911,0.));
#3467 = CARTESIAN_POINT('',(-101.,142.0003781911,0.));
#3468 = TRIMMED_CURVE('',#3469,(#3473,PARAMETER_VALUE(0.)),(#3474,
    PARAMETER_VALUE(90.)),.T.,.PARAMETER.);
#3469 = LINE('',#3470,#3471);
#3470 = CARTESIAN_POINT('',(-101.,142.0003781911,0.));
#3471 = VECTOR('',#3472,1.);
#3472 = DIRECTION('',(0.,-1.,0.));
#3473 = CARTESIAN_POINT('',(-101.,142.0003781911,0.));
#3474 = CARTESIAN_POINT('',(-101.,52.000378191104,0.));
#3475 = TRIMMED_CURVE('',#3476,(#3481,PARAMETER_VALUE(3.14159265359)),(
    #3482,PARAMETER_VALUE(4.712388980385)),.T.,.PARAMETER.);
#3476 = CIRCLE('',#3477,5.);
#3477 = AXIS2_PLACEMENT_3D('',#3478,#3479,#3480);
#3478 = CARTESIAN_POINT('',(-96.,52.000378191104,0.));
#3479 = DIRECTION('',(0.,0.,1.));
#3480 = DIRECTION('',(1.,0.,0.));
#3481 = CARTESIAN_POINT('',(-101.,52.000378191104,0.));
#3482 = CARTESIAN_POINT('',(-96.,47.000378191104,0.));
#3483 = TRIMMED_CURVE('',#3484,(#3488,PARAMETER_VALUE(0.)),(#3489,
    PARAMETER_VALUE(20.)),.T.,.PARAMETER.);
#3484 = LINE('',#3485,#3486);
#3485 = CARTESIAN_POINT('',(-96.,47.000378191104,0.));
#3486 = VECTOR('',#3487,1.);
#3487 = DIRECTION('',(1.,0.,0.));
#3488 = CARTESIAN_POINT('',(-96.,47.000378191104,0.));
#3489 = CARTESIAN_POINT('',(-76.,47.000378191104,0.));
#3490 = TRIMMED_CURVE('',#3491,(#3496,PARAMETER_VALUE(4.712388980385)),(
    #3497,PARAMETER_VALUE(6.28318530718)),.T.,.PARAMETER.);
#3491 = CIRCLE('',#3492,5.);
#3492 = AXIS2_PLACEMENT_3D('',#3493,#3494,#3495);
#3493 = CARTESIAN_POINT('',(-76.,52.000378191104,0.));
#3494 = DIRECTION('',(0.,0.,1.));
#3495 = DIRECTION('',(1.,0.,0.));
#3496 = CARTESIAN_POINT('',(-76.,47.000378191104,0.));
#3497 = CARTESIAN_POINT('',(-71.,52.000378191104,0.));
#3498 = GEOMETRIC_CURVE_SET('',(#3499,#3506,#3514,#3521,#3529,#3536,
    #3544,#3551));
#3499 = TRIMMED_CURVE('',#3500,(#3504,PARAMETER_VALUE(0.)),(#3505,
    PARAMETER_VALUE(90.)),.T.,.PARAMETER.);
#3500 = LINE('',#3501,#3502);
#3501 = CARTESIAN_POINT('',(-38.,51.999995402092,0.));
#3502 = VECTOR('',#3503,1.);
#3503 = DIRECTION('',(0.,1.,0.));
#3504 = CARTESIAN_POINT('',(-38.,51.999995402092,0.));
#3505 = CARTESIAN_POINT('',(-38.,141.99999540209,0.));
#3506 = TRIMMED_CURVE('',#3507,(#3512,PARAMETER_VALUE(
      -8.881784197001E-16)),(#3513,PARAMETER_VALUE(1.570796326795)),.T.,
  .PARAMETER.);
#3507 = CIRCLE('',#3508,5.);
#3508 = AXIS2_PLACEMENT_3D('',#3509,#3510,#3511);
#3509 = CARTESIAN_POINT('',(-43.,141.99999540209,0.));
#3510 = DIRECTION('',(0.,0.,1.));
#3511 = DIRECTION('',(1.,0.,0.));
#3512 = CARTESIAN_POINT('',(-38.,141.99999540209,0.));
#3513 = CARTESIAN_POINT('',(-43.,146.99999540209,0.));
#3514 = TRIMMED_CURVE('',#3515,(#3519,PARAMETER_VALUE(0.)),(#3520,
    PARAMETER_VALUE(20.)),.T.,.PARAMETER.);
#3515 = LINE('',#3516,#3517);
#3516 = CARTESIAN_POINT('',(-43.,146.99999540209,0.));
#3517 = VECTOR('',#3518,1.);
#3518 = DIRECTION('',(-1.,0.,0.));
#3519 = CARTESIAN_POINT('',(-43.,146.99999540209,0.));
#3520 = CARTESIAN_POINT('',(-63.,146.99999540209,0.));
#3521 = TRIMMED_CURVE('',#3522,(#3527,PARAMETER_VALUE(1.570796326795)),(
    #3528,PARAMETER_VALUE(3.14159265359)),.T.,.PARAMETER.);
#3522 = CIRCLE('',#3523,5.);
#3523 = AXIS2_PLACEMENT_3D('',#3524,#3525,#3526);
#3524 = CARTESIAN_POINT('',(-63.,141.99999540209,0.));
#3525 = DIRECTION('',(0.,0.,1.));
#3526 = DIRECTION('',(1.,0.,0.));
#3527 = CARTESIAN_POINT('',(-63.,146.99999540209,0.));
#3528 = CARTESIAN_POINT('',(-68.,141.99999540209,0.));
#3529 = TRIMMED_CURVE('',#3530,(#3534,PARAMETER_VALUE(0.)),(#3535,
    PARAMETER_VALUE(90.)),.T.,.PARAMETER.);
#3530 = LINE('',#3531,#3532);
#3531 = CARTESIAN_POINT('',(-68.,141.99999540209,0.));
#3532 = VECTOR('',#3533,1.);
#3533 = DIRECTION('',(0.,-1.,0.));
#3534 = CARTESIAN_POINT('',(-68.,141.99999540209,0.));
#3535 = CARTESIAN_POINT('',(-68.,51.999995402092,0.));
#3536 = TRIMMED_CURVE('',#3537,(#3542,PARAMETER_VALUE(3.14159265359)),(
    #3543,PARAMETER_VALUE(4.712388980385)),.T.,.PARAMETER.);
#3537 = CIRCLE('',#3538,5.);
#3538 = AXIS2_PLACEMENT_3D('',#3539,#3540,#3541);
#3539 = CARTESIAN_POINT('',(-63.,51.999995402092,0.));
#3540 = DIRECTION('',(0.,0.,1.));
#3541 = DIRECTION('',(1.,0.,0.));
#3542 = CARTESIAN_POINT('',(-68.,51.999995402092,0.));
#3543 = CARTESIAN_POINT('',(-63.,46.999995402092,0.));
#3544 = TRIMMED_CURVE('',#3545,(#3549,PARAMETER_VALUE(0.)),(#3550,
    PARAMETER_VALUE(20.)),.T.,.PARAMETER.);
#3545 = LINE('',#3546,#3547);
#3546 = CARTESIAN_POINT('',(-63.,46.999995402092,0.));
#3547 = VECTOR('',#3548,1.);
#3548 = DIRECTION('',(1.,0.,0.));
#3549 = CARTESIAN_POINT('',(-63.,46.999995402092,0.));
#3550 = CARTESIAN_POINT('',(-43.,46.999995402092,0.));
#3551 = TRIMMED_CURVE('',#3552,(#3557,PARAMETER_VALUE(4.712388980385)),(
    #3558,PARAMETER_VALUE(6.28318530718)),.T.,.PARAMETER.);
#3552 = CIRCLE('',#3553,5.);
#3553 = AXIS2_PLACEMENT_3D('',#3554,#3555,#3556);
#3554 = CARTESIAN_POINT('',(-43.,51.999995402092,0.));
#3555 = DIRECTION('',(0.,0.,1.));
#3556 = DIRECTION('',(1.,0.,0.));
#3557 = CARTESIAN_POINT('',(-43.,46.999995402092,0.));
#3558 = CARTESIAN_POINT('',(-38.,51.999995402092,0.));
#3559 = GEOMETRIC_CURVE_SET('',(#3560,#3567,#3574,#3581));
#3560 = TRIMMED_CURVE('',#3561,(#3565,PARAMETER_VALUE(0.)),(#3566,
    PARAMETER_VALUE(21.693085)),.T.,.PARAMETER.);
#3561 = LINE('',#3562,#3563);
#3562 = CARTESIAN_POINT('',(-35.,147.,0.));
#3563 = VECTOR('',#3564,1.);
#3564 = DIRECTION('',(0.,-1.,0.));
#3565 = CARTESIAN_POINT('',(-35.,147.,0.));
#3566 = CARTESIAN_POINT('',(-35.,125.306915,0.));
#3567 = TRIMMED_CURVE('',#3568,(#3572,PARAMETER_VALUE(0.)),(#3573,
    PARAMETER_VALUE(32.)),.T.,.PARAMETER.);
#3568 = LINE('',#3569,#3570);
#3569 = CARTESIAN_POINT('',(-3.,125.306915,0.));
#3570 = VECTOR('',#3571,1.);
#3571 = DIRECTION('',(-1.,0.,0.));
#3572 = CARTESIAN_POINT('',(-3.,125.306915,0.));
#3573 = CARTESIAN_POINT('',(-35.,125.306915,0.));
#3574 = TRIMMED_CURVE('',#3575,(#3579,PARAMETER_VALUE(0.)),(#3580,
    PARAMETER_VALUE(21.693085)),.T.,.PARAMETER.);
#3575 = LINE('',#3576,#3577);
#3576 = CARTESIAN_POINT('',(-3.,125.306915,0.));
#3577 = VECTOR('',#3578,1.);
#3578 = DIRECTION('',(0.,1.,0.));
#3579 = CARTESIAN_POINT('',(-3.,125.306915,0.));
#3580 = CARTESIAN_POINT('',(-3.,147.,0.));
#3581 = TRIMMED_CURVE('',#3582,(#3586,PARAMETER_VALUE(0.)),(#3587,
    PARAMETER_VALUE(32.)),.T.,.PARAMETER.);
#3582 = LINE('',#3583,#3584);
#3583 = CARTESIAN_POINT('',(-3.,147.,0.));
#3584 = VECTOR('',#3585,1.);
#3585 = DIRECTION('',(-1.,0.,0.));
#3586 = CARTESIAN_POINT('',(-3.,147.,0.));
#3587 = CARTESIAN_POINT('',(-35.,147.,0.));
#3588 = GEOMETRIC_CURVE_SET('',(#3589,#3596,#3603,#3610,#3617,#3624));
#3589 = TRIMMED_CURVE('',#3590,(#3594,PARAMETER_VALUE(0.)),(#3595,
    PARAMETER_VALUE(9.5185E-02)),.T.,.PARAMETER.);
#3590 = LINE('',#3591,#3592);
#3591 = CARTESIAN_POINT('',(-35.,72.562552,0.));
#3592 = VECTOR('',#3593,1.);
#3593 = DIRECTION('',(0.,-1.,0.));
#3594 = CARTESIAN_POINT('',(-35.,72.562552,0.));
#3595 = CARTESIAN_POINT('',(-35.,72.467367,0.));
#3596 = TRIMMED_CURVE('',#3597,(#3601,PARAMETER_VALUE(0.)),(#3602,
    PARAMETER_VALUE(25.467367)),.T.,.PARAMETER.);
#3597 = LINE('',#3598,#3599);
#3598 = CARTESIAN_POINT('',(-35.,72.467367,0.));
#3599 = VECTOR('',#3600,1.);
#3600 = DIRECTION('',(0.,-1.,0.));
#3601 = CARTESIAN_POINT('',(-35.,72.467367,0.));
#3602 = CARTESIAN_POINT('',(-35.,47.,0.));
#3603 = TRIMMED_CURVE('',#3604,(#3608,PARAMETER_VALUE(0.)),(#3609,
    PARAMETER_VALUE(32.)),.T.,.PARAMETER.);
#3604 = LINE('',#3605,#3606);
#3605 = CARTESIAN_POINT('',(-35.,47.,0.));
#3606 = VECTOR('',#3607,1.);
#3607 = DIRECTION('',(1.,0.,0.));
#3608 = CARTESIAN_POINT('',(-35.,47.,0.));
#3609 = CARTESIAN_POINT('',(-3.,47.,0.));
#3610 = TRIMMED_CURVE('',#3611,(#3615,PARAMETER_VALUE(0.)),(#3616,
    PARAMETER_VALUE(25.467367)),.T.,.PARAMETER.);
#3611 = LINE('',#3612,#3613);
#3612 = CARTESIAN_POINT('',(-3.,47.,0.));
#3613 = VECTOR('',#3614,1.);
#3614 = DIRECTION('',(0.,1.,0.));
#3615 = CARTESIAN_POINT('',(-3.,47.,0.));
#3616 = CARTESIAN_POINT('',(-3.,72.467367,0.));
#3617 = TRIMMED_CURVE('',#3618,(#3622,PARAMETER_VALUE(0.)),(#3623,
    PARAMETER_VALUE(9.5185E-02)),.T.,.PARAMETER.);
#3618 = LINE('',#3619,#3620);
#3619 = CARTESIAN_POINT('',(-3.,72.467367,0.));
#3620 = VECTOR('',#3621,1.);
#3621 = DIRECTION('',(0.,1.,0.));
#3622 = CARTESIAN_POINT('',(-3.,72.467367,0.));
#3623 = CARTESIAN_POINT('',(-3.,72.562552,0.));
#3624 = TRIMMED_CURVE('',#3625,(#3629,PARAMETER_VALUE(0.)),(#3630,
    PARAMETER_VALUE(32.)),.T.,.PARAMETER.);
#3625 = LINE('',#3626,#3627);
#3626 = CARTESIAN_POINT('',(-35.,72.562552,0.));
#3627 = VECTOR('',#3628,1.);
#3628 = DIRECTION('',(1.,0.,0.));
#3629 = CARTESIAN_POINT('',(-35.,72.562552,0.));
#3630 = CARTESIAN_POINT('',(-3.,72.562552,0.));
#3631 = GEOMETRIC_CURVE_SET('',(#3632,#3639,#3646,#3653));
#3632 = TRIMMED_CURVE('',#3633,(#3637,PARAMETER_VALUE(0.)),(#3638,
    PARAMETER_VALUE(32.)),.T.,.PARAMETER.);
#3633 = LINE('',#3634,#3635);
#3634 = CARTESIAN_POINT('',(-35.,123.306915,0.));
#3635 = VECTOR('',#3636,1.);
#3636 = DIRECTION('',(1.,0.,0.));
#3637 = CARTESIAN_POINT('',(-35.,123.306915,0.));
#3638 = CARTESIAN_POINT('',(-3.,123.306915,0.));
#3639 = TRIMMED_CURVE('',#3640,(#3644,PARAMETER_VALUE(0.)),(#3645,
    PARAMETER_VALUE(23.372181)),.T.,.PARAMETER.);
#3640 = LINE('',#3641,#3642);
#3641 = CARTESIAN_POINT('',(-3.,99.934734,0.));
#3642 = VECTOR('',#3643,1.);
#3643 = DIRECTION('',(0.,1.,0.));
#3644 = CARTESIAN_POINT('',(-3.,99.934734,0.));
#3645 = CARTESIAN_POINT('',(-3.,123.306915,0.));
#3646 = TRIMMED_CURVE('',#3647,(#3651,PARAMETER_VALUE(0.)),(#3652,
    PARAMETER_VALUE(32.)),.T.,.PARAMETER.);
#3647 = LINE('',#3648,#3649);
#3648 = CARTESIAN_POINT('',(-3.,99.934734,0.));
#3649 = VECTOR('',#3650,1.);
#3650 = DIRECTION('',(-1.,0.,0.));
#3651 = CARTESIAN_POINT('',(-3.,99.934734,0.));
#3652 = CARTESIAN_POINT('',(-35.,99.934734,0.));
#3653 = TRIMMED_CURVE('',#3654,(#3658,PARAMETER_VALUE(0.)),(#3659,
    PARAMETER_VALUE(23.372181)),.T.,.PARAMETER.);
#3654 = LINE('',#3655,#3656);
#3655 = CARTESIAN_POINT('',(-35.,123.306915,0.));
#3656 = VECTOR('',#3657,1.);
#3657 = DIRECTION('',(0.,-1.,0.));
#3658 = CARTESIAN_POINT('',(-35.,123.306915,0.));
#3659 = CARTESIAN_POINT('',(-35.,99.934734,0.));
#3660 = GEOMETRIC_CURVE_SET('',(#3661,#3668,#3675,#3682));
#3661 = TRIMMED_CURVE('',#3662,(#3666,PARAMETER_VALUE(0.)),(#3667,
    PARAMETER_VALUE(32.)),.T.,.PARAMETER.);
#3662 = LINE('',#3663,#3664);
#3663 = CARTESIAN_POINT('',(-3.,74.562552,0.));
#3664 = VECTOR('',#3665,1.);
#3665 = DIRECTION('',(-1.,0.,0.));
#3666 = CARTESIAN_POINT('',(-3.,74.562552,0.));
#3667 = CARTESIAN_POINT('',(-35.,74.562552,0.));
#3668 = TRIMMED_CURVE('',#3669,(#3673,PARAMETER_VALUE(0.)),(#3674,
    PARAMETER_VALUE(23.372182)),.T.,.PARAMETER.);
#3669 = LINE('',#3670,#3671);
#3670 = CARTESIAN_POINT('',(-35.,97.934734,0.));
#3671 = VECTOR('',#3672,1.);
#3672 = DIRECTION('',(0.,-1.,0.));
#3673 = CARTESIAN_POINT('',(-35.,97.934734,0.));
#3674 = CARTESIAN_POINT('',(-35.,74.562552,0.));
#3675 = TRIMMED_CURVE('',#3676,(#3680,PARAMETER_VALUE(0.)),(#3681,
    PARAMETER_VALUE(32.)),.T.,.PARAMETER.);
#3676 = LINE('',#3677,#3678);
#3677 = CARTESIAN_POINT('',(-35.,97.934734,0.));
#3678 = VECTOR('',#3679,1.);
#3679 = DIRECTION('',(1.,0.,0.));
#3680 = CARTESIAN_POINT('',(-35.,97.934734,0.));
#3681 = CARTESIAN_POINT('',(-3.,97.934734,0.));
#3682 = TRIMMED_CURVE('',#3683,(#3687,PARAMETER_VALUE(0.)),(#3688,
    PARAMETER_VALUE(23.372182)),.T.,.PARAMETER.);
#3683 = LINE('',#3684,#3685);
#3684 = CARTESIAN_POINT('',(-3.,74.562552,0.));
#3685 = VECTOR('',#3686,1.);
#3686 = DIRECTION('',(0.,1.,0.));
#3687 = CARTESIAN_POINT('',(-3.,74.562552,0.));
#3688 = CARTESIAN_POINT('',(-3.,97.934734,0.));
#3689 = GEOMETRIC_CURVE_SET('',(#3690,#3697,#3704,#3711));
#3690 = TRIMMED_CURVE('',#3691,(#3695,PARAMETER_VALUE(0.)),(#3696,
    PARAMETER_VALUE(41.)),.T.,.PARAMETER.);
#3691 = LINE('',#3692,#3693);
#3692 = CARTESIAN_POINT('',(-167.,44.,0.));
#3693 = VECTOR('',#3694,1.);
#3694 = DIRECTION('',(0.,-1.,0.));
#3695 = CARTESIAN_POINT('',(-167.,44.,0.));
#3696 = CARTESIAN_POINT('',(-167.,3.,0.));
#3697 = TRIMMED_CURVE('',#3698,(#3702,PARAMETER_VALUE(0.)),(#3703,
    PARAMETER_VALUE(46.8685)),.T.,.PARAMETER.);
#3698 = LINE('',#3699,#3700);
#3699 = CARTESIAN_POINT('',(-167.,3.,0.));
#3700 = VECTOR('',#3701,1.);
#3701 = DIRECTION('',(1.,0.,0.));
#3702 = CARTESIAN_POINT('',(-167.,3.,0.));
#3703 = CARTESIAN_POINT('',(-120.1315,3.,0.));
#3704 = TRIMMED_CURVE('',#3705,(#3709,PARAMETER_VALUE(0.)),(#3710,
    PARAMETER_VALUE(41.)),.T.,.PARAMETER.);
#3705 = LINE('',#3706,#3707);
#3706 = CARTESIAN_POINT('',(-120.1315,44.,0.));
#3707 = VECTOR('',#3708,1.);
#3708 = DIRECTION('',(0.,-1.,0.));
#3709 = CARTESIAN_POINT('',(-120.1315,44.,0.));
#3710 = CARTESIAN_POINT('',(-120.1315,3.,0.));
#3711 = TRIMMED_CURVE('',#3712,(#3716,PARAMETER_VALUE(0.)),(#3717,
    PARAMETER_VALUE(46.8685)),.T.,.PARAMETER.);
#3712 = LINE('',#3713,#3714);
#3713 = CARTESIAN_POINT('',(-120.1315,44.,0.));
#3714 = VECTOR('',#3715,1.);
#3715 = DIRECTION('',(-1.,0.,0.));
#3716 = CARTESIAN_POINT('',(-120.1315,44.,0.));
#3717 = CARTESIAN_POINT('',(-167.,44.,0.));
#3718 = GEOMETRIC_CURVE_SET('',(#3719,#3726,#3733,#3740));
#3719 = TRIMMED_CURVE('',#3720,(#3724,PARAMETER_VALUE(0.)),(#3725,
    PARAMETER_VALUE(41.10004)),.T.,.PARAMETER.);
#3720 = LINE('',#3721,#3722);
#3721 = CARTESIAN_POINT('',(-3.,2.89996,0.));
#3722 = VECTOR('',#3723,1.);
#3723 = DIRECTION('',(0.,1.,0.));
#3724 = CARTESIAN_POINT('',(-3.,2.89996,0.));
#3725 = CARTESIAN_POINT('',(-3.,44.,0.));
#3726 = TRIMMED_CURVE('',#3727,(#3731,PARAMETER_VALUE(0.)),(#3732,
    PARAMETER_VALUE(38.895123)),.T.,.PARAMETER.);
#3727 = LINE('',#3728,#3729);
#3728 = CARTESIAN_POINT('',(-3.,44.,0.));
#3729 = VECTOR('',#3730,1.);
#3730 = DIRECTION('',(-1.,0.,0.));
#3731 = CARTESIAN_POINT('',(-3.,44.,0.));
#3732 = CARTESIAN_POINT('',(-41.895123,44.,0.));
#3733 = TRIMMED_CURVE('',#3734,(#3738,PARAMETER_VALUE(0.)),(#3739,
    PARAMETER_VALUE(41.10004)),.T.,.PARAMETER.);
#3734 = LINE('',#3735,#3736);
#3735 = CARTESIAN_POINT('',(-41.895123,44.,0.));
#3736 = VECTOR('',#3737,1.);
#3737 = DIRECTION('',(0.,-1.,0.));
#3738 = CARTESIAN_POINT('',(-41.895123,44.,0.));
#3739 = CARTESIAN_POINT('',(-41.895123,2.89996,0.));
#3740 = TRIMMED_CURVE('',#3741,(#3745,PARAMETER_VALUE(0.)),(#3746,
    PARAMETER_VALUE(38.895123)),.T.,.PARAMETER.);
#3741 = LINE('',#3742,#3743);
#3742 = CARTESIAN_POINT('',(-41.895123,2.89996,0.));
#3743 = VECTOR('',#3744,1.);
#3744 = DIRECTION('',(1.,0.,0.));
#3745 = CARTESIAN_POINT('',(-41.895123,2.89996,0.));
#3746 = CARTESIAN_POINT('',(-3.,2.89996,0.));
#3747 = GEOMETRIC_CURVE_SET('',(#3748,#3755,#3762,#3769));
#3748 = TRIMMED_CURVE('',#3749,(#3753,PARAMETER_VALUE(0.)),(#3754,
    PARAMETER_VALUE(41.10004)),.T.,.PARAMETER.);
#3749 = LINE('',#3750,#3751);
#3750 = CARTESIAN_POINT('',(-85.,44.,0.));
#3751 = VECTOR('',#3752,1.);
#3752 = DIRECTION('',(0.,-1.,0.));
#3753 = CARTESIAN_POINT('',(-85.,44.,0.));
#3754 = CARTESIAN_POINT('',(-85.,2.89996,0.));
#3755 = TRIMMED_CURVE('',#3756,(#3760,PARAMETER_VALUE(0.)),(#3761,
    PARAMETER_VALUE(32.943893)),.T.,.PARAMETER.);
#3756 = LINE('',#3757,#3758);
#3757 = CARTESIAN_POINT('',(-117.943893,2.89996,0.));
#3758 = VECTOR('',#3759,1.);
#3759 = DIRECTION('',(1.,0.,0.));
#3760 = CARTESIAN_POINT('',(-117.943893,2.89996,0.));
#3761 = CARTESIAN_POINT('',(-85.,2.89996,0.));
#3762 = TRIMMED_CURVE('',#3763,(#3767,PARAMETER_VALUE(0.)),(#3768,
    PARAMETER_VALUE(41.10004)),.T.,.PARAMETER.);
#3763 = LINE('',#3764,#3765);
#3764 = CARTESIAN_POINT('',(-117.943893,44.,0.));
#3765 = VECTOR('',#3766,1.);
#3766 = DIRECTION('',(0.,-1.,0.));
#3767 = CARTESIAN_POINT('',(-117.943893,44.,0.));
#3768 = CARTESIAN_POINT('',(-117.943893,2.89996,0.));
#3769 = TRIMMED_CURVE('',#3770,(#3774,PARAMETER_VALUE(0.)),(#3775,
    PARAMETER_VALUE(32.943893)),.T.,.PARAMETER.);
#3770 = LINE('',#3771,#3772);
#3771 = CARTESIAN_POINT('',(-85.,44.,0.));
#3772 = VECTOR('',#3773,1.);
#3773 = DIRECTION('',(-1.,0.,0.));
#3774 = CARTESIAN_POINT('',(-85.,44.,0.));
#3775 = CARTESIAN_POINT('',(-117.943893,44.,0.));
#3776 = GEOMETRIC_CURVE_SET('',(#3777,#3784,#3791,#3798));
#3777 = TRIMMED_CURVE('',#3778,(#3782,PARAMETER_VALUE(0.)),(#3783,
    PARAMETER_VALUE(41.10004)),.T.,.PARAMETER.);
#3778 = LINE('',#3779,#3780);
#3779 = CARTESIAN_POINT('',(-44.23278,44.,0.));
#3780 = VECTOR('',#3781,1.);
#3781 = DIRECTION('',(0.,-1.,0.));
#3782 = CARTESIAN_POINT('',(-44.23278,44.,0.));
#3783 = CARTESIAN_POINT('',(-44.23278,2.89996,0.));
#3784 = TRIMMED_CURVE('',#3785,(#3789,PARAMETER_VALUE(0.)),(#3790,
    PARAMETER_VALUE(38.345314)),.T.,.PARAMETER.);
#3785 = LINE('',#3786,#3787);
#3786 = CARTESIAN_POINT('',(-82.578094,2.89996,0.));
#3787 = VECTOR('',#3788,1.);
#3788 = DIRECTION('',(1.,0.,0.));
#3789 = CARTESIAN_POINT('',(-82.578094,2.89996,0.));
#3790 = CARTESIAN_POINT('',(-44.23278,2.89996,0.));
#3791 = TRIMMED_CURVE('',#3792,(#3796,PARAMETER_VALUE(0.)),(#3797,
    PARAMETER_VALUE(41.10004)),.T.,.PARAMETER.);
#3792 = LINE('',#3793,#3794);
#3793 = CARTESIAN_POINT('',(-82.578094,44.,0.));
#3794 = VECTOR('',#3795,1.);
#3795 = DIRECTION('',(0.,-1.,0.));
#3796 = CARTESIAN_POINT('',(-82.578094,44.,0.));
#3797 = CARTESIAN_POINT('',(-82.578094,2.89996,0.));
#3798 = TRIMMED_CURVE('',#3799,(#3803,PARAMETER_VALUE(0.)),(#3804,
    PARAMETER_VALUE(38.345314)),.T.,.PARAMETER.);
#3799 = LINE('',#3800,#3801);
#3800 = CARTESIAN_POINT('',(-44.23278,44.,0.));
#3801 = VECTOR('',#3802,1.);
#3802 = DIRECTION('',(-1.,0.,0.));
#3803 = CARTESIAN_POINT('',(-44.23278,44.,0.));
#3804 = CARTESIAN_POINT('',(-82.578094,44.,0.));
#3805 = ( GEOMETRIC_REPRESENTATION_CONTEXT(3) 
GLOBAL_UNCERTAINTY_ASSIGNED_CONTEXT((#3809)) 
GLOBAL_UNIT_ASSIGNED_CONTEXT((#3806,#3807,#3808)) REPRESENTATION_CONTEXT
('Context #1','3D Context with UNIT and UNCERTAINTY') );
#3806 = ( LENGTH_UNIT() NAMED_UNIT(*) SI_UNIT(.MILLI.,.METRE.) );
#3807 = ( NAMED_UNIT(*) PLANE_ANGLE_UNIT() SI_UNIT($,.RADIAN.) );
#3808 = ( NAMED_UNIT(*) SI_UNIT($,.STERADIAN.) SOLID_ANGLE_UNIT() );
#3809 = UNCERTAINTY_MEASURE_WITH_UNIT(LENGTH_MEASURE(1.E-07),#3806,
  'distance_accuracy_value','confusion accuracy');
#3810 = CONTEXT_DEPENDENT_SHAPE_REPRESENTATION(#3811,#3813);
#3811 = ( REPRESENTATION_RELATIONSHIP('','',#3253,#10) 
REPRESENTATION_RELATIONSHIP_WITH_TRANSFORMATION(#3812) 
SHAPE_REPRESENTATION_RELATIONSHIP() );
#3812 = ITEM_DEFINED_TRANSFORMATION('','',#11,#43);
#3813 = PRODUCT_DEFINITION_SHAPE('Placement','Placement of an item',
  #3814);
#3814 = NEXT_ASSEMBLY_USAGE_OCCURRENCE('37','Sketch','',#5,#3248,$);
#3815 = PRODUCT_RELATED_PRODUCT_CATEGORY('part',$,(#3250));
#3816 = SHAPE_DEFINITION_REPRESENTATION(#3817,#3823);
#3817 = PRODUCT_DEFINITION_SHAPE('','',#3818);
#3818 = PRODUCT_DEFINITION('design','',#3819,#3822);
#3819 = PRODUCT_DEFINITION_FORMATION('','',#3820);
#3820 = PRODUCT('Pad','Pad','',(#3821));
#3821 = PRODUCT_CONTEXT('',#2,'mechanical');
#3822 = PRODUCT_DEFINITION_CONTEXT('part definition',#2,'design');
#3823 = ADVANCED_BREP_SHAPE_REPRESENTATION('',(#11,#3824),#6306);
#3824 = MANIFOLD_SOLID_BREP('',#3825);
#3825 = CLOSED_SHELL('',(#3826,#3866,#3899,#3930,#3963,#3994,#4027,#4058
    ,#4082,#4650,#4681,#4706,#4730,#4755,#4779,#4804,#4828,#4846,#4877,
    #4902,#4926,#4951,#4975,#5000,#5024,#5042,#5073,#5098,#5122,#5147,
    #5171,#5196,#5220,#5238,#5269,#5294,#5318,#5343,#5367,#5392,#5416,
    #5434,#5465,#5489,#5513,#5530,#5561,#5585,#5609,#5626,#5657,#5681,
    #5705,#5722,#5753,#5777,#5801,#5818,#5849,#5880,#5911,#5935,#5959,
    #5976,#6007,#6031,#6055,#6072,#6103,#6127,#6151,#6168,#6282,#6294));
#3826 = ADVANCED_FACE('',(#3827),#3861,.F.);
#3827 = FACE_BOUND('',#3828,.F.);
#3828 = EDGE_LOOP('',(#3829,#3839,#3847,#3855));
#3829 = ORIENTED_EDGE('',*,*,#3830,.T.);
#3830 = EDGE_CURVE('',#3831,#3833,#3835,.T.);
#3831 = VERTEX_POINT('',#3832);
#3832 = CARTESIAN_POINT('',(0.,5.,0.));
#3833 = VERTEX_POINT('',#3834);
#3834 = CARTESIAN_POINT('',(0.,5.,70.));
#3835 = LINE('',#3836,#3837);
#3836 = CARTESIAN_POINT('',(0.,5.,0.));
#3837 = VECTOR('',#3838,1.);
#3838 = DIRECTION('',(0.,0.,1.));
#3839 = ORIENTED_EDGE('',*,*,#3840,.T.);
#3840 = EDGE_CURVE('',#3833,#3841,#3843,.T.);
#3841 = VERTEX_POINT('',#3842);
#3842 = CARTESIAN_POINT('',(0.,145.,70.));
#3843 = LINE('',#3844,#3845);
#3844 = CARTESIAN_POINT('',(0.,5.,70.));
#3845 = VECTOR('',#3846,1.);
#3846 = DIRECTION('',(0.,1.,0.));
#3847 = ORIENTED_EDGE('',*,*,#3848,.F.);
#3848 = EDGE_CURVE('',#3849,#3841,#3851,.T.);
#3849 = VERTEX_POINT('',#3850);
#3850 = CARTESIAN_POINT('',(0.,145.,0.));
#3851 = LINE('',#3852,#3853);
#3852 = CARTESIAN_POINT('',(0.,145.,0.));
#3853 = VECTOR('',#3854,1.);
#3854 = DIRECTION('',(0.,0.,1.));
#3855 = ORIENTED_EDGE('',*,*,#3856,.F.);
#3856 = EDGE_CURVE('',#3831,#3849,#3857,.T.);
#3857 = LINE('',#3858,#3859);
#3858 = CARTESIAN_POINT('',(0.,5.,0.));
#3859 = VECTOR('',#3860,1.);
#3860 = DIRECTION('',(0.,1.,0.));
#3861 = PLANE('',#3862);
#3862 = AXIS2_PLACEMENT_3D('',#3863,#3864,#3865);
#3863 = CARTESIAN_POINT('',(0.,5.,0.));
#3864 = DIRECTION('',(-1.,0.,0.));
#3865 = DIRECTION('',(0.,1.,0.));
#3866 = ADVANCED_FACE('',(#3867),#3894,.T.);
#3867 = FACE_BOUND('',#3868,.F.);
#3868 = EDGE_LOOP('',(#3869,#3870,#3879,#3887));
#3869 = ORIENTED_EDGE('',*,*,#3848,.T.);
#3870 = ORIENTED_EDGE('',*,*,#3871,.T.);
#3871 = EDGE_CURVE('',#3841,#3872,#3874,.T.);
#3872 = VERTEX_POINT('',#3873);
#3873 = CARTESIAN_POINT('',(-5.,150.,70.));
#3874 = CIRCLE('',#3875,5.);
#3875 = AXIS2_PLACEMENT_3D('',#3876,#3877,#3878);
#3876 = CARTESIAN_POINT('',(-5.,145.,70.));
#3877 = DIRECTION('',(0.,0.,1.));
#3878 = DIRECTION('',(1.,0.,0.));
#3879 = ORIENTED_EDGE('',*,*,#3880,.F.);
#3880 = EDGE_CURVE('',#3881,#3872,#3883,.T.);
#3881 = VERTEX_POINT('',#3882);
#3882 = CARTESIAN_POINT('',(-5.,150.,0.));
#3883 = LINE('',#3884,#3885);
#3884 = CARTESIAN_POINT('',(-5.,150.,0.));
#3885 = VECTOR('',#3886,1.);
#3886 = DIRECTION('',(0.,0.,1.));
#3887 = ORIENTED_EDGE('',*,*,#3888,.F.);
#3888 = EDGE_CURVE('',#3849,#3881,#3889,.T.);
#3889 = CIRCLE('',#3890,5.);
#3890 = AXIS2_PLACEMENT_3D('',#3891,#3892,#3893);
#3891 = CARTESIAN_POINT('',(-5.,145.,0.));
#3892 = DIRECTION('',(0.,0.,1.));
#3893 = DIRECTION('',(1.,0.,0.));
#3894 = CYLINDRICAL_SURFACE('',#3895,5.);
#3895 = AXIS2_PLACEMENT_3D('',#3896,#3897,#3898);
#3896 = CARTESIAN_POINT('',(-5.,145.,0.));
#3897 = DIRECTION('',(-0.,-0.,-1.));
#3898 = DIRECTION('',(1.,0.,0.));
#3899 = ADVANCED_FACE('',(#3900),#3925,.F.);
#3900 = FACE_BOUND('',#3901,.F.);
#3901 = EDGE_LOOP('',(#3902,#3903,#3911,#3919));
#3902 = ORIENTED_EDGE('',*,*,#3880,.T.);
#3903 = ORIENTED_EDGE('',*,*,#3904,.T.);
#3904 = EDGE_CURVE('',#3872,#3905,#3907,.T.);
#3905 = VERTEX_POINT('',#3906);
#3906 = CARTESIAN_POINT('',(-165.,150.,70.));
#3907 = LINE('',#3908,#3909);
#3908 = CARTESIAN_POINT('',(-5.,150.,70.));
#3909 = VECTOR('',#3910,1.);
#3910 = DIRECTION('',(-1.,0.,0.));
#3911 = ORIENTED_EDGE('',*,*,#3912,.F.);
#3912 = EDGE_CURVE('',#3913,#3905,#3915,.T.);
#3913 = VERTEX_POINT('',#3914);
#3914 = CARTESIAN_POINT('',(-165.,150.,0.));
#3915 = LINE('',#3916,#3917);
#3916 = CARTESIAN_POINT('',(-165.,150.,0.));
#3917 = VECTOR('',#3918,1.);
#3918 = DIRECTION('',(0.,0.,1.));
#3919 = ORIENTED_EDGE('',*,*,#3920,.F.);
#3920 = EDGE_CURVE('',#3881,#3913,#3921,.T.);
#3921 = LINE('',#3922,#3923);
#3922 = CARTESIAN_POINT('',(-5.,150.,0.));
#3923 = VECTOR('',#3924,1.);
#3924 = DIRECTION('',(-1.,0.,0.));
#3925 = PLANE('',#3926);
#3926 = AXIS2_PLACEMENT_3D('',#3927,#3928,#3929);
#3927 = CARTESIAN_POINT('',(-5.,150.,0.));
#3928 = DIRECTION('',(0.,-1.,0.));
#3929 = DIRECTION('',(-1.,0.,0.));
#3930 = ADVANCED_FACE('',(#3931),#3958,.T.);
#3931 = FACE_BOUND('',#3932,.F.);
#3932 = EDGE_LOOP('',(#3933,#3934,#3943,#3951));
#3933 = ORIENTED_EDGE('',*,*,#3912,.T.);
#3934 = ORIENTED_EDGE('',*,*,#3935,.T.);
#3935 = EDGE_CURVE('',#3905,#3936,#3938,.T.);
#3936 = VERTEX_POINT('',#3937);
#3937 = CARTESIAN_POINT('',(-170.,145.,70.));
#3938 = CIRCLE('',#3939,5.);
#3939 = AXIS2_PLACEMENT_3D('',#3940,#3941,#3942);
#3940 = CARTESIAN_POINT('',(-165.,145.,70.));
#3941 = DIRECTION('',(0.,0.,1.));
#3942 = DIRECTION('',(1.,0.,0.));
#3943 = ORIENTED_EDGE('',*,*,#3944,.F.);
#3944 = EDGE_CURVE('',#3945,#3936,#3947,.T.);
#3945 = VERTEX_POINT('',#3946);
#3946 = CARTESIAN_POINT('',(-170.,145.,0.));
#3947 = LINE('',#3948,#3949);
#3948 = CARTESIAN_POINT('',(-170.,145.,0.));
#3949 = VECTOR('',#3950,1.);
#3950 = DIRECTION('',(0.,0.,1.));
#3951 = ORIENTED_EDGE('',*,*,#3952,.F.);
#3952 = EDGE_CURVE('',#3913,#3945,#3953,.T.);
#3953 = CIRCLE('',#3954,5.);
#3954 = AXIS2_PLACEMENT_3D('',#3955,#3956,#3957);
#3955 = CARTESIAN_POINT('',(-165.,145.,0.));
#3956 = DIRECTION('',(0.,0.,1.));
#3957 = DIRECTION('',(1.,0.,0.));
#3958 = CYLINDRICAL_SURFACE('',#3959,5.);
#3959 = AXIS2_PLACEMENT_3D('',#3960,#3961,#3962);
#3960 = CARTESIAN_POINT('',(-165.,145.,0.));
#3961 = DIRECTION('',(-0.,-0.,-1.));
#3962 = DIRECTION('',(1.,0.,0.));
#3963 = ADVANCED_FACE('',(#3964),#3989,.F.);
#3964 = FACE_BOUND('',#3965,.F.);
#3965 = EDGE_LOOP('',(#3966,#3967,#3975,#3983));
#3966 = ORIENTED_EDGE('',*,*,#3944,.T.);
#3967 = ORIENTED_EDGE('',*,*,#3968,.T.);
#3968 = EDGE_CURVE('',#3936,#3969,#3971,.T.);
#3969 = VERTEX_POINT('',#3970);
#3970 = CARTESIAN_POINT('',(-170.,5.,70.));
#3971 = LINE('',#3972,#3973);
#3972 = CARTESIAN_POINT('',(-170.,145.,70.));
#3973 = VECTOR('',#3974,1.);
#3974 = DIRECTION('',(0.,-1.,0.));
#3975 = ORIENTED_EDGE('',*,*,#3976,.F.);
#3976 = EDGE_CURVE('',#3977,#3969,#3979,.T.);
#3977 = VERTEX_POINT('',#3978);
#3978 = CARTESIAN_POINT('',(-170.,5.,0.));
#3979 = LINE('',#3980,#3981);
#3980 = CARTESIAN_POINT('',(-170.,5.,0.));
#3981 = VECTOR('',#3982,1.);
#3982 = DIRECTION('',(0.,0.,1.));
#3983 = ORIENTED_EDGE('',*,*,#3984,.F.);
#3984 = EDGE_CURVE('',#3945,#3977,#3985,.T.);
#3985 = LINE('',#3986,#3987);
#3986 = CARTESIAN_POINT('',(-170.,145.,0.));
#3987 = VECTOR('',#3988,1.);
#3988 = DIRECTION('',(0.,-1.,0.));
#3989 = PLANE('',#3990);
#3990 = AXIS2_PLACEMENT_3D('',#3991,#3992,#3993);
#3991 = CARTESIAN_POINT('',(-170.,145.,0.));
#3992 = DIRECTION('',(1.,0.,-0.));
#3993 = DIRECTION('',(0.,-1.,0.));
#3994 = ADVANCED_FACE('',(#3995),#4022,.T.);
#3995 = FACE_BOUND('',#3996,.F.);
#3996 = EDGE_LOOP('',(#3997,#3998,#4007,#4015));
#3997 = ORIENTED_EDGE('',*,*,#3976,.T.);
#3998 = ORIENTED_EDGE('',*,*,#3999,.T.);
#3999 = EDGE_CURVE('',#3969,#4000,#4002,.T.);
#4000 = VERTEX_POINT('',#4001);
#4001 = CARTESIAN_POINT('',(-165.,0.,70.));
#4002 = CIRCLE('',#4003,5.);
#4003 = AXIS2_PLACEMENT_3D('',#4004,#4005,#4006);
#4004 = CARTESIAN_POINT('',(-165.,5.,70.));
#4005 = DIRECTION('',(0.,0.,1.));
#4006 = DIRECTION('',(1.,0.,0.));
#4007 = ORIENTED_EDGE('',*,*,#4008,.F.);
#4008 = EDGE_CURVE('',#4009,#4000,#4011,.T.);
#4009 = VERTEX_POINT('',#4010);
#4010 = CARTESIAN_POINT('',(-165.,0.,0.));
#4011 = LINE('',#4012,#4013);
#4012 = CARTESIAN_POINT('',(-165.,0.,0.));
#4013 = VECTOR('',#4014,1.);
#4014 = DIRECTION('',(0.,0.,1.));
#4015 = ORIENTED_EDGE('',*,*,#4016,.F.);
#4016 = EDGE_CURVE('',#3977,#4009,#4017,.T.);
#4017 = CIRCLE('',#4018,5.);
#4018 = AXIS2_PLACEMENT_3D('',#4019,#4020,#4021);
#4019 = CARTESIAN_POINT('',(-165.,5.,0.));
#4020 = DIRECTION('',(0.,0.,1.));
#4021 = DIRECTION('',(1.,0.,0.));
#4022 = CYLINDRICAL_SURFACE('',#4023,5.);
#4023 = AXIS2_PLACEMENT_3D('',#4024,#4025,#4026);
#4024 = CARTESIAN_POINT('',(-165.,5.,0.));
#4025 = DIRECTION('',(-0.,-0.,-1.));
#4026 = DIRECTION('',(1.,0.,0.));
#4027 = ADVANCED_FACE('',(#4028),#4053,.F.);
#4028 = FACE_BOUND('',#4029,.F.);
#4029 = EDGE_LOOP('',(#4030,#4031,#4039,#4047));
#4030 = ORIENTED_EDGE('',*,*,#4008,.T.);
#4031 = ORIENTED_EDGE('',*,*,#4032,.T.);
#4032 = EDGE_CURVE('',#4000,#4033,#4035,.T.);
#4033 = VERTEX_POINT('',#4034);
#4034 = CARTESIAN_POINT('',(-5.,0.,70.));
#4035 = LINE('',#4036,#4037);
#4036 = CARTESIAN_POINT('',(-165.,0.,70.));
#4037 = VECTOR('',#4038,1.);
#4038 = DIRECTION('',(1.,0.,0.));
#4039 = ORIENTED_EDGE('',*,*,#4040,.F.);
#4040 = EDGE_CURVE('',#4041,#4033,#4043,.T.);
#4041 = VERTEX_POINT('',#4042);
#4042 = CARTESIAN_POINT('',(-5.,0.,0.));
#4043 = LINE('',#4044,#4045);
#4044 = CARTESIAN_POINT('',(-5.,0.,0.));
#4045 = VECTOR('',#4046,1.);
#4046 = DIRECTION('',(0.,0.,1.));
#4047 = ORIENTED_EDGE('',*,*,#4048,.F.);
#4048 = EDGE_CURVE('',#4009,#4041,#4049,.T.);
#4049 = LINE('',#4050,#4051);
#4050 = CARTESIAN_POINT('',(-165.,0.,0.));
#4051 = VECTOR('',#4052,1.);
#4052 = DIRECTION('',(1.,0.,0.));
#4053 = PLANE('',#4054);
#4054 = AXIS2_PLACEMENT_3D('',#4055,#4056,#4057);
#4055 = CARTESIAN_POINT('',(-165.,0.,0.));
#4056 = DIRECTION('',(0.,1.,0.));
#4057 = DIRECTION('',(1.,0.,0.));
#4058 = ADVANCED_FACE('',(#4059),#4077,.T.);
#4059 = FACE_BOUND('',#4060,.F.);
#4060 = EDGE_LOOP('',(#4061,#4062,#4069,#4070));
#4061 = ORIENTED_EDGE('',*,*,#4040,.T.);
#4062 = ORIENTED_EDGE('',*,*,#4063,.T.);
#4063 = EDGE_CURVE('',#4033,#3833,#4064,.T.);
#4064 = CIRCLE('',#4065,5.);
#4065 = AXIS2_PLACEMENT_3D('',#4066,#4067,#4068);
#4066 = CARTESIAN_POINT('',(-5.,5.,70.));
#4067 = DIRECTION('',(0.,0.,1.));
#4068 = DIRECTION('',(1.,0.,0.));
#4069 = ORIENTED_EDGE('',*,*,#3830,.F.);
#4070 = ORIENTED_EDGE('',*,*,#4071,.F.);
#4071 = EDGE_CURVE('',#4041,#3831,#4072,.T.);
#4072 = CIRCLE('',#4073,5.);
#4073 = AXIS2_PLACEMENT_3D('',#4074,#4075,#4076);
#4074 = CARTESIAN_POINT('',(-5.,5.,0.));
#4075 = DIRECTION('',(0.,0.,1.));
#4076 = DIRECTION('',(1.,0.,0.));
#4077 = CYLINDRICAL_SURFACE('',#4078,5.);
#4078 = AXIS2_PLACEMENT_3D('',#4079,#4080,#4081);
#4079 = CARTESIAN_POINT('',(-5.,5.,0.));
#4080 = DIRECTION('',(-0.,-0.,-1.));
#4081 = DIRECTION('',(1.,0.,0.));
#4082 = ADVANCED_FACE('',(#4083,#4093,#4163,#4233,#4303,#4373,#4407,
    #4441,#4475,#4509,#4543,#4577,#4611),#4645,.F.);
#4083 = FACE_BOUND('',#4084,.F.);
#4084 = EDGE_LOOP('',(#4085,#4086,#4087,#4088,#4089,#4090,#4091,#4092));
#4085 = ORIENTED_EDGE('',*,*,#3856,.T.);
#4086 = ORIENTED_EDGE('',*,*,#3888,.T.);
#4087 = ORIENTED_EDGE('',*,*,#3920,.T.);
#4088 = ORIENTED_EDGE('',*,*,#3952,.T.);
#4089 = ORIENTED_EDGE('',*,*,#3984,.T.);
#4090 = ORIENTED_EDGE('',*,*,#4016,.T.);
#4091 = ORIENTED_EDGE('',*,*,#4048,.T.);
#4092 = ORIENTED_EDGE('',*,*,#4071,.T.);
#4093 = FACE_BOUND('',#4094,.T.);
#4094 = EDGE_LOOP('',(#4095,#4105,#4114,#4122,#4131,#4139,#4148,#4156));
#4095 = ORIENTED_EDGE('',*,*,#4096,.T.);
#4096 = EDGE_CURVE('',#4097,#4099,#4101,.T.);
#4097 = VERTEX_POINT('',#4098);
#4098 = CARTESIAN_POINT('',(-137.,52.,0.));
#4099 = VERTEX_POINT('',#4100);
#4100 = CARTESIAN_POINT('',(-137.,142.,0.));
#4101 = LINE('',#4102,#4103);
#4102 = CARTESIAN_POINT('',(-137.,52.,0.));
#4103 = VECTOR('',#4104,1.);
#4104 = DIRECTION('',(0.,1.,0.));
#4105 = ORIENTED_EDGE('',*,*,#4106,.T.);
#4106 = EDGE_CURVE('',#4099,#4107,#4109,.T.);
#4107 = VERTEX_POINT('',#4108);
#4108 = CARTESIAN_POINT('',(-142.,147.,0.));
#4109 = CIRCLE('',#4110,5.);
#4110 = AXIS2_PLACEMENT_3D('',#4111,#4112,#4113);
#4111 = CARTESIAN_POINT('',(-142.,142.,0.));
#4112 = DIRECTION('',(0.,0.,1.));
#4113 = DIRECTION('',(1.,0.,0.));
#4114 = ORIENTED_EDGE('',*,*,#4115,.T.);
#4115 = EDGE_CURVE('',#4107,#4116,#4118,.T.);
#4116 = VERTEX_POINT('',#4117);
#4117 = CARTESIAN_POINT('',(-162.,147.,0.));
#4118 = LINE('',#4119,#4120);
#4119 = CARTESIAN_POINT('',(-142.,147.,0.));
#4120 = VECTOR('',#4121,1.);
#4121 = DIRECTION('',(-1.,0.,0.));
#4122 = ORIENTED_EDGE('',*,*,#4123,.T.);
#4123 = EDGE_CURVE('',#4116,#4124,#4126,.T.);
#4124 = VERTEX_POINT('',#4125);
#4125 = CARTESIAN_POINT('',(-167.,142.,0.));
#4126 = CIRCLE('',#4127,5.);
#4127 = AXIS2_PLACEMENT_3D('',#4128,#4129,#4130);
#4128 = CARTESIAN_POINT('',(-162.,142.,0.));
#4129 = DIRECTION('',(0.,0.,1.));
#4130 = DIRECTION('',(1.,0.,0.));
#4131 = ORIENTED_EDGE('',*,*,#4132,.T.);
#4132 = EDGE_CURVE('',#4124,#4133,#4135,.T.);
#4133 = VERTEX_POINT('',#4134);
#4134 = CARTESIAN_POINT('',(-167.,52.,0.));
#4135 = LINE('',#4136,#4137);
#4136 = CARTESIAN_POINT('',(-167.,142.,0.));
#4137 = VECTOR('',#4138,1.);
#4138 = DIRECTION('',(0.,-1.,0.));
#4139 = ORIENTED_EDGE('',*,*,#4140,.T.);
#4140 = EDGE_CURVE('',#4133,#4141,#4143,.T.);
#4141 = VERTEX_POINT('',#4142);
#4142 = CARTESIAN_POINT('',(-162.,47.,0.));
#4143 = CIRCLE('',#4144,5.);
#4144 = AXIS2_PLACEMENT_3D('',#4145,#4146,#4147);
#4145 = CARTESIAN_POINT('',(-162.,52.,0.));
#4146 = DIRECTION('',(0.,0.,1.));
#4147 = DIRECTION('',(1.,0.,0.));
#4148 = ORIENTED_EDGE('',*,*,#4149,.T.);
#4149 = EDGE_CURVE('',#4141,#4150,#4152,.T.);
#4150 = VERTEX_POINT('',#4151);
#4151 = CARTESIAN_POINT('',(-142.,47.,0.));
#4152 = LINE('',#4153,#4154);
#4153 = CARTESIAN_POINT('',(-162.,47.,0.));
#4154 = VECTOR('',#4155,1.);
#4155 = DIRECTION('',(1.,0.,0.));
#4156 = ORIENTED_EDGE('',*,*,#4157,.T.);
#4157 = EDGE_CURVE('',#4150,#4097,#4158,.T.);
#4158 = CIRCLE('',#4159,5.);
#4159 = AXIS2_PLACEMENT_3D('',#4160,#4161,#4162);
#4160 = CARTESIAN_POINT('',(-142.,52.,0.));
#4161 = DIRECTION('',(0.,0.,1.));
#4162 = DIRECTION('',(1.,0.,0.));
#4163 = FACE_BOUND('',#4164,.T.);
#4164 = EDGE_LOOP('',(#4165,#4175,#4184,#4192,#4201,#4209,#4218,#4226));
#4165 = ORIENTED_EDGE('',*,*,#4166,.T.);
#4166 = EDGE_CURVE('',#4167,#4169,#4171,.T.);
#4167 = VERTEX_POINT('',#4168);
#4168 = CARTESIAN_POINT('',(-104.,51.999998464102,0.));
#4169 = VERTEX_POINT('',#4170);
#4170 = CARTESIAN_POINT('',(-104.,141.9999984641,0.));
#4171 = LINE('',#4172,#4173);
#4172 = CARTESIAN_POINT('',(-104.,51.999998464102,0.));
#4173 = VECTOR('',#4174,1.);
#4174 = DIRECTION('',(0.,1.,0.));
#4175 = ORIENTED_EDGE('',*,*,#4176,.T.);
#4176 = EDGE_CURVE('',#4169,#4177,#4179,.T.);
#4177 = VERTEX_POINT('',#4178);
#4178 = CARTESIAN_POINT('',(-109.,146.9999984641,0.));
#4179 = CIRCLE('',#4180,5.);
#4180 = AXIS2_PLACEMENT_3D('',#4181,#4182,#4183);
#4181 = CARTESIAN_POINT('',(-109.,141.9999984641,0.));
#4182 = DIRECTION('',(0.,0.,1.));
#4183 = DIRECTION('',(1.,0.,0.));
#4184 = ORIENTED_EDGE('',*,*,#4185,.T.);
#4185 = EDGE_CURVE('',#4177,#4186,#4188,.T.);
#4186 = VERTEX_POINT('',#4187);
#4187 = CARTESIAN_POINT('',(-129.,146.9999984641,0.));
#4188 = LINE('',#4189,#4190);
#4189 = CARTESIAN_POINT('',(-109.,146.9999984641,0.));
#4190 = VECTOR('',#4191,1.);
#4191 = DIRECTION('',(-1.,0.,0.));
#4192 = ORIENTED_EDGE('',*,*,#4193,.T.);
#4193 = EDGE_CURVE('',#4186,#4194,#4196,.T.);
#4194 = VERTEX_POINT('',#4195);
#4195 = CARTESIAN_POINT('',(-134.,141.9999984641,0.));
#4196 = CIRCLE('',#4197,5.);
#4197 = AXIS2_PLACEMENT_3D('',#4198,#4199,#4200);
#4198 = CARTESIAN_POINT('',(-129.,141.9999984641,0.));
#4199 = DIRECTION('',(0.,0.,1.));
#4200 = DIRECTION('',(1.,0.,0.));
#4201 = ORIENTED_EDGE('',*,*,#4202,.T.);
#4202 = EDGE_CURVE('',#4194,#4203,#4205,.T.);
#4203 = VERTEX_POINT('',#4204);
#4204 = CARTESIAN_POINT('',(-134.,51.999998464102,0.));
#4205 = LINE('',#4206,#4207);
#4206 = CARTESIAN_POINT('',(-134.,141.9999984641,0.));
#4207 = VECTOR('',#4208,1.);
#4208 = DIRECTION('',(0.,-1.,0.));
#4209 = ORIENTED_EDGE('',*,*,#4210,.T.);
#4210 = EDGE_CURVE('',#4203,#4211,#4213,.T.);
#4211 = VERTEX_POINT('',#4212);
#4212 = CARTESIAN_POINT('',(-129.,46.999998464102,0.));
#4213 = CIRCLE('',#4214,5.);
#4214 = AXIS2_PLACEMENT_3D('',#4215,#4216,#4217);
#4215 = CARTESIAN_POINT('',(-129.,51.999998464102,0.));
#4216 = DIRECTION('',(0.,0.,1.));
#4217 = DIRECTION('',(1.,0.,0.));
#4218 = ORIENTED_EDGE('',*,*,#4219,.T.);
#4219 = EDGE_CURVE('',#4211,#4220,#4222,.T.);
#4220 = VERTEX_POINT('',#4221);
#4221 = CARTESIAN_POINT('',(-109.,46.999998464102,0.));
#4222 = LINE('',#4223,#4224);
#4223 = CARTESIAN_POINT('',(-129.,46.999998464102,0.));
#4224 = VECTOR('',#4225,1.);
#4225 = DIRECTION('',(1.,0.,0.));
#4226 = ORIENTED_EDGE('',*,*,#4227,.T.);
#4227 = EDGE_CURVE('',#4220,#4167,#4228,.T.);
#4228 = CIRCLE('',#4229,5.);
#4229 = AXIS2_PLACEMENT_3D('',#4230,#4231,#4232);
#4230 = CARTESIAN_POINT('',(-109.,51.999998464102,0.));
#4231 = DIRECTION('',(0.,0.,1.));
#4232 = DIRECTION('',(1.,0.,0.));
#4233 = FACE_BOUND('',#4234,.T.);
#4234 = EDGE_LOOP('',(#4235,#4245,#4254,#4262,#4271,#4279,#4288,#4296));
#4235 = ORIENTED_EDGE('',*,*,#4236,.T.);
#4236 = EDGE_CURVE('',#4237,#4239,#4241,.T.);
#4237 = VERTEX_POINT('',#4238);
#4238 = CARTESIAN_POINT('',(-71.,52.000378191104,0.));
#4239 = VERTEX_POINT('',#4240);
#4240 = CARTESIAN_POINT('',(-71.,142.0003781911,0.));
#4241 = LINE('',#4242,#4243);
#4242 = CARTESIAN_POINT('',(-71.,52.000378191104,0.));
#4243 = VECTOR('',#4244,1.);
#4244 = DIRECTION('',(0.,1.,0.));
#4245 = ORIENTED_EDGE('',*,*,#4246,.T.);
#4246 = EDGE_CURVE('',#4239,#4247,#4249,.T.);
#4247 = VERTEX_POINT('',#4248);
#4248 = CARTESIAN_POINT('',(-76.,147.0003781911,0.));
#4249 = CIRCLE('',#4250,5.);
#4250 = AXIS2_PLACEMENT_3D('',#4251,#4252,#4253);
#4251 = CARTESIAN_POINT('',(-76.,142.0003781911,0.));
#4252 = DIRECTION('',(0.,0.,1.));
#4253 = DIRECTION('',(1.,0.,0.));
#4254 = ORIENTED_EDGE('',*,*,#4255,.T.);
#4255 = EDGE_CURVE('',#4247,#4256,#4258,.T.);
#4256 = VERTEX_POINT('',#4257);
#4257 = CARTESIAN_POINT('',(-96.,147.0003781911,0.));
#4258 = LINE('',#4259,#4260);
#4259 = CARTESIAN_POINT('',(-76.,147.0003781911,0.));
#4260 = VECTOR('',#4261,1.);
#4261 = DIRECTION('',(-1.,0.,0.));
#4262 = ORIENTED_EDGE('',*,*,#4263,.T.);
#4263 = EDGE_CURVE('',#4256,#4264,#4266,.T.);
#4264 = VERTEX_POINT('',#4265);
#4265 = CARTESIAN_POINT('',(-101.,142.0003781911,0.));
#4266 = CIRCLE('',#4267,5.);
#4267 = AXIS2_PLACEMENT_3D('',#4268,#4269,#4270);
#4268 = CARTESIAN_POINT('',(-96.,142.0003781911,0.));
#4269 = DIRECTION('',(0.,0.,1.));
#4270 = DIRECTION('',(1.,0.,0.));
#4271 = ORIENTED_EDGE('',*,*,#4272,.T.);
#4272 = EDGE_CURVE('',#4264,#4273,#4275,.T.);
#4273 = VERTEX_POINT('',#4274);
#4274 = CARTESIAN_POINT('',(-101.,52.000378191104,0.));
#4275 = LINE('',#4276,#4277);
#4276 = CARTESIAN_POINT('',(-101.,142.0003781911,0.));
#4277 = VECTOR('',#4278,1.);
#4278 = DIRECTION('',(0.,-1.,0.));
#4279 = ORIENTED_EDGE('',*,*,#4280,.T.);
#4280 = EDGE_CURVE('',#4273,#4281,#4283,.T.);
#4281 = VERTEX_POINT('',#4282);
#4282 = CARTESIAN_POINT('',(-96.,47.000378191104,0.));
#4283 = CIRCLE('',#4284,5.);
#4284 = AXIS2_PLACEMENT_3D('',#4285,#4286,#4287);
#4285 = CARTESIAN_POINT('',(-96.,52.000378191104,0.));
#4286 = DIRECTION('',(0.,0.,1.));
#4287 = DIRECTION('',(1.,0.,0.));
#4288 = ORIENTED_EDGE('',*,*,#4289,.T.);
#4289 = EDGE_CURVE('',#4281,#4290,#4292,.T.);
#4290 = VERTEX_POINT('',#4291);
#4291 = CARTESIAN_POINT('',(-76.,47.000378191104,0.));
#4292 = LINE('',#4293,#4294);
#4293 = CARTESIAN_POINT('',(-96.,47.000378191104,0.));
#4294 = VECTOR('',#4295,1.);
#4295 = DIRECTION('',(1.,0.,0.));
#4296 = ORIENTED_EDGE('',*,*,#4297,.T.);
#4297 = EDGE_CURVE('',#4290,#4237,#4298,.T.);
#4298 = CIRCLE('',#4299,5.);
#4299 = AXIS2_PLACEMENT_3D('',#4300,#4301,#4302);
#4300 = CARTESIAN_POINT('',(-76.,52.000378191104,0.));
#4301 = DIRECTION('',(0.,0.,1.));
#4302 = DIRECTION('',(1.,0.,0.));
#4303 = FACE_BOUND('',#4304,.T.);
#4304 = EDGE_LOOP('',(#4305,#4315,#4324,#4332,#4341,#4349,#4358,#4366));
#4305 = ORIENTED_EDGE('',*,*,#4306,.T.);
#4306 = EDGE_CURVE('',#4307,#4309,#4311,.T.);
#4307 = VERTEX_POINT('',#4308);
#4308 = CARTESIAN_POINT('',(-38.,51.999995402092,0.));
#4309 = VERTEX_POINT('',#4310);
#4310 = CARTESIAN_POINT('',(-38.,141.99999540209,0.));
#4311 = LINE('',#4312,#4313);
#4312 = CARTESIAN_POINT('',(-38.,51.999995402092,0.));
#4313 = VECTOR('',#4314,1.);
#4314 = DIRECTION('',(0.,1.,0.));
#4315 = ORIENTED_EDGE('',*,*,#4316,.T.);
#4316 = EDGE_CURVE('',#4309,#4317,#4319,.T.);
#4317 = VERTEX_POINT('',#4318);
#4318 = CARTESIAN_POINT('',(-43.,146.99999540209,0.));
#4319 = CIRCLE('',#4320,5.);
#4320 = AXIS2_PLACEMENT_3D('',#4321,#4322,#4323);
#4321 = CARTESIAN_POINT('',(-43.,141.99999540209,0.));
#4322 = DIRECTION('',(0.,0.,1.));
#4323 = DIRECTION('',(1.,0.,0.));
#4324 = ORIENTED_EDGE('',*,*,#4325,.T.);
#4325 = EDGE_CURVE('',#4317,#4326,#4328,.T.);
#4326 = VERTEX_POINT('',#4327);
#4327 = CARTESIAN_POINT('',(-63.,146.99999540209,0.));
#4328 = LINE('',#4329,#4330);
#4329 = CARTESIAN_POINT('',(-43.,146.99999540209,0.));
#4330 = VECTOR('',#4331,1.);
#4331 = DIRECTION('',(-1.,0.,0.));
#4332 = ORIENTED_EDGE('',*,*,#4333,.T.);
#4333 = EDGE_CURVE('',#4326,#4334,#4336,.T.);
#4334 = VERTEX_POINT('',#4335);
#4335 = CARTESIAN_POINT('',(-68.,141.99999540209,0.));
#4336 = CIRCLE('',#4337,5.);
#4337 = AXIS2_PLACEMENT_3D('',#4338,#4339,#4340);
#4338 = CARTESIAN_POINT('',(-63.,141.99999540209,0.));
#4339 = DIRECTION('',(0.,0.,1.));
#4340 = DIRECTION('',(1.,0.,0.));
#4341 = ORIENTED_EDGE('',*,*,#4342,.T.);
#4342 = EDGE_CURVE('',#4334,#4343,#4345,.T.);
#4343 = VERTEX_POINT('',#4344);
#4344 = CARTESIAN_POINT('',(-68.,51.999995402092,0.));
#4345 = LINE('',#4346,#4347);
#4346 = CARTESIAN_POINT('',(-68.,141.99999540209,0.));
#4347 = VECTOR('',#4348,1.);
#4348 = DIRECTION('',(0.,-1.,0.));
#4349 = ORIENTED_EDGE('',*,*,#4350,.T.);
#4350 = EDGE_CURVE('',#4343,#4351,#4353,.T.);
#4351 = VERTEX_POINT('',#4352);
#4352 = CARTESIAN_POINT('',(-63.,46.999995402092,0.));
#4353 = CIRCLE('',#4354,5.);
#4354 = AXIS2_PLACEMENT_3D('',#4355,#4356,#4357);
#4355 = CARTESIAN_POINT('',(-63.,51.999995402092,0.));
#4356 = DIRECTION('',(0.,0.,1.));
#4357 = DIRECTION('',(1.,0.,0.));
#4358 = ORIENTED_EDGE('',*,*,#4359,.T.);
#4359 = EDGE_CURVE('',#4351,#4360,#4362,.T.);
#4360 = VERTEX_POINT('',#4361);
#4361 = CARTESIAN_POINT('',(-43.,46.999995402092,0.));
#4362 = LINE('',#4363,#4364);
#4363 = CARTESIAN_POINT('',(-63.,46.999995402092,0.));
#4364 = VECTOR('',#4365,1.);
#4365 = DIRECTION('',(1.,0.,0.));
#4366 = ORIENTED_EDGE('',*,*,#4367,.T.);
#4367 = EDGE_CURVE('',#4360,#4307,#4368,.T.);
#4368 = CIRCLE('',#4369,5.);
#4369 = AXIS2_PLACEMENT_3D('',#4370,#4371,#4372);
#4370 = CARTESIAN_POINT('',(-43.,51.999995402092,0.));
#4371 = DIRECTION('',(0.,0.,1.));
#4372 = DIRECTION('',(1.,0.,0.));
#4373 = FACE_BOUND('',#4374,.T.);
#4374 = EDGE_LOOP('',(#4375,#4385,#4393,#4401));
#4375 = ORIENTED_EDGE('',*,*,#4376,.T.);
#4376 = EDGE_CURVE('',#4377,#4379,#4381,.T.);
#4377 = VERTEX_POINT('',#4378);
#4378 = CARTESIAN_POINT('',(-167.,44.,0.));
#4379 = VERTEX_POINT('',#4380);
#4380 = CARTESIAN_POINT('',(-167.,3.,0.));
#4381 = LINE('',#4382,#4383);
#4382 = CARTESIAN_POINT('',(-167.,44.,0.));
#4383 = VECTOR('',#4384,1.);
#4384 = DIRECTION('',(0.,-1.,0.));
#4385 = ORIENTED_EDGE('',*,*,#4386,.T.);
#4386 = EDGE_CURVE('',#4379,#4387,#4389,.T.);
#4387 = VERTEX_POINT('',#4388);
#4388 = CARTESIAN_POINT('',(-120.1315,3.,0.));
#4389 = LINE('',#4390,#4391);
#4390 = CARTESIAN_POINT('',(-167.,3.,0.));
#4391 = VECTOR('',#4392,1.);
#4392 = DIRECTION('',(1.,0.,0.));
#4393 = ORIENTED_EDGE('',*,*,#4394,.F.);
#4394 = EDGE_CURVE('',#4395,#4387,#4397,.T.);
#4395 = VERTEX_POINT('',#4396);
#4396 = CARTESIAN_POINT('',(-120.1315,44.,0.));
#4397 = LINE('',#4398,#4399);
#4398 = CARTESIAN_POINT('',(-120.1315,44.,0.));
#4399 = VECTOR('',#4400,1.);
#4400 = DIRECTION('',(0.,-1.,0.));
#4401 = ORIENTED_EDGE('',*,*,#4402,.T.);
#4402 = EDGE_CURVE('',#4395,#4377,#4403,.T.);
#4403 = LINE('',#4404,#4405);
#4404 = CARTESIAN_POINT('',(-120.1315,44.,0.));
#4405 = VECTOR('',#4406,1.);
#4406 = DIRECTION('',(-1.,0.,0.));
#4407 = FACE_BOUND('',#4408,.T.);
#4408 = EDGE_LOOP('',(#4409,#4419,#4427,#4435));
#4409 = ORIENTED_EDGE('',*,*,#4410,.T.);
#4410 = EDGE_CURVE('',#4411,#4413,#4415,.T.);
#4411 = VERTEX_POINT('',#4412);
#4412 = CARTESIAN_POINT('',(-3.,2.89996,0.));
#4413 = VERTEX_POINT('',#4414);
#4414 = CARTESIAN_POINT('',(-3.,44.,0.));
#4415 = LINE('',#4416,#4417);
#4416 = CARTESIAN_POINT('',(-3.,2.89996,0.));
#4417 = VECTOR('',#4418,1.);
#4418 = DIRECTION('',(0.,1.,0.));
#4419 = ORIENTED_EDGE('',*,*,#4420,.T.);
#4420 = EDGE_CURVE('',#4413,#4421,#4423,.T.);
#4421 = VERTEX_POINT('',#4422);
#4422 = CARTESIAN_POINT('',(-41.895123,44.,0.));
#4423 = LINE('',#4424,#4425);
#4424 = CARTESIAN_POINT('',(-3.,44.,0.));
#4425 = VECTOR('',#4426,1.);
#4426 = DIRECTION('',(-1.,0.,0.));
#4427 = ORIENTED_EDGE('',*,*,#4428,.T.);
#4428 = EDGE_CURVE('',#4421,#4429,#4431,.T.);
#4429 = VERTEX_POINT('',#4430);
#4430 = CARTESIAN_POINT('',(-41.895123,2.89996,0.));
#4431 = LINE('',#4432,#4433);
#4432 = CARTESIAN_POINT('',(-41.895123,44.,0.));
#4433 = VECTOR('',#4434,1.);
#4434 = DIRECTION('',(0.,-1.,0.));
#4435 = ORIENTED_EDGE('',*,*,#4436,.T.);
#4436 = EDGE_CURVE('',#4429,#4411,#4437,.T.);
#4437 = LINE('',#4438,#4439);
#4438 = CARTESIAN_POINT('',(-41.895123,2.89996,0.));
#4439 = VECTOR('',#4440,1.);
#4440 = DIRECTION('',(1.,0.,0.));
#4441 = FACE_BOUND('',#4442,.F.);
#4442 = EDGE_LOOP('',(#4443,#4453,#4461,#4469));
#4443 = ORIENTED_EDGE('',*,*,#4444,.T.);
#4444 = EDGE_CURVE('',#4445,#4447,#4449,.T.);
#4445 = VERTEX_POINT('',#4446);
#4446 = CARTESIAN_POINT('',(-44.23278,44.,0.));
#4447 = VERTEX_POINT('',#4448);
#4448 = CARTESIAN_POINT('',(-44.23278,2.89996,0.));
#4449 = LINE('',#4450,#4451);
#4450 = CARTESIAN_POINT('',(-44.23278,44.,0.));
#4451 = VECTOR('',#4452,1.);
#4452 = DIRECTION('',(0.,-1.,0.));
#4453 = ORIENTED_EDGE('',*,*,#4454,.F.);
#4454 = EDGE_CURVE('',#4455,#4447,#4457,.T.);
#4455 = VERTEX_POINT('',#4456);
#4456 = CARTESIAN_POINT('',(-82.578094,2.89996,0.));
#4457 = LINE('',#4458,#4459);
#4458 = CARTESIAN_POINT('',(-82.578094,2.89996,0.));
#4459 = VECTOR('',#4460,1.);
#4460 = DIRECTION('',(1.,0.,0.));
#4461 = ORIENTED_EDGE('',*,*,#4462,.F.);
#4462 = EDGE_CURVE('',#4463,#4455,#4465,.T.);
#4463 = VERTEX_POINT('',#4464);
#4464 = CARTESIAN_POINT('',(-82.578094,44.,0.));
#4465 = LINE('',#4466,#4467);
#4466 = CARTESIAN_POINT('',(-82.578094,44.,0.));
#4467 = VECTOR('',#4468,1.);
#4468 = DIRECTION('',(0.,-1.,0.));
#4469 = ORIENTED_EDGE('',*,*,#4470,.F.);
#4470 = EDGE_CURVE('',#4445,#4463,#4471,.T.);
#4471 = LINE('',#4472,#4473);
#4472 = CARTESIAN_POINT('',(-44.23278,44.,0.));
#4473 = VECTOR('',#4474,1.);
#4474 = DIRECTION('',(-1.,0.,0.));
#4475 = FACE_BOUND('',#4476,.F.);
#4476 = EDGE_LOOP('',(#4477,#4487,#4495,#4503));
#4477 = ORIENTED_EDGE('',*,*,#4478,.T.);
#4478 = EDGE_CURVE('',#4479,#4481,#4483,.T.);
#4479 = VERTEX_POINT('',#4480);
#4480 = CARTESIAN_POINT('',(-85.,44.,0.));
#4481 = VERTEX_POINT('',#4482);
#4482 = CARTESIAN_POINT('',(-85.,2.89996,0.));
#4483 = LINE('',#4484,#4485);
#4484 = CARTESIAN_POINT('',(-85.,44.,0.));
#4485 = VECTOR('',#4486,1.);
#4486 = DIRECTION('',(0.,-1.,0.));
#4487 = ORIENTED_EDGE('',*,*,#4488,.F.);
#4488 = EDGE_CURVE('',#4489,#4481,#4491,.T.);
#4489 = VERTEX_POINT('',#4490);
#4490 = CARTESIAN_POINT('',(-117.943893,2.89996,0.));
#4491 = LINE('',#4492,#4493);
#4492 = CARTESIAN_POINT('',(-117.943893,2.89996,0.));
#4493 = VECTOR('',#4494,1.);
#4494 = DIRECTION('',(1.,0.,0.));
#4495 = ORIENTED_EDGE('',*,*,#4496,.F.);
#4496 = EDGE_CURVE('',#4497,#4489,#4499,.T.);
#4497 = VERTEX_POINT('',#4498);
#4498 = CARTESIAN_POINT('',(-117.943893,44.,0.));
#4499 = LINE('',#4500,#4501);
#4500 = CARTESIAN_POINT('',(-117.943893,44.,0.));
#4501 = VECTOR('',#4502,1.);
#4502 = DIRECTION('',(0.,-1.,0.));
#4503 = ORIENTED_EDGE('',*,*,#4504,.F.);
#4504 = EDGE_CURVE('',#4479,#4497,#4505,.T.);
#4505 = LINE('',#4506,#4507);
#4506 = CARTESIAN_POINT('',(-85.,44.,0.));
#4507 = VECTOR('',#4508,1.);
#4508 = DIRECTION('',(-1.,0.,0.));
#4509 = FACE_BOUND('',#4510,.T.);
#4510 = EDGE_LOOP('',(#4511,#4521,#4529,#4537));
#4511 = ORIENTED_EDGE('',*,*,#4512,.T.);
#4512 = EDGE_CURVE('',#4513,#4515,#4517,.T.);
#4513 = VERTEX_POINT('',#4514);
#4514 = CARTESIAN_POINT('',(-35.,72.562552,0.));
#4515 = VERTEX_POINT('',#4516);
#4516 = CARTESIAN_POINT('',(-35.,47.,0.));
#4517 = LINE('',#4518,#4519);
#4518 = CARTESIAN_POINT('',(-35.,72.562552,0.));
#4519 = VECTOR('',#4520,1.);
#4520 = DIRECTION('',(0.,-1.,0.));
#4521 = ORIENTED_EDGE('',*,*,#4522,.T.);
#4522 = EDGE_CURVE('',#4515,#4523,#4525,.T.);
#4523 = VERTEX_POINT('',#4524);
#4524 = CARTESIAN_POINT('',(-3.,47.,0.));
#4525 = LINE('',#4526,#4527);
#4526 = CARTESIAN_POINT('',(-35.,47.,0.));
#4527 = VECTOR('',#4528,1.);
#4528 = DIRECTION('',(1.,0.,0.));
#4529 = ORIENTED_EDGE('',*,*,#4530,.T.);
#4530 = EDGE_CURVE('',#4523,#4531,#4533,.T.);
#4531 = VERTEX_POINT('',#4532);
#4532 = CARTESIAN_POINT('',(-3.,72.562552,0.));
#4533 = LINE('',#4534,#4535);
#4534 = CARTESIAN_POINT('',(-3.,47.,0.));
#4535 = VECTOR('',#4536,1.);
#4536 = DIRECTION('',(0.,1.,0.));
#4537 = ORIENTED_EDGE('',*,*,#4538,.F.);
#4538 = EDGE_CURVE('',#4513,#4531,#4539,.T.);
#4539 = LINE('',#4540,#4541);
#4540 = CARTESIAN_POINT('',(-35.,72.562552,0.));
#4541 = VECTOR('',#4542,1.);
#4542 = DIRECTION('',(1.,0.,0.));
#4543 = FACE_BOUND('',#4544,.F.);
#4544 = EDGE_LOOP('',(#4545,#4555,#4563,#4571));
#4545 = ORIENTED_EDGE('',*,*,#4546,.T.);
#4546 = EDGE_CURVE('',#4547,#4549,#4551,.T.);
#4547 = VERTEX_POINT('',#4548);
#4548 = CARTESIAN_POINT('',(-3.,74.562552,0.));
#4549 = VERTEX_POINT('',#4550);
#4550 = CARTESIAN_POINT('',(-35.,74.562552,0.));
#4551 = LINE('',#4552,#4553);
#4552 = CARTESIAN_POINT('',(-3.,74.562552,0.));
#4553 = VECTOR('',#4554,1.);
#4554 = DIRECTION('',(-1.,0.,0.));
#4555 = ORIENTED_EDGE('',*,*,#4556,.F.);
#4556 = EDGE_CURVE('',#4557,#4549,#4559,.T.);
#4557 = VERTEX_POINT('',#4558);
#4558 = CARTESIAN_POINT('',(-35.,97.934734,0.));
#4559 = LINE('',#4560,#4561);
#4560 = CARTESIAN_POINT('',(-35.,97.934734,0.));
#4561 = VECTOR('',#4562,1.);
#4562 = DIRECTION('',(0.,-1.,0.));
#4563 = ORIENTED_EDGE('',*,*,#4564,.T.);
#4564 = EDGE_CURVE('',#4557,#4565,#4567,.T.);
#4565 = VERTEX_POINT('',#4566);
#4566 = CARTESIAN_POINT('',(-3.,97.934734,0.));
#4567 = LINE('',#4568,#4569);
#4568 = CARTESIAN_POINT('',(-35.,97.934734,0.));
#4569 = VECTOR('',#4570,1.);
#4570 = DIRECTION('',(1.,0.,0.));
#4571 = ORIENTED_EDGE('',*,*,#4572,.F.);
#4572 = EDGE_CURVE('',#4547,#4565,#4573,.T.);
#4573 = LINE('',#4574,#4575);
#4574 = CARTESIAN_POINT('',(-3.,74.562552,0.));
#4575 = VECTOR('',#4576,1.);
#4576 = DIRECTION('',(0.,1.,0.));
#4577 = FACE_BOUND('',#4578,.F.);
#4578 = EDGE_LOOP('',(#4579,#4589,#4597,#4605));
#4579 = ORIENTED_EDGE('',*,*,#4580,.T.);
#4580 = EDGE_CURVE('',#4581,#4583,#4585,.T.);
#4581 = VERTEX_POINT('',#4582);
#4582 = CARTESIAN_POINT('',(-35.,123.306915,0.));
#4583 = VERTEX_POINT('',#4584);
#4584 = CARTESIAN_POINT('',(-3.,123.306915,0.));
#4585 = LINE('',#4586,#4587);
#4586 = CARTESIAN_POINT('',(-35.,123.306915,0.));
#4587 = VECTOR('',#4588,1.);
#4588 = DIRECTION('',(1.,0.,0.));
#4589 = ORIENTED_EDGE('',*,*,#4590,.F.);
#4590 = EDGE_CURVE('',#4591,#4583,#4593,.T.);
#4591 = VERTEX_POINT('',#4592);
#4592 = CARTESIAN_POINT('',(-3.,99.934734,0.));
#4593 = LINE('',#4594,#4595);
#4594 = CARTESIAN_POINT('',(-3.,99.934734,0.));
#4595 = VECTOR('',#4596,1.);
#4596 = DIRECTION('',(0.,1.,0.));
#4597 = ORIENTED_EDGE('',*,*,#4598,.T.);
#4598 = EDGE_CURVE('',#4591,#4599,#4601,.T.);
#4599 = VERTEX_POINT('',#4600);
#4600 = CARTESIAN_POINT('',(-35.,99.934734,0.));
#4601 = LINE('',#4602,#4603);
#4602 = CARTESIAN_POINT('',(-3.,99.934734,0.));
#4603 = VECTOR('',#4604,1.);
#4604 = DIRECTION('',(-1.,0.,0.));
#4605 = ORIENTED_EDGE('',*,*,#4606,.F.);
#4606 = EDGE_CURVE('',#4581,#4599,#4607,.T.);
#4607 = LINE('',#4608,#4609);
#4608 = CARTESIAN_POINT('',(-35.,123.306915,0.));
#4609 = VECTOR('',#4610,1.);
#4610 = DIRECTION('',(0.,-1.,0.));
#4611 = FACE_BOUND('',#4612,.T.);
#4612 = EDGE_LOOP('',(#4613,#4623,#4631,#4639));
#4613 = ORIENTED_EDGE('',*,*,#4614,.T.);
#4614 = EDGE_CURVE('',#4615,#4617,#4619,.T.);
#4615 = VERTEX_POINT('',#4616);
#4616 = CARTESIAN_POINT('',(-35.,147.,0.));
#4617 = VERTEX_POINT('',#4618);
#4618 = CARTESIAN_POINT('',(-35.,125.306915,0.));
#4619 = LINE('',#4620,#4621);
#4620 = CARTESIAN_POINT('',(-35.,147.,0.));
#4621 = VECTOR('',#4622,1.);
#4622 = DIRECTION('',(0.,-1.,0.));
#4623 = ORIENTED_EDGE('',*,*,#4624,.F.);
#4624 = EDGE_CURVE('',#4625,#4617,#4627,.T.);
#4625 = VERTEX_POINT('',#4626);
#4626 = CARTESIAN_POINT('',(-3.,125.306915,0.));
#4627 = LINE('',#4628,#4629);
#4628 = CARTESIAN_POINT('',(-3.,125.306915,0.));
#4629 = VECTOR('',#4630,1.);
#4630 = DIRECTION('',(-1.,0.,0.));
#4631 = ORIENTED_EDGE('',*,*,#4632,.T.);
#4632 = EDGE_CURVE('',#4625,#4633,#4635,.T.);
#4633 = VERTEX_POINT('',#4634);
#4634 = CARTESIAN_POINT('',(-3.,147.,0.));
#4635 = LINE('',#4636,#4637);
#4636 = CARTESIAN_POINT('',(-3.,125.306915,0.));
#4637 = VECTOR('',#4638,1.);
#4638 = DIRECTION('',(0.,1.,0.));
#4639 = ORIENTED_EDGE('',*,*,#4640,.T.);
#4640 = EDGE_CURVE('',#4633,#4615,#4641,.T.);
#4641 = LINE('',#4642,#4643);
#4642 = CARTESIAN_POINT('',(-3.,147.,0.));
#4643 = VECTOR('',#4644,1.);
#4644 = DIRECTION('',(-1.,0.,0.));
#4645 = PLANE('',#4646);
#4646 = AXIS2_PLACEMENT_3D('',#4647,#4648,#4649);
#4647 = CARTESIAN_POINT('',(-80.43077588085,74.664497447904,0.));
#4648 = DIRECTION('',(0.,0.,1.));
#4649 = DIRECTION('',(1.,0.,0.));
#4650 = ADVANCED_FACE('',(#4651),#4676,.T.);
#4651 = FACE_BOUND('',#4652,.T.);
#4652 = EDGE_LOOP('',(#4653,#4661,#4669,#4675));
#4653 = ORIENTED_EDGE('',*,*,#4654,.T.);
#4654 = EDGE_CURVE('',#4097,#4655,#4657,.T.);
#4655 = VERTEX_POINT('',#4656);
#4656 = CARTESIAN_POINT('',(-137.,52.,70.));
#4657 = LINE('',#4658,#4659);
#4658 = CARTESIAN_POINT('',(-137.,52.,0.));
#4659 = VECTOR('',#4660,1.);
#4660 = DIRECTION('',(0.,0.,1.));
#4661 = ORIENTED_EDGE('',*,*,#4662,.T.);
#4662 = EDGE_CURVE('',#4655,#4663,#4665,.T.);
#4663 = VERTEX_POINT('',#4664);
#4664 = CARTESIAN_POINT('',(-137.,142.,70.));
#4665 = LINE('',#4666,#4667);
#4666 = CARTESIAN_POINT('',(-137.,52.,70.));
#4667 = VECTOR('',#4668,1.);
#4668 = DIRECTION('',(0.,1.,0.));
#4669 = ORIENTED_EDGE('',*,*,#4670,.F.);
#4670 = EDGE_CURVE('',#4099,#4663,#4671,.T.);
#4671 = LINE('',#4672,#4673);
#4672 = CARTESIAN_POINT('',(-137.,142.,0.));
#4673 = VECTOR('',#4674,1.);
#4674 = DIRECTION('',(0.,0.,1.));
#4675 = ORIENTED_EDGE('',*,*,#4096,.F.);
#4676 = PLANE('',#4677);
#4677 = AXIS2_PLACEMENT_3D('',#4678,#4679,#4680);
#4678 = CARTESIAN_POINT('',(-137.,52.,0.));
#4679 = DIRECTION('',(-1.,0.,0.));
#4680 = DIRECTION('',(0.,1.,0.));
#4681 = ADVANCED_FACE('',(#4682),#4701,.F.);
#4682 = FACE_BOUND('',#4683,.T.);
#4683 = EDGE_LOOP('',(#4684,#4685,#4694,#4700));
#4684 = ORIENTED_EDGE('',*,*,#4670,.T.);
#4685 = ORIENTED_EDGE('',*,*,#4686,.T.);
#4686 = EDGE_CURVE('',#4663,#4687,#4689,.T.);
#4687 = VERTEX_POINT('',#4688);
#4688 = CARTESIAN_POINT('',(-142.,147.,70.));
#4689 = CIRCLE('',#4690,5.);
#4690 = AXIS2_PLACEMENT_3D('',#4691,#4692,#4693);
#4691 = CARTESIAN_POINT('',(-142.,142.,70.));
#4692 = DIRECTION('',(0.,0.,1.));
#4693 = DIRECTION('',(1.,0.,0.));
#4694 = ORIENTED_EDGE('',*,*,#4695,.F.);
#4695 = EDGE_CURVE('',#4107,#4687,#4696,.T.);
#4696 = LINE('',#4697,#4698);
#4697 = CARTESIAN_POINT('',(-142.,147.,0.));
#4698 = VECTOR('',#4699,1.);
#4699 = DIRECTION('',(0.,0.,1.));
#4700 = ORIENTED_EDGE('',*,*,#4106,.F.);
#4701 = CYLINDRICAL_SURFACE('',#4702,5.);
#4702 = AXIS2_PLACEMENT_3D('',#4703,#4704,#4705);
#4703 = CARTESIAN_POINT('',(-142.,142.,0.));
#4704 = DIRECTION('',(-0.,-0.,-1.));
#4705 = DIRECTION('',(1.,0.,0.));
#4706 = ADVANCED_FACE('',(#4707),#4725,.T.);
#4707 = FACE_BOUND('',#4708,.T.);
#4708 = EDGE_LOOP('',(#4709,#4710,#4718,#4724));
#4709 = ORIENTED_EDGE('',*,*,#4695,.T.);
#4710 = ORIENTED_EDGE('',*,*,#4711,.T.);
#4711 = EDGE_CURVE('',#4687,#4712,#4714,.T.);
#4712 = VERTEX_POINT('',#4713);
#4713 = CARTESIAN_POINT('',(-162.,147.,70.));
#4714 = LINE('',#4715,#4716);
#4715 = CARTESIAN_POINT('',(-142.,147.,70.));
#4716 = VECTOR('',#4717,1.);
#4717 = DIRECTION('',(-1.,0.,0.));
#4718 = ORIENTED_EDGE('',*,*,#4719,.F.);
#4719 = EDGE_CURVE('',#4116,#4712,#4720,.T.);
#4720 = LINE('',#4721,#4722);
#4721 = CARTESIAN_POINT('',(-162.,147.,0.));
#4722 = VECTOR('',#4723,1.);
#4723 = DIRECTION('',(0.,0.,1.));
#4724 = ORIENTED_EDGE('',*,*,#4115,.F.);
#4725 = PLANE('',#4726);
#4726 = AXIS2_PLACEMENT_3D('',#4727,#4728,#4729);
#4727 = CARTESIAN_POINT('',(-142.,147.,0.));
#4728 = DIRECTION('',(0.,-1.,0.));
#4729 = DIRECTION('',(-1.,0.,0.));
#4730 = ADVANCED_FACE('',(#4731),#4750,.F.);
#4731 = FACE_BOUND('',#4732,.T.);
#4732 = EDGE_LOOP('',(#4733,#4734,#4743,#4749));
#4733 = ORIENTED_EDGE('',*,*,#4719,.T.);
#4734 = ORIENTED_EDGE('',*,*,#4735,.T.);
#4735 = EDGE_CURVE('',#4712,#4736,#4738,.T.);
#4736 = VERTEX_POINT('',#4737);
#4737 = CARTESIAN_POINT('',(-167.,142.,70.));
#4738 = CIRCLE('',#4739,5.);
#4739 = AXIS2_PLACEMENT_3D('',#4740,#4741,#4742);
#4740 = CARTESIAN_POINT('',(-162.,142.,70.));
#4741 = DIRECTION('',(0.,0.,1.));
#4742 = DIRECTION('',(1.,0.,0.));
#4743 = ORIENTED_EDGE('',*,*,#4744,.F.);
#4744 = EDGE_CURVE('',#4124,#4736,#4745,.T.);
#4745 = LINE('',#4746,#4747);
#4746 = CARTESIAN_POINT('',(-167.,142.,0.));
#4747 = VECTOR('',#4748,1.);
#4748 = DIRECTION('',(0.,0.,1.));
#4749 = ORIENTED_EDGE('',*,*,#4123,.F.);
#4750 = CYLINDRICAL_SURFACE('',#4751,5.);
#4751 = AXIS2_PLACEMENT_3D('',#4752,#4753,#4754);
#4752 = CARTESIAN_POINT('',(-162.,142.,0.));
#4753 = DIRECTION('',(-0.,-0.,-1.));
#4754 = DIRECTION('',(1.,0.,0.));
#4755 = ADVANCED_FACE('',(#4756),#4774,.T.);
#4756 = FACE_BOUND('',#4757,.T.);
#4757 = EDGE_LOOP('',(#4758,#4759,#4767,#4773));
#4758 = ORIENTED_EDGE('',*,*,#4744,.T.);
#4759 = ORIENTED_EDGE('',*,*,#4760,.T.);
#4760 = EDGE_CURVE('',#4736,#4761,#4763,.T.);
#4761 = VERTEX_POINT('',#4762);
#4762 = CARTESIAN_POINT('',(-167.,52.,70.));
#4763 = LINE('',#4764,#4765);
#4764 = CARTESIAN_POINT('',(-167.,142.,70.));
#4765 = VECTOR('',#4766,1.);
#4766 = DIRECTION('',(0.,-1.,0.));
#4767 = ORIENTED_EDGE('',*,*,#4768,.F.);
#4768 = EDGE_CURVE('',#4133,#4761,#4769,.T.);
#4769 = LINE('',#4770,#4771);
#4770 = CARTESIAN_POINT('',(-167.,52.,0.));
#4771 = VECTOR('',#4772,1.);
#4772 = DIRECTION('',(0.,0.,1.));
#4773 = ORIENTED_EDGE('',*,*,#4132,.F.);
#4774 = PLANE('',#4775);
#4775 = AXIS2_PLACEMENT_3D('',#4776,#4777,#4778);
#4776 = CARTESIAN_POINT('',(-167.,142.,0.));
#4777 = DIRECTION('',(1.,0.,-0.));
#4778 = DIRECTION('',(0.,-1.,0.));
#4779 = ADVANCED_FACE('',(#4780),#4799,.F.);
#4780 = FACE_BOUND('',#4781,.T.);
#4781 = EDGE_LOOP('',(#4782,#4783,#4792,#4798));
#4782 = ORIENTED_EDGE('',*,*,#4768,.T.);
#4783 = ORIENTED_EDGE('',*,*,#4784,.T.);
#4784 = EDGE_CURVE('',#4761,#4785,#4787,.T.);
#4785 = VERTEX_POINT('',#4786);
#4786 = CARTESIAN_POINT('',(-162.,47.,70.));
#4787 = CIRCLE('',#4788,5.);
#4788 = AXIS2_PLACEMENT_3D('',#4789,#4790,#4791);
#4789 = CARTESIAN_POINT('',(-162.,52.,70.));
#4790 = DIRECTION('',(0.,0.,1.));
#4791 = DIRECTION('',(1.,0.,0.));
#4792 = ORIENTED_EDGE('',*,*,#4793,.F.);
#4793 = EDGE_CURVE('',#4141,#4785,#4794,.T.);
#4794 = LINE('',#4795,#4796);
#4795 = CARTESIAN_POINT('',(-162.,47.,0.));
#4796 = VECTOR('',#4797,1.);
#4797 = DIRECTION('',(0.,0.,1.));
#4798 = ORIENTED_EDGE('',*,*,#4140,.F.);
#4799 = CYLINDRICAL_SURFACE('',#4800,5.);
#4800 = AXIS2_PLACEMENT_3D('',#4801,#4802,#4803);
#4801 = CARTESIAN_POINT('',(-162.,52.,0.));
#4802 = DIRECTION('',(-0.,-0.,-1.));
#4803 = DIRECTION('',(1.,0.,0.));
#4804 = ADVANCED_FACE('',(#4805),#4823,.T.);
#4805 = FACE_BOUND('',#4806,.T.);
#4806 = EDGE_LOOP('',(#4807,#4808,#4816,#4822));
#4807 = ORIENTED_EDGE('',*,*,#4793,.T.);
#4808 = ORIENTED_EDGE('',*,*,#4809,.T.);
#4809 = EDGE_CURVE('',#4785,#4810,#4812,.T.);
#4810 = VERTEX_POINT('',#4811);
#4811 = CARTESIAN_POINT('',(-142.,47.,70.));
#4812 = LINE('',#4813,#4814);
#4813 = CARTESIAN_POINT('',(-162.,47.,70.));
#4814 = VECTOR('',#4815,1.);
#4815 = DIRECTION('',(1.,0.,0.));
#4816 = ORIENTED_EDGE('',*,*,#4817,.F.);
#4817 = EDGE_CURVE('',#4150,#4810,#4818,.T.);
#4818 = LINE('',#4819,#4820);
#4819 = CARTESIAN_POINT('',(-142.,47.,0.));
#4820 = VECTOR('',#4821,1.);
#4821 = DIRECTION('',(0.,0.,1.));
#4822 = ORIENTED_EDGE('',*,*,#4149,.F.);
#4823 = PLANE('',#4824);
#4824 = AXIS2_PLACEMENT_3D('',#4825,#4826,#4827);
#4825 = CARTESIAN_POINT('',(-162.,47.,0.));
#4826 = DIRECTION('',(0.,1.,0.));
#4827 = DIRECTION('',(1.,0.,0.));
#4828 = ADVANCED_FACE('',(#4829),#4841,.F.);
#4829 = FACE_BOUND('',#4830,.T.);
#4830 = EDGE_LOOP('',(#4831,#4832,#4839,#4840));
#4831 = ORIENTED_EDGE('',*,*,#4817,.T.);
#4832 = ORIENTED_EDGE('',*,*,#4833,.T.);
#4833 = EDGE_CURVE('',#4810,#4655,#4834,.T.);
#4834 = CIRCLE('',#4835,5.);
#4835 = AXIS2_PLACEMENT_3D('',#4836,#4837,#4838);
#4836 = CARTESIAN_POINT('',(-142.,52.,70.));
#4837 = DIRECTION('',(0.,0.,1.));
#4838 = DIRECTION('',(1.,0.,0.));
#4839 = ORIENTED_EDGE('',*,*,#4654,.F.);
#4840 = ORIENTED_EDGE('',*,*,#4157,.F.);
#4841 = CYLINDRICAL_SURFACE('',#4842,5.);
#4842 = AXIS2_PLACEMENT_3D('',#4843,#4844,#4845);
#4843 = CARTESIAN_POINT('',(-142.,52.,0.));
#4844 = DIRECTION('',(-0.,-0.,-1.));
#4845 = DIRECTION('',(1.,0.,0.));
#4846 = ADVANCED_FACE('',(#4847),#4872,.T.);
#4847 = FACE_BOUND('',#4848,.T.);
#4848 = EDGE_LOOP('',(#4849,#4857,#4865,#4871));
#4849 = ORIENTED_EDGE('',*,*,#4850,.T.);
#4850 = EDGE_CURVE('',#4167,#4851,#4853,.T.);
#4851 = VERTEX_POINT('',#4852);
#4852 = CARTESIAN_POINT('',(-104.,51.999998464102,70.));
#4853 = LINE('',#4854,#4855);
#4854 = CARTESIAN_POINT('',(-104.,51.999998464102,0.));
#4855 = VECTOR('',#4856,1.);
#4856 = DIRECTION('',(0.,0.,1.));
#4857 = ORIENTED_EDGE('',*,*,#4858,.T.);
#4858 = EDGE_CURVE('',#4851,#4859,#4861,.T.);
#4859 = VERTEX_POINT('',#4860);
#4860 = CARTESIAN_POINT('',(-104.,141.9999984641,70.));
#4861 = LINE('',#4862,#4863);
#4862 = CARTESIAN_POINT('',(-104.,51.999998464102,70.));
#4863 = VECTOR('',#4864,1.);
#4864 = DIRECTION('',(0.,1.,0.));
#4865 = ORIENTED_EDGE('',*,*,#4866,.F.);
#4866 = EDGE_CURVE('',#4169,#4859,#4867,.T.);
#4867 = LINE('',#4868,#4869);
#4868 = CARTESIAN_POINT('',(-104.,141.9999984641,0.));
#4869 = VECTOR('',#4870,1.);
#4870 = DIRECTION('',(0.,0.,1.));
#4871 = ORIENTED_EDGE('',*,*,#4166,.F.);
#4872 = PLANE('',#4873);
#4873 = AXIS2_PLACEMENT_3D('',#4874,#4875,#4876);
#4874 = CARTESIAN_POINT('',(-104.,51.999998464102,0.));
#4875 = DIRECTION('',(-1.,0.,0.));
#4876 = DIRECTION('',(0.,1.,0.));
#4877 = ADVANCED_FACE('',(#4878),#4897,.F.);
#4878 = FACE_BOUND('',#4879,.T.);
#4879 = EDGE_LOOP('',(#4880,#4881,#4890,#4896));
#4880 = ORIENTED_EDGE('',*,*,#4866,.T.);
#4881 = ORIENTED_EDGE('',*,*,#4882,.T.);
#4882 = EDGE_CURVE('',#4859,#4883,#4885,.T.);
#4883 = VERTEX_POINT('',#4884);
#4884 = CARTESIAN_POINT('',(-109.,146.9999984641,70.));
#4885 = CIRCLE('',#4886,5.);
#4886 = AXIS2_PLACEMENT_3D('',#4887,#4888,#4889);
#4887 = CARTESIAN_POINT('',(-109.,141.9999984641,70.));
#4888 = DIRECTION('',(0.,0.,1.));
#4889 = DIRECTION('',(1.,0.,0.));
#4890 = ORIENTED_EDGE('',*,*,#4891,.F.);
#4891 = EDGE_CURVE('',#4177,#4883,#4892,.T.);
#4892 = LINE('',#4893,#4894);
#4893 = CARTESIAN_POINT('',(-109.,146.9999984641,0.));
#4894 = VECTOR('',#4895,1.);
#4895 = DIRECTION('',(0.,0.,1.));
#4896 = ORIENTED_EDGE('',*,*,#4176,.F.);
#4897 = CYLINDRICAL_SURFACE('',#4898,5.);
#4898 = AXIS2_PLACEMENT_3D('',#4899,#4900,#4901);
#4899 = CARTESIAN_POINT('',(-109.,141.9999984641,0.));
#4900 = DIRECTION('',(-0.,-0.,-1.));
#4901 = DIRECTION('',(1.,0.,0.));
#4902 = ADVANCED_FACE('',(#4903),#4921,.T.);
#4903 = FACE_BOUND('',#4904,.T.);
#4904 = EDGE_LOOP('',(#4905,#4906,#4914,#4920));
#4905 = ORIENTED_EDGE('',*,*,#4891,.T.);
#4906 = ORIENTED_EDGE('',*,*,#4907,.T.);
#4907 = EDGE_CURVE('',#4883,#4908,#4910,.T.);
#4908 = VERTEX_POINT('',#4909);
#4909 = CARTESIAN_POINT('',(-129.,146.9999984641,70.));
#4910 = LINE('',#4911,#4912);
#4911 = CARTESIAN_POINT('',(-109.,146.9999984641,70.));
#4912 = VECTOR('',#4913,1.);
#4913 = DIRECTION('',(-1.,0.,0.));
#4914 = ORIENTED_EDGE('',*,*,#4915,.F.);
#4915 = EDGE_CURVE('',#4186,#4908,#4916,.T.);
#4916 = LINE('',#4917,#4918);
#4917 = CARTESIAN_POINT('',(-129.,146.9999984641,0.));
#4918 = VECTOR('',#4919,1.);
#4919 = DIRECTION('',(0.,0.,1.));
#4920 = ORIENTED_EDGE('',*,*,#4185,.F.);
#4921 = PLANE('',#4922);
#4922 = AXIS2_PLACEMENT_3D('',#4923,#4924,#4925);
#4923 = CARTESIAN_POINT('',(-109.,146.9999984641,0.));
#4924 = DIRECTION('',(0.,-1.,0.));
#4925 = DIRECTION('',(-1.,0.,0.));
#4926 = ADVANCED_FACE('',(#4927),#4946,.F.);
#4927 = FACE_BOUND('',#4928,.T.);
#4928 = EDGE_LOOP('',(#4929,#4930,#4939,#4945));
#4929 = ORIENTED_EDGE('',*,*,#4915,.T.);
#4930 = ORIENTED_EDGE('',*,*,#4931,.T.);
#4931 = EDGE_CURVE('',#4908,#4932,#4934,.T.);
#4932 = VERTEX_POINT('',#4933);
#4933 = CARTESIAN_POINT('',(-134.,141.9999984641,70.));
#4934 = CIRCLE('',#4935,5.);
#4935 = AXIS2_PLACEMENT_3D('',#4936,#4937,#4938);
#4936 = CARTESIAN_POINT('',(-129.,141.9999984641,70.));
#4937 = DIRECTION('',(0.,0.,1.));
#4938 = DIRECTION('',(1.,0.,0.));
#4939 = ORIENTED_EDGE('',*,*,#4940,.F.);
#4940 = EDGE_CURVE('',#4194,#4932,#4941,.T.);
#4941 = LINE('',#4942,#4943);
#4942 = CARTESIAN_POINT('',(-134.,141.9999984641,0.));
#4943 = VECTOR('',#4944,1.);
#4944 = DIRECTION('',(0.,0.,1.));
#4945 = ORIENTED_EDGE('',*,*,#4193,.F.);
#4946 = CYLINDRICAL_SURFACE('',#4947,5.);
#4947 = AXIS2_PLACEMENT_3D('',#4948,#4949,#4950);
#4948 = CARTESIAN_POINT('',(-129.,141.9999984641,0.));
#4949 = DIRECTION('',(-0.,-0.,-1.));
#4950 = DIRECTION('',(1.,0.,0.));
#4951 = ADVANCED_FACE('',(#4952),#4970,.T.);
#4952 = FACE_BOUND('',#4953,.T.);
#4953 = EDGE_LOOP('',(#4954,#4955,#4963,#4969));
#4954 = ORIENTED_EDGE('',*,*,#4940,.T.);
#4955 = ORIENTED_EDGE('',*,*,#4956,.T.);
#4956 = EDGE_CURVE('',#4932,#4957,#4959,.T.);
#4957 = VERTEX_POINT('',#4958);
#4958 = CARTESIAN_POINT('',(-134.,51.999998464102,70.));
#4959 = LINE('',#4960,#4961);
#4960 = CARTESIAN_POINT('',(-134.,141.9999984641,70.));
#4961 = VECTOR('',#4962,1.);
#4962 = DIRECTION('',(0.,-1.,0.));
#4963 = ORIENTED_EDGE('',*,*,#4964,.F.);
#4964 = EDGE_CURVE('',#4203,#4957,#4965,.T.);
#4965 = LINE('',#4966,#4967);
#4966 = CARTESIAN_POINT('',(-134.,51.999998464102,0.));
#4967 = VECTOR('',#4968,1.);
#4968 = DIRECTION('',(0.,0.,1.));
#4969 = ORIENTED_EDGE('',*,*,#4202,.F.);
#4970 = PLANE('',#4971);
#4971 = AXIS2_PLACEMENT_3D('',#4972,#4973,#4974);
#4972 = CARTESIAN_POINT('',(-134.,141.9999984641,0.));
#4973 = DIRECTION('',(1.,0.,-0.));
#4974 = DIRECTION('',(0.,-1.,0.));
#4975 = ADVANCED_FACE('',(#4976),#4995,.F.);
#4976 = FACE_BOUND('',#4977,.T.);
#4977 = EDGE_LOOP('',(#4978,#4979,#4988,#4994));
#4978 = ORIENTED_EDGE('',*,*,#4964,.T.);
#4979 = ORIENTED_EDGE('',*,*,#4980,.T.);
#4980 = EDGE_CURVE('',#4957,#4981,#4983,.T.);
#4981 = VERTEX_POINT('',#4982);
#4982 = CARTESIAN_POINT('',(-129.,46.999998464102,70.));
#4983 = CIRCLE('',#4984,5.);
#4984 = AXIS2_PLACEMENT_3D('',#4985,#4986,#4987);
#4985 = CARTESIAN_POINT('',(-129.,51.999998464102,70.));
#4986 = DIRECTION('',(0.,0.,1.));
#4987 = DIRECTION('',(1.,0.,0.));
#4988 = ORIENTED_EDGE('',*,*,#4989,.F.);
#4989 = EDGE_CURVE('',#4211,#4981,#4990,.T.);
#4990 = LINE('',#4991,#4992);
#4991 = CARTESIAN_POINT('',(-129.,46.999998464102,0.));
#4992 = VECTOR('',#4993,1.);
#4993 = DIRECTION('',(0.,0.,1.));
#4994 = ORIENTED_EDGE('',*,*,#4210,.F.);
#4995 = CYLINDRICAL_SURFACE('',#4996,5.);
#4996 = AXIS2_PLACEMENT_3D('',#4997,#4998,#4999);
#4997 = CARTESIAN_POINT('',(-129.,51.999998464102,0.));
#4998 = DIRECTION('',(-0.,-0.,-1.));
#4999 = DIRECTION('',(1.,0.,0.));
#5000 = ADVANCED_FACE('',(#5001),#5019,.T.);
#5001 = FACE_BOUND('',#5002,.T.);
#5002 = EDGE_LOOP('',(#5003,#5004,#5012,#5018));
#5003 = ORIENTED_EDGE('',*,*,#4989,.T.);
#5004 = ORIENTED_EDGE('',*,*,#5005,.T.);
#5005 = EDGE_CURVE('',#4981,#5006,#5008,.T.);
#5006 = VERTEX_POINT('',#5007);
#5007 = CARTESIAN_POINT('',(-109.,46.999998464102,70.));
#5008 = LINE('',#5009,#5010);
#5009 = CARTESIAN_POINT('',(-129.,46.999998464102,70.));
#5010 = VECTOR('',#5011,1.);
#5011 = DIRECTION('',(1.,0.,0.));
#5012 = ORIENTED_EDGE('',*,*,#5013,.F.);
#5013 = EDGE_CURVE('',#4220,#5006,#5014,.T.);
#5014 = LINE('',#5015,#5016);
#5015 = CARTESIAN_POINT('',(-109.,46.999998464102,0.));
#5016 = VECTOR('',#5017,1.);
#5017 = DIRECTION('',(0.,0.,1.));
#5018 = ORIENTED_EDGE('',*,*,#4219,.F.);
#5019 = PLANE('',#5020);
#5020 = AXIS2_PLACEMENT_3D('',#5021,#5022,#5023);
#5021 = CARTESIAN_POINT('',(-129.,46.999998464102,0.));
#5022 = DIRECTION('',(0.,1.,0.));
#5023 = DIRECTION('',(1.,0.,0.));
#5024 = ADVANCED_FACE('',(#5025),#5037,.F.);
#5025 = FACE_BOUND('',#5026,.T.);
#5026 = EDGE_LOOP('',(#5027,#5028,#5035,#5036));
#5027 = ORIENTED_EDGE('',*,*,#5013,.T.);
#5028 = ORIENTED_EDGE('',*,*,#5029,.T.);
#5029 = EDGE_CURVE('',#5006,#4851,#5030,.T.);
#5030 = CIRCLE('',#5031,5.);
#5031 = AXIS2_PLACEMENT_3D('',#5032,#5033,#5034);
#5032 = CARTESIAN_POINT('',(-109.,51.999998464102,70.));
#5033 = DIRECTION('',(0.,0.,1.));
#5034 = DIRECTION('',(1.,0.,0.));
#5035 = ORIENTED_EDGE('',*,*,#4850,.F.);
#5036 = ORIENTED_EDGE('',*,*,#4227,.F.);
#5037 = CYLINDRICAL_SURFACE('',#5038,5.);
#5038 = AXIS2_PLACEMENT_3D('',#5039,#5040,#5041);
#5039 = CARTESIAN_POINT('',(-109.,51.999998464102,0.));
#5040 = DIRECTION('',(-0.,-0.,-1.));
#5041 = DIRECTION('',(1.,0.,0.));
#5042 = ADVANCED_FACE('',(#5043),#5068,.T.);
#5043 = FACE_BOUND('',#5044,.T.);
#5044 = EDGE_LOOP('',(#5045,#5053,#5061,#5067));
#5045 = ORIENTED_EDGE('',*,*,#5046,.T.);
#5046 = EDGE_CURVE('',#4237,#5047,#5049,.T.);
#5047 = VERTEX_POINT('',#5048);
#5048 = CARTESIAN_POINT('',(-71.,52.000378191104,70.));
#5049 = LINE('',#5050,#5051);
#5050 = CARTESIAN_POINT('',(-71.,52.000378191104,0.));
#5051 = VECTOR('',#5052,1.);
#5052 = DIRECTION('',(0.,0.,1.));
#5053 = ORIENTED_EDGE('',*,*,#5054,.T.);
#5054 = EDGE_CURVE('',#5047,#5055,#5057,.T.);
#5055 = VERTEX_POINT('',#5056);
#5056 = CARTESIAN_POINT('',(-71.,142.0003781911,70.));
#5057 = LINE('',#5058,#5059);
#5058 = CARTESIAN_POINT('',(-71.,52.000378191104,70.));
#5059 = VECTOR('',#5060,1.);
#5060 = DIRECTION('',(0.,1.,0.));
#5061 = ORIENTED_EDGE('',*,*,#5062,.F.);
#5062 = EDGE_CURVE('',#4239,#5055,#5063,.T.);
#5063 = LINE('',#5064,#5065);
#5064 = CARTESIAN_POINT('',(-71.,142.0003781911,0.));
#5065 = VECTOR('',#5066,1.);
#5066 = DIRECTION('',(0.,0.,1.));
#5067 = ORIENTED_EDGE('',*,*,#4236,.F.);
#5068 = PLANE('',#5069);
#5069 = AXIS2_PLACEMENT_3D('',#5070,#5071,#5072);
#5070 = CARTESIAN_POINT('',(-71.,52.000378191104,0.));
#5071 = DIRECTION('',(-1.,0.,0.));
#5072 = DIRECTION('',(0.,1.,0.));
#5073 = ADVANCED_FACE('',(#5074),#5093,.F.);
#5074 = FACE_BOUND('',#5075,.T.);
#5075 = EDGE_LOOP('',(#5076,#5077,#5086,#5092));
#5076 = ORIENTED_EDGE('',*,*,#5062,.T.);
#5077 = ORIENTED_EDGE('',*,*,#5078,.T.);
#5078 = EDGE_CURVE('',#5055,#5079,#5081,.T.);
#5079 = VERTEX_POINT('',#5080);
#5080 = CARTESIAN_POINT('',(-76.,147.0003781911,70.));
#5081 = CIRCLE('',#5082,5.);
#5082 = AXIS2_PLACEMENT_3D('',#5083,#5084,#5085);
#5083 = CARTESIAN_POINT('',(-76.,142.0003781911,70.));
#5084 = DIRECTION('',(0.,0.,1.));
#5085 = DIRECTION('',(1.,0.,0.));
#5086 = ORIENTED_EDGE('',*,*,#5087,.F.);
#5087 = EDGE_CURVE('',#4247,#5079,#5088,.T.);
#5088 = LINE('',#5089,#5090);
#5089 = CARTESIAN_POINT('',(-76.,147.0003781911,0.));
#5090 = VECTOR('',#5091,1.);
#5091 = DIRECTION('',(0.,0.,1.));
#5092 = ORIENTED_EDGE('',*,*,#4246,.F.);
#5093 = CYLINDRICAL_SURFACE('',#5094,5.);
#5094 = AXIS2_PLACEMENT_3D('',#5095,#5096,#5097);
#5095 = CARTESIAN_POINT('',(-76.,142.0003781911,0.));
#5096 = DIRECTION('',(-0.,-0.,-1.));
#5097 = DIRECTION('',(1.,0.,0.));
#5098 = ADVANCED_FACE('',(#5099),#5117,.T.);
#5099 = FACE_BOUND('',#5100,.T.);
#5100 = EDGE_LOOP('',(#5101,#5102,#5110,#5116));
#5101 = ORIENTED_EDGE('',*,*,#5087,.T.);
#5102 = ORIENTED_EDGE('',*,*,#5103,.T.);
#5103 = EDGE_CURVE('',#5079,#5104,#5106,.T.);
#5104 = VERTEX_POINT('',#5105);
#5105 = CARTESIAN_POINT('',(-96.,147.0003781911,70.));
#5106 = LINE('',#5107,#5108);
#5107 = CARTESIAN_POINT('',(-76.,147.0003781911,70.));
#5108 = VECTOR('',#5109,1.);
#5109 = DIRECTION('',(-1.,0.,0.));
#5110 = ORIENTED_EDGE('',*,*,#5111,.F.);
#5111 = EDGE_CURVE('',#4256,#5104,#5112,.T.);
#5112 = LINE('',#5113,#5114);
#5113 = CARTESIAN_POINT('',(-96.,147.0003781911,0.));
#5114 = VECTOR('',#5115,1.);
#5115 = DIRECTION('',(0.,0.,1.));
#5116 = ORIENTED_EDGE('',*,*,#4255,.F.);
#5117 = PLANE('',#5118);
#5118 = AXIS2_PLACEMENT_3D('',#5119,#5120,#5121);
#5119 = CARTESIAN_POINT('',(-76.,147.0003781911,0.));
#5120 = DIRECTION('',(0.,-1.,0.));
#5121 = DIRECTION('',(-1.,0.,0.));
#5122 = ADVANCED_FACE('',(#5123),#5142,.F.);
#5123 = FACE_BOUND('',#5124,.T.);
#5124 = EDGE_LOOP('',(#5125,#5126,#5135,#5141));
#5125 = ORIENTED_EDGE('',*,*,#5111,.T.);
#5126 = ORIENTED_EDGE('',*,*,#5127,.T.);
#5127 = EDGE_CURVE('',#5104,#5128,#5130,.T.);
#5128 = VERTEX_POINT('',#5129);
#5129 = CARTESIAN_POINT('',(-101.,142.0003781911,70.));
#5130 = CIRCLE('',#5131,5.);
#5131 = AXIS2_PLACEMENT_3D('',#5132,#5133,#5134);
#5132 = CARTESIAN_POINT('',(-96.,142.0003781911,70.));
#5133 = DIRECTION('',(0.,0.,1.));
#5134 = DIRECTION('',(1.,0.,0.));
#5135 = ORIENTED_EDGE('',*,*,#5136,.F.);
#5136 = EDGE_CURVE('',#4264,#5128,#5137,.T.);
#5137 = LINE('',#5138,#5139);
#5138 = CARTESIAN_POINT('',(-101.,142.0003781911,0.));
#5139 = VECTOR('',#5140,1.);
#5140 = DIRECTION('',(0.,0.,1.));
#5141 = ORIENTED_EDGE('',*,*,#4263,.F.);
#5142 = CYLINDRICAL_SURFACE('',#5143,5.);
#5143 = AXIS2_PLACEMENT_3D('',#5144,#5145,#5146);
#5144 = CARTESIAN_POINT('',(-96.,142.0003781911,0.));
#5145 = DIRECTION('',(-0.,-0.,-1.));
#5146 = DIRECTION('',(1.,0.,0.));
#5147 = ADVANCED_FACE('',(#5148),#5166,.T.);
#5148 = FACE_BOUND('',#5149,.T.);
#5149 = EDGE_LOOP('',(#5150,#5151,#5159,#5165));
#5150 = ORIENTED_EDGE('',*,*,#5136,.T.);
#5151 = ORIENTED_EDGE('',*,*,#5152,.T.);
#5152 = EDGE_CURVE('',#5128,#5153,#5155,.T.);
#5153 = VERTEX_POINT('',#5154);
#5154 = CARTESIAN_POINT('',(-101.,52.000378191104,70.));
#5155 = LINE('',#5156,#5157);
#5156 = CARTESIAN_POINT('',(-101.,142.0003781911,70.));
#5157 = VECTOR('',#5158,1.);
#5158 = DIRECTION('',(0.,-1.,0.));
#5159 = ORIENTED_EDGE('',*,*,#5160,.F.);
#5160 = EDGE_CURVE('',#4273,#5153,#5161,.T.);
#5161 = LINE('',#5162,#5163);
#5162 = CARTESIAN_POINT('',(-101.,52.000378191104,0.));
#5163 = VECTOR('',#5164,1.);
#5164 = DIRECTION('',(0.,0.,1.));
#5165 = ORIENTED_EDGE('',*,*,#4272,.F.);
#5166 = PLANE('',#5167);
#5167 = AXIS2_PLACEMENT_3D('',#5168,#5169,#5170);
#5168 = CARTESIAN_POINT('',(-101.,142.0003781911,0.));
#5169 = DIRECTION('',(1.,0.,-0.));
#5170 = DIRECTION('',(0.,-1.,0.));
#5171 = ADVANCED_FACE('',(#5172),#5191,.F.);
#5172 = FACE_BOUND('',#5173,.T.);
#5173 = EDGE_LOOP('',(#5174,#5175,#5184,#5190));
#5174 = ORIENTED_EDGE('',*,*,#5160,.T.);
#5175 = ORIENTED_EDGE('',*,*,#5176,.T.);
#5176 = EDGE_CURVE('',#5153,#5177,#5179,.T.);
#5177 = VERTEX_POINT('',#5178);
#5178 = CARTESIAN_POINT('',(-96.,47.000378191104,70.));
#5179 = CIRCLE('',#5180,5.);
#5180 = AXIS2_PLACEMENT_3D('',#5181,#5182,#5183);
#5181 = CARTESIAN_POINT('',(-96.,52.000378191104,70.));
#5182 = DIRECTION('',(0.,0.,1.));
#5183 = DIRECTION('',(1.,0.,0.));
#5184 = ORIENTED_EDGE('',*,*,#5185,.F.);
#5185 = EDGE_CURVE('',#4281,#5177,#5186,.T.);
#5186 = LINE('',#5187,#5188);
#5187 = CARTESIAN_POINT('',(-96.,47.000378191104,0.));
#5188 = VECTOR('',#5189,1.);
#5189 = DIRECTION('',(0.,0.,1.));
#5190 = ORIENTED_EDGE('',*,*,#4280,.F.);
#5191 = CYLINDRICAL_SURFACE('',#5192,5.);
#5192 = AXIS2_PLACEMENT_3D('',#5193,#5194,#5195);
#5193 = CARTESIAN_POINT('',(-96.,52.000378191104,0.));
#5194 = DIRECTION('',(-0.,-0.,-1.));
#5195 = DIRECTION('',(1.,0.,0.));
#5196 = ADVANCED_FACE('',(#5197),#5215,.T.);
#5197 = FACE_BOUND('',#5198,.T.);
#5198 = EDGE_LOOP('',(#5199,#5200,#5208,#5214));
#5199 = ORIENTED_EDGE('',*,*,#5185,.T.);
#5200 = ORIENTED_EDGE('',*,*,#5201,.T.);
#5201 = EDGE_CURVE('',#5177,#5202,#5204,.T.);
#5202 = VERTEX_POINT('',#5203);
#5203 = CARTESIAN_POINT('',(-76.,47.000378191104,70.));
#5204 = LINE('',#5205,#5206);
#5205 = CARTESIAN_POINT('',(-96.,47.000378191104,70.));
#5206 = VECTOR('',#5207,1.);
#5207 = DIRECTION('',(1.,0.,0.));
#5208 = ORIENTED_EDGE('',*,*,#5209,.F.);
#5209 = EDGE_CURVE('',#4290,#5202,#5210,.T.);
#5210 = LINE('',#5211,#5212);
#5211 = CARTESIAN_POINT('',(-76.,47.000378191104,0.));
#5212 = VECTOR('',#5213,1.);
#5213 = DIRECTION('',(0.,0.,1.));
#5214 = ORIENTED_EDGE('',*,*,#4289,.F.);
#5215 = PLANE('',#5216);
#5216 = AXIS2_PLACEMENT_3D('',#5217,#5218,#5219);
#5217 = CARTESIAN_POINT('',(-96.,47.000378191104,0.));
#5218 = DIRECTION('',(0.,1.,0.));
#5219 = DIRECTION('',(1.,0.,0.));
#5220 = ADVANCED_FACE('',(#5221),#5233,.F.);
#5221 = FACE_BOUND('',#5222,.T.);
#5222 = EDGE_LOOP('',(#5223,#5224,#5231,#5232));
#5223 = ORIENTED_EDGE('',*,*,#5209,.T.);
#5224 = ORIENTED_EDGE('',*,*,#5225,.T.);
#5225 = EDGE_CURVE('',#5202,#5047,#5226,.T.);
#5226 = CIRCLE('',#5227,5.);
#5227 = AXIS2_PLACEMENT_3D('',#5228,#5229,#5230);
#5228 = CARTESIAN_POINT('',(-76.,52.000378191104,70.));
#5229 = DIRECTION('',(0.,0.,1.));
#5230 = DIRECTION('',(1.,0.,0.));
#5231 = ORIENTED_EDGE('',*,*,#5046,.F.);
#5232 = ORIENTED_EDGE('',*,*,#4297,.F.);
#5233 = CYLINDRICAL_SURFACE('',#5234,5.);
#5234 = AXIS2_PLACEMENT_3D('',#5235,#5236,#5237);
#5235 = CARTESIAN_POINT('',(-76.,52.000378191104,0.));
#5236 = DIRECTION('',(-0.,-0.,-1.));
#5237 = DIRECTION('',(1.,0.,0.));
#5238 = ADVANCED_FACE('',(#5239),#5264,.T.);
#5239 = FACE_BOUND('',#5240,.T.);
#5240 = EDGE_LOOP('',(#5241,#5249,#5257,#5263));
#5241 = ORIENTED_EDGE('',*,*,#5242,.T.);
#5242 = EDGE_CURVE('',#4307,#5243,#5245,.T.);
#5243 = VERTEX_POINT('',#5244);
#5244 = CARTESIAN_POINT('',(-38.,51.999995402092,70.));
#5245 = LINE('',#5246,#5247);
#5246 = CARTESIAN_POINT('',(-38.,51.999995402092,0.));
#5247 = VECTOR('',#5248,1.);
#5248 = DIRECTION('',(0.,0.,1.));
#5249 = ORIENTED_EDGE('',*,*,#5250,.T.);
#5250 = EDGE_CURVE('',#5243,#5251,#5253,.T.);
#5251 = VERTEX_POINT('',#5252);
#5252 = CARTESIAN_POINT('',(-38.,141.99999540209,70.));
#5253 = LINE('',#5254,#5255);
#5254 = CARTESIAN_POINT('',(-38.,51.999995402092,70.));
#5255 = VECTOR('',#5256,1.);
#5256 = DIRECTION('',(0.,1.,0.));
#5257 = ORIENTED_EDGE('',*,*,#5258,.F.);
#5258 = EDGE_CURVE('',#4309,#5251,#5259,.T.);
#5259 = LINE('',#5260,#5261);
#5260 = CARTESIAN_POINT('',(-38.,141.99999540209,0.));
#5261 = VECTOR('',#5262,1.);
#5262 = DIRECTION('',(0.,0.,1.));
#5263 = ORIENTED_EDGE('',*,*,#4306,.F.);
#5264 = PLANE('',#5265);
#5265 = AXIS2_PLACEMENT_3D('',#5266,#5267,#5268);
#5266 = CARTESIAN_POINT('',(-38.,51.999995402092,0.));
#5267 = DIRECTION('',(-1.,0.,0.));
#5268 = DIRECTION('',(0.,1.,0.));
#5269 = ADVANCED_FACE('',(#5270),#5289,.F.);
#5270 = FACE_BOUND('',#5271,.T.);
#5271 = EDGE_LOOP('',(#5272,#5273,#5282,#5288));
#5272 = ORIENTED_EDGE('',*,*,#5258,.T.);
#5273 = ORIENTED_EDGE('',*,*,#5274,.T.);
#5274 = EDGE_CURVE('',#5251,#5275,#5277,.T.);
#5275 = VERTEX_POINT('',#5276);
#5276 = CARTESIAN_POINT('',(-43.,146.99999540209,70.));
#5277 = CIRCLE('',#5278,5.);
#5278 = AXIS2_PLACEMENT_3D('',#5279,#5280,#5281);
#5279 = CARTESIAN_POINT('',(-43.,141.99999540209,70.));
#5280 = DIRECTION('',(0.,0.,1.));
#5281 = DIRECTION('',(1.,0.,0.));
#5282 = ORIENTED_EDGE('',*,*,#5283,.F.);
#5283 = EDGE_CURVE('',#4317,#5275,#5284,.T.);
#5284 = LINE('',#5285,#5286);
#5285 = CARTESIAN_POINT('',(-43.,146.99999540209,0.));
#5286 = VECTOR('',#5287,1.);
#5287 = DIRECTION('',(0.,0.,1.));
#5288 = ORIENTED_EDGE('',*,*,#4316,.F.);
#5289 = CYLINDRICAL_SURFACE('',#5290,5.);
#5290 = AXIS2_PLACEMENT_3D('',#5291,#5292,#5293);
#5291 = CARTESIAN_POINT('',(-43.,141.99999540209,0.));
#5292 = DIRECTION('',(-0.,-0.,-1.));
#5293 = DIRECTION('',(1.,0.,0.));
#5294 = ADVANCED_FACE('',(#5295),#5313,.T.);
#5295 = FACE_BOUND('',#5296,.T.);
#5296 = EDGE_LOOP('',(#5297,#5298,#5306,#5312));
#5297 = ORIENTED_EDGE('',*,*,#5283,.T.);
#5298 = ORIENTED_EDGE('',*,*,#5299,.T.);
#5299 = EDGE_CURVE('',#5275,#5300,#5302,.T.);
#5300 = VERTEX_POINT('',#5301);
#5301 = CARTESIAN_POINT('',(-63.,146.99999540209,70.));
#5302 = LINE('',#5303,#5304);
#5303 = CARTESIAN_POINT('',(-43.,146.99999540209,70.));
#5304 = VECTOR('',#5305,1.);
#5305 = DIRECTION('',(-1.,0.,0.));
#5306 = ORIENTED_EDGE('',*,*,#5307,.F.);
#5307 = EDGE_CURVE('',#4326,#5300,#5308,.T.);
#5308 = LINE('',#5309,#5310);
#5309 = CARTESIAN_POINT('',(-63.,146.99999540209,0.));
#5310 = VECTOR('',#5311,1.);
#5311 = DIRECTION('',(0.,0.,1.));
#5312 = ORIENTED_EDGE('',*,*,#4325,.F.);
#5313 = PLANE('',#5314);
#5314 = AXIS2_PLACEMENT_3D('',#5315,#5316,#5317);
#5315 = CARTESIAN_POINT('',(-43.,146.99999540209,0.));
#5316 = DIRECTION('',(0.,-1.,0.));
#5317 = DIRECTION('',(-1.,0.,0.));
#5318 = ADVANCED_FACE('',(#5319),#5338,.F.);
#5319 = FACE_BOUND('',#5320,.T.);
#5320 = EDGE_LOOP('',(#5321,#5322,#5331,#5337));
#5321 = ORIENTED_EDGE('',*,*,#5307,.T.);
#5322 = ORIENTED_EDGE('',*,*,#5323,.T.);
#5323 = EDGE_CURVE('',#5300,#5324,#5326,.T.);
#5324 = VERTEX_POINT('',#5325);
#5325 = CARTESIAN_POINT('',(-68.,141.99999540209,70.));
#5326 = CIRCLE('',#5327,5.);
#5327 = AXIS2_PLACEMENT_3D('',#5328,#5329,#5330);
#5328 = CARTESIAN_POINT('',(-63.,141.99999540209,70.));
#5329 = DIRECTION('',(0.,0.,1.));
#5330 = DIRECTION('',(1.,0.,0.));
#5331 = ORIENTED_EDGE('',*,*,#5332,.F.);
#5332 = EDGE_CURVE('',#4334,#5324,#5333,.T.);
#5333 = LINE('',#5334,#5335);
#5334 = CARTESIAN_POINT('',(-68.,141.99999540209,0.));
#5335 = VECTOR('',#5336,1.);
#5336 = DIRECTION('',(0.,0.,1.));
#5337 = ORIENTED_EDGE('',*,*,#4333,.F.);
#5338 = CYLINDRICAL_SURFACE('',#5339,5.);
#5339 = AXIS2_PLACEMENT_3D('',#5340,#5341,#5342);
#5340 = CARTESIAN_POINT('',(-63.,141.99999540209,0.));
#5341 = DIRECTION('',(-0.,-0.,-1.));
#5342 = DIRECTION('',(1.,0.,0.));
#5343 = ADVANCED_FACE('',(#5344),#5362,.T.);
#5344 = FACE_BOUND('',#5345,.T.);
#5345 = EDGE_LOOP('',(#5346,#5347,#5355,#5361));
#5346 = ORIENTED_EDGE('',*,*,#5332,.T.);
#5347 = ORIENTED_EDGE('',*,*,#5348,.T.);
#5348 = EDGE_CURVE('',#5324,#5349,#5351,.T.);
#5349 = VERTEX_POINT('',#5350);
#5350 = CARTESIAN_POINT('',(-68.,51.999995402092,70.));
#5351 = LINE('',#5352,#5353);
#5352 = CARTESIAN_POINT('',(-68.,141.99999540209,70.));
#5353 = VECTOR('',#5354,1.);
#5354 = DIRECTION('',(0.,-1.,0.));
#5355 = ORIENTED_EDGE('',*,*,#5356,.F.);
#5356 = EDGE_CURVE('',#4343,#5349,#5357,.T.);
#5357 = LINE('',#5358,#5359);
#5358 = CARTESIAN_POINT('',(-68.,51.999995402092,0.));
#5359 = VECTOR('',#5360,1.);
#5360 = DIRECTION('',(0.,0.,1.));
#5361 = ORIENTED_EDGE('',*,*,#4342,.F.);
#5362 = PLANE('',#5363);
#5363 = AXIS2_PLACEMENT_3D('',#5364,#5365,#5366);
#5364 = CARTESIAN_POINT('',(-68.,141.99999540209,0.));
#5365 = DIRECTION('',(1.,0.,-0.));
#5366 = DIRECTION('',(0.,-1.,0.));
#5367 = ADVANCED_FACE('',(#5368),#5387,.F.);
#5368 = FACE_BOUND('',#5369,.T.);
#5369 = EDGE_LOOP('',(#5370,#5371,#5380,#5386));
#5370 = ORIENTED_EDGE('',*,*,#5356,.T.);
#5371 = ORIENTED_EDGE('',*,*,#5372,.T.);
#5372 = EDGE_CURVE('',#5349,#5373,#5375,.T.);
#5373 = VERTEX_POINT('',#5374);
#5374 = CARTESIAN_POINT('',(-63.,46.999995402092,70.));
#5375 = CIRCLE('',#5376,5.);
#5376 = AXIS2_PLACEMENT_3D('',#5377,#5378,#5379);
#5377 = CARTESIAN_POINT('',(-63.,51.999995402092,70.));
#5378 = DIRECTION('',(0.,0.,1.));
#5379 = DIRECTION('',(1.,0.,0.));
#5380 = ORIENTED_EDGE('',*,*,#5381,.F.);
#5381 = EDGE_CURVE('',#4351,#5373,#5382,.T.);
#5382 = LINE('',#5383,#5384);
#5383 = CARTESIAN_POINT('',(-63.,46.999995402092,0.));
#5384 = VECTOR('',#5385,1.);
#5385 = DIRECTION('',(0.,0.,1.));
#5386 = ORIENTED_EDGE('',*,*,#4350,.F.);
#5387 = CYLINDRICAL_SURFACE('',#5388,5.);
#5388 = AXIS2_PLACEMENT_3D('',#5389,#5390,#5391);
#5389 = CARTESIAN_POINT('',(-63.,51.999995402092,0.));
#5390 = DIRECTION('',(-0.,-0.,-1.));
#5391 = DIRECTION('',(1.,0.,0.));
#5392 = ADVANCED_FACE('',(#5393),#5411,.T.);
#5393 = FACE_BOUND('',#5394,.T.);
#5394 = EDGE_LOOP('',(#5395,#5396,#5404,#5410));
#5395 = ORIENTED_EDGE('',*,*,#5381,.T.);
#5396 = ORIENTED_EDGE('',*,*,#5397,.T.);
#5397 = EDGE_CURVE('',#5373,#5398,#5400,.T.);
#5398 = VERTEX_POINT('',#5399);
#5399 = CARTESIAN_POINT('',(-43.,46.999995402092,70.));
#5400 = LINE('',#5401,#5402);
#5401 = CARTESIAN_POINT('',(-63.,46.999995402092,70.));
#5402 = VECTOR('',#5403,1.);
#5403 = DIRECTION('',(1.,0.,0.));
#5404 = ORIENTED_EDGE('',*,*,#5405,.F.);
#5405 = EDGE_CURVE('',#4360,#5398,#5406,.T.);
#5406 = LINE('',#5407,#5408);
#5407 = CARTESIAN_POINT('',(-43.,46.999995402092,0.));
#5408 = VECTOR('',#5409,1.);
#5409 = DIRECTION('',(0.,0.,1.));
#5410 = ORIENTED_EDGE('',*,*,#4359,.F.);
#5411 = PLANE('',#5412);
#5412 = AXIS2_PLACEMENT_3D('',#5413,#5414,#5415);
#5413 = CARTESIAN_POINT('',(-63.,46.999995402092,0.));
#5414 = DIRECTION('',(0.,1.,0.));
#5415 = DIRECTION('',(1.,0.,0.));
#5416 = ADVANCED_FACE('',(#5417),#5429,.F.);
#5417 = FACE_BOUND('',#5418,.T.);
#5418 = EDGE_LOOP('',(#5419,#5420,#5427,#5428));
#5419 = ORIENTED_EDGE('',*,*,#5405,.T.);
#5420 = ORIENTED_EDGE('',*,*,#5421,.T.);
#5421 = EDGE_CURVE('',#5398,#5243,#5422,.T.);
#5422 = CIRCLE('',#5423,5.);
#5423 = AXIS2_PLACEMENT_3D('',#5424,#5425,#5426);
#5424 = CARTESIAN_POINT('',(-43.,51.999995402092,70.));
#5425 = DIRECTION('',(0.,0.,1.));
#5426 = DIRECTION('',(1.,0.,0.));
#5427 = ORIENTED_EDGE('',*,*,#5242,.F.);
#5428 = ORIENTED_EDGE('',*,*,#4367,.F.);
#5429 = CYLINDRICAL_SURFACE('',#5430,5.);
#5430 = AXIS2_PLACEMENT_3D('',#5431,#5432,#5433);
#5431 = CARTESIAN_POINT('',(-43.,51.999995402092,0.));
#5432 = DIRECTION('',(-0.,-0.,-1.));
#5433 = DIRECTION('',(1.,0.,0.));
#5434 = ADVANCED_FACE('',(#5435),#5460,.T.);
#5435 = FACE_BOUND('',#5436,.T.);
#5436 = EDGE_LOOP('',(#5437,#5445,#5453,#5459));
#5437 = ORIENTED_EDGE('',*,*,#5438,.T.);
#5438 = EDGE_CURVE('',#4377,#5439,#5441,.T.);
#5439 = VERTEX_POINT('',#5440);
#5440 = CARTESIAN_POINT('',(-167.,44.,70.));
#5441 = LINE('',#5442,#5443);
#5442 = CARTESIAN_POINT('',(-167.,44.,0.));
#5443 = VECTOR('',#5444,1.);
#5444 = DIRECTION('',(0.,0.,1.));
#5445 = ORIENTED_EDGE('',*,*,#5446,.T.);
#5446 = EDGE_CURVE('',#5439,#5447,#5449,.T.);
#5447 = VERTEX_POINT('',#5448);
#5448 = CARTESIAN_POINT('',(-167.,3.,70.));
#5449 = LINE('',#5450,#5451);
#5450 = CARTESIAN_POINT('',(-167.,44.,70.));
#5451 = VECTOR('',#5452,1.);
#5452 = DIRECTION('',(0.,-1.,0.));
#5453 = ORIENTED_EDGE('',*,*,#5454,.F.);
#5454 = EDGE_CURVE('',#4379,#5447,#5455,.T.);
#5455 = LINE('',#5456,#5457);
#5456 = CARTESIAN_POINT('',(-167.,3.,0.));
#5457 = VECTOR('',#5458,1.);
#5458 = DIRECTION('',(0.,0.,1.));
#5459 = ORIENTED_EDGE('',*,*,#4376,.F.);
#5460 = PLANE('',#5461);
#5461 = AXIS2_PLACEMENT_3D('',#5462,#5463,#5464);
#5462 = CARTESIAN_POINT('',(-167.,44.,0.));
#5463 = DIRECTION('',(1.,0.,-0.));
#5464 = DIRECTION('',(0.,-1.,0.));
#5465 = ADVANCED_FACE('',(#5466),#5484,.T.);
#5466 = FACE_BOUND('',#5467,.T.);
#5467 = EDGE_LOOP('',(#5468,#5469,#5477,#5483));
#5468 = ORIENTED_EDGE('',*,*,#5454,.T.);
#5469 = ORIENTED_EDGE('',*,*,#5470,.T.);
#5470 = EDGE_CURVE('',#5447,#5471,#5473,.T.);
#5471 = VERTEX_POINT('',#5472);
#5472 = CARTESIAN_POINT('',(-120.1315,3.,70.));
#5473 = LINE('',#5474,#5475);
#5474 = CARTESIAN_POINT('',(-167.,3.,70.));
#5475 = VECTOR('',#5476,1.);
#5476 = DIRECTION('',(1.,0.,0.));
#5477 = ORIENTED_EDGE('',*,*,#5478,.F.);
#5478 = EDGE_CURVE('',#4387,#5471,#5479,.T.);
#5479 = LINE('',#5480,#5481);
#5480 = CARTESIAN_POINT('',(-120.1315,3.,0.));
#5481 = VECTOR('',#5482,1.);
#5482 = DIRECTION('',(0.,0.,1.));
#5483 = ORIENTED_EDGE('',*,*,#4386,.F.);
#5484 = PLANE('',#5485);
#5485 = AXIS2_PLACEMENT_3D('',#5486,#5487,#5488);
#5486 = CARTESIAN_POINT('',(-167.,3.,0.));
#5487 = DIRECTION('',(0.,1.,0.));
#5488 = DIRECTION('',(1.,0.,0.));
#5489 = ADVANCED_FACE('',(#5490),#5508,.F.);
#5490 = FACE_BOUND('',#5491,.F.);
#5491 = EDGE_LOOP('',(#5492,#5500,#5506,#5507));
#5492 = ORIENTED_EDGE('',*,*,#5493,.T.);
#5493 = EDGE_CURVE('',#4395,#5494,#5496,.T.);
#5494 = VERTEX_POINT('',#5495);
#5495 = CARTESIAN_POINT('',(-120.1315,44.,70.));
#5496 = LINE('',#5497,#5498);
#5497 = CARTESIAN_POINT('',(-120.1315,44.,0.));
#5498 = VECTOR('',#5499,1.);
#5499 = DIRECTION('',(0.,0.,1.));
#5500 = ORIENTED_EDGE('',*,*,#5501,.T.);
#5501 = EDGE_CURVE('',#5494,#5471,#5502,.T.);
#5502 = LINE('',#5503,#5504);
#5503 = CARTESIAN_POINT('',(-120.1315,44.,70.));
#5504 = VECTOR('',#5505,1.);
#5505 = DIRECTION('',(0.,-1.,0.));
#5506 = ORIENTED_EDGE('',*,*,#5478,.F.);
#5507 = ORIENTED_EDGE('',*,*,#4394,.F.);
#5508 = PLANE('',#5509);
#5509 = AXIS2_PLACEMENT_3D('',#5510,#5511,#5512);
#5510 = CARTESIAN_POINT('',(-120.1315,44.,0.));
#5511 = DIRECTION('',(1.,0.,-0.));
#5512 = DIRECTION('',(0.,-1.,0.));
#5513 = ADVANCED_FACE('',(#5514),#5525,.T.);
#5514 = FACE_BOUND('',#5515,.T.);
#5515 = EDGE_LOOP('',(#5516,#5517,#5523,#5524));
#5516 = ORIENTED_EDGE('',*,*,#5493,.T.);
#5517 = ORIENTED_EDGE('',*,*,#5518,.T.);
#5518 = EDGE_CURVE('',#5494,#5439,#5519,.T.);
#5519 = LINE('',#5520,#5521);
#5520 = CARTESIAN_POINT('',(-120.1315,44.,70.));
#5521 = VECTOR('',#5522,1.);
#5522 = DIRECTION('',(-1.,0.,0.));
#5523 = ORIENTED_EDGE('',*,*,#5438,.F.);
#5524 = ORIENTED_EDGE('',*,*,#4402,.F.);
#5525 = PLANE('',#5526);
#5526 = AXIS2_PLACEMENT_3D('',#5527,#5528,#5529);
#5527 = CARTESIAN_POINT('',(-120.1315,44.,0.));
#5528 = DIRECTION('',(0.,-1.,0.));
#5529 = DIRECTION('',(-1.,0.,0.));
#5530 = ADVANCED_FACE('',(#5531),#5556,.T.);
#5531 = FACE_BOUND('',#5532,.T.);
#5532 = EDGE_LOOP('',(#5533,#5541,#5549,#5555));
#5533 = ORIENTED_EDGE('',*,*,#5534,.T.);
#5534 = EDGE_CURVE('',#4411,#5535,#5537,.T.);
#5535 = VERTEX_POINT('',#5536);
#5536 = CARTESIAN_POINT('',(-3.,2.89996,70.));
#5537 = LINE('',#5538,#5539);
#5538 = CARTESIAN_POINT('',(-3.,2.89996,0.));
#5539 = VECTOR('',#5540,1.);
#5540 = DIRECTION('',(0.,0.,1.));
#5541 = ORIENTED_EDGE('',*,*,#5542,.T.);
#5542 = EDGE_CURVE('',#5535,#5543,#5545,.T.);
#5543 = VERTEX_POINT('',#5544);
#5544 = CARTESIAN_POINT('',(-3.,44.,70.));
#5545 = LINE('',#5546,#5547);
#5546 = CARTESIAN_POINT('',(-3.,2.89996,70.));
#5547 = VECTOR('',#5548,1.);
#5548 = DIRECTION('',(0.,1.,0.));
#5549 = ORIENTED_EDGE('',*,*,#5550,.F.);
#5550 = EDGE_CURVE('',#4413,#5543,#5551,.T.);
#5551 = LINE('',#5552,#5553);
#5552 = CARTESIAN_POINT('',(-3.,44.,0.));
#5553 = VECTOR('',#5554,1.);
#5554 = DIRECTION('',(0.,0.,1.));
#5555 = ORIENTED_EDGE('',*,*,#4410,.F.);
#5556 = PLANE('',#5557);
#5557 = AXIS2_PLACEMENT_3D('',#5558,#5559,#5560);
#5558 = CARTESIAN_POINT('',(-3.,2.89996,0.));
#5559 = DIRECTION('',(-1.,0.,0.));
#5560 = DIRECTION('',(0.,1.,0.));
#5561 = ADVANCED_FACE('',(#5562),#5580,.T.);
#5562 = FACE_BOUND('',#5563,.T.);
#5563 = EDGE_LOOP('',(#5564,#5565,#5573,#5579));
#5564 = ORIENTED_EDGE('',*,*,#5550,.T.);
#5565 = ORIENTED_EDGE('',*,*,#5566,.T.);
#5566 = EDGE_CURVE('',#5543,#5567,#5569,.T.);
#5567 = VERTEX_POINT('',#5568);
#5568 = CARTESIAN_POINT('',(-41.895123,44.,70.));
#5569 = LINE('',#5570,#5571);
#5570 = CARTESIAN_POINT('',(-3.,44.,70.));
#5571 = VECTOR('',#5572,1.);
#5572 = DIRECTION('',(-1.,0.,0.));
#5573 = ORIENTED_EDGE('',*,*,#5574,.F.);
#5574 = EDGE_CURVE('',#4421,#5567,#5575,.T.);
#5575 = LINE('',#5576,#5577);
#5576 = CARTESIAN_POINT('',(-41.895123,44.,0.));
#5577 = VECTOR('',#5578,1.);
#5578 = DIRECTION('',(0.,0.,1.));
#5579 = ORIENTED_EDGE('',*,*,#4420,.F.);
#5580 = PLANE('',#5581);
#5581 = AXIS2_PLACEMENT_3D('',#5582,#5583,#5584);
#5582 = CARTESIAN_POINT('',(-3.,44.,0.));
#5583 = DIRECTION('',(0.,-1.,0.));
#5584 = DIRECTION('',(-1.,0.,0.));
#5585 = ADVANCED_FACE('',(#5586),#5604,.T.);
#5586 = FACE_BOUND('',#5587,.T.);
#5587 = EDGE_LOOP('',(#5588,#5589,#5597,#5603));
#5588 = ORIENTED_EDGE('',*,*,#5574,.T.);
#5589 = ORIENTED_EDGE('',*,*,#5590,.T.);
#5590 = EDGE_CURVE('',#5567,#5591,#5593,.T.);
#5591 = VERTEX_POINT('',#5592);
#5592 = CARTESIAN_POINT('',(-41.895123,2.89996,70.));
#5593 = LINE('',#5594,#5595);
#5594 = CARTESIAN_POINT('',(-41.895123,44.,70.));
#5595 = VECTOR('',#5596,1.);
#5596 = DIRECTION('',(0.,-1.,0.));
#5597 = ORIENTED_EDGE('',*,*,#5598,.F.);
#5598 = EDGE_CURVE('',#4429,#5591,#5599,.T.);
#5599 = LINE('',#5600,#5601);
#5600 = CARTESIAN_POINT('',(-41.895123,2.89996,0.));
#5601 = VECTOR('',#5602,1.);
#5602 = DIRECTION('',(0.,0.,1.));
#5603 = ORIENTED_EDGE('',*,*,#4428,.F.);
#5604 = PLANE('',#5605);
#5605 = AXIS2_PLACEMENT_3D('',#5606,#5607,#5608);
#5606 = CARTESIAN_POINT('',(-41.895123,44.,0.));
#5607 = DIRECTION('',(1.,0.,-0.));
#5608 = DIRECTION('',(0.,-1.,0.));
#5609 = ADVANCED_FACE('',(#5610),#5621,.T.);
#5610 = FACE_BOUND('',#5611,.T.);
#5611 = EDGE_LOOP('',(#5612,#5613,#5619,#5620));
#5612 = ORIENTED_EDGE('',*,*,#5598,.T.);
#5613 = ORIENTED_EDGE('',*,*,#5614,.T.);
#5614 = EDGE_CURVE('',#5591,#5535,#5615,.T.);
#5615 = LINE('',#5616,#5617);
#5616 = CARTESIAN_POINT('',(-41.895123,2.89996,70.));
#5617 = VECTOR('',#5618,1.);
#5618 = DIRECTION('',(1.,0.,0.));
#5619 = ORIENTED_EDGE('',*,*,#5534,.F.);
#5620 = ORIENTED_EDGE('',*,*,#4436,.F.);
#5621 = PLANE('',#5622);
#5622 = AXIS2_PLACEMENT_3D('',#5623,#5624,#5625);
#5623 = CARTESIAN_POINT('',(-41.895123,2.89996,0.));
#5624 = DIRECTION('',(0.,1.,0.));
#5625 = DIRECTION('',(1.,0.,0.));
#5626 = ADVANCED_FACE('',(#5627),#5652,.F.);
#5627 = FACE_BOUND('',#5628,.F.);
#5628 = EDGE_LOOP('',(#5629,#5637,#5645,#5651));
#5629 = ORIENTED_EDGE('',*,*,#5630,.T.);
#5630 = EDGE_CURVE('',#4445,#5631,#5633,.T.);
#5631 = VERTEX_POINT('',#5632);
#5632 = CARTESIAN_POINT('',(-44.23278,44.,70.));
#5633 = LINE('',#5634,#5635);
#5634 = CARTESIAN_POINT('',(-44.23278,44.,0.));
#5635 = VECTOR('',#5636,1.);
#5636 = DIRECTION('',(0.,0.,1.));
#5637 = ORIENTED_EDGE('',*,*,#5638,.T.);
#5638 = EDGE_CURVE('',#5631,#5639,#5641,.T.);
#5639 = VERTEX_POINT('',#5640);
#5640 = CARTESIAN_POINT('',(-44.23278,2.89996,70.));
#5641 = LINE('',#5642,#5643);
#5642 = CARTESIAN_POINT('',(-44.23278,44.,70.));
#5643 = VECTOR('',#5644,1.);
#5644 = DIRECTION('',(0.,-1.,0.));
#5645 = ORIENTED_EDGE('',*,*,#5646,.F.);
#5646 = EDGE_CURVE('',#4447,#5639,#5647,.T.);
#5647 = LINE('',#5648,#5649);
#5648 = CARTESIAN_POINT('',(-44.23278,2.89996,0.));
#5649 = VECTOR('',#5650,1.);
#5650 = DIRECTION('',(0.,0.,1.));
#5651 = ORIENTED_EDGE('',*,*,#4444,.F.);
#5652 = PLANE('',#5653);
#5653 = AXIS2_PLACEMENT_3D('',#5654,#5655,#5656);
#5654 = CARTESIAN_POINT('',(-44.23278,44.,0.));
#5655 = DIRECTION('',(1.,0.,-0.));
#5656 = DIRECTION('',(0.,-1.,0.));
#5657 = ADVANCED_FACE('',(#5658),#5676,.T.);
#5658 = FACE_BOUND('',#5659,.T.);
#5659 = EDGE_LOOP('',(#5660,#5668,#5674,#5675));
#5660 = ORIENTED_EDGE('',*,*,#5661,.T.);
#5661 = EDGE_CURVE('',#4455,#5662,#5664,.T.);
#5662 = VERTEX_POINT('',#5663);
#5663 = CARTESIAN_POINT('',(-82.578094,2.89996,70.));
#5664 = LINE('',#5665,#5666);
#5665 = CARTESIAN_POINT('',(-82.578094,2.89996,0.));
#5666 = VECTOR('',#5667,1.);
#5667 = DIRECTION('',(0.,0.,1.));
#5668 = ORIENTED_EDGE('',*,*,#5669,.T.);
#5669 = EDGE_CURVE('',#5662,#5639,#5670,.T.);
#5670 = LINE('',#5671,#5672);
#5671 = CARTESIAN_POINT('',(-82.578094,2.89996,70.));
#5672 = VECTOR('',#5673,1.);
#5673 = DIRECTION('',(1.,0.,0.));
#5674 = ORIENTED_EDGE('',*,*,#5646,.F.);
#5675 = ORIENTED_EDGE('',*,*,#4454,.F.);
#5676 = PLANE('',#5677);
#5677 = AXIS2_PLACEMENT_3D('',#5678,#5679,#5680);
#5678 = CARTESIAN_POINT('',(-82.578094,2.89996,0.));
#5679 = DIRECTION('',(0.,1.,0.));
#5680 = DIRECTION('',(1.,0.,0.));
#5681 = ADVANCED_FACE('',(#5682),#5700,.T.);
#5682 = FACE_BOUND('',#5683,.T.);
#5683 = EDGE_LOOP('',(#5684,#5692,#5698,#5699));
#5684 = ORIENTED_EDGE('',*,*,#5685,.T.);
#5685 = EDGE_CURVE('',#4463,#5686,#5688,.T.);
#5686 = VERTEX_POINT('',#5687);
#5687 = CARTESIAN_POINT('',(-82.578094,44.,70.));
#5688 = LINE('',#5689,#5690);
#5689 = CARTESIAN_POINT('',(-82.578094,44.,0.));
#5690 = VECTOR('',#5691,1.);
#5691 = DIRECTION('',(0.,0.,1.));
#5692 = ORIENTED_EDGE('',*,*,#5693,.T.);
#5693 = EDGE_CURVE('',#5686,#5662,#5694,.T.);
#5694 = LINE('',#5695,#5696);
#5695 = CARTESIAN_POINT('',(-82.578094,44.,70.));
#5696 = VECTOR('',#5697,1.);
#5697 = DIRECTION('',(0.,-1.,0.));
#5698 = ORIENTED_EDGE('',*,*,#5661,.F.);
#5699 = ORIENTED_EDGE('',*,*,#4462,.F.);
#5700 = PLANE('',#5701);
#5701 = AXIS2_PLACEMENT_3D('',#5702,#5703,#5704);
#5702 = CARTESIAN_POINT('',(-82.578094,44.,0.));
#5703 = DIRECTION('',(1.,0.,-0.));
#5704 = DIRECTION('',(0.,-1.,0.));
#5705 = ADVANCED_FACE('',(#5706),#5717,.T.);
#5706 = FACE_BOUND('',#5707,.T.);
#5707 = EDGE_LOOP('',(#5708,#5709,#5715,#5716));
#5708 = ORIENTED_EDGE('',*,*,#5630,.T.);
#5709 = ORIENTED_EDGE('',*,*,#5710,.T.);
#5710 = EDGE_CURVE('',#5631,#5686,#5711,.T.);
#5711 = LINE('',#5712,#5713);
#5712 = CARTESIAN_POINT('',(-44.23278,44.,70.));
#5713 = VECTOR('',#5714,1.);
#5714 = DIRECTION('',(-1.,0.,0.));
#5715 = ORIENTED_EDGE('',*,*,#5685,.F.);
#5716 = ORIENTED_EDGE('',*,*,#4470,.F.);
#5717 = PLANE('',#5718);
#5718 = AXIS2_PLACEMENT_3D('',#5719,#5720,#5721);
#5719 = CARTESIAN_POINT('',(-44.23278,44.,0.));
#5720 = DIRECTION('',(0.,-1.,0.));
#5721 = DIRECTION('',(-1.,0.,0.));
#5722 = ADVANCED_FACE('',(#5723),#5748,.F.);
#5723 = FACE_BOUND('',#5724,.F.);
#5724 = EDGE_LOOP('',(#5725,#5733,#5741,#5747));
#5725 = ORIENTED_EDGE('',*,*,#5726,.T.);
#5726 = EDGE_CURVE('',#4479,#5727,#5729,.T.);
#5727 = VERTEX_POINT('',#5728);
#5728 = CARTESIAN_POINT('',(-85.,44.,70.));
#5729 = LINE('',#5730,#5731);
#5730 = CARTESIAN_POINT('',(-85.,44.,0.));
#5731 = VECTOR('',#5732,1.);
#5732 = DIRECTION('',(0.,0.,1.));
#5733 = ORIENTED_EDGE('',*,*,#5734,.T.);
#5734 = EDGE_CURVE('',#5727,#5735,#5737,.T.);
#5735 = VERTEX_POINT('',#5736);
#5736 = CARTESIAN_POINT('',(-85.,2.89996,70.));
#5737 = LINE('',#5738,#5739);
#5738 = CARTESIAN_POINT('',(-85.,44.,70.));
#5739 = VECTOR('',#5740,1.);
#5740 = DIRECTION('',(0.,-1.,0.));
#5741 = ORIENTED_EDGE('',*,*,#5742,.F.);
#5742 = EDGE_CURVE('',#4481,#5735,#5743,.T.);
#5743 = LINE('',#5744,#5745);
#5744 = CARTESIAN_POINT('',(-85.,2.89996,0.));
#5745 = VECTOR('',#5746,1.);
#5746 = DIRECTION('',(0.,0.,1.));
#5747 = ORIENTED_EDGE('',*,*,#4478,.F.);
#5748 = PLANE('',#5749);
#5749 = AXIS2_PLACEMENT_3D('',#5750,#5751,#5752);
#5750 = CARTESIAN_POINT('',(-85.,44.,0.));
#5751 = DIRECTION('',(1.,0.,-0.));
#5752 = DIRECTION('',(0.,-1.,0.));
#5753 = ADVANCED_FACE('',(#5754),#5772,.T.);
#5754 = FACE_BOUND('',#5755,.T.);
#5755 = EDGE_LOOP('',(#5756,#5764,#5770,#5771));
#5756 = ORIENTED_EDGE('',*,*,#5757,.T.);
#5757 = EDGE_CURVE('',#4489,#5758,#5760,.T.);
#5758 = VERTEX_POINT('',#5759);
#5759 = CARTESIAN_POINT('',(-117.943893,2.89996,70.));
#5760 = LINE('',#5761,#5762);
#5761 = CARTESIAN_POINT('',(-117.943893,2.89996,0.));
#5762 = VECTOR('',#5763,1.);
#5763 = DIRECTION('',(0.,0.,1.));
#5764 = ORIENTED_EDGE('',*,*,#5765,.T.);
#5765 = EDGE_CURVE('',#5758,#5735,#5766,.T.);
#5766 = LINE('',#5767,#5768);
#5767 = CARTESIAN_POINT('',(-117.943893,2.89996,70.));
#5768 = VECTOR('',#5769,1.);
#5769 = DIRECTION('',(1.,0.,0.));
#5770 = ORIENTED_EDGE('',*,*,#5742,.F.);
#5771 = ORIENTED_EDGE('',*,*,#4488,.F.);
#5772 = PLANE('',#5773);
#5773 = AXIS2_PLACEMENT_3D('',#5774,#5775,#5776);
#5774 = CARTESIAN_POINT('',(-117.943893,2.89996,0.));
#5775 = DIRECTION('',(0.,1.,0.));
#5776 = DIRECTION('',(1.,0.,0.));
#5777 = ADVANCED_FACE('',(#5778),#5796,.T.);
#5778 = FACE_BOUND('',#5779,.T.);
#5779 = EDGE_LOOP('',(#5780,#5788,#5794,#5795));
#5780 = ORIENTED_EDGE('',*,*,#5781,.T.);
#5781 = EDGE_CURVE('',#4497,#5782,#5784,.T.);
#5782 = VERTEX_POINT('',#5783);
#5783 = CARTESIAN_POINT('',(-117.943893,44.,70.));
#5784 = LINE('',#5785,#5786);
#5785 = CARTESIAN_POINT('',(-117.943893,44.,0.));
#5786 = VECTOR('',#5787,1.);
#5787 = DIRECTION('',(0.,0.,1.));
#5788 = ORIENTED_EDGE('',*,*,#5789,.T.);
#5789 = EDGE_CURVE('',#5782,#5758,#5790,.T.);
#5790 = LINE('',#5791,#5792);
#5791 = CARTESIAN_POINT('',(-117.943893,44.,70.));
#5792 = VECTOR('',#5793,1.);
#5793 = DIRECTION('',(0.,-1.,0.));
#5794 = ORIENTED_EDGE('',*,*,#5757,.F.);
#5795 = ORIENTED_EDGE('',*,*,#4496,.F.);
#5796 = PLANE('',#5797);
#5797 = AXIS2_PLACEMENT_3D('',#5798,#5799,#5800);
#5798 = CARTESIAN_POINT('',(-117.943893,44.,0.));
#5799 = DIRECTION('',(1.,0.,-0.));
#5800 = DIRECTION('',(0.,-1.,0.));
#5801 = ADVANCED_FACE('',(#5802),#5813,.T.);
#5802 = FACE_BOUND('',#5803,.T.);
#5803 = EDGE_LOOP('',(#5804,#5805,#5811,#5812));
#5804 = ORIENTED_EDGE('',*,*,#5726,.T.);
#5805 = ORIENTED_EDGE('',*,*,#5806,.T.);
#5806 = EDGE_CURVE('',#5727,#5782,#5807,.T.);
#5807 = LINE('',#5808,#5809);
#5808 = CARTESIAN_POINT('',(-85.,44.,70.));
#5809 = VECTOR('',#5810,1.);
#5810 = DIRECTION('',(-1.,0.,0.));
#5811 = ORIENTED_EDGE('',*,*,#5781,.F.);
#5812 = ORIENTED_EDGE('',*,*,#4504,.F.);
#5813 = PLANE('',#5814);
#5814 = AXIS2_PLACEMENT_3D('',#5815,#5816,#5817);
#5815 = CARTESIAN_POINT('',(-85.,44.,0.));
#5816 = DIRECTION('',(0.,-1.,0.));
#5817 = DIRECTION('',(-1.,0.,0.));
#5818 = ADVANCED_FACE('',(#5819),#5844,.T.);
#5819 = FACE_BOUND('',#5820,.T.);
#5820 = EDGE_LOOP('',(#5821,#5829,#5837,#5843));
#5821 = ORIENTED_EDGE('',*,*,#5822,.T.);
#5822 = EDGE_CURVE('',#4515,#5823,#5825,.T.);
#5823 = VERTEX_POINT('',#5824);
#5824 = CARTESIAN_POINT('',(-35.,47.,70.));
#5825 = LINE('',#5826,#5827);
#5826 = CARTESIAN_POINT('',(-35.,47.,0.));
#5827 = VECTOR('',#5828,1.);
#5828 = DIRECTION('',(0.,0.,1.));
#5829 = ORIENTED_EDGE('',*,*,#5830,.T.);
#5830 = EDGE_CURVE('',#5823,#5831,#5833,.T.);
#5831 = VERTEX_POINT('',#5832);
#5832 = CARTESIAN_POINT('',(-3.,47.,70.));
#5833 = LINE('',#5834,#5835);
#5834 = CARTESIAN_POINT('',(-35.,47.,70.));
#5835 = VECTOR('',#5836,1.);
#5836 = DIRECTION('',(1.,0.,0.));
#5837 = ORIENTED_EDGE('',*,*,#5838,.F.);
#5838 = EDGE_CURVE('',#4523,#5831,#5839,.T.);
#5839 = LINE('',#5840,#5841);
#5840 = CARTESIAN_POINT('',(-3.,47.,0.));
#5841 = VECTOR('',#5842,1.);
#5842 = DIRECTION('',(0.,0.,1.));
#5843 = ORIENTED_EDGE('',*,*,#4522,.F.);
#5844 = PLANE('',#5845);
#5845 = AXIS2_PLACEMENT_3D('',#5846,#5847,#5848);
#5846 = CARTESIAN_POINT('',(-35.,47.,0.));
#5847 = DIRECTION('',(0.,1.,0.));
#5848 = DIRECTION('',(1.,0.,0.));
#5849 = ADVANCED_FACE('',(#5850),#5875,.F.);
#5850 = FACE_BOUND('',#5851,.F.);
#5851 = EDGE_LOOP('',(#5852,#5860,#5868,#5874));
#5852 = ORIENTED_EDGE('',*,*,#5853,.T.);
#5853 = EDGE_CURVE('',#4513,#5854,#5856,.T.);
#5854 = VERTEX_POINT('',#5855);
#5855 = CARTESIAN_POINT('',(-35.,72.562552,70.));
#5856 = LINE('',#5857,#5858);
#5857 = CARTESIAN_POINT('',(-35.,72.562552,0.));
#5858 = VECTOR('',#5859,1.);
#5859 = DIRECTION('',(0.,0.,1.));
#5860 = ORIENTED_EDGE('',*,*,#5861,.T.);
#5861 = EDGE_CURVE('',#5854,#5862,#5864,.T.);
#5862 = VERTEX_POINT('',#5863);
#5863 = CARTESIAN_POINT('',(-3.,72.562552,70.));
#5864 = LINE('',#5865,#5866);
#5865 = CARTESIAN_POINT('',(-35.,72.562552,70.));
#5866 = VECTOR('',#5867,1.);
#5867 = DIRECTION('',(1.,0.,0.));
#5868 = ORIENTED_EDGE('',*,*,#5869,.F.);
#5869 = EDGE_CURVE('',#4531,#5862,#5870,.T.);
#5870 = LINE('',#5871,#5872);
#5871 = CARTESIAN_POINT('',(-3.,72.562552,0.));
#5872 = VECTOR('',#5873,1.);
#5873 = DIRECTION('',(0.,0.,1.));
#5874 = ORIENTED_EDGE('',*,*,#4538,.F.);
#5875 = PLANE('',#5876);
#5876 = AXIS2_PLACEMENT_3D('',#5877,#5878,#5879);
#5877 = CARTESIAN_POINT('',(-35.,72.562552,0.));
#5878 = DIRECTION('',(0.,1.,0.));
#5879 = DIRECTION('',(1.,0.,0.));
#5880 = ADVANCED_FACE('',(#5881),#5906,.F.);
#5881 = FACE_BOUND('',#5882,.F.);
#5882 = EDGE_LOOP('',(#5883,#5891,#5899,#5905));
#5883 = ORIENTED_EDGE('',*,*,#5884,.T.);
#5884 = EDGE_CURVE('',#4547,#5885,#5887,.T.);
#5885 = VERTEX_POINT('',#5886);
#5886 = CARTESIAN_POINT('',(-3.,74.562552,70.));
#5887 = LINE('',#5888,#5889);
#5888 = CARTESIAN_POINT('',(-3.,74.562552,0.));
#5889 = VECTOR('',#5890,1.);
#5890 = DIRECTION('',(0.,0.,1.));
#5891 = ORIENTED_EDGE('',*,*,#5892,.T.);
#5892 = EDGE_CURVE('',#5885,#5893,#5895,.T.);
#5893 = VERTEX_POINT('',#5894);
#5894 = CARTESIAN_POINT('',(-35.,74.562552,70.));
#5895 = LINE('',#5896,#5897);
#5896 = CARTESIAN_POINT('',(-3.,74.562552,70.));
#5897 = VECTOR('',#5898,1.);
#5898 = DIRECTION('',(-1.,0.,0.));
#5899 = ORIENTED_EDGE('',*,*,#5900,.F.);
#5900 = EDGE_CURVE('',#4549,#5893,#5901,.T.);
#5901 = LINE('',#5902,#5903);
#5902 = CARTESIAN_POINT('',(-35.,74.562552,0.));
#5903 = VECTOR('',#5904,1.);
#5904 = DIRECTION('',(0.,0.,1.));
#5905 = ORIENTED_EDGE('',*,*,#4546,.F.);
#5906 = PLANE('',#5907);
#5907 = AXIS2_PLACEMENT_3D('',#5908,#5909,#5910);
#5908 = CARTESIAN_POINT('',(-3.,74.562552,0.));
#5909 = DIRECTION('',(0.,-1.,0.));
#5910 = DIRECTION('',(-1.,0.,0.));
#5911 = ADVANCED_FACE('',(#5912),#5930,.T.);
#5912 = FACE_BOUND('',#5913,.T.);
#5913 = EDGE_LOOP('',(#5914,#5922,#5928,#5929));
#5914 = ORIENTED_EDGE('',*,*,#5915,.T.);
#5915 = EDGE_CURVE('',#4557,#5916,#5918,.T.);
#5916 = VERTEX_POINT('',#5917);
#5917 = CARTESIAN_POINT('',(-35.,97.934734,70.));
#5918 = LINE('',#5919,#5920);
#5919 = CARTESIAN_POINT('',(-35.,97.934734,0.));
#5920 = VECTOR('',#5921,1.);
#5921 = DIRECTION('',(0.,0.,1.));
#5922 = ORIENTED_EDGE('',*,*,#5923,.T.);
#5923 = EDGE_CURVE('',#5916,#5893,#5924,.T.);
#5924 = LINE('',#5925,#5926);
#5925 = CARTESIAN_POINT('',(-35.,97.934734,70.));
#5926 = VECTOR('',#5927,1.);
#5927 = DIRECTION('',(0.,-1.,0.));
#5928 = ORIENTED_EDGE('',*,*,#5900,.F.);
#5929 = ORIENTED_EDGE('',*,*,#4556,.F.);
#5930 = PLANE('',#5931);
#5931 = AXIS2_PLACEMENT_3D('',#5932,#5933,#5934);
#5932 = CARTESIAN_POINT('',(-35.,97.934734,0.));
#5933 = DIRECTION('',(1.,0.,-0.));
#5934 = DIRECTION('',(0.,-1.,0.));
#5935 = ADVANCED_FACE('',(#5936),#5954,.F.);
#5936 = FACE_BOUND('',#5937,.F.);
#5937 = EDGE_LOOP('',(#5938,#5939,#5947,#5953));
#5938 = ORIENTED_EDGE('',*,*,#5915,.T.);
#5939 = ORIENTED_EDGE('',*,*,#5940,.T.);
#5940 = EDGE_CURVE('',#5916,#5941,#5943,.T.);
#5941 = VERTEX_POINT('',#5942);
#5942 = CARTESIAN_POINT('',(-3.,97.934734,70.));
#5943 = LINE('',#5944,#5945);
#5944 = CARTESIAN_POINT('',(-35.,97.934734,70.));
#5945 = VECTOR('',#5946,1.);
#5946 = DIRECTION('',(1.,0.,0.));
#5947 = ORIENTED_EDGE('',*,*,#5948,.F.);
#5948 = EDGE_CURVE('',#4565,#5941,#5949,.T.);
#5949 = LINE('',#5950,#5951);
#5950 = CARTESIAN_POINT('',(-3.,97.934734,0.));
#5951 = VECTOR('',#5952,1.);
#5952 = DIRECTION('',(0.,0.,1.));
#5953 = ORIENTED_EDGE('',*,*,#4564,.F.);
#5954 = PLANE('',#5955);
#5955 = AXIS2_PLACEMENT_3D('',#5956,#5957,#5958);
#5956 = CARTESIAN_POINT('',(-35.,97.934734,0.));
#5957 = DIRECTION('',(0.,1.,0.));
#5958 = DIRECTION('',(1.,0.,0.));
#5959 = ADVANCED_FACE('',(#5960),#5971,.T.);
#5960 = FACE_BOUND('',#5961,.T.);
#5961 = EDGE_LOOP('',(#5962,#5963,#5969,#5970));
#5962 = ORIENTED_EDGE('',*,*,#5884,.T.);
#5963 = ORIENTED_EDGE('',*,*,#5964,.T.);
#5964 = EDGE_CURVE('',#5885,#5941,#5965,.T.);
#5965 = LINE('',#5966,#5967);
#5966 = CARTESIAN_POINT('',(-3.,74.562552,70.));
#5967 = VECTOR('',#5968,1.);
#5968 = DIRECTION('',(0.,1.,0.));
#5969 = ORIENTED_EDGE('',*,*,#5948,.F.);
#5970 = ORIENTED_EDGE('',*,*,#4572,.F.);
#5971 = PLANE('',#5972);
#5972 = AXIS2_PLACEMENT_3D('',#5973,#5974,#5975);
#5973 = CARTESIAN_POINT('',(-3.,74.562552,0.));
#5974 = DIRECTION('',(-1.,0.,0.));
#5975 = DIRECTION('',(0.,1.,0.));
#5976 = ADVANCED_FACE('',(#5977),#6002,.F.);
#5977 = FACE_BOUND('',#5978,.F.);
#5978 = EDGE_LOOP('',(#5979,#5987,#5995,#6001));
#5979 = ORIENTED_EDGE('',*,*,#5980,.T.);
#5980 = EDGE_CURVE('',#4581,#5981,#5983,.T.);
#5981 = VERTEX_POINT('',#5982);
#5982 = CARTESIAN_POINT('',(-35.,123.306915,70.));
#5983 = LINE('',#5984,#5985);
#5984 = CARTESIAN_POINT('',(-35.,123.306915,0.));
#5985 = VECTOR('',#5986,1.);
#5986 = DIRECTION('',(0.,0.,1.));
#5987 = ORIENTED_EDGE('',*,*,#5988,.T.);
#5988 = EDGE_CURVE('',#5981,#5989,#5991,.T.);
#5989 = VERTEX_POINT('',#5990);
#5990 = CARTESIAN_POINT('',(-3.,123.306915,70.));
#5991 = LINE('',#5992,#5993);
#5992 = CARTESIAN_POINT('',(-35.,123.306915,70.));
#5993 = VECTOR('',#5994,1.);
#5994 = DIRECTION('',(1.,0.,0.));
#5995 = ORIENTED_EDGE('',*,*,#5996,.F.);
#5996 = EDGE_CURVE('',#4583,#5989,#5997,.T.);
#5997 = LINE('',#5998,#5999);
#5998 = CARTESIAN_POINT('',(-3.,123.306915,0.));
#5999 = VECTOR('',#6000,1.);
#6000 = DIRECTION('',(0.,0.,1.));
#6001 = ORIENTED_EDGE('',*,*,#4580,.F.);
#6002 = PLANE('',#6003);
#6003 = AXIS2_PLACEMENT_3D('',#6004,#6005,#6006);
#6004 = CARTESIAN_POINT('',(-35.,123.306915,0.));
#6005 = DIRECTION('',(0.,1.,0.));
#6006 = DIRECTION('',(1.,0.,0.));
#6007 = ADVANCED_FACE('',(#6008),#6026,.T.);
#6008 = FACE_BOUND('',#6009,.T.);
#6009 = EDGE_LOOP('',(#6010,#6018,#6024,#6025));
#6010 = ORIENTED_EDGE('',*,*,#6011,.T.);
#6011 = EDGE_CURVE('',#4591,#6012,#6014,.T.);
#6012 = VERTEX_POINT('',#6013);
#6013 = CARTESIAN_POINT('',(-3.,99.934734,70.));
#6014 = LINE('',#6015,#6016);
#6015 = CARTESIAN_POINT('',(-3.,99.934734,0.));
#6016 = VECTOR('',#6017,1.);
#6017 = DIRECTION('',(0.,0.,1.));
#6018 = ORIENTED_EDGE('',*,*,#6019,.T.);
#6019 = EDGE_CURVE('',#6012,#5989,#6020,.T.);
#6020 = LINE('',#6021,#6022);
#6021 = CARTESIAN_POINT('',(-3.,99.934734,70.));
#6022 = VECTOR('',#6023,1.);
#6023 = DIRECTION('',(0.,1.,0.));
#6024 = ORIENTED_EDGE('',*,*,#5996,.F.);
#6025 = ORIENTED_EDGE('',*,*,#4590,.F.);
#6026 = PLANE('',#6027);
#6027 = AXIS2_PLACEMENT_3D('',#6028,#6029,#6030);
#6028 = CARTESIAN_POINT('',(-3.,99.934734,0.));
#6029 = DIRECTION('',(-1.,0.,0.));
#6030 = DIRECTION('',(0.,1.,0.));
#6031 = ADVANCED_FACE('',(#6032),#6050,.F.);
#6032 = FACE_BOUND('',#6033,.F.);
#6033 = EDGE_LOOP('',(#6034,#6035,#6043,#6049));
#6034 = ORIENTED_EDGE('',*,*,#6011,.T.);
#6035 = ORIENTED_EDGE('',*,*,#6036,.T.);
#6036 = EDGE_CURVE('',#6012,#6037,#6039,.T.);
#6037 = VERTEX_POINT('',#6038);
#6038 = CARTESIAN_POINT('',(-35.,99.934734,70.));
#6039 = LINE('',#6040,#6041);
#6040 = CARTESIAN_POINT('',(-3.,99.934734,70.));
#6041 = VECTOR('',#6042,1.);
#6042 = DIRECTION('',(-1.,0.,0.));
#6043 = ORIENTED_EDGE('',*,*,#6044,.F.);
#6044 = EDGE_CURVE('',#4599,#6037,#6045,.T.);
#6045 = LINE('',#6046,#6047);
#6046 = CARTESIAN_POINT('',(-35.,99.934734,0.));
#6047 = VECTOR('',#6048,1.);
#6048 = DIRECTION('',(0.,0.,1.));
#6049 = ORIENTED_EDGE('',*,*,#4598,.F.);
#6050 = PLANE('',#6051);
#6051 = AXIS2_PLACEMENT_3D('',#6052,#6053,#6054);
#6052 = CARTESIAN_POINT('',(-3.,99.934734,0.));
#6053 = DIRECTION('',(0.,-1.,0.));
#6054 = DIRECTION('',(-1.,0.,0.));
#6055 = ADVANCED_FACE('',(#6056),#6067,.T.);
#6056 = FACE_BOUND('',#6057,.T.);
#6057 = EDGE_LOOP('',(#6058,#6059,#6065,#6066));
#6058 = ORIENTED_EDGE('',*,*,#5980,.T.);
#6059 = ORIENTED_EDGE('',*,*,#6060,.T.);
#6060 = EDGE_CURVE('',#5981,#6037,#6061,.T.);
#6061 = LINE('',#6062,#6063);
#6062 = CARTESIAN_POINT('',(-35.,123.306915,70.));
#6063 = VECTOR('',#6064,1.);
#6064 = DIRECTION('',(0.,-1.,0.));
#6065 = ORIENTED_EDGE('',*,*,#6044,.F.);
#6066 = ORIENTED_EDGE('',*,*,#4606,.F.);
#6067 = PLANE('',#6068);
#6068 = AXIS2_PLACEMENT_3D('',#6069,#6070,#6071);
#6069 = CARTESIAN_POINT('',(-35.,123.306915,0.));
#6070 = DIRECTION('',(1.,0.,-0.));
#6071 = DIRECTION('',(0.,-1.,0.));
#6072 = ADVANCED_FACE('',(#6073),#6098,.T.);
#6073 = FACE_BOUND('',#6074,.T.);
#6074 = EDGE_LOOP('',(#6075,#6083,#6091,#6097));
#6075 = ORIENTED_EDGE('',*,*,#6076,.T.);
#6076 = EDGE_CURVE('',#4615,#6077,#6079,.T.);
#6077 = VERTEX_POINT('',#6078);
#6078 = CARTESIAN_POINT('',(-35.,147.,70.));
#6079 = LINE('',#6080,#6081);
#6080 = CARTESIAN_POINT('',(-35.,147.,0.));
#6081 = VECTOR('',#6082,1.);
#6082 = DIRECTION('',(0.,0.,1.));
#6083 = ORIENTED_EDGE('',*,*,#6084,.T.);
#6084 = EDGE_CURVE('',#6077,#6085,#6087,.T.);
#6085 = VERTEX_POINT('',#6086);
#6086 = CARTESIAN_POINT('',(-35.,125.306915,70.));
#6087 = LINE('',#6088,#6089);
#6088 = CARTESIAN_POINT('',(-35.,147.,70.));
#6089 = VECTOR('',#6090,1.);
#6090 = DIRECTION('',(0.,-1.,0.));
#6091 = ORIENTED_EDGE('',*,*,#6092,.F.);
#6092 = EDGE_CURVE('',#4617,#6085,#6093,.T.);
#6093 = LINE('',#6094,#6095);
#6094 = CARTESIAN_POINT('',(-35.,125.306915,0.));
#6095 = VECTOR('',#6096,1.);
#6096 = DIRECTION('',(0.,0.,1.));
#6097 = ORIENTED_EDGE('',*,*,#4614,.F.);
#6098 = PLANE('',#6099);
#6099 = AXIS2_PLACEMENT_3D('',#6100,#6101,#6102);
#6100 = CARTESIAN_POINT('',(-35.,147.,0.));
#6101 = DIRECTION('',(1.,0.,-0.));
#6102 = DIRECTION('',(0.,-1.,0.));
#6103 = ADVANCED_FACE('',(#6104),#6122,.F.);
#6104 = FACE_BOUND('',#6105,.F.);
#6105 = EDGE_LOOP('',(#6106,#6114,#6120,#6121));
#6106 = ORIENTED_EDGE('',*,*,#6107,.T.);
#6107 = EDGE_CURVE('',#4625,#6108,#6110,.T.);
#6108 = VERTEX_POINT('',#6109);
#6109 = CARTESIAN_POINT('',(-3.,125.306915,70.));
#6110 = LINE('',#6111,#6112);
#6111 = CARTESIAN_POINT('',(-3.,125.306915,0.));
#6112 = VECTOR('',#6113,1.);
#6113 = DIRECTION('',(0.,0.,1.));
#6114 = ORIENTED_EDGE('',*,*,#6115,.T.);
#6115 = EDGE_CURVE('',#6108,#6085,#6116,.T.);
#6116 = LINE('',#6117,#6118);
#6117 = CARTESIAN_POINT('',(-3.,125.306915,70.));
#6118 = VECTOR('',#6119,1.);
#6119 = DIRECTION('',(-1.,0.,0.));
#6120 = ORIENTED_EDGE('',*,*,#6092,.F.);
#6121 = ORIENTED_EDGE('',*,*,#4624,.F.);
#6122 = PLANE('',#6123);
#6123 = AXIS2_PLACEMENT_3D('',#6124,#6125,#6126);
#6124 = CARTESIAN_POINT('',(-3.,125.306915,0.));
#6125 = DIRECTION('',(0.,-1.,0.));
#6126 = DIRECTION('',(-1.,0.,0.));
#6127 = ADVANCED_FACE('',(#6128),#6146,.T.);
#6128 = FACE_BOUND('',#6129,.T.);
#6129 = EDGE_LOOP('',(#6130,#6131,#6139,#6145));
#6130 = ORIENTED_EDGE('',*,*,#6107,.T.);
#6131 = ORIENTED_EDGE('',*,*,#6132,.T.);
#6132 = EDGE_CURVE('',#6108,#6133,#6135,.T.);
#6133 = VERTEX_POINT('',#6134);
#6134 = CARTESIAN_POINT('',(-3.,147.,70.));
#6135 = LINE('',#6136,#6137);
#6136 = CARTESIAN_POINT('',(-3.,125.306915,70.));
#6137 = VECTOR('',#6138,1.);
#6138 = DIRECTION('',(0.,1.,0.));
#6139 = ORIENTED_EDGE('',*,*,#6140,.F.);
#6140 = EDGE_CURVE('',#4633,#6133,#6141,.T.);
#6141 = LINE('',#6142,#6143);
#6142 = CARTESIAN_POINT('',(-3.,147.,0.));
#6143 = VECTOR('',#6144,1.);
#6144 = DIRECTION('',(0.,0.,1.));
#6145 = ORIENTED_EDGE('',*,*,#4632,.F.);
#6146 = PLANE('',#6147);
#6147 = AXIS2_PLACEMENT_3D('',#6148,#6149,#6150);
#6148 = CARTESIAN_POINT('',(-3.,125.306915,0.));
#6149 = DIRECTION('',(-1.,0.,0.));
#6150 = DIRECTION('',(0.,1.,0.));
#6151 = ADVANCED_FACE('',(#6152),#6163,.T.);
#6152 = FACE_BOUND('',#6153,.T.);
#6153 = EDGE_LOOP('',(#6154,#6155,#6161,#6162));
#6154 = ORIENTED_EDGE('',*,*,#6140,.T.);
#6155 = ORIENTED_EDGE('',*,*,#6156,.T.);
#6156 = EDGE_CURVE('',#6133,#6077,#6157,.T.);
#6157 = LINE('',#6158,#6159);
#6158 = CARTESIAN_POINT('',(-3.,147.,70.));
#6159 = VECTOR('',#6160,1.);
#6160 = DIRECTION('',(-1.,0.,0.));
#6161 = ORIENTED_EDGE('',*,*,#6076,.F.);
#6162 = ORIENTED_EDGE('',*,*,#4640,.F.);
#6163 = PLANE('',#6164);
#6164 = AXIS2_PLACEMENT_3D('',#6165,#6166,#6167);
#6165 = CARTESIAN_POINT('',(-3.,147.,0.));
#6166 = DIRECTION('',(0.,-1.,0.));
#6167 = DIRECTION('',(-1.,0.,0.));
#6168 = ADVANCED_FACE('',(#6169,#6179,#6189,#6199,#6209,#6219,#6225,
    #6231,#6237,#6243,#6259,#6265,#6271),#6277,.T.);
#6169 = FACE_BOUND('',#6170,.T.);
#6170 = EDGE_LOOP('',(#6171,#6172,#6173,#6174,#6175,#6176,#6177,#6178));
#6171 = ORIENTED_EDGE('',*,*,#3840,.T.);
#6172 = ORIENTED_EDGE('',*,*,#3871,.T.);
#6173 = ORIENTED_EDGE('',*,*,#3904,.T.);
#6174 = ORIENTED_EDGE('',*,*,#3935,.T.);
#6175 = ORIENTED_EDGE('',*,*,#3968,.T.);
#6176 = ORIENTED_EDGE('',*,*,#3999,.T.);
#6177 = ORIENTED_EDGE('',*,*,#4032,.T.);
#6178 = ORIENTED_EDGE('',*,*,#4063,.T.);
#6179 = FACE_BOUND('',#6180,.F.);
#6180 = EDGE_LOOP('',(#6181,#6182,#6183,#6184,#6185,#6186,#6187,#6188));
#6181 = ORIENTED_EDGE('',*,*,#4662,.T.);
#6182 = ORIENTED_EDGE('',*,*,#4686,.T.);
#6183 = ORIENTED_EDGE('',*,*,#4711,.T.);
#6184 = ORIENTED_EDGE('',*,*,#4735,.T.);
#6185 = ORIENTED_EDGE('',*,*,#4760,.T.);
#6186 = ORIENTED_EDGE('',*,*,#4784,.T.);
#6187 = ORIENTED_EDGE('',*,*,#4809,.T.);
#6188 = ORIENTED_EDGE('',*,*,#4833,.T.);
#6189 = FACE_BOUND('',#6190,.F.);
#6190 = EDGE_LOOP('',(#6191,#6192,#6193,#6194,#6195,#6196,#6197,#6198));
#6191 = ORIENTED_EDGE('',*,*,#4858,.T.);
#6192 = ORIENTED_EDGE('',*,*,#4882,.T.);
#6193 = ORIENTED_EDGE('',*,*,#4907,.T.);
#6194 = ORIENTED_EDGE('',*,*,#4931,.T.);
#6195 = ORIENTED_EDGE('',*,*,#4956,.T.);
#6196 = ORIENTED_EDGE('',*,*,#4980,.T.);
#6197 = ORIENTED_EDGE('',*,*,#5005,.T.);
#6198 = ORIENTED_EDGE('',*,*,#5029,.T.);
#6199 = FACE_BOUND('',#6200,.F.);
#6200 = EDGE_LOOP('',(#6201,#6202,#6203,#6204,#6205,#6206,#6207,#6208));
#6201 = ORIENTED_EDGE('',*,*,#5054,.T.);
#6202 = ORIENTED_EDGE('',*,*,#5078,.T.);
#6203 = ORIENTED_EDGE('',*,*,#5103,.T.);
#6204 = ORIENTED_EDGE('',*,*,#5127,.T.);
#6205 = ORIENTED_EDGE('',*,*,#5152,.T.);
#6206 = ORIENTED_EDGE('',*,*,#5176,.T.);
#6207 = ORIENTED_EDGE('',*,*,#5201,.T.);
#6208 = ORIENTED_EDGE('',*,*,#5225,.T.);
#6209 = FACE_BOUND('',#6210,.F.);
#6210 = EDGE_LOOP('',(#6211,#6212,#6213,#6214,#6215,#6216,#6217,#6218));
#6211 = ORIENTED_EDGE('',*,*,#5250,.T.);
#6212 = ORIENTED_EDGE('',*,*,#5274,.T.);
#6213 = ORIENTED_EDGE('',*,*,#5299,.T.);
#6214 = ORIENTED_EDGE('',*,*,#5323,.T.);
#6215 = ORIENTED_EDGE('',*,*,#5348,.T.);
#6216 = ORIENTED_EDGE('',*,*,#5372,.T.);
#6217 = ORIENTED_EDGE('',*,*,#5397,.T.);
#6218 = ORIENTED_EDGE('',*,*,#5421,.T.);
#6219 = FACE_BOUND('',#6220,.F.);
#6220 = EDGE_LOOP('',(#6221,#6222,#6223,#6224));
#6221 = ORIENTED_EDGE('',*,*,#5446,.T.);
#6222 = ORIENTED_EDGE('',*,*,#5470,.T.);
#6223 = ORIENTED_EDGE('',*,*,#5501,.F.);
#6224 = ORIENTED_EDGE('',*,*,#5518,.T.);
#6225 = FACE_BOUND('',#6226,.F.);
#6226 = EDGE_LOOP('',(#6227,#6228,#6229,#6230));
#6227 = ORIENTED_EDGE('',*,*,#5542,.T.);
#6228 = ORIENTED_EDGE('',*,*,#5566,.T.);
#6229 = ORIENTED_EDGE('',*,*,#5590,.T.);
#6230 = ORIENTED_EDGE('',*,*,#5614,.T.);
#6231 = FACE_BOUND('',#6232,.T.);
#6232 = EDGE_LOOP('',(#6233,#6234,#6235,#6236));
#6233 = ORIENTED_EDGE('',*,*,#5638,.T.);
#6234 = ORIENTED_EDGE('',*,*,#5669,.F.);
#6235 = ORIENTED_EDGE('',*,*,#5693,.F.);
#6236 = ORIENTED_EDGE('',*,*,#5710,.F.);
#6237 = FACE_BOUND('',#6238,.T.);
#6238 = EDGE_LOOP('',(#6239,#6240,#6241,#6242));
#6239 = ORIENTED_EDGE('',*,*,#5734,.T.);
#6240 = ORIENTED_EDGE('',*,*,#5765,.F.);
#6241 = ORIENTED_EDGE('',*,*,#5789,.F.);
#6242 = ORIENTED_EDGE('',*,*,#5806,.F.);
#6243 = FACE_BOUND('',#6244,.F.);
#6244 = EDGE_LOOP('',(#6245,#6251,#6252,#6258));
#6245 = ORIENTED_EDGE('',*,*,#6246,.T.);
#6246 = EDGE_CURVE('',#5854,#5823,#6247,.T.);
#6247 = LINE('',#6248,#6249);
#6248 = CARTESIAN_POINT('',(-35.,72.467367,70.));
#6249 = VECTOR('',#6250,1.);
#6250 = DIRECTION('',(0.,-1.,0.));
#6251 = ORIENTED_EDGE('',*,*,#5830,.T.);
#6252 = ORIENTED_EDGE('',*,*,#6253,.T.);
#6253 = EDGE_CURVE('',#5831,#5862,#6254,.T.);
#6254 = LINE('',#6255,#6256);
#6255 = CARTESIAN_POINT('',(-3.,72.467367,70.));
#6256 = VECTOR('',#6257,1.);
#6257 = DIRECTION('',(0.,1.,0.));
#6258 = ORIENTED_EDGE('',*,*,#5861,.F.);
#6259 = FACE_BOUND('',#6260,.T.);
#6260 = EDGE_LOOP('',(#6261,#6262,#6263,#6264));
#6261 = ORIENTED_EDGE('',*,*,#5892,.T.);
#6262 = ORIENTED_EDGE('',*,*,#5923,.F.);
#6263 = ORIENTED_EDGE('',*,*,#5940,.T.);
#6264 = ORIENTED_EDGE('',*,*,#5964,.F.);
#6265 = FACE_BOUND('',#6266,.T.);
#6266 = EDGE_LOOP('',(#6267,#6268,#6269,#6270));
#6267 = ORIENTED_EDGE('',*,*,#5988,.T.);
#6268 = ORIENTED_EDGE('',*,*,#6019,.F.);
#6269 = ORIENTED_EDGE('',*,*,#6036,.T.);
#6270 = ORIENTED_EDGE('',*,*,#6060,.F.);
#6271 = FACE_BOUND('',#6272,.F.);
#6272 = EDGE_LOOP('',(#6273,#6274,#6275,#6276));
#6273 = ORIENTED_EDGE('',*,*,#6084,.T.);
#6274 = ORIENTED_EDGE('',*,*,#6115,.F.);
#6275 = ORIENTED_EDGE('',*,*,#6132,.T.);
#6276 = ORIENTED_EDGE('',*,*,#6156,.T.);
#6277 = PLANE('',#6278);
#6278 = AXIS2_PLACEMENT_3D('',#6279,#6280,#6281);
#6279 = CARTESIAN_POINT('',(-80.43077588085,74.664497447904,70.));
#6280 = DIRECTION('',(0.,0.,1.));
#6281 = DIRECTION('',(1.,0.,0.));
#6282 = ADVANCED_FACE('',(#6283),#6289,.T.);
#6283 = FACE_BOUND('',#6284,.T.);
#6284 = EDGE_LOOP('',(#6285,#6286,#6287,#6288));
#6285 = ORIENTED_EDGE('',*,*,#5838,.T.);
#6286 = ORIENTED_EDGE('',*,*,#6253,.T.);
#6287 = ORIENTED_EDGE('',*,*,#5869,.F.);
#6288 = ORIENTED_EDGE('',*,*,#4530,.F.);
#6289 = PLANE('',#6290);
#6290 = AXIS2_PLACEMENT_3D('',#6291,#6292,#6293);
#6291 = CARTESIAN_POINT('',(-3.,59.781276,35.));
#6292 = DIRECTION('',(-1.,-0.,-0.));
#6293 = DIRECTION('',(0.,0.,-1.));
#6294 = ADVANCED_FACE('',(#6295),#6301,.T.);
#6295 = FACE_BOUND('',#6296,.T.);
#6296 = EDGE_LOOP('',(#6297,#6298,#6299,#6300));
#6297 = ORIENTED_EDGE('',*,*,#5853,.T.);
#6298 = ORIENTED_EDGE('',*,*,#6246,.T.);
#6299 = ORIENTED_EDGE('',*,*,#5822,.F.);
#6300 = ORIENTED_EDGE('',*,*,#4512,.F.);
#6301 = PLANE('',#6302);
#6302 = AXIS2_PLACEMENT_3D('',#6303,#6304,#6305);
#6303 = CARTESIAN_POINT('',(-35.,59.781276,35.));
#6304 = DIRECTION('',(1.,0.,0.));
#6305 = DIRECTION('',(-0.,0.,1.));
#6306 = ( GEOMETRIC_REPRESENTATION_CONTEXT(3) 
GLOBAL_UNCERTAINTY_ASSIGNED_CONTEXT((#6310)) 
GLOBAL_UNIT_ASSIGNED_CONTEXT((#6307,#6308,#6309)) REPRESENTATION_CONTEXT
('Context #1','3D Context with UNIT and UNCERTAINTY') );
#6307 = ( LENGTH_UNIT() NAMED_UNIT(*) SI_UNIT(.MILLI.,.METRE.) );
#6308 = ( NAMED_UNIT(*) PLANE_ANGLE_UNIT() SI_UNIT($,.RADIAN.) );
#6309 = ( NAMED_UNIT(*) SI_UNIT($,.STERADIAN.) SOLID_ANGLE_UNIT() );
#6310 = UNCERTAINTY_MEASURE_WITH_UNIT(LENGTH_MEASURE(1.E-07),#6307,
  'distance_accuracy_value','confusion accuracy');
#6311 = CONTEXT_DEPENDENT_SHAPE_REPRESENTATION(#6312,#6314);
#6312 = ( REPRESENTATION_RELATIONSHIP('','',#3823,#10) 
REPRESENTATION_RELATIONSHIP_WITH_TRANSFORMATION(#6313) 
SHAPE_REPRESENTATION_RELATIONSHIP() );
#6313 = ITEM_DEFINED_TRANSFORMATION('','',#11,#47);
#6314 = PRODUCT_DEFINITION_SHAPE('Placement','Placement of an item',
  #6315);
#6315 = NEXT_ASSEMBLY_USAGE_OCCURRENCE('38','Pad','',#5,#3818,$);
#6316 = PRODUCT_RELATED_PRODUCT_CATEGORY('part',$,(#3820));
#6317 = SHAPE_DEFINITION_REPRESENTATION(#6318,#6324);
#6318 = PRODUCT_DEFINITION_SHAPE('','',#6319);
#6319 = PRODUCT_DEFINITION('design','',#6320,#6323);
#6320 = PRODUCT_DEFINITION_FORMATION('','',#6321);
#6321 = PRODUCT('Sketch001','Sketch001','',(#6322));
#6322 = PRODUCT_CONTEXT('',#2,'mechanical');
#6323 = PRODUCT_DEFINITION_CONTEXT('part definition',#2,'design');
#6324 = GEOMETRICALLY_BOUNDED_WIREFRAME_SHAPE_REPRESENTATION('',(#11,
    #6325),#6386);
#6325 = GEOMETRIC_CURVE_SET('',(#6326,#6333,#6341,#6348,#6356,#6363,
    #6371,#6378));
#6326 = TRIMMED_CURVE('',#6327,(#6331,PARAMETER_VALUE(0.)),(#6332,
    PARAMETER_VALUE(160.)),.T.,.PARAMETER.);
#6327 = LINE('',#6328,#6329);
#6328 = CARTESIAN_POINT('',(-5.,150.,0.));
#6329 = VECTOR('',#6330,1.);
#6330 = DIRECTION('',(-1.,0.,0.));
#6331 = CARTESIAN_POINT('',(-5.,150.,0.));
#6332 = CARTESIAN_POINT('',(-165.,150.,0.));
#6333 = TRIMMED_CURVE('',#6334,(#6339,PARAMETER_VALUE(1.570796326795)),(
    #6340,PARAMETER_VALUE(3.14159265359)),.T.,.PARAMETER.);
#6334 = CIRCLE('',#6335,5.);
#6335 = AXIS2_PLACEMENT_3D('',#6336,#6337,#6338);
#6336 = CARTESIAN_POINT('',(-165.,145.,0.));
#6337 = DIRECTION('',(0.,0.,1.));
#6338 = DIRECTION('',(1.,0.,0.));
#6339 = CARTESIAN_POINT('',(-165.,150.,0.));
#6340 = CARTESIAN_POINT('',(-170.,145.,0.));
#6341 = TRIMMED_CURVE('',#6342,(#6346,PARAMETER_VALUE(0.)),(#6347,
    PARAMETER_VALUE(140.)),.T.,.PARAMETER.);
#6342 = LINE('',#6343,#6344);
#6343 = CARTESIAN_POINT('',(-170.,145.,0.));
#6344 = VECTOR('',#6345,1.);
#6345 = DIRECTION('',(0.,-1.,0.));
#6346 = CARTESIAN_POINT('',(-170.,145.,0.));
#6347 = CARTESIAN_POINT('',(-170.,5.,0.));
#6348 = TRIMMED_CURVE('',#6349,(#6354,PARAMETER_VALUE(3.14159265359)),(
    #6355,PARAMETER_VALUE(4.712388980385)),.T.,.PARAMETER.);
#6349 = CIRCLE('',#6350,5.);
#6350 = AXIS2_PLACEMENT_3D('',#6351,#6352,#6353);
#6351 = CARTESIAN_POINT('',(-165.,5.,0.));
#6352 = DIRECTION('',(0.,0.,1.));
#6353 = DIRECTION('',(1.,0.,0.));
#6354 = CARTESIAN_POINT('',(-170.,5.,0.));
#6355 = CARTESIAN_POINT('',(-165.,0.,0.));
#6356 = TRIMMED_CURVE('',#6357,(#6361,PARAMETER_VALUE(0.)),(#6362,
    PARAMETER_VALUE(160.)),.T.,.PARAMETER.);
#6357 = LINE('',#6358,#6359);
#6358 = CARTESIAN_POINT('',(-165.,0.,0.));
#6359 = VECTOR('',#6360,1.);
#6360 = DIRECTION('',(1.,0.,0.));
#6361 = CARTESIAN_POINT('',(-165.,0.,0.));
#6362 = CARTESIAN_POINT('',(-5.,0.,0.));
#6363 = TRIMMED_CURVE('',#6364,(#6369,PARAMETER_VALUE(4.712388980385)),(
    #6370,PARAMETER_VALUE(6.28318530718)),.T.,.PARAMETER.);
#6364 = CIRCLE('',#6365,5.);
#6365 = AXIS2_PLACEMENT_3D('',#6366,#6367,#6368);
#6366 = CARTESIAN_POINT('',(-5.,5.,0.));
#6367 = DIRECTION('',(0.,0.,1.));
#6368 = DIRECTION('',(1.,0.,0.));
#6369 = CARTESIAN_POINT('',(-5.,0.,0.));
#6370 = CARTESIAN_POINT('',(0.,5.,0.));
#6371 = TRIMMED_CURVE('',#6372,(#6376,PARAMETER_VALUE(0.)),(#6377,
    PARAMETER_VALUE(140.)),.T.,.PARAMETER.);
#6372 = LINE('',#6373,#6374);
#6373 = CARTESIAN_POINT('',(0.,5.,0.));
#6374 = VECTOR('',#6375,1.);
#6375 = DIRECTION('',(0.,1.,0.));
#6376 = CARTESIAN_POINT('',(0.,5.,0.));
#6377 = CARTESIAN_POINT('',(0.,145.,0.));
#6378 = TRIMMED_CURVE('',#6379,(#6384,PARAMETER_VALUE(0.)),(#6385,
    PARAMETER_VALUE(1.570796326795)),.T.,.PARAMETER.);
#6379 = CIRCLE('',#6380,5.);
#6380 = AXIS2_PLACEMENT_3D('',#6381,#6382,#6383);
#6381 = CARTESIAN_POINT('',(-5.,145.,0.));
#6382 = DIRECTION('',(0.,0.,1.));
#6383 = DIRECTION('',(1.,0.,0.));
#6384 = CARTESIAN_POINT('',(0.,145.,0.));
#6385 = CARTESIAN_POINT('',(-5.,150.,0.));
#6386 = ( GEOMETRIC_REPRESENTATION_CONTEXT(3) 
GLOBAL_UNCERTAINTY_ASSIGNED_CONTEXT((#6390)) 
GLOBAL_UNIT_ASSIGNED_CONTEXT((#6387,#6388,#6389)) REPRESENTATION_CONTEXT
('Context #1','3D Context with UNIT and UNCERTAINTY') );
#6387 = ( LENGTH_UNIT() NAMED_UNIT(*) SI_UNIT(.MILLI.,.METRE.) );
#6388 = ( NAMED_UNIT(*) PLANE_ANGLE_UNIT() SI_UNIT($,.RADIAN.) );
#6389 = ( NAMED_UNIT(*) SI_UNIT($,.STERADIAN.) SOLID_ANGLE_UNIT() );
#6390 = UNCERTAINTY_MEASURE_WITH_UNIT(LENGTH_MEASURE(1.E-07),#6387,
  'distance_accuracy_value','confusion accuracy');
#6391 = CONTEXT_DEPENDENT_SHAPE_REPRESENTATION(#6392,#6394);
#6392 = ( REPRESENTATION_RELATIONSHIP('','',#6324,#10) 
REPRESENTATION_RELATIONSHIP_WITH_TRANSFORMATION(#6393) 
SHAPE_REPRESENTATION_RELATIONSHIP() );
#6393 = ITEM_DEFINED_TRANSFORMATION('','',#11,#51);
#6394 = PRODUCT_DEFINITION_SHAPE('Placement','Placement of an item',
  #6395);
#6395 = NEXT_ASSEMBLY_USAGE_OCCURRENCE('39','Sketch001','',#5,#6319,$);
#6396 = PRODUCT_RELATED_PRODUCT_CATEGORY('part',$,(#6321));
#6397 = SHAPE_DEFINITION_REPRESENTATION(#6398,#6404);
#6398 = PRODUCT_DEFINITION_SHAPE('','',#6399);
#6399 = PRODUCT_DEFINITION('design','',#6400,#6403);
#6400 = PRODUCT_DEFINITION_FORMATION('','',#6401);
#6401 = PRODUCT('Pad001','Pad001','',(#6402));
#6402 = PRODUCT_CONTEXT('',#2,'mechanical');
#6403 = PRODUCT_DEFINITION_CONTEXT('part definition',#2,'design');
#6404 = ADVANCED_BREP_SHAPE_REPRESENTATION('',(#11,#6405),#8959);
#6405 = MANIFOLD_SOLID_BREP('',#6406);
#6406 = CLOSED_SHELL('',(#6407,#6483,#6514,#7133,#7164,#7189,#7213,#7238
    ,#7262,#7287,#7311,#7329,#7360,#7385,#7409,#7434,#7458,#7483,#7507,
    #7525,#7556,#7581,#7605,#7630,#7654,#7679,#7703,#7721,#7752,#7777,
    #7801,#7826,#7850,#7875,#7899,#7917,#7948,#7972,#7996,#8013,#8044,
    #8068,#8092,#8109,#8140,#8164,#8188,#8205,#8236,#8260,#8284,#8301,
    #8332,#8356,#8380,#8397,#8428,#8452,#8476,#8493,#8524,#8548,#8572,
    #8589,#8620,#8644,#8668,#8685,#8701,#8717,#8733,#8749,#8761,#8773,
    #8785,#8797,#8809,#8821,#8833,#8845,#8867,#8889,#8911,#8923,#8935,
    #8947));
#6407 = ADVANCED_FACE('',(#6408),#6478,.F.);
#6408 = FACE_BOUND('',#6409,.F.);
#6409 = EDGE_LOOP('',(#6410,#6420,#6429,#6437,#6446,#6454,#6463,#6471));
#6410 = ORIENTED_EDGE('',*,*,#6411,.T.);
#6411 = EDGE_CURVE('',#6412,#6414,#6416,.T.);
#6412 = VERTEX_POINT('',#6413);
#6413 = CARTESIAN_POINT('',(-5.,150.,-3.));
#6414 = VERTEX_POINT('',#6415);
#6415 = CARTESIAN_POINT('',(-165.,150.,-3.));
#6416 = LINE('',#6417,#6418);
#6417 = CARTESIAN_POINT('',(-5.,150.,-3.));
#6418 = VECTOR('',#6419,1.);
#6419 = DIRECTION('',(-1.,0.,0.));
#6420 = ORIENTED_EDGE('',*,*,#6421,.T.);
#6421 = EDGE_CURVE('',#6414,#6422,#6424,.T.);
#6422 = VERTEX_POINT('',#6423);
#6423 = CARTESIAN_POINT('',(-170.,145.,-3.));
#6424 = CIRCLE('',#6425,5.);
#6425 = AXIS2_PLACEMENT_3D('',#6426,#6427,#6428);
#6426 = CARTESIAN_POINT('',(-165.,145.,-3.));
#6427 = DIRECTION('',(0.,0.,1.));
#6428 = DIRECTION('',(1.,0.,0.));
#6429 = ORIENTED_EDGE('',*,*,#6430,.T.);
#6430 = EDGE_CURVE('',#6422,#6431,#6433,.T.);
#6431 = VERTEX_POINT('',#6432);
#6432 = CARTESIAN_POINT('',(-170.,5.,-3.));
#6433 = LINE('',#6434,#6435);
#6434 = CARTESIAN_POINT('',(-170.,145.,-3.));
#6435 = VECTOR('',#6436,1.);
#6436 = DIRECTION('',(0.,-1.,0.));
#6437 = ORIENTED_EDGE('',*,*,#6438,.T.);
#6438 = EDGE_CURVE('',#6431,#6439,#6441,.T.);
#6439 = VERTEX_POINT('',#6440);
#6440 = CARTESIAN_POINT('',(-165.,0.,-3.));
#6441 = CIRCLE('',#6442,5.);
#6442 = AXIS2_PLACEMENT_3D('',#6443,#6444,#6445);
#6443 = CARTESIAN_POINT('',(-165.,5.,-3.));
#6444 = DIRECTION('',(0.,0.,1.));
#6445 = DIRECTION('',(1.,0.,0.));
#6446 = ORIENTED_EDGE('',*,*,#6447,.T.);
#6447 = EDGE_CURVE('',#6439,#6448,#6450,.T.);
#6448 = VERTEX_POINT('',#6449);
#6449 = CARTESIAN_POINT('',(-5.,0.,-3.));
#6450 = LINE('',#6451,#6452);
#6451 = CARTESIAN_POINT('',(-165.,0.,-3.));
#6452 = VECTOR('',#6453,1.);
#6453 = DIRECTION('',(1.,0.,0.));
#6454 = ORIENTED_EDGE('',*,*,#6455,.T.);
#6455 = EDGE_CURVE('',#6448,#6456,#6458,.T.);
#6456 = VERTEX_POINT('',#6457);
#6457 = CARTESIAN_POINT('',(0.,5.,-3.));
#6458 = CIRCLE('',#6459,5.);
#6459 = AXIS2_PLACEMENT_3D('',#6460,#6461,#6462);
#6460 = CARTESIAN_POINT('',(-5.,5.,-3.));
#6461 = DIRECTION('',(0.,0.,1.));
#6462 = DIRECTION('',(1.,0.,0.));
#6463 = ORIENTED_EDGE('',*,*,#6464,.T.);
#6464 = EDGE_CURVE('',#6456,#6465,#6467,.T.);
#6465 = VERTEX_POINT('',#6466);
#6466 = CARTESIAN_POINT('',(0.,145.,-3.));
#6467 = LINE('',#6468,#6469);
#6468 = CARTESIAN_POINT('',(0.,5.,-3.));
#6469 = VECTOR('',#6470,1.);
#6470 = DIRECTION('',(0.,1.,0.));
#6471 = ORIENTED_EDGE('',*,*,#6472,.T.);
#6472 = EDGE_CURVE('',#6465,#6412,#6473,.T.);
#6473 = CIRCLE('',#6474,5.);
#6474 = AXIS2_PLACEMENT_3D('',#6475,#6476,#6477);
#6475 = CARTESIAN_POINT('',(-5.,145.,-3.));
#6476 = DIRECTION('',(0.,0.,1.));
#6477 = DIRECTION('',(1.,0.,0.));
#6478 = PLANE('',#6479);
#6479 = AXIS2_PLACEMENT_3D('',#6480,#6481,#6482);
#6480 = CARTESIAN_POINT('',(-85.,75.,-3.));
#6481 = DIRECTION('',(0.,0.,1.));
#6482 = DIRECTION('',(1.,0.,0.));
#6483 = ADVANCED_FACE('',(#6484),#6509,.T.);
#6484 = FACE_BOUND('',#6485,.T.);
#6485 = EDGE_LOOP('',(#6486,#6494,#6495,#6503));
#6486 = ORIENTED_EDGE('',*,*,#6487,.F.);
#6487 = EDGE_CURVE('',#6456,#6488,#6490,.T.);
#6488 = VERTEX_POINT('',#6489);
#6489 = CARTESIAN_POINT('',(0.,5.,70.));
#6490 = LINE('',#6491,#6492);
#6491 = CARTESIAN_POINT('',(0.,5.,0.));
#6492 = VECTOR('',#6493,1.);
#6493 = DIRECTION('',(0.,0.,1.));
#6494 = ORIENTED_EDGE('',*,*,#6464,.T.);
#6495 = ORIENTED_EDGE('',*,*,#6496,.F.);
#6496 = EDGE_CURVE('',#6497,#6465,#6499,.T.);
#6497 = VERTEX_POINT('',#6498);
#6498 = CARTESIAN_POINT('',(0.,145.,70.));
#6499 = LINE('',#6500,#6501);
#6500 = CARTESIAN_POINT('',(0.,145.,0.));
#6501 = VECTOR('',#6502,1.);
#6502 = DIRECTION('',(-0.,-0.,-1.));
#6503 = ORIENTED_EDGE('',*,*,#6504,.F.);
#6504 = EDGE_CURVE('',#6488,#6497,#6505,.T.);
#6505 = LINE('',#6506,#6507);
#6506 = CARTESIAN_POINT('',(0.,5.,70.));
#6507 = VECTOR('',#6508,1.);
#6508 = DIRECTION('',(0.,1.,0.));
#6509 = PLANE('',#6510);
#6510 = AXIS2_PLACEMENT_3D('',#6511,#6512,#6513);
#6511 = CARTESIAN_POINT('',(0.,75.,33.5));
#6512 = DIRECTION('',(1.,0.,0.));
#6513 = DIRECTION('',(-0.,0.,1.));
#6514 = ADVANCED_FACE('',(#6515,#6576,#6646,#6716,#6786,#6856,#6890,
    #6924,#6958,#6992,#7026,#7060,#7094),#7128,.T.);
#6515 = FACE_BOUND('',#6516,.T.);
#6516 = EDGE_LOOP('',(#6517,#6518,#6527,#6535,#6544,#6552,#6561,#6569));
#6517 = ORIENTED_EDGE('',*,*,#6504,.T.);
#6518 = ORIENTED_EDGE('',*,*,#6519,.T.);
#6519 = EDGE_CURVE('',#6497,#6520,#6522,.T.);
#6520 = VERTEX_POINT('',#6521);
#6521 = CARTESIAN_POINT('',(-5.,150.,70.));
#6522 = CIRCLE('',#6523,5.);
#6523 = AXIS2_PLACEMENT_3D('',#6524,#6525,#6526);
#6524 = CARTESIAN_POINT('',(-5.,145.,70.));
#6525 = DIRECTION('',(0.,0.,1.));
#6526 = DIRECTION('',(1.,0.,0.));
#6527 = ORIENTED_EDGE('',*,*,#6528,.T.);
#6528 = EDGE_CURVE('',#6520,#6529,#6531,.T.);
#6529 = VERTEX_POINT('',#6530);
#6530 = CARTESIAN_POINT('',(-165.,150.,70.));
#6531 = LINE('',#6532,#6533);
#6532 = CARTESIAN_POINT('',(-5.,150.,70.));
#6533 = VECTOR('',#6534,1.);
#6534 = DIRECTION('',(-1.,0.,0.));
#6535 = ORIENTED_EDGE('',*,*,#6536,.T.);
#6536 = EDGE_CURVE('',#6529,#6537,#6539,.T.);
#6537 = VERTEX_POINT('',#6538);
#6538 = CARTESIAN_POINT('',(-170.,145.,70.));
#6539 = CIRCLE('',#6540,5.);
#6540 = AXIS2_PLACEMENT_3D('',#6541,#6542,#6543);
#6541 = CARTESIAN_POINT('',(-165.,145.,70.));
#6542 = DIRECTION('',(0.,0.,1.));
#6543 = DIRECTION('',(1.,0.,0.));
#6544 = ORIENTED_EDGE('',*,*,#6545,.T.);
#6545 = EDGE_CURVE('',#6537,#6546,#6548,.T.);
#6546 = VERTEX_POINT('',#6547);
#6547 = CARTESIAN_POINT('',(-170.,5.,70.));
#6548 = LINE('',#6549,#6550);
#6549 = CARTESIAN_POINT('',(-170.,145.,70.));
#6550 = VECTOR('',#6551,1.);
#6551 = DIRECTION('',(0.,-1.,0.));
#6552 = ORIENTED_EDGE('',*,*,#6553,.T.);
#6553 = EDGE_CURVE('',#6546,#6554,#6556,.T.);
#6554 = VERTEX_POINT('',#6555);
#6555 = CARTESIAN_POINT('',(-165.,0.,70.));
#6556 = CIRCLE('',#6557,5.);
#6557 = AXIS2_PLACEMENT_3D('',#6558,#6559,#6560);
#6558 = CARTESIAN_POINT('',(-165.,5.,70.));
#6559 = DIRECTION('',(0.,0.,1.));
#6560 = DIRECTION('',(1.,0.,0.));
#6561 = ORIENTED_EDGE('',*,*,#6562,.T.);
#6562 = EDGE_CURVE('',#6554,#6563,#6565,.T.);
#6563 = VERTEX_POINT('',#6564);
#6564 = CARTESIAN_POINT('',(-5.,0.,70.));
#6565 = LINE('',#6566,#6567);
#6566 = CARTESIAN_POINT('',(-165.,0.,70.));
#6567 = VECTOR('',#6568,1.);
#6568 = DIRECTION('',(1.,0.,0.));
#6569 = ORIENTED_EDGE('',*,*,#6570,.T.);
#6570 = EDGE_CURVE('',#6563,#6488,#6571,.T.);
#6571 = CIRCLE('',#6572,5.);
#6572 = AXIS2_PLACEMENT_3D('',#6573,#6574,#6575);
#6573 = CARTESIAN_POINT('',(-5.,5.,70.));
#6574 = DIRECTION('',(0.,0.,1.));
#6575 = DIRECTION('',(1.,0.,0.));
#6576 = FACE_BOUND('',#6577,.F.);
#6577 = EDGE_LOOP('',(#6578,#6588,#6597,#6605,#6614,#6622,#6631,#6639));
#6578 = ORIENTED_EDGE('',*,*,#6579,.T.);
#6579 = EDGE_CURVE('',#6580,#6582,#6584,.T.);
#6580 = VERTEX_POINT('',#6581);
#6581 = CARTESIAN_POINT('',(-137.,52.,70.));
#6582 = VERTEX_POINT('',#6583);
#6583 = CARTESIAN_POINT('',(-137.,142.,70.));
#6584 = LINE('',#6585,#6586);
#6585 = CARTESIAN_POINT('',(-137.,52.,70.));
#6586 = VECTOR('',#6587,1.);
#6587 = DIRECTION('',(0.,1.,0.));
#6588 = ORIENTED_EDGE('',*,*,#6589,.T.);
#6589 = EDGE_CURVE('',#6582,#6590,#6592,.T.);
#6590 = VERTEX_POINT('',#6591);
#6591 = CARTESIAN_POINT('',(-142.,147.,70.));
#6592 = CIRCLE('',#6593,5.);
#6593 = AXIS2_PLACEMENT_3D('',#6594,#6595,#6596);
#6594 = CARTESIAN_POINT('',(-142.,142.,70.));
#6595 = DIRECTION('',(0.,0.,1.));
#6596 = DIRECTION('',(1.,0.,0.));
#6597 = ORIENTED_EDGE('',*,*,#6598,.T.);
#6598 = EDGE_CURVE('',#6590,#6599,#6601,.T.);
#6599 = VERTEX_POINT('',#6600);
#6600 = CARTESIAN_POINT('',(-162.,147.,70.));
#6601 = LINE('',#6602,#6603);
#6602 = CARTESIAN_POINT('',(-142.,147.,70.));
#6603 = VECTOR('',#6604,1.);
#6604 = DIRECTION('',(-1.,0.,0.));
#6605 = ORIENTED_EDGE('',*,*,#6606,.T.);
#6606 = EDGE_CURVE('',#6599,#6607,#6609,.T.);
#6607 = VERTEX_POINT('',#6608);
#6608 = CARTESIAN_POINT('',(-167.,142.,70.));
#6609 = CIRCLE('',#6610,5.);
#6610 = AXIS2_PLACEMENT_3D('',#6611,#6612,#6613);
#6611 = CARTESIAN_POINT('',(-162.,142.,70.));
#6612 = DIRECTION('',(0.,0.,1.));
#6613 = DIRECTION('',(1.,0.,0.));
#6614 = ORIENTED_EDGE('',*,*,#6615,.T.);
#6615 = EDGE_CURVE('',#6607,#6616,#6618,.T.);
#6616 = VERTEX_POINT('',#6617);
#6617 = CARTESIAN_POINT('',(-167.,52.,70.));
#6618 = LINE('',#6619,#6620);
#6619 = CARTESIAN_POINT('',(-167.,142.,70.));
#6620 = VECTOR('',#6621,1.);
#6621 = DIRECTION('',(0.,-1.,0.));
#6622 = ORIENTED_EDGE('',*,*,#6623,.T.);
#6623 = EDGE_CURVE('',#6616,#6624,#6626,.T.);
#6624 = VERTEX_POINT('',#6625);
#6625 = CARTESIAN_POINT('',(-162.,47.,70.));
#6626 = CIRCLE('',#6627,5.);
#6627 = AXIS2_PLACEMENT_3D('',#6628,#6629,#6630);
#6628 = CARTESIAN_POINT('',(-162.,52.,70.));
#6629 = DIRECTION('',(0.,0.,1.));
#6630 = DIRECTION('',(1.,0.,0.));
#6631 = ORIENTED_EDGE('',*,*,#6632,.T.);
#6632 = EDGE_CURVE('',#6624,#6633,#6635,.T.);
#6633 = VERTEX_POINT('',#6634);
#6634 = CARTESIAN_POINT('',(-142.,47.,70.));
#6635 = LINE('',#6636,#6637);
#6636 = CARTESIAN_POINT('',(-162.,47.,70.));
#6637 = VECTOR('',#6638,1.);
#6638 = DIRECTION('',(1.,0.,0.));
#6639 = ORIENTED_EDGE('',*,*,#6640,.T.);
#6640 = EDGE_CURVE('',#6633,#6580,#6641,.T.);
#6641 = CIRCLE('',#6642,5.);
#6642 = AXIS2_PLACEMENT_3D('',#6643,#6644,#6645);
#6643 = CARTESIAN_POINT('',(-142.,52.,70.));
#6644 = DIRECTION('',(0.,0.,1.));
#6645 = DIRECTION('',(1.,0.,0.));
#6646 = FACE_BOUND('',#6647,.F.);
#6647 = EDGE_LOOP('',(#6648,#6658,#6667,#6675,#6684,#6692,#6701,#6709));
#6648 = ORIENTED_EDGE('',*,*,#6649,.T.);
#6649 = EDGE_CURVE('',#6650,#6652,#6654,.T.);
#6650 = VERTEX_POINT('',#6651);
#6651 = CARTESIAN_POINT('',(-104.,51.999998464102,70.));
#6652 = VERTEX_POINT('',#6653);
#6653 = CARTESIAN_POINT('',(-104.,141.9999984641,70.));
#6654 = LINE('',#6655,#6656);
#6655 = CARTESIAN_POINT('',(-104.,51.999998464102,70.));
#6656 = VECTOR('',#6657,1.);
#6657 = DIRECTION('',(0.,1.,0.));
#6658 = ORIENTED_EDGE('',*,*,#6659,.T.);
#6659 = EDGE_CURVE('',#6652,#6660,#6662,.T.);
#6660 = VERTEX_POINT('',#6661);
#6661 = CARTESIAN_POINT('',(-109.,146.9999984641,70.));
#6662 = CIRCLE('',#6663,5.);
#6663 = AXIS2_PLACEMENT_3D('',#6664,#6665,#6666);
#6664 = CARTESIAN_POINT('',(-109.,141.9999984641,70.));
#6665 = DIRECTION('',(0.,0.,1.));
#6666 = DIRECTION('',(1.,0.,0.));
#6667 = ORIENTED_EDGE('',*,*,#6668,.T.);
#6668 = EDGE_CURVE('',#6660,#6669,#6671,.T.);
#6669 = VERTEX_POINT('',#6670);
#6670 = CARTESIAN_POINT('',(-129.,146.9999984641,70.));
#6671 = LINE('',#6672,#6673);
#6672 = CARTESIAN_POINT('',(-109.,146.9999984641,70.));
#6673 = VECTOR('',#6674,1.);
#6674 = DIRECTION('',(-1.,0.,0.));
#6675 = ORIENTED_EDGE('',*,*,#6676,.T.);
#6676 = EDGE_CURVE('',#6669,#6677,#6679,.T.);
#6677 = VERTEX_POINT('',#6678);
#6678 = CARTESIAN_POINT('',(-134.,141.9999984641,70.));
#6679 = CIRCLE('',#6680,5.);
#6680 = AXIS2_PLACEMENT_3D('',#6681,#6682,#6683);
#6681 = CARTESIAN_POINT('',(-129.,141.9999984641,70.));
#6682 = DIRECTION('',(0.,0.,1.));
#6683 = DIRECTION('',(1.,0.,0.));
#6684 = ORIENTED_EDGE('',*,*,#6685,.T.);
#6685 = EDGE_CURVE('',#6677,#6686,#6688,.T.);
#6686 = VERTEX_POINT('',#6687);
#6687 = CARTESIAN_POINT('',(-134.,51.999998464102,70.));
#6688 = LINE('',#6689,#6690);
#6689 = CARTESIAN_POINT('',(-134.,141.9999984641,70.));
#6690 = VECTOR('',#6691,1.);
#6691 = DIRECTION('',(0.,-1.,0.));
#6692 = ORIENTED_EDGE('',*,*,#6693,.T.);
#6693 = EDGE_CURVE('',#6686,#6694,#6696,.T.);
#6694 = VERTEX_POINT('',#6695);
#6695 = CARTESIAN_POINT('',(-129.,46.999998464102,70.));
#6696 = CIRCLE('',#6697,5.);
#6697 = AXIS2_PLACEMENT_3D('',#6698,#6699,#6700);
#6698 = CARTESIAN_POINT('',(-129.,51.999998464102,70.));
#6699 = DIRECTION('',(0.,0.,1.));
#6700 = DIRECTION('',(1.,0.,0.));
#6701 = ORIENTED_EDGE('',*,*,#6702,.T.);
#6702 = EDGE_CURVE('',#6694,#6703,#6705,.T.);
#6703 = VERTEX_POINT('',#6704);
#6704 = CARTESIAN_POINT('',(-109.,46.999998464102,70.));
#6705 = LINE('',#6706,#6707);
#6706 = CARTESIAN_POINT('',(-129.,46.999998464102,70.));
#6707 = VECTOR('',#6708,1.);
#6708 = DIRECTION('',(1.,0.,0.));
#6709 = ORIENTED_EDGE('',*,*,#6710,.T.);
#6710 = EDGE_CURVE('',#6703,#6650,#6711,.T.);
#6711 = CIRCLE('',#6712,5.);
#6712 = AXIS2_PLACEMENT_3D('',#6713,#6714,#6715);
#6713 = CARTESIAN_POINT('',(-109.,51.999998464102,70.));
#6714 = DIRECTION('',(0.,0.,1.));
#6715 = DIRECTION('',(1.,0.,0.));
#6716 = FACE_BOUND('',#6717,.F.);
#6717 = EDGE_LOOP('',(#6718,#6728,#6737,#6745,#6754,#6762,#6771,#6779));
#6718 = ORIENTED_EDGE('',*,*,#6719,.T.);
#6719 = EDGE_CURVE('',#6720,#6722,#6724,.T.);
#6720 = VERTEX_POINT('',#6721);
#6721 = CARTESIAN_POINT('',(-71.,52.000378191104,70.));
#6722 = VERTEX_POINT('',#6723);
#6723 = CARTESIAN_POINT('',(-71.,142.0003781911,70.));
#6724 = LINE('',#6725,#6726);
#6725 = CARTESIAN_POINT('',(-71.,52.000378191104,70.));
#6726 = VECTOR('',#6727,1.);
#6727 = DIRECTION('',(0.,1.,0.));
#6728 = ORIENTED_EDGE('',*,*,#6729,.T.);
#6729 = EDGE_CURVE('',#6722,#6730,#6732,.T.);
#6730 = VERTEX_POINT('',#6731);
#6731 = CARTESIAN_POINT('',(-76.,147.0003781911,70.));
#6732 = CIRCLE('',#6733,5.);
#6733 = AXIS2_PLACEMENT_3D('',#6734,#6735,#6736);
#6734 = CARTESIAN_POINT('',(-76.,142.0003781911,70.));
#6735 = DIRECTION('',(0.,0.,1.));
#6736 = DIRECTION('',(1.,0.,0.));
#6737 = ORIENTED_EDGE('',*,*,#6738,.T.);
#6738 = EDGE_CURVE('',#6730,#6739,#6741,.T.);
#6739 = VERTEX_POINT('',#6740);
#6740 = CARTESIAN_POINT('',(-96.,147.0003781911,70.));
#6741 = LINE('',#6742,#6743);
#6742 = CARTESIAN_POINT('',(-76.,147.0003781911,70.));
#6743 = VECTOR('',#6744,1.);
#6744 = DIRECTION('',(-1.,0.,0.));
#6745 = ORIENTED_EDGE('',*,*,#6746,.T.);
#6746 = EDGE_CURVE('',#6739,#6747,#6749,.T.);
#6747 = VERTEX_POINT('',#6748);
#6748 = CARTESIAN_POINT('',(-101.,142.0003781911,70.));
#6749 = CIRCLE('',#6750,5.);
#6750 = AXIS2_PLACEMENT_3D('',#6751,#6752,#6753);
#6751 = CARTESIAN_POINT('',(-96.,142.0003781911,70.));
#6752 = DIRECTION('',(0.,0.,1.));
#6753 = DIRECTION('',(1.,0.,0.));
#6754 = ORIENTED_EDGE('',*,*,#6755,.T.);
#6755 = EDGE_CURVE('',#6747,#6756,#6758,.T.);
#6756 = VERTEX_POINT('',#6757);
#6757 = CARTESIAN_POINT('',(-101.,52.000378191104,70.));
#6758 = LINE('',#6759,#6760);
#6759 = CARTESIAN_POINT('',(-101.,142.0003781911,70.));
#6760 = VECTOR('',#6761,1.);
#6761 = DIRECTION('',(0.,-1.,0.));
#6762 = ORIENTED_EDGE('',*,*,#6763,.T.);
#6763 = EDGE_CURVE('',#6756,#6764,#6766,.T.);
#6764 = VERTEX_POINT('',#6765);
#6765 = CARTESIAN_POINT('',(-96.,47.000378191104,70.));
#6766 = CIRCLE('',#6767,5.);
#6767 = AXIS2_PLACEMENT_3D('',#6768,#6769,#6770);
#6768 = CARTESIAN_POINT('',(-96.,52.000378191104,70.));
#6769 = DIRECTION('',(0.,0.,1.));
#6770 = DIRECTION('',(1.,0.,0.));
#6771 = ORIENTED_EDGE('',*,*,#6772,.T.);
#6772 = EDGE_CURVE('',#6764,#6773,#6775,.T.);
#6773 = VERTEX_POINT('',#6774);
#6774 = CARTESIAN_POINT('',(-76.,47.000378191104,70.));
#6775 = LINE('',#6776,#6777);
#6776 = CARTESIAN_POINT('',(-96.,47.000378191104,70.));
#6777 = VECTOR('',#6778,1.);
#6778 = DIRECTION('',(1.,0.,0.));
#6779 = ORIENTED_EDGE('',*,*,#6780,.T.);
#6780 = EDGE_CURVE('',#6773,#6720,#6781,.T.);
#6781 = CIRCLE('',#6782,5.);
#6782 = AXIS2_PLACEMENT_3D('',#6783,#6784,#6785);
#6783 = CARTESIAN_POINT('',(-76.,52.000378191104,70.));
#6784 = DIRECTION('',(0.,0.,1.));
#6785 = DIRECTION('',(1.,0.,0.));
#6786 = FACE_BOUND('',#6787,.F.);
#6787 = EDGE_LOOP('',(#6788,#6798,#6807,#6815,#6824,#6832,#6841,#6849));
#6788 = ORIENTED_EDGE('',*,*,#6789,.T.);
#6789 = EDGE_CURVE('',#6790,#6792,#6794,.T.);
#6790 = VERTEX_POINT('',#6791);
#6791 = CARTESIAN_POINT('',(-38.,51.999995402092,70.));
#6792 = VERTEX_POINT('',#6793);
#6793 = CARTESIAN_POINT('',(-38.,141.99999540209,70.));
#6794 = LINE('',#6795,#6796);
#6795 = CARTESIAN_POINT('',(-38.,51.999995402092,70.));
#6796 = VECTOR('',#6797,1.);
#6797 = DIRECTION('',(0.,1.,0.));
#6798 = ORIENTED_EDGE('',*,*,#6799,.T.);
#6799 = EDGE_CURVE('',#6792,#6800,#6802,.T.);
#6800 = VERTEX_POINT('',#6801);
#6801 = CARTESIAN_POINT('',(-43.,146.99999540209,70.));
#6802 = CIRCLE('',#6803,5.);
#6803 = AXIS2_PLACEMENT_3D('',#6804,#6805,#6806);
#6804 = CARTESIAN_POINT('',(-43.,141.99999540209,70.));
#6805 = DIRECTION('',(0.,0.,1.));
#6806 = DIRECTION('',(1.,0.,0.));
#6807 = ORIENTED_EDGE('',*,*,#6808,.T.);
#6808 = EDGE_CURVE('',#6800,#6809,#6811,.T.);
#6809 = VERTEX_POINT('',#6810);
#6810 = CARTESIAN_POINT('',(-63.,146.99999540209,70.));
#6811 = LINE('',#6812,#6813);
#6812 = CARTESIAN_POINT('',(-43.,146.99999540209,70.));
#6813 = VECTOR('',#6814,1.);
#6814 = DIRECTION('',(-1.,0.,0.));
#6815 = ORIENTED_EDGE('',*,*,#6816,.T.);
#6816 = EDGE_CURVE('',#6809,#6817,#6819,.T.);
#6817 = VERTEX_POINT('',#6818);
#6818 = CARTESIAN_POINT('',(-68.,141.99999540209,70.));
#6819 = CIRCLE('',#6820,5.);
#6820 = AXIS2_PLACEMENT_3D('',#6821,#6822,#6823);
#6821 = CARTESIAN_POINT('',(-63.,141.99999540209,70.));
#6822 = DIRECTION('',(0.,0.,1.));
#6823 = DIRECTION('',(1.,0.,0.));
#6824 = ORIENTED_EDGE('',*,*,#6825,.T.);
#6825 = EDGE_CURVE('',#6817,#6826,#6828,.T.);
#6826 = VERTEX_POINT('',#6827);
#6827 = CARTESIAN_POINT('',(-68.,51.999995402092,70.));
#6828 = LINE('',#6829,#6830);
#6829 = CARTESIAN_POINT('',(-68.,141.99999540209,70.));
#6830 = VECTOR('',#6831,1.);
#6831 = DIRECTION('',(0.,-1.,0.));
#6832 = ORIENTED_EDGE('',*,*,#6833,.T.);
#6833 = EDGE_CURVE('',#6826,#6834,#6836,.T.);
#6834 = VERTEX_POINT('',#6835);
#6835 = CARTESIAN_POINT('',(-63.,46.999995402092,70.));
#6836 = CIRCLE('',#6837,5.);
#6837 = AXIS2_PLACEMENT_3D('',#6838,#6839,#6840);
#6838 = CARTESIAN_POINT('',(-63.,51.999995402092,70.));
#6839 = DIRECTION('',(0.,0.,1.));
#6840 = DIRECTION('',(1.,0.,0.));
#6841 = ORIENTED_EDGE('',*,*,#6842,.T.);
#6842 = EDGE_CURVE('',#6834,#6843,#6845,.T.);
#6843 = VERTEX_POINT('',#6844);
#6844 = CARTESIAN_POINT('',(-43.,46.999995402092,70.));
#6845 = LINE('',#6846,#6847);
#6846 = CARTESIAN_POINT('',(-63.,46.999995402092,70.));
#6847 = VECTOR('',#6848,1.);
#6848 = DIRECTION('',(1.,0.,0.));
#6849 = ORIENTED_EDGE('',*,*,#6850,.T.);
#6850 = EDGE_CURVE('',#6843,#6790,#6851,.T.);
#6851 = CIRCLE('',#6852,5.);
#6852 = AXIS2_PLACEMENT_3D('',#6853,#6854,#6855);
#6853 = CARTESIAN_POINT('',(-43.,51.999995402092,70.));
#6854 = DIRECTION('',(0.,0.,1.));
#6855 = DIRECTION('',(1.,0.,0.));
#6856 = FACE_BOUND('',#6857,.F.);
#6857 = EDGE_LOOP('',(#6858,#6868,#6876,#6884));
#6858 = ORIENTED_EDGE('',*,*,#6859,.T.);
#6859 = EDGE_CURVE('',#6860,#6862,#6864,.T.);
#6860 = VERTEX_POINT('',#6861);
#6861 = CARTESIAN_POINT('',(-167.,44.,70.));
#6862 = VERTEX_POINT('',#6863);
#6863 = CARTESIAN_POINT('',(-167.,3.,70.));
#6864 = LINE('',#6865,#6866);
#6865 = CARTESIAN_POINT('',(-167.,44.,70.));
#6866 = VECTOR('',#6867,1.);
#6867 = DIRECTION('',(0.,-1.,0.));
#6868 = ORIENTED_EDGE('',*,*,#6869,.T.);
#6869 = EDGE_CURVE('',#6862,#6870,#6872,.T.);
#6870 = VERTEX_POINT('',#6871);
#6871 = CARTESIAN_POINT('',(-120.1315,3.,70.));
#6872 = LINE('',#6873,#6874);
#6873 = CARTESIAN_POINT('',(-167.,3.,70.));
#6874 = VECTOR('',#6875,1.);
#6875 = DIRECTION('',(1.,0.,0.));
#6876 = ORIENTED_EDGE('',*,*,#6877,.F.);
#6877 = EDGE_CURVE('',#6878,#6870,#6880,.T.);
#6878 = VERTEX_POINT('',#6879);
#6879 = CARTESIAN_POINT('',(-120.1315,44.,70.));
#6880 = LINE('',#6881,#6882);
#6881 = CARTESIAN_POINT('',(-120.1315,44.,70.));
#6882 = VECTOR('',#6883,1.);
#6883 = DIRECTION('',(0.,-1.,0.));
#6884 = ORIENTED_EDGE('',*,*,#6885,.T.);
#6885 = EDGE_CURVE('',#6878,#6860,#6886,.T.);
#6886 = LINE('',#6887,#6888);
#6887 = CARTESIAN_POINT('',(-120.1315,44.,70.));
#6888 = VECTOR('',#6889,1.);
#6889 = DIRECTION('',(-1.,0.,0.));
#6890 = FACE_BOUND('',#6891,.F.);
#6891 = EDGE_LOOP('',(#6892,#6902,#6910,#6918));
#6892 = ORIENTED_EDGE('',*,*,#6893,.T.);
#6893 = EDGE_CURVE('',#6894,#6896,#6898,.T.);
#6894 = VERTEX_POINT('',#6895);
#6895 = CARTESIAN_POINT('',(-3.,2.89996,70.));
#6896 = VERTEX_POINT('',#6897);
#6897 = CARTESIAN_POINT('',(-3.,44.,70.));
#6898 = LINE('',#6899,#6900);
#6899 = CARTESIAN_POINT('',(-3.,2.89996,70.));
#6900 = VECTOR('',#6901,1.);
#6901 = DIRECTION('',(0.,1.,0.));
#6902 = ORIENTED_EDGE('',*,*,#6903,.T.);
#6903 = EDGE_CURVE('',#6896,#6904,#6906,.T.);
#6904 = VERTEX_POINT('',#6905);
#6905 = CARTESIAN_POINT('',(-41.895123,44.,70.));
#6906 = LINE('',#6907,#6908);
#6907 = CARTESIAN_POINT('',(-3.,44.,70.));
#6908 = VECTOR('',#6909,1.);
#6909 = DIRECTION('',(-1.,0.,0.));
#6910 = ORIENTED_EDGE('',*,*,#6911,.T.);
#6911 = EDGE_CURVE('',#6904,#6912,#6914,.T.);
#6912 = VERTEX_POINT('',#6913);
#6913 = CARTESIAN_POINT('',(-41.895123,2.89996,70.));
#6914 = LINE('',#6915,#6916);
#6915 = CARTESIAN_POINT('',(-41.895123,44.,70.));
#6916 = VECTOR('',#6917,1.);
#6917 = DIRECTION('',(0.,-1.,0.));
#6918 = ORIENTED_EDGE('',*,*,#6919,.T.);
#6919 = EDGE_CURVE('',#6912,#6894,#6920,.T.);
#6920 = LINE('',#6921,#6922);
#6921 = CARTESIAN_POINT('',(-41.895123,2.89996,70.));
#6922 = VECTOR('',#6923,1.);
#6923 = DIRECTION('',(1.,0.,0.));
#6924 = FACE_BOUND('',#6925,.T.);
#6925 = EDGE_LOOP('',(#6926,#6936,#6944,#6952));
#6926 = ORIENTED_EDGE('',*,*,#6927,.T.);
#6927 = EDGE_CURVE('',#6928,#6930,#6932,.T.);
#6928 = VERTEX_POINT('',#6929);
#6929 = CARTESIAN_POINT('',(-44.23278,44.,70.));
#6930 = VERTEX_POINT('',#6931);
#6931 = CARTESIAN_POINT('',(-44.23278,2.89996,70.));
#6932 = LINE('',#6933,#6934);
#6933 = CARTESIAN_POINT('',(-44.23278,44.,70.));
#6934 = VECTOR('',#6935,1.);
#6935 = DIRECTION('',(0.,-1.,0.));
#6936 = ORIENTED_EDGE('',*,*,#6937,.F.);
#6937 = EDGE_CURVE('',#6938,#6930,#6940,.T.);
#6938 = VERTEX_POINT('',#6939);
#6939 = CARTESIAN_POINT('',(-82.578094,2.89996,70.));
#6940 = LINE('',#6941,#6942);
#6941 = CARTESIAN_POINT('',(-82.578094,2.89996,70.));
#6942 = VECTOR('',#6943,1.);
#6943 = DIRECTION('',(1.,0.,0.));
#6944 = ORIENTED_EDGE('',*,*,#6945,.F.);
#6945 = EDGE_CURVE('',#6946,#6938,#6948,.T.);
#6946 = VERTEX_POINT('',#6947);
#6947 = CARTESIAN_POINT('',(-82.578094,44.,70.));
#6948 = LINE('',#6949,#6950);
#6949 = CARTESIAN_POINT('',(-82.578094,44.,70.));
#6950 = VECTOR('',#6951,1.);
#6951 = DIRECTION('',(0.,-1.,0.));
#6952 = ORIENTED_EDGE('',*,*,#6953,.F.);
#6953 = EDGE_CURVE('',#6928,#6946,#6954,.T.);
#6954 = LINE('',#6955,#6956);
#6955 = CARTESIAN_POINT('',(-44.23278,44.,70.));
#6956 = VECTOR('',#6957,1.);
#6957 = DIRECTION('',(-1.,0.,0.));
#6958 = FACE_BOUND('',#6959,.T.);
#6959 = EDGE_LOOP('',(#6960,#6970,#6978,#6986));
#6960 = ORIENTED_EDGE('',*,*,#6961,.T.);
#6961 = EDGE_CURVE('',#6962,#6964,#6966,.T.);
#6962 = VERTEX_POINT('',#6963);
#6963 = CARTESIAN_POINT('',(-85.,44.,70.));
#6964 = VERTEX_POINT('',#6965);
#6965 = CARTESIAN_POINT('',(-85.,2.89996,70.));
#6966 = LINE('',#6967,#6968);
#6967 = CARTESIAN_POINT('',(-85.,44.,70.));
#6968 = VECTOR('',#6969,1.);
#6969 = DIRECTION('',(0.,-1.,0.));
#6970 = ORIENTED_EDGE('',*,*,#6971,.F.);
#6971 = EDGE_CURVE('',#6972,#6964,#6974,.T.);
#6972 = VERTEX_POINT('',#6973);
#6973 = CARTESIAN_POINT('',(-117.943893,2.89996,70.));
#6974 = LINE('',#6975,#6976);
#6975 = CARTESIAN_POINT('',(-117.943893,2.89996,70.));
#6976 = VECTOR('',#6977,1.);
#6977 = DIRECTION('',(1.,0.,0.));
#6978 = ORIENTED_EDGE('',*,*,#6979,.F.);
#6979 = EDGE_CURVE('',#6980,#6972,#6982,.T.);
#6980 = VERTEX_POINT('',#6981);
#6981 = CARTESIAN_POINT('',(-117.943893,44.,70.));
#6982 = LINE('',#6983,#6984);
#6983 = CARTESIAN_POINT('',(-117.943893,44.,70.));
#6984 = VECTOR('',#6985,1.);
#6985 = DIRECTION('',(0.,-1.,0.));
#6986 = ORIENTED_EDGE('',*,*,#6987,.F.);
#6987 = EDGE_CURVE('',#6962,#6980,#6988,.T.);
#6988 = LINE('',#6989,#6990);
#6989 = CARTESIAN_POINT('',(-85.,44.,70.));
#6990 = VECTOR('',#6991,1.);
#6991 = DIRECTION('',(-1.,0.,0.));
#6992 = FACE_BOUND('',#6993,.F.);
#6993 = EDGE_LOOP('',(#6994,#7004,#7012,#7020));
#6994 = ORIENTED_EDGE('',*,*,#6995,.T.);
#6995 = EDGE_CURVE('',#6996,#6998,#7000,.T.);
#6996 = VERTEX_POINT('',#6997);
#6997 = CARTESIAN_POINT('',(-35.,72.562552,70.));
#6998 = VERTEX_POINT('',#6999);
#6999 = CARTESIAN_POINT('',(-35.,47.,70.));
#7000 = LINE('',#7001,#7002);
#7001 = CARTESIAN_POINT('',(-35.,72.467367,70.));
#7002 = VECTOR('',#7003,1.);
#7003 = DIRECTION('',(0.,-1.,0.));
#7004 = ORIENTED_EDGE('',*,*,#7005,.T.);
#7005 = EDGE_CURVE('',#6998,#7006,#7008,.T.);
#7006 = VERTEX_POINT('',#7007);
#7007 = CARTESIAN_POINT('',(-3.,47.,70.));
#7008 = LINE('',#7009,#7010);
#7009 = CARTESIAN_POINT('',(-35.,47.,70.));
#7010 = VECTOR('',#7011,1.);
#7011 = DIRECTION('',(1.,0.,0.));
#7012 = ORIENTED_EDGE('',*,*,#7013,.T.);
#7013 = EDGE_CURVE('',#7006,#7014,#7016,.T.);
#7014 = VERTEX_POINT('',#7015);
#7015 = CARTESIAN_POINT('',(-3.,72.562552,70.));
#7016 = LINE('',#7017,#7018);
#7017 = CARTESIAN_POINT('',(-3.,72.467367,70.));
#7018 = VECTOR('',#7019,1.);
#7019 = DIRECTION('',(0.,1.,0.));
#7020 = ORIENTED_EDGE('',*,*,#7021,.F.);
#7021 = EDGE_CURVE('',#6996,#7014,#7022,.T.);
#7022 = LINE('',#7023,#7024);
#7023 = CARTESIAN_POINT('',(-35.,72.562552,70.));
#7024 = VECTOR('',#7025,1.);
#7025 = DIRECTION('',(1.,0.,0.));
#7026 = FACE_BOUND('',#7027,.T.);
#7027 = EDGE_LOOP('',(#7028,#7038,#7046,#7054));
#7028 = ORIENTED_EDGE('',*,*,#7029,.T.);
#7029 = EDGE_CURVE('',#7030,#7032,#7034,.T.);
#7030 = VERTEX_POINT('',#7031);
#7031 = CARTESIAN_POINT('',(-3.,74.562552,70.));
#7032 = VERTEX_POINT('',#7033);
#7033 = CARTESIAN_POINT('',(-35.,74.562552,70.));
#7034 = LINE('',#7035,#7036);
#7035 = CARTESIAN_POINT('',(-3.,74.562552,70.));
#7036 = VECTOR('',#7037,1.);
#7037 = DIRECTION('',(-1.,0.,0.));
#7038 = ORIENTED_EDGE('',*,*,#7039,.F.);
#7039 = EDGE_CURVE('',#7040,#7032,#7042,.T.);
#7040 = VERTEX_POINT('',#7041);
#7041 = CARTESIAN_POINT('',(-35.,97.934734,70.));
#7042 = LINE('',#7043,#7044);
#7043 = CARTESIAN_POINT('',(-35.,97.934734,70.));
#7044 = VECTOR('',#7045,1.);
#7045 = DIRECTION('',(0.,-1.,0.));
#7046 = ORIENTED_EDGE('',*,*,#7047,.T.);
#7047 = EDGE_CURVE('',#7040,#7048,#7050,.T.);
#7048 = VERTEX_POINT('',#7049);
#7049 = CARTESIAN_POINT('',(-3.,97.934734,70.));
#7050 = LINE('',#7051,#7052);
#7051 = CARTESIAN_POINT('',(-35.,97.934734,70.));
#7052 = VECTOR('',#7053,1.);
#7053 = DIRECTION('',(1.,0.,0.));
#7054 = ORIENTED_EDGE('',*,*,#7055,.F.);
#7055 = EDGE_CURVE('',#7030,#7048,#7056,.T.);
#7056 = LINE('',#7057,#7058);
#7057 = CARTESIAN_POINT('',(-3.,74.562552,70.));
#7058 = VECTOR('',#7059,1.);
#7059 = DIRECTION('',(0.,1.,0.));
#7060 = FACE_BOUND('',#7061,.T.);
#7061 = EDGE_LOOP('',(#7062,#7072,#7080,#7088));
#7062 = ORIENTED_EDGE('',*,*,#7063,.T.);
#7063 = EDGE_CURVE('',#7064,#7066,#7068,.T.);
#7064 = VERTEX_POINT('',#7065);
#7065 = CARTESIAN_POINT('',(-35.,123.306915,70.));
#7066 = VERTEX_POINT('',#7067);
#7067 = CARTESIAN_POINT('',(-3.,123.306915,70.));
#7068 = LINE('',#7069,#7070);
#7069 = CARTESIAN_POINT('',(-35.,123.306915,70.));
#7070 = VECTOR('',#7071,1.);
#7071 = DIRECTION('',(1.,0.,0.));
#7072 = ORIENTED_EDGE('',*,*,#7073,.F.);
#7073 = EDGE_CURVE('',#7074,#7066,#7076,.T.);
#7074 = VERTEX_POINT('',#7075);
#7075 = CARTESIAN_POINT('',(-3.,99.934734,70.));
#7076 = LINE('',#7077,#7078);
#7077 = CARTESIAN_POINT('',(-3.,99.934734,70.));
#7078 = VECTOR('',#7079,1.);
#7079 = DIRECTION('',(0.,1.,0.));
#7080 = ORIENTED_EDGE('',*,*,#7081,.T.);
#7081 = EDGE_CURVE('',#7074,#7082,#7084,.T.);
#7082 = VERTEX_POINT('',#7083);
#7083 = CARTESIAN_POINT('',(-35.,99.934734,70.));
#7084 = LINE('',#7085,#7086);
#7085 = CARTESIAN_POINT('',(-3.,99.934734,70.));
#7086 = VECTOR('',#7087,1.);
#7087 = DIRECTION('',(-1.,0.,0.));
#7088 = ORIENTED_EDGE('',*,*,#7089,.F.);
#7089 = EDGE_CURVE('',#7064,#7082,#7090,.T.);
#7090 = LINE('',#7091,#7092);
#7091 = CARTESIAN_POINT('',(-35.,123.306915,70.));
#7092 = VECTOR('',#7093,1.);
#7093 = DIRECTION('',(0.,-1.,0.));
#7094 = FACE_BOUND('',#7095,.F.);
#7095 = EDGE_LOOP('',(#7096,#7106,#7114,#7122));
#7096 = ORIENTED_EDGE('',*,*,#7097,.T.);
#7097 = EDGE_CURVE('',#7098,#7100,#7102,.T.);
#7098 = VERTEX_POINT('',#7099);
#7099 = CARTESIAN_POINT('',(-35.,147.,70.));
#7100 = VERTEX_POINT('',#7101);
#7101 = CARTESIAN_POINT('',(-35.,125.306915,70.));
#7102 = LINE('',#7103,#7104);
#7103 = CARTESIAN_POINT('',(-35.,147.,70.));
#7104 = VECTOR('',#7105,1.);
#7105 = DIRECTION('',(0.,-1.,0.));
#7106 = ORIENTED_EDGE('',*,*,#7107,.F.);
#7107 = EDGE_CURVE('',#7108,#7100,#7110,.T.);
#7108 = VERTEX_POINT('',#7109);
#7109 = CARTESIAN_POINT('',(-3.,125.306915,70.));
#7110 = LINE('',#7111,#7112);
#7111 = CARTESIAN_POINT('',(-3.,125.306915,70.));
#7112 = VECTOR('',#7113,1.);
#7113 = DIRECTION('',(-1.,0.,0.));
#7114 = ORIENTED_EDGE('',*,*,#7115,.T.);
#7115 = EDGE_CURVE('',#7108,#7116,#7118,.T.);
#7116 = VERTEX_POINT('',#7117);
#7117 = CARTESIAN_POINT('',(-3.,147.,70.));
#7118 = LINE('',#7119,#7120);
#7119 = CARTESIAN_POINT('',(-3.,125.306915,70.));
#7120 = VECTOR('',#7121,1.);
#7121 = DIRECTION('',(0.,1.,0.));
#7122 = ORIENTED_EDGE('',*,*,#7123,.T.);
#7123 = EDGE_CURVE('',#7116,#7098,#7124,.T.);
#7124 = LINE('',#7125,#7126);
#7125 = CARTESIAN_POINT('',(-3.,147.,70.));
#7126 = VECTOR('',#7127,1.);
#7127 = DIRECTION('',(-1.,0.,0.));
#7128 = PLANE('',#7129);
#7129 = AXIS2_PLACEMENT_3D('',#7130,#7131,#7132);
#7130 = CARTESIAN_POINT('',(-80.43077588085,74.664497447904,70.));
#7131 = DIRECTION('',(0.,0.,1.));
#7132 = DIRECTION('',(1.,0.,0.));
#7133 = ADVANCED_FACE('',(#7134),#7159,.T.);
#7134 = FACE_BOUND('',#7135,.T.);
#7135 = EDGE_LOOP('',(#7136,#7144,#7145,#7153));
#7136 = ORIENTED_EDGE('',*,*,#7137,.T.);
#7137 = EDGE_CURVE('',#7138,#6580,#7140,.T.);
#7138 = VERTEX_POINT('',#7139);
#7139 = CARTESIAN_POINT('',(-137.,52.,0.));
#7140 = LINE('',#7141,#7142);
#7141 = CARTESIAN_POINT('',(-137.,52.,0.));
#7142 = VECTOR('',#7143,1.);
#7143 = DIRECTION('',(0.,0.,1.));
#7144 = ORIENTED_EDGE('',*,*,#6579,.T.);
#7145 = ORIENTED_EDGE('',*,*,#7146,.F.);
#7146 = EDGE_CURVE('',#7147,#6582,#7149,.T.);
#7147 = VERTEX_POINT('',#7148);
#7148 = CARTESIAN_POINT('',(-137.,142.,0.));
#7149 = LINE('',#7150,#7151);
#7150 = CARTESIAN_POINT('',(-137.,142.,0.));
#7151 = VECTOR('',#7152,1.);
#7152 = DIRECTION('',(0.,0.,1.));
#7153 = ORIENTED_EDGE('',*,*,#7154,.F.);
#7154 = EDGE_CURVE('',#7138,#7147,#7155,.T.);
#7155 = LINE('',#7156,#7157);
#7156 = CARTESIAN_POINT('',(-137.,52.,0.));
#7157 = VECTOR('',#7158,1.);
#7158 = DIRECTION('',(0.,1.,0.));
#7159 = PLANE('',#7160);
#7160 = AXIS2_PLACEMENT_3D('',#7161,#7162,#7163);
#7161 = CARTESIAN_POINT('',(-137.,52.,0.));
#7162 = DIRECTION('',(-1.,0.,0.));
#7163 = DIRECTION('',(0.,1.,0.));
#7164 = ADVANCED_FACE('',(#7165),#7184,.F.);
#7165 = FACE_BOUND('',#7166,.T.);
#7166 = EDGE_LOOP('',(#7167,#7168,#7169,#7177));
#7167 = ORIENTED_EDGE('',*,*,#7146,.T.);
#7168 = ORIENTED_EDGE('',*,*,#6589,.T.);
#7169 = ORIENTED_EDGE('',*,*,#7170,.F.);
#7170 = EDGE_CURVE('',#7171,#6590,#7173,.T.);
#7171 = VERTEX_POINT('',#7172);
#7172 = CARTESIAN_POINT('',(-142.,147.,0.));
#7173 = LINE('',#7174,#7175);
#7174 = CARTESIAN_POINT('',(-142.,147.,0.));
#7175 = VECTOR('',#7176,1.);
#7176 = DIRECTION('',(0.,0.,1.));
#7177 = ORIENTED_EDGE('',*,*,#7178,.F.);
#7178 = EDGE_CURVE('',#7147,#7171,#7179,.T.);
#7179 = CIRCLE('',#7180,5.);
#7180 = AXIS2_PLACEMENT_3D('',#7181,#7182,#7183);
#7181 = CARTESIAN_POINT('',(-142.,142.,0.));
#7182 = DIRECTION('',(0.,0.,1.));
#7183 = DIRECTION('',(1.,0.,0.));
#7184 = CYLINDRICAL_SURFACE('',#7185,5.);
#7185 = AXIS2_PLACEMENT_3D('',#7186,#7187,#7188);
#7186 = CARTESIAN_POINT('',(-142.,142.,0.));
#7187 = DIRECTION('',(-0.,-0.,-1.));
#7188 = DIRECTION('',(1.,0.,0.));
#7189 = ADVANCED_FACE('',(#7190),#7208,.T.);
#7190 = FACE_BOUND('',#7191,.T.);
#7191 = EDGE_LOOP('',(#7192,#7193,#7194,#7202));
#7192 = ORIENTED_EDGE('',*,*,#7170,.T.);
#7193 = ORIENTED_EDGE('',*,*,#6598,.T.);
#7194 = ORIENTED_EDGE('',*,*,#7195,.F.);
#7195 = EDGE_CURVE('',#7196,#6599,#7198,.T.);
#7196 = VERTEX_POINT('',#7197);
#7197 = CARTESIAN_POINT('',(-162.,147.,0.));
#7198 = LINE('',#7199,#7200);
#7199 = CARTESIAN_POINT('',(-162.,147.,0.));
#7200 = VECTOR('',#7201,1.);
#7201 = DIRECTION('',(0.,0.,1.));
#7202 = ORIENTED_EDGE('',*,*,#7203,.F.);
#7203 = EDGE_CURVE('',#7171,#7196,#7204,.T.);
#7204 = LINE('',#7205,#7206);
#7205 = CARTESIAN_POINT('',(-142.,147.,0.));
#7206 = VECTOR('',#7207,1.);
#7207 = DIRECTION('',(-1.,0.,0.));
#7208 = PLANE('',#7209);
#7209 = AXIS2_PLACEMENT_3D('',#7210,#7211,#7212);
#7210 = CARTESIAN_POINT('',(-142.,147.,0.));
#7211 = DIRECTION('',(0.,-1.,0.));
#7212 = DIRECTION('',(-1.,0.,0.));
#7213 = ADVANCED_FACE('',(#7214),#7233,.F.);
#7214 = FACE_BOUND('',#7215,.T.);
#7215 = EDGE_LOOP('',(#7216,#7217,#7218,#7226));
#7216 = ORIENTED_EDGE('',*,*,#7195,.T.);
#7217 = ORIENTED_EDGE('',*,*,#6606,.T.);
#7218 = ORIENTED_EDGE('',*,*,#7219,.F.);
#7219 = EDGE_CURVE('',#7220,#6607,#7222,.T.);
#7220 = VERTEX_POINT('',#7221);
#7221 = CARTESIAN_POINT('',(-167.,142.,0.));
#7222 = LINE('',#7223,#7224);
#7223 = CARTESIAN_POINT('',(-167.,142.,0.));
#7224 = VECTOR('',#7225,1.);
#7225 = DIRECTION('',(0.,0.,1.));
#7226 = ORIENTED_EDGE('',*,*,#7227,.F.);
#7227 = EDGE_CURVE('',#7196,#7220,#7228,.T.);
#7228 = CIRCLE('',#7229,5.);
#7229 = AXIS2_PLACEMENT_3D('',#7230,#7231,#7232);
#7230 = CARTESIAN_POINT('',(-162.,142.,0.));
#7231 = DIRECTION('',(0.,0.,1.));
#7232 = DIRECTION('',(1.,0.,0.));
#7233 = CYLINDRICAL_SURFACE('',#7234,5.);
#7234 = AXIS2_PLACEMENT_3D('',#7235,#7236,#7237);
#7235 = CARTESIAN_POINT('',(-162.,142.,0.));
#7236 = DIRECTION('',(-0.,-0.,-1.));
#7237 = DIRECTION('',(1.,0.,0.));
#7238 = ADVANCED_FACE('',(#7239),#7257,.T.);
#7239 = FACE_BOUND('',#7240,.T.);
#7240 = EDGE_LOOP('',(#7241,#7242,#7243,#7251));
#7241 = ORIENTED_EDGE('',*,*,#7219,.T.);
#7242 = ORIENTED_EDGE('',*,*,#6615,.T.);
#7243 = ORIENTED_EDGE('',*,*,#7244,.F.);
#7244 = EDGE_CURVE('',#7245,#6616,#7247,.T.);
#7245 = VERTEX_POINT('',#7246);
#7246 = CARTESIAN_POINT('',(-167.,52.,0.));
#7247 = LINE('',#7248,#7249);
#7248 = CARTESIAN_POINT('',(-167.,52.,0.));
#7249 = VECTOR('',#7250,1.);
#7250 = DIRECTION('',(0.,0.,1.));
#7251 = ORIENTED_EDGE('',*,*,#7252,.F.);
#7252 = EDGE_CURVE('',#7220,#7245,#7253,.T.);
#7253 = LINE('',#7254,#7255);
#7254 = CARTESIAN_POINT('',(-167.,142.,0.));
#7255 = VECTOR('',#7256,1.);
#7256 = DIRECTION('',(0.,-1.,0.));
#7257 = PLANE('',#7258);
#7258 = AXIS2_PLACEMENT_3D('',#7259,#7260,#7261);
#7259 = CARTESIAN_POINT('',(-167.,142.,0.));
#7260 = DIRECTION('',(1.,0.,0.));
#7261 = DIRECTION('',(0.,-1.,0.));
#7262 = ADVANCED_FACE('',(#7263),#7282,.F.);
#7263 = FACE_BOUND('',#7264,.T.);
#7264 = EDGE_LOOP('',(#7265,#7266,#7267,#7275));
#7265 = ORIENTED_EDGE('',*,*,#7244,.T.);
#7266 = ORIENTED_EDGE('',*,*,#6623,.T.);
#7267 = ORIENTED_EDGE('',*,*,#7268,.F.);
#7268 = EDGE_CURVE('',#7269,#6624,#7271,.T.);
#7269 = VERTEX_POINT('',#7270);
#7270 = CARTESIAN_POINT('',(-162.,47.,0.));
#7271 = LINE('',#7272,#7273);
#7272 = CARTESIAN_POINT('',(-162.,47.,0.));
#7273 = VECTOR('',#7274,1.);
#7274 = DIRECTION('',(0.,0.,1.));
#7275 = ORIENTED_EDGE('',*,*,#7276,.F.);
#7276 = EDGE_CURVE('',#7245,#7269,#7277,.T.);
#7277 = CIRCLE('',#7278,5.);
#7278 = AXIS2_PLACEMENT_3D('',#7279,#7280,#7281);
#7279 = CARTESIAN_POINT('',(-162.,52.,0.));
#7280 = DIRECTION('',(0.,0.,1.));
#7281 = DIRECTION('',(1.,0.,0.));
#7282 = CYLINDRICAL_SURFACE('',#7283,5.);
#7283 = AXIS2_PLACEMENT_3D('',#7284,#7285,#7286);
#7284 = CARTESIAN_POINT('',(-162.,52.,0.));
#7285 = DIRECTION('',(-0.,-0.,-1.));
#7286 = DIRECTION('',(1.,0.,0.));
#7287 = ADVANCED_FACE('',(#7288),#7306,.T.);
#7288 = FACE_BOUND('',#7289,.T.);
#7289 = EDGE_LOOP('',(#7290,#7291,#7292,#7300));
#7290 = ORIENTED_EDGE('',*,*,#7268,.T.);
#7291 = ORIENTED_EDGE('',*,*,#6632,.T.);
#7292 = ORIENTED_EDGE('',*,*,#7293,.F.);
#7293 = EDGE_CURVE('',#7294,#6633,#7296,.T.);
#7294 = VERTEX_POINT('',#7295);
#7295 = CARTESIAN_POINT('',(-142.,47.,0.));
#7296 = LINE('',#7297,#7298);
#7297 = CARTESIAN_POINT('',(-142.,47.,0.));
#7298 = VECTOR('',#7299,1.);
#7299 = DIRECTION('',(0.,0.,1.));
#7300 = ORIENTED_EDGE('',*,*,#7301,.F.);
#7301 = EDGE_CURVE('',#7269,#7294,#7302,.T.);
#7302 = LINE('',#7303,#7304);
#7303 = CARTESIAN_POINT('',(-162.,47.,0.));
#7304 = VECTOR('',#7305,1.);
#7305 = DIRECTION('',(1.,0.,0.));
#7306 = PLANE('',#7307);
#7307 = AXIS2_PLACEMENT_3D('',#7308,#7309,#7310);
#7308 = CARTESIAN_POINT('',(-162.,47.,0.));
#7309 = DIRECTION('',(0.,1.,0.));
#7310 = DIRECTION('',(1.,0.,0.));
#7311 = ADVANCED_FACE('',(#7312),#7324,.F.);
#7312 = FACE_BOUND('',#7313,.T.);
#7313 = EDGE_LOOP('',(#7314,#7315,#7316,#7317));
#7314 = ORIENTED_EDGE('',*,*,#7293,.T.);
#7315 = ORIENTED_EDGE('',*,*,#6640,.T.);
#7316 = ORIENTED_EDGE('',*,*,#7137,.F.);
#7317 = ORIENTED_EDGE('',*,*,#7318,.F.);
#7318 = EDGE_CURVE('',#7294,#7138,#7319,.T.);
#7319 = CIRCLE('',#7320,5.);
#7320 = AXIS2_PLACEMENT_3D('',#7321,#7322,#7323);
#7321 = CARTESIAN_POINT('',(-142.,52.,0.));
#7322 = DIRECTION('',(0.,0.,1.));
#7323 = DIRECTION('',(1.,0.,0.));
#7324 = CYLINDRICAL_SURFACE('',#7325,5.);
#7325 = AXIS2_PLACEMENT_3D('',#7326,#7327,#7328);
#7326 = CARTESIAN_POINT('',(-142.,52.,0.));
#7327 = DIRECTION('',(-0.,-0.,-1.));
#7328 = DIRECTION('',(1.,0.,0.));
#7329 = ADVANCED_FACE('',(#7330),#7355,.T.);
#7330 = FACE_BOUND('',#7331,.T.);
#7331 = EDGE_LOOP('',(#7332,#7340,#7341,#7349));
#7332 = ORIENTED_EDGE('',*,*,#7333,.T.);
#7333 = EDGE_CURVE('',#7334,#6650,#7336,.T.);
#7334 = VERTEX_POINT('',#7335);
#7335 = CARTESIAN_POINT('',(-104.,51.999998464102,0.));
#7336 = LINE('',#7337,#7338);
#7337 = CARTESIAN_POINT('',(-104.,51.999998464102,0.));
#7338 = VECTOR('',#7339,1.);
#7339 = DIRECTION('',(0.,0.,1.));
#7340 = ORIENTED_EDGE('',*,*,#6649,.T.);
#7341 = ORIENTED_EDGE('',*,*,#7342,.F.);
#7342 = EDGE_CURVE('',#7343,#6652,#7345,.T.);
#7343 = VERTEX_POINT('',#7344);
#7344 = CARTESIAN_POINT('',(-104.,141.9999984641,0.));
#7345 = LINE('',#7346,#7347);
#7346 = CARTESIAN_POINT('',(-104.,141.9999984641,0.));
#7347 = VECTOR('',#7348,1.);
#7348 = DIRECTION('',(0.,0.,1.));
#7349 = ORIENTED_EDGE('',*,*,#7350,.F.);
#7350 = EDGE_CURVE('',#7334,#7343,#7351,.T.);
#7351 = LINE('',#7352,#7353);
#7352 = CARTESIAN_POINT('',(-104.,51.999998464102,0.));
#7353 = VECTOR('',#7354,1.);
#7354 = DIRECTION('',(0.,1.,0.));
#7355 = PLANE('',#7356);
#7356 = AXIS2_PLACEMENT_3D('',#7357,#7358,#7359);
#7357 = CARTESIAN_POINT('',(-104.,51.999998464102,0.));
#7358 = DIRECTION('',(-1.,0.,0.));
#7359 = DIRECTION('',(0.,1.,0.));
#7360 = ADVANCED_FACE('',(#7361),#7380,.F.);
#7361 = FACE_BOUND('',#7362,.T.);
#7362 = EDGE_LOOP('',(#7363,#7364,#7365,#7373));
#7363 = ORIENTED_EDGE('',*,*,#7342,.T.);
#7364 = ORIENTED_EDGE('',*,*,#6659,.T.);
#7365 = ORIENTED_EDGE('',*,*,#7366,.F.);
#7366 = EDGE_CURVE('',#7367,#6660,#7369,.T.);
#7367 = VERTEX_POINT('',#7368);
#7368 = CARTESIAN_POINT('',(-109.,146.9999984641,0.));
#7369 = LINE('',#7370,#7371);
#7370 = CARTESIAN_POINT('',(-109.,146.9999984641,0.));
#7371 = VECTOR('',#7372,1.);
#7372 = DIRECTION('',(0.,0.,1.));
#7373 = ORIENTED_EDGE('',*,*,#7374,.F.);
#7374 = EDGE_CURVE('',#7343,#7367,#7375,.T.);
#7375 = CIRCLE('',#7376,5.);
#7376 = AXIS2_PLACEMENT_3D('',#7377,#7378,#7379);
#7377 = CARTESIAN_POINT('',(-109.,141.9999984641,0.));
#7378 = DIRECTION('',(0.,0.,1.));
#7379 = DIRECTION('',(1.,0.,0.));
#7380 = CYLINDRICAL_SURFACE('',#7381,5.);
#7381 = AXIS2_PLACEMENT_3D('',#7382,#7383,#7384);
#7382 = CARTESIAN_POINT('',(-109.,141.9999984641,0.));
#7383 = DIRECTION('',(-0.,-0.,-1.));
#7384 = DIRECTION('',(1.,0.,0.));
#7385 = ADVANCED_FACE('',(#7386),#7404,.T.);
#7386 = FACE_BOUND('',#7387,.T.);
#7387 = EDGE_LOOP('',(#7388,#7389,#7390,#7398));
#7388 = ORIENTED_EDGE('',*,*,#7366,.T.);
#7389 = ORIENTED_EDGE('',*,*,#6668,.T.);
#7390 = ORIENTED_EDGE('',*,*,#7391,.F.);
#7391 = EDGE_CURVE('',#7392,#6669,#7394,.T.);
#7392 = VERTEX_POINT('',#7393);
#7393 = CARTESIAN_POINT('',(-129.,146.9999984641,0.));
#7394 = LINE('',#7395,#7396);
#7395 = CARTESIAN_POINT('',(-129.,146.9999984641,0.));
#7396 = VECTOR('',#7397,1.);
#7397 = DIRECTION('',(0.,0.,1.));
#7398 = ORIENTED_EDGE('',*,*,#7399,.F.);
#7399 = EDGE_CURVE('',#7367,#7392,#7400,.T.);
#7400 = LINE('',#7401,#7402);
#7401 = CARTESIAN_POINT('',(-109.,146.9999984641,0.));
#7402 = VECTOR('',#7403,1.);
#7403 = DIRECTION('',(-1.,0.,0.));
#7404 = PLANE('',#7405);
#7405 = AXIS2_PLACEMENT_3D('',#7406,#7407,#7408);
#7406 = CARTESIAN_POINT('',(-109.,146.9999984641,0.));
#7407 = DIRECTION('',(0.,-1.,0.));
#7408 = DIRECTION('',(-1.,0.,0.));
#7409 = ADVANCED_FACE('',(#7410),#7429,.F.);
#7410 = FACE_BOUND('',#7411,.T.);
#7411 = EDGE_LOOP('',(#7412,#7413,#7414,#7422));
#7412 = ORIENTED_EDGE('',*,*,#7391,.T.);
#7413 = ORIENTED_EDGE('',*,*,#6676,.T.);
#7414 = ORIENTED_EDGE('',*,*,#7415,.F.);
#7415 = EDGE_CURVE('',#7416,#6677,#7418,.T.);
#7416 = VERTEX_POINT('',#7417);
#7417 = CARTESIAN_POINT('',(-134.,141.9999984641,0.));
#7418 = LINE('',#7419,#7420);
#7419 = CARTESIAN_POINT('',(-134.,141.9999984641,0.));
#7420 = VECTOR('',#7421,1.);
#7421 = DIRECTION('',(0.,0.,1.));
#7422 = ORIENTED_EDGE('',*,*,#7423,.F.);
#7423 = EDGE_CURVE('',#7392,#7416,#7424,.T.);
#7424 = CIRCLE('',#7425,5.);
#7425 = AXIS2_PLACEMENT_3D('',#7426,#7427,#7428);
#7426 = CARTESIAN_POINT('',(-129.,141.9999984641,0.));
#7427 = DIRECTION('',(0.,0.,1.));
#7428 = DIRECTION('',(1.,0.,0.));
#7429 = CYLINDRICAL_SURFACE('',#7430,5.);
#7430 = AXIS2_PLACEMENT_3D('',#7431,#7432,#7433);
#7431 = CARTESIAN_POINT('',(-129.,141.9999984641,0.));
#7432 = DIRECTION('',(-0.,-0.,-1.));
#7433 = DIRECTION('',(1.,0.,0.));
#7434 = ADVANCED_FACE('',(#7435),#7453,.T.);
#7435 = FACE_BOUND('',#7436,.T.);
#7436 = EDGE_LOOP('',(#7437,#7438,#7439,#7447));
#7437 = ORIENTED_EDGE('',*,*,#7415,.T.);
#7438 = ORIENTED_EDGE('',*,*,#6685,.T.);
#7439 = ORIENTED_EDGE('',*,*,#7440,.F.);
#7440 = EDGE_CURVE('',#7441,#6686,#7443,.T.);
#7441 = VERTEX_POINT('',#7442);
#7442 = CARTESIAN_POINT('',(-134.,51.999998464102,0.));
#7443 = LINE('',#7444,#7445);
#7444 = CARTESIAN_POINT('',(-134.,51.999998464102,0.));
#7445 = VECTOR('',#7446,1.);
#7446 = DIRECTION('',(0.,0.,1.));
#7447 = ORIENTED_EDGE('',*,*,#7448,.F.);
#7448 = EDGE_CURVE('',#7416,#7441,#7449,.T.);
#7449 = LINE('',#7450,#7451);
#7450 = CARTESIAN_POINT('',(-134.,141.9999984641,0.));
#7451 = VECTOR('',#7452,1.);
#7452 = DIRECTION('',(0.,-1.,0.));
#7453 = PLANE('',#7454);
#7454 = AXIS2_PLACEMENT_3D('',#7455,#7456,#7457);
#7455 = CARTESIAN_POINT('',(-134.,141.9999984641,0.));
#7456 = DIRECTION('',(1.,0.,0.));
#7457 = DIRECTION('',(0.,-1.,0.));
#7458 = ADVANCED_FACE('',(#7459),#7478,.F.);
#7459 = FACE_BOUND('',#7460,.T.);
#7460 = EDGE_LOOP('',(#7461,#7462,#7463,#7471));
#7461 = ORIENTED_EDGE('',*,*,#7440,.T.);
#7462 = ORIENTED_EDGE('',*,*,#6693,.T.);
#7463 = ORIENTED_EDGE('',*,*,#7464,.F.);
#7464 = EDGE_CURVE('',#7465,#6694,#7467,.T.);
#7465 = VERTEX_POINT('',#7466);
#7466 = CARTESIAN_POINT('',(-129.,46.999998464102,0.));
#7467 = LINE('',#7468,#7469);
#7468 = CARTESIAN_POINT('',(-129.,46.999998464102,0.));
#7469 = VECTOR('',#7470,1.);
#7470 = DIRECTION('',(0.,0.,1.));
#7471 = ORIENTED_EDGE('',*,*,#7472,.F.);
#7472 = EDGE_CURVE('',#7441,#7465,#7473,.T.);
#7473 = CIRCLE('',#7474,5.);
#7474 = AXIS2_PLACEMENT_3D('',#7475,#7476,#7477);
#7475 = CARTESIAN_POINT('',(-129.,51.999998464102,0.));
#7476 = DIRECTION('',(0.,0.,1.));
#7477 = DIRECTION('',(1.,0.,0.));
#7478 = CYLINDRICAL_SURFACE('',#7479,5.);
#7479 = AXIS2_PLACEMENT_3D('',#7480,#7481,#7482);
#7480 = CARTESIAN_POINT('',(-129.,51.999998464102,0.));
#7481 = DIRECTION('',(-0.,-0.,-1.));
#7482 = DIRECTION('',(1.,0.,0.));
#7483 = ADVANCED_FACE('',(#7484),#7502,.T.);
#7484 = FACE_BOUND('',#7485,.T.);
#7485 = EDGE_LOOP('',(#7486,#7487,#7488,#7496));
#7486 = ORIENTED_EDGE('',*,*,#7464,.T.);
#7487 = ORIENTED_EDGE('',*,*,#6702,.T.);
#7488 = ORIENTED_EDGE('',*,*,#7489,.F.);
#7489 = EDGE_CURVE('',#7490,#6703,#7492,.T.);
#7490 = VERTEX_POINT('',#7491);
#7491 = CARTESIAN_POINT('',(-109.,46.999998464102,0.));
#7492 = LINE('',#7493,#7494);
#7493 = CARTESIAN_POINT('',(-109.,46.999998464102,0.));
#7494 = VECTOR('',#7495,1.);
#7495 = DIRECTION('',(0.,0.,1.));
#7496 = ORIENTED_EDGE('',*,*,#7497,.F.);
#7497 = EDGE_CURVE('',#7465,#7490,#7498,.T.);
#7498 = LINE('',#7499,#7500);
#7499 = CARTESIAN_POINT('',(-129.,46.999998464102,0.));
#7500 = VECTOR('',#7501,1.);
#7501 = DIRECTION('',(1.,0.,0.));
#7502 = PLANE('',#7503);
#7503 = AXIS2_PLACEMENT_3D('',#7504,#7505,#7506);
#7504 = CARTESIAN_POINT('',(-129.,46.999998464102,0.));
#7505 = DIRECTION('',(0.,1.,0.));
#7506 = DIRECTION('',(1.,0.,0.));
#7507 = ADVANCED_FACE('',(#7508),#7520,.F.);
#7508 = FACE_BOUND('',#7509,.T.);
#7509 = EDGE_LOOP('',(#7510,#7511,#7512,#7513));
#7510 = ORIENTED_EDGE('',*,*,#7489,.T.);
#7511 = ORIENTED_EDGE('',*,*,#6710,.T.);
#7512 = ORIENTED_EDGE('',*,*,#7333,.F.);
#7513 = ORIENTED_EDGE('',*,*,#7514,.F.);
#7514 = EDGE_CURVE('',#7490,#7334,#7515,.T.);
#7515 = CIRCLE('',#7516,5.);
#7516 = AXIS2_PLACEMENT_3D('',#7517,#7518,#7519);
#7517 = CARTESIAN_POINT('',(-109.,51.999998464102,0.));
#7518 = DIRECTION('',(0.,0.,1.));
#7519 = DIRECTION('',(1.,0.,0.));
#7520 = CYLINDRICAL_SURFACE('',#7521,5.);
#7521 = AXIS2_PLACEMENT_3D('',#7522,#7523,#7524);
#7522 = CARTESIAN_POINT('',(-109.,51.999998464102,0.));
#7523 = DIRECTION('',(-0.,-0.,-1.));
#7524 = DIRECTION('',(1.,0.,0.));
#7525 = ADVANCED_FACE('',(#7526),#7551,.T.);
#7526 = FACE_BOUND('',#7527,.T.);
#7527 = EDGE_LOOP('',(#7528,#7536,#7537,#7545));
#7528 = ORIENTED_EDGE('',*,*,#7529,.T.);
#7529 = EDGE_CURVE('',#7530,#6720,#7532,.T.);
#7530 = VERTEX_POINT('',#7531);
#7531 = CARTESIAN_POINT('',(-71.,52.000378191104,0.));
#7532 = LINE('',#7533,#7534);
#7533 = CARTESIAN_POINT('',(-71.,52.000378191104,0.));
#7534 = VECTOR('',#7535,1.);
#7535 = DIRECTION('',(0.,0.,1.));
#7536 = ORIENTED_EDGE('',*,*,#6719,.T.);
#7537 = ORIENTED_EDGE('',*,*,#7538,.F.);
#7538 = EDGE_CURVE('',#7539,#6722,#7541,.T.);
#7539 = VERTEX_POINT('',#7540);
#7540 = CARTESIAN_POINT('',(-71.,142.0003781911,0.));
#7541 = LINE('',#7542,#7543);
#7542 = CARTESIAN_POINT('',(-71.,142.0003781911,0.));
#7543 = VECTOR('',#7544,1.);
#7544 = DIRECTION('',(0.,0.,1.));
#7545 = ORIENTED_EDGE('',*,*,#7546,.F.);
#7546 = EDGE_CURVE('',#7530,#7539,#7547,.T.);
#7547 = LINE('',#7548,#7549);
#7548 = CARTESIAN_POINT('',(-71.,52.000378191104,0.));
#7549 = VECTOR('',#7550,1.);
#7550 = DIRECTION('',(0.,1.,0.));
#7551 = PLANE('',#7552);
#7552 = AXIS2_PLACEMENT_3D('',#7553,#7554,#7555);
#7553 = CARTESIAN_POINT('',(-71.,52.000378191104,0.));
#7554 = DIRECTION('',(-1.,0.,0.));
#7555 = DIRECTION('',(0.,1.,0.));
#7556 = ADVANCED_FACE('',(#7557),#7576,.F.);
#7557 = FACE_BOUND('',#7558,.T.);
#7558 = EDGE_LOOP('',(#7559,#7560,#7561,#7569));
#7559 = ORIENTED_EDGE('',*,*,#7538,.T.);
#7560 = ORIENTED_EDGE('',*,*,#6729,.T.);
#7561 = ORIENTED_EDGE('',*,*,#7562,.F.);
#7562 = EDGE_CURVE('',#7563,#6730,#7565,.T.);
#7563 = VERTEX_POINT('',#7564);
#7564 = CARTESIAN_POINT('',(-76.,147.0003781911,0.));
#7565 = LINE('',#7566,#7567);
#7566 = CARTESIAN_POINT('',(-76.,147.0003781911,0.));
#7567 = VECTOR('',#7568,1.);
#7568 = DIRECTION('',(0.,0.,1.));
#7569 = ORIENTED_EDGE('',*,*,#7570,.F.);
#7570 = EDGE_CURVE('',#7539,#7563,#7571,.T.);
#7571 = CIRCLE('',#7572,5.);
#7572 = AXIS2_PLACEMENT_3D('',#7573,#7574,#7575);
#7573 = CARTESIAN_POINT('',(-76.,142.0003781911,0.));
#7574 = DIRECTION('',(0.,0.,1.));
#7575 = DIRECTION('',(1.,0.,0.));
#7576 = CYLINDRICAL_SURFACE('',#7577,5.);
#7577 = AXIS2_PLACEMENT_3D('',#7578,#7579,#7580);
#7578 = CARTESIAN_POINT('',(-76.,142.0003781911,0.));
#7579 = DIRECTION('',(-0.,-0.,-1.));
#7580 = DIRECTION('',(1.,0.,0.));
#7581 = ADVANCED_FACE('',(#7582),#7600,.T.);
#7582 = FACE_BOUND('',#7583,.T.);
#7583 = EDGE_LOOP('',(#7584,#7585,#7586,#7594));
#7584 = ORIENTED_EDGE('',*,*,#7562,.T.);
#7585 = ORIENTED_EDGE('',*,*,#6738,.T.);
#7586 = ORIENTED_EDGE('',*,*,#7587,.F.);
#7587 = EDGE_CURVE('',#7588,#6739,#7590,.T.);
#7588 = VERTEX_POINT('',#7589);
#7589 = CARTESIAN_POINT('',(-96.,147.0003781911,0.));
#7590 = LINE('',#7591,#7592);
#7591 = CARTESIAN_POINT('',(-96.,147.0003781911,0.));
#7592 = VECTOR('',#7593,1.);
#7593 = DIRECTION('',(0.,0.,1.));
#7594 = ORIENTED_EDGE('',*,*,#7595,.F.);
#7595 = EDGE_CURVE('',#7563,#7588,#7596,.T.);
#7596 = LINE('',#7597,#7598);
#7597 = CARTESIAN_POINT('',(-76.,147.0003781911,0.));
#7598 = VECTOR('',#7599,1.);
#7599 = DIRECTION('',(-1.,0.,0.));
#7600 = PLANE('',#7601);
#7601 = AXIS2_PLACEMENT_3D('',#7602,#7603,#7604);
#7602 = CARTESIAN_POINT('',(-76.,147.0003781911,0.));
#7603 = DIRECTION('',(0.,-1.,0.));
#7604 = DIRECTION('',(-1.,0.,0.));
#7605 = ADVANCED_FACE('',(#7606),#7625,.F.);
#7606 = FACE_BOUND('',#7607,.T.);
#7607 = EDGE_LOOP('',(#7608,#7609,#7610,#7618));
#7608 = ORIENTED_EDGE('',*,*,#7587,.T.);
#7609 = ORIENTED_EDGE('',*,*,#6746,.T.);
#7610 = ORIENTED_EDGE('',*,*,#7611,.F.);
#7611 = EDGE_CURVE('',#7612,#6747,#7614,.T.);
#7612 = VERTEX_POINT('',#7613);
#7613 = CARTESIAN_POINT('',(-101.,142.0003781911,0.));
#7614 = LINE('',#7615,#7616);
#7615 = CARTESIAN_POINT('',(-101.,142.0003781911,0.));
#7616 = VECTOR('',#7617,1.);
#7617 = DIRECTION('',(0.,0.,1.));
#7618 = ORIENTED_EDGE('',*,*,#7619,.F.);
#7619 = EDGE_CURVE('',#7588,#7612,#7620,.T.);
#7620 = CIRCLE('',#7621,5.);
#7621 = AXIS2_PLACEMENT_3D('',#7622,#7623,#7624);
#7622 = CARTESIAN_POINT('',(-96.,142.0003781911,0.));
#7623 = DIRECTION('',(0.,0.,1.));
#7624 = DIRECTION('',(1.,0.,0.));
#7625 = CYLINDRICAL_SURFACE('',#7626,5.);
#7626 = AXIS2_PLACEMENT_3D('',#7627,#7628,#7629);
#7627 = CARTESIAN_POINT('',(-96.,142.0003781911,0.));
#7628 = DIRECTION('',(-0.,-0.,-1.));
#7629 = DIRECTION('',(1.,0.,0.));
#7630 = ADVANCED_FACE('',(#7631),#7649,.T.);
#7631 = FACE_BOUND('',#7632,.T.);
#7632 = EDGE_LOOP('',(#7633,#7634,#7635,#7643));
#7633 = ORIENTED_EDGE('',*,*,#7611,.T.);
#7634 = ORIENTED_EDGE('',*,*,#6755,.T.);
#7635 = ORIENTED_EDGE('',*,*,#7636,.F.);
#7636 = EDGE_CURVE('',#7637,#6756,#7639,.T.);
#7637 = VERTEX_POINT('',#7638);
#7638 = CARTESIAN_POINT('',(-101.,52.000378191104,0.));
#7639 = LINE('',#7640,#7641);
#7640 = CARTESIAN_POINT('',(-101.,52.000378191104,0.));
#7641 = VECTOR('',#7642,1.);
#7642 = DIRECTION('',(0.,0.,1.));
#7643 = ORIENTED_EDGE('',*,*,#7644,.F.);
#7644 = EDGE_CURVE('',#7612,#7637,#7645,.T.);
#7645 = LINE('',#7646,#7647);
#7646 = CARTESIAN_POINT('',(-101.,142.0003781911,0.));
#7647 = VECTOR('',#7648,1.);
#7648 = DIRECTION('',(0.,-1.,0.));
#7649 = PLANE('',#7650);
#7650 = AXIS2_PLACEMENT_3D('',#7651,#7652,#7653);
#7651 = CARTESIAN_POINT('',(-101.,142.0003781911,0.));
#7652 = DIRECTION('',(1.,0.,0.));
#7653 = DIRECTION('',(0.,-1.,0.));
#7654 = ADVANCED_FACE('',(#7655),#7674,.F.);
#7655 = FACE_BOUND('',#7656,.T.);
#7656 = EDGE_LOOP('',(#7657,#7658,#7659,#7667));
#7657 = ORIENTED_EDGE('',*,*,#7636,.T.);
#7658 = ORIENTED_EDGE('',*,*,#6763,.T.);
#7659 = ORIENTED_EDGE('',*,*,#7660,.F.);
#7660 = EDGE_CURVE('',#7661,#6764,#7663,.T.);
#7661 = VERTEX_POINT('',#7662);
#7662 = CARTESIAN_POINT('',(-96.,47.000378191104,0.));
#7663 = LINE('',#7664,#7665);
#7664 = CARTESIAN_POINT('',(-96.,47.000378191104,0.));
#7665 = VECTOR('',#7666,1.);
#7666 = DIRECTION('',(0.,0.,1.));
#7667 = ORIENTED_EDGE('',*,*,#7668,.F.);
#7668 = EDGE_CURVE('',#7637,#7661,#7669,.T.);
#7669 = CIRCLE('',#7670,5.);
#7670 = AXIS2_PLACEMENT_3D('',#7671,#7672,#7673);
#7671 = CARTESIAN_POINT('',(-96.,52.000378191104,0.));
#7672 = DIRECTION('',(0.,0.,1.));
#7673 = DIRECTION('',(1.,0.,0.));
#7674 = CYLINDRICAL_SURFACE('',#7675,5.);
#7675 = AXIS2_PLACEMENT_3D('',#7676,#7677,#7678);
#7676 = CARTESIAN_POINT('',(-96.,52.000378191104,0.));
#7677 = DIRECTION('',(-0.,-0.,-1.));
#7678 = DIRECTION('',(1.,0.,0.));
#7679 = ADVANCED_FACE('',(#7680),#7698,.T.);
#7680 = FACE_BOUND('',#7681,.T.);
#7681 = EDGE_LOOP('',(#7682,#7683,#7684,#7692));
#7682 = ORIENTED_EDGE('',*,*,#7660,.T.);
#7683 = ORIENTED_EDGE('',*,*,#6772,.T.);
#7684 = ORIENTED_EDGE('',*,*,#7685,.F.);
#7685 = EDGE_CURVE('',#7686,#6773,#7688,.T.);
#7686 = VERTEX_POINT('',#7687);
#7687 = CARTESIAN_POINT('',(-76.,47.000378191104,0.));
#7688 = LINE('',#7689,#7690);
#7689 = CARTESIAN_POINT('',(-76.,47.000378191104,0.));
#7690 = VECTOR('',#7691,1.);
#7691 = DIRECTION('',(0.,0.,1.));
#7692 = ORIENTED_EDGE('',*,*,#7693,.F.);
#7693 = EDGE_CURVE('',#7661,#7686,#7694,.T.);
#7694 = LINE('',#7695,#7696);
#7695 = CARTESIAN_POINT('',(-96.,47.000378191104,0.));
#7696 = VECTOR('',#7697,1.);
#7697 = DIRECTION('',(1.,0.,0.));
#7698 = PLANE('',#7699);
#7699 = AXIS2_PLACEMENT_3D('',#7700,#7701,#7702);
#7700 = CARTESIAN_POINT('',(-96.,47.000378191104,0.));
#7701 = DIRECTION('',(0.,1.,0.));
#7702 = DIRECTION('',(1.,0.,0.));
#7703 = ADVANCED_FACE('',(#7704),#7716,.F.);
#7704 = FACE_BOUND('',#7705,.T.);
#7705 = EDGE_LOOP('',(#7706,#7707,#7708,#7709));
#7706 = ORIENTED_EDGE('',*,*,#7685,.T.);
#7707 = ORIENTED_EDGE('',*,*,#6780,.T.);
#7708 = ORIENTED_EDGE('',*,*,#7529,.F.);
#7709 = ORIENTED_EDGE('',*,*,#7710,.F.);
#7710 = EDGE_CURVE('',#7686,#7530,#7711,.T.);
#7711 = CIRCLE('',#7712,5.);
#7712 = AXIS2_PLACEMENT_3D('',#7713,#7714,#7715);
#7713 = CARTESIAN_POINT('',(-76.,52.000378191104,0.));
#7714 = DIRECTION('',(0.,0.,1.));
#7715 = DIRECTION('',(1.,0.,0.));
#7716 = CYLINDRICAL_SURFACE('',#7717,5.);
#7717 = AXIS2_PLACEMENT_3D('',#7718,#7719,#7720);
#7718 = CARTESIAN_POINT('',(-76.,52.000378191104,0.));
#7719 = DIRECTION('',(-0.,-0.,-1.));
#7720 = DIRECTION('',(1.,0.,0.));
#7721 = ADVANCED_FACE('',(#7722),#7747,.T.);
#7722 = FACE_BOUND('',#7723,.T.);
#7723 = EDGE_LOOP('',(#7724,#7732,#7733,#7741));
#7724 = ORIENTED_EDGE('',*,*,#7725,.T.);
#7725 = EDGE_CURVE('',#7726,#6790,#7728,.T.);
#7726 = VERTEX_POINT('',#7727);
#7727 = CARTESIAN_POINT('',(-38.,51.999995402092,0.));
#7728 = LINE('',#7729,#7730);
#7729 = CARTESIAN_POINT('',(-38.,51.999995402092,0.));
#7730 = VECTOR('',#7731,1.);
#7731 = DIRECTION('',(0.,0.,1.));
#7732 = ORIENTED_EDGE('',*,*,#6789,.T.);
#7733 = ORIENTED_EDGE('',*,*,#7734,.F.);
#7734 = EDGE_CURVE('',#7735,#6792,#7737,.T.);
#7735 = VERTEX_POINT('',#7736);
#7736 = CARTESIAN_POINT('',(-38.,141.99999540209,0.));
#7737 = LINE('',#7738,#7739);
#7738 = CARTESIAN_POINT('',(-38.,141.99999540209,0.));
#7739 = VECTOR('',#7740,1.);
#7740 = DIRECTION('',(0.,0.,1.));
#7741 = ORIENTED_EDGE('',*,*,#7742,.F.);
#7742 = EDGE_CURVE('',#7726,#7735,#7743,.T.);
#7743 = LINE('',#7744,#7745);
#7744 = CARTESIAN_POINT('',(-38.,51.999995402092,0.));
#7745 = VECTOR('',#7746,1.);
#7746 = DIRECTION('',(0.,1.,0.));
#7747 = PLANE('',#7748);
#7748 = AXIS2_PLACEMENT_3D('',#7749,#7750,#7751);
#7749 = CARTESIAN_POINT('',(-38.,51.999995402092,0.));
#7750 = DIRECTION('',(-1.,0.,0.));
#7751 = DIRECTION('',(0.,1.,0.));
#7752 = ADVANCED_FACE('',(#7753),#7772,.F.);
#7753 = FACE_BOUND('',#7754,.T.);
#7754 = EDGE_LOOP('',(#7755,#7756,#7757,#7765));
#7755 = ORIENTED_EDGE('',*,*,#7734,.T.);
#7756 = ORIENTED_EDGE('',*,*,#6799,.T.);
#7757 = ORIENTED_EDGE('',*,*,#7758,.F.);
#7758 = EDGE_CURVE('',#7759,#6800,#7761,.T.);
#7759 = VERTEX_POINT('',#7760);
#7760 = CARTESIAN_POINT('',(-43.,146.99999540209,0.));
#7761 = LINE('',#7762,#7763);
#7762 = CARTESIAN_POINT('',(-43.,146.99999540209,0.));
#7763 = VECTOR('',#7764,1.);
#7764 = DIRECTION('',(0.,0.,1.));
#7765 = ORIENTED_EDGE('',*,*,#7766,.F.);
#7766 = EDGE_CURVE('',#7735,#7759,#7767,.T.);
#7767 = CIRCLE('',#7768,5.);
#7768 = AXIS2_PLACEMENT_3D('',#7769,#7770,#7771);
#7769 = CARTESIAN_POINT('',(-43.,141.99999540209,0.));
#7770 = DIRECTION('',(0.,0.,1.));
#7771 = DIRECTION('',(1.,0.,0.));
#7772 = CYLINDRICAL_SURFACE('',#7773,5.);
#7773 = AXIS2_PLACEMENT_3D('',#7774,#7775,#7776);
#7774 = CARTESIAN_POINT('',(-43.,141.99999540209,0.));
#7775 = DIRECTION('',(-0.,-0.,-1.));
#7776 = DIRECTION('',(1.,0.,0.));
#7777 = ADVANCED_FACE('',(#7778),#7796,.T.);
#7778 = FACE_BOUND('',#7779,.T.);
#7779 = EDGE_LOOP('',(#7780,#7781,#7782,#7790));
#7780 = ORIENTED_EDGE('',*,*,#7758,.T.);
#7781 = ORIENTED_EDGE('',*,*,#6808,.T.);
#7782 = ORIENTED_EDGE('',*,*,#7783,.F.);
#7783 = EDGE_CURVE('',#7784,#6809,#7786,.T.);
#7784 = VERTEX_POINT('',#7785);
#7785 = CARTESIAN_POINT('',(-63.,146.99999540209,0.));
#7786 = LINE('',#7787,#7788);
#7787 = CARTESIAN_POINT('',(-63.,146.99999540209,0.));
#7788 = VECTOR('',#7789,1.);
#7789 = DIRECTION('',(0.,0.,1.));
#7790 = ORIENTED_EDGE('',*,*,#7791,.F.);
#7791 = EDGE_CURVE('',#7759,#7784,#7792,.T.);
#7792 = LINE('',#7793,#7794);
#7793 = CARTESIAN_POINT('',(-43.,146.99999540209,0.));
#7794 = VECTOR('',#7795,1.);
#7795 = DIRECTION('',(-1.,0.,0.));
#7796 = PLANE('',#7797);
#7797 = AXIS2_PLACEMENT_3D('',#7798,#7799,#7800);
#7798 = CARTESIAN_POINT('',(-43.,146.99999540209,0.));
#7799 = DIRECTION('',(0.,-1.,0.));
#7800 = DIRECTION('',(-1.,0.,0.));
#7801 = ADVANCED_FACE('',(#7802),#7821,.F.);
#7802 = FACE_BOUND('',#7803,.T.);
#7803 = EDGE_LOOP('',(#7804,#7805,#7806,#7814));
#7804 = ORIENTED_EDGE('',*,*,#7783,.T.);
#7805 = ORIENTED_EDGE('',*,*,#6816,.T.);
#7806 = ORIENTED_EDGE('',*,*,#7807,.F.);
#7807 = EDGE_CURVE('',#7808,#6817,#7810,.T.);
#7808 = VERTEX_POINT('',#7809);
#7809 = CARTESIAN_POINT('',(-68.,141.99999540209,0.));
#7810 = LINE('',#7811,#7812);
#7811 = CARTESIAN_POINT('',(-68.,141.99999540209,0.));
#7812 = VECTOR('',#7813,1.);
#7813 = DIRECTION('',(0.,0.,1.));
#7814 = ORIENTED_EDGE('',*,*,#7815,.F.);
#7815 = EDGE_CURVE('',#7784,#7808,#7816,.T.);
#7816 = CIRCLE('',#7817,5.);
#7817 = AXIS2_PLACEMENT_3D('',#7818,#7819,#7820);
#7818 = CARTESIAN_POINT('',(-63.,141.99999540209,0.));
#7819 = DIRECTION('',(0.,0.,1.));
#7820 = DIRECTION('',(1.,0.,0.));
#7821 = CYLINDRICAL_SURFACE('',#7822,5.);
#7822 = AXIS2_PLACEMENT_3D('',#7823,#7824,#7825);
#7823 = CARTESIAN_POINT('',(-63.,141.99999540209,0.));
#7824 = DIRECTION('',(-0.,-0.,-1.));
#7825 = DIRECTION('',(1.,0.,0.));
#7826 = ADVANCED_FACE('',(#7827),#7845,.T.);
#7827 = FACE_BOUND('',#7828,.T.);
#7828 = EDGE_LOOP('',(#7829,#7830,#7831,#7839));
#7829 = ORIENTED_EDGE('',*,*,#7807,.T.);
#7830 = ORIENTED_EDGE('',*,*,#6825,.T.);
#7831 = ORIENTED_EDGE('',*,*,#7832,.F.);
#7832 = EDGE_CURVE('',#7833,#6826,#7835,.T.);
#7833 = VERTEX_POINT('',#7834);
#7834 = CARTESIAN_POINT('',(-68.,51.999995402092,0.));
#7835 = LINE('',#7836,#7837);
#7836 = CARTESIAN_POINT('',(-68.,51.999995402092,0.));
#7837 = VECTOR('',#7838,1.);
#7838 = DIRECTION('',(0.,0.,1.));
#7839 = ORIENTED_EDGE('',*,*,#7840,.F.);
#7840 = EDGE_CURVE('',#7808,#7833,#7841,.T.);
#7841 = LINE('',#7842,#7843);
#7842 = CARTESIAN_POINT('',(-68.,141.99999540209,0.));
#7843 = VECTOR('',#7844,1.);
#7844 = DIRECTION('',(0.,-1.,0.));
#7845 = PLANE('',#7846);
#7846 = AXIS2_PLACEMENT_3D('',#7847,#7848,#7849);
#7847 = CARTESIAN_POINT('',(-68.,141.99999540209,0.));
#7848 = DIRECTION('',(1.,0.,0.));
#7849 = DIRECTION('',(0.,-1.,0.));
#7850 = ADVANCED_FACE('',(#7851),#7870,.F.);
#7851 = FACE_BOUND('',#7852,.T.);
#7852 = EDGE_LOOP('',(#7853,#7854,#7855,#7863));
#7853 = ORIENTED_EDGE('',*,*,#7832,.T.);
#7854 = ORIENTED_EDGE('',*,*,#6833,.T.);
#7855 = ORIENTED_EDGE('',*,*,#7856,.F.);
#7856 = EDGE_CURVE('',#7857,#6834,#7859,.T.);
#7857 = VERTEX_POINT('',#7858);
#7858 = CARTESIAN_POINT('',(-63.,46.999995402092,0.));
#7859 = LINE('',#7860,#7861);
#7860 = CARTESIAN_POINT('',(-63.,46.999995402092,0.));
#7861 = VECTOR('',#7862,1.);
#7862 = DIRECTION('',(0.,0.,1.));
#7863 = ORIENTED_EDGE('',*,*,#7864,.F.);
#7864 = EDGE_CURVE('',#7833,#7857,#7865,.T.);
#7865 = CIRCLE('',#7866,5.);
#7866 = AXIS2_PLACEMENT_3D('',#7867,#7868,#7869);
#7867 = CARTESIAN_POINT('',(-63.,51.999995402092,0.));
#7868 = DIRECTION('',(0.,0.,1.));
#7869 = DIRECTION('',(1.,0.,0.));
#7870 = CYLINDRICAL_SURFACE('',#7871,5.);
#7871 = AXIS2_PLACEMENT_3D('',#7872,#7873,#7874);
#7872 = CARTESIAN_POINT('',(-63.,51.999995402092,0.));
#7873 = DIRECTION('',(-0.,-0.,-1.));
#7874 = DIRECTION('',(1.,0.,0.));
#7875 = ADVANCED_FACE('',(#7876),#7894,.T.);
#7876 = FACE_BOUND('',#7877,.T.);
#7877 = EDGE_LOOP('',(#7878,#7879,#7880,#7888));
#7878 = ORIENTED_EDGE('',*,*,#7856,.T.);
#7879 = ORIENTED_EDGE('',*,*,#6842,.T.);
#7880 = ORIENTED_EDGE('',*,*,#7881,.F.);
#7881 = EDGE_CURVE('',#7882,#6843,#7884,.T.);
#7882 = VERTEX_POINT('',#7883);
#7883 = CARTESIAN_POINT('',(-43.,46.999995402092,0.));
#7884 = LINE('',#7885,#7886);
#7885 = CARTESIAN_POINT('',(-43.,46.999995402092,0.));
#7886 = VECTOR('',#7887,1.);
#7887 = DIRECTION('',(0.,0.,1.));
#7888 = ORIENTED_EDGE('',*,*,#7889,.F.);
#7889 = EDGE_CURVE('',#7857,#7882,#7890,.T.);
#7890 = LINE('',#7891,#7892);
#7891 = CARTESIAN_POINT('',(-63.,46.999995402092,0.));
#7892 = VECTOR('',#7893,1.);
#7893 = DIRECTION('',(1.,0.,0.));
#7894 = PLANE('',#7895);
#7895 = AXIS2_PLACEMENT_3D('',#7896,#7897,#7898);
#7896 = CARTESIAN_POINT('',(-63.,46.999995402092,0.));
#7897 = DIRECTION('',(0.,1.,0.));
#7898 = DIRECTION('',(1.,0.,0.));
#7899 = ADVANCED_FACE('',(#7900),#7912,.F.);
#7900 = FACE_BOUND('',#7901,.T.);
#7901 = EDGE_LOOP('',(#7902,#7903,#7904,#7905));
#7902 = ORIENTED_EDGE('',*,*,#7881,.T.);
#7903 = ORIENTED_EDGE('',*,*,#6850,.T.);
#7904 = ORIENTED_EDGE('',*,*,#7725,.F.);
#7905 = ORIENTED_EDGE('',*,*,#7906,.F.);
#7906 = EDGE_CURVE('',#7882,#7726,#7907,.T.);
#7907 = CIRCLE('',#7908,5.);
#7908 = AXIS2_PLACEMENT_3D('',#7909,#7910,#7911);
#7909 = CARTESIAN_POINT('',(-43.,51.999995402092,0.));
#7910 = DIRECTION('',(0.,0.,1.));
#7911 = DIRECTION('',(1.,0.,0.));
#7912 = CYLINDRICAL_SURFACE('',#7913,5.);
#7913 = AXIS2_PLACEMENT_3D('',#7914,#7915,#7916);
#7914 = CARTESIAN_POINT('',(-43.,51.999995402092,0.));
#7915 = DIRECTION('',(-0.,-0.,-1.));
#7916 = DIRECTION('',(1.,0.,0.));
#7917 = ADVANCED_FACE('',(#7918),#7943,.T.);
#7918 = FACE_BOUND('',#7919,.T.);
#7919 = EDGE_LOOP('',(#7920,#7928,#7929,#7937));
#7920 = ORIENTED_EDGE('',*,*,#7921,.T.);
#7921 = EDGE_CURVE('',#7922,#6860,#7924,.T.);
#7922 = VERTEX_POINT('',#7923);
#7923 = CARTESIAN_POINT('',(-167.,44.,0.));
#7924 = LINE('',#7925,#7926);
#7925 = CARTESIAN_POINT('',(-167.,44.,0.));
#7926 = VECTOR('',#7927,1.);
#7927 = DIRECTION('',(0.,0.,1.));
#7928 = ORIENTED_EDGE('',*,*,#6859,.T.);
#7929 = ORIENTED_EDGE('',*,*,#7930,.F.);
#7930 = EDGE_CURVE('',#7931,#6862,#7933,.T.);
#7931 = VERTEX_POINT('',#7932);
#7932 = CARTESIAN_POINT('',(-167.,3.,0.));
#7933 = LINE('',#7934,#7935);
#7934 = CARTESIAN_POINT('',(-167.,3.,0.));
#7935 = VECTOR('',#7936,1.);
#7936 = DIRECTION('',(0.,0.,1.));
#7937 = ORIENTED_EDGE('',*,*,#7938,.F.);
#7938 = EDGE_CURVE('',#7922,#7931,#7939,.T.);
#7939 = LINE('',#7940,#7941);
#7940 = CARTESIAN_POINT('',(-167.,44.,0.));
#7941 = VECTOR('',#7942,1.);
#7942 = DIRECTION('',(0.,-1.,0.));
#7943 = PLANE('',#7944);
#7944 = AXIS2_PLACEMENT_3D('',#7945,#7946,#7947);
#7945 = CARTESIAN_POINT('',(-167.,44.,0.));
#7946 = DIRECTION('',(1.,0.,0.));
#7947 = DIRECTION('',(0.,-1.,0.));
#7948 = ADVANCED_FACE('',(#7949),#7967,.T.);
#7949 = FACE_BOUND('',#7950,.T.);
#7950 = EDGE_LOOP('',(#7951,#7952,#7953,#7961));
#7951 = ORIENTED_EDGE('',*,*,#7930,.T.);
#7952 = ORIENTED_EDGE('',*,*,#6869,.T.);
#7953 = ORIENTED_EDGE('',*,*,#7954,.F.);
#7954 = EDGE_CURVE('',#7955,#6870,#7957,.T.);
#7955 = VERTEX_POINT('',#7956);
#7956 = CARTESIAN_POINT('',(-120.1315,3.,0.));
#7957 = LINE('',#7958,#7959);
#7958 = CARTESIAN_POINT('',(-120.1315,3.,0.));
#7959 = VECTOR('',#7960,1.);
#7960 = DIRECTION('',(0.,0.,1.));
#7961 = ORIENTED_EDGE('',*,*,#7962,.F.);
#7962 = EDGE_CURVE('',#7931,#7955,#7963,.T.);
#7963 = LINE('',#7964,#7965);
#7964 = CARTESIAN_POINT('',(-167.,3.,0.));
#7965 = VECTOR('',#7966,1.);
#7966 = DIRECTION('',(1.,0.,0.));
#7967 = PLANE('',#7968);
#7968 = AXIS2_PLACEMENT_3D('',#7969,#7970,#7971);
#7969 = CARTESIAN_POINT('',(-167.,3.,0.));
#7970 = DIRECTION('',(0.,1.,0.));
#7971 = DIRECTION('',(1.,0.,0.));
#7972 = ADVANCED_FACE('',(#7973),#7991,.F.);
#7973 = FACE_BOUND('',#7974,.F.);
#7974 = EDGE_LOOP('',(#7975,#7983,#7984,#7985));
#7975 = ORIENTED_EDGE('',*,*,#7976,.T.);
#7976 = EDGE_CURVE('',#7977,#6878,#7979,.T.);
#7977 = VERTEX_POINT('',#7978);
#7978 = CARTESIAN_POINT('',(-120.1315,44.,0.));
#7979 = LINE('',#7980,#7981);
#7980 = CARTESIAN_POINT('',(-120.1315,44.,0.));
#7981 = VECTOR('',#7982,1.);
#7982 = DIRECTION('',(0.,0.,1.));
#7983 = ORIENTED_EDGE('',*,*,#6877,.T.);
#7984 = ORIENTED_EDGE('',*,*,#7954,.F.);
#7985 = ORIENTED_EDGE('',*,*,#7986,.F.);
#7986 = EDGE_CURVE('',#7977,#7955,#7987,.T.);
#7987 = LINE('',#7988,#7989);
#7988 = CARTESIAN_POINT('',(-120.1315,44.,0.));
#7989 = VECTOR('',#7990,1.);
#7990 = DIRECTION('',(0.,-1.,0.));
#7991 = PLANE('',#7992);
#7992 = AXIS2_PLACEMENT_3D('',#7993,#7994,#7995);
#7993 = CARTESIAN_POINT('',(-120.1315,44.,0.));
#7994 = DIRECTION('',(1.,0.,0.));
#7995 = DIRECTION('',(0.,-1.,0.));
#7996 = ADVANCED_FACE('',(#7997),#8008,.T.);
#7997 = FACE_BOUND('',#7998,.T.);
#7998 = EDGE_LOOP('',(#7999,#8000,#8001,#8002));
#7999 = ORIENTED_EDGE('',*,*,#7976,.T.);
#8000 = ORIENTED_EDGE('',*,*,#6885,.T.);
#8001 = ORIENTED_EDGE('',*,*,#7921,.F.);
#8002 = ORIENTED_EDGE('',*,*,#8003,.F.);
#8003 = EDGE_CURVE('',#7977,#7922,#8004,.T.);
#8004 = LINE('',#8005,#8006);
#8005 = CARTESIAN_POINT('',(-120.1315,44.,0.));
#8006 = VECTOR('',#8007,1.);
#8007 = DIRECTION('',(-1.,0.,0.));
#8008 = PLANE('',#8009);
#8009 = AXIS2_PLACEMENT_3D('',#8010,#8011,#8012);
#8010 = CARTESIAN_POINT('',(-120.1315,44.,0.));
#8011 = DIRECTION('',(0.,-1.,0.));
#8012 = DIRECTION('',(-1.,0.,0.));
#8013 = ADVANCED_FACE('',(#8014),#8039,.T.);
#8014 = FACE_BOUND('',#8015,.T.);
#8015 = EDGE_LOOP('',(#8016,#8024,#8025,#8033));
#8016 = ORIENTED_EDGE('',*,*,#8017,.T.);
#8017 = EDGE_CURVE('',#8018,#6894,#8020,.T.);
#8018 = VERTEX_POINT('',#8019);
#8019 = CARTESIAN_POINT('',(-3.,2.89996,0.));
#8020 = LINE('',#8021,#8022);
#8021 = CARTESIAN_POINT('',(-3.,2.89996,0.));
#8022 = VECTOR('',#8023,1.);
#8023 = DIRECTION('',(0.,0.,1.));
#8024 = ORIENTED_EDGE('',*,*,#6893,.T.);
#8025 = ORIENTED_EDGE('',*,*,#8026,.F.);
#8026 = EDGE_CURVE('',#8027,#6896,#8029,.T.);
#8027 = VERTEX_POINT('',#8028);
#8028 = CARTESIAN_POINT('',(-3.,44.,0.));
#8029 = LINE('',#8030,#8031);
#8030 = CARTESIAN_POINT('',(-3.,44.,0.));
#8031 = VECTOR('',#8032,1.);
#8032 = DIRECTION('',(0.,0.,1.));
#8033 = ORIENTED_EDGE('',*,*,#8034,.F.);
#8034 = EDGE_CURVE('',#8018,#8027,#8035,.T.);
#8035 = LINE('',#8036,#8037);
#8036 = CARTESIAN_POINT('',(-3.,2.89996,0.));
#8037 = VECTOR('',#8038,1.);
#8038 = DIRECTION('',(0.,1.,0.));
#8039 = PLANE('',#8040);
#8040 = AXIS2_PLACEMENT_3D('',#8041,#8042,#8043);
#8041 = CARTESIAN_POINT('',(-3.,2.89996,0.));
#8042 = DIRECTION('',(-1.,0.,0.));
#8043 = DIRECTION('',(0.,1.,0.));
#8044 = ADVANCED_FACE('',(#8045),#8063,.T.);
#8045 = FACE_BOUND('',#8046,.T.);
#8046 = EDGE_LOOP('',(#8047,#8048,#8049,#8057));
#8047 = ORIENTED_EDGE('',*,*,#8026,.T.);
#8048 = ORIENTED_EDGE('',*,*,#6903,.T.);
#8049 = ORIENTED_EDGE('',*,*,#8050,.F.);
#8050 = EDGE_CURVE('',#8051,#6904,#8053,.T.);
#8051 = VERTEX_POINT('',#8052);
#8052 = CARTESIAN_POINT('',(-41.895123,44.,0.));
#8053 = LINE('',#8054,#8055);
#8054 = CARTESIAN_POINT('',(-41.895123,44.,0.));
#8055 = VECTOR('',#8056,1.);
#8056 = DIRECTION('',(0.,0.,1.));
#8057 = ORIENTED_EDGE('',*,*,#8058,.F.);
#8058 = EDGE_CURVE('',#8027,#8051,#8059,.T.);
#8059 = LINE('',#8060,#8061);
#8060 = CARTESIAN_POINT('',(-3.,44.,0.));
#8061 = VECTOR('',#8062,1.);
#8062 = DIRECTION('',(-1.,0.,0.));
#8063 = PLANE('',#8064);
#8064 = AXIS2_PLACEMENT_3D('',#8065,#8066,#8067);
#8065 = CARTESIAN_POINT('',(-3.,44.,0.));
#8066 = DIRECTION('',(0.,-1.,0.));
#8067 = DIRECTION('',(-1.,0.,0.));
#8068 = ADVANCED_FACE('',(#8069),#8087,.T.);
#8069 = FACE_BOUND('',#8070,.T.);
#8070 = EDGE_LOOP('',(#8071,#8072,#8073,#8081));
#8071 = ORIENTED_EDGE('',*,*,#8050,.T.);
#8072 = ORIENTED_EDGE('',*,*,#6911,.T.);
#8073 = ORIENTED_EDGE('',*,*,#8074,.F.);
#8074 = EDGE_CURVE('',#8075,#6912,#8077,.T.);
#8075 = VERTEX_POINT('',#8076);
#8076 = CARTESIAN_POINT('',(-41.895123,2.89996,0.));
#8077 = LINE('',#8078,#8079);
#8078 = CARTESIAN_POINT('',(-41.895123,2.89996,0.));
#8079 = VECTOR('',#8080,1.);
#8080 = DIRECTION('',(0.,0.,1.));
#8081 = ORIENTED_EDGE('',*,*,#8082,.F.);
#8082 = EDGE_CURVE('',#8051,#8075,#8083,.T.);
#8083 = LINE('',#8084,#8085);
#8084 = CARTESIAN_POINT('',(-41.895123,44.,0.));
#8085 = VECTOR('',#8086,1.);
#8086 = DIRECTION('',(0.,-1.,0.));
#8087 = PLANE('',#8088);
#8088 = AXIS2_PLACEMENT_3D('',#8089,#8090,#8091);
#8089 = CARTESIAN_POINT('',(-41.895123,44.,0.));
#8090 = DIRECTION('',(1.,0.,0.));
#8091 = DIRECTION('',(0.,-1.,0.));
#8092 = ADVANCED_FACE('',(#8093),#8104,.T.);
#8093 = FACE_BOUND('',#8094,.T.);
#8094 = EDGE_LOOP('',(#8095,#8096,#8097,#8098));
#8095 = ORIENTED_EDGE('',*,*,#8074,.T.);
#8096 = ORIENTED_EDGE('',*,*,#6919,.T.);
#8097 = ORIENTED_EDGE('',*,*,#8017,.F.);
#8098 = ORIENTED_EDGE('',*,*,#8099,.F.);
#8099 = EDGE_CURVE('',#8075,#8018,#8100,.T.);
#8100 = LINE('',#8101,#8102);
#8101 = CARTESIAN_POINT('',(-41.895123,2.89996,0.));
#8102 = VECTOR('',#8103,1.);
#8103 = DIRECTION('',(1.,0.,0.));
#8104 = PLANE('',#8105);
#8105 = AXIS2_PLACEMENT_3D('',#8106,#8107,#8108);
#8106 = CARTESIAN_POINT('',(-41.895123,2.89996,0.));
#8107 = DIRECTION('',(0.,1.,0.));
#8108 = DIRECTION('',(1.,0.,0.));
#8109 = ADVANCED_FACE('',(#8110),#8135,.F.);
#8110 = FACE_BOUND('',#8111,.F.);
#8111 = EDGE_LOOP('',(#8112,#8120,#8121,#8129));
#8112 = ORIENTED_EDGE('',*,*,#8113,.T.);
#8113 = EDGE_CURVE('',#8114,#6928,#8116,.T.);
#8114 = VERTEX_POINT('',#8115);
#8115 = CARTESIAN_POINT('',(-44.23278,44.,0.));
#8116 = LINE('',#8117,#8118);
#8117 = CARTESIAN_POINT('',(-44.23278,44.,0.));
#8118 = VECTOR('',#8119,1.);
#8119 = DIRECTION('',(0.,0.,1.));
#8120 = ORIENTED_EDGE('',*,*,#6927,.T.);
#8121 = ORIENTED_EDGE('',*,*,#8122,.F.);
#8122 = EDGE_CURVE('',#8123,#6930,#8125,.T.);
#8123 = VERTEX_POINT('',#8124);
#8124 = CARTESIAN_POINT('',(-44.23278,2.89996,0.));
#8125 = LINE('',#8126,#8127);
#8126 = CARTESIAN_POINT('',(-44.23278,2.89996,0.));
#8127 = VECTOR('',#8128,1.);
#8128 = DIRECTION('',(0.,0.,1.));
#8129 = ORIENTED_EDGE('',*,*,#8130,.F.);
#8130 = EDGE_CURVE('',#8114,#8123,#8131,.T.);
#8131 = LINE('',#8132,#8133);
#8132 = CARTESIAN_POINT('',(-44.23278,44.,0.));
#8133 = VECTOR('',#8134,1.);
#8134 = DIRECTION('',(0.,-1.,0.));
#8135 = PLANE('',#8136);
#8136 = AXIS2_PLACEMENT_3D('',#8137,#8138,#8139);
#8137 = CARTESIAN_POINT('',(-44.23278,44.,0.));
#8138 = DIRECTION('',(1.,0.,0.));
#8139 = DIRECTION('',(0.,-1.,0.));
#8140 = ADVANCED_FACE('',(#8141),#8159,.T.);
#8141 = FACE_BOUND('',#8142,.T.);
#8142 = EDGE_LOOP('',(#8143,#8151,#8152,#8153));
#8143 = ORIENTED_EDGE('',*,*,#8144,.T.);
#8144 = EDGE_CURVE('',#8145,#6938,#8147,.T.);
#8145 = VERTEX_POINT('',#8146);
#8146 = CARTESIAN_POINT('',(-82.578094,2.89996,0.));
#8147 = LINE('',#8148,#8149);
#8148 = CARTESIAN_POINT('',(-82.578094,2.89996,0.));
#8149 = VECTOR('',#8150,1.);
#8150 = DIRECTION('',(0.,0.,1.));
#8151 = ORIENTED_EDGE('',*,*,#6937,.T.);
#8152 = ORIENTED_EDGE('',*,*,#8122,.F.);
#8153 = ORIENTED_EDGE('',*,*,#8154,.F.);
#8154 = EDGE_CURVE('',#8145,#8123,#8155,.T.);
#8155 = LINE('',#8156,#8157);
#8156 = CARTESIAN_POINT('',(-82.578094,2.89996,0.));
#8157 = VECTOR('',#8158,1.);
#8158 = DIRECTION('',(1.,0.,0.));
#8159 = PLANE('',#8160);
#8160 = AXIS2_PLACEMENT_3D('',#8161,#8162,#8163);
#8161 = CARTESIAN_POINT('',(-82.578094,2.89996,0.));
#8162 = DIRECTION('',(0.,1.,0.));
#8163 = DIRECTION('',(1.,0.,0.));
#8164 = ADVANCED_FACE('',(#8165),#8183,.T.);
#8165 = FACE_BOUND('',#8166,.T.);
#8166 = EDGE_LOOP('',(#8167,#8175,#8176,#8177));
#8167 = ORIENTED_EDGE('',*,*,#8168,.T.);
#8168 = EDGE_CURVE('',#8169,#6946,#8171,.T.);
#8169 = VERTEX_POINT('',#8170);
#8170 = CARTESIAN_POINT('',(-82.578094,44.,0.));
#8171 = LINE('',#8172,#8173);
#8172 = CARTESIAN_POINT('',(-82.578094,44.,0.));
#8173 = VECTOR('',#8174,1.);
#8174 = DIRECTION('',(0.,0.,1.));
#8175 = ORIENTED_EDGE('',*,*,#6945,.T.);
#8176 = ORIENTED_EDGE('',*,*,#8144,.F.);
#8177 = ORIENTED_EDGE('',*,*,#8178,.F.);
#8178 = EDGE_CURVE('',#8169,#8145,#8179,.T.);
#8179 = LINE('',#8180,#8181);
#8180 = CARTESIAN_POINT('',(-82.578094,44.,0.));
#8181 = VECTOR('',#8182,1.);
#8182 = DIRECTION('',(0.,-1.,0.));
#8183 = PLANE('',#8184);
#8184 = AXIS2_PLACEMENT_3D('',#8185,#8186,#8187);
#8185 = CARTESIAN_POINT('',(-82.578094,44.,0.));
#8186 = DIRECTION('',(1.,0.,0.));
#8187 = DIRECTION('',(0.,-1.,0.));
#8188 = ADVANCED_FACE('',(#8189),#8200,.T.);
#8189 = FACE_BOUND('',#8190,.T.);
#8190 = EDGE_LOOP('',(#8191,#8192,#8193,#8194));
#8191 = ORIENTED_EDGE('',*,*,#8113,.T.);
#8192 = ORIENTED_EDGE('',*,*,#6953,.T.);
#8193 = ORIENTED_EDGE('',*,*,#8168,.F.);
#8194 = ORIENTED_EDGE('',*,*,#8195,.F.);
#8195 = EDGE_CURVE('',#8114,#8169,#8196,.T.);
#8196 = LINE('',#8197,#8198);
#8197 = CARTESIAN_POINT('',(-44.23278,44.,0.));
#8198 = VECTOR('',#8199,1.);
#8199 = DIRECTION('',(-1.,0.,0.));
#8200 = PLANE('',#8201);
#8201 = AXIS2_PLACEMENT_3D('',#8202,#8203,#8204);
#8202 = CARTESIAN_POINT('',(-44.23278,44.,0.));
#8203 = DIRECTION('',(0.,-1.,0.));
#8204 = DIRECTION('',(-1.,0.,0.));
#8205 = ADVANCED_FACE('',(#8206),#8231,.F.);
#8206 = FACE_BOUND('',#8207,.F.);
#8207 = EDGE_LOOP('',(#8208,#8216,#8217,#8225));
#8208 = ORIENTED_EDGE('',*,*,#8209,.T.);
#8209 = EDGE_CURVE('',#8210,#6962,#8212,.T.);
#8210 = VERTEX_POINT('',#8211);
#8211 = CARTESIAN_POINT('',(-85.,44.,0.));
#8212 = LINE('',#8213,#8214);
#8213 = CARTESIAN_POINT('',(-85.,44.,0.));
#8214 = VECTOR('',#8215,1.);
#8215 = DIRECTION('',(0.,0.,1.));
#8216 = ORIENTED_EDGE('',*,*,#6961,.T.);
#8217 = ORIENTED_EDGE('',*,*,#8218,.F.);
#8218 = EDGE_CURVE('',#8219,#6964,#8221,.T.);
#8219 = VERTEX_POINT('',#8220);
#8220 = CARTESIAN_POINT('',(-85.,2.89996,0.));
#8221 = LINE('',#8222,#8223);
#8222 = CARTESIAN_POINT('',(-85.,2.89996,0.));
#8223 = VECTOR('',#8224,1.);
#8224 = DIRECTION('',(0.,0.,1.));
#8225 = ORIENTED_EDGE('',*,*,#8226,.F.);
#8226 = EDGE_CURVE('',#8210,#8219,#8227,.T.);
#8227 = LINE('',#8228,#8229);
#8228 = CARTESIAN_POINT('',(-85.,44.,0.));
#8229 = VECTOR('',#8230,1.);
#8230 = DIRECTION('',(0.,-1.,0.));
#8231 = PLANE('',#8232);
#8232 = AXIS2_PLACEMENT_3D('',#8233,#8234,#8235);
#8233 = CARTESIAN_POINT('',(-85.,44.,0.));
#8234 = DIRECTION('',(1.,0.,0.));
#8235 = DIRECTION('',(0.,-1.,0.));
#8236 = ADVANCED_FACE('',(#8237),#8255,.T.);
#8237 = FACE_BOUND('',#8238,.T.);
#8238 = EDGE_LOOP('',(#8239,#8247,#8248,#8249));
#8239 = ORIENTED_EDGE('',*,*,#8240,.T.);
#8240 = EDGE_CURVE('',#8241,#6972,#8243,.T.);
#8241 = VERTEX_POINT('',#8242);
#8242 = CARTESIAN_POINT('',(-117.943893,2.89996,0.));
#8243 = LINE('',#8244,#8245);
#8244 = CARTESIAN_POINT('',(-117.943893,2.89996,0.));
#8245 = VECTOR('',#8246,1.);
#8246 = DIRECTION('',(0.,0.,1.));
#8247 = ORIENTED_EDGE('',*,*,#6971,.T.);
#8248 = ORIENTED_EDGE('',*,*,#8218,.F.);
#8249 = ORIENTED_EDGE('',*,*,#8250,.F.);
#8250 = EDGE_CURVE('',#8241,#8219,#8251,.T.);
#8251 = LINE('',#8252,#8253);
#8252 = CARTESIAN_POINT('',(-117.943893,2.89996,0.));
#8253 = VECTOR('',#8254,1.);
#8254 = DIRECTION('',(1.,0.,0.));
#8255 = PLANE('',#8256);
#8256 = AXIS2_PLACEMENT_3D('',#8257,#8258,#8259);
#8257 = CARTESIAN_POINT('',(-117.943893,2.89996,0.));
#8258 = DIRECTION('',(0.,1.,0.));
#8259 = DIRECTION('',(1.,0.,0.));
#8260 = ADVANCED_FACE('',(#8261),#8279,.T.);
#8261 = FACE_BOUND('',#8262,.T.);
#8262 = EDGE_LOOP('',(#8263,#8271,#8272,#8273));
#8263 = ORIENTED_EDGE('',*,*,#8264,.T.);
#8264 = EDGE_CURVE('',#8265,#6980,#8267,.T.);
#8265 = VERTEX_POINT('',#8266);
#8266 = CARTESIAN_POINT('',(-117.943893,44.,0.));
#8267 = LINE('',#8268,#8269);
#8268 = CARTESIAN_POINT('',(-117.943893,44.,0.));
#8269 = VECTOR('',#8270,1.);
#8270 = DIRECTION('',(0.,0.,1.));
#8271 = ORIENTED_EDGE('',*,*,#6979,.T.);
#8272 = ORIENTED_EDGE('',*,*,#8240,.F.);
#8273 = ORIENTED_EDGE('',*,*,#8274,.F.);
#8274 = EDGE_CURVE('',#8265,#8241,#8275,.T.);
#8275 = LINE('',#8276,#8277);
#8276 = CARTESIAN_POINT('',(-117.943893,44.,0.));
#8277 = VECTOR('',#8278,1.);
#8278 = DIRECTION('',(0.,-1.,0.));
#8279 = PLANE('',#8280);
#8280 = AXIS2_PLACEMENT_3D('',#8281,#8282,#8283);
#8281 = CARTESIAN_POINT('',(-117.943893,44.,0.));
#8282 = DIRECTION('',(1.,0.,0.));
#8283 = DIRECTION('',(0.,-1.,0.));
#8284 = ADVANCED_FACE('',(#8285),#8296,.T.);
#8285 = FACE_BOUND('',#8286,.T.);
#8286 = EDGE_LOOP('',(#8287,#8288,#8289,#8290));
#8287 = ORIENTED_EDGE('',*,*,#8209,.T.);
#8288 = ORIENTED_EDGE('',*,*,#6987,.T.);
#8289 = ORIENTED_EDGE('',*,*,#8264,.F.);
#8290 = ORIENTED_EDGE('',*,*,#8291,.F.);
#8291 = EDGE_CURVE('',#8210,#8265,#8292,.T.);
#8292 = LINE('',#8293,#8294);
#8293 = CARTESIAN_POINT('',(-85.,44.,0.));
#8294 = VECTOR('',#8295,1.);
#8295 = DIRECTION('',(-1.,0.,0.));
#8296 = PLANE('',#8297);
#8297 = AXIS2_PLACEMENT_3D('',#8298,#8299,#8300);
#8298 = CARTESIAN_POINT('',(-85.,44.,0.));
#8299 = DIRECTION('',(0.,-1.,0.));
#8300 = DIRECTION('',(-1.,0.,0.));
#8301 = ADVANCED_FACE('',(#8302),#8327,.T.);
#8302 = FACE_BOUND('',#8303,.T.);
#8303 = EDGE_LOOP('',(#8304,#8312,#8313,#8321));
#8304 = ORIENTED_EDGE('',*,*,#8305,.T.);
#8305 = EDGE_CURVE('',#8306,#6996,#8308,.T.);
#8306 = VERTEX_POINT('',#8307);
#8307 = CARTESIAN_POINT('',(-35.,72.562552,0.));
#8308 = LINE('',#8309,#8310);
#8309 = CARTESIAN_POINT('',(-35.,72.562552,0.));
#8310 = VECTOR('',#8311,1.);
#8311 = DIRECTION('',(0.,0.,1.));
#8312 = ORIENTED_EDGE('',*,*,#6995,.T.);
#8313 = ORIENTED_EDGE('',*,*,#8314,.F.);
#8314 = EDGE_CURVE('',#8315,#6998,#8317,.T.);
#8315 = VERTEX_POINT('',#8316);
#8316 = CARTESIAN_POINT('',(-35.,47.,0.));
#8317 = LINE('',#8318,#8319);
#8318 = CARTESIAN_POINT('',(-35.,47.,0.));
#8319 = VECTOR('',#8320,1.);
#8320 = DIRECTION('',(0.,0.,1.));
#8321 = ORIENTED_EDGE('',*,*,#8322,.F.);
#8322 = EDGE_CURVE('',#8306,#8315,#8323,.T.);
#8323 = LINE('',#8324,#8325);
#8324 = CARTESIAN_POINT('',(-35.,72.562552,0.));
#8325 = VECTOR('',#8326,1.);
#8326 = DIRECTION('',(0.,-1.,0.));
#8327 = PLANE('',#8328);
#8328 = AXIS2_PLACEMENT_3D('',#8329,#8330,#8331);
#8329 = CARTESIAN_POINT('',(-35.,59.781276,35.));
#8330 = DIRECTION('',(1.,0.,0.));
#8331 = DIRECTION('',(0.,0.,1.));
#8332 = ADVANCED_FACE('',(#8333),#8351,.T.);
#8333 = FACE_BOUND('',#8334,.T.);
#8334 = EDGE_LOOP('',(#8335,#8336,#8337,#8345));
#8335 = ORIENTED_EDGE('',*,*,#8314,.T.);
#8336 = ORIENTED_EDGE('',*,*,#7005,.T.);
#8337 = ORIENTED_EDGE('',*,*,#8338,.F.);
#8338 = EDGE_CURVE('',#8339,#7006,#8341,.T.);
#8339 = VERTEX_POINT('',#8340);
#8340 = CARTESIAN_POINT('',(-3.,47.,0.));
#8341 = LINE('',#8342,#8343);
#8342 = CARTESIAN_POINT('',(-3.,47.,0.));
#8343 = VECTOR('',#8344,1.);
#8344 = DIRECTION('',(0.,0.,1.));
#8345 = ORIENTED_EDGE('',*,*,#8346,.F.);
#8346 = EDGE_CURVE('',#8315,#8339,#8347,.T.);
#8347 = LINE('',#8348,#8349);
#8348 = CARTESIAN_POINT('',(-35.,47.,0.));
#8349 = VECTOR('',#8350,1.);
#8350 = DIRECTION('',(1.,0.,0.));
#8351 = PLANE('',#8352);
#8352 = AXIS2_PLACEMENT_3D('',#8353,#8354,#8355);
#8353 = CARTESIAN_POINT('',(-35.,47.,0.));
#8354 = DIRECTION('',(0.,1.,0.));
#8355 = DIRECTION('',(1.,0.,0.));
#8356 = ADVANCED_FACE('',(#8357),#8375,.T.);
#8357 = FACE_BOUND('',#8358,.T.);
#8358 = EDGE_LOOP('',(#8359,#8360,#8361,#8369));
#8359 = ORIENTED_EDGE('',*,*,#8338,.T.);
#8360 = ORIENTED_EDGE('',*,*,#7013,.T.);
#8361 = ORIENTED_EDGE('',*,*,#8362,.F.);
#8362 = EDGE_CURVE('',#8363,#7014,#8365,.T.);
#8363 = VERTEX_POINT('',#8364);
#8364 = CARTESIAN_POINT('',(-3.,72.562552,0.));
#8365 = LINE('',#8366,#8367);
#8366 = CARTESIAN_POINT('',(-3.,72.562552,0.));
#8367 = VECTOR('',#8368,1.);
#8368 = DIRECTION('',(0.,0.,1.));
#8369 = ORIENTED_EDGE('',*,*,#8370,.F.);
#8370 = EDGE_CURVE('',#8339,#8363,#8371,.T.);
#8371 = LINE('',#8372,#8373);
#8372 = CARTESIAN_POINT('',(-3.,47.,0.));
#8373 = VECTOR('',#8374,1.);
#8374 = DIRECTION('',(0.,1.,0.));
#8375 = PLANE('',#8376);
#8376 = AXIS2_PLACEMENT_3D('',#8377,#8378,#8379);
#8377 = CARTESIAN_POINT('',(-3.,59.781276,35.));
#8378 = DIRECTION('',(-1.,-0.,-0.));
#8379 = DIRECTION('',(0.,0.,-1.));
#8380 = ADVANCED_FACE('',(#8381),#8392,.F.);
#8381 = FACE_BOUND('',#8382,.F.);
#8382 = EDGE_LOOP('',(#8383,#8384,#8385,#8386));
#8383 = ORIENTED_EDGE('',*,*,#8305,.T.);
#8384 = ORIENTED_EDGE('',*,*,#7021,.T.);
#8385 = ORIENTED_EDGE('',*,*,#8362,.F.);
#8386 = ORIENTED_EDGE('',*,*,#8387,.F.);
#8387 = EDGE_CURVE('',#8306,#8363,#8388,.T.);
#8388 = LINE('',#8389,#8390);
#8389 = CARTESIAN_POINT('',(-35.,72.562552,0.));
#8390 = VECTOR('',#8391,1.);
#8391 = DIRECTION('',(1.,0.,0.));
#8392 = PLANE('',#8393);
#8393 = AXIS2_PLACEMENT_3D('',#8394,#8395,#8396);
#8394 = CARTESIAN_POINT('',(-35.,72.562552,0.));
#8395 = DIRECTION('',(0.,1.,0.));
#8396 = DIRECTION('',(1.,0.,0.));
#8397 = ADVANCED_FACE('',(#8398),#8423,.F.);
#8398 = FACE_BOUND('',#8399,.F.);
#8399 = EDGE_LOOP('',(#8400,#8408,#8409,#8417));
#8400 = ORIENTED_EDGE('',*,*,#8401,.T.);
#8401 = EDGE_CURVE('',#8402,#7030,#8404,.T.);
#8402 = VERTEX_POINT('',#8403);
#8403 = CARTESIAN_POINT('',(-3.,74.562552,0.));
#8404 = LINE('',#8405,#8406);
#8405 = CARTESIAN_POINT('',(-3.,74.562552,0.));
#8406 = VECTOR('',#8407,1.);
#8407 = DIRECTION('',(0.,0.,1.));
#8408 = ORIENTED_EDGE('',*,*,#7029,.T.);
#8409 = ORIENTED_EDGE('',*,*,#8410,.F.);
#8410 = EDGE_CURVE('',#8411,#7032,#8413,.T.);
#8411 = VERTEX_POINT('',#8412);
#8412 = CARTESIAN_POINT('',(-35.,74.562552,0.));
#8413 = LINE('',#8414,#8415);
#8414 = CARTESIAN_POINT('',(-35.,74.562552,0.));
#8415 = VECTOR('',#8416,1.);
#8416 = DIRECTION('',(0.,0.,1.));
#8417 = ORIENTED_EDGE('',*,*,#8418,.F.);
#8418 = EDGE_CURVE('',#8402,#8411,#8419,.T.);
#8419 = LINE('',#8420,#8421);
#8420 = CARTESIAN_POINT('',(-3.,74.562552,0.));
#8421 = VECTOR('',#8422,1.);
#8422 = DIRECTION('',(-1.,0.,0.));
#8423 = PLANE('',#8424);
#8424 = AXIS2_PLACEMENT_3D('',#8425,#8426,#8427);
#8425 = CARTESIAN_POINT('',(-3.,74.562552,0.));
#8426 = DIRECTION('',(0.,-1.,0.));
#8427 = DIRECTION('',(-1.,0.,0.));
#8428 = ADVANCED_FACE('',(#8429),#8447,.T.);
#8429 = FACE_BOUND('',#8430,.T.);
#8430 = EDGE_LOOP('',(#8431,#8439,#8440,#8441));
#8431 = ORIENTED_EDGE('',*,*,#8432,.T.);
#8432 = EDGE_CURVE('',#8433,#7040,#8435,.T.);
#8433 = VERTEX_POINT('',#8434);
#8434 = CARTESIAN_POINT('',(-35.,97.934734,0.));
#8435 = LINE('',#8436,#8437);
#8436 = CARTESIAN_POINT('',(-35.,97.934734,0.));
#8437 = VECTOR('',#8438,1.);
#8438 = DIRECTION('',(0.,0.,1.));
#8439 = ORIENTED_EDGE('',*,*,#7039,.T.);
#8440 = ORIENTED_EDGE('',*,*,#8410,.F.);
#8441 = ORIENTED_EDGE('',*,*,#8442,.F.);
#8442 = EDGE_CURVE('',#8433,#8411,#8443,.T.);
#8443 = LINE('',#8444,#8445);
#8444 = CARTESIAN_POINT('',(-35.,97.934734,0.));
#8445 = VECTOR('',#8446,1.);
#8446 = DIRECTION('',(0.,-1.,0.));
#8447 = PLANE('',#8448);
#8448 = AXIS2_PLACEMENT_3D('',#8449,#8450,#8451);
#8449 = CARTESIAN_POINT('',(-35.,97.934734,0.));
#8450 = DIRECTION('',(1.,0.,0.));
#8451 = DIRECTION('',(0.,-1.,0.));
#8452 = ADVANCED_FACE('',(#8453),#8471,.F.);
#8453 = FACE_BOUND('',#8454,.F.);
#8454 = EDGE_LOOP('',(#8455,#8456,#8457,#8465));
#8455 = ORIENTED_EDGE('',*,*,#8432,.T.);
#8456 = ORIENTED_EDGE('',*,*,#7047,.T.);
#8457 = ORIENTED_EDGE('',*,*,#8458,.F.);
#8458 = EDGE_CURVE('',#8459,#7048,#8461,.T.);
#8459 = VERTEX_POINT('',#8460);
#8460 = CARTESIAN_POINT('',(-3.,97.934734,0.));
#8461 = LINE('',#8462,#8463);
#8462 = CARTESIAN_POINT('',(-3.,97.934734,0.));
#8463 = VECTOR('',#8464,1.);
#8464 = DIRECTION('',(0.,0.,1.));
#8465 = ORIENTED_EDGE('',*,*,#8466,.F.);
#8466 = EDGE_CURVE('',#8433,#8459,#8467,.T.);
#8467 = LINE('',#8468,#8469);
#8468 = CARTESIAN_POINT('',(-35.,97.934734,0.));
#8469 = VECTOR('',#8470,1.);
#8470 = DIRECTION('',(1.,0.,0.));
#8471 = PLANE('',#8472);
#8472 = AXIS2_PLACEMENT_3D('',#8473,#8474,#8475);
#8473 = CARTESIAN_POINT('',(-35.,97.934734,0.));
#8474 = DIRECTION('',(0.,1.,0.));
#8475 = DIRECTION('',(1.,0.,0.));
#8476 = ADVANCED_FACE('',(#8477),#8488,.T.);
#8477 = FACE_BOUND('',#8478,.T.);
#8478 = EDGE_LOOP('',(#8479,#8480,#8481,#8482));
#8479 = ORIENTED_EDGE('',*,*,#8401,.T.);
#8480 = ORIENTED_EDGE('',*,*,#7055,.T.);
#8481 = ORIENTED_EDGE('',*,*,#8458,.F.);
#8482 = ORIENTED_EDGE('',*,*,#8483,.F.);
#8483 = EDGE_CURVE('',#8402,#8459,#8484,.T.);
#8484 = LINE('',#8485,#8486);
#8485 = CARTESIAN_POINT('',(-3.,74.562552,0.));
#8486 = VECTOR('',#8487,1.);
#8487 = DIRECTION('',(0.,1.,0.));
#8488 = PLANE('',#8489);
#8489 = AXIS2_PLACEMENT_3D('',#8490,#8491,#8492);
#8490 = CARTESIAN_POINT('',(-3.,74.562552,0.));
#8491 = DIRECTION('',(-1.,0.,0.));
#8492 = DIRECTION('',(0.,1.,0.));
#8493 = ADVANCED_FACE('',(#8494),#8519,.F.);
#8494 = FACE_BOUND('',#8495,.F.);
#8495 = EDGE_LOOP('',(#8496,#8504,#8505,#8513));
#8496 = ORIENTED_EDGE('',*,*,#8497,.T.);
#8497 = EDGE_CURVE('',#8498,#7064,#8500,.T.);
#8498 = VERTEX_POINT('',#8499);
#8499 = CARTESIAN_POINT('',(-35.,123.306915,0.));
#8500 = LINE('',#8501,#8502);
#8501 = CARTESIAN_POINT('',(-35.,123.306915,0.));
#8502 = VECTOR('',#8503,1.);
#8503 = DIRECTION('',(0.,0.,1.));
#8504 = ORIENTED_EDGE('',*,*,#7063,.T.);
#8505 = ORIENTED_EDGE('',*,*,#8506,.F.);
#8506 = EDGE_CURVE('',#8507,#7066,#8509,.T.);
#8507 = VERTEX_POINT('',#8508);
#8508 = CARTESIAN_POINT('',(-3.,123.306915,0.));
#8509 = LINE('',#8510,#8511);
#8510 = CARTESIAN_POINT('',(-3.,123.306915,0.));
#8511 = VECTOR('',#8512,1.);
#8512 = DIRECTION('',(0.,0.,1.));
#8513 = ORIENTED_EDGE('',*,*,#8514,.F.);
#8514 = EDGE_CURVE('',#8498,#8507,#8515,.T.);
#8515 = LINE('',#8516,#8517);
#8516 = CARTESIAN_POINT('',(-35.,123.306915,0.));
#8517 = VECTOR('',#8518,1.);
#8518 = DIRECTION('',(1.,0.,0.));
#8519 = PLANE('',#8520);
#8520 = AXIS2_PLACEMENT_3D('',#8521,#8522,#8523);
#8521 = CARTESIAN_POINT('',(-35.,123.306915,0.));
#8522 = DIRECTION('',(0.,1.,0.));
#8523 = DIRECTION('',(1.,0.,0.));
#8524 = ADVANCED_FACE('',(#8525),#8543,.T.);
#8525 = FACE_BOUND('',#8526,.T.);
#8526 = EDGE_LOOP('',(#8527,#8535,#8536,#8537));
#8527 = ORIENTED_EDGE('',*,*,#8528,.T.);
#8528 = EDGE_CURVE('',#8529,#7074,#8531,.T.);
#8529 = VERTEX_POINT('',#8530);
#8530 = CARTESIAN_POINT('',(-3.,99.934734,0.));
#8531 = LINE('',#8532,#8533);
#8532 = CARTESIAN_POINT('',(-3.,99.934734,0.));
#8533 = VECTOR('',#8534,1.);
#8534 = DIRECTION('',(0.,0.,1.));
#8535 = ORIENTED_EDGE('',*,*,#7073,.T.);
#8536 = ORIENTED_EDGE('',*,*,#8506,.F.);
#8537 = ORIENTED_EDGE('',*,*,#8538,.F.);
#8538 = EDGE_CURVE('',#8529,#8507,#8539,.T.);
#8539 = LINE('',#8540,#8541);
#8540 = CARTESIAN_POINT('',(-3.,99.934734,0.));
#8541 = VECTOR('',#8542,1.);
#8542 = DIRECTION('',(0.,1.,0.));
#8543 = PLANE('',#8544);
#8544 = AXIS2_PLACEMENT_3D('',#8545,#8546,#8547);
#8545 = CARTESIAN_POINT('',(-3.,99.934734,0.));
#8546 = DIRECTION('',(-1.,0.,0.));
#8547 = DIRECTION('',(0.,1.,0.));
#8548 = ADVANCED_FACE('',(#8549),#8567,.F.);
#8549 = FACE_BOUND('',#8550,.F.);
#8550 = EDGE_LOOP('',(#8551,#8552,#8553,#8561));
#8551 = ORIENTED_EDGE('',*,*,#8528,.T.);
#8552 = ORIENTED_EDGE('',*,*,#7081,.T.);
#8553 = ORIENTED_EDGE('',*,*,#8554,.F.);
#8554 = EDGE_CURVE('',#8555,#7082,#8557,.T.);
#8555 = VERTEX_POINT('',#8556);
#8556 = CARTESIAN_POINT('',(-35.,99.934734,0.));
#8557 = LINE('',#8558,#8559);
#8558 = CARTESIAN_POINT('',(-35.,99.934734,0.));
#8559 = VECTOR('',#8560,1.);
#8560 = DIRECTION('',(0.,0.,1.));
#8561 = ORIENTED_EDGE('',*,*,#8562,.F.);
#8562 = EDGE_CURVE('',#8529,#8555,#8563,.T.);
#8563 = LINE('',#8564,#8565);
#8564 = CARTESIAN_POINT('',(-3.,99.934734,0.));
#8565 = VECTOR('',#8566,1.);
#8566 = DIRECTION('',(-1.,0.,0.));
#8567 = PLANE('',#8568);
#8568 = AXIS2_PLACEMENT_3D('',#8569,#8570,#8571);
#8569 = CARTESIAN_POINT('',(-3.,99.934734,0.));
#8570 = DIRECTION('',(0.,-1.,0.));
#8571 = DIRECTION('',(-1.,0.,0.));
#8572 = ADVANCED_FACE('',(#8573),#8584,.T.);
#8573 = FACE_BOUND('',#8574,.T.);
#8574 = EDGE_LOOP('',(#8575,#8576,#8577,#8578));
#8575 = ORIENTED_EDGE('',*,*,#8497,.T.);
#8576 = ORIENTED_EDGE('',*,*,#7089,.T.);
#8577 = ORIENTED_EDGE('',*,*,#8554,.F.);
#8578 = ORIENTED_EDGE('',*,*,#8579,.F.);
#8579 = EDGE_CURVE('',#8498,#8555,#8580,.T.);
#8580 = LINE('',#8581,#8582);
#8581 = CARTESIAN_POINT('',(-35.,123.306915,0.));
#8582 = VECTOR('',#8583,1.);
#8583 = DIRECTION('',(0.,-1.,0.));
#8584 = PLANE('',#8585);
#8585 = AXIS2_PLACEMENT_3D('',#8586,#8587,#8588);
#8586 = CARTESIAN_POINT('',(-35.,123.306915,0.));
#8587 = DIRECTION('',(1.,0.,0.));
#8588 = DIRECTION('',(0.,-1.,0.));
#8589 = ADVANCED_FACE('',(#8590),#8615,.T.);
#8590 = FACE_BOUND('',#8591,.T.);
#8591 = EDGE_LOOP('',(#8592,#8600,#8601,#8609));
#8592 = ORIENTED_EDGE('',*,*,#8593,.T.);
#8593 = EDGE_CURVE('',#8594,#7098,#8596,.T.);
#8594 = VERTEX_POINT('',#8595);
#8595 = CARTESIAN_POINT('',(-35.,147.,0.));
#8596 = LINE('',#8597,#8598);
#8597 = CARTESIAN_POINT('',(-35.,147.,0.));
#8598 = VECTOR('',#8599,1.);
#8599 = DIRECTION('',(0.,0.,1.));
#8600 = ORIENTED_EDGE('',*,*,#7097,.T.);
#8601 = ORIENTED_EDGE('',*,*,#8602,.F.);
#8602 = EDGE_CURVE('',#8603,#7100,#8605,.T.);
#8603 = VERTEX_POINT('',#8604);
#8604 = CARTESIAN_POINT('',(-35.,125.306915,0.));
#8605 = LINE('',#8606,#8607);
#8606 = CARTESIAN_POINT('',(-35.,125.306915,0.));
#8607 = VECTOR('',#8608,1.);
#8608 = DIRECTION('',(0.,0.,1.));
#8609 = ORIENTED_EDGE('',*,*,#8610,.F.);
#8610 = EDGE_CURVE('',#8594,#8603,#8611,.T.);
#8611 = LINE('',#8612,#8613);
#8612 = CARTESIAN_POINT('',(-35.,147.,0.));
#8613 = VECTOR('',#8614,1.);
#8614 = DIRECTION('',(0.,-1.,0.));
#8615 = PLANE('',#8616);
#8616 = AXIS2_PLACEMENT_3D('',#8617,#8618,#8619);
#8617 = CARTESIAN_POINT('',(-35.,147.,0.));
#8618 = DIRECTION('',(1.,0.,0.));
#8619 = DIRECTION('',(0.,-1.,0.));
#8620 = ADVANCED_FACE('',(#8621),#8639,.F.);
#8621 = FACE_BOUND('',#8622,.F.);
#8622 = EDGE_LOOP('',(#8623,#8631,#8632,#8633));
#8623 = ORIENTED_EDGE('',*,*,#8624,.T.);
#8624 = EDGE_CURVE('',#8625,#7108,#8627,.T.);
#8625 = VERTEX_POINT('',#8626);
#8626 = CARTESIAN_POINT('',(-3.,125.306915,0.));
#8627 = LINE('',#8628,#8629);
#8628 = CARTESIAN_POINT('',(-3.,125.306915,0.));
#8629 = VECTOR('',#8630,1.);
#8630 = DIRECTION('',(0.,0.,1.));
#8631 = ORIENTED_EDGE('',*,*,#7107,.T.);
#8632 = ORIENTED_EDGE('',*,*,#8602,.F.);
#8633 = ORIENTED_EDGE('',*,*,#8634,.F.);
#8634 = EDGE_CURVE('',#8625,#8603,#8635,.T.);
#8635 = LINE('',#8636,#8637);
#8636 = CARTESIAN_POINT('',(-3.,125.306915,0.));
#8637 = VECTOR('',#8638,1.);
#8638 = DIRECTION('',(-1.,0.,0.));
#8639 = PLANE('',#8640);
#8640 = AXIS2_PLACEMENT_3D('',#8641,#8642,#8643);
#8641 = CARTESIAN_POINT('',(-3.,125.306915,0.));
#8642 = DIRECTION('',(0.,-1.,0.));
#8643 = DIRECTION('',(-1.,0.,0.));
#8644 = ADVANCED_FACE('',(#8645),#8663,.T.);
#8645 = FACE_BOUND('',#8646,.T.);
#8646 = EDGE_LOOP('',(#8647,#8648,#8649,#8657));
#8647 = ORIENTED_EDGE('',*,*,#8624,.T.);
#8648 = ORIENTED_EDGE('',*,*,#7115,.T.);
#8649 = ORIENTED_EDGE('',*,*,#8650,.F.);
#8650 = EDGE_CURVE('',#8651,#7116,#8653,.T.);
#8651 = VERTEX_POINT('',#8652);
#8652 = CARTESIAN_POINT('',(-3.,147.,0.));
#8653 = LINE('',#8654,#8655);
#8654 = CARTESIAN_POINT('',(-3.,147.,0.));
#8655 = VECTOR('',#8656,1.);
#8656 = DIRECTION('',(0.,0.,1.));
#8657 = ORIENTED_EDGE('',*,*,#8658,.F.);
#8658 = EDGE_CURVE('',#8625,#8651,#8659,.T.);
#8659 = LINE('',#8660,#8661);
#8660 = CARTESIAN_POINT('',(-3.,125.306915,0.));
#8661 = VECTOR('',#8662,1.);
#8662 = DIRECTION('',(0.,1.,0.));
#8663 = PLANE('',#8664);
#8664 = AXIS2_PLACEMENT_3D('',#8665,#8666,#8667);
#8665 = CARTESIAN_POINT('',(-3.,125.306915,0.));
#8666 = DIRECTION('',(-1.,0.,0.));
#8667 = DIRECTION('',(0.,1.,0.));
#8668 = ADVANCED_FACE('',(#8669),#8680,.T.);
#8669 = FACE_BOUND('',#8670,.T.);
#8670 = EDGE_LOOP('',(#8671,#8672,#8673,#8674));
#8671 = ORIENTED_EDGE('',*,*,#8650,.T.);
#8672 = ORIENTED_EDGE('',*,*,#7123,.T.);
#8673 = ORIENTED_EDGE('',*,*,#8593,.F.);
#8674 = ORIENTED_EDGE('',*,*,#8675,.F.);
#8675 = EDGE_CURVE('',#8651,#8594,#8676,.T.);
#8676 = LINE('',#8677,#8678);
#8677 = CARTESIAN_POINT('',(-3.,147.,0.));
#8678 = VECTOR('',#8679,1.);
#8679 = DIRECTION('',(-1.,0.,0.));
#8680 = PLANE('',#8681);
#8681 = AXIS2_PLACEMENT_3D('',#8682,#8683,#8684);
#8682 = CARTESIAN_POINT('',(-3.,147.,0.));
#8683 = DIRECTION('',(0.,-1.,0.));
#8684 = DIRECTION('',(-1.,0.,0.));
#8685 = ADVANCED_FACE('',(#8686),#8696,.T.);
#8686 = FACE_BOUND('',#8687,.T.);
#8687 = EDGE_LOOP('',(#8688,#8689,#8690,#8691,#8692,#8693,#8694,#8695));
#8688 = ORIENTED_EDGE('',*,*,#7318,.T.);
#8689 = ORIENTED_EDGE('',*,*,#7154,.T.);
#8690 = ORIENTED_EDGE('',*,*,#7178,.T.);
#8691 = ORIENTED_EDGE('',*,*,#7203,.T.);
#8692 = ORIENTED_EDGE('',*,*,#7227,.T.);
#8693 = ORIENTED_EDGE('',*,*,#7252,.T.);
#8694 = ORIENTED_EDGE('',*,*,#7276,.T.);
#8695 = ORIENTED_EDGE('',*,*,#7301,.T.);
#8696 = PLANE('',#8697);
#8697 = AXIS2_PLACEMENT_3D('',#8698,#8699,#8700);
#8698 = CARTESIAN_POINT('',(-85.,75.,0.));
#8699 = DIRECTION('',(0.,0.,1.));
#8700 = DIRECTION('',(1.,0.,0.));
#8701 = ADVANCED_FACE('',(#8702),#8712,.T.);
#8702 = FACE_BOUND('',#8703,.T.);
#8703 = EDGE_LOOP('',(#8704,#8705,#8706,#8707,#8708,#8709,#8710,#8711));
#8704 = ORIENTED_EDGE('',*,*,#7514,.T.);
#8705 = ORIENTED_EDGE('',*,*,#7350,.T.);
#8706 = ORIENTED_EDGE('',*,*,#7374,.T.);
#8707 = ORIENTED_EDGE('',*,*,#7399,.T.);
#8708 = ORIENTED_EDGE('',*,*,#7423,.T.);
#8709 = ORIENTED_EDGE('',*,*,#7448,.T.);
#8710 = ORIENTED_EDGE('',*,*,#7472,.T.);
#8711 = ORIENTED_EDGE('',*,*,#7497,.T.);
#8712 = PLANE('',#8713);
#8713 = AXIS2_PLACEMENT_3D('',#8714,#8715,#8716);
#8714 = CARTESIAN_POINT('',(-85.,75.,0.));
#8715 = DIRECTION('',(0.,0.,1.));
#8716 = DIRECTION('',(1.,0.,0.));
#8717 = ADVANCED_FACE('',(#8718),#8728,.T.);
#8718 = FACE_BOUND('',#8719,.T.);
#8719 = EDGE_LOOP('',(#8720,#8721,#8722,#8723,#8724,#8725,#8726,#8727));
#8720 = ORIENTED_EDGE('',*,*,#7710,.T.);
#8721 = ORIENTED_EDGE('',*,*,#7546,.T.);
#8722 = ORIENTED_EDGE('',*,*,#7570,.T.);
#8723 = ORIENTED_EDGE('',*,*,#7595,.T.);
#8724 = ORIENTED_EDGE('',*,*,#7619,.T.);
#8725 = ORIENTED_EDGE('',*,*,#7644,.T.);
#8726 = ORIENTED_EDGE('',*,*,#7668,.T.);
#8727 = ORIENTED_EDGE('',*,*,#7693,.T.);
#8728 = PLANE('',#8729);
#8729 = AXIS2_PLACEMENT_3D('',#8730,#8731,#8732);
#8730 = CARTESIAN_POINT('',(-85.,75.,0.));
#8731 = DIRECTION('',(0.,0.,1.));
#8732 = DIRECTION('',(1.,0.,0.));
#8733 = ADVANCED_FACE('',(#8734),#8744,.T.);
#8734 = FACE_BOUND('',#8735,.T.);
#8735 = EDGE_LOOP('',(#8736,#8737,#8738,#8739,#8740,#8741,#8742,#8743));
#8736 = ORIENTED_EDGE('',*,*,#7906,.T.);
#8737 = ORIENTED_EDGE('',*,*,#7742,.T.);
#8738 = ORIENTED_EDGE('',*,*,#7766,.T.);
#8739 = ORIENTED_EDGE('',*,*,#7791,.T.);
#8740 = ORIENTED_EDGE('',*,*,#7815,.T.);
#8741 = ORIENTED_EDGE('',*,*,#7840,.T.);
#8742 = ORIENTED_EDGE('',*,*,#7864,.T.);
#8743 = ORIENTED_EDGE('',*,*,#7889,.T.);
#8744 = PLANE('',#8745);
#8745 = AXIS2_PLACEMENT_3D('',#8746,#8747,#8748);
#8746 = CARTESIAN_POINT('',(-85.,75.,0.));
#8747 = DIRECTION('',(0.,0.,1.));
#8748 = DIRECTION('',(1.,0.,0.));
#8749 = ADVANCED_FACE('',(#8750),#8756,.T.);
#8750 = FACE_BOUND('',#8751,.T.);
#8751 = EDGE_LOOP('',(#8752,#8753,#8754,#8755));
#8752 = ORIENTED_EDGE('',*,*,#8003,.T.);
#8753 = ORIENTED_EDGE('',*,*,#7938,.T.);
#8754 = ORIENTED_EDGE('',*,*,#7962,.T.);
#8755 = ORIENTED_EDGE('',*,*,#7986,.F.);
#8756 = PLANE('',#8757);
#8757 = AXIS2_PLACEMENT_3D('',#8758,#8759,#8760);
#8758 = CARTESIAN_POINT('',(-85.,75.,0.));
#8759 = DIRECTION('',(0.,0.,1.));
#8760 = DIRECTION('',(1.,0.,0.));
#8761 = ADVANCED_FACE('',(#8762),#8768,.T.);
#8762 = FACE_BOUND('',#8763,.T.);
#8763 = EDGE_LOOP('',(#8764,#8765,#8766,#8767));
#8764 = ORIENTED_EDGE('',*,*,#8099,.T.);
#8765 = ORIENTED_EDGE('',*,*,#8034,.T.);
#8766 = ORIENTED_EDGE('',*,*,#8058,.T.);
#8767 = ORIENTED_EDGE('',*,*,#8082,.T.);
#8768 = PLANE('',#8769);
#8769 = AXIS2_PLACEMENT_3D('',#8770,#8771,#8772);
#8770 = CARTESIAN_POINT('',(-85.,75.,0.));
#8771 = DIRECTION('',(0.,0.,1.));
#8772 = DIRECTION('',(1.,0.,0.));
#8773 = ADVANCED_FACE('',(#8774),#8780,.T.);
#8774 = FACE_BOUND('',#8775,.T.);
#8775 = EDGE_LOOP('',(#8776,#8777,#8778,#8779));
#8776 = ORIENTED_EDGE('',*,*,#8130,.F.);
#8777 = ORIENTED_EDGE('',*,*,#8195,.T.);
#8778 = ORIENTED_EDGE('',*,*,#8178,.T.);
#8779 = ORIENTED_EDGE('',*,*,#8154,.T.);
#8780 = PLANE('',#8781);
#8781 = AXIS2_PLACEMENT_3D('',#8782,#8783,#8784);
#8782 = CARTESIAN_POINT('',(-85.,75.,0.));
#8783 = DIRECTION('',(0.,0.,1.));
#8784 = DIRECTION('',(1.,0.,0.));
#8785 = ADVANCED_FACE('',(#8786),#8792,.T.);
#8786 = FACE_BOUND('',#8787,.T.);
#8787 = EDGE_LOOP('',(#8788,#8789,#8790,#8791));
#8788 = ORIENTED_EDGE('',*,*,#8226,.F.);
#8789 = ORIENTED_EDGE('',*,*,#8291,.T.);
#8790 = ORIENTED_EDGE('',*,*,#8274,.T.);
#8791 = ORIENTED_EDGE('',*,*,#8250,.T.);
#8792 = PLANE('',#8793);
#8793 = AXIS2_PLACEMENT_3D('',#8794,#8795,#8796);
#8794 = CARTESIAN_POINT('',(-85.,75.,0.));
#8795 = DIRECTION('',(0.,0.,1.));
#8796 = DIRECTION('',(1.,0.,0.));
#8797 = ADVANCED_FACE('',(#8798),#8804,.T.);
#8798 = FACE_BOUND('',#8799,.T.);
#8799 = EDGE_LOOP('',(#8800,#8801,#8802,#8803));
#8800 = ORIENTED_EDGE('',*,*,#8387,.F.);
#8801 = ORIENTED_EDGE('',*,*,#8322,.T.);
#8802 = ORIENTED_EDGE('',*,*,#8346,.T.);
#8803 = ORIENTED_EDGE('',*,*,#8370,.T.);
#8804 = PLANE('',#8805);
#8805 = AXIS2_PLACEMENT_3D('',#8806,#8807,#8808);
#8806 = CARTESIAN_POINT('',(-85.,75.,0.));
#8807 = DIRECTION('',(0.,0.,1.));
#8808 = DIRECTION('',(1.,0.,0.));
#8809 = ADVANCED_FACE('',(#8810),#8816,.T.);
#8810 = FACE_BOUND('',#8811,.T.);
#8811 = EDGE_LOOP('',(#8812,#8813,#8814,#8815));
#8812 = ORIENTED_EDGE('',*,*,#8418,.F.);
#8813 = ORIENTED_EDGE('',*,*,#8483,.T.);
#8814 = ORIENTED_EDGE('',*,*,#8466,.F.);
#8815 = ORIENTED_EDGE('',*,*,#8442,.T.);
#8816 = PLANE('',#8817);
#8817 = AXIS2_PLACEMENT_3D('',#8818,#8819,#8820);
#8818 = CARTESIAN_POINT('',(-85.,75.,0.));
#8819 = DIRECTION('',(0.,0.,1.));
#8820 = DIRECTION('',(1.,0.,0.));
#8821 = ADVANCED_FACE('',(#8822),#8828,.T.);
#8822 = FACE_BOUND('',#8823,.T.);
#8823 = EDGE_LOOP('',(#8824,#8825,#8826,#8827));
#8824 = ORIENTED_EDGE('',*,*,#8514,.F.);
#8825 = ORIENTED_EDGE('',*,*,#8579,.T.);
#8826 = ORIENTED_EDGE('',*,*,#8562,.F.);
#8827 = ORIENTED_EDGE('',*,*,#8538,.T.);
#8828 = PLANE('',#8829);
#8829 = AXIS2_PLACEMENT_3D('',#8830,#8831,#8832);
#8830 = CARTESIAN_POINT('',(-85.,75.,0.));
#8831 = DIRECTION('',(0.,0.,1.));
#8832 = DIRECTION('',(1.,0.,0.));
#8833 = ADVANCED_FACE('',(#8834),#8840,.T.);
#8834 = FACE_BOUND('',#8835,.T.);
#8835 = EDGE_LOOP('',(#8836,#8837,#8838,#8839));
#8836 = ORIENTED_EDGE('',*,*,#8675,.T.);
#8837 = ORIENTED_EDGE('',*,*,#8610,.T.);
#8838 = ORIENTED_EDGE('',*,*,#8634,.F.);
#8839 = ORIENTED_EDGE('',*,*,#8658,.T.);
#8840 = PLANE('',#8841);
#8841 = AXIS2_PLACEMENT_3D('',#8842,#8843,#8844);
#8842 = CARTESIAN_POINT('',(-85.,75.,0.));
#8843 = DIRECTION('',(0.,0.,1.));
#8844 = DIRECTION('',(1.,0.,0.));
#8845 = ADVANCED_FACE('',(#8846),#8862,.T.);
#8846 = FACE_BOUND('',#8847,.T.);
#8847 = EDGE_LOOP('',(#8848,#8854,#8855,#8861));
#8848 = ORIENTED_EDGE('',*,*,#8849,.F.);
#8849 = EDGE_CURVE('',#6439,#6554,#8850,.T.);
#8850 = LINE('',#8851,#8852);
#8851 = CARTESIAN_POINT('',(-165.,0.,0.));
#8852 = VECTOR('',#8853,1.);
#8853 = DIRECTION('',(0.,0.,1.));
#8854 = ORIENTED_EDGE('',*,*,#6447,.T.);
#8855 = ORIENTED_EDGE('',*,*,#8856,.F.);
#8856 = EDGE_CURVE('',#6563,#6448,#8857,.T.);
#8857 = LINE('',#8858,#8859);
#8858 = CARTESIAN_POINT('',(-5.,0.,0.));
#8859 = VECTOR('',#8860,1.);
#8860 = DIRECTION('',(-0.,-0.,-1.));
#8861 = ORIENTED_EDGE('',*,*,#6562,.F.);
#8862 = PLANE('',#8863);
#8863 = AXIS2_PLACEMENT_3D('',#8864,#8865,#8866);
#8864 = CARTESIAN_POINT('',(-85.,0.,33.5));
#8865 = DIRECTION('',(-0.,-1.,-0.));
#8866 = DIRECTION('',(0.,0.,-1.));
#8867 = ADVANCED_FACE('',(#8868),#8884,.T.);
#8868 = FACE_BOUND('',#8869,.T.);
#8869 = EDGE_LOOP('',(#8870,#8876,#8877,#8883));
#8870 = ORIENTED_EDGE('',*,*,#8871,.F.);
#8871 = EDGE_CURVE('',#6412,#6520,#8872,.T.);
#8872 = LINE('',#8873,#8874);
#8873 = CARTESIAN_POINT('',(-5.,150.,0.));
#8874 = VECTOR('',#8875,1.);
#8875 = DIRECTION('',(0.,0.,1.));
#8876 = ORIENTED_EDGE('',*,*,#6411,.T.);
#8877 = ORIENTED_EDGE('',*,*,#8878,.F.);
#8878 = EDGE_CURVE('',#6529,#6414,#8879,.T.);
#8879 = LINE('',#8880,#8881);
#8880 = CARTESIAN_POINT('',(-165.,150.,0.));
#8881 = VECTOR('',#8882,1.);
#8882 = DIRECTION('',(-0.,-0.,-1.));
#8883 = ORIENTED_EDGE('',*,*,#6528,.F.);
#8884 = PLANE('',#8885);
#8885 = AXIS2_PLACEMENT_3D('',#8886,#8887,#8888);
#8886 = CARTESIAN_POINT('',(-85.,150.,33.5));
#8887 = DIRECTION('',(0.,1.,0.));
#8888 = DIRECTION('',(0.,-0.,1.));
#8889 = ADVANCED_FACE('',(#8890),#8906,.T.);
#8890 = FACE_BOUND('',#8891,.T.);
#8891 = EDGE_LOOP('',(#8892,#8898,#8899,#8905));
#8892 = ORIENTED_EDGE('',*,*,#8893,.F.);
#8893 = EDGE_CURVE('',#6422,#6537,#8894,.T.);
#8894 = LINE('',#8895,#8896);
#8895 = CARTESIAN_POINT('',(-170.,145.,0.));
#8896 = VECTOR('',#8897,1.);
#8897 = DIRECTION('',(0.,0.,1.));
#8898 = ORIENTED_EDGE('',*,*,#6430,.T.);
#8899 = ORIENTED_EDGE('',*,*,#8900,.F.);
#8900 = EDGE_CURVE('',#6546,#6431,#8901,.T.);
#8901 = LINE('',#8902,#8903);
#8902 = CARTESIAN_POINT('',(-170.,5.,0.));
#8903 = VECTOR('',#8904,1.);
#8904 = DIRECTION('',(-0.,-0.,-1.));
#8905 = ORIENTED_EDGE('',*,*,#6545,.F.);
#8906 = PLANE('',#8907);
#8907 = AXIS2_PLACEMENT_3D('',#8908,#8909,#8910);
#8908 = CARTESIAN_POINT('',(-170.,75.,33.5));
#8909 = DIRECTION('',(-1.,-0.,-0.));
#8910 = DIRECTION('',(0.,0.,-1.));
#8911 = ADVANCED_FACE('',(#8912),#8918,.T.);
#8912 = FACE_BOUND('',#8913,.F.);
#8913 = EDGE_LOOP('',(#8914,#8915,#8916,#8917));
#8914 = ORIENTED_EDGE('',*,*,#8856,.F.);
#8915 = ORIENTED_EDGE('',*,*,#6570,.T.);
#8916 = ORIENTED_EDGE('',*,*,#6487,.F.);
#8917 = ORIENTED_EDGE('',*,*,#6455,.F.);
#8918 = CYLINDRICAL_SURFACE('',#8919,5.);
#8919 = AXIS2_PLACEMENT_3D('',#8920,#8921,#8922);
#8920 = CARTESIAN_POINT('',(-5.,5.,0.));
#8921 = DIRECTION('',(-0.,-0.,-1.));
#8922 = DIRECTION('',(1.,0.,0.));
#8923 = ADVANCED_FACE('',(#8924),#8930,.T.);
#8924 = FACE_BOUND('',#8925,.F.);
#8925 = EDGE_LOOP('',(#8926,#8927,#8928,#8929));
#8926 = ORIENTED_EDGE('',*,*,#6496,.F.);
#8927 = ORIENTED_EDGE('',*,*,#6519,.T.);
#8928 = ORIENTED_EDGE('',*,*,#8871,.F.);
#8929 = ORIENTED_EDGE('',*,*,#6472,.F.);
#8930 = CYLINDRICAL_SURFACE('',#8931,5.);
#8931 = AXIS2_PLACEMENT_3D('',#8932,#8933,#8934);
#8932 = CARTESIAN_POINT('',(-5.,145.,0.));
#8933 = DIRECTION('',(-0.,-0.,-1.));
#8934 = DIRECTION('',(1.,0.,0.));
#8935 = ADVANCED_FACE('',(#8936),#8942,.T.);
#8936 = FACE_BOUND('',#8937,.F.);
#8937 = EDGE_LOOP('',(#8938,#8939,#8940,#8941));
#8938 = ORIENTED_EDGE('',*,*,#8878,.F.);
#8939 = ORIENTED_EDGE('',*,*,#6536,.T.);
#8940 = ORIENTED_EDGE('',*,*,#8893,.F.);
#8941 = ORIENTED_EDGE('',*,*,#6421,.F.);
#8942 = CYLINDRICAL_SURFACE('',#8943,5.);
#8943 = AXIS2_PLACEMENT_3D('',#8944,#8945,#8946);
#8944 = CARTESIAN_POINT('',(-165.,145.,0.));
#8945 = DIRECTION('',(-0.,-0.,-1.));
#8946 = DIRECTION('',(1.,0.,0.));
#8947 = ADVANCED_FACE('',(#8948),#8954,.T.);
#8948 = FACE_BOUND('',#8949,.F.);
#8949 = EDGE_LOOP('',(#8950,#8951,#8952,#8953));
#8950 = ORIENTED_EDGE('',*,*,#8900,.F.);
#8951 = ORIENTED_EDGE('',*,*,#6553,.T.);
#8952 = ORIENTED_EDGE('',*,*,#8849,.F.);
#8953 = ORIENTED_EDGE('',*,*,#6438,.F.);
#8954 = CYLINDRICAL_SURFACE('',#8955,5.);
#8955 = AXIS2_PLACEMENT_3D('',#8956,#8957,#8958);
#8956 = CARTESIAN_POINT('',(-165.,5.,0.));
#8957 = DIRECTION('',(-0.,-0.,-1.));
#8958 = DIRECTION('',(1.,0.,0.));
#8959 = ( GEOMETRIC_REPRESENTATION_CONTEXT(3) 
GLOBAL_UNCERTAINTY_ASSIGNED_CONTEXT((#8963)) 
GLOBAL_UNIT_ASSIGNED_CONTEXT((#8960,#8961,#8962)) REPRESENTATION_CONTEXT
('Context #1','3D Context with UNIT and UNCERTAINTY') );
#8960 = ( LENGTH_UNIT() NAMED_UNIT(*) SI_UNIT(.MILLI.,.METRE.) );
#8961 = ( NAMED_UNIT(*) PLANE_ANGLE_UNIT() SI_UNIT($,.RADIAN.) );
#8962 = ( NAMED_UNIT(*) SI_UNIT($,.STERADIAN.) SOLID_ANGLE_UNIT() );
#8963 = UNCERTAINTY_MEASURE_WITH_UNIT(LENGTH_MEASURE(1.E-05),#8960,
  'distance_accuracy_value','confusion accuracy');
#8964 = CONTEXT_DEPENDENT_SHAPE_REPRESENTATION(#8965,#8967);
#8965 = ( REPRESENTATION_RELATIONSHIP('','',#6404,#10) 
REPRESENTATION_RELATIONSHIP_WITH_TRANSFORMATION(#8966) 
SHAPE_REPRESENTATION_RELATIONSHIP() );
#8966 = ITEM_DEFINED_TRANSFORMATION('','',#11,#55);
#8967 = PRODUCT_DEFINITION_SHAPE('Placement','Placement of an item',
  #8968);
#8968 = NEXT_ASSEMBLY_USAGE_OCCURRENCE('40','Pad001','',#5,#6399,$);
#8969 = PRODUCT_RELATED_PRODUCT_CATEGORY('part',$,(#6401));
#8970 = SHAPE_DEFINITION_REPRESENTATION(#8971,#8977);
#8971 = PRODUCT_DEFINITION_SHAPE('','',#8972);
#8972 = PRODUCT_DEFINITION('design','',#8973,#8976);
#8973 = PRODUCT_DEFINITION_FORMATION('','',#8974);
#8974 = PRODUCT('Sketch002','Sketch002','',(#8975));
#8975 = PRODUCT_CONTEXT('',#2,'mechanical');
#8976 = PRODUCT_DEFINITION_CONTEXT('part definition',#2,'design');
#8977 = GEOMETRICALLY_BOUNDED_WIREFRAME_SHAPE_REPRESENTATION('',(#11,
    #8978),#9007);
#8978 = GEOMETRIC_CURVE_SET('',(#8979,#8986,#8993,#9000));
#8979 = TRIMMED_CURVE('',#8980,(#8984,PARAMETER_VALUE(0.)),(#8985,
    PARAMETER_VALUE(35.)),.T.,.PARAMETER.);
#8980 = LINE('',#8981,#8982);
#8981 = CARTESIAN_POINT('',(0.,77.996077,0.));
#8982 = VECTOR('',#8983,1.);
#8983 = DIRECTION('',(-1.,0.,0.));
#8984 = CARTESIAN_POINT('',(0.,77.996077,0.));
#8985 = CARTESIAN_POINT('',(-35.,77.996077,0.));
#8986 = TRIMMED_CURVE('',#8987,(#8991,PARAMETER_VALUE(0.)),(#8992,
    PARAMETER_VALUE(37.996077)),.T.,.PARAMETER.);
#8987 = LINE('',#8988,#8989);
#8988 = CARTESIAN_POINT('',(-35.,77.996077,0.));
#8989 = VECTOR('',#8990,1.);
#8990 = DIRECTION('',(0.,-1.,0.));
#8991 = CARTESIAN_POINT('',(-35.,77.996077,0.));
#8992 = CARTESIAN_POINT('',(-35.,40.,0.));
#8993 = TRIMMED_CURVE('',#8994,(#8998,PARAMETER_VALUE(0.)),(#8999,
    PARAMETER_VALUE(35.)),.T.,.PARAMETER.);
#8994 = LINE('',#8995,#8996);
#8995 = CARTESIAN_POINT('',(-35.,40.,0.));
#8996 = VECTOR('',#8997,1.);
#8997 = DIRECTION('',(1.,0.,0.));
#8998 = CARTESIAN_POINT('',(-35.,40.,0.));
#8999 = CARTESIAN_POINT('',(0.,40.,0.));
#9000 = TRIMMED_CURVE('',#9001,(#9005,PARAMETER_VALUE(0.)),(#9006,
    PARAMETER_VALUE(37.996077)),.T.,.PARAMETER.);
#9001 = LINE('',#9002,#9003);
#9002 = CARTESIAN_POINT('',(0.,40.,0.));
#9003 = VECTOR('',#9004,1.);
#9004 = DIRECTION('',(0.,1.,0.));
#9005 = CARTESIAN_POINT('',(0.,40.,0.));
#9006 = CARTESIAN_POINT('',(0.,77.996077,0.));
#9007 = ( GEOMETRIC_REPRESENTATION_CONTEXT(3) 
GLOBAL_UNCERTAINTY_ASSIGNED_CONTEXT((#9011)) 
GLOBAL_UNIT_ASSIGNED_CONTEXT((#9008,#9009,#9010)) REPRESENTATION_CONTEXT
('Context #1','3D Context with UNIT and UNCERTAINTY') );
#9008 = ( LENGTH_UNIT() NAMED_UNIT(*) SI_UNIT(.MILLI.,.METRE.) );
#9009 = ( NAMED_UNIT(*) PLANE_ANGLE_UNIT() SI_UNIT($,.RADIAN.) );
#9010 = ( NAMED_UNIT(*) SI_UNIT($,.STERADIAN.) SOLID_ANGLE_UNIT() );
#9011 = UNCERTAINTY_MEASURE_WITH_UNIT(LENGTH_MEASURE(1.E-07),#9008,
  'distance_accuracy_value','confusion accuracy');
#9012 = CONTEXT_DEPENDENT_SHAPE_REPRESENTATION(#9013,#9015);
#9013 = ( REPRESENTATION_RELATIONSHIP('','',#8977,#10) 
REPRESENTATION_RELATIONSHIP_WITH_TRANSFORMATION(#9014) 
SHAPE_REPRESENTATION_RELATIONSHIP() );
#9014 = ITEM_DEFINED_TRANSFORMATION('','',#11,#59);
#9015 = PRODUCT_DEFINITION_SHAPE('Placement','Placement of an item',
  #9016);
#9016 = NEXT_ASSEMBLY_USAGE_OCCURRENCE('41','Sketch002','',#5,#8972,$);
#9017 = PRODUCT_RELATED_PRODUCT_CATEGORY('part',$,(#8974));
#9018 = SHAPE_DEFINITION_REPRESENTATION(#9019,#9025);
#9019 = PRODUCT_DEFINITION_SHAPE('','',#9020);
#9020 = PRODUCT_DEFINITION('design','',#9021,#9024);
#9021 = PRODUCT_DEFINITION_FORMATION('','',#9022);
#9022 = PRODUCT('Pocket','Pocket','',(#9023));
#9023 = PRODUCT_CONTEXT('',#2,'mechanical');
#9024 = PRODUCT_DEFINITION_CONTEXT('part definition',#2,'design');
#9025 = ADVANCED_BREP_SHAPE_REPRESENTATION('',(#11,#9026),#11662);
#9026 = MANIFOLD_SOLID_BREP('',#9027);
#9027 = CLOSED_SHELL('',(#9028,#9104,#9151,#9176,#9200,#9225,#9265,#9290
    ,#9314,#9332,#9511,#9944,#9961,#9999,#10023,#10049,#10080,#10104,
    #10128,#10159,#10183,#10207,#10238,#10262,#10286,#10317,#10341,
    #10365,#10382,#10413,#10437,#10461,#10478,#10509,#10533,#10557,
    #10574,#10605,#10629,#10653,#10670,#10701,#10726,#10751,#10775,
    #10799,#10824,#10849,#10866,#10897,#10922,#10947,#10971,#10995,
    #11020,#11045,#11062,#11093,#11118,#11143,#11167,#11191,#11216,
    #11241,#11258,#11289,#11314,#11339,#11363,#11387,#11412,#11437,
    #11454,#11466,#11483,#11500,#11517,#11534,#11546,#11558,#11570,
    #11586,#11602,#11618,#11634));
#9028 = ADVANCED_FACE('',(#9029),#9099,.F.);
#9029 = FACE_BOUND('',#9030,.F.);
#9030 = EDGE_LOOP('',(#9031,#9041,#9050,#9058,#9067,#9075,#9084,#9092));
#9031 = ORIENTED_EDGE('',*,*,#9032,.T.);
#9032 = EDGE_CURVE('',#9033,#9035,#9037,.T.);
#9033 = VERTEX_POINT('',#9034);
#9034 = CARTESIAN_POINT('',(-5.,150.,-3.));
#9035 = VERTEX_POINT('',#9036);
#9036 = CARTESIAN_POINT('',(-165.,150.,-3.));
#9037 = LINE('',#9038,#9039);
#9038 = CARTESIAN_POINT('',(-5.,150.,-3.));
#9039 = VECTOR('',#9040,1.);
#9040 = DIRECTION('',(-1.,0.,0.));
#9041 = ORIENTED_EDGE('',*,*,#9042,.T.);
#9042 = EDGE_CURVE('',#9035,#9043,#9045,.T.);
#9043 = VERTEX_POINT('',#9044);
#9044 = CARTESIAN_POINT('',(-170.,145.,-3.));
#9045 = CIRCLE('',#9046,5.);
#9046 = AXIS2_PLACEMENT_3D('',#9047,#9048,#9049);
#9047 = CARTESIAN_POINT('',(-165.,145.,-3.));
#9048 = DIRECTION('',(0.,0.,1.));
#9049 = DIRECTION('',(1.,0.,0.));
#9050 = ORIENTED_EDGE('',*,*,#9051,.T.);
#9051 = EDGE_CURVE('',#9043,#9052,#9054,.T.);
#9052 = VERTEX_POINT('',#9053);
#9053 = CARTESIAN_POINT('',(-170.,5.,-3.));
#9054 = LINE('',#9055,#9056);
#9055 = CARTESIAN_POINT('',(-170.,145.,-3.));
#9056 = VECTOR('',#9057,1.);
#9057 = DIRECTION('',(0.,-1.,0.));
#9058 = ORIENTED_EDGE('',*,*,#9059,.T.);
#9059 = EDGE_CURVE('',#9052,#9060,#9062,.T.);
#9060 = VERTEX_POINT('',#9061);
#9061 = CARTESIAN_POINT('',(-165.,0.,-3.));
#9062 = CIRCLE('',#9063,5.);
#9063 = AXIS2_PLACEMENT_3D('',#9064,#9065,#9066);
#9064 = CARTESIAN_POINT('',(-165.,5.,-3.));
#9065 = DIRECTION('',(0.,0.,1.));
#9066 = DIRECTION('',(1.,0.,0.));
#9067 = ORIENTED_EDGE('',*,*,#9068,.T.);
#9068 = EDGE_CURVE('',#9060,#9069,#9071,.T.);
#9069 = VERTEX_POINT('',#9070);
#9070 = CARTESIAN_POINT('',(-5.,0.,-3.));
#9071 = LINE('',#9072,#9073);
#9072 = CARTESIAN_POINT('',(-165.,0.,-3.));
#9073 = VECTOR('',#9074,1.);
#9074 = DIRECTION('',(1.,0.,0.));
#9075 = ORIENTED_EDGE('',*,*,#9076,.T.);
#9076 = EDGE_CURVE('',#9069,#9077,#9079,.T.);
#9077 = VERTEX_POINT('',#9078);
#9078 = CARTESIAN_POINT('',(0.,5.,-3.));
#9079 = CIRCLE('',#9080,5.);
#9080 = AXIS2_PLACEMENT_3D('',#9081,#9082,#9083);
#9081 = CARTESIAN_POINT('',(-5.,5.,-3.));
#9082 = DIRECTION('',(0.,0.,1.));
#9083 = DIRECTION('',(1.,0.,0.));
#9084 = ORIENTED_EDGE('',*,*,#9085,.T.);
#9085 = EDGE_CURVE('',#9077,#9086,#9088,.T.);
#9086 = VERTEX_POINT('',#9087);
#9087 = CARTESIAN_POINT('',(0.,145.,-3.));
#9088 = LINE('',#9089,#9090);
#9089 = CARTESIAN_POINT('',(0.,5.,-3.));
#9090 = VECTOR('',#9091,1.);
#9091 = DIRECTION('',(0.,1.,0.));
#9092 = ORIENTED_EDGE('',*,*,#9093,.T.);
#9093 = EDGE_CURVE('',#9086,#9033,#9094,.T.);
#9094 = CIRCLE('',#9095,5.);
#9095 = AXIS2_PLACEMENT_3D('',#9096,#9097,#9098);
#9096 = CARTESIAN_POINT('',(-5.,145.,-3.));
#9097 = DIRECTION('',(0.,0.,1.));
#9098 = DIRECTION('',(1.,0.,0.));
#9099 = PLANE('',#9100);
#9100 = AXIS2_PLACEMENT_3D('',#9101,#9102,#9103);
#9101 = CARTESIAN_POINT('',(-85.,75.,-3.));
#9102 = DIRECTION('',(0.,0.,1.));
#9103 = DIRECTION('',(1.,0.,0.));
#9104 = ADVANCED_FACE('',(#9105),#9146,.T.);
#9105 = FACE_BOUND('',#9106,.T.);
#9106 = EDGE_LOOP('',(#9107,#9115,#9116,#9124,#9132,#9140));
#9107 = ORIENTED_EDGE('',*,*,#9108,.F.);
#9108 = EDGE_CURVE('',#9033,#9109,#9111,.T.);
#9109 = VERTEX_POINT('',#9110);
#9110 = CARTESIAN_POINT('',(-5.,150.,40.));
#9111 = LINE('',#9112,#9113);
#9112 = CARTESIAN_POINT('',(-5.,150.,0.));
#9113 = VECTOR('',#9114,1.);
#9114 = DIRECTION('',(0.,0.,1.));
#9115 = ORIENTED_EDGE('',*,*,#9032,.T.);
#9116 = ORIENTED_EDGE('',*,*,#9117,.F.);
#9117 = EDGE_CURVE('',#9118,#9035,#9120,.T.);
#9118 = VERTEX_POINT('',#9119);
#9119 = CARTESIAN_POINT('',(-165.,150.,70.));
#9120 = LINE('',#9121,#9122);
#9121 = CARTESIAN_POINT('',(-165.,150.,0.));
#9122 = VECTOR('',#9123,1.);
#9123 = DIRECTION('',(-0.,-0.,-1.));
#9124 = ORIENTED_EDGE('',*,*,#9125,.F.);
#9125 = EDGE_CURVE('',#9126,#9118,#9128,.T.);
#9126 = VERTEX_POINT('',#9127);
#9127 = CARTESIAN_POINT('',(-35.,150.,70.));
#9128 = LINE('',#9129,#9130);
#9129 = CARTESIAN_POINT('',(-5.,150.,70.));
#9130 = VECTOR('',#9131,1.);
#9131 = DIRECTION('',(-1.,0.,0.));
#9132 = ORIENTED_EDGE('',*,*,#9133,.F.);
#9133 = EDGE_CURVE('',#9134,#9126,#9136,.T.);
#9134 = VERTEX_POINT('',#9135);
#9135 = CARTESIAN_POINT('',(-35.,150.,40.));
#9136 = LINE('',#9137,#9138);
#9137 = CARTESIAN_POINT('',(-35.,150.,55.7480385));
#9138 = VECTOR('',#9139,1.);
#9139 = DIRECTION('',(-0.,0.,1.));
#9140 = ORIENTED_EDGE('',*,*,#9141,.F.);
#9141 = EDGE_CURVE('',#9109,#9134,#9142,.T.);
#9142 = LINE('',#9143,#9144);
#9143 = CARTESIAN_POINT('',(-60.,150.,40.));
#9144 = VECTOR('',#9145,1.);
#9145 = DIRECTION('',(-1.,0.,-0.));
#9146 = PLANE('',#9147);
#9147 = AXIS2_PLACEMENT_3D('',#9148,#9149,#9150);
#9148 = CARTESIAN_POINT('',(-85.,150.,33.5));
#9149 = DIRECTION('',(0.,1.,0.));
#9150 = DIRECTION('',(0.,0.,1.));
#9151 = ADVANCED_FACE('',(#9152),#9171,.T.);
#9152 = FACE_BOUND('',#9153,.F.);
#9153 = EDGE_LOOP('',(#9154,#9155,#9164,#9170));
#9154 = ORIENTED_EDGE('',*,*,#9117,.F.);
#9155 = ORIENTED_EDGE('',*,*,#9156,.T.);
#9156 = EDGE_CURVE('',#9118,#9157,#9159,.T.);
#9157 = VERTEX_POINT('',#9158);
#9158 = CARTESIAN_POINT('',(-170.,145.,70.));
#9159 = CIRCLE('',#9160,5.);
#9160 = AXIS2_PLACEMENT_3D('',#9161,#9162,#9163);
#9161 = CARTESIAN_POINT('',(-165.,145.,70.));
#9162 = DIRECTION('',(0.,0.,1.));
#9163 = DIRECTION('',(1.,0.,0.));
#9164 = ORIENTED_EDGE('',*,*,#9165,.F.);
#9165 = EDGE_CURVE('',#9043,#9157,#9166,.T.);
#9166 = LINE('',#9167,#9168);
#9167 = CARTESIAN_POINT('',(-170.,145.,0.));
#9168 = VECTOR('',#9169,1.);
#9169 = DIRECTION('',(0.,0.,1.));
#9170 = ORIENTED_EDGE('',*,*,#9042,.F.);
#9171 = CYLINDRICAL_SURFACE('',#9172,5.);
#9172 = AXIS2_PLACEMENT_3D('',#9173,#9174,#9175);
#9173 = CARTESIAN_POINT('',(-165.,145.,0.));
#9174 = DIRECTION('',(-0.,-0.,-1.));
#9175 = DIRECTION('',(1.,0.,0.));
#9176 = ADVANCED_FACE('',(#9177),#9195,.T.);
#9177 = FACE_BOUND('',#9178,.T.);
#9178 = EDGE_LOOP('',(#9179,#9180,#9181,#9189));
#9179 = ORIENTED_EDGE('',*,*,#9165,.F.);
#9180 = ORIENTED_EDGE('',*,*,#9051,.T.);
#9181 = ORIENTED_EDGE('',*,*,#9182,.F.);
#9182 = EDGE_CURVE('',#9183,#9052,#9185,.T.);
#9183 = VERTEX_POINT('',#9184);
#9184 = CARTESIAN_POINT('',(-170.,5.,70.));
#9185 = LINE('',#9186,#9187);
#9186 = CARTESIAN_POINT('',(-170.,5.,0.));
#9187 = VECTOR('',#9188,1.);
#9188 = DIRECTION('',(-0.,-0.,-1.));
#9189 = ORIENTED_EDGE('',*,*,#9190,.F.);
#9190 = EDGE_CURVE('',#9157,#9183,#9191,.T.);
#9191 = LINE('',#9192,#9193);
#9192 = CARTESIAN_POINT('',(-170.,145.,70.));
#9193 = VECTOR('',#9194,1.);
#9194 = DIRECTION('',(0.,-1.,0.));
#9195 = PLANE('',#9196);
#9196 = AXIS2_PLACEMENT_3D('',#9197,#9198,#9199);
#9197 = CARTESIAN_POINT('',(-170.,75.,33.5));
#9198 = DIRECTION('',(-1.,-0.,-0.));
#9199 = DIRECTION('',(0.,0.,-1.));
#9200 = ADVANCED_FACE('',(#9201),#9220,.T.);
#9201 = FACE_BOUND('',#9202,.F.);
#9202 = EDGE_LOOP('',(#9203,#9204,#9213,#9219));
#9203 = ORIENTED_EDGE('',*,*,#9182,.F.);
#9204 = ORIENTED_EDGE('',*,*,#9205,.T.);
#9205 = EDGE_CURVE('',#9183,#9206,#9208,.T.);
#9206 = VERTEX_POINT('',#9207);
#9207 = CARTESIAN_POINT('',(-165.,0.,70.));
#9208 = CIRCLE('',#9209,5.);
#9209 = AXIS2_PLACEMENT_3D('',#9210,#9211,#9212);
#9210 = CARTESIAN_POINT('',(-165.,5.,70.));
#9211 = DIRECTION('',(0.,0.,1.));
#9212 = DIRECTION('',(1.,0.,0.));
#9213 = ORIENTED_EDGE('',*,*,#9214,.F.);
#9214 = EDGE_CURVE('',#9060,#9206,#9215,.T.);
#9215 = LINE('',#9216,#9217);
#9216 = CARTESIAN_POINT('',(-165.,0.,0.));
#9217 = VECTOR('',#9218,1.);
#9218 = DIRECTION('',(0.,0.,1.));
#9219 = ORIENTED_EDGE('',*,*,#9059,.F.);
#9220 = CYLINDRICAL_SURFACE('',#9221,5.);
#9221 = AXIS2_PLACEMENT_3D('',#9222,#9223,#9224);
#9222 = CARTESIAN_POINT('',(-165.,5.,0.));
#9223 = DIRECTION('',(-0.,-0.,-1.));
#9224 = DIRECTION('',(1.,0.,0.));
#9225 = ADVANCED_FACE('',(#9226),#9260,.T.);
#9226 = FACE_BOUND('',#9227,.T.);
#9227 = EDGE_LOOP('',(#9228,#9229,#9230,#9238,#9246,#9254));
#9228 = ORIENTED_EDGE('',*,*,#9214,.F.);
#9229 = ORIENTED_EDGE('',*,*,#9068,.T.);
#9230 = ORIENTED_EDGE('',*,*,#9231,.F.);
#9231 = EDGE_CURVE('',#9232,#9069,#9234,.T.);
#9232 = VERTEX_POINT('',#9233);
#9233 = CARTESIAN_POINT('',(-5.,4.440892098501E-15,40.));
#9234 = LINE('',#9235,#9236);
#9235 = CARTESIAN_POINT('',(-5.,0.,0.));
#9236 = VECTOR('',#9237,1.);
#9237 = DIRECTION('',(-0.,-0.,-1.));
#9238 = ORIENTED_EDGE('',*,*,#9239,.F.);
#9239 = EDGE_CURVE('',#9240,#9232,#9242,.T.);
#9240 = VERTEX_POINT('',#9241);
#9241 = CARTESIAN_POINT('',(-35.,8.881784197001E-15,40.));
#9242 = LINE('',#9243,#9244);
#9243 = CARTESIAN_POINT('',(-35.,8.881784197001E-15,40.));
#9244 = VECTOR('',#9245,1.);
#9245 = DIRECTION('',(1.,0.,0.));
#9246 = ORIENTED_EDGE('',*,*,#9247,.F.);
#9247 = EDGE_CURVE('',#9248,#9240,#9250,.T.);
#9248 = VERTEX_POINT('',#9249);
#9249 = CARTESIAN_POINT('',(-35.,7.771561172376E-15,70.));
#9250 = LINE('',#9251,#9252);
#9251 = CARTESIAN_POINT('',(-35.,1.731860810317E-14,77.996077));
#9252 = VECTOR('',#9253,1.);
#9253 = DIRECTION('',(0.,-2.22044604925E-16,-1.));
#9254 = ORIENTED_EDGE('',*,*,#9255,.F.);
#9255 = EDGE_CURVE('',#9206,#9248,#9256,.T.);
#9256 = LINE('',#9257,#9258);
#9257 = CARTESIAN_POINT('',(-165.,0.,70.));
#9258 = VECTOR('',#9259,1.);
#9259 = DIRECTION('',(1.,0.,0.));
#9260 = PLANE('',#9261);
#9261 = AXIS2_PLACEMENT_3D('',#9262,#9263,#9264);
#9262 = CARTESIAN_POINT('',(-85.,0.,33.5));
#9263 = DIRECTION('',(-0.,-1.,-0.));
#9264 = DIRECTION('',(0.,0.,-1.));
#9265 = ADVANCED_FACE('',(#9266),#9285,.T.);
#9266 = FACE_BOUND('',#9267,.F.);
#9267 = EDGE_LOOP('',(#9268,#9269,#9278,#9284));
#9268 = ORIENTED_EDGE('',*,*,#9231,.F.);
#9269 = ORIENTED_EDGE('',*,*,#9270,.F.);
#9270 = EDGE_CURVE('',#9271,#9232,#9273,.T.);
#9271 = VERTEX_POINT('',#9272);
#9272 = CARTESIAN_POINT('',(0.,5.,40.));
#9273 = CIRCLE('',#9274,5.);
#9274 = AXIS2_PLACEMENT_3D('',#9275,#9276,#9277);
#9275 = CARTESIAN_POINT('',(-5.,5.,40.));
#9276 = DIRECTION('',(0.,0.,-1.));
#9277 = DIRECTION('',(1.,0.,0.));
#9278 = ORIENTED_EDGE('',*,*,#9279,.F.);
#9279 = EDGE_CURVE('',#9077,#9271,#9280,.T.);
#9280 = LINE('',#9281,#9282);
#9281 = CARTESIAN_POINT('',(0.,5.,0.));
#9282 = VECTOR('',#9283,1.);
#9283 = DIRECTION('',(0.,0.,1.));
#9284 = ORIENTED_EDGE('',*,*,#9076,.F.);
#9285 = CYLINDRICAL_SURFACE('',#9286,5.);
#9286 = AXIS2_PLACEMENT_3D('',#9287,#9288,#9289);
#9287 = CARTESIAN_POINT('',(-5.,5.,0.));
#9288 = DIRECTION('',(-0.,-0.,-1.));
#9289 = DIRECTION('',(1.,0.,0.));
#9290 = ADVANCED_FACE('',(#9291),#9309,.T.);
#9291 = FACE_BOUND('',#9292,.T.);
#9292 = EDGE_LOOP('',(#9293,#9294,#9295,#9303));
#9293 = ORIENTED_EDGE('',*,*,#9279,.F.);
#9294 = ORIENTED_EDGE('',*,*,#9085,.T.);
#9295 = ORIENTED_EDGE('',*,*,#9296,.F.);
#9296 = EDGE_CURVE('',#9297,#9086,#9299,.T.);
#9297 = VERTEX_POINT('',#9298);
#9298 = CARTESIAN_POINT('',(0.,145.,40.));
#9299 = LINE('',#9300,#9301);
#9300 = CARTESIAN_POINT('',(0.,145.,0.));
#9301 = VECTOR('',#9302,1.);
#9302 = DIRECTION('',(-0.,-0.,-1.));
#9303 = ORIENTED_EDGE('',*,*,#9304,.F.);
#9304 = EDGE_CURVE('',#9271,#9297,#9305,.T.);
#9305 = LINE('',#9306,#9307);
#9306 = CARTESIAN_POINT('',(0.,8.881784197001E-15,40.));
#9307 = VECTOR('',#9308,1.);
#9308 = DIRECTION('',(0.,1.,-2.22044604925E-16));
#9309 = PLANE('',#9310);
#9310 = AXIS2_PLACEMENT_3D('',#9311,#9312,#9313);
#9311 = CARTESIAN_POINT('',(0.,75.,33.5));
#9312 = DIRECTION('',(1.,0.,0.));
#9313 = DIRECTION('',(0.,0.,1.));
#9314 = ADVANCED_FACE('',(#9315),#9327,.T.);
#9315 = FACE_BOUND('',#9316,.F.);
#9316 = EDGE_LOOP('',(#9317,#9318,#9325,#9326));
#9317 = ORIENTED_EDGE('',*,*,#9296,.F.);
#9318 = ORIENTED_EDGE('',*,*,#9319,.F.);
#9319 = EDGE_CURVE('',#9109,#9297,#9320,.T.);
#9320 = CIRCLE('',#9321,5.);
#9321 = AXIS2_PLACEMENT_3D('',#9322,#9323,#9324);
#9322 = CARTESIAN_POINT('',(-5.,145.,40.));
#9323 = DIRECTION('',(0.,0.,-1.));
#9324 = DIRECTION('',(1.,0.,0.));
#9325 = ORIENTED_EDGE('',*,*,#9108,.F.);
#9326 = ORIENTED_EDGE('',*,*,#9093,.F.);
#9327 = CYLINDRICAL_SURFACE('',#9328,5.);
#9328 = AXIS2_PLACEMENT_3D('',#9329,#9330,#9331);
#9329 = CARTESIAN_POINT('',(-5.,145.,0.));
#9330 = DIRECTION('',(-0.,-0.,-1.));
#9331 = DIRECTION('',(1.,0.,0.));
#9332 = ADVANCED_FACE('',(#9333),#9506,.F.);
#9333 = FACE_BOUND('',#9334,.F.);
#9334 = EDGE_LOOP('',(#9335,#9345,#9353,#9361,#9369,#9377,#9385,#9393,
    #9401,#9409,#9417,#9425,#9433,#9441,#9449,#9457,#9465,#9471,#9472,
    #9473,#9474,#9475,#9476,#9484,#9492,#9500));
#9335 = ORIENTED_EDGE('',*,*,#9336,.T.);
#9336 = EDGE_CURVE('',#9337,#9339,#9341,.T.);
#9337 = VERTEX_POINT('',#9338);
#9338 = CARTESIAN_POINT('',(-35.,44.,40.));
#9339 = VERTEX_POINT('',#9340);
#9340 = CARTESIAN_POINT('',(-35.,47.,40.));
#9341 = LINE('',#9342,#9343);
#9342 = CARTESIAN_POINT('',(-35.,8.881784197001E-15,40.));
#9343 = VECTOR('',#9344,1.);
#9344 = DIRECTION('',(0.,1.,-2.22044604925E-16));
#9345 = ORIENTED_EDGE('',*,*,#9346,.F.);
#9346 = EDGE_CURVE('',#9347,#9339,#9349,.T.);
#9347 = VERTEX_POINT('',#9348);
#9348 = CARTESIAN_POINT('',(-3.,47.,40.));
#9349 = LINE('',#9350,#9351);
#9350 = CARTESIAN_POINT('',(-35.,47.,40.));
#9351 = VECTOR('',#9352,1.);
#9352 = DIRECTION('',(-1.,0.,-0.));
#9353 = ORIENTED_EDGE('',*,*,#9354,.F.);
#9354 = EDGE_CURVE('',#9355,#9347,#9357,.T.);
#9355 = VERTEX_POINT('',#9356);
#9356 = CARTESIAN_POINT('',(-3.,72.562552,40.));
#9357 = LINE('',#9358,#9359);
#9358 = CARTESIAN_POINT('',(-3.,29.890638,40.));
#9359 = VECTOR('',#9360,1.);
#9360 = DIRECTION('',(0.,-1.,2.22044604925E-16));
#9361 = ORIENTED_EDGE('',*,*,#9362,.T.);
#9362 = EDGE_CURVE('',#9355,#9363,#9365,.T.);
#9363 = VERTEX_POINT('',#9364);
#9364 = CARTESIAN_POINT('',(-35.,72.562552,40.));
#9365 = LINE('',#9366,#9367);
#9366 = CARTESIAN_POINT('',(-35.,72.562552,40.));
#9367 = VECTOR('',#9368,1.);
#9368 = DIRECTION('',(-1.,0.,-0.));
#9369 = ORIENTED_EDGE('',*,*,#9370,.T.);
#9370 = EDGE_CURVE('',#9363,#9371,#9373,.T.);
#9371 = VERTEX_POINT('',#9372);
#9372 = CARTESIAN_POINT('',(-35.,74.562552,40.));
#9373 = LINE('',#9374,#9375);
#9374 = CARTESIAN_POINT('',(-35.,8.881784197001E-15,40.));
#9375 = VECTOR('',#9376,1.);
#9376 = DIRECTION('',(0.,1.,-2.22044604925E-16));
#9377 = ORIENTED_EDGE('',*,*,#9378,.T.);
#9378 = EDGE_CURVE('',#9371,#9379,#9381,.T.);
#9379 = VERTEX_POINT('',#9380);
#9380 = CARTESIAN_POINT('',(-3.,74.562552,40.));
#9381 = LINE('',#9382,#9383);
#9382 = CARTESIAN_POINT('',(-19.,74.562552,40.));
#9383 = VECTOR('',#9384,1.);
#9384 = DIRECTION('',(1.,0.,0.));
#9385 = ORIENTED_EDGE('',*,*,#9386,.F.);
#9386 = EDGE_CURVE('',#9387,#9379,#9389,.T.);
#9387 = VERTEX_POINT('',#9388);
#9388 = CARTESIAN_POINT('',(-3.,97.934734,40.));
#9389 = LINE('',#9390,#9391);
#9390 = CARTESIAN_POINT('',(-3.,37.281276,40.));
#9391 = VECTOR('',#9392,1.);
#9392 = DIRECTION('',(0.,-1.,2.22044604925E-16));
#9393 = ORIENTED_EDGE('',*,*,#9394,.T.);
#9394 = EDGE_CURVE('',#9387,#9395,#9397,.T.);
#9395 = VERTEX_POINT('',#9396);
#9396 = CARTESIAN_POINT('',(-35.,97.934734,40.));
#9397 = LINE('',#9398,#9399);
#9398 = CARTESIAN_POINT('',(-35.,97.934734,40.));
#9399 = VECTOR('',#9400,1.);
#9400 = DIRECTION('',(-1.,0.,-0.));
#9401 = ORIENTED_EDGE('',*,*,#9402,.T.);
#9402 = EDGE_CURVE('',#9395,#9403,#9405,.T.);
#9403 = VERTEX_POINT('',#9404);
#9404 = CARTESIAN_POINT('',(-35.,99.934734,40.));
#9405 = LINE('',#9406,#9407);
#9406 = CARTESIAN_POINT('',(-35.,8.881784197001E-15,40.));
#9407 = VECTOR('',#9408,1.);
#9408 = DIRECTION('',(0.,1.,-2.22044604925E-16));
#9409 = ORIENTED_EDGE('',*,*,#9410,.T.);
#9410 = EDGE_CURVE('',#9403,#9411,#9413,.T.);
#9411 = VERTEX_POINT('',#9412);
#9412 = CARTESIAN_POINT('',(-3.,99.934734,40.));
#9413 = LINE('',#9414,#9415);
#9414 = CARTESIAN_POINT('',(-19.,99.934734,40.));
#9415 = VECTOR('',#9416,1.);
#9416 = DIRECTION('',(1.,0.,0.));
#9417 = ORIENTED_EDGE('',*,*,#9418,.F.);
#9418 = EDGE_CURVE('',#9419,#9411,#9421,.T.);
#9419 = VERTEX_POINT('',#9420);
#9420 = CARTESIAN_POINT('',(-3.,123.306915,40.));
#9421 = LINE('',#9422,#9423);
#9422 = CARTESIAN_POINT('',(-3.,49.967367,40.));
#9423 = VECTOR('',#9424,1.);
#9424 = DIRECTION('',(0.,-1.,2.22044604925E-16));
#9425 = ORIENTED_EDGE('',*,*,#9426,.T.);
#9426 = EDGE_CURVE('',#9419,#9427,#9429,.T.);
#9427 = VERTEX_POINT('',#9428);
#9428 = CARTESIAN_POINT('',(-35.,123.306915,40.));
#9429 = LINE('',#9430,#9431);
#9430 = CARTESIAN_POINT('',(-35.,123.306915,40.));
#9431 = VECTOR('',#9432,1.);
#9432 = DIRECTION('',(-1.,0.,-0.));
#9433 = ORIENTED_EDGE('',*,*,#9434,.T.);
#9434 = EDGE_CURVE('',#9427,#9435,#9437,.T.);
#9435 = VERTEX_POINT('',#9436);
#9436 = CARTESIAN_POINT('',(-35.,125.306915,40.));
#9437 = LINE('',#9438,#9439);
#9438 = CARTESIAN_POINT('',(-35.,8.881784197001E-15,40.));
#9439 = VECTOR('',#9440,1.);
#9440 = DIRECTION('',(0.,1.,-2.22044604925E-16));
#9441 = ORIENTED_EDGE('',*,*,#9442,.T.);
#9442 = EDGE_CURVE('',#9435,#9443,#9445,.T.);
#9443 = VERTEX_POINT('',#9444);
#9444 = CARTESIAN_POINT('',(-3.,125.306915,40.));
#9445 = LINE('',#9446,#9447);
#9446 = CARTESIAN_POINT('',(-19.,125.306915,40.));
#9447 = VECTOR('',#9448,1.);
#9448 = DIRECTION('',(1.,0.,0.));
#9449 = ORIENTED_EDGE('',*,*,#9450,.F.);
#9450 = EDGE_CURVE('',#9451,#9443,#9453,.T.);
#9451 = VERTEX_POINT('',#9452);
#9452 = CARTESIAN_POINT('',(-3.,147.,40.));
#9453 = LINE('',#9454,#9455);
#9454 = CARTESIAN_POINT('',(-3.,62.6534575,40.));
#9455 = VECTOR('',#9456,1.);
#9456 = DIRECTION('',(0.,-1.,2.22044604925E-16));
#9457 = ORIENTED_EDGE('',*,*,#9458,.F.);
#9458 = EDGE_CURVE('',#9459,#9451,#9461,.T.);
#9459 = VERTEX_POINT('',#9460);
#9460 = CARTESIAN_POINT('',(-35.,147.,40.));
#9461 = LINE('',#9462,#9463);
#9462 = CARTESIAN_POINT('',(-19.,147.,40.));
#9463 = VECTOR('',#9464,1.);
#9464 = DIRECTION('',(1.,0.,0.));
#9465 = ORIENTED_EDGE('',*,*,#9466,.T.);
#9466 = EDGE_CURVE('',#9459,#9134,#9467,.T.);
#9467 = LINE('',#9468,#9469);
#9468 = CARTESIAN_POINT('',(-35.,8.881784197001E-15,40.));
#9469 = VECTOR('',#9470,1.);
#9470 = DIRECTION('',(0.,1.,-2.22044604925E-16));
#9471 = ORIENTED_EDGE('',*,*,#9141,.F.);
#9472 = ORIENTED_EDGE('',*,*,#9319,.T.);
#9473 = ORIENTED_EDGE('',*,*,#9304,.F.);
#9474 = ORIENTED_EDGE('',*,*,#9270,.T.);
#9475 = ORIENTED_EDGE('',*,*,#9239,.F.);
#9476 = ORIENTED_EDGE('',*,*,#9477,.T.);
#9477 = EDGE_CURVE('',#9240,#9478,#9480,.T.);
#9478 = VERTEX_POINT('',#9479);
#9479 = CARTESIAN_POINT('',(-35.,2.89996,40.));
#9480 = LINE('',#9481,#9482);
#9481 = CARTESIAN_POINT('',(-35.,8.881784197001E-15,40.));
#9482 = VECTOR('',#9483,1.);
#9483 = DIRECTION('',(0.,1.,-2.22044604925E-16));
#9484 = ORIENTED_EDGE('',*,*,#9485,.F.);
#9485 = EDGE_CURVE('',#9486,#9478,#9488,.T.);
#9486 = VERTEX_POINT('',#9487);
#9487 = CARTESIAN_POINT('',(-3.,2.89996,40.));
#9488 = LINE('',#9489,#9490);
#9489 = CARTESIAN_POINT('',(-38.4475615,2.89996,40.));
#9490 = VECTOR('',#9491,1.);
#9491 = DIRECTION('',(-1.,0.,-0.));
#9492 = ORIENTED_EDGE('',*,*,#9493,.F.);
#9493 = EDGE_CURVE('',#9494,#9486,#9496,.T.);
#9494 = VERTEX_POINT('',#9495);
#9495 = CARTESIAN_POINT('',(-3.,44.,40.));
#9496 = LINE('',#9497,#9498);
#9497 = CARTESIAN_POINT('',(-3.,1.44998,40.));
#9498 = VECTOR('',#9499,1.);
#9499 = DIRECTION('',(0.,-1.,2.22044604925E-16));
#9500 = ORIENTED_EDGE('',*,*,#9501,.F.);
#9501 = EDGE_CURVE('',#9337,#9494,#9502,.T.);
#9502 = LINE('',#9503,#9504);
#9503 = CARTESIAN_POINT('',(-19.,44.,40.));
#9504 = VECTOR('',#9505,1.);
#9505 = DIRECTION('',(1.,0.,0.));
#9506 = PLANE('',#9507);
#9507 = AXIS2_PLACEMENT_3D('',#9508,#9509,#9510);
#9508 = CARTESIAN_POINT('',(-35.,8.881784197001E-15,40.));
#9509 = DIRECTION('',(0.,-2.22044604925E-16,-1.));
#9510 = DIRECTION('',(1.,0.,0.));
#9511 = ADVANCED_FACE('',(#9512,#9557,#9591,#9625,#9659,#9729,#9799,
    #9869),#9939,.T.);
#9512 = FACE_BOUND('',#9513,.T.);
#9513 = EDGE_LOOP('',(#9514,#9515,#9523,#9531,#9539,#9547,#9553,#9554,
    #9555,#9556));
#9514 = ORIENTED_EDGE('',*,*,#9255,.T.);
#9515 = ORIENTED_EDGE('',*,*,#9516,.F.);
#9516 = EDGE_CURVE('',#9517,#9248,#9519,.T.);
#9517 = VERTEX_POINT('',#9518);
#9518 = CARTESIAN_POINT('',(-35.,2.89996,70.));
#9519 = LINE('',#9520,#9521);
#9520 = CARTESIAN_POINT('',(-35.,37.332248723952,70.));
#9521 = VECTOR('',#9522,1.);
#9522 = DIRECTION('',(-0.,-1.,0.));
#9523 = ORIENTED_EDGE('',*,*,#9524,.F.);
#9524 = EDGE_CURVE('',#9525,#9517,#9527,.T.);
#9525 = VERTEX_POINT('',#9526);
#9526 = CARTESIAN_POINT('',(-41.895123,2.89996,70.));
#9527 = LINE('',#9528,#9529);
#9528 = CARTESIAN_POINT('',(-41.895123,2.89996,70.));
#9529 = VECTOR('',#9530,1.);
#9530 = DIRECTION('',(1.,0.,0.));
#9531 = ORIENTED_EDGE('',*,*,#9532,.F.);
#9532 = EDGE_CURVE('',#9533,#9525,#9535,.T.);
#9533 = VERTEX_POINT('',#9534);
#9534 = CARTESIAN_POINT('',(-41.895123,44.,70.));
#9535 = LINE('',#9536,#9537);
#9536 = CARTESIAN_POINT('',(-41.895123,44.,70.));
#9537 = VECTOR('',#9538,1.);
#9538 = DIRECTION('',(0.,-1.,0.));
#9539 = ORIENTED_EDGE('',*,*,#9540,.F.);
#9540 = EDGE_CURVE('',#9541,#9533,#9543,.T.);
#9541 = VERTEX_POINT('',#9542);
#9542 = CARTESIAN_POINT('',(-35.,44.,70.));
#9543 = LINE('',#9544,#9545);
#9544 = CARTESIAN_POINT('',(-3.,44.,70.));
#9545 = VECTOR('',#9546,1.);
#9546 = DIRECTION('',(-1.,0.,0.));
#9547 = ORIENTED_EDGE('',*,*,#9548,.F.);
#9548 = EDGE_CURVE('',#9126,#9541,#9549,.T.);
#9549 = LINE('',#9550,#9551);
#9550 = CARTESIAN_POINT('',(-35.,37.332248723952,70.));
#9551 = VECTOR('',#9552,1.);
#9552 = DIRECTION('',(-0.,-1.,0.));
#9553 = ORIENTED_EDGE('',*,*,#9125,.T.);
#9554 = ORIENTED_EDGE('',*,*,#9156,.T.);
#9555 = ORIENTED_EDGE('',*,*,#9190,.T.);
#9556 = ORIENTED_EDGE('',*,*,#9205,.T.);
#9557 = FACE_BOUND('',#9558,.T.);
#9558 = EDGE_LOOP('',(#9559,#9569,#9577,#9585));
#9559 = ORIENTED_EDGE('',*,*,#9560,.F.);
#9560 = EDGE_CURVE('',#9561,#9563,#9565,.T.);
#9561 = VERTEX_POINT('',#9562);
#9562 = CARTESIAN_POINT('',(-167.,44.,70.));
#9563 = VERTEX_POINT('',#9564);
#9564 = CARTESIAN_POINT('',(-167.,3.,70.));
#9565 = LINE('',#9566,#9567);
#9566 = CARTESIAN_POINT('',(-167.,44.,70.));
#9567 = VECTOR('',#9568,1.);
#9568 = DIRECTION('',(0.,-1.,0.));
#9569 = ORIENTED_EDGE('',*,*,#9570,.F.);
#9570 = EDGE_CURVE('',#9571,#9561,#9573,.T.);
#9571 = VERTEX_POINT('',#9572);
#9572 = CARTESIAN_POINT('',(-120.1315,44.,70.));
#9573 = LINE('',#9574,#9575);
#9574 = CARTESIAN_POINT('',(-120.1315,44.,70.));
#9575 = VECTOR('',#9576,1.);
#9576 = DIRECTION('',(-1.,0.,0.));
#9577 = ORIENTED_EDGE('',*,*,#9578,.T.);
#9578 = EDGE_CURVE('',#9571,#9579,#9581,.T.);
#9579 = VERTEX_POINT('',#9580);
#9580 = CARTESIAN_POINT('',(-120.1315,3.,70.));
#9581 = LINE('',#9582,#9583);
#9582 = CARTESIAN_POINT('',(-120.1315,44.,70.));
#9583 = VECTOR('',#9584,1.);
#9584 = DIRECTION('',(0.,-1.,0.));
#9585 = ORIENTED_EDGE('',*,*,#9586,.F.);
#9586 = EDGE_CURVE('',#9563,#9579,#9587,.T.);
#9587 = LINE('',#9588,#9589);
#9588 = CARTESIAN_POINT('',(-167.,3.,70.));
#9589 = VECTOR('',#9590,1.);
#9590 = DIRECTION('',(1.,0.,0.));
#9591 = FACE_BOUND('',#9592,.T.);
#9592 = EDGE_LOOP('',(#9593,#9603,#9611,#9619));
#9593 = ORIENTED_EDGE('',*,*,#9594,.T.);
#9594 = EDGE_CURVE('',#9595,#9597,#9599,.T.);
#9595 = VERTEX_POINT('',#9596);
#9596 = CARTESIAN_POINT('',(-85.,44.,70.));
#9597 = VERTEX_POINT('',#9598);
#9598 = CARTESIAN_POINT('',(-85.,2.89996,70.));
#9599 = LINE('',#9600,#9601);
#9600 = CARTESIAN_POINT('',(-85.,44.,70.));
#9601 = VECTOR('',#9602,1.);
#9602 = DIRECTION('',(0.,-1.,0.));
#9603 = ORIENTED_EDGE('',*,*,#9604,.F.);
#9604 = EDGE_CURVE('',#9605,#9597,#9607,.T.);
#9605 = VERTEX_POINT('',#9606);
#9606 = CARTESIAN_POINT('',(-117.943893,2.89996,70.));
#9607 = LINE('',#9608,#9609);
#9608 = CARTESIAN_POINT('',(-117.943893,2.89996,70.));
#9609 = VECTOR('',#9610,1.);
#9610 = DIRECTION('',(1.,0.,0.));
#9611 = ORIENTED_EDGE('',*,*,#9612,.F.);
#9612 = EDGE_CURVE('',#9613,#9605,#9615,.T.);
#9613 = VERTEX_POINT('',#9614);
#9614 = CARTESIAN_POINT('',(-117.943893,44.,70.));
#9615 = LINE('',#9616,#9617);
#9616 = CARTESIAN_POINT('',(-117.943893,44.,70.));
#9617 = VECTOR('',#9618,1.);
#9618 = DIRECTION('',(0.,-1.,0.));
#9619 = ORIENTED_EDGE('',*,*,#9620,.F.);
#9620 = EDGE_CURVE('',#9595,#9613,#9621,.T.);
#9621 = LINE('',#9622,#9623);
#9622 = CARTESIAN_POINT('',(-85.,44.,70.));
#9623 = VECTOR('',#9624,1.);
#9624 = DIRECTION('',(-1.,0.,0.));
#9625 = FACE_BOUND('',#9626,.T.);
#9626 = EDGE_LOOP('',(#9627,#9637,#9645,#9653));
#9627 = ORIENTED_EDGE('',*,*,#9628,.T.);
#9628 = EDGE_CURVE('',#9629,#9631,#9633,.T.);
#9629 = VERTEX_POINT('',#9630);
#9630 = CARTESIAN_POINT('',(-44.23278,44.,70.));
#9631 = VERTEX_POINT('',#9632);
#9632 = CARTESIAN_POINT('',(-44.23278,2.89996,70.));
#9633 = LINE('',#9634,#9635);
#9634 = CARTESIAN_POINT('',(-44.23278,44.,70.));
#9635 = VECTOR('',#9636,1.);
#9636 = DIRECTION('',(0.,-1.,0.));
#9637 = ORIENTED_EDGE('',*,*,#9638,.F.);
#9638 = EDGE_CURVE('',#9639,#9631,#9641,.T.);
#9639 = VERTEX_POINT('',#9640);
#9640 = CARTESIAN_POINT('',(-82.578094,2.89996,70.));
#9641 = LINE('',#9642,#9643);
#9642 = CARTESIAN_POINT('',(-82.578094,2.89996,70.));
#9643 = VECTOR('',#9644,1.);
#9644 = DIRECTION('',(1.,0.,0.));
#9645 = ORIENTED_EDGE('',*,*,#9646,.F.);
#9646 = EDGE_CURVE('',#9647,#9639,#9649,.T.);
#9647 = VERTEX_POINT('',#9648);
#9648 = CARTESIAN_POINT('',(-82.578094,44.,70.));
#9649 = LINE('',#9650,#9651);
#9650 = CARTESIAN_POINT('',(-82.578094,44.,70.));
#9651 = VECTOR('',#9652,1.);
#9652 = DIRECTION('',(0.,-1.,0.));
#9653 = ORIENTED_EDGE('',*,*,#9654,.F.);
#9654 = EDGE_CURVE('',#9629,#9647,#9655,.T.);
#9655 = LINE('',#9656,#9657);
#9656 = CARTESIAN_POINT('',(-44.23278,44.,70.));
#9657 = VECTOR('',#9658,1.);
#9658 = DIRECTION('',(-1.,0.,0.));
#9659 = FACE_BOUND('',#9660,.T.);
#9660 = EDGE_LOOP('',(#9661,#9671,#9680,#9688,#9697,#9705,#9714,#9722));
#9661 = ORIENTED_EDGE('',*,*,#9662,.F.);
#9662 = EDGE_CURVE('',#9663,#9665,#9667,.T.);
#9663 = VERTEX_POINT('',#9664);
#9664 = CARTESIAN_POINT('',(-137.,52.,70.));
#9665 = VERTEX_POINT('',#9666);
#9666 = CARTESIAN_POINT('',(-137.,142.,70.));
#9667 = LINE('',#9668,#9669);
#9668 = CARTESIAN_POINT('',(-137.,52.,70.));
#9669 = VECTOR('',#9670,1.);
#9670 = DIRECTION('',(0.,1.,0.));
#9671 = ORIENTED_EDGE('',*,*,#9672,.F.);
#9672 = EDGE_CURVE('',#9673,#9663,#9675,.T.);
#9673 = VERTEX_POINT('',#9674);
#9674 = CARTESIAN_POINT('',(-142.,47.,70.));
#9675 = CIRCLE('',#9676,5.);
#9676 = AXIS2_PLACEMENT_3D('',#9677,#9678,#9679);
#9677 = CARTESIAN_POINT('',(-142.,52.,70.));
#9678 = DIRECTION('',(0.,0.,1.));
#9679 = DIRECTION('',(1.,0.,0.));
#9680 = ORIENTED_EDGE('',*,*,#9681,.F.);
#9681 = EDGE_CURVE('',#9682,#9673,#9684,.T.);
#9682 = VERTEX_POINT('',#9683);
#9683 = CARTESIAN_POINT('',(-162.,47.,70.));
#9684 = LINE('',#9685,#9686);
#9685 = CARTESIAN_POINT('',(-162.,47.,70.));
#9686 = VECTOR('',#9687,1.);
#9687 = DIRECTION('',(1.,0.,0.));
#9688 = ORIENTED_EDGE('',*,*,#9689,.F.);
#9689 = EDGE_CURVE('',#9690,#9682,#9692,.T.);
#9690 = VERTEX_POINT('',#9691);
#9691 = CARTESIAN_POINT('',(-167.,52.,70.));
#9692 = CIRCLE('',#9693,5.);
#9693 = AXIS2_PLACEMENT_3D('',#9694,#9695,#9696);
#9694 = CARTESIAN_POINT('',(-162.,52.,70.));
#9695 = DIRECTION('',(0.,0.,1.));
#9696 = DIRECTION('',(1.,0.,0.));
#9697 = ORIENTED_EDGE('',*,*,#9698,.F.);
#9698 = EDGE_CURVE('',#9699,#9690,#9701,.T.);
#9699 = VERTEX_POINT('',#9700);
#9700 = CARTESIAN_POINT('',(-167.,142.,70.));
#9701 = LINE('',#9702,#9703);
#9702 = CARTESIAN_POINT('',(-167.,142.,70.));
#9703 = VECTOR('',#9704,1.);
#9704 = DIRECTION('',(0.,-1.,0.));
#9705 = ORIENTED_EDGE('',*,*,#9706,.F.);
#9706 = EDGE_CURVE('',#9707,#9699,#9709,.T.);
#9707 = VERTEX_POINT('',#9708);
#9708 = CARTESIAN_POINT('',(-162.,147.,70.));
#9709 = CIRCLE('',#9710,5.);
#9710 = AXIS2_PLACEMENT_3D('',#9711,#9712,#9713);
#9711 = CARTESIAN_POINT('',(-162.,142.,70.));
#9712 = DIRECTION('',(0.,0.,1.));
#9713 = DIRECTION('',(1.,0.,0.));
#9714 = ORIENTED_EDGE('',*,*,#9715,.F.);
#9715 = EDGE_CURVE('',#9716,#9707,#9718,.T.);
#9716 = VERTEX_POINT('',#9717);
#9717 = CARTESIAN_POINT('',(-142.,147.,70.));
#9718 = LINE('',#9719,#9720);
#9719 = CARTESIAN_POINT('',(-142.,147.,70.));
#9720 = VECTOR('',#9721,1.);
#9721 = DIRECTION('',(-1.,0.,0.));
#9722 = ORIENTED_EDGE('',*,*,#9723,.F.);
#9723 = EDGE_CURVE('',#9665,#9716,#9724,.T.);
#9724 = CIRCLE('',#9725,5.);
#9725 = AXIS2_PLACEMENT_3D('',#9726,#9727,#9728);
#9726 = CARTESIAN_POINT('',(-142.,142.,70.));
#9727 = DIRECTION('',(0.,0.,1.));
#9728 = DIRECTION('',(1.,0.,0.));
#9729 = FACE_BOUND('',#9730,.T.);
#9730 = EDGE_LOOP('',(#9731,#9741,#9750,#9758,#9767,#9775,#9784,#9792));
#9731 = ORIENTED_EDGE('',*,*,#9732,.F.);
#9732 = EDGE_CURVE('',#9733,#9735,#9737,.T.);
#9733 = VERTEX_POINT('',#9734);
#9734 = CARTESIAN_POINT('',(-104.,51.999998464102,70.));
#9735 = VERTEX_POINT('',#9736);
#9736 = CARTESIAN_POINT('',(-104.,141.9999984641,70.));
#9737 = LINE('',#9738,#9739);
#9738 = CARTESIAN_POINT('',(-104.,51.999998464102,70.));
#9739 = VECTOR('',#9740,1.);
#9740 = DIRECTION('',(0.,1.,0.));
#9741 = ORIENTED_EDGE('',*,*,#9742,.F.);
#9742 = EDGE_CURVE('',#9743,#9733,#9745,.T.);
#9743 = VERTEX_POINT('',#9744);
#9744 = CARTESIAN_POINT('',(-109.,46.999998464102,70.));
#9745 = CIRCLE('',#9746,5.);
#9746 = AXIS2_PLACEMENT_3D('',#9747,#9748,#9749);
#9747 = CARTESIAN_POINT('',(-109.,51.999998464102,70.));
#9748 = DIRECTION('',(0.,0.,1.));
#9749 = DIRECTION('',(1.,0.,0.));
#9750 = ORIENTED_EDGE('',*,*,#9751,.F.);
#9751 = EDGE_CURVE('',#9752,#9743,#9754,.T.);
#9752 = VERTEX_POINT('',#9753);
#9753 = CARTESIAN_POINT('',(-129.,46.999998464102,70.));
#9754 = LINE('',#9755,#9756);
#9755 = CARTESIAN_POINT('',(-129.,46.999998464102,70.));
#9756 = VECTOR('',#9757,1.);
#9757 = DIRECTION('',(1.,0.,0.));
#9758 = ORIENTED_EDGE('',*,*,#9759,.F.);
#9759 = EDGE_CURVE('',#9760,#9752,#9762,.T.);
#9760 = VERTEX_POINT('',#9761);
#9761 = CARTESIAN_POINT('',(-134.,51.999998464102,70.));
#9762 = CIRCLE('',#9763,5.);
#9763 = AXIS2_PLACEMENT_3D('',#9764,#9765,#9766);
#9764 = CARTESIAN_POINT('',(-129.,51.999998464102,70.));
#9765 = DIRECTION('',(0.,0.,1.));
#9766 = DIRECTION('',(1.,0.,0.));
#9767 = ORIENTED_EDGE('',*,*,#9768,.F.);
#9768 = EDGE_CURVE('',#9769,#9760,#9771,.T.);
#9769 = VERTEX_POINT('',#9770);
#9770 = CARTESIAN_POINT('',(-134.,141.9999984641,70.));
#9771 = LINE('',#9772,#9773);
#9772 = CARTESIAN_POINT('',(-134.,141.9999984641,70.));
#9773 = VECTOR('',#9774,1.);
#9774 = DIRECTION('',(0.,-1.,0.));
#9775 = ORIENTED_EDGE('',*,*,#9776,.F.);
#9776 = EDGE_CURVE('',#9777,#9769,#9779,.T.);
#9777 = VERTEX_POINT('',#9778);
#9778 = CARTESIAN_POINT('',(-129.,146.9999984641,70.));
#9779 = CIRCLE('',#9780,5.);
#9780 = AXIS2_PLACEMENT_3D('',#9781,#9782,#9783);
#9781 = CARTESIAN_POINT('',(-129.,141.9999984641,70.));
#9782 = DIRECTION('',(0.,0.,1.));
#9783 = DIRECTION('',(1.,0.,0.));
#9784 = ORIENTED_EDGE('',*,*,#9785,.F.);
#9785 = EDGE_CURVE('',#9786,#9777,#9788,.T.);
#9786 = VERTEX_POINT('',#9787);
#9787 = CARTESIAN_POINT('',(-109.,146.9999984641,70.));
#9788 = LINE('',#9789,#9790);
#9789 = CARTESIAN_POINT('',(-109.,146.9999984641,70.));
#9790 = VECTOR('',#9791,1.);
#9791 = DIRECTION('',(-1.,0.,0.));
#9792 = ORIENTED_EDGE('',*,*,#9793,.F.);
#9793 = EDGE_CURVE('',#9735,#9786,#9794,.T.);
#9794 = CIRCLE('',#9795,5.);
#9795 = AXIS2_PLACEMENT_3D('',#9796,#9797,#9798);
#9796 = CARTESIAN_POINT('',(-109.,141.9999984641,70.));
#9797 = DIRECTION('',(0.,0.,1.));
#9798 = DIRECTION('',(1.,0.,0.));
#9799 = FACE_BOUND('',#9800,.T.);
#9800 = EDGE_LOOP('',(#9801,#9811,#9820,#9828,#9837,#9845,#9854,#9862));
#9801 = ORIENTED_EDGE('',*,*,#9802,.F.);
#9802 = EDGE_CURVE('',#9803,#9805,#9807,.T.);
#9803 = VERTEX_POINT('',#9804);
#9804 = CARTESIAN_POINT('',(-71.,52.000378191104,70.));
#9805 = VERTEX_POINT('',#9806);
#9806 = CARTESIAN_POINT('',(-71.,142.0003781911,70.));
#9807 = LINE('',#9808,#9809);
#9808 = CARTESIAN_POINT('',(-71.,52.000378191104,70.));
#9809 = VECTOR('',#9810,1.);
#9810 = DIRECTION('',(0.,1.,0.));
#9811 = ORIENTED_EDGE('',*,*,#9812,.F.);
#9812 = EDGE_CURVE('',#9813,#9803,#9815,.T.);
#9813 = VERTEX_POINT('',#9814);
#9814 = CARTESIAN_POINT('',(-76.,47.000378191104,70.));
#9815 = CIRCLE('',#9816,5.);
#9816 = AXIS2_PLACEMENT_3D('',#9817,#9818,#9819);
#9817 = CARTESIAN_POINT('',(-76.,52.000378191104,70.));
#9818 = DIRECTION('',(0.,0.,1.));
#9819 = DIRECTION('',(1.,0.,0.));
#9820 = ORIENTED_EDGE('',*,*,#9821,.F.);
#9821 = EDGE_CURVE('',#9822,#9813,#9824,.T.);
#9822 = VERTEX_POINT('',#9823);
#9823 = CARTESIAN_POINT('',(-96.,47.000378191104,70.));
#9824 = LINE('',#9825,#9826);
#9825 = CARTESIAN_POINT('',(-96.,47.000378191104,70.));
#9826 = VECTOR('',#9827,1.);
#9827 = DIRECTION('',(1.,0.,0.));
#9828 = ORIENTED_EDGE('',*,*,#9829,.F.);
#9829 = EDGE_CURVE('',#9830,#9822,#9832,.T.);
#9830 = VERTEX_POINT('',#9831);
#9831 = CARTESIAN_POINT('',(-101.,52.000378191104,70.));
#9832 = CIRCLE('',#9833,5.);
#9833 = AXIS2_PLACEMENT_3D('',#9834,#9835,#9836);
#9834 = CARTESIAN_POINT('',(-96.,52.000378191104,70.));
#9835 = DIRECTION('',(0.,0.,1.));
#9836 = DIRECTION('',(1.,0.,0.));
#9837 = ORIENTED_EDGE('',*,*,#9838,.F.);
#9838 = EDGE_CURVE('',#9839,#9830,#9841,.T.);
#9839 = VERTEX_POINT('',#9840);
#9840 = CARTESIAN_POINT('',(-101.,142.0003781911,70.));
#9841 = LINE('',#9842,#9843);
#9842 = CARTESIAN_POINT('',(-101.,142.0003781911,70.));
#9843 = VECTOR('',#9844,1.);
#9844 = DIRECTION('',(0.,-1.,0.));
#9845 = ORIENTED_EDGE('',*,*,#9846,.F.);
#9846 = EDGE_CURVE('',#9847,#9839,#9849,.T.);
#9847 = VERTEX_POINT('',#9848);
#9848 = CARTESIAN_POINT('',(-96.,147.0003781911,70.));
#9849 = CIRCLE('',#9850,5.);
#9850 = AXIS2_PLACEMENT_3D('',#9851,#9852,#9853);
#9851 = CARTESIAN_POINT('',(-96.,142.0003781911,70.));
#9852 = DIRECTION('',(0.,0.,1.));
#9853 = DIRECTION('',(1.,0.,0.));
#9854 = ORIENTED_EDGE('',*,*,#9855,.F.);
#9855 = EDGE_CURVE('',#9856,#9847,#9858,.T.);
#9856 = VERTEX_POINT('',#9857);
#9857 = CARTESIAN_POINT('',(-76.,147.0003781911,70.));
#9858 = LINE('',#9859,#9860);
#9859 = CARTESIAN_POINT('',(-76.,147.0003781911,70.));
#9860 = VECTOR('',#9861,1.);
#9861 = DIRECTION('',(-1.,0.,0.));
#9862 = ORIENTED_EDGE('',*,*,#9863,.F.);
#9863 = EDGE_CURVE('',#9805,#9856,#9864,.T.);
#9864 = CIRCLE('',#9865,5.);
#9865 = AXIS2_PLACEMENT_3D('',#9866,#9867,#9868);
#9866 = CARTESIAN_POINT('',(-76.,142.0003781911,70.));
#9867 = DIRECTION('',(0.,0.,1.));
#9868 = DIRECTION('',(1.,0.,0.));
#9869 = FACE_BOUND('',#9870,.T.);
#9870 = EDGE_LOOP('',(#9871,#9881,#9890,#9898,#9907,#9915,#9924,#9932));
#9871 = ORIENTED_EDGE('',*,*,#9872,.F.);
#9872 = EDGE_CURVE('',#9873,#9875,#9877,.T.);
#9873 = VERTEX_POINT('',#9874);
#9874 = CARTESIAN_POINT('',(-38.,51.999995402092,70.));
#9875 = VERTEX_POINT('',#9876);
#9876 = CARTESIAN_POINT('',(-38.,141.99999540209,70.));
#9877 = LINE('',#9878,#9879);
#9878 = CARTESIAN_POINT('',(-38.,51.999995402092,70.));
#9879 = VECTOR('',#9880,1.);
#9880 = DIRECTION('',(0.,1.,0.));
#9881 = ORIENTED_EDGE('',*,*,#9882,.F.);
#9882 = EDGE_CURVE('',#9883,#9873,#9885,.T.);
#9883 = VERTEX_POINT('',#9884);
#9884 = CARTESIAN_POINT('',(-43.,46.999995402092,70.));
#9885 = CIRCLE('',#9886,5.);
#9886 = AXIS2_PLACEMENT_3D('',#9887,#9888,#9889);
#9887 = CARTESIAN_POINT('',(-43.,51.999995402092,70.));
#9888 = DIRECTION('',(0.,0.,1.));
#9889 = DIRECTION('',(1.,0.,0.));
#9890 = ORIENTED_EDGE('',*,*,#9891,.F.);
#9891 = EDGE_CURVE('',#9892,#9883,#9894,.T.);
#9892 = VERTEX_POINT('',#9893);
#9893 = CARTESIAN_POINT('',(-63.,46.999995402092,70.));
#9894 = LINE('',#9895,#9896);
#9895 = CARTESIAN_POINT('',(-63.,46.999995402092,70.));
#9896 = VECTOR('',#9897,1.);
#9897 = DIRECTION('',(1.,0.,0.));
#9898 = ORIENTED_EDGE('',*,*,#9899,.F.);
#9899 = EDGE_CURVE('',#9900,#9892,#9902,.T.);
#9900 = VERTEX_POINT('',#9901);
#9901 = CARTESIAN_POINT('',(-68.,51.999995402092,70.));
#9902 = CIRCLE('',#9903,5.);
#9903 = AXIS2_PLACEMENT_3D('',#9904,#9905,#9906);
#9904 = CARTESIAN_POINT('',(-63.,51.999995402092,70.));
#9905 = DIRECTION('',(0.,0.,1.));
#9906 = DIRECTION('',(1.,0.,0.));
#9907 = ORIENTED_EDGE('',*,*,#9908,.F.);
#9908 = EDGE_CURVE('',#9909,#9900,#9911,.T.);
#9909 = VERTEX_POINT('',#9910);
#9910 = CARTESIAN_POINT('',(-68.,141.99999540209,70.));
#9911 = LINE('',#9912,#9913);
#9912 = CARTESIAN_POINT('',(-68.,141.99999540209,70.));
#9913 = VECTOR('',#9914,1.);
#9914 = DIRECTION('',(0.,-1.,0.));
#9915 = ORIENTED_EDGE('',*,*,#9916,.F.);
#9916 = EDGE_CURVE('',#9917,#9909,#9919,.T.);
#9917 = VERTEX_POINT('',#9918);
#9918 = CARTESIAN_POINT('',(-63.,146.99999540209,70.));
#9919 = CIRCLE('',#9920,5.);
#9920 = AXIS2_PLACEMENT_3D('',#9921,#9922,#9923);
#9921 = CARTESIAN_POINT('',(-63.,141.99999540209,70.));
#9922 = DIRECTION('',(0.,0.,1.));
#9923 = DIRECTION('',(1.,0.,0.));
#9924 = ORIENTED_EDGE('',*,*,#9925,.F.);
#9925 = EDGE_CURVE('',#9926,#9917,#9928,.T.);
#9926 = VERTEX_POINT('',#9927);
#9927 = CARTESIAN_POINT('',(-43.,146.99999540209,70.));
#9928 = LINE('',#9929,#9930);
#9929 = CARTESIAN_POINT('',(-43.,146.99999540209,70.));
#9930 = VECTOR('',#9931,1.);
#9931 = DIRECTION('',(-1.,0.,0.));
#9932 = ORIENTED_EDGE('',*,*,#9933,.F.);
#9933 = EDGE_CURVE('',#9875,#9926,#9934,.T.);
#9934 = CIRCLE('',#9935,5.);
#9935 = AXIS2_PLACEMENT_3D('',#9936,#9937,#9938);
#9936 = CARTESIAN_POINT('',(-43.,141.99999540209,70.));
#9937 = DIRECTION('',(0.,0.,1.));
#9938 = DIRECTION('',(1.,0.,0.));
#9939 = PLANE('',#9940);
#9940 = AXIS2_PLACEMENT_3D('',#9941,#9942,#9943);
#9941 = CARTESIAN_POINT('',(-80.43077588085,74.664497447904,70.));
#9942 = DIRECTION('',(0.,0.,1.));
#9943 = DIRECTION('',(1.,0.,0.));
#9944 = ADVANCED_FACE('',(#9945),#9956,.F.);
#9945 = FACE_BOUND('',#9946,.F.);
#9946 = EDGE_LOOP('',(#9947,#9948,#9949,#9955));
#9947 = ORIENTED_EDGE('',*,*,#9247,.F.);
#9948 = ORIENTED_EDGE('',*,*,#9516,.F.);
#9949 = ORIENTED_EDGE('',*,*,#9950,.F.);
#9950 = EDGE_CURVE('',#9478,#9517,#9951,.T.);
#9951 = LINE('',#9952,#9953);
#9952 = CARTESIAN_POINT('',(-35.,2.89996,38.9980385));
#9953 = VECTOR('',#9954,1.);
#9954 = DIRECTION('',(-0.,0.,1.));
#9955 = ORIENTED_EDGE('',*,*,#9477,.F.);
#9956 = PLANE('',#9957);
#9957 = AXIS2_PLACEMENT_3D('',#9958,#9959,#9960);
#9958 = CARTESIAN_POINT('',(-35.,1.731860810317E-14,77.996077));
#9959 = DIRECTION('',(-1.,0.,-0.));
#9960 = DIRECTION('',(0.,-2.22044604925E-16,-1.));
#9961 = ADVANCED_FACE('',(#9962),#9994,.T.);
#9962 = FACE_BOUND('',#9963,.T.);
#9963 = EDGE_LOOP('',(#9964,#9974,#9980,#9981,#9987,#9988));
#9964 = ORIENTED_EDGE('',*,*,#9965,.F.);
#9965 = EDGE_CURVE('',#9966,#9968,#9970,.T.);
#9966 = VERTEX_POINT('',#9967);
#9967 = CARTESIAN_POINT('',(-3.,44.,0.));
#9968 = VERTEX_POINT('',#9969);
#9969 = CARTESIAN_POINT('',(-41.895123,44.,0.));
#9970 = LINE('',#9971,#9972);
#9971 = CARTESIAN_POINT('',(-3.,44.,0.));
#9972 = VECTOR('',#9973,1.);
#9973 = DIRECTION('',(-1.,0.,0.));
#9974 = ORIENTED_EDGE('',*,*,#9975,.T.);
#9975 = EDGE_CURVE('',#9966,#9494,#9976,.T.);
#9976 = LINE('',#9977,#9978);
#9977 = CARTESIAN_POINT('',(-3.,44.,0.));
#9978 = VECTOR('',#9979,1.);
#9979 = DIRECTION('',(0.,0.,1.));
#9980 = ORIENTED_EDGE('',*,*,#9501,.F.);
#9981 = ORIENTED_EDGE('',*,*,#9982,.F.);
#9982 = EDGE_CURVE('',#9541,#9337,#9983,.T.);
#9983 = LINE('',#9984,#9985);
#9984 = CARTESIAN_POINT('',(-35.,44.,38.9980385));
#9985 = VECTOR('',#9986,1.);
#9986 = DIRECTION('',(0.,0.,-1.));
#9987 = ORIENTED_EDGE('',*,*,#9540,.T.);
#9988 = ORIENTED_EDGE('',*,*,#9989,.F.);
#9989 = EDGE_CURVE('',#9968,#9533,#9990,.T.);
#9990 = LINE('',#9991,#9992);
#9991 = CARTESIAN_POINT('',(-41.895123,44.,0.));
#9992 = VECTOR('',#9993,1.);
#9993 = DIRECTION('',(0.,0.,1.));
#9994 = PLANE('',#9995);
#9995 = AXIS2_PLACEMENT_3D('',#9996,#9997,#9998);
#9996 = CARTESIAN_POINT('',(-3.,44.,0.));
#9997 = DIRECTION('',(0.,-1.,0.));
#9998 = DIRECTION('',(-1.,0.,0.));
#9999 = ADVANCED_FACE('',(#10000),#10018,.T.);
#10000 = FACE_BOUND('',#10001,.T.);
#10001 = EDGE_LOOP('',(#10002,#10010,#10016,#10017));
#10002 = ORIENTED_EDGE('',*,*,#10003,.F.);
#10003 = EDGE_CURVE('',#10004,#9966,#10006,.T.);
#10004 = VERTEX_POINT('',#10005);
#10005 = CARTESIAN_POINT('',(-3.,2.89996,0.));
#10006 = LINE('',#10007,#10008);
#10007 = CARTESIAN_POINT('',(-3.,2.89996,0.));
#10008 = VECTOR('',#10009,1.);
#10009 = DIRECTION('',(0.,1.,0.));
#10010 = ORIENTED_EDGE('',*,*,#10011,.T.);
#10011 = EDGE_CURVE('',#10004,#9486,#10012,.T.);
#10012 = LINE('',#10013,#10014);
#10013 = CARTESIAN_POINT('',(-3.,2.89996,0.));
#10014 = VECTOR('',#10015,1.);
#10015 = DIRECTION('',(0.,0.,1.));
#10016 = ORIENTED_EDGE('',*,*,#9493,.F.);
#10017 = ORIENTED_EDGE('',*,*,#9975,.F.);
#10018 = PLANE('',#10019);
#10019 = AXIS2_PLACEMENT_3D('',#10020,#10021,#10022);
#10020 = CARTESIAN_POINT('',(-3.,2.89996,0.));
#10021 = DIRECTION('',(-1.,0.,0.));
#10022 = DIRECTION('',(0.,1.,0.));
#10023 = ADVANCED_FACE('',(#10024),#10044,.T.);
#10024 = FACE_BOUND('',#10025,.T.);
#10025 = EDGE_LOOP('',(#10026,#10034,#10040,#10041,#10042,#10043));
#10026 = ORIENTED_EDGE('',*,*,#10027,.F.);
#10027 = EDGE_CURVE('',#10028,#10004,#10030,.T.);
#10028 = VERTEX_POINT('',#10029);
#10029 = CARTESIAN_POINT('',(-41.895123,2.89996,0.));
#10030 = LINE('',#10031,#10032);
#10031 = CARTESIAN_POINT('',(-41.895123,2.89996,0.));
#10032 = VECTOR('',#10033,1.);
#10033 = DIRECTION('',(1.,0.,0.));
#10034 = ORIENTED_EDGE('',*,*,#10035,.T.);
#10035 = EDGE_CURVE('',#10028,#9525,#10036,.T.);
#10036 = LINE('',#10037,#10038);
#10037 = CARTESIAN_POINT('',(-41.895123,2.89996,0.));
#10038 = VECTOR('',#10039,1.);
#10039 = DIRECTION('',(0.,0.,1.));
#10040 = ORIENTED_EDGE('',*,*,#9524,.T.);
#10041 = ORIENTED_EDGE('',*,*,#9950,.F.);
#10042 = ORIENTED_EDGE('',*,*,#9485,.F.);
#10043 = ORIENTED_EDGE('',*,*,#10011,.F.);
#10044 = PLANE('',#10045);
#10045 = AXIS2_PLACEMENT_3D('',#10046,#10047,#10048);
#10046 = CARTESIAN_POINT('',(-41.895123,2.89996,0.));
#10047 = DIRECTION('',(0.,1.,0.));
#10048 = DIRECTION('',(1.,0.,0.));
#10049 = ADVANCED_FACE('',(#10050),#10075,.T.);
#10050 = FACE_BOUND('',#10051,.T.);
#10051 = EDGE_LOOP('',(#10052,#10062,#10068,#10069));
#10052 = ORIENTED_EDGE('',*,*,#10053,.F.);
#10053 = EDGE_CURVE('',#10054,#10056,#10058,.T.);
#10054 = VERTEX_POINT('',#10055);
#10055 = CARTESIAN_POINT('',(-3.,147.,0.));
#10056 = VERTEX_POINT('',#10057);
#10057 = CARTESIAN_POINT('',(-35.,147.,0.));
#10058 = LINE('',#10059,#10060);
#10059 = CARTESIAN_POINT('',(-3.,147.,0.));
#10060 = VECTOR('',#10061,1.);
#10061 = DIRECTION('',(-1.,0.,0.));
#10062 = ORIENTED_EDGE('',*,*,#10063,.T.);
#10063 = EDGE_CURVE('',#10054,#9451,#10064,.T.);
#10064 = LINE('',#10065,#10066);
#10065 = CARTESIAN_POINT('',(-3.,147.,0.));
#10066 = VECTOR('',#10067,1.);
#10067 = DIRECTION('',(0.,0.,1.));
#10068 = ORIENTED_EDGE('',*,*,#9458,.F.);
#10069 = ORIENTED_EDGE('',*,*,#10070,.F.);
#10070 = EDGE_CURVE('',#10056,#9459,#10071,.T.);
#10071 = LINE('',#10072,#10073);
#10072 = CARTESIAN_POINT('',(-35.,147.,0.));
#10073 = VECTOR('',#10074,1.);
#10074 = DIRECTION('',(0.,0.,1.));
#10075 = PLANE('',#10076);
#10076 = AXIS2_PLACEMENT_3D('',#10077,#10078,#10079);
#10077 = CARTESIAN_POINT('',(-3.,147.,0.));
#10078 = DIRECTION('',(0.,-1.,0.));
#10079 = DIRECTION('',(-1.,0.,0.));
#10080 = ADVANCED_FACE('',(#10081),#10099,.T.);
#10081 = FACE_BOUND('',#10082,.T.);
#10082 = EDGE_LOOP('',(#10083,#10091,#10097,#10098));
#10083 = ORIENTED_EDGE('',*,*,#10084,.F.);
#10084 = EDGE_CURVE('',#10085,#10054,#10087,.T.);
#10085 = VERTEX_POINT('',#10086);
#10086 = CARTESIAN_POINT('',(-3.,125.306915,0.));
#10087 = LINE('',#10088,#10089);
#10088 = CARTESIAN_POINT('',(-3.,125.306915,0.));
#10089 = VECTOR('',#10090,1.);
#10090 = DIRECTION('',(0.,1.,0.));
#10091 = ORIENTED_EDGE('',*,*,#10092,.T.);
#10092 = EDGE_CURVE('',#10085,#9443,#10093,.T.);
#10093 = LINE('',#10094,#10095);
#10094 = CARTESIAN_POINT('',(-3.,125.306915,0.));
#10095 = VECTOR('',#10096,1.);
#10096 = DIRECTION('',(0.,0.,1.));
#10097 = ORIENTED_EDGE('',*,*,#9450,.F.);
#10098 = ORIENTED_EDGE('',*,*,#10063,.F.);
#10099 = PLANE('',#10100);
#10100 = AXIS2_PLACEMENT_3D('',#10101,#10102,#10103);
#10101 = CARTESIAN_POINT('',(-3.,125.306915,0.));
#10102 = DIRECTION('',(-1.,0.,0.));
#10103 = DIRECTION('',(0.,1.,0.));
#10104 = ADVANCED_FACE('',(#10105),#10123,.F.);
#10105 = FACE_BOUND('',#10106,.F.);
#10106 = EDGE_LOOP('',(#10107,#10115,#10116,#10117));
#10107 = ORIENTED_EDGE('',*,*,#10108,.F.);
#10108 = EDGE_CURVE('',#10085,#10109,#10111,.T.);
#10109 = VERTEX_POINT('',#10110);
#10110 = CARTESIAN_POINT('',(-35.,125.306915,0.));
#10111 = LINE('',#10112,#10113);
#10112 = CARTESIAN_POINT('',(-3.,125.306915,0.));
#10113 = VECTOR('',#10114,1.);
#10114 = DIRECTION('',(-1.,0.,0.));
#10115 = ORIENTED_EDGE('',*,*,#10092,.T.);
#10116 = ORIENTED_EDGE('',*,*,#9442,.F.);
#10117 = ORIENTED_EDGE('',*,*,#10118,.F.);
#10118 = EDGE_CURVE('',#10109,#9435,#10119,.T.);
#10119 = LINE('',#10120,#10121);
#10120 = CARTESIAN_POINT('',(-35.,125.306915,0.));
#10121 = VECTOR('',#10122,1.);
#10122 = DIRECTION('',(0.,0.,1.));
#10123 = PLANE('',#10124);
#10124 = AXIS2_PLACEMENT_3D('',#10125,#10126,#10127);
#10125 = CARTESIAN_POINT('',(-3.,125.306915,0.));
#10126 = DIRECTION('',(0.,-1.,0.));
#10127 = DIRECTION('',(-1.,0.,0.));
#10128 = ADVANCED_FACE('',(#10129),#10154,.F.);
#10129 = FACE_BOUND('',#10130,.F.);
#10130 = EDGE_LOOP('',(#10131,#10141,#10147,#10148));
#10131 = ORIENTED_EDGE('',*,*,#10132,.F.);
#10132 = EDGE_CURVE('',#10133,#10135,#10137,.T.);
#10133 = VERTEX_POINT('',#10134);
#10134 = CARTESIAN_POINT('',(-35.,123.306915,0.));
#10135 = VERTEX_POINT('',#10136);
#10136 = CARTESIAN_POINT('',(-3.,123.306915,0.));
#10137 = LINE('',#10138,#10139);
#10138 = CARTESIAN_POINT('',(-35.,123.306915,0.));
#10139 = VECTOR('',#10140,1.);
#10140 = DIRECTION('',(1.,0.,0.));
#10141 = ORIENTED_EDGE('',*,*,#10142,.T.);
#10142 = EDGE_CURVE('',#10133,#9427,#10143,.T.);
#10143 = LINE('',#10144,#10145);
#10144 = CARTESIAN_POINT('',(-35.,123.306915,0.));
#10145 = VECTOR('',#10146,1.);
#10146 = DIRECTION('',(0.,0.,1.));
#10147 = ORIENTED_EDGE('',*,*,#9426,.F.);
#10148 = ORIENTED_EDGE('',*,*,#10149,.F.);
#10149 = EDGE_CURVE('',#10135,#9419,#10150,.T.);
#10150 = LINE('',#10151,#10152);
#10151 = CARTESIAN_POINT('',(-3.,123.306915,0.));
#10152 = VECTOR('',#10153,1.);
#10153 = DIRECTION('',(0.,0.,1.));
#10154 = PLANE('',#10155);
#10155 = AXIS2_PLACEMENT_3D('',#10156,#10157,#10158);
#10156 = CARTESIAN_POINT('',(-35.,123.306915,0.));
#10157 = DIRECTION('',(0.,1.,0.));
#10158 = DIRECTION('',(1.,0.,0.));
#10159 = ADVANCED_FACE('',(#10160),#10178,.T.);
#10160 = FACE_BOUND('',#10161,.T.);
#10161 = EDGE_LOOP('',(#10162,#10170,#10176,#10177));
#10162 = ORIENTED_EDGE('',*,*,#10163,.F.);
#10163 = EDGE_CURVE('',#10164,#10135,#10166,.T.);
#10164 = VERTEX_POINT('',#10165);
#10165 = CARTESIAN_POINT('',(-3.,99.934734,0.));
#10166 = LINE('',#10167,#10168);
#10167 = CARTESIAN_POINT('',(-3.,99.934734,0.));
#10168 = VECTOR('',#10169,1.);
#10169 = DIRECTION('',(0.,1.,0.));
#10170 = ORIENTED_EDGE('',*,*,#10171,.T.);
#10171 = EDGE_CURVE('',#10164,#9411,#10172,.T.);
#10172 = LINE('',#10173,#10174);
#10173 = CARTESIAN_POINT('',(-3.,99.934734,0.));
#10174 = VECTOR('',#10175,1.);
#10175 = DIRECTION('',(0.,0.,1.));
#10176 = ORIENTED_EDGE('',*,*,#9418,.F.);
#10177 = ORIENTED_EDGE('',*,*,#10149,.F.);
#10178 = PLANE('',#10179);
#10179 = AXIS2_PLACEMENT_3D('',#10180,#10181,#10182);
#10180 = CARTESIAN_POINT('',(-3.,99.934734,0.));
#10181 = DIRECTION('',(-1.,0.,0.));
#10182 = DIRECTION('',(0.,1.,0.));
#10183 = ADVANCED_FACE('',(#10184),#10202,.F.);
#10184 = FACE_BOUND('',#10185,.F.);
#10185 = EDGE_LOOP('',(#10186,#10194,#10195,#10196));
#10186 = ORIENTED_EDGE('',*,*,#10187,.F.);
#10187 = EDGE_CURVE('',#10164,#10188,#10190,.T.);
#10188 = VERTEX_POINT('',#10189);
#10189 = CARTESIAN_POINT('',(-35.,99.934734,0.));
#10190 = LINE('',#10191,#10192);
#10191 = CARTESIAN_POINT('',(-3.,99.934734,0.));
#10192 = VECTOR('',#10193,1.);
#10193 = DIRECTION('',(-1.,0.,0.));
#10194 = ORIENTED_EDGE('',*,*,#10171,.T.);
#10195 = ORIENTED_EDGE('',*,*,#9410,.F.);
#10196 = ORIENTED_EDGE('',*,*,#10197,.F.);
#10197 = EDGE_CURVE('',#10188,#9403,#10198,.T.);
#10198 = LINE('',#10199,#10200);
#10199 = CARTESIAN_POINT('',(-35.,99.934734,0.));
#10200 = VECTOR('',#10201,1.);
#10201 = DIRECTION('',(0.,0.,1.));
#10202 = PLANE('',#10203);
#10203 = AXIS2_PLACEMENT_3D('',#10204,#10205,#10206);
#10204 = CARTESIAN_POINT('',(-3.,99.934734,0.));
#10205 = DIRECTION('',(0.,-1.,0.));
#10206 = DIRECTION('',(-1.,0.,0.));
#10207 = ADVANCED_FACE('',(#10208),#10233,.F.);
#10208 = FACE_BOUND('',#10209,.F.);
#10209 = EDGE_LOOP('',(#10210,#10220,#10226,#10227));
#10210 = ORIENTED_EDGE('',*,*,#10211,.F.);
#10211 = EDGE_CURVE('',#10212,#10214,#10216,.T.);
#10212 = VERTEX_POINT('',#10213);
#10213 = CARTESIAN_POINT('',(-35.,97.934734,0.));
#10214 = VERTEX_POINT('',#10215);
#10215 = CARTESIAN_POINT('',(-3.,97.934734,0.));
#10216 = LINE('',#10217,#10218);
#10217 = CARTESIAN_POINT('',(-35.,97.934734,0.));
#10218 = VECTOR('',#10219,1.);
#10219 = DIRECTION('',(1.,0.,0.));
#10220 = ORIENTED_EDGE('',*,*,#10221,.T.);
#10221 = EDGE_CURVE('',#10212,#9395,#10222,.T.);
#10222 = LINE('',#10223,#10224);
#10223 = CARTESIAN_POINT('',(-35.,97.934734,0.));
#10224 = VECTOR('',#10225,1.);
#10225 = DIRECTION('',(0.,0.,1.));
#10226 = ORIENTED_EDGE('',*,*,#9394,.F.);
#10227 = ORIENTED_EDGE('',*,*,#10228,.F.);
#10228 = EDGE_CURVE('',#10214,#9387,#10229,.T.);
#10229 = LINE('',#10230,#10231);
#10230 = CARTESIAN_POINT('',(-3.,97.934734,0.));
#10231 = VECTOR('',#10232,1.);
#10232 = DIRECTION('',(0.,0.,1.));
#10233 = PLANE('',#10234);
#10234 = AXIS2_PLACEMENT_3D('',#10235,#10236,#10237);
#10235 = CARTESIAN_POINT('',(-35.,97.934734,0.));
#10236 = DIRECTION('',(0.,1.,0.));
#10237 = DIRECTION('',(1.,0.,0.));
#10238 = ADVANCED_FACE('',(#10239),#10257,.T.);
#10239 = FACE_BOUND('',#10240,.T.);
#10240 = EDGE_LOOP('',(#10241,#10249,#10255,#10256));
#10241 = ORIENTED_EDGE('',*,*,#10242,.F.);
#10242 = EDGE_CURVE('',#10243,#10214,#10245,.T.);
#10243 = VERTEX_POINT('',#10244);
#10244 = CARTESIAN_POINT('',(-3.,74.562552,0.));
#10245 = LINE('',#10246,#10247);
#10246 = CARTESIAN_POINT('',(-3.,74.562552,0.));
#10247 = VECTOR('',#10248,1.);
#10248 = DIRECTION('',(0.,1.,0.));
#10249 = ORIENTED_EDGE('',*,*,#10250,.T.);
#10250 = EDGE_CURVE('',#10243,#9379,#10251,.T.);
#10251 = LINE('',#10252,#10253);
#10252 = CARTESIAN_POINT('',(-3.,74.562552,0.));
#10253 = VECTOR('',#10254,1.);
#10254 = DIRECTION('',(0.,0.,1.));
#10255 = ORIENTED_EDGE('',*,*,#9386,.F.);
#10256 = ORIENTED_EDGE('',*,*,#10228,.F.);
#10257 = PLANE('',#10258);
#10258 = AXIS2_PLACEMENT_3D('',#10259,#10260,#10261);
#10259 = CARTESIAN_POINT('',(-3.,74.562552,0.));
#10260 = DIRECTION('',(-1.,0.,0.));
#10261 = DIRECTION('',(0.,1.,0.));
#10262 = ADVANCED_FACE('',(#10263),#10281,.F.);
#10263 = FACE_BOUND('',#10264,.F.);
#10264 = EDGE_LOOP('',(#10265,#10273,#10274,#10275));
#10265 = ORIENTED_EDGE('',*,*,#10266,.F.);
#10266 = EDGE_CURVE('',#10243,#10267,#10269,.T.);
#10267 = VERTEX_POINT('',#10268);
#10268 = CARTESIAN_POINT('',(-35.,74.562552,0.));
#10269 = LINE('',#10270,#10271);
#10270 = CARTESIAN_POINT('',(-3.,74.562552,0.));
#10271 = VECTOR('',#10272,1.);
#10272 = DIRECTION('',(-1.,0.,0.));
#10273 = ORIENTED_EDGE('',*,*,#10250,.T.);
#10274 = ORIENTED_EDGE('',*,*,#9378,.F.);
#10275 = ORIENTED_EDGE('',*,*,#10276,.F.);
#10276 = EDGE_CURVE('',#10267,#9371,#10277,.T.);
#10277 = LINE('',#10278,#10279);
#10278 = CARTESIAN_POINT('',(-35.,74.562552,0.));
#10279 = VECTOR('',#10280,1.);
#10280 = DIRECTION('',(0.,0.,1.));
#10281 = PLANE('',#10282);
#10282 = AXIS2_PLACEMENT_3D('',#10283,#10284,#10285);
#10283 = CARTESIAN_POINT('',(-3.,74.562552,0.));
#10284 = DIRECTION('',(0.,-1.,0.));
#10285 = DIRECTION('',(-1.,0.,0.));
#10286 = ADVANCED_FACE('',(#10287),#10312,.F.);
#10287 = FACE_BOUND('',#10288,.F.);
#10288 = EDGE_LOOP('',(#10289,#10299,#10305,#10306));
#10289 = ORIENTED_EDGE('',*,*,#10290,.F.);
#10290 = EDGE_CURVE('',#10291,#10293,#10295,.T.);
#10291 = VERTEX_POINT('',#10292);
#10292 = CARTESIAN_POINT('',(-35.,72.562552,0.));
#10293 = VERTEX_POINT('',#10294);
#10294 = CARTESIAN_POINT('',(-3.,72.562552,0.));
#10295 = LINE('',#10296,#10297);
#10296 = CARTESIAN_POINT('',(-35.,72.562552,0.));
#10297 = VECTOR('',#10298,1.);
#10298 = DIRECTION('',(1.,0.,0.));
#10299 = ORIENTED_EDGE('',*,*,#10300,.T.);
#10300 = EDGE_CURVE('',#10291,#9363,#10301,.T.);
#10301 = LINE('',#10302,#10303);
#10302 = CARTESIAN_POINT('',(-35.,72.562552,0.));
#10303 = VECTOR('',#10304,1.);
#10304 = DIRECTION('',(0.,0.,1.));
#10305 = ORIENTED_EDGE('',*,*,#9362,.F.);
#10306 = ORIENTED_EDGE('',*,*,#10307,.F.);
#10307 = EDGE_CURVE('',#10293,#9355,#10308,.T.);
#10308 = LINE('',#10309,#10310);
#10309 = CARTESIAN_POINT('',(-3.,72.562552,0.));
#10310 = VECTOR('',#10311,1.);
#10311 = DIRECTION('',(0.,0.,1.));
#10312 = PLANE('',#10313);
#10313 = AXIS2_PLACEMENT_3D('',#10314,#10315,#10316);
#10314 = CARTESIAN_POINT('',(-35.,72.562552,0.));
#10315 = DIRECTION('',(0.,1.,0.));
#10316 = DIRECTION('',(1.,0.,0.));
#10317 = ADVANCED_FACE('',(#10318),#10336,.T.);
#10318 = FACE_BOUND('',#10319,.T.);
#10319 = EDGE_LOOP('',(#10320,#10328,#10334,#10335));
#10320 = ORIENTED_EDGE('',*,*,#10321,.F.);
#10321 = EDGE_CURVE('',#10322,#10293,#10324,.T.);
#10322 = VERTEX_POINT('',#10323);
#10323 = CARTESIAN_POINT('',(-3.,47.,0.));
#10324 = LINE('',#10325,#10326);
#10325 = CARTESIAN_POINT('',(-3.,47.,0.));
#10326 = VECTOR('',#10327,1.);
#10327 = DIRECTION('',(0.,1.,0.));
#10328 = ORIENTED_EDGE('',*,*,#10329,.T.);
#10329 = EDGE_CURVE('',#10322,#9347,#10330,.T.);
#10330 = LINE('',#10331,#10332);
#10331 = CARTESIAN_POINT('',(-3.,47.,0.));
#10332 = VECTOR('',#10333,1.);
#10333 = DIRECTION('',(0.,0.,1.));
#10334 = ORIENTED_EDGE('',*,*,#9354,.F.);
#10335 = ORIENTED_EDGE('',*,*,#10307,.F.);
#10336 = PLANE('',#10337);
#10337 = AXIS2_PLACEMENT_3D('',#10338,#10339,#10340);
#10338 = CARTESIAN_POINT('',(-3.,59.781276,35.));
#10339 = DIRECTION('',(-1.,-0.,-0.));
#10340 = DIRECTION('',(0.,0.,-1.));
#10341 = ADVANCED_FACE('',(#10342),#10360,.T.);
#10342 = FACE_BOUND('',#10343,.T.);
#10343 = EDGE_LOOP('',(#10344,#10352,#10358,#10359));
#10344 = ORIENTED_EDGE('',*,*,#10345,.F.);
#10345 = EDGE_CURVE('',#10346,#10322,#10348,.T.);
#10346 = VERTEX_POINT('',#10347);
#10347 = CARTESIAN_POINT('',(-35.,47.,0.));
#10348 = LINE('',#10349,#10350);
#10349 = CARTESIAN_POINT('',(-35.,47.,0.));
#10350 = VECTOR('',#10351,1.);
#10351 = DIRECTION('',(1.,0.,0.));
#10352 = ORIENTED_EDGE('',*,*,#10353,.T.);
#10353 = EDGE_CURVE('',#10346,#9339,#10354,.T.);
#10354 = LINE('',#10355,#10356);
#10355 = CARTESIAN_POINT('',(-35.,47.,0.));
#10356 = VECTOR('',#10357,1.);
#10357 = DIRECTION('',(0.,0.,1.));
#10358 = ORIENTED_EDGE('',*,*,#9346,.F.);
#10359 = ORIENTED_EDGE('',*,*,#10329,.F.);
#10360 = PLANE('',#10361);
#10361 = AXIS2_PLACEMENT_3D('',#10362,#10363,#10364);
#10362 = CARTESIAN_POINT('',(-35.,47.,0.));
#10363 = DIRECTION('',(0.,1.,0.));
#10364 = DIRECTION('',(1.,0.,0.));
#10365 = ADVANCED_FACE('',(#10366),#10377,.T.);
#10366 = FACE_BOUND('',#10367,.T.);
#10367 = EDGE_LOOP('',(#10368,#10369,#10370,#10371));
#10368 = ORIENTED_EDGE('',*,*,#9989,.T.);
#10369 = ORIENTED_EDGE('',*,*,#9532,.T.);
#10370 = ORIENTED_EDGE('',*,*,#10035,.F.);
#10371 = ORIENTED_EDGE('',*,*,#10372,.F.);
#10372 = EDGE_CURVE('',#9968,#10028,#10373,.T.);
#10373 = LINE('',#10374,#10375);
#10374 = CARTESIAN_POINT('',(-41.895123,44.,0.));
#10375 = VECTOR('',#10376,1.);
#10376 = DIRECTION('',(0.,-1.,0.));
#10377 = PLANE('',#10378);
#10378 = AXIS2_PLACEMENT_3D('',#10379,#10380,#10381);
#10379 = CARTESIAN_POINT('',(-41.895123,44.,0.));
#10380 = DIRECTION('',(1.,0.,0.));
#10381 = DIRECTION('',(0.,-1.,0.));
#10382 = ADVANCED_FACE('',(#10383),#10408,.T.);
#10383 = FACE_BOUND('',#10384,.T.);
#10384 = EDGE_LOOP('',(#10385,#10393,#10394,#10402));
#10385 = ORIENTED_EDGE('',*,*,#10386,.T.);
#10386 = EDGE_CURVE('',#10387,#9561,#10389,.T.);
#10387 = VERTEX_POINT('',#10388);
#10388 = CARTESIAN_POINT('',(-167.,44.,0.));
#10389 = LINE('',#10390,#10391);
#10390 = CARTESIAN_POINT('',(-167.,44.,0.));
#10391 = VECTOR('',#10392,1.);
#10392 = DIRECTION('',(0.,0.,1.));
#10393 = ORIENTED_EDGE('',*,*,#9560,.T.);
#10394 = ORIENTED_EDGE('',*,*,#10395,.F.);
#10395 = EDGE_CURVE('',#10396,#9563,#10398,.T.);
#10396 = VERTEX_POINT('',#10397);
#10397 = CARTESIAN_POINT('',(-167.,3.,0.));
#10398 = LINE('',#10399,#10400);
#10399 = CARTESIAN_POINT('',(-167.,3.,0.));
#10400 = VECTOR('',#10401,1.);
#10401 = DIRECTION('',(0.,0.,1.));
#10402 = ORIENTED_EDGE('',*,*,#10403,.F.);
#10403 = EDGE_CURVE('',#10387,#10396,#10404,.T.);
#10404 = LINE('',#10405,#10406);
#10405 = CARTESIAN_POINT('',(-167.,44.,0.));
#10406 = VECTOR('',#10407,1.);
#10407 = DIRECTION('',(0.,-1.,0.));
#10408 = PLANE('',#10409);
#10409 = AXIS2_PLACEMENT_3D('',#10410,#10411,#10412);
#10410 = CARTESIAN_POINT('',(-167.,44.,0.));
#10411 = DIRECTION('',(1.,0.,0.));
#10412 = DIRECTION('',(0.,-1.,0.));
#10413 = ADVANCED_FACE('',(#10414),#10432,.T.);
#10414 = FACE_BOUND('',#10415,.T.);
#10415 = EDGE_LOOP('',(#10416,#10424,#10425,#10426));
#10416 = ORIENTED_EDGE('',*,*,#10417,.T.);
#10417 = EDGE_CURVE('',#10418,#9571,#10420,.T.);
#10418 = VERTEX_POINT('',#10419);
#10419 = CARTESIAN_POINT('',(-120.1315,44.,0.));
#10420 = LINE('',#10421,#10422);
#10421 = CARTESIAN_POINT('',(-120.1315,44.,0.));
#10422 = VECTOR('',#10423,1.);
#10423 = DIRECTION('',(0.,0.,1.));
#10424 = ORIENTED_EDGE('',*,*,#9570,.T.);
#10425 = ORIENTED_EDGE('',*,*,#10386,.F.);
#10426 = ORIENTED_EDGE('',*,*,#10427,.F.);
#10427 = EDGE_CURVE('',#10418,#10387,#10428,.T.);
#10428 = LINE('',#10429,#10430);
#10429 = CARTESIAN_POINT('',(-120.1315,44.,0.));
#10430 = VECTOR('',#10431,1.);
#10431 = DIRECTION('',(-1.,0.,0.));
#10432 = PLANE('',#10433);
#10433 = AXIS2_PLACEMENT_3D('',#10434,#10435,#10436);
#10434 = CARTESIAN_POINT('',(-120.1315,44.,0.));
#10435 = DIRECTION('',(0.,-1.,0.));
#10436 = DIRECTION('',(-1.,0.,0.));
#10437 = ADVANCED_FACE('',(#10438),#10456,.T.);
#10438 = FACE_BOUND('',#10439,.T.);
#10439 = EDGE_LOOP('',(#10440,#10441,#10442,#10450));
#10440 = ORIENTED_EDGE('',*,*,#10395,.T.);
#10441 = ORIENTED_EDGE('',*,*,#9586,.T.);
#10442 = ORIENTED_EDGE('',*,*,#10443,.F.);
#10443 = EDGE_CURVE('',#10444,#9579,#10446,.T.);
#10444 = VERTEX_POINT('',#10445);
#10445 = CARTESIAN_POINT('',(-120.1315,3.,0.));
#10446 = LINE('',#10447,#10448);
#10447 = CARTESIAN_POINT('',(-120.1315,3.,0.));
#10448 = VECTOR('',#10449,1.);
#10449 = DIRECTION('',(0.,0.,1.));
#10450 = ORIENTED_EDGE('',*,*,#10451,.F.);
#10451 = EDGE_CURVE('',#10396,#10444,#10452,.T.);
#10452 = LINE('',#10453,#10454);
#10453 = CARTESIAN_POINT('',(-167.,3.,0.));
#10454 = VECTOR('',#10455,1.);
#10455 = DIRECTION('',(1.,0.,0.));
#10456 = PLANE('',#10457);
#10457 = AXIS2_PLACEMENT_3D('',#10458,#10459,#10460);
#10458 = CARTESIAN_POINT('',(-167.,3.,0.));
#10459 = DIRECTION('',(0.,1.,0.));
#10460 = DIRECTION('',(1.,0.,0.));
#10461 = ADVANCED_FACE('',(#10462),#10473,.F.);
#10462 = FACE_BOUND('',#10463,.F.);
#10463 = EDGE_LOOP('',(#10464,#10465,#10466,#10467));
#10464 = ORIENTED_EDGE('',*,*,#10417,.T.);
#10465 = ORIENTED_EDGE('',*,*,#9578,.T.);
#10466 = ORIENTED_EDGE('',*,*,#10443,.F.);
#10467 = ORIENTED_EDGE('',*,*,#10468,.F.);
#10468 = EDGE_CURVE('',#10418,#10444,#10469,.T.);
#10469 = LINE('',#10470,#10471);
#10470 = CARTESIAN_POINT('',(-120.1315,44.,0.));
#10471 = VECTOR('',#10472,1.);
#10472 = DIRECTION('',(0.,-1.,0.));
#10473 = PLANE('',#10474);
#10474 = AXIS2_PLACEMENT_3D('',#10475,#10476,#10477);
#10475 = CARTESIAN_POINT('',(-120.1315,44.,0.));
#10476 = DIRECTION('',(1.,0.,0.));
#10477 = DIRECTION('',(0.,-1.,0.));
#10478 = ADVANCED_FACE('',(#10479),#10504,.F.);
#10479 = FACE_BOUND('',#10480,.F.);
#10480 = EDGE_LOOP('',(#10481,#10489,#10490,#10498));
#10481 = ORIENTED_EDGE('',*,*,#10482,.T.);
#10482 = EDGE_CURVE('',#10483,#9595,#10485,.T.);
#10483 = VERTEX_POINT('',#10484);
#10484 = CARTESIAN_POINT('',(-85.,44.,0.));
#10485 = LINE('',#10486,#10487);
#10486 = CARTESIAN_POINT('',(-85.,44.,0.));
#10487 = VECTOR('',#10488,1.);
#10488 = DIRECTION('',(0.,0.,1.));
#10489 = ORIENTED_EDGE('',*,*,#9594,.T.);
#10490 = ORIENTED_EDGE('',*,*,#10491,.F.);
#10491 = EDGE_CURVE('',#10492,#9597,#10494,.T.);
#10492 = VERTEX_POINT('',#10493);
#10493 = CARTESIAN_POINT('',(-85.,2.89996,0.));
#10494 = LINE('',#10495,#10496);
#10495 = CARTESIAN_POINT('',(-85.,2.89996,0.));
#10496 = VECTOR('',#10497,1.);
#10497 = DIRECTION('',(0.,0.,1.));
#10498 = ORIENTED_EDGE('',*,*,#10499,.F.);
#10499 = EDGE_CURVE('',#10483,#10492,#10500,.T.);
#10500 = LINE('',#10501,#10502);
#10501 = CARTESIAN_POINT('',(-85.,44.,0.));
#10502 = VECTOR('',#10503,1.);
#10503 = DIRECTION('',(0.,-1.,0.));
#10504 = PLANE('',#10505);
#10505 = AXIS2_PLACEMENT_3D('',#10506,#10507,#10508);
#10506 = CARTESIAN_POINT('',(-85.,44.,0.));
#10507 = DIRECTION('',(1.,0.,0.));
#10508 = DIRECTION('',(0.,-1.,0.));
#10509 = ADVANCED_FACE('',(#10510),#10528,.T.);
#10510 = FACE_BOUND('',#10511,.T.);
#10511 = EDGE_LOOP('',(#10512,#10513,#10514,#10522));
#10512 = ORIENTED_EDGE('',*,*,#10482,.T.);
#10513 = ORIENTED_EDGE('',*,*,#9620,.T.);
#10514 = ORIENTED_EDGE('',*,*,#10515,.F.);
#10515 = EDGE_CURVE('',#10516,#9613,#10518,.T.);
#10516 = VERTEX_POINT('',#10517);
#10517 = CARTESIAN_POINT('',(-117.943893,44.,0.));
#10518 = LINE('',#10519,#10520);
#10519 = CARTESIAN_POINT('',(-117.943893,44.,0.));
#10520 = VECTOR('',#10521,1.);
#10521 = DIRECTION('',(0.,0.,1.));
#10522 = ORIENTED_EDGE('',*,*,#10523,.F.);
#10523 = EDGE_CURVE('',#10483,#10516,#10524,.T.);
#10524 = LINE('',#10525,#10526);
#10525 = CARTESIAN_POINT('',(-85.,44.,0.));
#10526 = VECTOR('',#10527,1.);
#10527 = DIRECTION('',(-1.,0.,0.));
#10528 = PLANE('',#10529);
#10529 = AXIS2_PLACEMENT_3D('',#10530,#10531,#10532);
#10530 = CARTESIAN_POINT('',(-85.,44.,0.));
#10531 = DIRECTION('',(0.,-1.,0.));
#10532 = DIRECTION('',(-1.,0.,0.));
#10533 = ADVANCED_FACE('',(#10534),#10552,.T.);
#10534 = FACE_BOUND('',#10535,.T.);
#10535 = EDGE_LOOP('',(#10536,#10544,#10545,#10546));
#10536 = ORIENTED_EDGE('',*,*,#10537,.T.);
#10537 = EDGE_CURVE('',#10538,#9605,#10540,.T.);
#10538 = VERTEX_POINT('',#10539);
#10539 = CARTESIAN_POINT('',(-117.943893,2.89996,0.));
#10540 = LINE('',#10541,#10542);
#10541 = CARTESIAN_POINT('',(-117.943893,2.89996,0.));
#10542 = VECTOR('',#10543,1.);
#10543 = DIRECTION('',(0.,0.,1.));
#10544 = ORIENTED_EDGE('',*,*,#9604,.T.);
#10545 = ORIENTED_EDGE('',*,*,#10491,.F.);
#10546 = ORIENTED_EDGE('',*,*,#10547,.F.);
#10547 = EDGE_CURVE('',#10538,#10492,#10548,.T.);
#10548 = LINE('',#10549,#10550);
#10549 = CARTESIAN_POINT('',(-117.943893,2.89996,0.));
#10550 = VECTOR('',#10551,1.);
#10551 = DIRECTION('',(1.,0.,0.));
#10552 = PLANE('',#10553);
#10553 = AXIS2_PLACEMENT_3D('',#10554,#10555,#10556);
#10554 = CARTESIAN_POINT('',(-117.943893,2.89996,0.));
#10555 = DIRECTION('',(0.,1.,0.));
#10556 = DIRECTION('',(1.,0.,0.));
#10557 = ADVANCED_FACE('',(#10558),#10569,.T.);
#10558 = FACE_BOUND('',#10559,.T.);
#10559 = EDGE_LOOP('',(#10560,#10561,#10562,#10563));
#10560 = ORIENTED_EDGE('',*,*,#10515,.T.);
#10561 = ORIENTED_EDGE('',*,*,#9612,.T.);
#10562 = ORIENTED_EDGE('',*,*,#10537,.F.);
#10563 = ORIENTED_EDGE('',*,*,#10564,.F.);
#10564 = EDGE_CURVE('',#10516,#10538,#10565,.T.);
#10565 = LINE('',#10566,#10567);
#10566 = CARTESIAN_POINT('',(-117.943893,44.,0.));
#10567 = VECTOR('',#10568,1.);
#10568 = DIRECTION('',(0.,-1.,0.));
#10569 = PLANE('',#10570);
#10570 = AXIS2_PLACEMENT_3D('',#10571,#10572,#10573);
#10571 = CARTESIAN_POINT('',(-117.943893,44.,0.));
#10572 = DIRECTION('',(1.,0.,0.));
#10573 = DIRECTION('',(0.,-1.,0.));
#10574 = ADVANCED_FACE('',(#10575),#10600,.F.);
#10575 = FACE_BOUND('',#10576,.F.);
#10576 = EDGE_LOOP('',(#10577,#10585,#10586,#10594));
#10577 = ORIENTED_EDGE('',*,*,#10578,.T.);
#10578 = EDGE_CURVE('',#10579,#9629,#10581,.T.);
#10579 = VERTEX_POINT('',#10580);
#10580 = CARTESIAN_POINT('',(-44.23278,44.,0.));
#10581 = LINE('',#10582,#10583);
#10582 = CARTESIAN_POINT('',(-44.23278,44.,0.));
#10583 = VECTOR('',#10584,1.);
#10584 = DIRECTION('',(0.,0.,1.));
#10585 = ORIENTED_EDGE('',*,*,#9628,.T.);
#10586 = ORIENTED_EDGE('',*,*,#10587,.F.);
#10587 = EDGE_CURVE('',#10588,#9631,#10590,.T.);
#10588 = VERTEX_POINT('',#10589);
#10589 = CARTESIAN_POINT('',(-44.23278,2.89996,0.));
#10590 = LINE('',#10591,#10592);
#10591 = CARTESIAN_POINT('',(-44.23278,2.89996,0.));
#10592 = VECTOR('',#10593,1.);
#10593 = DIRECTION('',(0.,0.,1.));
#10594 = ORIENTED_EDGE('',*,*,#10595,.F.);
#10595 = EDGE_CURVE('',#10579,#10588,#10596,.T.);
#10596 = LINE('',#10597,#10598);
#10597 = CARTESIAN_POINT('',(-44.23278,44.,0.));
#10598 = VECTOR('',#10599,1.);
#10599 = DIRECTION('',(0.,-1.,0.));
#10600 = PLANE('',#10601);
#10601 = AXIS2_PLACEMENT_3D('',#10602,#10603,#10604);
#10602 = CARTESIAN_POINT('',(-44.23278,44.,0.));
#10603 = DIRECTION('',(1.,0.,0.));
#10604 = DIRECTION('',(0.,-1.,0.));
#10605 = ADVANCED_FACE('',(#10606),#10624,.T.);
#10606 = FACE_BOUND('',#10607,.T.);
#10607 = EDGE_LOOP('',(#10608,#10609,#10610,#10618));
#10608 = ORIENTED_EDGE('',*,*,#10578,.T.);
#10609 = ORIENTED_EDGE('',*,*,#9654,.T.);
#10610 = ORIENTED_EDGE('',*,*,#10611,.F.);
#10611 = EDGE_CURVE('',#10612,#9647,#10614,.T.);
#10612 = VERTEX_POINT('',#10613);
#10613 = CARTESIAN_POINT('',(-82.578094,44.,0.));
#10614 = LINE('',#10615,#10616);
#10615 = CARTESIAN_POINT('',(-82.578094,44.,0.));
#10616 = VECTOR('',#10617,1.);
#10617 = DIRECTION('',(0.,0.,1.));
#10618 = ORIENTED_EDGE('',*,*,#10619,.F.);
#10619 = EDGE_CURVE('',#10579,#10612,#10620,.T.);
#10620 = LINE('',#10621,#10622);
#10621 = CARTESIAN_POINT('',(-44.23278,44.,0.));
#10622 = VECTOR('',#10623,1.);
#10623 = DIRECTION('',(-1.,0.,0.));
#10624 = PLANE('',#10625);
#10625 = AXIS2_PLACEMENT_3D('',#10626,#10627,#10628);
#10626 = CARTESIAN_POINT('',(-44.23278,44.,0.));
#10627 = DIRECTION('',(0.,-1.,0.));
#10628 = DIRECTION('',(-1.,0.,0.));
#10629 = ADVANCED_FACE('',(#10630),#10648,.T.);
#10630 = FACE_BOUND('',#10631,.T.);
#10631 = EDGE_LOOP('',(#10632,#10640,#10641,#10642));
#10632 = ORIENTED_EDGE('',*,*,#10633,.T.);
#10633 = EDGE_CURVE('',#10634,#9639,#10636,.T.);
#10634 = VERTEX_POINT('',#10635);
#10635 = CARTESIAN_POINT('',(-82.578094,2.89996,0.));
#10636 = LINE('',#10637,#10638);
#10637 = CARTESIAN_POINT('',(-82.578094,2.89996,0.));
#10638 = VECTOR('',#10639,1.);
#10639 = DIRECTION('',(0.,0.,1.));
#10640 = ORIENTED_EDGE('',*,*,#9638,.T.);
#10641 = ORIENTED_EDGE('',*,*,#10587,.F.);
#10642 = ORIENTED_EDGE('',*,*,#10643,.F.);
#10643 = EDGE_CURVE('',#10634,#10588,#10644,.T.);
#10644 = LINE('',#10645,#10646);
#10645 = CARTESIAN_POINT('',(-82.578094,2.89996,0.));
#10646 = VECTOR('',#10647,1.);
#10647 = DIRECTION('',(1.,0.,0.));
#10648 = PLANE('',#10649);
#10649 = AXIS2_PLACEMENT_3D('',#10650,#10651,#10652);
#10650 = CARTESIAN_POINT('',(-82.578094,2.89996,0.));
#10651 = DIRECTION('',(0.,1.,0.));
#10652 = DIRECTION('',(1.,0.,0.));
#10653 = ADVANCED_FACE('',(#10654),#10665,.T.);
#10654 = FACE_BOUND('',#10655,.T.);
#10655 = EDGE_LOOP('',(#10656,#10657,#10658,#10659));
#10656 = ORIENTED_EDGE('',*,*,#10611,.T.);
#10657 = ORIENTED_EDGE('',*,*,#9646,.T.);
#10658 = ORIENTED_EDGE('',*,*,#10633,.F.);
#10659 = ORIENTED_EDGE('',*,*,#10660,.F.);
#10660 = EDGE_CURVE('',#10612,#10634,#10661,.T.);
#10661 = LINE('',#10662,#10663);
#10662 = CARTESIAN_POINT('',(-82.578094,44.,0.));
#10663 = VECTOR('',#10664,1.);
#10664 = DIRECTION('',(0.,-1.,0.));
#10665 = PLANE('',#10666);
#10666 = AXIS2_PLACEMENT_3D('',#10667,#10668,#10669);
#10667 = CARTESIAN_POINT('',(-82.578094,44.,0.));
#10668 = DIRECTION('',(1.,0.,0.));
#10669 = DIRECTION('',(0.,-1.,0.));
#10670 = ADVANCED_FACE('',(#10671),#10696,.T.);
#10671 = FACE_BOUND('',#10672,.T.);
#10672 = EDGE_LOOP('',(#10673,#10681,#10682,#10690));
#10673 = ORIENTED_EDGE('',*,*,#10674,.T.);
#10674 = EDGE_CURVE('',#10675,#9663,#10677,.T.);
#10675 = VERTEX_POINT('',#10676);
#10676 = CARTESIAN_POINT('',(-137.,52.,0.));
#10677 = LINE('',#10678,#10679);
#10678 = CARTESIAN_POINT('',(-137.,52.,0.));
#10679 = VECTOR('',#10680,1.);
#10680 = DIRECTION('',(0.,0.,1.));
#10681 = ORIENTED_EDGE('',*,*,#9662,.T.);
#10682 = ORIENTED_EDGE('',*,*,#10683,.F.);
#10683 = EDGE_CURVE('',#10684,#9665,#10686,.T.);
#10684 = VERTEX_POINT('',#10685);
#10685 = CARTESIAN_POINT('',(-137.,142.,0.));
#10686 = LINE('',#10687,#10688);
#10687 = CARTESIAN_POINT('',(-137.,142.,0.));
#10688 = VECTOR('',#10689,1.);
#10689 = DIRECTION('',(0.,0.,1.));
#10690 = ORIENTED_EDGE('',*,*,#10691,.F.);
#10691 = EDGE_CURVE('',#10675,#10684,#10692,.T.);
#10692 = LINE('',#10693,#10694);
#10693 = CARTESIAN_POINT('',(-137.,52.,0.));
#10694 = VECTOR('',#10695,1.);
#10695 = DIRECTION('',(0.,1.,0.));
#10696 = PLANE('',#10697);
#10697 = AXIS2_PLACEMENT_3D('',#10698,#10699,#10700);
#10698 = CARTESIAN_POINT('',(-137.,52.,0.));
#10699 = DIRECTION('',(-1.,0.,0.));
#10700 = DIRECTION('',(0.,1.,0.));
#10701 = ADVANCED_FACE('',(#10702),#10721,.F.);
#10702 = FACE_BOUND('',#10703,.T.);
#10703 = EDGE_LOOP('',(#10704,#10712,#10713,#10714));
#10704 = ORIENTED_EDGE('',*,*,#10705,.T.);
#10705 = EDGE_CURVE('',#10706,#9673,#10708,.T.);
#10706 = VERTEX_POINT('',#10707);
#10707 = CARTESIAN_POINT('',(-142.,47.,0.));
#10708 = LINE('',#10709,#10710);
#10709 = CARTESIAN_POINT('',(-142.,47.,0.));
#10710 = VECTOR('',#10711,1.);
#10711 = DIRECTION('',(0.,0.,1.));
#10712 = ORIENTED_EDGE('',*,*,#9672,.T.);
#10713 = ORIENTED_EDGE('',*,*,#10674,.F.);
#10714 = ORIENTED_EDGE('',*,*,#10715,.F.);
#10715 = EDGE_CURVE('',#10706,#10675,#10716,.T.);
#10716 = CIRCLE('',#10717,5.);
#10717 = AXIS2_PLACEMENT_3D('',#10718,#10719,#10720);
#10718 = CARTESIAN_POINT('',(-142.,52.,0.));
#10719 = DIRECTION('',(0.,0.,1.));
#10720 = DIRECTION('',(1.,0.,0.));
#10721 = CYLINDRICAL_SURFACE('',#10722,5.);
#10722 = AXIS2_PLACEMENT_3D('',#10723,#10724,#10725);
#10723 = CARTESIAN_POINT('',(-142.,52.,0.));
#10724 = DIRECTION('',(-0.,-0.,-1.));
#10725 = DIRECTION('',(1.,0.,0.));
#10726 = ADVANCED_FACE('',(#10727),#10746,.F.);
#10727 = FACE_BOUND('',#10728,.T.);
#10728 = EDGE_LOOP('',(#10729,#10730,#10731,#10739));
#10729 = ORIENTED_EDGE('',*,*,#10683,.T.);
#10730 = ORIENTED_EDGE('',*,*,#9723,.T.);
#10731 = ORIENTED_EDGE('',*,*,#10732,.F.);
#10732 = EDGE_CURVE('',#10733,#9716,#10735,.T.);
#10733 = VERTEX_POINT('',#10734);
#10734 = CARTESIAN_POINT('',(-142.,147.,0.));
#10735 = LINE('',#10736,#10737);
#10736 = CARTESIAN_POINT('',(-142.,147.,0.));
#10737 = VECTOR('',#10738,1.);
#10738 = DIRECTION('',(0.,0.,1.));
#10739 = ORIENTED_EDGE('',*,*,#10740,.F.);
#10740 = EDGE_CURVE('',#10684,#10733,#10741,.T.);
#10741 = CIRCLE('',#10742,5.);
#10742 = AXIS2_PLACEMENT_3D('',#10743,#10744,#10745);
#10743 = CARTESIAN_POINT('',(-142.,142.,0.));
#10744 = DIRECTION('',(0.,0.,1.));
#10745 = DIRECTION('',(1.,0.,0.));
#10746 = CYLINDRICAL_SURFACE('',#10747,5.);
#10747 = AXIS2_PLACEMENT_3D('',#10748,#10749,#10750);
#10748 = CARTESIAN_POINT('',(-142.,142.,0.));
#10749 = DIRECTION('',(-0.,-0.,-1.));
#10750 = DIRECTION('',(1.,0.,0.));
#10751 = ADVANCED_FACE('',(#10752),#10770,.T.);
#10752 = FACE_BOUND('',#10753,.T.);
#10753 = EDGE_LOOP('',(#10754,#10762,#10763,#10764));
#10754 = ORIENTED_EDGE('',*,*,#10755,.T.);
#10755 = EDGE_CURVE('',#10756,#9682,#10758,.T.);
#10756 = VERTEX_POINT('',#10757);
#10757 = CARTESIAN_POINT('',(-162.,47.,0.));
#10758 = LINE('',#10759,#10760);
#10759 = CARTESIAN_POINT('',(-162.,47.,0.));
#10760 = VECTOR('',#10761,1.);
#10761 = DIRECTION('',(0.,0.,1.));
#10762 = ORIENTED_EDGE('',*,*,#9681,.T.);
#10763 = ORIENTED_EDGE('',*,*,#10705,.F.);
#10764 = ORIENTED_EDGE('',*,*,#10765,.F.);
#10765 = EDGE_CURVE('',#10756,#10706,#10766,.T.);
#10766 = LINE('',#10767,#10768);
#10767 = CARTESIAN_POINT('',(-162.,47.,0.));
#10768 = VECTOR('',#10769,1.);
#10769 = DIRECTION('',(1.,0.,0.));
#10770 = PLANE('',#10771);
#10771 = AXIS2_PLACEMENT_3D('',#10772,#10773,#10774);
#10772 = CARTESIAN_POINT('',(-162.,47.,0.));
#10773 = DIRECTION('',(0.,1.,0.));
#10774 = DIRECTION('',(1.,0.,0.));
#10775 = ADVANCED_FACE('',(#10776),#10794,.T.);
#10776 = FACE_BOUND('',#10777,.T.);
#10777 = EDGE_LOOP('',(#10778,#10779,#10780,#10788));
#10778 = ORIENTED_EDGE('',*,*,#10732,.T.);
#10779 = ORIENTED_EDGE('',*,*,#9715,.T.);
#10780 = ORIENTED_EDGE('',*,*,#10781,.F.);
#10781 = EDGE_CURVE('',#10782,#9707,#10784,.T.);
#10782 = VERTEX_POINT('',#10783);
#10783 = CARTESIAN_POINT('',(-162.,147.,0.));
#10784 = LINE('',#10785,#10786);
#10785 = CARTESIAN_POINT('',(-162.,147.,0.));
#10786 = VECTOR('',#10787,1.);
#10787 = DIRECTION('',(0.,0.,1.));
#10788 = ORIENTED_EDGE('',*,*,#10789,.F.);
#10789 = EDGE_CURVE('',#10733,#10782,#10790,.T.);
#10790 = LINE('',#10791,#10792);
#10791 = CARTESIAN_POINT('',(-142.,147.,0.));
#10792 = VECTOR('',#10793,1.);
#10793 = DIRECTION('',(-1.,0.,0.));
#10794 = PLANE('',#10795);
#10795 = AXIS2_PLACEMENT_3D('',#10796,#10797,#10798);
#10796 = CARTESIAN_POINT('',(-142.,147.,0.));
#10797 = DIRECTION('',(0.,-1.,0.));
#10798 = DIRECTION('',(-1.,0.,0.));
#10799 = ADVANCED_FACE('',(#10800),#10819,.F.);
#10800 = FACE_BOUND('',#10801,.T.);
#10801 = EDGE_LOOP('',(#10802,#10810,#10811,#10812));
#10802 = ORIENTED_EDGE('',*,*,#10803,.T.);
#10803 = EDGE_CURVE('',#10804,#9690,#10806,.T.);
#10804 = VERTEX_POINT('',#10805);
#10805 = CARTESIAN_POINT('',(-167.,52.,0.));
#10806 = LINE('',#10807,#10808);
#10807 = CARTESIAN_POINT('',(-167.,52.,0.));
#10808 = VECTOR('',#10809,1.);
#10809 = DIRECTION('',(0.,0.,1.));
#10810 = ORIENTED_EDGE('',*,*,#9689,.T.);
#10811 = ORIENTED_EDGE('',*,*,#10755,.F.);
#10812 = ORIENTED_EDGE('',*,*,#10813,.F.);
#10813 = EDGE_CURVE('',#10804,#10756,#10814,.T.);
#10814 = CIRCLE('',#10815,5.);
#10815 = AXIS2_PLACEMENT_3D('',#10816,#10817,#10818);
#10816 = CARTESIAN_POINT('',(-162.,52.,0.));
#10817 = DIRECTION('',(0.,0.,1.));
#10818 = DIRECTION('',(1.,0.,0.));
#10819 = CYLINDRICAL_SURFACE('',#10820,5.);
#10820 = AXIS2_PLACEMENT_3D('',#10821,#10822,#10823);
#10821 = CARTESIAN_POINT('',(-162.,52.,0.));
#10822 = DIRECTION('',(-0.,-0.,-1.));
#10823 = DIRECTION('',(1.,0.,0.));
#10824 = ADVANCED_FACE('',(#10825),#10844,.F.);
#10825 = FACE_BOUND('',#10826,.T.);
#10826 = EDGE_LOOP('',(#10827,#10828,#10829,#10837));
#10827 = ORIENTED_EDGE('',*,*,#10781,.T.);
#10828 = ORIENTED_EDGE('',*,*,#9706,.T.);
#10829 = ORIENTED_EDGE('',*,*,#10830,.F.);
#10830 = EDGE_CURVE('',#10831,#9699,#10833,.T.);
#10831 = VERTEX_POINT('',#10832);
#10832 = CARTESIAN_POINT('',(-167.,142.,0.));
#10833 = LINE('',#10834,#10835);
#10834 = CARTESIAN_POINT('',(-167.,142.,0.));
#10835 = VECTOR('',#10836,1.);
#10836 = DIRECTION('',(0.,0.,1.));
#10837 = ORIENTED_EDGE('',*,*,#10838,.F.);
#10838 = EDGE_CURVE('',#10782,#10831,#10839,.T.);
#10839 = CIRCLE('',#10840,5.);
#10840 = AXIS2_PLACEMENT_3D('',#10841,#10842,#10843);
#10841 = CARTESIAN_POINT('',(-162.,142.,0.));
#10842 = DIRECTION('',(0.,0.,1.));
#10843 = DIRECTION('',(1.,0.,0.));
#10844 = CYLINDRICAL_SURFACE('',#10845,5.);
#10845 = AXIS2_PLACEMENT_3D('',#10846,#10847,#10848);
#10846 = CARTESIAN_POINT('',(-162.,142.,0.));
#10847 = DIRECTION('',(-0.,-0.,-1.));
#10848 = DIRECTION('',(1.,0.,0.));
#10849 = ADVANCED_FACE('',(#10850),#10861,.T.);
#10850 = FACE_BOUND('',#10851,.T.);
#10851 = EDGE_LOOP('',(#10852,#10853,#10854,#10855));
#10852 = ORIENTED_EDGE('',*,*,#10830,.T.);
#10853 = ORIENTED_EDGE('',*,*,#9698,.T.);
#10854 = ORIENTED_EDGE('',*,*,#10803,.F.);
#10855 = ORIENTED_EDGE('',*,*,#10856,.F.);
#10856 = EDGE_CURVE('',#10831,#10804,#10857,.T.);
#10857 = LINE('',#10858,#10859);
#10858 = CARTESIAN_POINT('',(-167.,142.,0.));
#10859 = VECTOR('',#10860,1.);
#10860 = DIRECTION('',(0.,-1.,0.));
#10861 = PLANE('',#10862);
#10862 = AXIS2_PLACEMENT_3D('',#10863,#10864,#10865);
#10863 = CARTESIAN_POINT('',(-167.,142.,0.));
#10864 = DIRECTION('',(1.,0.,0.));
#10865 = DIRECTION('',(0.,-1.,0.));
#10866 = ADVANCED_FACE('',(#10867),#10892,.T.);
#10867 = FACE_BOUND('',#10868,.T.);
#10868 = EDGE_LOOP('',(#10869,#10877,#10878,#10886));
#10869 = ORIENTED_EDGE('',*,*,#10870,.T.);
#10870 = EDGE_CURVE('',#10871,#9733,#10873,.T.);
#10871 = VERTEX_POINT('',#10872);
#10872 = CARTESIAN_POINT('',(-104.,51.999998464102,0.));
#10873 = LINE('',#10874,#10875);
#10874 = CARTESIAN_POINT('',(-104.,51.999998464102,0.));
#10875 = VECTOR('',#10876,1.);
#10876 = DIRECTION('',(0.,0.,1.));
#10877 = ORIENTED_EDGE('',*,*,#9732,.T.);
#10878 = ORIENTED_EDGE('',*,*,#10879,.F.);
#10879 = EDGE_CURVE('',#10880,#9735,#10882,.T.);
#10880 = VERTEX_POINT('',#10881);
#10881 = CARTESIAN_POINT('',(-104.,141.9999984641,0.));
#10882 = LINE('',#10883,#10884);
#10883 = CARTESIAN_POINT('',(-104.,141.9999984641,0.));
#10884 = VECTOR('',#10885,1.);
#10885 = DIRECTION('',(0.,0.,1.));
#10886 = ORIENTED_EDGE('',*,*,#10887,.F.);
#10887 = EDGE_CURVE('',#10871,#10880,#10888,.T.);
#10888 = LINE('',#10889,#10890);
#10889 = CARTESIAN_POINT('',(-104.,51.999998464102,0.));
#10890 = VECTOR('',#10891,1.);
#10891 = DIRECTION('',(0.,1.,0.));
#10892 = PLANE('',#10893);
#10893 = AXIS2_PLACEMENT_3D('',#10894,#10895,#10896);
#10894 = CARTESIAN_POINT('',(-104.,51.999998464102,0.));
#10895 = DIRECTION('',(-1.,0.,0.));
#10896 = DIRECTION('',(0.,1.,0.));
#10897 = ADVANCED_FACE('',(#10898),#10917,.F.);
#10898 = FACE_BOUND('',#10899,.T.);
#10899 = EDGE_LOOP('',(#10900,#10908,#10909,#10910));
#10900 = ORIENTED_EDGE('',*,*,#10901,.T.);
#10901 = EDGE_CURVE('',#10902,#9743,#10904,.T.);
#10902 = VERTEX_POINT('',#10903);
#10903 = CARTESIAN_POINT('',(-109.,46.999998464102,0.));
#10904 = LINE('',#10905,#10906);
#10905 = CARTESIAN_POINT('',(-109.,46.999998464102,0.));
#10906 = VECTOR('',#10907,1.);
#10907 = DIRECTION('',(0.,0.,1.));
#10908 = ORIENTED_EDGE('',*,*,#9742,.T.);
#10909 = ORIENTED_EDGE('',*,*,#10870,.F.);
#10910 = ORIENTED_EDGE('',*,*,#10911,.F.);
#10911 = EDGE_CURVE('',#10902,#10871,#10912,.T.);
#10912 = CIRCLE('',#10913,5.);
#10913 = AXIS2_PLACEMENT_3D('',#10914,#10915,#10916);
#10914 = CARTESIAN_POINT('',(-109.,51.999998464102,0.));
#10915 = DIRECTION('',(0.,0.,1.));
#10916 = DIRECTION('',(1.,0.,0.));
#10917 = CYLINDRICAL_SURFACE('',#10918,5.);
#10918 = AXIS2_PLACEMENT_3D('',#10919,#10920,#10921);
#10919 = CARTESIAN_POINT('',(-109.,51.999998464102,0.));
#10920 = DIRECTION('',(-0.,-0.,-1.));
#10921 = DIRECTION('',(1.,0.,0.));
#10922 = ADVANCED_FACE('',(#10923),#10942,.F.);
#10923 = FACE_BOUND('',#10924,.T.);
#10924 = EDGE_LOOP('',(#10925,#10926,#10927,#10935));
#10925 = ORIENTED_EDGE('',*,*,#10879,.T.);
#10926 = ORIENTED_EDGE('',*,*,#9793,.T.);
#10927 = ORIENTED_EDGE('',*,*,#10928,.F.);
#10928 = EDGE_CURVE('',#10929,#9786,#10931,.T.);
#10929 = VERTEX_POINT('',#10930);
#10930 = CARTESIAN_POINT('',(-109.,146.9999984641,0.));
#10931 = LINE('',#10932,#10933);
#10932 = CARTESIAN_POINT('',(-109.,146.9999984641,0.));
#10933 = VECTOR('',#10934,1.);
#10934 = DIRECTION('',(0.,0.,1.));
#10935 = ORIENTED_EDGE('',*,*,#10936,.F.);
#10936 = EDGE_CURVE('',#10880,#10929,#10937,.T.);
#10937 = CIRCLE('',#10938,5.);
#10938 = AXIS2_PLACEMENT_3D('',#10939,#10940,#10941);
#10939 = CARTESIAN_POINT('',(-109.,141.9999984641,0.));
#10940 = DIRECTION('',(0.,0.,1.));
#10941 = DIRECTION('',(1.,0.,0.));
#10942 = CYLINDRICAL_SURFACE('',#10943,5.);
#10943 = AXIS2_PLACEMENT_3D('',#10944,#10945,#10946);
#10944 = CARTESIAN_POINT('',(-109.,141.9999984641,0.));
#10945 = DIRECTION('',(-0.,-0.,-1.));
#10946 = DIRECTION('',(1.,0.,0.));
#10947 = ADVANCED_FACE('',(#10948),#10966,.T.);
#10948 = FACE_BOUND('',#10949,.T.);
#10949 = EDGE_LOOP('',(#10950,#10958,#10959,#10960));
#10950 = ORIENTED_EDGE('',*,*,#10951,.T.);
#10951 = EDGE_CURVE('',#10952,#9752,#10954,.T.);
#10952 = VERTEX_POINT('',#10953);
#10953 = CARTESIAN_POINT('',(-129.,46.999998464102,0.));
#10954 = LINE('',#10955,#10956);
#10955 = CARTESIAN_POINT('',(-129.,46.999998464102,0.));
#10956 = VECTOR('',#10957,1.);
#10957 = DIRECTION('',(0.,0.,1.));
#10958 = ORIENTED_EDGE('',*,*,#9751,.T.);
#10959 = ORIENTED_EDGE('',*,*,#10901,.F.);
#10960 = ORIENTED_EDGE('',*,*,#10961,.F.);
#10961 = EDGE_CURVE('',#10952,#10902,#10962,.T.);
#10962 = LINE('',#10963,#10964);
#10963 = CARTESIAN_POINT('',(-129.,46.999998464102,0.));
#10964 = VECTOR('',#10965,1.);
#10965 = DIRECTION('',(1.,0.,0.));
#10966 = PLANE('',#10967);
#10967 = AXIS2_PLACEMENT_3D('',#10968,#10969,#10970);
#10968 = CARTESIAN_POINT('',(-129.,46.999998464102,0.));
#10969 = DIRECTION('',(0.,1.,0.));
#10970 = DIRECTION('',(1.,0.,0.));
#10971 = ADVANCED_FACE('',(#10972),#10990,.T.);
#10972 = FACE_BOUND('',#10973,.T.);
#10973 = EDGE_LOOP('',(#10974,#10975,#10976,#10984));
#10974 = ORIENTED_EDGE('',*,*,#10928,.T.);
#10975 = ORIENTED_EDGE('',*,*,#9785,.T.);
#10976 = ORIENTED_EDGE('',*,*,#10977,.F.);
#10977 = EDGE_CURVE('',#10978,#9777,#10980,.T.);
#10978 = VERTEX_POINT('',#10979);
#10979 = CARTESIAN_POINT('',(-129.,146.9999984641,0.));
#10980 = LINE('',#10981,#10982);
#10981 = CARTESIAN_POINT('',(-129.,146.9999984641,0.));
#10982 = VECTOR('',#10983,1.);
#10983 = DIRECTION('',(0.,0.,1.));
#10984 = ORIENTED_EDGE('',*,*,#10985,.F.);
#10985 = EDGE_CURVE('',#10929,#10978,#10986,.T.);
#10986 = LINE('',#10987,#10988);
#10987 = CARTESIAN_POINT('',(-109.,146.9999984641,0.));
#10988 = VECTOR('',#10989,1.);
#10989 = DIRECTION('',(-1.,0.,0.));
#10990 = PLANE('',#10991);
#10991 = AXIS2_PLACEMENT_3D('',#10992,#10993,#10994);
#10992 = CARTESIAN_POINT('',(-109.,146.9999984641,0.));
#10993 = DIRECTION('',(0.,-1.,0.));
#10994 = DIRECTION('',(-1.,0.,0.));
#10995 = ADVANCED_FACE('',(#10996),#11015,.F.);
#10996 = FACE_BOUND('',#10997,.T.);
#10997 = EDGE_LOOP('',(#10998,#11006,#11007,#11008));
#10998 = ORIENTED_EDGE('',*,*,#10999,.T.);
#10999 = EDGE_CURVE('',#11000,#9760,#11002,.T.);
#11000 = VERTEX_POINT('',#11001);
#11001 = CARTESIAN_POINT('',(-134.,51.999998464102,0.));
#11002 = LINE('',#11003,#11004);
#11003 = CARTESIAN_POINT('',(-134.,51.999998464102,0.));
#11004 = VECTOR('',#11005,1.);
#11005 = DIRECTION('',(0.,0.,1.));
#11006 = ORIENTED_EDGE('',*,*,#9759,.T.);
#11007 = ORIENTED_EDGE('',*,*,#10951,.F.);
#11008 = ORIENTED_EDGE('',*,*,#11009,.F.);
#11009 = EDGE_CURVE('',#11000,#10952,#11010,.T.);
#11010 = CIRCLE('',#11011,5.);
#11011 = AXIS2_PLACEMENT_3D('',#11012,#11013,#11014);
#11012 = CARTESIAN_POINT('',(-129.,51.999998464102,0.));
#11013 = DIRECTION('',(0.,0.,1.));
#11014 = DIRECTION('',(1.,0.,0.));
#11015 = CYLINDRICAL_SURFACE('',#11016,5.);
#11016 = AXIS2_PLACEMENT_3D('',#11017,#11018,#11019);
#11017 = CARTESIAN_POINT('',(-129.,51.999998464102,0.));
#11018 = DIRECTION('',(-0.,-0.,-1.));
#11019 = DIRECTION('',(1.,0.,0.));
#11020 = ADVANCED_FACE('',(#11021),#11040,.F.);
#11021 = FACE_BOUND('',#11022,.T.);
#11022 = EDGE_LOOP('',(#11023,#11024,#11025,#11033));
#11023 = ORIENTED_EDGE('',*,*,#10977,.T.);
#11024 = ORIENTED_EDGE('',*,*,#9776,.T.);
#11025 = ORIENTED_EDGE('',*,*,#11026,.F.);
#11026 = EDGE_CURVE('',#11027,#9769,#11029,.T.);
#11027 = VERTEX_POINT('',#11028);
#11028 = CARTESIAN_POINT('',(-134.,141.9999984641,0.));
#11029 = LINE('',#11030,#11031);
#11030 = CARTESIAN_POINT('',(-134.,141.9999984641,0.));
#11031 = VECTOR('',#11032,1.);
#11032 = DIRECTION('',(0.,0.,1.));
#11033 = ORIENTED_EDGE('',*,*,#11034,.F.);
#11034 = EDGE_CURVE('',#10978,#11027,#11035,.T.);
#11035 = CIRCLE('',#11036,5.);
#11036 = AXIS2_PLACEMENT_3D('',#11037,#11038,#11039);
#11037 = CARTESIAN_POINT('',(-129.,141.9999984641,0.));
#11038 = DIRECTION('',(0.,0.,1.));
#11039 = DIRECTION('',(1.,0.,0.));
#11040 = CYLINDRICAL_SURFACE('',#11041,5.);
#11041 = AXIS2_PLACEMENT_3D('',#11042,#11043,#11044);
#11042 = CARTESIAN_POINT('',(-129.,141.9999984641,0.));
#11043 = DIRECTION('',(-0.,-0.,-1.));
#11044 = DIRECTION('',(1.,0.,0.));
#11045 = ADVANCED_FACE('',(#11046),#11057,.T.);
#11046 = FACE_BOUND('',#11047,.T.);
#11047 = EDGE_LOOP('',(#11048,#11049,#11050,#11051));
#11048 = ORIENTED_EDGE('',*,*,#11026,.T.);
#11049 = ORIENTED_EDGE('',*,*,#9768,.T.);
#11050 = ORIENTED_EDGE('',*,*,#10999,.F.);
#11051 = ORIENTED_EDGE('',*,*,#11052,.F.);
#11052 = EDGE_CURVE('',#11027,#11000,#11053,.T.);
#11053 = LINE('',#11054,#11055);
#11054 = CARTESIAN_POINT('',(-134.,141.9999984641,0.));
#11055 = VECTOR('',#11056,1.);
#11056 = DIRECTION('',(0.,-1.,0.));
#11057 = PLANE('',#11058);
#11058 = AXIS2_PLACEMENT_3D('',#11059,#11060,#11061);
#11059 = CARTESIAN_POINT('',(-134.,141.9999984641,0.));
#11060 = DIRECTION('',(1.,0.,0.));
#11061 = DIRECTION('',(0.,-1.,0.));
#11062 = ADVANCED_FACE('',(#11063),#11088,.T.);
#11063 = FACE_BOUND('',#11064,.T.);
#11064 = EDGE_LOOP('',(#11065,#11073,#11074,#11082));
#11065 = ORIENTED_EDGE('',*,*,#11066,.T.);
#11066 = EDGE_CURVE('',#11067,#9803,#11069,.T.);
#11067 = VERTEX_POINT('',#11068);
#11068 = CARTESIAN_POINT('',(-71.,52.000378191104,0.));
#11069 = LINE('',#11070,#11071);
#11070 = CARTESIAN_POINT('',(-71.,52.000378191104,0.));
#11071 = VECTOR('',#11072,1.);
#11072 = DIRECTION('',(0.,0.,1.));
#11073 = ORIENTED_EDGE('',*,*,#9802,.T.);
#11074 = ORIENTED_EDGE('',*,*,#11075,.F.);
#11075 = EDGE_CURVE('',#11076,#9805,#11078,.T.);
#11076 = VERTEX_POINT('',#11077);
#11077 = CARTESIAN_POINT('',(-71.,142.0003781911,0.));
#11078 = LINE('',#11079,#11080);
#11079 = CARTESIAN_POINT('',(-71.,142.0003781911,0.));
#11080 = VECTOR('',#11081,1.);
#11081 = DIRECTION('',(0.,0.,1.));
#11082 = ORIENTED_EDGE('',*,*,#11083,.F.);
#11083 = EDGE_CURVE('',#11067,#11076,#11084,.T.);
#11084 = LINE('',#11085,#11086);
#11085 = CARTESIAN_POINT('',(-71.,52.000378191104,0.));
#11086 = VECTOR('',#11087,1.);
#11087 = DIRECTION('',(0.,1.,0.));
#11088 = PLANE('',#11089);
#11089 = AXIS2_PLACEMENT_3D('',#11090,#11091,#11092);
#11090 = CARTESIAN_POINT('',(-71.,52.000378191104,0.));
#11091 = DIRECTION('',(-1.,0.,0.));
#11092 = DIRECTION('',(0.,1.,0.));
#11093 = ADVANCED_FACE('',(#11094),#11113,.F.);
#11094 = FACE_BOUND('',#11095,.T.);
#11095 = EDGE_LOOP('',(#11096,#11104,#11105,#11106));
#11096 = ORIENTED_EDGE('',*,*,#11097,.T.);
#11097 = EDGE_CURVE('',#11098,#9813,#11100,.T.);
#11098 = VERTEX_POINT('',#11099);
#11099 = CARTESIAN_POINT('',(-76.,47.000378191104,0.));
#11100 = LINE('',#11101,#11102);
#11101 = CARTESIAN_POINT('',(-76.,47.000378191104,0.));
#11102 = VECTOR('',#11103,1.);
#11103 = DIRECTION('',(0.,0.,1.));
#11104 = ORIENTED_EDGE('',*,*,#9812,.T.);
#11105 = ORIENTED_EDGE('',*,*,#11066,.F.);
#11106 = ORIENTED_EDGE('',*,*,#11107,.F.);
#11107 = EDGE_CURVE('',#11098,#11067,#11108,.T.);
#11108 = CIRCLE('',#11109,5.);
#11109 = AXIS2_PLACEMENT_3D('',#11110,#11111,#11112);
#11110 = CARTESIAN_POINT('',(-76.,52.000378191104,0.));
#11111 = DIRECTION('',(0.,0.,1.));
#11112 = DIRECTION('',(1.,0.,0.));
#11113 = CYLINDRICAL_SURFACE('',#11114,5.);
#11114 = AXIS2_PLACEMENT_3D('',#11115,#11116,#11117);
#11115 = CARTESIAN_POINT('',(-76.,52.000378191104,0.));
#11116 = DIRECTION('',(-0.,-0.,-1.));
#11117 = DIRECTION('',(1.,0.,0.));
#11118 = ADVANCED_FACE('',(#11119),#11138,.F.);
#11119 = FACE_BOUND('',#11120,.T.);
#11120 = EDGE_LOOP('',(#11121,#11122,#11123,#11131));
#11121 = ORIENTED_EDGE('',*,*,#11075,.T.);
#11122 = ORIENTED_EDGE('',*,*,#9863,.T.);
#11123 = ORIENTED_EDGE('',*,*,#11124,.F.);
#11124 = EDGE_CURVE('',#11125,#9856,#11127,.T.);
#11125 = VERTEX_POINT('',#11126);
#11126 = CARTESIAN_POINT('',(-76.,147.0003781911,0.));
#11127 = LINE('',#11128,#11129);
#11128 = CARTESIAN_POINT('',(-76.,147.0003781911,0.));
#11129 = VECTOR('',#11130,1.);
#11130 = DIRECTION('',(0.,0.,1.));
#11131 = ORIENTED_EDGE('',*,*,#11132,.F.);
#11132 = EDGE_CURVE('',#11076,#11125,#11133,.T.);
#11133 = CIRCLE('',#11134,5.);
#11134 = AXIS2_PLACEMENT_3D('',#11135,#11136,#11137);
#11135 = CARTESIAN_POINT('',(-76.,142.0003781911,0.));
#11136 = DIRECTION('',(0.,0.,1.));
#11137 = DIRECTION('',(1.,0.,0.));
#11138 = CYLINDRICAL_SURFACE('',#11139,5.);
#11139 = AXIS2_PLACEMENT_3D('',#11140,#11141,#11142);
#11140 = CARTESIAN_POINT('',(-76.,142.0003781911,0.));
#11141 = DIRECTION('',(-0.,-0.,-1.));
#11142 = DIRECTION('',(1.,0.,0.));
#11143 = ADVANCED_FACE('',(#11144),#11162,.T.);
#11144 = FACE_BOUND('',#11145,.T.);
#11145 = EDGE_LOOP('',(#11146,#11154,#11155,#11156));
#11146 = ORIENTED_EDGE('',*,*,#11147,.T.);
#11147 = EDGE_CURVE('',#11148,#9822,#11150,.T.);
#11148 = VERTEX_POINT('',#11149);
#11149 = CARTESIAN_POINT('',(-96.,47.000378191104,0.));
#11150 = LINE('',#11151,#11152);
#11151 = CARTESIAN_POINT('',(-96.,47.000378191104,0.));
#11152 = VECTOR('',#11153,1.);
#11153 = DIRECTION('',(0.,0.,1.));
#11154 = ORIENTED_EDGE('',*,*,#9821,.T.);
#11155 = ORIENTED_EDGE('',*,*,#11097,.F.);
#11156 = ORIENTED_EDGE('',*,*,#11157,.F.);
#11157 = EDGE_CURVE('',#11148,#11098,#11158,.T.);
#11158 = LINE('',#11159,#11160);
#11159 = CARTESIAN_POINT('',(-96.,47.000378191104,0.));
#11160 = VECTOR('',#11161,1.);
#11161 = DIRECTION('',(1.,0.,0.));
#11162 = PLANE('',#11163);
#11163 = AXIS2_PLACEMENT_3D('',#11164,#11165,#11166);
#11164 = CARTESIAN_POINT('',(-96.,47.000378191104,0.));
#11165 = DIRECTION('',(0.,1.,0.));
#11166 = DIRECTION('',(1.,0.,0.));
#11167 = ADVANCED_FACE('',(#11168),#11186,.T.);
#11168 = FACE_BOUND('',#11169,.T.);
#11169 = EDGE_LOOP('',(#11170,#11171,#11172,#11180));
#11170 = ORIENTED_EDGE('',*,*,#11124,.T.);
#11171 = ORIENTED_EDGE('',*,*,#9855,.T.);
#11172 = ORIENTED_EDGE('',*,*,#11173,.F.);
#11173 = EDGE_CURVE('',#11174,#9847,#11176,.T.);
#11174 = VERTEX_POINT('',#11175);
#11175 = CARTESIAN_POINT('',(-96.,147.0003781911,0.));
#11176 = LINE('',#11177,#11178);
#11177 = CARTESIAN_POINT('',(-96.,147.0003781911,0.));
#11178 = VECTOR('',#11179,1.);
#11179 = DIRECTION('',(0.,0.,1.));
#11180 = ORIENTED_EDGE('',*,*,#11181,.F.);
#11181 = EDGE_CURVE('',#11125,#11174,#11182,.T.);
#11182 = LINE('',#11183,#11184);
#11183 = CARTESIAN_POINT('',(-76.,147.0003781911,0.));
#11184 = VECTOR('',#11185,1.);
#11185 = DIRECTION('',(-1.,0.,0.));
#11186 = PLANE('',#11187);
#11187 = AXIS2_PLACEMENT_3D('',#11188,#11189,#11190);
#11188 = CARTESIAN_POINT('',(-76.,147.0003781911,0.));
#11189 = DIRECTION('',(0.,-1.,0.));
#11190 = DIRECTION('',(-1.,0.,0.));
#11191 = ADVANCED_FACE('',(#11192),#11211,.F.);
#11192 = FACE_BOUND('',#11193,.T.);
#11193 = EDGE_LOOP('',(#11194,#11202,#11203,#11204));
#11194 = ORIENTED_EDGE('',*,*,#11195,.T.);
#11195 = EDGE_CURVE('',#11196,#9830,#11198,.T.);
#11196 = VERTEX_POINT('',#11197);
#11197 = CARTESIAN_POINT('',(-101.,52.000378191104,0.));
#11198 = LINE('',#11199,#11200);
#11199 = CARTESIAN_POINT('',(-101.,52.000378191104,0.));
#11200 = VECTOR('',#11201,1.);
#11201 = DIRECTION('',(0.,0.,1.));
#11202 = ORIENTED_EDGE('',*,*,#9829,.T.);
#11203 = ORIENTED_EDGE('',*,*,#11147,.F.);
#11204 = ORIENTED_EDGE('',*,*,#11205,.F.);
#11205 = EDGE_CURVE('',#11196,#11148,#11206,.T.);
#11206 = CIRCLE('',#11207,5.);
#11207 = AXIS2_PLACEMENT_3D('',#11208,#11209,#11210);
#11208 = CARTESIAN_POINT('',(-96.,52.000378191104,0.));
#11209 = DIRECTION('',(0.,0.,1.));
#11210 = DIRECTION('',(1.,0.,0.));
#11211 = CYLINDRICAL_SURFACE('',#11212,5.);
#11212 = AXIS2_PLACEMENT_3D('',#11213,#11214,#11215);
#11213 = CARTESIAN_POINT('',(-96.,52.000378191104,0.));
#11214 = DIRECTION('',(-0.,-0.,-1.));
#11215 = DIRECTION('',(1.,0.,0.));
#11216 = ADVANCED_FACE('',(#11217),#11236,.F.);
#11217 = FACE_BOUND('',#11218,.T.);
#11218 = EDGE_LOOP('',(#11219,#11220,#11221,#11229));
#11219 = ORIENTED_EDGE('',*,*,#11173,.T.);
#11220 = ORIENTED_EDGE('',*,*,#9846,.T.);
#11221 = ORIENTED_EDGE('',*,*,#11222,.F.);
#11222 = EDGE_CURVE('',#11223,#9839,#11225,.T.);
#11223 = VERTEX_POINT('',#11224);
#11224 = CARTESIAN_POINT('',(-101.,142.0003781911,0.));
#11225 = LINE('',#11226,#11227);
#11226 = CARTESIAN_POINT('',(-101.,142.0003781911,0.));
#11227 = VECTOR('',#11228,1.);
#11228 = DIRECTION('',(0.,0.,1.));
#11229 = ORIENTED_EDGE('',*,*,#11230,.F.);
#11230 = EDGE_CURVE('',#11174,#11223,#11231,.T.);
#11231 = CIRCLE('',#11232,5.);
#11232 = AXIS2_PLACEMENT_3D('',#11233,#11234,#11235);
#11233 = CARTESIAN_POINT('',(-96.,142.0003781911,0.));
#11234 = DIRECTION('',(0.,0.,1.));
#11235 = DIRECTION('',(1.,0.,0.));
#11236 = CYLINDRICAL_SURFACE('',#11237,5.);
#11237 = AXIS2_PLACEMENT_3D('',#11238,#11239,#11240);
#11238 = CARTESIAN_POINT('',(-96.,142.0003781911,0.));
#11239 = DIRECTION('',(-0.,-0.,-1.));
#11240 = DIRECTION('',(1.,0.,0.));
#11241 = ADVANCED_FACE('',(#11242),#11253,.T.);
#11242 = FACE_BOUND('',#11243,.T.);
#11243 = EDGE_LOOP('',(#11244,#11245,#11246,#11247));
#11244 = ORIENTED_EDGE('',*,*,#11222,.T.);
#11245 = ORIENTED_EDGE('',*,*,#9838,.T.);
#11246 = ORIENTED_EDGE('',*,*,#11195,.F.);
#11247 = ORIENTED_EDGE('',*,*,#11248,.F.);
#11248 = EDGE_CURVE('',#11223,#11196,#11249,.T.);
#11249 = LINE('',#11250,#11251);
#11250 = CARTESIAN_POINT('',(-101.,142.0003781911,0.));
#11251 = VECTOR('',#11252,1.);
#11252 = DIRECTION('',(0.,-1.,0.));
#11253 = PLANE('',#11254);
#11254 = AXIS2_PLACEMENT_3D('',#11255,#11256,#11257);
#11255 = CARTESIAN_POINT('',(-101.,142.0003781911,0.));
#11256 = DIRECTION('',(1.,0.,0.));
#11257 = DIRECTION('',(0.,-1.,0.));
#11258 = ADVANCED_FACE('',(#11259),#11284,.T.);
#11259 = FACE_BOUND('',#11260,.T.);
#11260 = EDGE_LOOP('',(#11261,#11269,#11270,#11278));
#11261 = ORIENTED_EDGE('',*,*,#11262,.T.);
#11262 = EDGE_CURVE('',#11263,#9873,#11265,.T.);
#11263 = VERTEX_POINT('',#11264);
#11264 = CARTESIAN_POINT('',(-38.,51.999995402092,0.));
#11265 = LINE('',#11266,#11267);
#11266 = CARTESIAN_POINT('',(-38.,51.999995402092,0.));
#11267 = VECTOR('',#11268,1.);
#11268 = DIRECTION('',(0.,0.,1.));
#11269 = ORIENTED_EDGE('',*,*,#9872,.T.);
#11270 = ORIENTED_EDGE('',*,*,#11271,.F.);
#11271 = EDGE_CURVE('',#11272,#9875,#11274,.T.);
#11272 = VERTEX_POINT('',#11273);
#11273 = CARTESIAN_POINT('',(-38.,141.99999540209,0.));
#11274 = LINE('',#11275,#11276);
#11275 = CARTESIAN_POINT('',(-38.,141.99999540209,0.));
#11276 = VECTOR('',#11277,1.);
#11277 = DIRECTION('',(0.,0.,1.));
#11278 = ORIENTED_EDGE('',*,*,#11279,.F.);
#11279 = EDGE_CURVE('',#11263,#11272,#11280,.T.);
#11280 = LINE('',#11281,#11282);
#11281 = CARTESIAN_POINT('',(-38.,51.999995402092,0.));
#11282 = VECTOR('',#11283,1.);
#11283 = DIRECTION('',(0.,1.,0.));
#11284 = PLANE('',#11285);
#11285 = AXIS2_PLACEMENT_3D('',#11286,#11287,#11288);
#11286 = CARTESIAN_POINT('',(-38.,51.999995402092,0.));
#11287 = DIRECTION('',(-1.,0.,0.));
#11288 = DIRECTION('',(0.,1.,0.));
#11289 = ADVANCED_FACE('',(#11290),#11309,.F.);
#11290 = FACE_BOUND('',#11291,.T.);
#11291 = EDGE_LOOP('',(#11292,#11300,#11301,#11302));
#11292 = ORIENTED_EDGE('',*,*,#11293,.T.);
#11293 = EDGE_CURVE('',#11294,#9883,#11296,.T.);
#11294 = VERTEX_POINT('',#11295);
#11295 = CARTESIAN_POINT('',(-43.,46.999995402092,0.));
#11296 = LINE('',#11297,#11298);
#11297 = CARTESIAN_POINT('',(-43.,46.999995402092,0.));
#11298 = VECTOR('',#11299,1.);
#11299 = DIRECTION('',(0.,0.,1.));
#11300 = ORIENTED_EDGE('',*,*,#9882,.T.);
#11301 = ORIENTED_EDGE('',*,*,#11262,.F.);
#11302 = ORIENTED_EDGE('',*,*,#11303,.F.);
#11303 = EDGE_CURVE('',#11294,#11263,#11304,.T.);
#11304 = CIRCLE('',#11305,5.);
#11305 = AXIS2_PLACEMENT_3D('',#11306,#11307,#11308);
#11306 = CARTESIAN_POINT('',(-43.,51.999995402092,0.));
#11307 = DIRECTION('',(0.,0.,1.));
#11308 = DIRECTION('',(1.,0.,0.));
#11309 = CYLINDRICAL_SURFACE('',#11310,5.);
#11310 = AXIS2_PLACEMENT_3D('',#11311,#11312,#11313);
#11311 = CARTESIAN_POINT('',(-43.,51.999995402092,0.));
#11312 = DIRECTION('',(-0.,-0.,-1.));
#11313 = DIRECTION('',(1.,0.,0.));
#11314 = ADVANCED_FACE('',(#11315),#11334,.F.);
#11315 = FACE_BOUND('',#11316,.T.);
#11316 = EDGE_LOOP('',(#11317,#11318,#11319,#11327));
#11317 = ORIENTED_EDGE('',*,*,#11271,.T.);
#11318 = ORIENTED_EDGE('',*,*,#9933,.T.);
#11319 = ORIENTED_EDGE('',*,*,#11320,.F.);
#11320 = EDGE_CURVE('',#11321,#9926,#11323,.T.);
#11321 = VERTEX_POINT('',#11322);
#11322 = CARTESIAN_POINT('',(-43.,146.99999540209,0.));
#11323 = LINE('',#11324,#11325);
#11324 = CARTESIAN_POINT('',(-43.,146.99999540209,0.));
#11325 = VECTOR('',#11326,1.);
#11326 = DIRECTION('',(0.,0.,1.));
#11327 = ORIENTED_EDGE('',*,*,#11328,.F.);
#11328 = EDGE_CURVE('',#11272,#11321,#11329,.T.);
#11329 = CIRCLE('',#11330,5.);
#11330 = AXIS2_PLACEMENT_3D('',#11331,#11332,#11333);
#11331 = CARTESIAN_POINT('',(-43.,141.99999540209,0.));
#11332 = DIRECTION('',(0.,0.,1.));
#11333 = DIRECTION('',(1.,0.,0.));
#11334 = CYLINDRICAL_SURFACE('',#11335,5.);
#11335 = AXIS2_PLACEMENT_3D('',#11336,#11337,#11338);
#11336 = CARTESIAN_POINT('',(-43.,141.99999540209,0.));
#11337 = DIRECTION('',(-0.,-0.,-1.));
#11338 = DIRECTION('',(1.,0.,0.));
#11339 = ADVANCED_FACE('',(#11340),#11358,.T.);
#11340 = FACE_BOUND('',#11341,.T.);
#11341 = EDGE_LOOP('',(#11342,#11350,#11351,#11352));
#11342 = ORIENTED_EDGE('',*,*,#11343,.T.);
#11343 = EDGE_CURVE('',#11344,#9892,#11346,.T.);
#11344 = VERTEX_POINT('',#11345);
#11345 = CARTESIAN_POINT('',(-63.,46.999995402092,0.));
#11346 = LINE('',#11347,#11348);
#11347 = CARTESIAN_POINT('',(-63.,46.999995402092,0.));
#11348 = VECTOR('',#11349,1.);
#11349 = DIRECTION('',(0.,0.,1.));
#11350 = ORIENTED_EDGE('',*,*,#9891,.T.);
#11351 = ORIENTED_EDGE('',*,*,#11293,.F.);
#11352 = ORIENTED_EDGE('',*,*,#11353,.F.);
#11353 = EDGE_CURVE('',#11344,#11294,#11354,.T.);
#11354 = LINE('',#11355,#11356);
#11355 = CARTESIAN_POINT('',(-63.,46.999995402092,0.));
#11356 = VECTOR('',#11357,1.);
#11357 = DIRECTION('',(1.,0.,0.));
#11358 = PLANE('',#11359);
#11359 = AXIS2_PLACEMENT_3D('',#11360,#11361,#11362);
#11360 = CARTESIAN_POINT('',(-63.,46.999995402092,0.));
#11361 = DIRECTION('',(0.,1.,0.));
#11362 = DIRECTION('',(1.,0.,0.));
#11363 = ADVANCED_FACE('',(#11364),#11382,.T.);
#11364 = FACE_BOUND('',#11365,.T.);
#11365 = EDGE_LOOP('',(#11366,#11367,#11368,#11376));
#11366 = ORIENTED_EDGE('',*,*,#11320,.T.);
#11367 = ORIENTED_EDGE('',*,*,#9925,.T.);
#11368 = ORIENTED_EDGE('',*,*,#11369,.F.);
#11369 = EDGE_CURVE('',#11370,#9917,#11372,.T.);
#11370 = VERTEX_POINT('',#11371);
#11371 = CARTESIAN_POINT('',(-63.,146.99999540209,0.));
#11372 = LINE('',#11373,#11374);
#11373 = CARTESIAN_POINT('',(-63.,146.99999540209,0.));
#11374 = VECTOR('',#11375,1.);
#11375 = DIRECTION('',(0.,0.,1.));
#11376 = ORIENTED_EDGE('',*,*,#11377,.F.);
#11377 = EDGE_CURVE('',#11321,#11370,#11378,.T.);
#11378 = LINE('',#11379,#11380);
#11379 = CARTESIAN_POINT('',(-43.,146.99999540209,0.));
#11380 = VECTOR('',#11381,1.);
#11381 = DIRECTION('',(-1.,0.,0.));
#11382 = PLANE('',#11383);
#11383 = AXIS2_PLACEMENT_3D('',#11384,#11385,#11386);
#11384 = CARTESIAN_POINT('',(-43.,146.99999540209,0.));
#11385 = DIRECTION('',(0.,-1.,0.));
#11386 = DIRECTION('',(-1.,0.,0.));
#11387 = ADVANCED_FACE('',(#11388),#11407,.F.);
#11388 = FACE_BOUND('',#11389,.T.);
#11389 = EDGE_LOOP('',(#11390,#11398,#11399,#11400));
#11390 = ORIENTED_EDGE('',*,*,#11391,.T.);
#11391 = EDGE_CURVE('',#11392,#9900,#11394,.T.);
#11392 = VERTEX_POINT('',#11393);
#11393 = CARTESIAN_POINT('',(-68.,51.999995402092,0.));
#11394 = LINE('',#11395,#11396);
#11395 = CARTESIAN_POINT('',(-68.,51.999995402092,0.));
#11396 = VECTOR('',#11397,1.);
#11397 = DIRECTION('',(0.,0.,1.));
#11398 = ORIENTED_EDGE('',*,*,#9899,.T.);
#11399 = ORIENTED_EDGE('',*,*,#11343,.F.);
#11400 = ORIENTED_EDGE('',*,*,#11401,.F.);
#11401 = EDGE_CURVE('',#11392,#11344,#11402,.T.);
#11402 = CIRCLE('',#11403,5.);
#11403 = AXIS2_PLACEMENT_3D('',#11404,#11405,#11406);
#11404 = CARTESIAN_POINT('',(-63.,51.999995402092,0.));
#11405 = DIRECTION('',(0.,0.,1.));
#11406 = DIRECTION('',(1.,0.,0.));
#11407 = CYLINDRICAL_SURFACE('',#11408,5.);
#11408 = AXIS2_PLACEMENT_3D('',#11409,#11410,#11411);
#11409 = CARTESIAN_POINT('',(-63.,51.999995402092,0.));
#11410 = DIRECTION('',(-0.,-0.,-1.));
#11411 = DIRECTION('',(1.,0.,0.));
#11412 = ADVANCED_FACE('',(#11413),#11432,.F.);
#11413 = FACE_BOUND('',#11414,.T.);
#11414 = EDGE_LOOP('',(#11415,#11416,#11417,#11425));
#11415 = ORIENTED_EDGE('',*,*,#11369,.T.);
#11416 = ORIENTED_EDGE('',*,*,#9916,.T.);
#11417 = ORIENTED_EDGE('',*,*,#11418,.F.);
#11418 = EDGE_CURVE('',#11419,#9909,#11421,.T.);
#11419 = VERTEX_POINT('',#11420);
#11420 = CARTESIAN_POINT('',(-68.,141.99999540209,0.));
#11421 = LINE('',#11422,#11423);
#11422 = CARTESIAN_POINT('',(-68.,141.99999540209,0.));
#11423 = VECTOR('',#11424,1.);
#11424 = DIRECTION('',(0.,0.,1.));
#11425 = ORIENTED_EDGE('',*,*,#11426,.F.);
#11426 = EDGE_CURVE('',#11370,#11419,#11427,.T.);
#11427 = CIRCLE('',#11428,5.);
#11428 = AXIS2_PLACEMENT_3D('',#11429,#11430,#11431);
#11429 = CARTESIAN_POINT('',(-63.,141.99999540209,0.));
#11430 = DIRECTION('',(0.,0.,1.));
#11431 = DIRECTION('',(1.,0.,0.));
#11432 = CYLINDRICAL_SURFACE('',#11433,5.);
#11433 = AXIS2_PLACEMENT_3D('',#11434,#11435,#11436);
#11434 = CARTESIAN_POINT('',(-63.,141.99999540209,0.));
#11435 = DIRECTION('',(-0.,-0.,-1.));
#11436 = DIRECTION('',(1.,0.,0.));
#11437 = ADVANCED_FACE('',(#11438),#11449,.T.);
#11438 = FACE_BOUND('',#11439,.T.);
#11439 = EDGE_LOOP('',(#11440,#11441,#11442,#11443));
#11440 = ORIENTED_EDGE('',*,*,#11418,.T.);
#11441 = ORIENTED_EDGE('',*,*,#9908,.T.);
#11442 = ORIENTED_EDGE('',*,*,#11391,.F.);
#11443 = ORIENTED_EDGE('',*,*,#11444,.F.);
#11444 = EDGE_CURVE('',#11419,#11392,#11445,.T.);
#11445 = LINE('',#11446,#11447);
#11446 = CARTESIAN_POINT('',(-68.,141.99999540209,0.));
#11447 = VECTOR('',#11448,1.);
#11448 = DIRECTION('',(0.,-1.,0.));
#11449 = PLANE('',#11450);
#11450 = AXIS2_PLACEMENT_3D('',#11451,#11452,#11453);
#11451 = CARTESIAN_POINT('',(-68.,141.99999540209,0.));
#11452 = DIRECTION('',(1.,0.,0.));
#11453 = DIRECTION('',(0.,-1.,0.));
#11454 = ADVANCED_FACE('',(#11455),#11461,.T.);
#11455 = FACE_BOUND('',#11456,.T.);
#11456 = EDGE_LOOP('',(#11457,#11458,#11459,#11460));
#11457 = ORIENTED_EDGE('',*,*,#10027,.T.);
#11458 = ORIENTED_EDGE('',*,*,#10003,.T.);
#11459 = ORIENTED_EDGE('',*,*,#9965,.T.);
#11460 = ORIENTED_EDGE('',*,*,#10372,.T.);
#11461 = PLANE('',#11462);
#11462 = AXIS2_PLACEMENT_3D('',#11463,#11464,#11465);
#11463 = CARTESIAN_POINT('',(-85.,75.,0.));
#11464 = DIRECTION('',(0.,0.,1.));
#11465 = DIRECTION('',(1.,0.,0.));
#11466 = ADVANCED_FACE('',(#11467),#11478,.T.);
#11467 = FACE_BOUND('',#11468,.T.);
#11468 = EDGE_LOOP('',(#11469,#11470,#11476,#11477));
#11469 = ORIENTED_EDGE('',*,*,#10053,.T.);
#11470 = ORIENTED_EDGE('',*,*,#11471,.T.);
#11471 = EDGE_CURVE('',#10056,#10109,#11472,.T.);
#11472 = LINE('',#11473,#11474);
#11473 = CARTESIAN_POINT('',(-35.,147.,0.));
#11474 = VECTOR('',#11475,1.);
#11475 = DIRECTION('',(0.,-1.,0.));
#11476 = ORIENTED_EDGE('',*,*,#10108,.F.);
#11477 = ORIENTED_EDGE('',*,*,#10084,.T.);
#11478 = PLANE('',#11479);
#11479 = AXIS2_PLACEMENT_3D('',#11480,#11481,#11482);
#11480 = CARTESIAN_POINT('',(-85.,75.,0.));
#11481 = DIRECTION('',(0.,0.,1.));
#11482 = DIRECTION('',(1.,0.,0.));
#11483 = ADVANCED_FACE('',(#11484),#11495,.T.);
#11484 = FACE_BOUND('',#11485,.T.);
#11485 = EDGE_LOOP('',(#11486,#11487,#11493,#11494));
#11486 = ORIENTED_EDGE('',*,*,#10132,.F.);
#11487 = ORIENTED_EDGE('',*,*,#11488,.T.);
#11488 = EDGE_CURVE('',#10133,#10188,#11489,.T.);
#11489 = LINE('',#11490,#11491);
#11490 = CARTESIAN_POINT('',(-35.,123.306915,0.));
#11491 = VECTOR('',#11492,1.);
#11492 = DIRECTION('',(0.,-1.,0.));
#11493 = ORIENTED_EDGE('',*,*,#10187,.F.);
#11494 = ORIENTED_EDGE('',*,*,#10163,.T.);
#11495 = PLANE('',#11496);
#11496 = AXIS2_PLACEMENT_3D('',#11497,#11498,#11499);
#11497 = CARTESIAN_POINT('',(-85.,75.,0.));
#11498 = DIRECTION('',(0.,0.,1.));
#11499 = DIRECTION('',(1.,0.,0.));
#11500 = ADVANCED_FACE('',(#11501),#11512,.T.);
#11501 = FACE_BOUND('',#11502,.T.);
#11502 = EDGE_LOOP('',(#11503,#11504,#11505,#11506));
#11503 = ORIENTED_EDGE('',*,*,#10266,.F.);
#11504 = ORIENTED_EDGE('',*,*,#10242,.T.);
#11505 = ORIENTED_EDGE('',*,*,#10211,.F.);
#11506 = ORIENTED_EDGE('',*,*,#11507,.T.);
#11507 = EDGE_CURVE('',#10212,#10267,#11508,.T.);
#11508 = LINE('',#11509,#11510);
#11509 = CARTESIAN_POINT('',(-35.,97.934734,0.));
#11510 = VECTOR('',#11511,1.);
#11511 = DIRECTION('',(0.,-1.,0.));
#11512 = PLANE('',#11513);
#11513 = AXIS2_PLACEMENT_3D('',#11514,#11515,#11516);
#11514 = CARTESIAN_POINT('',(-85.,75.,0.));
#11515 = DIRECTION('',(0.,0.,1.));
#11516 = DIRECTION('',(1.,0.,0.));
#11517 = ADVANCED_FACE('',(#11518),#11529,.T.);
#11518 = FACE_BOUND('',#11519,.T.);
#11519 = EDGE_LOOP('',(#11520,#11521,#11527,#11528));
#11520 = ORIENTED_EDGE('',*,*,#10290,.F.);
#11521 = ORIENTED_EDGE('',*,*,#11522,.T.);
#11522 = EDGE_CURVE('',#10291,#10346,#11523,.T.);
#11523 = LINE('',#11524,#11525);
#11524 = CARTESIAN_POINT('',(-35.,72.562552,0.));
#11525 = VECTOR('',#11526,1.);
#11526 = DIRECTION('',(0.,-1.,0.));
#11527 = ORIENTED_EDGE('',*,*,#10345,.T.);
#11528 = ORIENTED_EDGE('',*,*,#10321,.T.);
#11529 = PLANE('',#11530);
#11530 = AXIS2_PLACEMENT_3D('',#11531,#11532,#11533);
#11531 = CARTESIAN_POINT('',(-85.,75.,0.));
#11532 = DIRECTION('',(0.,0.,1.));
#11533 = DIRECTION('',(1.,0.,0.));
#11534 = ADVANCED_FACE('',(#11535),#11541,.T.);
#11535 = FACE_BOUND('',#11536,.T.);
#11536 = EDGE_LOOP('',(#11537,#11538,#11539,#11540));
#11537 = ORIENTED_EDGE('',*,*,#10427,.T.);
#11538 = ORIENTED_EDGE('',*,*,#10403,.T.);
#11539 = ORIENTED_EDGE('',*,*,#10451,.T.);
#11540 = ORIENTED_EDGE('',*,*,#10468,.F.);
#11541 = PLANE('',#11542);
#11542 = AXIS2_PLACEMENT_3D('',#11543,#11544,#11545);
#11543 = CARTESIAN_POINT('',(-85.,75.,0.));
#11544 = DIRECTION('',(0.,0.,1.));
#11545 = DIRECTION('',(1.,0.,0.));
#11546 = ADVANCED_FACE('',(#11547),#11553,.T.);
#11547 = FACE_BOUND('',#11548,.T.);
#11548 = EDGE_LOOP('',(#11549,#11550,#11551,#11552));
#11549 = ORIENTED_EDGE('',*,*,#10499,.F.);
#11550 = ORIENTED_EDGE('',*,*,#10523,.T.);
#11551 = ORIENTED_EDGE('',*,*,#10564,.T.);
#11552 = ORIENTED_EDGE('',*,*,#10547,.T.);
#11553 = PLANE('',#11554);
#11554 = AXIS2_PLACEMENT_3D('',#11555,#11556,#11557);
#11555 = CARTESIAN_POINT('',(-85.,75.,0.));
#11556 = DIRECTION('',(0.,0.,1.));
#11557 = DIRECTION('',(1.,0.,0.));
#11558 = ADVANCED_FACE('',(#11559),#11565,.T.);
#11559 = FACE_BOUND('',#11560,.T.);
#11560 = EDGE_LOOP('',(#11561,#11562,#11563,#11564));
#11561 = ORIENTED_EDGE('',*,*,#10595,.F.);
#11562 = ORIENTED_EDGE('',*,*,#10619,.T.);
#11563 = ORIENTED_EDGE('',*,*,#10660,.T.);
#11564 = ORIENTED_EDGE('',*,*,#10643,.T.);
#11565 = PLANE('',#11566);
#11566 = AXIS2_PLACEMENT_3D('',#11567,#11568,#11569);
#11567 = CARTESIAN_POINT('',(-85.,75.,0.));
#11568 = DIRECTION('',(0.,0.,1.));
#11569 = DIRECTION('',(1.,0.,0.));
#11570 = ADVANCED_FACE('',(#11571),#11581,.T.);
#11571 = FACE_BOUND('',#11572,.T.);
#11572 = EDGE_LOOP('',(#11573,#11574,#11575,#11576,#11577,#11578,#11579,
    #11580));
#11573 = ORIENTED_EDGE('',*,*,#10715,.T.);
#11574 = ORIENTED_EDGE('',*,*,#10691,.T.);
#11575 = ORIENTED_EDGE('',*,*,#10740,.T.);
#11576 = ORIENTED_EDGE('',*,*,#10789,.T.);
#11577 = ORIENTED_EDGE('',*,*,#10838,.T.);
#11578 = ORIENTED_EDGE('',*,*,#10856,.T.);
#11579 = ORIENTED_EDGE('',*,*,#10813,.T.);
#11580 = ORIENTED_EDGE('',*,*,#10765,.T.);
#11581 = PLANE('',#11582);
#11582 = AXIS2_PLACEMENT_3D('',#11583,#11584,#11585);
#11583 = CARTESIAN_POINT('',(-85.,75.,0.));
#11584 = DIRECTION('',(0.,0.,1.));
#11585 = DIRECTION('',(1.,0.,0.));
#11586 = ADVANCED_FACE('',(#11587),#11597,.T.);
#11587 = FACE_BOUND('',#11588,.T.);
#11588 = EDGE_LOOP('',(#11589,#11590,#11591,#11592,#11593,#11594,#11595,
    #11596));
#11589 = ORIENTED_EDGE('',*,*,#10911,.T.);
#11590 = ORIENTED_EDGE('',*,*,#10887,.T.);
#11591 = ORIENTED_EDGE('',*,*,#10936,.T.);
#11592 = ORIENTED_EDGE('',*,*,#10985,.T.);
#11593 = ORIENTED_EDGE('',*,*,#11034,.T.);
#11594 = ORIENTED_EDGE('',*,*,#11052,.T.);
#11595 = ORIENTED_EDGE('',*,*,#11009,.T.);
#11596 = ORIENTED_EDGE('',*,*,#10961,.T.);
#11597 = PLANE('',#11598);
#11598 = AXIS2_PLACEMENT_3D('',#11599,#11600,#11601);
#11599 = CARTESIAN_POINT('',(-85.,75.,0.));
#11600 = DIRECTION('',(0.,0.,1.));
#11601 = DIRECTION('',(1.,0.,0.));
#11602 = ADVANCED_FACE('',(#11603),#11613,.T.);
#11603 = FACE_BOUND('',#11604,.T.);
#11604 = EDGE_LOOP('',(#11605,#11606,#11607,#11608,#11609,#11610,#11611,
    #11612));
#11605 = ORIENTED_EDGE('',*,*,#11107,.T.);
#11606 = ORIENTED_EDGE('',*,*,#11083,.T.);
#11607 = ORIENTED_EDGE('',*,*,#11132,.T.);
#11608 = ORIENTED_EDGE('',*,*,#11181,.T.);
#11609 = ORIENTED_EDGE('',*,*,#11230,.T.);
#11610 = ORIENTED_EDGE('',*,*,#11248,.T.);
#11611 = ORIENTED_EDGE('',*,*,#11205,.T.);
#11612 = ORIENTED_EDGE('',*,*,#11157,.T.);
#11613 = PLANE('',#11614);
#11614 = AXIS2_PLACEMENT_3D('',#11615,#11616,#11617);
#11615 = CARTESIAN_POINT('',(-85.,75.,0.));
#11616 = DIRECTION('',(0.,0.,1.));
#11617 = DIRECTION('',(1.,0.,0.));
#11618 = ADVANCED_FACE('',(#11619),#11629,.T.);
#11619 = FACE_BOUND('',#11620,.T.);
#11620 = EDGE_LOOP('',(#11621,#11622,#11623,#11624,#11625,#11626,#11627,
    #11628));
#11621 = ORIENTED_EDGE('',*,*,#11303,.T.);
#11622 = ORIENTED_EDGE('',*,*,#11279,.T.);
#11623 = ORIENTED_EDGE('',*,*,#11328,.T.);
#11624 = ORIENTED_EDGE('',*,*,#11377,.T.);
#11625 = ORIENTED_EDGE('',*,*,#11426,.T.);
#11626 = ORIENTED_EDGE('',*,*,#11444,.T.);
#11627 = ORIENTED_EDGE('',*,*,#11401,.T.);
#11628 = ORIENTED_EDGE('',*,*,#11353,.T.);
#11629 = PLANE('',#11630);
#11630 = AXIS2_PLACEMENT_3D('',#11631,#11632,#11633);
#11631 = CARTESIAN_POINT('',(-85.,75.,0.));
#11632 = DIRECTION('',(0.,0.,1.));
#11633 = DIRECTION('',(1.,0.,0.));
#11634 = ADVANCED_FACE('',(#11635),#11657,.T.);
#11635 = FACE_BOUND('',#11636,.T.);
#11636 = EDGE_LOOP('',(#11637,#11638,#11639,#11640,#11641,#11642,#11643,
    #11644,#11645,#11646,#11647,#11648,#11649,#11650,#11651,#11652,
    #11653,#11654,#11655,#11656));
#11637 = ORIENTED_EDGE('',*,*,#9133,.T.);
#11638 = ORIENTED_EDGE('',*,*,#9548,.T.);
#11639 = ORIENTED_EDGE('',*,*,#9982,.T.);
#11640 = ORIENTED_EDGE('',*,*,#9336,.T.);
#11641 = ORIENTED_EDGE('',*,*,#10353,.F.);
#11642 = ORIENTED_EDGE('',*,*,#11522,.F.);
#11643 = ORIENTED_EDGE('',*,*,#10300,.T.);
#11644 = ORIENTED_EDGE('',*,*,#9370,.T.);
#11645 = ORIENTED_EDGE('',*,*,#10276,.F.);
#11646 = ORIENTED_EDGE('',*,*,#11507,.F.);
#11647 = ORIENTED_EDGE('',*,*,#10221,.T.);
#11648 = ORIENTED_EDGE('',*,*,#9402,.T.);
#11649 = ORIENTED_EDGE('',*,*,#10197,.F.);
#11650 = ORIENTED_EDGE('',*,*,#11488,.F.);
#11651 = ORIENTED_EDGE('',*,*,#10142,.T.);
#11652 = ORIENTED_EDGE('',*,*,#9434,.T.);
#11653 = ORIENTED_EDGE('',*,*,#10118,.F.);
#11654 = ORIENTED_EDGE('',*,*,#11471,.F.);
#11655 = ORIENTED_EDGE('',*,*,#10070,.T.);
#11656 = ORIENTED_EDGE('',*,*,#9466,.T.);
#11657 = PLANE('',#11658);
#11658 = AXIS2_PLACEMENT_3D('',#11659,#11660,#11661);
#11659 = CARTESIAN_POINT('',(-35.,97.784351486486,29.72972972973));
#11660 = DIRECTION('',(1.,-2.441173818484E-16,0.));
#11661 = DIRECTION('',(2.441173818484E-16,1.,0.));
#11662 = ( GEOMETRIC_REPRESENTATION_CONTEXT(3) 
GLOBAL_UNCERTAINTY_ASSIGNED_CONTEXT((#11666)) 
GLOBAL_UNIT_ASSIGNED_CONTEXT((#11663,#11664,#11665)) 
REPRESENTATION_CONTEXT('Context #1',
  '3D Context with UNIT and UNCERTAINTY') );
#11663 = ( LENGTH_UNIT() NAMED_UNIT(*) SI_UNIT(.MILLI.,.METRE.) );
#11664 = ( NAMED_UNIT(*) PLANE_ANGLE_UNIT() SI_UNIT($,.RADIAN.) );
#11665 = ( NAMED_UNIT(*) SI_UNIT($,.STERADIAN.) SOLID_ANGLE_UNIT() );
#11666 = UNCERTAINTY_MEASURE_WITH_UNIT(LENGTH_MEASURE(2.E-05),#11663,
  'distance_accuracy_value','confusion accuracy');
#11667 = CONTEXT_DEPENDENT_SHAPE_REPRESENTATION(#11668,#11670);
#11668 = ( REPRESENTATION_RELATIONSHIP('','',#9025,#10) 
REPRESENTATION_RELATIONSHIP_WITH_TRANSFORMATION(#11669) 
SHAPE_REPRESENTATION_RELATIONSHIP() );
#11669 = ITEM_DEFINED_TRANSFORMATION('','',#11,#63);
#11670 = PRODUCT_DEFINITION_SHAPE('Placement','Placement of an item',
  #11671);
#11671 = NEXT_ASSEMBLY_USAGE_OCCURRENCE('42','Pocket','',#5,#9020,$);
#11672 = PRODUCT_RELATED_PRODUCT_CATEGORY('part',$,(#9022));
#11673 = SHAPE_DEFINITION_REPRESENTATION(#11674,#11680);
#11674 = PRODUCT_DEFINITION_SHAPE('','',#11675);
#11675 = PRODUCT_DEFINITION('design','',#11676,#11679);
#11676 = PRODUCT_DEFINITION_FORMATION('','',#11677);
#11677 = PRODUCT('Sketch003','Sketch003','',(#11678));
#11678 = PRODUCT_CONTEXT('',#2,'mechanical');
#11679 = PRODUCT_DEFINITION_CONTEXT('part definition',#2,'design');
#11680 = GEOMETRICALLY_BOUNDED_WIREFRAME_SHAPE_REPRESENTATION('',(#11,
    #11681),#11710);
#11681 = GEOMETRIC_CURVE_SET('',(#11682,#11689,#11696,#11703));
#11682 = TRIMMED_CURVE('',#11683,(#11687,PARAMETER_VALUE(0.)),(#11688,
    PARAMETER_VALUE(44.)),.T.,.PARAMETER.);
#11683 = LINE('',#11684,#11685);
#11684 = CARTESIAN_POINT('',(0.,86.269709,0.));
#11685 = VECTOR('',#11686,1.);
#11686 = DIRECTION('',(-1.,0.,0.));
#11687 = CARTESIAN_POINT('',(0.,86.269709,0.));
#11688 = CARTESIAN_POINT('',(-44.,86.269709,0.));
#11689 = TRIMMED_CURVE('',#11690,(#11694,PARAMETER_VALUE(0.)),(#11695,
    PARAMETER_VALUE(46.269709)),.T.,.PARAMETER.);
#11690 = LINE('',#11691,#11692);
#11691 = CARTESIAN_POINT('',(-44.,86.269709,0.));
#11692 = VECTOR('',#11693,1.);
#11693 = DIRECTION('',(0.,-1.,0.));
#11694 = CARTESIAN_POINT('',(-44.,86.269709,0.));
#11695 = CARTESIAN_POINT('',(-44.,40.,0.));
#11696 = TRIMMED_CURVE('',#11697,(#11701,PARAMETER_VALUE(0.)),(#11702,
    PARAMETER_VALUE(44.)),.T.,.PARAMETER.);
#11697 = LINE('',#11698,#11699);
#11698 = CARTESIAN_POINT('',(-44.,40.,0.));
#11699 = VECTOR('',#11700,1.);
#11700 = DIRECTION('',(1.,0.,0.));
#11701 = CARTESIAN_POINT('',(-44.,40.,0.));
#11702 = CARTESIAN_POINT('',(0.,40.,0.));
#11703 = TRIMMED_CURVE('',#11704,(#11708,PARAMETER_VALUE(0.)),(#11709,
    PARAMETER_VALUE(46.269709)),.T.,.PARAMETER.);
#11704 = LINE('',#11705,#11706);
#11705 = CARTESIAN_POINT('',(0.,40.,0.));
#11706 = VECTOR('',#11707,1.);
#11707 = DIRECTION('',(0.,1.,0.));
#11708 = CARTESIAN_POINT('',(0.,40.,0.));
#11709 = CARTESIAN_POINT('',(0.,86.269709,0.));
#11710 = ( GEOMETRIC_REPRESENTATION_CONTEXT(3) 
GLOBAL_UNCERTAINTY_ASSIGNED_CONTEXT((#11714)) 
GLOBAL_UNIT_ASSIGNED_CONTEXT((#11711,#11712,#11713)) 
REPRESENTATION_CONTEXT('Context #1',
  '3D Context with UNIT and UNCERTAINTY') );
#11711 = ( LENGTH_UNIT() NAMED_UNIT(*) SI_UNIT(.MILLI.,.METRE.) );
#11712 = ( NAMED_UNIT(*) PLANE_ANGLE_UNIT() SI_UNIT($,.RADIAN.) );
#11713 = ( NAMED_UNIT(*) SI_UNIT($,.STERADIAN.) SOLID_ANGLE_UNIT() );
#11714 = UNCERTAINTY_MEASURE_WITH_UNIT(LENGTH_MEASURE(1.E-07),#11711,
  'distance_accuracy_value','confusion accuracy');
#11715 = CONTEXT_DEPENDENT_SHAPE_REPRESENTATION(#11716,#11718);
#11716 = ( REPRESENTATION_RELATIONSHIP('','',#11680,#10) 
REPRESENTATION_RELATIONSHIP_WITH_TRANSFORMATION(#11717) 
SHAPE_REPRESENTATION_RELATIONSHIP() );
#11717 = ITEM_DEFINED_TRANSFORMATION('','',#11,#67);
#11718 = PRODUCT_DEFINITION_SHAPE('Placement','Placement of an item',
  #11719);
#11719 = NEXT_ASSEMBLY_USAGE_OCCURRENCE('43','Sketch003','',#5,#11675,$
  );
#11720 = PRODUCT_RELATED_PRODUCT_CATEGORY('part',$,(#11677));
#11721 = SHAPE_DEFINITION_REPRESENTATION(#11722,#11728);
#11722 = PRODUCT_DEFINITION_SHAPE('','',#11723);
#11723 = PRODUCT_DEFINITION('design','',#11724,#11727);
#11724 = PRODUCT_DEFINITION_FORMATION('','',#11725);
#11725 = PRODUCT('Pocket001','Pocket001','',(#11726));
#11726 = PRODUCT_CONTEXT('',#2,'mechanical');
#11727 = PRODUCT_DEFINITION_CONTEXT('part definition',#2,'design');
#11728 = ADVANCED_BREP_SHAPE_REPRESENTATION('',(#11,#11729),#14302);
#11729 = MANIFOLD_SOLID_BREP('',#11730);
#11730 = CLOSED_SHELL('',(#11731,#11771,#11802,#11833,#11850,#12166,
    #12197,#12221,#12245,#12262,#12293,#12317,#12341,#12358,#12389,
    #12413,#12437,#12454,#12530,#12568,#12593,#12624,#12641,#12658,
    #12675,#12692,#12704,#12820,#13118,#13142,#13166,#13183,#13207,
    #13231,#13248,#13272,#13296,#13313,#13337,#13361,#13378,#13390,
    #13402,#13414,#13426,#13457,#13482,#13507,#13531,#13555,#13580,
    #13605,#13622,#13653,#13678,#13703,#13727,#13751,#13776,#13801,
    #13818,#13849,#13874,#13899,#13923,#13947,#13972,#13997,#14014,
    #14045,#14070,#14095,#14119,#14143,#14168,#14193,#14210,#14226,
    #14242,#14258,#14274));
#11731 = ADVANCED_FACE('',(#11732),#11766,.T.);
#11732 = FACE_BOUND('',#11733,.T.);
#11733 = EDGE_LOOP('',(#11734,#11744,#11752,#11760));
#11734 = ORIENTED_EDGE('',*,*,#11735,.F.);
#11735 = EDGE_CURVE('',#11736,#11738,#11740,.T.);
#11736 = VERTEX_POINT('',#11737);
#11737 = CARTESIAN_POINT('',(-41.895123,2.89996,0.));
#11738 = VERTEX_POINT('',#11739);
#11739 = CARTESIAN_POINT('',(-3.,2.89996,0.));
#11740 = LINE('',#11741,#11742);
#11741 = CARTESIAN_POINT('',(-41.895123,2.89996,0.));
#11742 = VECTOR('',#11743,1.);
#11743 = DIRECTION('',(1.,0.,0.));
#11744 = ORIENTED_EDGE('',*,*,#11745,.T.);
#11745 = EDGE_CURVE('',#11736,#11746,#11748,.T.);
#11746 = VERTEX_POINT('',#11747);
#11747 = CARTESIAN_POINT('',(-41.895123,2.89996,40.));
#11748 = LINE('',#11749,#11750);
#11749 = CARTESIAN_POINT('',(-41.895123,2.89996,0.));
#11750 = VECTOR('',#11751,1.);
#11751 = DIRECTION('',(0.,0.,1.));
#11752 = ORIENTED_EDGE('',*,*,#11753,.F.);
#11753 = EDGE_CURVE('',#11754,#11746,#11756,.T.);
#11754 = VERTEX_POINT('',#11755);
#11755 = CARTESIAN_POINT('',(-3.,2.89996,40.));
#11756 = LINE('',#11757,#11758);
#11757 = CARTESIAN_POINT('',(-105.9475615,2.89996,40.));
#11758 = VECTOR('',#11759,1.);
#11759 = DIRECTION('',(-1.,0.,0.));
#11760 = ORIENTED_EDGE('',*,*,#11761,.F.);
#11761 = EDGE_CURVE('',#11738,#11754,#11762,.T.);
#11762 = LINE('',#11763,#11764);
#11763 = CARTESIAN_POINT('',(-3.,2.89996,0.));
#11764 = VECTOR('',#11765,1.);
#11765 = DIRECTION('',(0.,0.,1.));
#11766 = PLANE('',#11767);
#11767 = AXIS2_PLACEMENT_3D('',#11768,#11769,#11770);
#11768 = CARTESIAN_POINT('',(-41.895123,2.89996,0.));
#11769 = DIRECTION('',(0.,1.,0.));
#11770 = DIRECTION('',(1.,0.,0.));
#11771 = ADVANCED_FACE('',(#11772),#11797,.T.);
#11772 = FACE_BOUND('',#11773,.T.);
#11773 = EDGE_LOOP('',(#11774,#11782,#11790,#11796));
#11774 = ORIENTED_EDGE('',*,*,#11775,.F.);
#11775 = EDGE_CURVE('',#11776,#11736,#11778,.T.);
#11776 = VERTEX_POINT('',#11777);
#11777 = CARTESIAN_POINT('',(-41.895123,44.,0.));
#11778 = LINE('',#11779,#11780);
#11779 = CARTESIAN_POINT('',(-41.895123,44.,0.));
#11780 = VECTOR('',#11781,1.);
#11781 = DIRECTION('',(0.,-1.,0.));
#11782 = ORIENTED_EDGE('',*,*,#11783,.T.);
#11783 = EDGE_CURVE('',#11776,#11784,#11786,.T.);
#11784 = VERTEX_POINT('',#11785);
#11785 = CARTESIAN_POINT('',(-41.895123,44.,40.));
#11786 = LINE('',#11787,#11788);
#11787 = CARTESIAN_POINT('',(-41.895123,44.,0.));
#11788 = VECTOR('',#11789,1.);
#11789 = DIRECTION('',(0.,0.,1.));
#11790 = ORIENTED_EDGE('',*,*,#11791,.F.);
#11791 = EDGE_CURVE('',#11746,#11784,#11792,.T.);
#11792 = LINE('',#11793,#11794);
#11793 = CARTESIAN_POINT('',(-41.895123,44.,40.));
#11794 = VECTOR('',#11795,1.);
#11795 = DIRECTION('',(-0.,1.,0.));
#11796 = ORIENTED_EDGE('',*,*,#11745,.F.);
#11797 = PLANE('',#11798);
#11798 = AXIS2_PLACEMENT_3D('',#11799,#11800,#11801);
#11799 = CARTESIAN_POINT('',(-41.895123,44.,0.));
#11800 = DIRECTION('',(1.,0.,0.));
#11801 = DIRECTION('',(0.,-1.,0.));
#11802 = ADVANCED_FACE('',(#11803),#11828,.T.);
#11803 = FACE_BOUND('',#11804,.T.);
#11804 = EDGE_LOOP('',(#11805,#11813,#11814,#11822));
#11805 = ORIENTED_EDGE('',*,*,#11806,.F.);
#11806 = EDGE_CURVE('',#11738,#11807,#11809,.T.);
#11807 = VERTEX_POINT('',#11808);
#11808 = CARTESIAN_POINT('',(-3.,44.,0.));
#11809 = LINE('',#11810,#11811);
#11810 = CARTESIAN_POINT('',(-3.,2.89996,0.));
#11811 = VECTOR('',#11812,1.);
#11812 = DIRECTION('',(0.,1.,0.));
#11813 = ORIENTED_EDGE('',*,*,#11761,.T.);
#11814 = ORIENTED_EDGE('',*,*,#11815,.F.);
#11815 = EDGE_CURVE('',#11816,#11754,#11818,.T.);
#11816 = VERTEX_POINT('',#11817);
#11817 = CARTESIAN_POINT('',(-3.,44.,40.));
#11818 = LINE('',#11819,#11820);
#11819 = CARTESIAN_POINT('',(-3.,1.44998,40.));
#11820 = VECTOR('',#11821,1.);
#11821 = DIRECTION('',(0.,-1.,2.22044604925E-16));
#11822 = ORIENTED_EDGE('',*,*,#11823,.F.);
#11823 = EDGE_CURVE('',#11807,#11816,#11824,.T.);
#11824 = LINE('',#11825,#11826);
#11825 = CARTESIAN_POINT('',(-3.,44.,0.));
#11826 = VECTOR('',#11827,1.);
#11827 = DIRECTION('',(0.,0.,1.));
#11828 = PLANE('',#11829);
#11829 = AXIS2_PLACEMENT_3D('',#11830,#11831,#11832);
#11830 = CARTESIAN_POINT('',(-3.,2.89996,0.));
#11831 = DIRECTION('',(-1.,0.,0.));
#11832 = DIRECTION('',(0.,1.,0.));
#11833 = ADVANCED_FACE('',(#11834),#11845,.T.);
#11834 = FACE_BOUND('',#11835,.T.);
#11835 = EDGE_LOOP('',(#11836,#11837,#11838,#11844));
#11836 = ORIENTED_EDGE('',*,*,#11735,.T.);
#11837 = ORIENTED_EDGE('',*,*,#11806,.T.);
#11838 = ORIENTED_EDGE('',*,*,#11839,.T.);
#11839 = EDGE_CURVE('',#11807,#11776,#11840,.T.);
#11840 = LINE('',#11841,#11842);
#11841 = CARTESIAN_POINT('',(-3.,44.,0.));
#11842 = VECTOR('',#11843,1.);
#11843 = DIRECTION('',(-1.,0.,0.));
#11844 = ORIENTED_EDGE('',*,*,#11775,.T.);
#11845 = PLANE('',#11846);
#11846 = AXIS2_PLACEMENT_3D('',#11847,#11848,#11849);
#11847 = CARTESIAN_POINT('',(-85.,75.,0.));
#11848 = DIRECTION('',(0.,0.,1.));
#11849 = DIRECTION('',(1.,0.,0.));
#11850 = ADVANCED_FACE('',(#11851),#12161,.T.);
#11851 = FACE_BOUND('',#11852,.T.);
#11852 = EDGE_LOOP('',(#11853,#11861,#11862,#11863,#11864,#11872,#11880,
    #11888,#11896,#11904,#11912,#11920,#11928,#11936,#11944,#11952,
    #11960,#11968,#11976,#11985,#11993,#12002,#12010,#12019,#12027,
    #12035,#12043,#12051,#12059,#12067,#12075,#12083,#12091,#12099,
    #12107,#12115,#12123,#12131,#12139,#12147,#12155));
#11853 = ORIENTED_EDGE('',*,*,#11854,.T.);
#11854 = EDGE_CURVE('',#11855,#11816,#11857,.T.);
#11855 = VERTEX_POINT('',#11856);
#11856 = CARTESIAN_POINT('',(-35.,44.,40.));
#11857 = LINE('',#11858,#11859);
#11858 = CARTESIAN_POINT('',(-19.,44.,40.));
#11859 = VECTOR('',#11860,1.);
#11860 = DIRECTION('',(1.,0.,0.));
#11861 = ORIENTED_EDGE('',*,*,#11815,.T.);
#11862 = ORIENTED_EDGE('',*,*,#11753,.T.);
#11863 = ORIENTED_EDGE('',*,*,#11791,.T.);
#11864 = ORIENTED_EDGE('',*,*,#11865,.F.);
#11865 = EDGE_CURVE('',#11866,#11784,#11868,.T.);
#11866 = VERTEX_POINT('',#11867);
#11867 = CARTESIAN_POINT('',(-44.23278,44.,40.));
#11868 = LINE('',#11869,#11870);
#11869 = CARTESIAN_POINT('',(-170.,44.,40.));
#11870 = VECTOR('',#11871,1.);
#11871 = DIRECTION('',(1.,0.,0.));
#11872 = ORIENTED_EDGE('',*,*,#11873,.F.);
#11873 = EDGE_CURVE('',#11874,#11866,#11876,.T.);
#11874 = VERTEX_POINT('',#11875);
#11875 = CARTESIAN_POINT('',(-44.23278,2.89996,40.));
#11876 = LINE('',#11877,#11878);
#11877 = CARTESIAN_POINT('',(-44.23278,44.,40.));
#11878 = VECTOR('',#11879,1.);
#11879 = DIRECTION('',(-0.,1.,0.));
#11880 = ORIENTED_EDGE('',*,*,#11881,.T.);
#11881 = EDGE_CURVE('',#11874,#11882,#11884,.T.);
#11882 = VERTEX_POINT('',#11883);
#11883 = CARTESIAN_POINT('',(-82.578094,2.89996,40.));
#11884 = LINE('',#11885,#11886);
#11885 = CARTESIAN_POINT('',(-126.289047,2.89996,40.));
#11886 = VECTOR('',#11887,1.);
#11887 = DIRECTION('',(-1.,0.,0.));
#11888 = ORIENTED_EDGE('',*,*,#11889,.T.);
#11889 = EDGE_CURVE('',#11882,#11890,#11892,.T.);
#11890 = VERTEX_POINT('',#11891);
#11891 = CARTESIAN_POINT('',(-82.578094,44.,40.));
#11892 = LINE('',#11893,#11894);
#11893 = CARTESIAN_POINT('',(-82.578094,44.,40.));
#11894 = VECTOR('',#11895,1.);
#11895 = DIRECTION('',(-0.,1.,0.));
#11896 = ORIENTED_EDGE('',*,*,#11897,.F.);
#11897 = EDGE_CURVE('',#11898,#11890,#11900,.T.);
#11898 = VERTEX_POINT('',#11899);
#11899 = CARTESIAN_POINT('',(-85.,44.,40.));
#11900 = LINE('',#11901,#11902);
#11901 = CARTESIAN_POINT('',(-170.,44.,40.));
#11902 = VECTOR('',#11903,1.);
#11903 = DIRECTION('',(1.,0.,0.));
#11904 = ORIENTED_EDGE('',*,*,#11905,.F.);
#11905 = EDGE_CURVE('',#11906,#11898,#11908,.T.);
#11906 = VERTEX_POINT('',#11907);
#11907 = CARTESIAN_POINT('',(-85.,2.89996,40.));
#11908 = LINE('',#11909,#11910);
#11909 = CARTESIAN_POINT('',(-85.,44.,40.));
#11910 = VECTOR('',#11911,1.);
#11911 = DIRECTION('',(-0.,1.,0.));
#11912 = ORIENTED_EDGE('',*,*,#11913,.T.);
#11913 = EDGE_CURVE('',#11906,#11914,#11916,.T.);
#11914 = VERTEX_POINT('',#11915);
#11915 = CARTESIAN_POINT('',(-117.943893,2.89996,40.));
#11916 = LINE('',#11917,#11918);
#11917 = CARTESIAN_POINT('',(-143.9719465,2.89996,40.));
#11918 = VECTOR('',#11919,1.);
#11919 = DIRECTION('',(-1.,0.,0.));
#11920 = ORIENTED_EDGE('',*,*,#11921,.T.);
#11921 = EDGE_CURVE('',#11914,#11922,#11924,.T.);
#11922 = VERTEX_POINT('',#11923);
#11923 = CARTESIAN_POINT('',(-117.943893,44.,40.));
#11924 = LINE('',#11925,#11926);
#11925 = CARTESIAN_POINT('',(-117.943893,44.,40.));
#11926 = VECTOR('',#11927,1.);
#11927 = DIRECTION('',(-0.,1.,0.));
#11928 = ORIENTED_EDGE('',*,*,#11929,.F.);
#11929 = EDGE_CURVE('',#11930,#11922,#11932,.T.);
#11930 = VERTEX_POINT('',#11931);
#11931 = CARTESIAN_POINT('',(-120.1315,44.,40.));
#11932 = LINE('',#11933,#11934);
#11933 = CARTESIAN_POINT('',(-170.,44.,40.));
#11934 = VECTOR('',#11935,1.);
#11935 = DIRECTION('',(1.,0.,0.));
#11936 = ORIENTED_EDGE('',*,*,#11937,.F.);
#11937 = EDGE_CURVE('',#11938,#11930,#11940,.T.);
#11938 = VERTEX_POINT('',#11939);
#11939 = CARTESIAN_POINT('',(-120.1315,3.,40.));
#11940 = LINE('',#11941,#11942);
#11941 = CARTESIAN_POINT('',(-120.1315,44.,40.));
#11942 = VECTOR('',#11943,1.);
#11943 = DIRECTION('',(-0.,1.,0.));
#11944 = ORIENTED_EDGE('',*,*,#11945,.T.);
#11945 = EDGE_CURVE('',#11938,#11946,#11948,.T.);
#11946 = VERTEX_POINT('',#11947);
#11947 = CARTESIAN_POINT('',(-167.,3.,40.));
#11948 = LINE('',#11949,#11950);
#11949 = CARTESIAN_POINT('',(-168.5,3.,40.));
#11950 = VECTOR('',#11951,1.);
#11951 = DIRECTION('',(-1.,0.,0.));
#11952 = ORIENTED_EDGE('',*,*,#11953,.T.);
#11953 = EDGE_CURVE('',#11946,#11954,#11956,.T.);
#11954 = VERTEX_POINT('',#11955);
#11955 = CARTESIAN_POINT('',(-167.,44.,40.));
#11956 = LINE('',#11957,#11958);
#11957 = CARTESIAN_POINT('',(-167.,44.,40.));
#11958 = VECTOR('',#11959,1.);
#11959 = DIRECTION('',(-0.,1.,0.));
#11960 = ORIENTED_EDGE('',*,*,#11961,.F.);
#11961 = EDGE_CURVE('',#11962,#11954,#11964,.T.);
#11962 = VERTEX_POINT('',#11963);
#11963 = CARTESIAN_POINT('',(-170.,44.,40.));
#11964 = LINE('',#11965,#11966);
#11965 = CARTESIAN_POINT('',(-170.,44.,40.));
#11966 = VECTOR('',#11967,1.);
#11967 = DIRECTION('',(1.,0.,0.));
#11968 = ORIENTED_EDGE('',*,*,#11969,.T.);
#11969 = EDGE_CURVE('',#11962,#11970,#11972,.T.);
#11970 = VERTEX_POINT('',#11971);
#11971 = CARTESIAN_POINT('',(-170.,5.,40.));
#11972 = LINE('',#11973,#11974);
#11973 = CARTESIAN_POINT('',(-170.,44.,40.));
#11974 = VECTOR('',#11975,1.);
#11975 = DIRECTION('',(0.,-1.,0.));
#11976 = ORIENTED_EDGE('',*,*,#11977,.F.);
#11977 = EDGE_CURVE('',#11978,#11970,#11980,.T.);
#11978 = VERTEX_POINT('',#11979);
#11979 = CARTESIAN_POINT('',(-165.,0.,40.));
#11980 = CIRCLE('',#11981,5.);
#11981 = AXIS2_PLACEMENT_3D('',#11982,#11983,#11984);
#11982 = CARTESIAN_POINT('',(-165.,5.,40.));
#11983 = DIRECTION('',(0.,0.,-1.));
#11984 = DIRECTION('',(1.,0.,0.));
#11985 = ORIENTED_EDGE('',*,*,#11986,.T.);
#11986 = EDGE_CURVE('',#11978,#11987,#11989,.T.);
#11987 = VERTEX_POINT('',#11988);
#11988 = CARTESIAN_POINT('',(-5.,4.440892098501E-15,40.));
#11989 = LINE('',#11990,#11991);
#11990 = CARTESIAN_POINT('',(-170.,0.,40.));
#11991 = VECTOR('',#11992,1.);
#11992 = DIRECTION('',(1.,0.,0.));
#11993 = ORIENTED_EDGE('',*,*,#11994,.F.);
#11994 = EDGE_CURVE('',#11995,#11987,#11997,.T.);
#11995 = VERTEX_POINT('',#11996);
#11996 = CARTESIAN_POINT('',(0.,5.,40.));
#11997 = CIRCLE('',#11998,5.);
#11998 = AXIS2_PLACEMENT_3D('',#11999,#12000,#12001);
#11999 = CARTESIAN_POINT('',(-5.,5.,40.));
#12000 = DIRECTION('',(0.,0.,-1.));
#12001 = DIRECTION('',(1.,0.,0.));
#12002 = ORIENTED_EDGE('',*,*,#12003,.T.);
#12003 = EDGE_CURVE('',#11995,#12004,#12006,.T.);
#12004 = VERTEX_POINT('',#12005);
#12005 = CARTESIAN_POINT('',(0.,145.,40.));
#12006 = LINE('',#12007,#12008);
#12007 = CARTESIAN_POINT('',(0.,8.881784197001E-15,40.));
#12008 = VECTOR('',#12009,1.);
#12009 = DIRECTION('',(0.,1.,-2.22044604925E-16));
#12010 = ORIENTED_EDGE('',*,*,#12011,.F.);
#12011 = EDGE_CURVE('',#12012,#12004,#12014,.T.);
#12012 = VERTEX_POINT('',#12013);
#12013 = CARTESIAN_POINT('',(-5.,150.,40.));
#12014 = CIRCLE('',#12015,5.);
#12015 = AXIS2_PLACEMENT_3D('',#12016,#12017,#12018);
#12016 = CARTESIAN_POINT('',(-5.,145.,40.));
#12017 = DIRECTION('',(0.,0.,-1.));
#12018 = DIRECTION('',(1.,0.,0.));
#12019 = ORIENTED_EDGE('',*,*,#12020,.T.);
#12020 = EDGE_CURVE('',#12012,#12021,#12023,.T.);
#12021 = VERTEX_POINT('',#12022);
#12022 = CARTESIAN_POINT('',(-35.,150.,40.));
#12023 = LINE('',#12024,#12025);
#12024 = CARTESIAN_POINT('',(-60.,150.,40.));
#12025 = VECTOR('',#12026,1.);
#12026 = DIRECTION('',(-1.,0.,0.));
#12027 = ORIENTED_EDGE('',*,*,#12028,.F.);
#12028 = EDGE_CURVE('',#12029,#12021,#12031,.T.);
#12029 = VERTEX_POINT('',#12030);
#12030 = CARTESIAN_POINT('',(-35.,147.,40.));
#12031 = LINE('',#12032,#12033);
#12032 = CARTESIAN_POINT('',(-35.,8.881784197001E-15,40.));
#12033 = VECTOR('',#12034,1.);
#12034 = DIRECTION('',(0.,1.,-2.22044604925E-16));
#12035 = ORIENTED_EDGE('',*,*,#12036,.T.);
#12036 = EDGE_CURVE('',#12029,#12037,#12039,.T.);
#12037 = VERTEX_POINT('',#12038);
#12038 = CARTESIAN_POINT('',(-3.,147.,40.));
#12039 = LINE('',#12040,#12041);
#12040 = CARTESIAN_POINT('',(-19.,147.,40.));
#12041 = VECTOR('',#12042,1.);
#12042 = DIRECTION('',(1.,0.,0.));
#12043 = ORIENTED_EDGE('',*,*,#12044,.T.);
#12044 = EDGE_CURVE('',#12037,#12045,#12047,.T.);
#12045 = VERTEX_POINT('',#12046);
#12046 = CARTESIAN_POINT('',(-3.,125.306915,40.));
#12047 = LINE('',#12048,#12049);
#12048 = CARTESIAN_POINT('',(-3.,62.6534575,40.));
#12049 = VECTOR('',#12050,1.);
#12050 = DIRECTION('',(0.,-1.,2.22044604925E-16));
#12051 = ORIENTED_EDGE('',*,*,#12052,.F.);
#12052 = EDGE_CURVE('',#12053,#12045,#12055,.T.);
#12053 = VERTEX_POINT('',#12054);
#12054 = CARTESIAN_POINT('',(-35.,125.306915,40.));
#12055 = LINE('',#12056,#12057);
#12056 = CARTESIAN_POINT('',(-19.,125.306915,40.));
#12057 = VECTOR('',#12058,1.);
#12058 = DIRECTION('',(1.,0.,0.));
#12059 = ORIENTED_EDGE('',*,*,#12060,.F.);
#12060 = EDGE_CURVE('',#12061,#12053,#12063,.T.);
#12061 = VERTEX_POINT('',#12062);
#12062 = CARTESIAN_POINT('',(-35.,123.306915,40.));
#12063 = LINE('',#12064,#12065);
#12064 = CARTESIAN_POINT('',(-35.,8.881784197001E-15,40.));
#12065 = VECTOR('',#12066,1.);
#12066 = DIRECTION('',(0.,1.,-2.22044604925E-16));
#12067 = ORIENTED_EDGE('',*,*,#12068,.F.);
#12068 = EDGE_CURVE('',#12069,#12061,#12071,.T.);
#12069 = VERTEX_POINT('',#12070);
#12070 = CARTESIAN_POINT('',(-3.,123.306915,40.));
#12071 = LINE('',#12072,#12073);
#12072 = CARTESIAN_POINT('',(-35.,123.306915,40.));
#12073 = VECTOR('',#12074,1.);
#12074 = DIRECTION('',(-1.,0.,0.));
#12075 = ORIENTED_EDGE('',*,*,#12076,.T.);
#12076 = EDGE_CURVE('',#12069,#12077,#12079,.T.);
#12077 = VERTEX_POINT('',#12078);
#12078 = CARTESIAN_POINT('',(-3.,99.934734,40.));
#12079 = LINE('',#12080,#12081);
#12080 = CARTESIAN_POINT('',(-3.,49.967367,40.));
#12081 = VECTOR('',#12082,1.);
#12082 = DIRECTION('',(0.,-1.,2.22044604925E-16));
#12083 = ORIENTED_EDGE('',*,*,#12084,.F.);
#12084 = EDGE_CURVE('',#12085,#12077,#12087,.T.);
#12085 = VERTEX_POINT('',#12086);
#12086 = CARTESIAN_POINT('',(-35.,99.934734,40.));
#12087 = LINE('',#12088,#12089);
#12088 = CARTESIAN_POINT('',(-19.,99.934734,40.));
#12089 = VECTOR('',#12090,1.);
#12090 = DIRECTION('',(1.,0.,0.));
#12091 = ORIENTED_EDGE('',*,*,#12092,.F.);
#12092 = EDGE_CURVE('',#12093,#12085,#12095,.T.);
#12093 = VERTEX_POINT('',#12094);
#12094 = CARTESIAN_POINT('',(-35.,97.934734,40.));
#12095 = LINE('',#12096,#12097);
#12096 = CARTESIAN_POINT('',(-35.,8.881784197001E-15,40.));
#12097 = VECTOR('',#12098,1.);
#12098 = DIRECTION('',(0.,1.,-2.22044604925E-16));
#12099 = ORIENTED_EDGE('',*,*,#12100,.F.);
#12100 = EDGE_CURVE('',#12101,#12093,#12103,.T.);
#12101 = VERTEX_POINT('',#12102);
#12102 = CARTESIAN_POINT('',(-3.,97.934734,40.));
#12103 = LINE('',#12104,#12105);
#12104 = CARTESIAN_POINT('',(-35.,97.934734,40.));
#12105 = VECTOR('',#12106,1.);
#12106 = DIRECTION('',(-1.,0.,0.));
#12107 = ORIENTED_EDGE('',*,*,#12108,.T.);
#12108 = EDGE_CURVE('',#12101,#12109,#12111,.T.);
#12109 = VERTEX_POINT('',#12110);
#12110 = CARTESIAN_POINT('',(-3.,74.562552,40.));
#12111 = LINE('',#12112,#12113);
#12112 = CARTESIAN_POINT('',(-3.,37.281276,40.));
#12113 = VECTOR('',#12114,1.);
#12114 = DIRECTION('',(0.,-1.,2.22044604925E-16));
#12115 = ORIENTED_EDGE('',*,*,#12116,.F.);
#12116 = EDGE_CURVE('',#12117,#12109,#12119,.T.);
#12117 = VERTEX_POINT('',#12118);
#12118 = CARTESIAN_POINT('',(-35.,74.562552,40.));
#12119 = LINE('',#12120,#12121);
#12120 = CARTESIAN_POINT('',(-19.,74.562552,40.));
#12121 = VECTOR('',#12122,1.);
#12122 = DIRECTION('',(1.,0.,0.));
#12123 = ORIENTED_EDGE('',*,*,#12124,.F.);
#12124 = EDGE_CURVE('',#12125,#12117,#12127,.T.);
#12125 = VERTEX_POINT('',#12126);
#12126 = CARTESIAN_POINT('',(-35.,72.562552,40.));
#12127 = LINE('',#12128,#12129);
#12128 = CARTESIAN_POINT('',(-35.,8.881784197001E-15,40.));
#12129 = VECTOR('',#12130,1.);
#12130 = DIRECTION('',(0.,1.,-2.22044604925E-16));
#12131 = ORIENTED_EDGE('',*,*,#12132,.F.);
#12132 = EDGE_CURVE('',#12133,#12125,#12135,.T.);
#12133 = VERTEX_POINT('',#12134);
#12134 = CARTESIAN_POINT('',(-3.,72.562552,40.));
#12135 = LINE('',#12136,#12137);
#12136 = CARTESIAN_POINT('',(-35.,72.562552,40.));
#12137 = VECTOR('',#12138,1.);
#12138 = DIRECTION('',(-1.,0.,0.));
#12139 = ORIENTED_EDGE('',*,*,#12140,.T.);
#12140 = EDGE_CURVE('',#12133,#12141,#12143,.T.);
#12141 = VERTEX_POINT('',#12142);
#12142 = CARTESIAN_POINT('',(-3.,47.,40.));
#12143 = LINE('',#12144,#12145);
#12144 = CARTESIAN_POINT('',(-3.,29.890638,40.));
#12145 = VECTOR('',#12146,1.);
#12146 = DIRECTION('',(0.,-1.,2.22044604925E-16));
#12147 = ORIENTED_EDGE('',*,*,#12148,.T.);
#12148 = EDGE_CURVE('',#12141,#12149,#12151,.T.);
#12149 = VERTEX_POINT('',#12150);
#12150 = CARTESIAN_POINT('',(-35.,47.,40.));
#12151 = LINE('',#12152,#12153);
#12152 = CARTESIAN_POINT('',(-35.,47.,40.));
#12153 = VECTOR('',#12154,1.);
#12154 = DIRECTION('',(-1.,0.,0.));
#12155 = ORIENTED_EDGE('',*,*,#12156,.F.);
#12156 = EDGE_CURVE('',#11855,#12149,#12157,.T.);
#12157 = LINE('',#12158,#12159);
#12158 = CARTESIAN_POINT('',(-35.,8.881784197001E-15,40.));
#12159 = VECTOR('',#12160,1.);
#12160 = DIRECTION('',(0.,1.,-2.22044604925E-16));
#12161 = PLANE('',#12162);
#12162 = AXIS2_PLACEMENT_3D('',#12163,#12164,#12165);
#12163 = CARTESIAN_POINT('',(-54.57133843607,48.862006802785,40.));
#12164 = DIRECTION('',(0.,2.317525025688E-16,1.));
#12165 = DIRECTION('',(0.,1.,-2.317525025688E-16));
#12166 = ADVANCED_FACE('',(#12167),#12192,.F.);
#12167 = FACE_BOUND('',#12168,.F.);
#12168 = EDGE_LOOP('',(#12169,#12179,#12185,#12186));
#12169 = ORIENTED_EDGE('',*,*,#12170,.F.);
#12170 = EDGE_CURVE('',#12171,#12173,#12175,.T.);
#12171 = VERTEX_POINT('',#12172);
#12172 = CARTESIAN_POINT('',(-44.23278,44.,0.));
#12173 = VERTEX_POINT('',#12174);
#12174 = CARTESIAN_POINT('',(-44.23278,2.89996,0.));
#12175 = LINE('',#12176,#12177);
#12176 = CARTESIAN_POINT('',(-44.23278,44.,0.));
#12177 = VECTOR('',#12178,1.);
#12178 = DIRECTION('',(0.,-1.,0.));
#12179 = ORIENTED_EDGE('',*,*,#12180,.T.);
#12180 = EDGE_CURVE('',#12171,#11866,#12181,.T.);
#12181 = LINE('',#12182,#12183);
#12182 = CARTESIAN_POINT('',(-44.23278,44.,0.));
#12183 = VECTOR('',#12184,1.);
#12184 = DIRECTION('',(0.,0.,1.));
#12185 = ORIENTED_EDGE('',*,*,#11873,.F.);
#12186 = ORIENTED_EDGE('',*,*,#12187,.F.);
#12187 = EDGE_CURVE('',#12173,#11874,#12188,.T.);
#12188 = LINE('',#12189,#12190);
#12189 = CARTESIAN_POINT('',(-44.23278,2.89996,0.));
#12190 = VECTOR('',#12191,1.);
#12191 = DIRECTION('',(0.,0.,1.));
#12192 = PLANE('',#12193);
#12193 = AXIS2_PLACEMENT_3D('',#12194,#12195,#12196);
#12194 = CARTESIAN_POINT('',(-44.23278,44.,0.));
#12195 = DIRECTION('',(1.,0.,0.));
#12196 = DIRECTION('',(0.,-1.,0.));
#12197 = ADVANCED_FACE('',(#12198),#12216,.T.);
#12198 = FACE_BOUND('',#12199,.T.);
#12199 = EDGE_LOOP('',(#12200,#12208,#12214,#12215));
#12200 = ORIENTED_EDGE('',*,*,#12201,.F.);
#12201 = EDGE_CURVE('',#12202,#12173,#12204,.T.);
#12202 = VERTEX_POINT('',#12203);
#12203 = CARTESIAN_POINT('',(-82.578094,2.89996,0.));
#12204 = LINE('',#12205,#12206);
#12205 = CARTESIAN_POINT('',(-82.578094,2.89996,0.));
#12206 = VECTOR('',#12207,1.);
#12207 = DIRECTION('',(1.,0.,0.));
#12208 = ORIENTED_EDGE('',*,*,#12209,.T.);
#12209 = EDGE_CURVE('',#12202,#11882,#12210,.T.);
#12210 = LINE('',#12211,#12212);
#12211 = CARTESIAN_POINT('',(-82.578094,2.89996,0.));
#12212 = VECTOR('',#12213,1.);
#12213 = DIRECTION('',(0.,0.,1.));
#12214 = ORIENTED_EDGE('',*,*,#11881,.F.);
#12215 = ORIENTED_EDGE('',*,*,#12187,.F.);
#12216 = PLANE('',#12217);
#12217 = AXIS2_PLACEMENT_3D('',#12218,#12219,#12220);
#12218 = CARTESIAN_POINT('',(-82.578094,2.89996,0.));
#12219 = DIRECTION('',(0.,1.,0.));
#12220 = DIRECTION('',(1.,0.,0.));
#12221 = ADVANCED_FACE('',(#12222),#12240,.T.);
#12222 = FACE_BOUND('',#12223,.T.);
#12223 = EDGE_LOOP('',(#12224,#12232,#12238,#12239));
#12224 = ORIENTED_EDGE('',*,*,#12225,.F.);
#12225 = EDGE_CURVE('',#12226,#12202,#12228,.T.);
#12226 = VERTEX_POINT('',#12227);
#12227 = CARTESIAN_POINT('',(-82.578094,44.,0.));
#12228 = LINE('',#12229,#12230);
#12229 = CARTESIAN_POINT('',(-82.578094,44.,0.));
#12230 = VECTOR('',#12231,1.);
#12231 = DIRECTION('',(0.,-1.,0.));
#12232 = ORIENTED_EDGE('',*,*,#12233,.T.);
#12233 = EDGE_CURVE('',#12226,#11890,#12234,.T.);
#12234 = LINE('',#12235,#12236);
#12235 = CARTESIAN_POINT('',(-82.578094,44.,0.));
#12236 = VECTOR('',#12237,1.);
#12237 = DIRECTION('',(0.,0.,1.));
#12238 = ORIENTED_EDGE('',*,*,#11889,.F.);
#12239 = ORIENTED_EDGE('',*,*,#12209,.F.);
#12240 = PLANE('',#12241);
#12241 = AXIS2_PLACEMENT_3D('',#12242,#12243,#12244);
#12242 = CARTESIAN_POINT('',(-82.578094,44.,0.));
#12243 = DIRECTION('',(1.,0.,0.));
#12244 = DIRECTION('',(0.,-1.,0.));
#12245 = ADVANCED_FACE('',(#12246),#12257,.T.);
#12246 = FACE_BOUND('',#12247,.T.);
#12247 = EDGE_LOOP('',(#12248,#12249,#12255,#12256));
#12248 = ORIENTED_EDGE('',*,*,#12170,.F.);
#12249 = ORIENTED_EDGE('',*,*,#12250,.T.);
#12250 = EDGE_CURVE('',#12171,#12226,#12251,.T.);
#12251 = LINE('',#12252,#12253);
#12252 = CARTESIAN_POINT('',(-44.23278,44.,0.));
#12253 = VECTOR('',#12254,1.);
#12254 = DIRECTION('',(-1.,0.,0.));
#12255 = ORIENTED_EDGE('',*,*,#12225,.T.);
#12256 = ORIENTED_EDGE('',*,*,#12201,.T.);
#12257 = PLANE('',#12258);
#12258 = AXIS2_PLACEMENT_3D('',#12259,#12260,#12261);
#12259 = CARTESIAN_POINT('',(-85.,75.,0.));
#12260 = DIRECTION('',(0.,0.,1.));
#12261 = DIRECTION('',(1.,0.,0.));
#12262 = ADVANCED_FACE('',(#12263),#12288,.F.);
#12263 = FACE_BOUND('',#12264,.F.);
#12264 = EDGE_LOOP('',(#12265,#12275,#12281,#12282));
#12265 = ORIENTED_EDGE('',*,*,#12266,.F.);
#12266 = EDGE_CURVE('',#12267,#12269,#12271,.T.);
#12267 = VERTEX_POINT('',#12268);
#12268 = CARTESIAN_POINT('',(-85.,44.,0.));
#12269 = VERTEX_POINT('',#12270);
#12270 = CARTESIAN_POINT('',(-85.,2.89996,0.));
#12271 = LINE('',#12272,#12273);
#12272 = CARTESIAN_POINT('',(-85.,44.,0.));
#12273 = VECTOR('',#12274,1.);
#12274 = DIRECTION('',(0.,-1.,0.));
#12275 = ORIENTED_EDGE('',*,*,#12276,.T.);
#12276 = EDGE_CURVE('',#12267,#11898,#12277,.T.);
#12277 = LINE('',#12278,#12279);
#12278 = CARTESIAN_POINT('',(-85.,44.,0.));
#12279 = VECTOR('',#12280,1.);
#12280 = DIRECTION('',(0.,0.,1.));
#12281 = ORIENTED_EDGE('',*,*,#11905,.F.);
#12282 = ORIENTED_EDGE('',*,*,#12283,.F.);
#12283 = EDGE_CURVE('',#12269,#11906,#12284,.T.);
#12284 = LINE('',#12285,#12286);
#12285 = CARTESIAN_POINT('',(-85.,2.89996,0.));
#12286 = VECTOR('',#12287,1.);
#12287 = DIRECTION('',(0.,0.,1.));
#12288 = PLANE('',#12289);
#12289 = AXIS2_PLACEMENT_3D('',#12290,#12291,#12292);
#12290 = CARTESIAN_POINT('',(-85.,44.,0.));
#12291 = DIRECTION('',(1.,0.,0.));
#12292 = DIRECTION('',(0.,-1.,0.));
#12293 = ADVANCED_FACE('',(#12294),#12312,.T.);
#12294 = FACE_BOUND('',#12295,.T.);
#12295 = EDGE_LOOP('',(#12296,#12304,#12310,#12311));
#12296 = ORIENTED_EDGE('',*,*,#12297,.F.);
#12297 = EDGE_CURVE('',#12298,#12269,#12300,.T.);
#12298 = VERTEX_POINT('',#12299);
#12299 = CARTESIAN_POINT('',(-117.943893,2.89996,0.));
#12300 = LINE('',#12301,#12302);
#12301 = CARTESIAN_POINT('',(-117.943893,2.89996,0.));
#12302 = VECTOR('',#12303,1.);
#12303 = DIRECTION('',(1.,0.,0.));
#12304 = ORIENTED_EDGE('',*,*,#12305,.T.);
#12305 = EDGE_CURVE('',#12298,#11914,#12306,.T.);
#12306 = LINE('',#12307,#12308);
#12307 = CARTESIAN_POINT('',(-117.943893,2.89996,0.));
#12308 = VECTOR('',#12309,1.);
#12309 = DIRECTION('',(0.,0.,1.));
#12310 = ORIENTED_EDGE('',*,*,#11913,.F.);
#12311 = ORIENTED_EDGE('',*,*,#12283,.F.);
#12312 = PLANE('',#12313);
#12313 = AXIS2_PLACEMENT_3D('',#12314,#12315,#12316);
#12314 = CARTESIAN_POINT('',(-117.943893,2.89996,0.));
#12315 = DIRECTION('',(0.,1.,0.));
#12316 = DIRECTION('',(1.,0.,0.));
#12317 = ADVANCED_FACE('',(#12318),#12336,.T.);
#12318 = FACE_BOUND('',#12319,.T.);
#12319 = EDGE_LOOP('',(#12320,#12328,#12334,#12335));
#12320 = ORIENTED_EDGE('',*,*,#12321,.F.);
#12321 = EDGE_CURVE('',#12322,#12298,#12324,.T.);
#12322 = VERTEX_POINT('',#12323);
#12323 = CARTESIAN_POINT('',(-117.943893,44.,0.));
#12324 = LINE('',#12325,#12326);
#12325 = CARTESIAN_POINT('',(-117.943893,44.,0.));
#12326 = VECTOR('',#12327,1.);
#12327 = DIRECTION('',(0.,-1.,0.));
#12328 = ORIENTED_EDGE('',*,*,#12329,.T.);
#12329 = EDGE_CURVE('',#12322,#11922,#12330,.T.);
#12330 = LINE('',#12331,#12332);
#12331 = CARTESIAN_POINT('',(-117.943893,44.,0.));
#12332 = VECTOR('',#12333,1.);
#12333 = DIRECTION('',(0.,0.,1.));
#12334 = ORIENTED_EDGE('',*,*,#11921,.F.);
#12335 = ORIENTED_EDGE('',*,*,#12305,.F.);
#12336 = PLANE('',#12337);
#12337 = AXIS2_PLACEMENT_3D('',#12338,#12339,#12340);
#12338 = CARTESIAN_POINT('',(-117.943893,44.,0.));
#12339 = DIRECTION('',(1.,0.,0.));
#12340 = DIRECTION('',(0.,-1.,0.));
#12341 = ADVANCED_FACE('',(#12342),#12353,.T.);
#12342 = FACE_BOUND('',#12343,.T.);
#12343 = EDGE_LOOP('',(#12344,#12345,#12351,#12352));
#12344 = ORIENTED_EDGE('',*,*,#12266,.F.);
#12345 = ORIENTED_EDGE('',*,*,#12346,.T.);
#12346 = EDGE_CURVE('',#12267,#12322,#12347,.T.);
#12347 = LINE('',#12348,#12349);
#12348 = CARTESIAN_POINT('',(-85.,44.,0.));
#12349 = VECTOR('',#12350,1.);
#12350 = DIRECTION('',(-1.,0.,0.));
#12351 = ORIENTED_EDGE('',*,*,#12321,.T.);
#12352 = ORIENTED_EDGE('',*,*,#12297,.T.);
#12353 = PLANE('',#12354);
#12354 = AXIS2_PLACEMENT_3D('',#12355,#12356,#12357);
#12355 = CARTESIAN_POINT('',(-85.,75.,0.));
#12356 = DIRECTION('',(0.,0.,1.));
#12357 = DIRECTION('',(1.,0.,0.));
#12358 = ADVANCED_FACE('',(#12359),#12384,.F.);
#12359 = FACE_BOUND('',#12360,.F.);
#12360 = EDGE_LOOP('',(#12361,#12371,#12377,#12378));
#12361 = ORIENTED_EDGE('',*,*,#12362,.F.);
#12362 = EDGE_CURVE('',#12363,#12365,#12367,.T.);
#12363 = VERTEX_POINT('',#12364);
#12364 = CARTESIAN_POINT('',(-120.1315,44.,0.));
#12365 = VERTEX_POINT('',#12366);
#12366 = CARTESIAN_POINT('',(-120.1315,3.,0.));
#12367 = LINE('',#12368,#12369);
#12368 = CARTESIAN_POINT('',(-120.1315,44.,0.));
#12369 = VECTOR('',#12370,1.);
#12370 = DIRECTION('',(0.,-1.,0.));
#12371 = ORIENTED_EDGE('',*,*,#12372,.T.);
#12372 = EDGE_CURVE('',#12363,#11930,#12373,.T.);
#12373 = LINE('',#12374,#12375);
#12374 = CARTESIAN_POINT('',(-120.1315,44.,0.));
#12375 = VECTOR('',#12376,1.);
#12376 = DIRECTION('',(0.,0.,1.));
#12377 = ORIENTED_EDGE('',*,*,#11937,.F.);
#12378 = ORIENTED_EDGE('',*,*,#12379,.F.);
#12379 = EDGE_CURVE('',#12365,#11938,#12380,.T.);
#12380 = LINE('',#12381,#12382);
#12381 = CARTESIAN_POINT('',(-120.1315,3.,0.));
#12382 = VECTOR('',#12383,1.);
#12383 = DIRECTION('',(0.,0.,1.));
#12384 = PLANE('',#12385);
#12385 = AXIS2_PLACEMENT_3D('',#12386,#12387,#12388);
#12386 = CARTESIAN_POINT('',(-120.1315,44.,0.));
#12387 = DIRECTION('',(1.,0.,0.));
#12388 = DIRECTION('',(0.,-1.,0.));
#12389 = ADVANCED_FACE('',(#12390),#12408,.T.);
#12390 = FACE_BOUND('',#12391,.T.);
#12391 = EDGE_LOOP('',(#12392,#12400,#12406,#12407));
#12392 = ORIENTED_EDGE('',*,*,#12393,.F.);
#12393 = EDGE_CURVE('',#12394,#12365,#12396,.T.);
#12394 = VERTEX_POINT('',#12395);
#12395 = CARTESIAN_POINT('',(-167.,3.,0.));
#12396 = LINE('',#12397,#12398);
#12397 = CARTESIAN_POINT('',(-167.,3.,0.));
#12398 = VECTOR('',#12399,1.);
#12399 = DIRECTION('',(1.,0.,0.));
#12400 = ORIENTED_EDGE('',*,*,#12401,.T.);
#12401 = EDGE_CURVE('',#12394,#11946,#12402,.T.);
#12402 = LINE('',#12403,#12404);
#12403 = CARTESIAN_POINT('',(-167.,3.,0.));
#12404 = VECTOR('',#12405,1.);
#12405 = DIRECTION('',(0.,0.,1.));
#12406 = ORIENTED_EDGE('',*,*,#11945,.F.);
#12407 = ORIENTED_EDGE('',*,*,#12379,.F.);
#12408 = PLANE('',#12409);
#12409 = AXIS2_PLACEMENT_3D('',#12410,#12411,#12412);
#12410 = CARTESIAN_POINT('',(-167.,3.,0.));
#12411 = DIRECTION('',(0.,1.,0.));
#12412 = DIRECTION('',(1.,0.,0.));
#12413 = ADVANCED_FACE('',(#12414),#12432,.T.);
#12414 = FACE_BOUND('',#12415,.T.);
#12415 = EDGE_LOOP('',(#12416,#12424,#12430,#12431));
#12416 = ORIENTED_EDGE('',*,*,#12417,.F.);
#12417 = EDGE_CURVE('',#12418,#12394,#12420,.T.);
#12418 = VERTEX_POINT('',#12419);
#12419 = CARTESIAN_POINT('',(-167.,44.,0.));
#12420 = LINE('',#12421,#12422);
#12421 = CARTESIAN_POINT('',(-167.,44.,0.));
#12422 = VECTOR('',#12423,1.);
#12423 = DIRECTION('',(0.,-1.,0.));
#12424 = ORIENTED_EDGE('',*,*,#12425,.T.);
#12425 = EDGE_CURVE('',#12418,#11954,#12426,.T.);
#12426 = LINE('',#12427,#12428);
#12427 = CARTESIAN_POINT('',(-167.,44.,0.));
#12428 = VECTOR('',#12429,1.);
#12429 = DIRECTION('',(0.,0.,1.));
#12430 = ORIENTED_EDGE('',*,*,#11953,.F.);
#12431 = ORIENTED_EDGE('',*,*,#12401,.F.);
#12432 = PLANE('',#12433);
#12433 = AXIS2_PLACEMENT_3D('',#12434,#12435,#12436);
#12434 = CARTESIAN_POINT('',(-167.,44.,0.));
#12435 = DIRECTION('',(1.,0.,0.));
#12436 = DIRECTION('',(0.,-1.,0.));
#12437 = ADVANCED_FACE('',(#12438),#12449,.T.);
#12438 = FACE_BOUND('',#12439,.T.);
#12439 = EDGE_LOOP('',(#12440,#12446,#12447,#12448));
#12440 = ORIENTED_EDGE('',*,*,#12441,.T.);
#12441 = EDGE_CURVE('',#12363,#12418,#12442,.T.);
#12442 = LINE('',#12443,#12444);
#12443 = CARTESIAN_POINT('',(-120.1315,44.,0.));
#12444 = VECTOR('',#12445,1.);
#12445 = DIRECTION('',(-1.,0.,0.));
#12446 = ORIENTED_EDGE('',*,*,#12417,.T.);
#12447 = ORIENTED_EDGE('',*,*,#12393,.T.);
#12448 = ORIENTED_EDGE('',*,*,#12362,.F.);
#12449 = PLANE('',#12450);
#12450 = AXIS2_PLACEMENT_3D('',#12451,#12452,#12453);
#12451 = CARTESIAN_POINT('',(-85.,75.,0.));
#12452 = DIRECTION('',(0.,0.,1.));
#12453 = DIRECTION('',(1.,0.,0.));
#12454 = ADVANCED_FACE('',(#12455),#12525,.F.);
#12455 = FACE_BOUND('',#12456,.F.);
#12456 = EDGE_LOOP('',(#12457,#12467,#12476,#12484,#12493,#12501,#12510,
    #12518));
#12457 = ORIENTED_EDGE('',*,*,#12458,.T.);
#12458 = EDGE_CURVE('',#12459,#12461,#12463,.T.);
#12459 = VERTEX_POINT('',#12460);
#12460 = CARTESIAN_POINT('',(-5.,150.,-3.));
#12461 = VERTEX_POINT('',#12462);
#12462 = CARTESIAN_POINT('',(-165.,150.,-3.));
#12463 = LINE('',#12464,#12465);
#12464 = CARTESIAN_POINT('',(-5.,150.,-3.));
#12465 = VECTOR('',#12466,1.);
#12466 = DIRECTION('',(-1.,0.,0.));
#12467 = ORIENTED_EDGE('',*,*,#12468,.T.);
#12468 = EDGE_CURVE('',#12461,#12469,#12471,.T.);
#12469 = VERTEX_POINT('',#12470);
#12470 = CARTESIAN_POINT('',(-170.,145.,-3.));
#12471 = CIRCLE('',#12472,5.);
#12472 = AXIS2_PLACEMENT_3D('',#12473,#12474,#12475);
#12473 = CARTESIAN_POINT('',(-165.,145.,-3.));
#12474 = DIRECTION('',(0.,0.,1.));
#12475 = DIRECTION('',(1.,0.,0.));
#12476 = ORIENTED_EDGE('',*,*,#12477,.T.);
#12477 = EDGE_CURVE('',#12469,#12478,#12480,.T.);
#12478 = VERTEX_POINT('',#12479);
#12479 = CARTESIAN_POINT('',(-170.,5.,-3.));
#12480 = LINE('',#12481,#12482);
#12481 = CARTESIAN_POINT('',(-170.,145.,-3.));
#12482 = VECTOR('',#12483,1.);
#12483 = DIRECTION('',(0.,-1.,0.));
#12484 = ORIENTED_EDGE('',*,*,#12485,.T.);
#12485 = EDGE_CURVE('',#12478,#12486,#12488,.T.);
#12486 = VERTEX_POINT('',#12487);
#12487 = CARTESIAN_POINT('',(-165.,0.,-3.));
#12488 = CIRCLE('',#12489,5.);
#12489 = AXIS2_PLACEMENT_3D('',#12490,#12491,#12492);
#12490 = CARTESIAN_POINT('',(-165.,5.,-3.));
#12491 = DIRECTION('',(0.,0.,1.));
#12492 = DIRECTION('',(1.,0.,0.));
#12493 = ORIENTED_EDGE('',*,*,#12494,.T.);
#12494 = EDGE_CURVE('',#12486,#12495,#12497,.T.);
#12495 = VERTEX_POINT('',#12496);
#12496 = CARTESIAN_POINT('',(-5.,0.,-3.));
#12497 = LINE('',#12498,#12499);
#12498 = CARTESIAN_POINT('',(-165.,0.,-3.));
#12499 = VECTOR('',#12500,1.);
#12500 = DIRECTION('',(1.,0.,0.));
#12501 = ORIENTED_EDGE('',*,*,#12502,.T.);
#12502 = EDGE_CURVE('',#12495,#12503,#12505,.T.);
#12503 = VERTEX_POINT('',#12504);
#12504 = CARTESIAN_POINT('',(0.,5.,-3.));
#12505 = CIRCLE('',#12506,5.);
#12506 = AXIS2_PLACEMENT_3D('',#12507,#12508,#12509);
#12507 = CARTESIAN_POINT('',(-5.,5.,-3.));
#12508 = DIRECTION('',(0.,0.,1.));
#12509 = DIRECTION('',(1.,0.,0.));
#12510 = ORIENTED_EDGE('',*,*,#12511,.T.);
#12511 = EDGE_CURVE('',#12503,#12512,#12514,.T.);
#12512 = VERTEX_POINT('',#12513);
#12513 = CARTESIAN_POINT('',(0.,145.,-3.));
#12514 = LINE('',#12515,#12516);
#12515 = CARTESIAN_POINT('',(0.,5.,-3.));
#12516 = VECTOR('',#12517,1.);
#12517 = DIRECTION('',(0.,1.,0.));
#12518 = ORIENTED_EDGE('',*,*,#12519,.T.);
#12519 = EDGE_CURVE('',#12512,#12459,#12520,.T.);
#12520 = CIRCLE('',#12521,5.);
#12521 = AXIS2_PLACEMENT_3D('',#12522,#12523,#12524);
#12522 = CARTESIAN_POINT('',(-5.,145.,-3.));
#12523 = DIRECTION('',(0.,0.,1.));
#12524 = DIRECTION('',(1.,0.,0.));
#12525 = PLANE('',#12526);
#12526 = AXIS2_PLACEMENT_3D('',#12527,#12528,#12529);
#12527 = CARTESIAN_POINT('',(-85.,75.,-3.));
#12528 = DIRECTION('',(0.,0.,1.));
#12529 = DIRECTION('',(1.,0.,0.));
#12530 = ADVANCED_FACE('',(#12531),#12563,.T.);
#12531 = FACE_BOUND('',#12532,.T.);
#12532 = EDGE_LOOP('',(#12533,#12539,#12540,#12548,#12556,#12562));
#12533 = ORIENTED_EDGE('',*,*,#12534,.F.);
#12534 = EDGE_CURVE('',#12459,#12012,#12535,.T.);
#12535 = LINE('',#12536,#12537);
#12536 = CARTESIAN_POINT('',(-5.,150.,0.));
#12537 = VECTOR('',#12538,1.);
#12538 = DIRECTION('',(0.,0.,1.));
#12539 = ORIENTED_EDGE('',*,*,#12458,.T.);
#12540 = ORIENTED_EDGE('',*,*,#12541,.F.);
#12541 = EDGE_CURVE('',#12542,#12461,#12544,.T.);
#12542 = VERTEX_POINT('',#12543);
#12543 = CARTESIAN_POINT('',(-165.,150.,70.));
#12544 = LINE('',#12545,#12546);
#12545 = CARTESIAN_POINT('',(-165.,150.,0.));
#12546 = VECTOR('',#12547,1.);
#12547 = DIRECTION('',(-0.,-0.,-1.));
#12548 = ORIENTED_EDGE('',*,*,#12549,.F.);
#12549 = EDGE_CURVE('',#12550,#12542,#12552,.T.);
#12550 = VERTEX_POINT('',#12551);
#12551 = CARTESIAN_POINT('',(-35.,150.,70.));
#12552 = LINE('',#12553,#12554);
#12553 = CARTESIAN_POINT('',(-5.,150.,70.));
#12554 = VECTOR('',#12555,1.);
#12555 = DIRECTION('',(-1.,0.,0.));
#12556 = ORIENTED_EDGE('',*,*,#12557,.F.);
#12557 = EDGE_CURVE('',#12021,#12550,#12558,.T.);
#12558 = LINE('',#12559,#12560);
#12559 = CARTESIAN_POINT('',(-35.,150.,55.7480385));
#12560 = VECTOR('',#12561,1.);
#12561 = DIRECTION('',(0.,0.,1.));
#12562 = ORIENTED_EDGE('',*,*,#12020,.F.);
#12563 = PLANE('',#12564);
#12564 = AXIS2_PLACEMENT_3D('',#12565,#12566,#12567);
#12565 = CARTESIAN_POINT('',(-85.,150.,33.5));
#12566 = DIRECTION('',(0.,1.,0.));
#12567 = DIRECTION('',(0.,0.,1.));
#12568 = ADVANCED_FACE('',(#12569),#12588,.T.);
#12569 = FACE_BOUND('',#12570,.F.);
#12570 = EDGE_LOOP('',(#12571,#12572,#12581,#12587));
#12571 = ORIENTED_EDGE('',*,*,#12541,.F.);
#12572 = ORIENTED_EDGE('',*,*,#12573,.T.);
#12573 = EDGE_CURVE('',#12542,#12574,#12576,.T.);
#12574 = VERTEX_POINT('',#12575);
#12575 = CARTESIAN_POINT('',(-170.,145.,70.));
#12576 = CIRCLE('',#12577,5.);
#12577 = AXIS2_PLACEMENT_3D('',#12578,#12579,#12580);
#12578 = CARTESIAN_POINT('',(-165.,145.,70.));
#12579 = DIRECTION('',(0.,0.,1.));
#12580 = DIRECTION('',(1.,0.,0.));
#12581 = ORIENTED_EDGE('',*,*,#12582,.F.);
#12582 = EDGE_CURVE('',#12469,#12574,#12583,.T.);
#12583 = LINE('',#12584,#12585);
#12584 = CARTESIAN_POINT('',(-170.,145.,0.));
#12585 = VECTOR('',#12586,1.);
#12586 = DIRECTION('',(0.,0.,1.));
#12587 = ORIENTED_EDGE('',*,*,#12468,.F.);
#12588 = CYLINDRICAL_SURFACE('',#12589,5.);
#12589 = AXIS2_PLACEMENT_3D('',#12590,#12591,#12592);
#12590 = CARTESIAN_POINT('',(-165.,145.,0.));
#12591 = DIRECTION('',(-0.,-0.,-1.));
#12592 = DIRECTION('',(1.,0.,0.));
#12593 = ADVANCED_FACE('',(#12594),#12619,.T.);
#12594 = FACE_BOUND('',#12595,.T.);
#12595 = EDGE_LOOP('',(#12596,#12597,#12598,#12604,#12605,#12613));
#12596 = ORIENTED_EDGE('',*,*,#12582,.F.);
#12597 = ORIENTED_EDGE('',*,*,#12477,.T.);
#12598 = ORIENTED_EDGE('',*,*,#12599,.F.);
#12599 = EDGE_CURVE('',#11970,#12478,#12600,.T.);
#12600 = LINE('',#12601,#12602);
#12601 = CARTESIAN_POINT('',(-170.,5.,0.));
#12602 = VECTOR('',#12603,1.);
#12603 = DIRECTION('',(-0.,-0.,-1.));
#12604 = ORIENTED_EDGE('',*,*,#11969,.F.);
#12605 = ORIENTED_EDGE('',*,*,#12606,.F.);
#12606 = EDGE_CURVE('',#12607,#11962,#12609,.T.);
#12607 = VERTEX_POINT('',#12608);
#12608 = CARTESIAN_POINT('',(-170.,44.,70.));
#12609 = LINE('',#12610,#12611);
#12610 = CARTESIAN_POINT('',(-170.,44.,86.269709));
#12611 = VECTOR('',#12612,1.);
#12612 = DIRECTION('',(0.,0.,-1.));
#12613 = ORIENTED_EDGE('',*,*,#12614,.F.);
#12614 = EDGE_CURVE('',#12574,#12607,#12615,.T.);
#12615 = LINE('',#12616,#12617);
#12616 = CARTESIAN_POINT('',(-170.,145.,70.));
#12617 = VECTOR('',#12618,1.);
#12618 = DIRECTION('',(0.,-1.,0.));
#12619 = PLANE('',#12620);
#12620 = AXIS2_PLACEMENT_3D('',#12621,#12622,#12623);
#12621 = CARTESIAN_POINT('',(-170.,75.,33.5));
#12622 = DIRECTION('',(-1.,-0.,-0.));
#12623 = DIRECTION('',(0.,0.,-1.));
#12624 = ADVANCED_FACE('',(#12625),#12636,.T.);
#12625 = FACE_BOUND('',#12626,.F.);
#12626 = EDGE_LOOP('',(#12627,#12628,#12629,#12635));
#12627 = ORIENTED_EDGE('',*,*,#12599,.F.);
#12628 = ORIENTED_EDGE('',*,*,#11977,.F.);
#12629 = ORIENTED_EDGE('',*,*,#12630,.F.);
#12630 = EDGE_CURVE('',#12486,#11978,#12631,.T.);
#12631 = LINE('',#12632,#12633);
#12632 = CARTESIAN_POINT('',(-165.,0.,0.));
#12633 = VECTOR('',#12634,1.);
#12634 = DIRECTION('',(0.,0.,1.));
#12635 = ORIENTED_EDGE('',*,*,#12485,.F.);
#12636 = CYLINDRICAL_SURFACE('',#12637,5.);
#12637 = AXIS2_PLACEMENT_3D('',#12638,#12639,#12640);
#12638 = CARTESIAN_POINT('',(-165.,5.,0.));
#12639 = DIRECTION('',(-0.,-0.,-1.));
#12640 = DIRECTION('',(1.,0.,0.));
#12641 = ADVANCED_FACE('',(#12642),#12653,.T.);
#12642 = FACE_BOUND('',#12643,.T.);
#12643 = EDGE_LOOP('',(#12644,#12645,#12646,#12652));
#12644 = ORIENTED_EDGE('',*,*,#12630,.F.);
#12645 = ORIENTED_EDGE('',*,*,#12494,.T.);
#12646 = ORIENTED_EDGE('',*,*,#12647,.F.);
#12647 = EDGE_CURVE('',#11987,#12495,#12648,.T.);
#12648 = LINE('',#12649,#12650);
#12649 = CARTESIAN_POINT('',(-5.,0.,0.));
#12650 = VECTOR('',#12651,1.);
#12651 = DIRECTION('',(-0.,-0.,-1.));
#12652 = ORIENTED_EDGE('',*,*,#11986,.F.);
#12653 = PLANE('',#12654);
#12654 = AXIS2_PLACEMENT_3D('',#12655,#12656,#12657);
#12655 = CARTESIAN_POINT('',(-85.,0.,33.5));
#12656 = DIRECTION('',(-0.,-1.,-0.));
#12657 = DIRECTION('',(0.,0.,-1.));
#12658 = ADVANCED_FACE('',(#12659),#12670,.T.);
#12659 = FACE_BOUND('',#12660,.F.);
#12660 = EDGE_LOOP('',(#12661,#12662,#12663,#12669));
#12661 = ORIENTED_EDGE('',*,*,#12647,.F.);
#12662 = ORIENTED_EDGE('',*,*,#11994,.F.);
#12663 = ORIENTED_EDGE('',*,*,#12664,.F.);
#12664 = EDGE_CURVE('',#12503,#11995,#12665,.T.);
#12665 = LINE('',#12666,#12667);
#12666 = CARTESIAN_POINT('',(0.,5.,0.));
#12667 = VECTOR('',#12668,1.);
#12668 = DIRECTION('',(0.,0.,1.));
#12669 = ORIENTED_EDGE('',*,*,#12502,.F.);
#12670 = CYLINDRICAL_SURFACE('',#12671,5.);
#12671 = AXIS2_PLACEMENT_3D('',#12672,#12673,#12674);
#12672 = CARTESIAN_POINT('',(-5.,5.,0.));
#12673 = DIRECTION('',(-0.,-0.,-1.));
#12674 = DIRECTION('',(1.,0.,0.));
#12675 = ADVANCED_FACE('',(#12676),#12687,.T.);
#12676 = FACE_BOUND('',#12677,.T.);
#12677 = EDGE_LOOP('',(#12678,#12679,#12680,#12686));
#12678 = ORIENTED_EDGE('',*,*,#12664,.F.);
#12679 = ORIENTED_EDGE('',*,*,#12511,.T.);
#12680 = ORIENTED_EDGE('',*,*,#12681,.F.);
#12681 = EDGE_CURVE('',#12004,#12512,#12682,.T.);
#12682 = LINE('',#12683,#12684);
#12683 = CARTESIAN_POINT('',(0.,145.,0.));
#12684 = VECTOR('',#12685,1.);
#12685 = DIRECTION('',(-0.,-0.,-1.));
#12686 = ORIENTED_EDGE('',*,*,#12003,.F.);
#12687 = PLANE('',#12688);
#12688 = AXIS2_PLACEMENT_3D('',#12689,#12690,#12691);
#12689 = CARTESIAN_POINT('',(0.,75.,33.5));
#12690 = DIRECTION('',(1.,0.,0.));
#12691 = DIRECTION('',(0.,0.,1.));
#12692 = ADVANCED_FACE('',(#12693),#12699,.T.);
#12693 = FACE_BOUND('',#12694,.F.);
#12694 = EDGE_LOOP('',(#12695,#12696,#12697,#12698));
#12695 = ORIENTED_EDGE('',*,*,#12681,.F.);
#12696 = ORIENTED_EDGE('',*,*,#12011,.F.);
#12697 = ORIENTED_EDGE('',*,*,#12534,.F.);
#12698 = ORIENTED_EDGE('',*,*,#12519,.F.);
#12699 = CYLINDRICAL_SURFACE('',#12700,5.);
#12700 = AXIS2_PLACEMENT_3D('',#12701,#12702,#12703);
#12701 = CARTESIAN_POINT('',(-5.,145.,0.));
#12702 = DIRECTION('',(-0.,-0.,-1.));
#12703 = DIRECTION('',(1.,0.,0.));
#12704 = ADVANCED_FACE('',(#12705),#12815,.T.);
#12705 = FACE_BOUND('',#12706,.T.);
#12706 = EDGE_LOOP('',(#12707,#12708,#12716,#12722,#12723,#12731,#12739,
    #12745,#12746,#12754,#12762,#12768,#12769,#12777,#12785,#12791,
    #12792,#12800,#12808,#12814));
#12707 = ORIENTED_EDGE('',*,*,#12557,.T.);
#12708 = ORIENTED_EDGE('',*,*,#12709,.T.);
#12709 = EDGE_CURVE('',#12550,#12710,#12712,.T.);
#12710 = VERTEX_POINT('',#12711);
#12711 = CARTESIAN_POINT('',(-35.,44.,70.));
#12712 = LINE('',#12713,#12714);
#12713 = CARTESIAN_POINT('',(-35.,37.332248723952,70.));
#12714 = VECTOR('',#12715,1.);
#12715 = DIRECTION('',(0.,-1.,0.));
#12716 = ORIENTED_EDGE('',*,*,#12717,.T.);
#12717 = EDGE_CURVE('',#12710,#11855,#12718,.T.);
#12718 = LINE('',#12719,#12720);
#12719 = CARTESIAN_POINT('',(-35.,44.,38.9980385));
#12720 = VECTOR('',#12721,1.);
#12721 = DIRECTION('',(0.,0.,-1.));
#12722 = ORIENTED_EDGE('',*,*,#12156,.T.);
#12723 = ORIENTED_EDGE('',*,*,#12724,.F.);
#12724 = EDGE_CURVE('',#12725,#12149,#12727,.T.);
#12725 = VERTEX_POINT('',#12726);
#12726 = CARTESIAN_POINT('',(-35.,47.,0.));
#12727 = LINE('',#12728,#12729);
#12728 = CARTESIAN_POINT('',(-35.,47.,0.));
#12729 = VECTOR('',#12730,1.);
#12730 = DIRECTION('',(0.,0.,1.));
#12731 = ORIENTED_EDGE('',*,*,#12732,.F.);
#12732 = EDGE_CURVE('',#12733,#12725,#12735,.T.);
#12733 = VERTEX_POINT('',#12734);
#12734 = CARTESIAN_POINT('',(-35.,72.562552,0.));
#12735 = LINE('',#12736,#12737);
#12736 = CARTESIAN_POINT('',(-35.,72.562552,0.));
#12737 = VECTOR('',#12738,1.);
#12738 = DIRECTION('',(0.,-1.,0.));
#12739 = ORIENTED_EDGE('',*,*,#12740,.T.);
#12740 = EDGE_CURVE('',#12733,#12125,#12741,.T.);
#12741 = LINE('',#12742,#12743);
#12742 = CARTESIAN_POINT('',(-35.,72.562552,0.));
#12743 = VECTOR('',#12744,1.);
#12744 = DIRECTION('',(0.,0.,1.));
#12745 = ORIENTED_EDGE('',*,*,#12124,.T.);
#12746 = ORIENTED_EDGE('',*,*,#12747,.F.);
#12747 = EDGE_CURVE('',#12748,#12117,#12750,.T.);
#12748 = VERTEX_POINT('',#12749);
#12749 = CARTESIAN_POINT('',(-35.,74.562552,0.));
#12750 = LINE('',#12751,#12752);
#12751 = CARTESIAN_POINT('',(-35.,74.562552,0.));
#12752 = VECTOR('',#12753,1.);
#12753 = DIRECTION('',(0.,0.,1.));
#12754 = ORIENTED_EDGE('',*,*,#12755,.F.);
#12755 = EDGE_CURVE('',#12756,#12748,#12758,.T.);
#12756 = VERTEX_POINT('',#12757);
#12757 = CARTESIAN_POINT('',(-35.,97.934734,0.));
#12758 = LINE('',#12759,#12760);
#12759 = CARTESIAN_POINT('',(-35.,97.934734,0.));
#12760 = VECTOR('',#12761,1.);
#12761 = DIRECTION('',(0.,-1.,0.));
#12762 = ORIENTED_EDGE('',*,*,#12763,.T.);
#12763 = EDGE_CURVE('',#12756,#12093,#12764,.T.);
#12764 = LINE('',#12765,#12766);
#12765 = CARTESIAN_POINT('',(-35.,97.934734,0.));
#12766 = VECTOR('',#12767,1.);
#12767 = DIRECTION('',(0.,0.,1.));
#12768 = ORIENTED_EDGE('',*,*,#12092,.T.);
#12769 = ORIENTED_EDGE('',*,*,#12770,.F.);
#12770 = EDGE_CURVE('',#12771,#12085,#12773,.T.);
#12771 = VERTEX_POINT('',#12772);
#12772 = CARTESIAN_POINT('',(-35.,99.934734,0.));
#12773 = LINE('',#12774,#12775);
#12774 = CARTESIAN_POINT('',(-35.,99.934734,0.));
#12775 = VECTOR('',#12776,1.);
#12776 = DIRECTION('',(0.,0.,1.));
#12777 = ORIENTED_EDGE('',*,*,#12778,.F.);
#12778 = EDGE_CURVE('',#12779,#12771,#12781,.T.);
#12779 = VERTEX_POINT('',#12780);
#12780 = CARTESIAN_POINT('',(-35.,123.306915,0.));
#12781 = LINE('',#12782,#12783);
#12782 = CARTESIAN_POINT('',(-35.,123.306915,0.));
#12783 = VECTOR('',#12784,1.);
#12784 = DIRECTION('',(0.,-1.,0.));
#12785 = ORIENTED_EDGE('',*,*,#12786,.T.);
#12786 = EDGE_CURVE('',#12779,#12061,#12787,.T.);
#12787 = LINE('',#12788,#12789);
#12788 = CARTESIAN_POINT('',(-35.,123.306915,0.));
#12789 = VECTOR('',#12790,1.);
#12790 = DIRECTION('',(0.,0.,1.));
#12791 = ORIENTED_EDGE('',*,*,#12060,.T.);
#12792 = ORIENTED_EDGE('',*,*,#12793,.F.);
#12793 = EDGE_CURVE('',#12794,#12053,#12796,.T.);
#12794 = VERTEX_POINT('',#12795);
#12795 = CARTESIAN_POINT('',(-35.,125.306915,0.));
#12796 = LINE('',#12797,#12798);
#12797 = CARTESIAN_POINT('',(-35.,125.306915,0.));
#12798 = VECTOR('',#12799,1.);
#12799 = DIRECTION('',(0.,0.,1.));
#12800 = ORIENTED_EDGE('',*,*,#12801,.F.);
#12801 = EDGE_CURVE('',#12802,#12794,#12804,.T.);
#12802 = VERTEX_POINT('',#12803);
#12803 = CARTESIAN_POINT('',(-35.,147.,0.));
#12804 = LINE('',#12805,#12806);
#12805 = CARTESIAN_POINT('',(-35.,147.,0.));
#12806 = VECTOR('',#12807,1.);
#12807 = DIRECTION('',(0.,-1.,0.));
#12808 = ORIENTED_EDGE('',*,*,#12809,.T.);
#12809 = EDGE_CURVE('',#12802,#12029,#12810,.T.);
#12810 = LINE('',#12811,#12812);
#12811 = CARTESIAN_POINT('',(-35.,147.,0.));
#12812 = VECTOR('',#12813,1.);
#12813 = DIRECTION('',(0.,0.,1.));
#12814 = ORIENTED_EDGE('',*,*,#12028,.T.);
#12815 = PLANE('',#12816);
#12816 = AXIS2_PLACEMENT_3D('',#12817,#12818,#12819);
#12817 = CARTESIAN_POINT('',(-35.,97.784351486486,29.72972972973));
#12818 = DIRECTION('',(1.,-2.441173818484E-16,0.));
#12819 = DIRECTION('',(2.441173818484E-16,1.,0.));
#12820 = ADVANCED_FACE('',(#12821,#12833,#12903,#12973,#13043),#13113,
  .T.);
#12821 = FACE_BOUND('',#12822,.T.);
#12822 = EDGE_LOOP('',(#12823,#12824,#12830,#12831,#12832));
#12823 = ORIENTED_EDGE('',*,*,#12614,.T.);
#12824 = ORIENTED_EDGE('',*,*,#12825,.F.);
#12825 = EDGE_CURVE('',#12710,#12607,#12826,.T.);
#12826 = LINE('',#12827,#12828);
#12827 = CARTESIAN_POINT('',(-125.2153879404,44.,70.));
#12828 = VECTOR('',#12829,1.);
#12829 = DIRECTION('',(-1.,-0.,0.));
#12830 = ORIENTED_EDGE('',*,*,#12709,.F.);
#12831 = ORIENTED_EDGE('',*,*,#12549,.T.);
#12832 = ORIENTED_EDGE('',*,*,#12573,.T.);
#12833 = FACE_BOUND('',#12834,.T.);
#12834 = EDGE_LOOP('',(#12835,#12845,#12854,#12862,#12871,#12879,#12888,
    #12896));
#12835 = ORIENTED_EDGE('',*,*,#12836,.F.);
#12836 = EDGE_CURVE('',#12837,#12839,#12841,.T.);
#12837 = VERTEX_POINT('',#12838);
#12838 = CARTESIAN_POINT('',(-137.,52.,70.));
#12839 = VERTEX_POINT('',#12840);
#12840 = CARTESIAN_POINT('',(-137.,142.,70.));
#12841 = LINE('',#12842,#12843);
#12842 = CARTESIAN_POINT('',(-137.,52.,70.));
#12843 = VECTOR('',#12844,1.);
#12844 = DIRECTION('',(0.,1.,0.));
#12845 = ORIENTED_EDGE('',*,*,#12846,.F.);
#12846 = EDGE_CURVE('',#12847,#12837,#12849,.T.);
#12847 = VERTEX_POINT('',#12848);
#12848 = CARTESIAN_POINT('',(-142.,47.,70.));
#12849 = CIRCLE('',#12850,5.);
#12850 = AXIS2_PLACEMENT_3D('',#12851,#12852,#12853);
#12851 = CARTESIAN_POINT('',(-142.,52.,70.));
#12852 = DIRECTION('',(0.,0.,1.));
#12853 = DIRECTION('',(1.,0.,0.));
#12854 = ORIENTED_EDGE('',*,*,#12855,.F.);
#12855 = EDGE_CURVE('',#12856,#12847,#12858,.T.);
#12856 = VERTEX_POINT('',#12857);
#12857 = CARTESIAN_POINT('',(-162.,47.,70.));
#12858 = LINE('',#12859,#12860);
#12859 = CARTESIAN_POINT('',(-162.,47.,70.));
#12860 = VECTOR('',#12861,1.);
#12861 = DIRECTION('',(1.,0.,0.));
#12862 = ORIENTED_EDGE('',*,*,#12863,.F.);
#12863 = EDGE_CURVE('',#12864,#12856,#12866,.T.);
#12864 = VERTEX_POINT('',#12865);
#12865 = CARTESIAN_POINT('',(-167.,52.,70.));
#12866 = CIRCLE('',#12867,5.);
#12867 = AXIS2_PLACEMENT_3D('',#12868,#12869,#12870);
#12868 = CARTESIAN_POINT('',(-162.,52.,70.));
#12869 = DIRECTION('',(0.,0.,1.));
#12870 = DIRECTION('',(1.,0.,0.));
#12871 = ORIENTED_EDGE('',*,*,#12872,.F.);
#12872 = EDGE_CURVE('',#12873,#12864,#12875,.T.);
#12873 = VERTEX_POINT('',#12874);
#12874 = CARTESIAN_POINT('',(-167.,142.,70.));
#12875 = LINE('',#12876,#12877);
#12876 = CARTESIAN_POINT('',(-167.,142.,70.));
#12877 = VECTOR('',#12878,1.);
#12878 = DIRECTION('',(0.,-1.,0.));
#12879 = ORIENTED_EDGE('',*,*,#12880,.F.);
#12880 = EDGE_CURVE('',#12881,#12873,#12883,.T.);
#12881 = VERTEX_POINT('',#12882);
#12882 = CARTESIAN_POINT('',(-162.,147.,70.));
#12883 = CIRCLE('',#12884,5.);
#12884 = AXIS2_PLACEMENT_3D('',#12885,#12886,#12887);
#12885 = CARTESIAN_POINT('',(-162.,142.,70.));
#12886 = DIRECTION('',(0.,0.,1.));
#12887 = DIRECTION('',(1.,0.,0.));
#12888 = ORIENTED_EDGE('',*,*,#12889,.F.);
#12889 = EDGE_CURVE('',#12890,#12881,#12892,.T.);
#12890 = VERTEX_POINT('',#12891);
#12891 = CARTESIAN_POINT('',(-142.,147.,70.));
#12892 = LINE('',#12893,#12894);
#12893 = CARTESIAN_POINT('',(-142.,147.,70.));
#12894 = VECTOR('',#12895,1.);
#12895 = DIRECTION('',(-1.,0.,0.));
#12896 = ORIENTED_EDGE('',*,*,#12897,.F.);
#12897 = EDGE_CURVE('',#12839,#12890,#12898,.T.);
#12898 = CIRCLE('',#12899,5.);
#12899 = AXIS2_PLACEMENT_3D('',#12900,#12901,#12902);
#12900 = CARTESIAN_POINT('',(-142.,142.,70.));
#12901 = DIRECTION('',(0.,0.,1.));
#12902 = DIRECTION('',(1.,0.,0.));
#12903 = FACE_BOUND('',#12904,.T.);
#12904 = EDGE_LOOP('',(#12905,#12915,#12924,#12932,#12941,#12949,#12958,
    #12966));
#12905 = ORIENTED_EDGE('',*,*,#12906,.F.);
#12906 = EDGE_CURVE('',#12907,#12909,#12911,.T.);
#12907 = VERTEX_POINT('',#12908);
#12908 = CARTESIAN_POINT('',(-104.,51.999998464102,70.));
#12909 = VERTEX_POINT('',#12910);
#12910 = CARTESIAN_POINT('',(-104.,141.9999984641,70.));
#12911 = LINE('',#12912,#12913);
#12912 = CARTESIAN_POINT('',(-104.,51.999998464102,70.));
#12913 = VECTOR('',#12914,1.);
#12914 = DIRECTION('',(0.,1.,0.));
#12915 = ORIENTED_EDGE('',*,*,#12916,.F.);
#12916 = EDGE_CURVE('',#12917,#12907,#12919,.T.);
#12917 = VERTEX_POINT('',#12918);
#12918 = CARTESIAN_POINT('',(-109.,46.999998464102,70.));
#12919 = CIRCLE('',#12920,5.);
#12920 = AXIS2_PLACEMENT_3D('',#12921,#12922,#12923);
#12921 = CARTESIAN_POINT('',(-109.,51.999998464102,70.));
#12922 = DIRECTION('',(0.,0.,1.));
#12923 = DIRECTION('',(1.,0.,0.));
#12924 = ORIENTED_EDGE('',*,*,#12925,.F.);
#12925 = EDGE_CURVE('',#12926,#12917,#12928,.T.);
#12926 = VERTEX_POINT('',#12927);
#12927 = CARTESIAN_POINT('',(-129.,46.999998464102,70.));
#12928 = LINE('',#12929,#12930);
#12929 = CARTESIAN_POINT('',(-129.,46.999998464102,70.));
#12930 = VECTOR('',#12931,1.);
#12931 = DIRECTION('',(1.,0.,0.));
#12932 = ORIENTED_EDGE('',*,*,#12933,.F.);
#12933 = EDGE_CURVE('',#12934,#12926,#12936,.T.);
#12934 = VERTEX_POINT('',#12935);
#12935 = CARTESIAN_POINT('',(-134.,51.999998464102,70.));
#12936 = CIRCLE('',#12937,5.);
#12937 = AXIS2_PLACEMENT_3D('',#12938,#12939,#12940);
#12938 = CARTESIAN_POINT('',(-129.,51.999998464102,70.));
#12939 = DIRECTION('',(0.,0.,1.));
#12940 = DIRECTION('',(1.,0.,0.));
#12941 = ORIENTED_EDGE('',*,*,#12942,.F.);
#12942 = EDGE_CURVE('',#12943,#12934,#12945,.T.);
#12943 = VERTEX_POINT('',#12944);
#12944 = CARTESIAN_POINT('',(-134.,141.9999984641,70.));
#12945 = LINE('',#12946,#12947);
#12946 = CARTESIAN_POINT('',(-134.,141.9999984641,70.));
#12947 = VECTOR('',#12948,1.);
#12948 = DIRECTION('',(0.,-1.,0.));
#12949 = ORIENTED_EDGE('',*,*,#12950,.F.);
#12950 = EDGE_CURVE('',#12951,#12943,#12953,.T.);
#12951 = VERTEX_POINT('',#12952);
#12952 = CARTESIAN_POINT('',(-129.,146.9999984641,70.));
#12953 = CIRCLE('',#12954,5.);
#12954 = AXIS2_PLACEMENT_3D('',#12955,#12956,#12957);
#12955 = CARTESIAN_POINT('',(-129.,141.9999984641,70.));
#12956 = DIRECTION('',(0.,0.,1.));
#12957 = DIRECTION('',(1.,0.,0.));
#12958 = ORIENTED_EDGE('',*,*,#12959,.F.);
#12959 = EDGE_CURVE('',#12960,#12951,#12962,.T.);
#12960 = VERTEX_POINT('',#12961);
#12961 = CARTESIAN_POINT('',(-109.,146.9999984641,70.));
#12962 = LINE('',#12963,#12964);
#12963 = CARTESIAN_POINT('',(-109.,146.9999984641,70.));
#12964 = VECTOR('',#12965,1.);
#12965 = DIRECTION('',(-1.,0.,0.));
#12966 = ORIENTED_EDGE('',*,*,#12967,.F.);
#12967 = EDGE_CURVE('',#12909,#12960,#12968,.T.);
#12968 = CIRCLE('',#12969,5.);
#12969 = AXIS2_PLACEMENT_3D('',#12970,#12971,#12972);
#12970 = CARTESIAN_POINT('',(-109.,141.9999984641,70.));
#12971 = DIRECTION('',(0.,0.,1.));
#12972 = DIRECTION('',(1.,0.,0.));
#12973 = FACE_BOUND('',#12974,.T.);
#12974 = EDGE_LOOP('',(#12975,#12985,#12994,#13002,#13011,#13019,#13028,
    #13036));
#12975 = ORIENTED_EDGE('',*,*,#12976,.F.);
#12976 = EDGE_CURVE('',#12977,#12979,#12981,.T.);
#12977 = VERTEX_POINT('',#12978);
#12978 = CARTESIAN_POINT('',(-38.,51.999995402092,70.));
#12979 = VERTEX_POINT('',#12980);
#12980 = CARTESIAN_POINT('',(-38.,141.99999540209,70.));
#12981 = LINE('',#12982,#12983);
#12982 = CARTESIAN_POINT('',(-38.,51.999995402092,70.));
#12983 = VECTOR('',#12984,1.);
#12984 = DIRECTION('',(0.,1.,0.));
#12985 = ORIENTED_EDGE('',*,*,#12986,.F.);
#12986 = EDGE_CURVE('',#12987,#12977,#12989,.T.);
#12987 = VERTEX_POINT('',#12988);
#12988 = CARTESIAN_POINT('',(-43.,46.999995402092,70.));
#12989 = CIRCLE('',#12990,5.);
#12990 = AXIS2_PLACEMENT_3D('',#12991,#12992,#12993);
#12991 = CARTESIAN_POINT('',(-43.,51.999995402092,70.));
#12992 = DIRECTION('',(0.,0.,1.));
#12993 = DIRECTION('',(1.,0.,0.));
#12994 = ORIENTED_EDGE('',*,*,#12995,.F.);
#12995 = EDGE_CURVE('',#12996,#12987,#12998,.T.);
#12996 = VERTEX_POINT('',#12997);
#12997 = CARTESIAN_POINT('',(-63.,46.999995402092,70.));
#12998 = LINE('',#12999,#13000);
#12999 = CARTESIAN_POINT('',(-63.,46.999995402092,70.));
#13000 = VECTOR('',#13001,1.);
#13001 = DIRECTION('',(1.,0.,0.));
#13002 = ORIENTED_EDGE('',*,*,#13003,.F.);
#13003 = EDGE_CURVE('',#13004,#12996,#13006,.T.);
#13004 = VERTEX_POINT('',#13005);
#13005 = CARTESIAN_POINT('',(-68.,51.999995402092,70.));
#13006 = CIRCLE('',#13007,5.);
#13007 = AXIS2_PLACEMENT_3D('',#13008,#13009,#13010);
#13008 = CARTESIAN_POINT('',(-63.,51.999995402092,70.));
#13009 = DIRECTION('',(0.,0.,1.));
#13010 = DIRECTION('',(1.,0.,0.));
#13011 = ORIENTED_EDGE('',*,*,#13012,.F.);
#13012 = EDGE_CURVE('',#13013,#13004,#13015,.T.);
#13013 = VERTEX_POINT('',#13014);
#13014 = CARTESIAN_POINT('',(-68.,141.99999540209,70.));
#13015 = LINE('',#13016,#13017);
#13016 = CARTESIAN_POINT('',(-68.,141.99999540209,70.));
#13017 = VECTOR('',#13018,1.);
#13018 = DIRECTION('',(0.,-1.,0.));
#13019 = ORIENTED_EDGE('',*,*,#13020,.F.);
#13020 = EDGE_CURVE('',#13021,#13013,#13023,.T.);
#13021 = VERTEX_POINT('',#13022);
#13022 = CARTESIAN_POINT('',(-63.,146.99999540209,70.));
#13023 = CIRCLE('',#13024,5.);
#13024 = AXIS2_PLACEMENT_3D('',#13025,#13026,#13027);
#13025 = CARTESIAN_POINT('',(-63.,141.99999540209,70.));
#13026 = DIRECTION('',(0.,0.,1.));
#13027 = DIRECTION('',(1.,0.,0.));
#13028 = ORIENTED_EDGE('',*,*,#13029,.F.);
#13029 = EDGE_CURVE('',#13030,#13021,#13032,.T.);
#13030 = VERTEX_POINT('',#13031);
#13031 = CARTESIAN_POINT('',(-43.,146.99999540209,70.));
#13032 = LINE('',#13033,#13034);
#13033 = CARTESIAN_POINT('',(-43.,146.99999540209,70.));
#13034 = VECTOR('',#13035,1.);
#13035 = DIRECTION('',(-1.,0.,0.));
#13036 = ORIENTED_EDGE('',*,*,#13037,.F.);
#13037 = EDGE_CURVE('',#12979,#13030,#13038,.T.);
#13038 = CIRCLE('',#13039,5.);
#13039 = AXIS2_PLACEMENT_3D('',#13040,#13041,#13042);
#13040 = CARTESIAN_POINT('',(-43.,141.99999540209,70.));
#13041 = DIRECTION('',(0.,0.,1.));
#13042 = DIRECTION('',(1.,0.,0.));
#13043 = FACE_BOUND('',#13044,.T.);
#13044 = EDGE_LOOP('',(#13045,#13055,#13064,#13072,#13081,#13089,#13098,
    #13106));
#13045 = ORIENTED_EDGE('',*,*,#13046,.F.);
#13046 = EDGE_CURVE('',#13047,#13049,#13051,.T.);
#13047 = VERTEX_POINT('',#13048);
#13048 = CARTESIAN_POINT('',(-71.,52.000378191104,70.));
#13049 = VERTEX_POINT('',#13050);
#13050 = CARTESIAN_POINT('',(-71.,142.0003781911,70.));
#13051 = LINE('',#13052,#13053);
#13052 = CARTESIAN_POINT('',(-71.,52.000378191104,70.));
#13053 = VECTOR('',#13054,1.);
#13054 = DIRECTION('',(0.,1.,0.));
#13055 = ORIENTED_EDGE('',*,*,#13056,.F.);
#13056 = EDGE_CURVE('',#13057,#13047,#13059,.T.);
#13057 = VERTEX_POINT('',#13058);
#13058 = CARTESIAN_POINT('',(-76.,47.000378191104,70.));
#13059 = CIRCLE('',#13060,5.);
#13060 = AXIS2_PLACEMENT_3D('',#13061,#13062,#13063);
#13061 = CARTESIAN_POINT('',(-76.,52.000378191104,70.));
#13062 = DIRECTION('',(0.,0.,1.));
#13063 = DIRECTION('',(1.,0.,0.));
#13064 = ORIENTED_EDGE('',*,*,#13065,.F.);
#13065 = EDGE_CURVE('',#13066,#13057,#13068,.T.);
#13066 = VERTEX_POINT('',#13067);
#13067 = CARTESIAN_POINT('',(-96.,47.000378191104,70.));
#13068 = LINE('',#13069,#13070);
#13069 = CARTESIAN_POINT('',(-96.,47.000378191104,70.));
#13070 = VECTOR('',#13071,1.);
#13071 = DIRECTION('',(1.,0.,0.));
#13072 = ORIENTED_EDGE('',*,*,#13073,.F.);
#13073 = EDGE_CURVE('',#13074,#13066,#13076,.T.);
#13074 = VERTEX_POINT('',#13075);
#13075 = CARTESIAN_POINT('',(-101.,52.000378191104,70.));
#13076 = CIRCLE('',#13077,5.);
#13077 = AXIS2_PLACEMENT_3D('',#13078,#13079,#13080);
#13078 = CARTESIAN_POINT('',(-96.,52.000378191104,70.));
#13079 = DIRECTION('',(0.,0.,1.));
#13080 = DIRECTION('',(1.,0.,0.));
#13081 = ORIENTED_EDGE('',*,*,#13082,.F.);
#13082 = EDGE_CURVE('',#13083,#13074,#13085,.T.);
#13083 = VERTEX_POINT('',#13084);
#13084 = CARTESIAN_POINT('',(-101.,142.0003781911,70.));
#13085 = LINE('',#13086,#13087);
#13086 = CARTESIAN_POINT('',(-101.,142.0003781911,70.));
#13087 = VECTOR('',#13088,1.);
#13088 = DIRECTION('',(0.,-1.,0.));
#13089 = ORIENTED_EDGE('',*,*,#13090,.F.);
#13090 = EDGE_CURVE('',#13091,#13083,#13093,.T.);
#13091 = VERTEX_POINT('',#13092);
#13092 = CARTESIAN_POINT('',(-96.,147.0003781911,70.));
#13093 = CIRCLE('',#13094,5.);
#13094 = AXIS2_PLACEMENT_3D('',#13095,#13096,#13097);
#13095 = CARTESIAN_POINT('',(-96.,142.0003781911,70.));
#13096 = DIRECTION('',(0.,0.,1.));
#13097 = DIRECTION('',(1.,0.,0.));
#13098 = ORIENTED_EDGE('',*,*,#13099,.F.);
#13099 = EDGE_CURVE('',#13100,#13091,#13102,.T.);
#13100 = VERTEX_POINT('',#13101);
#13101 = CARTESIAN_POINT('',(-76.,147.0003781911,70.));
#13102 = LINE('',#13103,#13104);
#13103 = CARTESIAN_POINT('',(-76.,147.0003781911,70.));
#13104 = VECTOR('',#13105,1.);
#13105 = DIRECTION('',(-1.,0.,0.));
#13106 = ORIENTED_EDGE('',*,*,#13107,.F.);
#13107 = EDGE_CURVE('',#13049,#13100,#13108,.T.);
#13108 = CIRCLE('',#13109,5.);
#13109 = AXIS2_PLACEMENT_3D('',#13110,#13111,#13112);
#13110 = CARTESIAN_POINT('',(-76.,142.0003781911,70.));
#13111 = DIRECTION('',(0.,0.,1.));
#13112 = DIRECTION('',(1.,0.,0.));
#13113 = PLANE('',#13114);
#13114 = AXIS2_PLACEMENT_3D('',#13115,#13116,#13117);
#13115 = CARTESIAN_POINT('',(-80.43077588085,74.664497447904,70.));
#13116 = DIRECTION('',(0.,0.,1.));
#13117 = DIRECTION('',(1.,0.,0.));
#13118 = ADVANCED_FACE('',(#13119),#13137,.T.);
#13119 = FACE_BOUND('',#13120,.T.);
#13120 = EDGE_LOOP('',(#13121,#13129,#13135,#13136));
#13121 = ORIENTED_EDGE('',*,*,#13122,.F.);
#13122 = EDGE_CURVE('',#13123,#12802,#13125,.T.);
#13123 = VERTEX_POINT('',#13124);
#13124 = CARTESIAN_POINT('',(-3.,147.,0.));
#13125 = LINE('',#13126,#13127);
#13126 = CARTESIAN_POINT('',(-3.,147.,0.));
#13127 = VECTOR('',#13128,1.);
#13128 = DIRECTION('',(-1.,0.,0.));
#13129 = ORIENTED_EDGE('',*,*,#13130,.T.);
#13130 = EDGE_CURVE('',#13123,#12037,#13131,.T.);
#13131 = LINE('',#13132,#13133);
#13132 = CARTESIAN_POINT('',(-3.,147.,0.));
#13133 = VECTOR('',#13134,1.);
#13134 = DIRECTION('',(0.,0.,1.));
#13135 = ORIENTED_EDGE('',*,*,#12036,.F.);
#13136 = ORIENTED_EDGE('',*,*,#12809,.F.);
#13137 = PLANE('',#13138);
#13138 = AXIS2_PLACEMENT_3D('',#13139,#13140,#13141);
#13139 = CARTESIAN_POINT('',(-3.,147.,0.));
#13140 = DIRECTION('',(0.,-1.,0.));
#13141 = DIRECTION('',(-1.,0.,0.));
#13142 = ADVANCED_FACE('',(#13143),#13161,.T.);
#13143 = FACE_BOUND('',#13144,.T.);
#13144 = EDGE_LOOP('',(#13145,#13153,#13159,#13160));
#13145 = ORIENTED_EDGE('',*,*,#13146,.F.);
#13146 = EDGE_CURVE('',#13147,#13123,#13149,.T.);
#13147 = VERTEX_POINT('',#13148);
#13148 = CARTESIAN_POINT('',(-3.,125.306915,0.));
#13149 = LINE('',#13150,#13151);
#13150 = CARTESIAN_POINT('',(-3.,125.306915,0.));
#13151 = VECTOR('',#13152,1.);
#13152 = DIRECTION('',(0.,1.,0.));
#13153 = ORIENTED_EDGE('',*,*,#13154,.T.);
#13154 = EDGE_CURVE('',#13147,#12045,#13155,.T.);
#13155 = LINE('',#13156,#13157);
#13156 = CARTESIAN_POINT('',(-3.,125.306915,0.));
#13157 = VECTOR('',#13158,1.);
#13158 = DIRECTION('',(0.,0.,1.));
#13159 = ORIENTED_EDGE('',*,*,#12044,.F.);
#13160 = ORIENTED_EDGE('',*,*,#13130,.F.);
#13161 = PLANE('',#13162);
#13162 = AXIS2_PLACEMENT_3D('',#13163,#13164,#13165);
#13163 = CARTESIAN_POINT('',(-3.,125.306915,0.));
#13164 = DIRECTION('',(-1.,0.,0.));
#13165 = DIRECTION('',(0.,1.,0.));
#13166 = ADVANCED_FACE('',(#13167),#13178,.F.);
#13167 = FACE_BOUND('',#13168,.F.);
#13168 = EDGE_LOOP('',(#13169,#13175,#13176,#13177));
#13169 = ORIENTED_EDGE('',*,*,#13170,.F.);
#13170 = EDGE_CURVE('',#13147,#12794,#13171,.T.);
#13171 = LINE('',#13172,#13173);
#13172 = CARTESIAN_POINT('',(-3.,125.306915,0.));
#13173 = VECTOR('',#13174,1.);
#13174 = DIRECTION('',(-1.,0.,0.));
#13175 = ORIENTED_EDGE('',*,*,#13154,.T.);
#13176 = ORIENTED_EDGE('',*,*,#12052,.F.);
#13177 = ORIENTED_EDGE('',*,*,#12793,.F.);
#13178 = PLANE('',#13179);
#13179 = AXIS2_PLACEMENT_3D('',#13180,#13181,#13182);
#13180 = CARTESIAN_POINT('',(-3.,125.306915,0.));
#13181 = DIRECTION('',(0.,-1.,0.));
#13182 = DIRECTION('',(-1.,0.,0.));
#13183 = ADVANCED_FACE('',(#13184),#13202,.F.);
#13184 = FACE_BOUND('',#13185,.F.);
#13185 = EDGE_LOOP('',(#13186,#13194,#13195,#13196));
#13186 = ORIENTED_EDGE('',*,*,#13187,.F.);
#13187 = EDGE_CURVE('',#12779,#13188,#13190,.T.);
#13188 = VERTEX_POINT('',#13189);
#13189 = CARTESIAN_POINT('',(-3.,123.306915,0.));
#13190 = LINE('',#13191,#13192);
#13191 = CARTESIAN_POINT('',(-35.,123.306915,0.));
#13192 = VECTOR('',#13193,1.);
#13193 = DIRECTION('',(1.,0.,0.));
#13194 = ORIENTED_EDGE('',*,*,#12786,.T.);
#13195 = ORIENTED_EDGE('',*,*,#12068,.F.);
#13196 = ORIENTED_EDGE('',*,*,#13197,.F.);
#13197 = EDGE_CURVE('',#13188,#12069,#13198,.T.);
#13198 = LINE('',#13199,#13200);
#13199 = CARTESIAN_POINT('',(-3.,123.306915,0.));
#13200 = VECTOR('',#13201,1.);
#13201 = DIRECTION('',(0.,0.,1.));
#13202 = PLANE('',#13203);
#13203 = AXIS2_PLACEMENT_3D('',#13204,#13205,#13206);
#13204 = CARTESIAN_POINT('',(-35.,123.306915,0.));
#13205 = DIRECTION('',(0.,1.,0.));
#13206 = DIRECTION('',(1.,0.,0.));
#13207 = ADVANCED_FACE('',(#13208),#13226,.T.);
#13208 = FACE_BOUND('',#13209,.T.);
#13209 = EDGE_LOOP('',(#13210,#13218,#13224,#13225));
#13210 = ORIENTED_EDGE('',*,*,#13211,.F.);
#13211 = EDGE_CURVE('',#13212,#13188,#13214,.T.);
#13212 = VERTEX_POINT('',#13213);
#13213 = CARTESIAN_POINT('',(-3.,99.934734,0.));
#13214 = LINE('',#13215,#13216);
#13215 = CARTESIAN_POINT('',(-3.,99.934734,0.));
#13216 = VECTOR('',#13217,1.);
#13217 = DIRECTION('',(0.,1.,0.));
#13218 = ORIENTED_EDGE('',*,*,#13219,.T.);
#13219 = EDGE_CURVE('',#13212,#12077,#13220,.T.);
#13220 = LINE('',#13221,#13222);
#13221 = CARTESIAN_POINT('',(-3.,99.934734,0.));
#13222 = VECTOR('',#13223,1.);
#13223 = DIRECTION('',(0.,0.,1.));
#13224 = ORIENTED_EDGE('',*,*,#12076,.F.);
#13225 = ORIENTED_EDGE('',*,*,#13197,.F.);
#13226 = PLANE('',#13227);
#13227 = AXIS2_PLACEMENT_3D('',#13228,#13229,#13230);
#13228 = CARTESIAN_POINT('',(-3.,99.934734,0.));
#13229 = DIRECTION('',(-1.,0.,0.));
#13230 = DIRECTION('',(0.,1.,0.));
#13231 = ADVANCED_FACE('',(#13232),#13243,.F.);
#13232 = FACE_BOUND('',#13233,.F.);
#13233 = EDGE_LOOP('',(#13234,#13240,#13241,#13242));
#13234 = ORIENTED_EDGE('',*,*,#13235,.F.);
#13235 = EDGE_CURVE('',#13212,#12771,#13236,.T.);
#13236 = LINE('',#13237,#13238);
#13237 = CARTESIAN_POINT('',(-3.,99.934734,0.));
#13238 = VECTOR('',#13239,1.);
#13239 = DIRECTION('',(-1.,0.,0.));
#13240 = ORIENTED_EDGE('',*,*,#13219,.T.);
#13241 = ORIENTED_EDGE('',*,*,#12084,.F.);
#13242 = ORIENTED_EDGE('',*,*,#12770,.F.);
#13243 = PLANE('',#13244);
#13244 = AXIS2_PLACEMENT_3D('',#13245,#13246,#13247);
#13245 = CARTESIAN_POINT('',(-3.,99.934734,0.));
#13246 = DIRECTION('',(0.,-1.,0.));
#13247 = DIRECTION('',(-1.,0.,0.));
#13248 = ADVANCED_FACE('',(#13249),#13267,.F.);
#13249 = FACE_BOUND('',#13250,.F.);
#13250 = EDGE_LOOP('',(#13251,#13259,#13260,#13261));
#13251 = ORIENTED_EDGE('',*,*,#13252,.F.);
#13252 = EDGE_CURVE('',#12756,#13253,#13255,.T.);
#13253 = VERTEX_POINT('',#13254);
#13254 = CARTESIAN_POINT('',(-3.,97.934734,0.));
#13255 = LINE('',#13256,#13257);
#13256 = CARTESIAN_POINT('',(-35.,97.934734,0.));
#13257 = VECTOR('',#13258,1.);
#13258 = DIRECTION('',(1.,0.,0.));
#13259 = ORIENTED_EDGE('',*,*,#12763,.T.);
#13260 = ORIENTED_EDGE('',*,*,#12100,.F.);
#13261 = ORIENTED_EDGE('',*,*,#13262,.F.);
#13262 = EDGE_CURVE('',#13253,#12101,#13263,.T.);
#13263 = LINE('',#13264,#13265);
#13264 = CARTESIAN_POINT('',(-3.,97.934734,0.));
#13265 = VECTOR('',#13266,1.);
#13266 = DIRECTION('',(0.,0.,1.));
#13267 = PLANE('',#13268);
#13268 = AXIS2_PLACEMENT_3D('',#13269,#13270,#13271);
#13269 = CARTESIAN_POINT('',(-35.,97.934734,0.));
#13270 = DIRECTION('',(0.,1.,0.));
#13271 = DIRECTION('',(1.,0.,0.));
#13272 = ADVANCED_FACE('',(#13273),#13291,.T.);
#13273 = FACE_BOUND('',#13274,.T.);
#13274 = EDGE_LOOP('',(#13275,#13283,#13289,#13290));
#13275 = ORIENTED_EDGE('',*,*,#13276,.F.);
#13276 = EDGE_CURVE('',#13277,#13253,#13279,.T.);
#13277 = VERTEX_POINT('',#13278);
#13278 = CARTESIAN_POINT('',(-3.,74.562552,0.));
#13279 = LINE('',#13280,#13281);
#13280 = CARTESIAN_POINT('',(-3.,74.562552,0.));
#13281 = VECTOR('',#13282,1.);
#13282 = DIRECTION('',(0.,1.,0.));
#13283 = ORIENTED_EDGE('',*,*,#13284,.T.);
#13284 = EDGE_CURVE('',#13277,#12109,#13285,.T.);
#13285 = LINE('',#13286,#13287);
#13286 = CARTESIAN_POINT('',(-3.,74.562552,0.));
#13287 = VECTOR('',#13288,1.);
#13288 = DIRECTION('',(0.,0.,1.));
#13289 = ORIENTED_EDGE('',*,*,#12108,.F.);
#13290 = ORIENTED_EDGE('',*,*,#13262,.F.);
#13291 = PLANE('',#13292);
#13292 = AXIS2_PLACEMENT_3D('',#13293,#13294,#13295);
#13293 = CARTESIAN_POINT('',(-3.,74.562552,0.));
#13294 = DIRECTION('',(-1.,0.,0.));
#13295 = DIRECTION('',(0.,1.,0.));
#13296 = ADVANCED_FACE('',(#13297),#13308,.F.);
#13297 = FACE_BOUND('',#13298,.F.);
#13298 = EDGE_LOOP('',(#13299,#13305,#13306,#13307));
#13299 = ORIENTED_EDGE('',*,*,#13300,.F.);
#13300 = EDGE_CURVE('',#13277,#12748,#13301,.T.);
#13301 = LINE('',#13302,#13303);
#13302 = CARTESIAN_POINT('',(-3.,74.562552,0.));
#13303 = VECTOR('',#13304,1.);
#13304 = DIRECTION('',(-1.,0.,0.));
#13305 = ORIENTED_EDGE('',*,*,#13284,.T.);
#13306 = ORIENTED_EDGE('',*,*,#12116,.F.);
#13307 = ORIENTED_EDGE('',*,*,#12747,.F.);
#13308 = PLANE('',#13309);
#13309 = AXIS2_PLACEMENT_3D('',#13310,#13311,#13312);
#13310 = CARTESIAN_POINT('',(-3.,74.562552,0.));
#13311 = DIRECTION('',(0.,-1.,0.));
#13312 = DIRECTION('',(-1.,0.,0.));
#13313 = ADVANCED_FACE('',(#13314),#13332,.F.);
#13314 = FACE_BOUND('',#13315,.F.);
#13315 = EDGE_LOOP('',(#13316,#13324,#13325,#13326));
#13316 = ORIENTED_EDGE('',*,*,#13317,.F.);
#13317 = EDGE_CURVE('',#12733,#13318,#13320,.T.);
#13318 = VERTEX_POINT('',#13319);
#13319 = CARTESIAN_POINT('',(-3.,72.562552,0.));
#13320 = LINE('',#13321,#13322);
#13321 = CARTESIAN_POINT('',(-35.,72.562552,0.));
#13322 = VECTOR('',#13323,1.);
#13323 = DIRECTION('',(1.,0.,0.));
#13324 = ORIENTED_EDGE('',*,*,#12740,.T.);
#13325 = ORIENTED_EDGE('',*,*,#12132,.F.);
#13326 = ORIENTED_EDGE('',*,*,#13327,.F.);
#13327 = EDGE_CURVE('',#13318,#12133,#13328,.T.);
#13328 = LINE('',#13329,#13330);
#13329 = CARTESIAN_POINT('',(-3.,72.562552,0.));
#13330 = VECTOR('',#13331,1.);
#13331 = DIRECTION('',(0.,0.,1.));
#13332 = PLANE('',#13333);
#13333 = AXIS2_PLACEMENT_3D('',#13334,#13335,#13336);
#13334 = CARTESIAN_POINT('',(-35.,72.562552,0.));
#13335 = DIRECTION('',(0.,1.,0.));
#13336 = DIRECTION('',(1.,0.,0.));
#13337 = ADVANCED_FACE('',(#13338),#13356,.T.);
#13338 = FACE_BOUND('',#13339,.T.);
#13339 = EDGE_LOOP('',(#13340,#13348,#13354,#13355));
#13340 = ORIENTED_EDGE('',*,*,#13341,.F.);
#13341 = EDGE_CURVE('',#13342,#13318,#13344,.T.);
#13342 = VERTEX_POINT('',#13343);
#13343 = CARTESIAN_POINT('',(-3.,47.,0.));
#13344 = LINE('',#13345,#13346);
#13345 = CARTESIAN_POINT('',(-3.,47.,0.));
#13346 = VECTOR('',#13347,1.);
#13347 = DIRECTION('',(0.,1.,0.));
#13348 = ORIENTED_EDGE('',*,*,#13349,.T.);
#13349 = EDGE_CURVE('',#13342,#12141,#13350,.T.);
#13350 = LINE('',#13351,#13352);
#13351 = CARTESIAN_POINT('',(-3.,47.,0.));
#13352 = VECTOR('',#13353,1.);
#13353 = DIRECTION('',(0.,0.,1.));
#13354 = ORIENTED_EDGE('',*,*,#12140,.F.);
#13355 = ORIENTED_EDGE('',*,*,#13327,.F.);
#13356 = PLANE('',#13357);
#13357 = AXIS2_PLACEMENT_3D('',#13358,#13359,#13360);
#13358 = CARTESIAN_POINT('',(-3.,59.781276,35.));
#13359 = DIRECTION('',(-1.,-0.,-0.));
#13360 = DIRECTION('',(0.,0.,-1.));
#13361 = ADVANCED_FACE('',(#13362),#13373,.T.);
#13362 = FACE_BOUND('',#13363,.T.);
#13363 = EDGE_LOOP('',(#13364,#13370,#13371,#13372));
#13364 = ORIENTED_EDGE('',*,*,#13365,.F.);
#13365 = EDGE_CURVE('',#12725,#13342,#13366,.T.);
#13366 = LINE('',#13367,#13368);
#13367 = CARTESIAN_POINT('',(-35.,47.,0.));
#13368 = VECTOR('',#13369,1.);
#13369 = DIRECTION('',(1.,0.,0.));
#13370 = ORIENTED_EDGE('',*,*,#12724,.T.);
#13371 = ORIENTED_EDGE('',*,*,#12148,.F.);
#13372 = ORIENTED_EDGE('',*,*,#13349,.F.);
#13373 = PLANE('',#13374);
#13374 = AXIS2_PLACEMENT_3D('',#13375,#13376,#13377);
#13375 = CARTESIAN_POINT('',(-35.,47.,0.));
#13376 = DIRECTION('',(0.,1.,0.));
#13377 = DIRECTION('',(1.,0.,0.));
#13378 = ADVANCED_FACE('',(#13379),#13385,.T.);
#13379 = FACE_BOUND('',#13380,.T.);
#13380 = EDGE_LOOP('',(#13381,#13382,#13383,#13384));
#13381 = ORIENTED_EDGE('',*,*,#13317,.F.);
#13382 = ORIENTED_EDGE('',*,*,#12732,.T.);
#13383 = ORIENTED_EDGE('',*,*,#13365,.T.);
#13384 = ORIENTED_EDGE('',*,*,#13341,.T.);
#13385 = PLANE('',#13386);
#13386 = AXIS2_PLACEMENT_3D('',#13387,#13388,#13389);
#13387 = CARTESIAN_POINT('',(-85.,75.,0.));
#13388 = DIRECTION('',(0.,0.,1.));
#13389 = DIRECTION('',(1.,0.,0.));
#13390 = ADVANCED_FACE('',(#13391),#13397,.T.);
#13391 = FACE_BOUND('',#13392,.T.);
#13392 = EDGE_LOOP('',(#13393,#13394,#13395,#13396));
#13393 = ORIENTED_EDGE('',*,*,#13300,.F.);
#13394 = ORIENTED_EDGE('',*,*,#13276,.T.);
#13395 = ORIENTED_EDGE('',*,*,#13252,.F.);
#13396 = ORIENTED_EDGE('',*,*,#12755,.T.);
#13397 = PLANE('',#13398);
#13398 = AXIS2_PLACEMENT_3D('',#13399,#13400,#13401);
#13399 = CARTESIAN_POINT('',(-85.,75.,0.));
#13400 = DIRECTION('',(0.,0.,1.));
#13401 = DIRECTION('',(1.,0.,0.));
#13402 = ADVANCED_FACE('',(#13403),#13409,.T.);
#13403 = FACE_BOUND('',#13404,.T.);
#13404 = EDGE_LOOP('',(#13405,#13406,#13407,#13408));
#13405 = ORIENTED_EDGE('',*,*,#13187,.F.);
#13406 = ORIENTED_EDGE('',*,*,#12778,.T.);
#13407 = ORIENTED_EDGE('',*,*,#13235,.F.);
#13408 = ORIENTED_EDGE('',*,*,#13211,.T.);
#13409 = PLANE('',#13410);
#13410 = AXIS2_PLACEMENT_3D('',#13411,#13412,#13413);
#13411 = CARTESIAN_POINT('',(-85.,75.,0.));
#13412 = DIRECTION('',(0.,0.,1.));
#13413 = DIRECTION('',(1.,0.,0.));
#13414 = ADVANCED_FACE('',(#13415),#13421,.T.);
#13415 = FACE_BOUND('',#13416,.T.);
#13416 = EDGE_LOOP('',(#13417,#13418,#13419,#13420));
#13417 = ORIENTED_EDGE('',*,*,#13122,.T.);
#13418 = ORIENTED_EDGE('',*,*,#12801,.T.);
#13419 = ORIENTED_EDGE('',*,*,#13170,.F.);
#13420 = ORIENTED_EDGE('',*,*,#13146,.T.);
#13421 = PLANE('',#13422);
#13422 = AXIS2_PLACEMENT_3D('',#13423,#13424,#13425);
#13423 = CARTESIAN_POINT('',(-85.,75.,0.));
#13424 = DIRECTION('',(0.,0.,1.));
#13425 = DIRECTION('',(1.,0.,0.));
#13426 = ADVANCED_FACE('',(#13427),#13452,.T.);
#13427 = FACE_BOUND('',#13428,.T.);
#13428 = EDGE_LOOP('',(#13429,#13437,#13438,#13446));
#13429 = ORIENTED_EDGE('',*,*,#13430,.T.);
#13430 = EDGE_CURVE('',#13431,#12837,#13433,.T.);
#13431 = VERTEX_POINT('',#13432);
#13432 = CARTESIAN_POINT('',(-137.,52.,0.));
#13433 = LINE('',#13434,#13435);
#13434 = CARTESIAN_POINT('',(-137.,52.,0.));
#13435 = VECTOR('',#13436,1.);
#13436 = DIRECTION('',(0.,0.,1.));
#13437 = ORIENTED_EDGE('',*,*,#12836,.T.);
#13438 = ORIENTED_EDGE('',*,*,#13439,.F.);
#13439 = EDGE_CURVE('',#13440,#12839,#13442,.T.);
#13440 = VERTEX_POINT('',#13441);
#13441 = CARTESIAN_POINT('',(-137.,142.,0.));
#13442 = LINE('',#13443,#13444);
#13443 = CARTESIAN_POINT('',(-137.,142.,0.));
#13444 = VECTOR('',#13445,1.);
#13445 = DIRECTION('',(0.,0.,1.));
#13446 = ORIENTED_EDGE('',*,*,#13447,.F.);
#13447 = EDGE_CURVE('',#13431,#13440,#13448,.T.);
#13448 = LINE('',#13449,#13450);
#13449 = CARTESIAN_POINT('',(-137.,52.,0.));
#13450 = VECTOR('',#13451,1.);
#13451 = DIRECTION('',(0.,1.,0.));
#13452 = PLANE('',#13453);
#13453 = AXIS2_PLACEMENT_3D('',#13454,#13455,#13456);
#13454 = CARTESIAN_POINT('',(-137.,52.,0.));
#13455 = DIRECTION('',(-1.,0.,0.));
#13456 = DIRECTION('',(0.,1.,0.));
#13457 = ADVANCED_FACE('',(#13458),#13477,.F.);
#13458 = FACE_BOUND('',#13459,.T.);
#13459 = EDGE_LOOP('',(#13460,#13468,#13469,#13470));
#13460 = ORIENTED_EDGE('',*,*,#13461,.T.);
#13461 = EDGE_CURVE('',#13462,#12847,#13464,.T.);
#13462 = VERTEX_POINT('',#13463);
#13463 = CARTESIAN_POINT('',(-142.,47.,0.));
#13464 = LINE('',#13465,#13466);
#13465 = CARTESIAN_POINT('',(-142.,47.,0.));
#13466 = VECTOR('',#13467,1.);
#13467 = DIRECTION('',(0.,0.,1.));
#13468 = ORIENTED_EDGE('',*,*,#12846,.T.);
#13469 = ORIENTED_EDGE('',*,*,#13430,.F.);
#13470 = ORIENTED_EDGE('',*,*,#13471,.F.);
#13471 = EDGE_CURVE('',#13462,#13431,#13472,.T.);
#13472 = CIRCLE('',#13473,5.);
#13473 = AXIS2_PLACEMENT_3D('',#13474,#13475,#13476);
#13474 = CARTESIAN_POINT('',(-142.,52.,0.));
#13475 = DIRECTION('',(0.,0.,1.));
#13476 = DIRECTION('',(1.,0.,0.));
#13477 = CYLINDRICAL_SURFACE('',#13478,5.);
#13478 = AXIS2_PLACEMENT_3D('',#13479,#13480,#13481);
#13479 = CARTESIAN_POINT('',(-142.,52.,0.));
#13480 = DIRECTION('',(-0.,-0.,-1.));
#13481 = DIRECTION('',(1.,0.,0.));
#13482 = ADVANCED_FACE('',(#13483),#13502,.F.);
#13483 = FACE_BOUND('',#13484,.T.);
#13484 = EDGE_LOOP('',(#13485,#13486,#13487,#13495));
#13485 = ORIENTED_EDGE('',*,*,#13439,.T.);
#13486 = ORIENTED_EDGE('',*,*,#12897,.T.);
#13487 = ORIENTED_EDGE('',*,*,#13488,.F.);
#13488 = EDGE_CURVE('',#13489,#12890,#13491,.T.);
#13489 = VERTEX_POINT('',#13490);
#13490 = CARTESIAN_POINT('',(-142.,147.,0.));
#13491 = LINE('',#13492,#13493);
#13492 = CARTESIAN_POINT('',(-142.,147.,0.));
#13493 = VECTOR('',#13494,1.);
#13494 = DIRECTION('',(0.,0.,1.));
#13495 = ORIENTED_EDGE('',*,*,#13496,.F.);
#13496 = EDGE_CURVE('',#13440,#13489,#13497,.T.);
#13497 = CIRCLE('',#13498,5.);
#13498 = AXIS2_PLACEMENT_3D('',#13499,#13500,#13501);
#13499 = CARTESIAN_POINT('',(-142.,142.,0.));
#13500 = DIRECTION('',(0.,0.,1.));
#13501 = DIRECTION('',(1.,0.,0.));
#13502 = CYLINDRICAL_SURFACE('',#13503,5.);
#13503 = AXIS2_PLACEMENT_3D('',#13504,#13505,#13506);
#13504 = CARTESIAN_POINT('',(-142.,142.,0.));
#13505 = DIRECTION('',(-0.,-0.,-1.));
#13506 = DIRECTION('',(1.,0.,0.));
#13507 = ADVANCED_FACE('',(#13508),#13526,.T.);
#13508 = FACE_BOUND('',#13509,.T.);
#13509 = EDGE_LOOP('',(#13510,#13518,#13519,#13520));
#13510 = ORIENTED_EDGE('',*,*,#13511,.T.);
#13511 = EDGE_CURVE('',#13512,#12856,#13514,.T.);
#13512 = VERTEX_POINT('',#13513);
#13513 = CARTESIAN_POINT('',(-162.,47.,0.));
#13514 = LINE('',#13515,#13516);
#13515 = CARTESIAN_POINT('',(-162.,47.,0.));
#13516 = VECTOR('',#13517,1.);
#13517 = DIRECTION('',(0.,0.,1.));
#13518 = ORIENTED_EDGE('',*,*,#12855,.T.);
#13519 = ORIENTED_EDGE('',*,*,#13461,.F.);
#13520 = ORIENTED_EDGE('',*,*,#13521,.F.);
#13521 = EDGE_CURVE('',#13512,#13462,#13522,.T.);
#13522 = LINE('',#13523,#13524);
#13523 = CARTESIAN_POINT('',(-162.,47.,0.));
#13524 = VECTOR('',#13525,1.);
#13525 = DIRECTION('',(1.,0.,0.));
#13526 = PLANE('',#13527);
#13527 = AXIS2_PLACEMENT_3D('',#13528,#13529,#13530);
#13528 = CARTESIAN_POINT('',(-162.,47.,0.));
#13529 = DIRECTION('',(0.,1.,0.));
#13530 = DIRECTION('',(1.,0.,0.));
#13531 = ADVANCED_FACE('',(#13532),#13550,.T.);
#13532 = FACE_BOUND('',#13533,.T.);
#13533 = EDGE_LOOP('',(#13534,#13535,#13536,#13544));
#13534 = ORIENTED_EDGE('',*,*,#13488,.T.);
#13535 = ORIENTED_EDGE('',*,*,#12889,.T.);
#13536 = ORIENTED_EDGE('',*,*,#13537,.F.);
#13537 = EDGE_CURVE('',#13538,#12881,#13540,.T.);
#13538 = VERTEX_POINT('',#13539);
#13539 = CARTESIAN_POINT('',(-162.,147.,0.));
#13540 = LINE('',#13541,#13542);
#13541 = CARTESIAN_POINT('',(-162.,147.,0.));
#13542 = VECTOR('',#13543,1.);
#13543 = DIRECTION('',(0.,0.,1.));
#13544 = ORIENTED_EDGE('',*,*,#13545,.F.);
#13545 = EDGE_CURVE('',#13489,#13538,#13546,.T.);
#13546 = LINE('',#13547,#13548);
#13547 = CARTESIAN_POINT('',(-142.,147.,0.));
#13548 = VECTOR('',#13549,1.);
#13549 = DIRECTION('',(-1.,0.,0.));
#13550 = PLANE('',#13551);
#13551 = AXIS2_PLACEMENT_3D('',#13552,#13553,#13554);
#13552 = CARTESIAN_POINT('',(-142.,147.,0.));
#13553 = DIRECTION('',(0.,-1.,0.));
#13554 = DIRECTION('',(-1.,0.,0.));
#13555 = ADVANCED_FACE('',(#13556),#13575,.F.);
#13556 = FACE_BOUND('',#13557,.T.);
#13557 = EDGE_LOOP('',(#13558,#13566,#13567,#13568));
#13558 = ORIENTED_EDGE('',*,*,#13559,.T.);
#13559 = EDGE_CURVE('',#13560,#12864,#13562,.T.);
#13560 = VERTEX_POINT('',#13561);
#13561 = CARTESIAN_POINT('',(-167.,52.,0.));
#13562 = LINE('',#13563,#13564);
#13563 = CARTESIAN_POINT('',(-167.,52.,0.));
#13564 = VECTOR('',#13565,1.);
#13565 = DIRECTION('',(0.,0.,1.));
#13566 = ORIENTED_EDGE('',*,*,#12863,.T.);
#13567 = ORIENTED_EDGE('',*,*,#13511,.F.);
#13568 = ORIENTED_EDGE('',*,*,#13569,.F.);
#13569 = EDGE_CURVE('',#13560,#13512,#13570,.T.);
#13570 = CIRCLE('',#13571,5.);
#13571 = AXIS2_PLACEMENT_3D('',#13572,#13573,#13574);
#13572 = CARTESIAN_POINT('',(-162.,52.,0.));
#13573 = DIRECTION('',(0.,0.,1.));
#13574 = DIRECTION('',(1.,0.,0.));
#13575 = CYLINDRICAL_SURFACE('',#13576,5.);
#13576 = AXIS2_PLACEMENT_3D('',#13577,#13578,#13579);
#13577 = CARTESIAN_POINT('',(-162.,52.,0.));
#13578 = DIRECTION('',(-0.,-0.,-1.));
#13579 = DIRECTION('',(1.,0.,0.));
#13580 = ADVANCED_FACE('',(#13581),#13600,.F.);
#13581 = FACE_BOUND('',#13582,.T.);
#13582 = EDGE_LOOP('',(#13583,#13584,#13585,#13593));
#13583 = ORIENTED_EDGE('',*,*,#13537,.T.);
#13584 = ORIENTED_EDGE('',*,*,#12880,.T.);
#13585 = ORIENTED_EDGE('',*,*,#13586,.F.);
#13586 = EDGE_CURVE('',#13587,#12873,#13589,.T.);
#13587 = VERTEX_POINT('',#13588);
#13588 = CARTESIAN_POINT('',(-167.,142.,0.));
#13589 = LINE('',#13590,#13591);
#13590 = CARTESIAN_POINT('',(-167.,142.,0.));
#13591 = VECTOR('',#13592,1.);
#13592 = DIRECTION('',(0.,0.,1.));
#13593 = ORIENTED_EDGE('',*,*,#13594,.F.);
#13594 = EDGE_CURVE('',#13538,#13587,#13595,.T.);
#13595 = CIRCLE('',#13596,5.);
#13596 = AXIS2_PLACEMENT_3D('',#13597,#13598,#13599);
#13597 = CARTESIAN_POINT('',(-162.,142.,0.));
#13598 = DIRECTION('',(0.,0.,1.));
#13599 = DIRECTION('',(1.,0.,0.));
#13600 = CYLINDRICAL_SURFACE('',#13601,5.);
#13601 = AXIS2_PLACEMENT_3D('',#13602,#13603,#13604);
#13602 = CARTESIAN_POINT('',(-162.,142.,0.));
#13603 = DIRECTION('',(-0.,-0.,-1.));
#13604 = DIRECTION('',(1.,0.,0.));
#13605 = ADVANCED_FACE('',(#13606),#13617,.T.);
#13606 = FACE_BOUND('',#13607,.T.);
#13607 = EDGE_LOOP('',(#13608,#13609,#13610,#13611));
#13608 = ORIENTED_EDGE('',*,*,#13586,.T.);
#13609 = ORIENTED_EDGE('',*,*,#12872,.T.);
#13610 = ORIENTED_EDGE('',*,*,#13559,.F.);
#13611 = ORIENTED_EDGE('',*,*,#13612,.F.);
#13612 = EDGE_CURVE('',#13587,#13560,#13613,.T.);
#13613 = LINE('',#13614,#13615);
#13614 = CARTESIAN_POINT('',(-167.,142.,0.));
#13615 = VECTOR('',#13616,1.);
#13616 = DIRECTION('',(0.,-1.,0.));
#13617 = PLANE('',#13618);
#13618 = AXIS2_PLACEMENT_3D('',#13619,#13620,#13621);
#13619 = CARTESIAN_POINT('',(-167.,142.,0.));
#13620 = DIRECTION('',(1.,0.,0.));
#13621 = DIRECTION('',(0.,-1.,0.));
#13622 = ADVANCED_FACE('',(#13623),#13648,.T.);
#13623 = FACE_BOUND('',#13624,.T.);
#13624 = EDGE_LOOP('',(#13625,#13633,#13634,#13642));
#13625 = ORIENTED_EDGE('',*,*,#13626,.T.);
#13626 = EDGE_CURVE('',#13627,#12907,#13629,.T.);
#13627 = VERTEX_POINT('',#13628);
#13628 = CARTESIAN_POINT('',(-104.,51.999998464102,0.));
#13629 = LINE('',#13630,#13631);
#13630 = CARTESIAN_POINT('',(-104.,51.999998464102,0.));
#13631 = VECTOR('',#13632,1.);
#13632 = DIRECTION('',(0.,0.,1.));
#13633 = ORIENTED_EDGE('',*,*,#12906,.T.);
#13634 = ORIENTED_EDGE('',*,*,#13635,.F.);
#13635 = EDGE_CURVE('',#13636,#12909,#13638,.T.);
#13636 = VERTEX_POINT('',#13637);
#13637 = CARTESIAN_POINT('',(-104.,141.9999984641,0.));
#13638 = LINE('',#13639,#13640);
#13639 = CARTESIAN_POINT('',(-104.,141.9999984641,0.));
#13640 = VECTOR('',#13641,1.);
#13641 = DIRECTION('',(0.,0.,1.));
#13642 = ORIENTED_EDGE('',*,*,#13643,.F.);
#13643 = EDGE_CURVE('',#13627,#13636,#13644,.T.);
#13644 = LINE('',#13645,#13646);
#13645 = CARTESIAN_POINT('',(-104.,51.999998464102,0.));
#13646 = VECTOR('',#13647,1.);
#13647 = DIRECTION('',(0.,1.,0.));
#13648 = PLANE('',#13649);
#13649 = AXIS2_PLACEMENT_3D('',#13650,#13651,#13652);
#13650 = CARTESIAN_POINT('',(-104.,51.999998464102,0.));
#13651 = DIRECTION('',(-1.,0.,0.));
#13652 = DIRECTION('',(0.,1.,0.));
#13653 = ADVANCED_FACE('',(#13654),#13673,.F.);
#13654 = FACE_BOUND('',#13655,.T.);
#13655 = EDGE_LOOP('',(#13656,#13664,#13665,#13666));
#13656 = ORIENTED_EDGE('',*,*,#13657,.T.);
#13657 = EDGE_CURVE('',#13658,#12917,#13660,.T.);
#13658 = VERTEX_POINT('',#13659);
#13659 = CARTESIAN_POINT('',(-109.,46.999998464102,0.));
#13660 = LINE('',#13661,#13662);
#13661 = CARTESIAN_POINT('',(-109.,46.999998464102,0.));
#13662 = VECTOR('',#13663,1.);
#13663 = DIRECTION('',(0.,0.,1.));
#13664 = ORIENTED_EDGE('',*,*,#12916,.T.);
#13665 = ORIENTED_EDGE('',*,*,#13626,.F.);
#13666 = ORIENTED_EDGE('',*,*,#13667,.F.);
#13667 = EDGE_CURVE('',#13658,#13627,#13668,.T.);
#13668 = CIRCLE('',#13669,5.);
#13669 = AXIS2_PLACEMENT_3D('',#13670,#13671,#13672);
#13670 = CARTESIAN_POINT('',(-109.,51.999998464102,0.));
#13671 = DIRECTION('',(0.,0.,1.));
#13672 = DIRECTION('',(1.,0.,0.));
#13673 = CYLINDRICAL_SURFACE('',#13674,5.);
#13674 = AXIS2_PLACEMENT_3D('',#13675,#13676,#13677);
#13675 = CARTESIAN_POINT('',(-109.,51.999998464102,0.));
#13676 = DIRECTION('',(-0.,-0.,-1.));
#13677 = DIRECTION('',(1.,0.,0.));
#13678 = ADVANCED_FACE('',(#13679),#13698,.F.);
#13679 = FACE_BOUND('',#13680,.T.);
#13680 = EDGE_LOOP('',(#13681,#13682,#13683,#13691));
#13681 = ORIENTED_EDGE('',*,*,#13635,.T.);
#13682 = ORIENTED_EDGE('',*,*,#12967,.T.);
#13683 = ORIENTED_EDGE('',*,*,#13684,.F.);
#13684 = EDGE_CURVE('',#13685,#12960,#13687,.T.);
#13685 = VERTEX_POINT('',#13686);
#13686 = CARTESIAN_POINT('',(-109.,146.9999984641,0.));
#13687 = LINE('',#13688,#13689);
#13688 = CARTESIAN_POINT('',(-109.,146.9999984641,0.));
#13689 = VECTOR('',#13690,1.);
#13690 = DIRECTION('',(0.,0.,1.));
#13691 = ORIENTED_EDGE('',*,*,#13692,.F.);
#13692 = EDGE_CURVE('',#13636,#13685,#13693,.T.);
#13693 = CIRCLE('',#13694,5.);
#13694 = AXIS2_PLACEMENT_3D('',#13695,#13696,#13697);
#13695 = CARTESIAN_POINT('',(-109.,141.9999984641,0.));
#13696 = DIRECTION('',(0.,0.,1.));
#13697 = DIRECTION('',(1.,0.,0.));
#13698 = CYLINDRICAL_SURFACE('',#13699,5.);
#13699 = AXIS2_PLACEMENT_3D('',#13700,#13701,#13702);
#13700 = CARTESIAN_POINT('',(-109.,141.9999984641,0.));
#13701 = DIRECTION('',(-0.,-0.,-1.));
#13702 = DIRECTION('',(1.,0.,0.));
#13703 = ADVANCED_FACE('',(#13704),#13722,.T.);
#13704 = FACE_BOUND('',#13705,.T.);
#13705 = EDGE_LOOP('',(#13706,#13714,#13715,#13716));
#13706 = ORIENTED_EDGE('',*,*,#13707,.T.);
#13707 = EDGE_CURVE('',#13708,#12926,#13710,.T.);
#13708 = VERTEX_POINT('',#13709);
#13709 = CARTESIAN_POINT('',(-129.,46.999998464102,0.));
#13710 = LINE('',#13711,#13712);
#13711 = CARTESIAN_POINT('',(-129.,46.999998464102,0.));
#13712 = VECTOR('',#13713,1.);
#13713 = DIRECTION('',(0.,0.,1.));
#13714 = ORIENTED_EDGE('',*,*,#12925,.T.);
#13715 = ORIENTED_EDGE('',*,*,#13657,.F.);
#13716 = ORIENTED_EDGE('',*,*,#13717,.F.);
#13717 = EDGE_CURVE('',#13708,#13658,#13718,.T.);
#13718 = LINE('',#13719,#13720);
#13719 = CARTESIAN_POINT('',(-129.,46.999998464102,0.));
#13720 = VECTOR('',#13721,1.);
#13721 = DIRECTION('',(1.,0.,0.));
#13722 = PLANE('',#13723);
#13723 = AXIS2_PLACEMENT_3D('',#13724,#13725,#13726);
#13724 = CARTESIAN_POINT('',(-129.,46.999998464102,0.));
#13725 = DIRECTION('',(0.,1.,0.));
#13726 = DIRECTION('',(1.,0.,0.));
#13727 = ADVANCED_FACE('',(#13728),#13746,.T.);
#13728 = FACE_BOUND('',#13729,.T.);
#13729 = EDGE_LOOP('',(#13730,#13731,#13732,#13740));
#13730 = ORIENTED_EDGE('',*,*,#13684,.T.);
#13731 = ORIENTED_EDGE('',*,*,#12959,.T.);
#13732 = ORIENTED_EDGE('',*,*,#13733,.F.);
#13733 = EDGE_CURVE('',#13734,#12951,#13736,.T.);
#13734 = VERTEX_POINT('',#13735);
#13735 = CARTESIAN_POINT('',(-129.,146.9999984641,0.));
#13736 = LINE('',#13737,#13738);
#13737 = CARTESIAN_POINT('',(-129.,146.9999984641,0.));
#13738 = VECTOR('',#13739,1.);
#13739 = DIRECTION('',(0.,0.,1.));
#13740 = ORIENTED_EDGE('',*,*,#13741,.F.);
#13741 = EDGE_CURVE('',#13685,#13734,#13742,.T.);
#13742 = LINE('',#13743,#13744);
#13743 = CARTESIAN_POINT('',(-109.,146.9999984641,0.));
#13744 = VECTOR('',#13745,1.);
#13745 = DIRECTION('',(-1.,0.,0.));
#13746 = PLANE('',#13747);
#13747 = AXIS2_PLACEMENT_3D('',#13748,#13749,#13750);
#13748 = CARTESIAN_POINT('',(-109.,146.9999984641,0.));
#13749 = DIRECTION('',(0.,-1.,0.));
#13750 = DIRECTION('',(-1.,0.,0.));
#13751 = ADVANCED_FACE('',(#13752),#13771,.F.);
#13752 = FACE_BOUND('',#13753,.T.);
#13753 = EDGE_LOOP('',(#13754,#13762,#13763,#13764));
#13754 = ORIENTED_EDGE('',*,*,#13755,.T.);
#13755 = EDGE_CURVE('',#13756,#12934,#13758,.T.);
#13756 = VERTEX_POINT('',#13757);
#13757 = CARTESIAN_POINT('',(-134.,51.999998464102,0.));
#13758 = LINE('',#13759,#13760);
#13759 = CARTESIAN_POINT('',(-134.,51.999998464102,0.));
#13760 = VECTOR('',#13761,1.);
#13761 = DIRECTION('',(0.,0.,1.));
#13762 = ORIENTED_EDGE('',*,*,#12933,.T.);
#13763 = ORIENTED_EDGE('',*,*,#13707,.F.);
#13764 = ORIENTED_EDGE('',*,*,#13765,.F.);
#13765 = EDGE_CURVE('',#13756,#13708,#13766,.T.);
#13766 = CIRCLE('',#13767,5.);
#13767 = AXIS2_PLACEMENT_3D('',#13768,#13769,#13770);
#13768 = CARTESIAN_POINT('',(-129.,51.999998464102,0.));
#13769 = DIRECTION('',(0.,0.,1.));
#13770 = DIRECTION('',(1.,0.,0.));
#13771 = CYLINDRICAL_SURFACE('',#13772,5.);
#13772 = AXIS2_PLACEMENT_3D('',#13773,#13774,#13775);
#13773 = CARTESIAN_POINT('',(-129.,51.999998464102,0.));
#13774 = DIRECTION('',(-0.,-0.,-1.));
#13775 = DIRECTION('',(1.,0.,0.));
#13776 = ADVANCED_FACE('',(#13777),#13796,.F.);
#13777 = FACE_BOUND('',#13778,.T.);
#13778 = EDGE_LOOP('',(#13779,#13780,#13781,#13789));
#13779 = ORIENTED_EDGE('',*,*,#13733,.T.);
#13780 = ORIENTED_EDGE('',*,*,#12950,.T.);
#13781 = ORIENTED_EDGE('',*,*,#13782,.F.);
#13782 = EDGE_CURVE('',#13783,#12943,#13785,.T.);
#13783 = VERTEX_POINT('',#13784);
#13784 = CARTESIAN_POINT('',(-134.,141.9999984641,0.));
#13785 = LINE('',#13786,#13787);
#13786 = CARTESIAN_POINT('',(-134.,141.9999984641,0.));
#13787 = VECTOR('',#13788,1.);
#13788 = DIRECTION('',(0.,0.,1.));
#13789 = ORIENTED_EDGE('',*,*,#13790,.F.);
#13790 = EDGE_CURVE('',#13734,#13783,#13791,.T.);
#13791 = CIRCLE('',#13792,5.);
#13792 = AXIS2_PLACEMENT_3D('',#13793,#13794,#13795);
#13793 = CARTESIAN_POINT('',(-129.,141.9999984641,0.));
#13794 = DIRECTION('',(0.,0.,1.));
#13795 = DIRECTION('',(1.,0.,0.));
#13796 = CYLINDRICAL_SURFACE('',#13797,5.);
#13797 = AXIS2_PLACEMENT_3D('',#13798,#13799,#13800);
#13798 = CARTESIAN_POINT('',(-129.,141.9999984641,0.));
#13799 = DIRECTION('',(-0.,-0.,-1.));
#13800 = DIRECTION('',(1.,0.,0.));
#13801 = ADVANCED_FACE('',(#13802),#13813,.T.);
#13802 = FACE_BOUND('',#13803,.T.);
#13803 = EDGE_LOOP('',(#13804,#13805,#13806,#13807));
#13804 = ORIENTED_EDGE('',*,*,#13782,.T.);
#13805 = ORIENTED_EDGE('',*,*,#12942,.T.);
#13806 = ORIENTED_EDGE('',*,*,#13755,.F.);
#13807 = ORIENTED_EDGE('',*,*,#13808,.F.);
#13808 = EDGE_CURVE('',#13783,#13756,#13809,.T.);
#13809 = LINE('',#13810,#13811);
#13810 = CARTESIAN_POINT('',(-134.,141.9999984641,0.));
#13811 = VECTOR('',#13812,1.);
#13812 = DIRECTION('',(0.,-1.,0.));
#13813 = PLANE('',#13814);
#13814 = AXIS2_PLACEMENT_3D('',#13815,#13816,#13817);
#13815 = CARTESIAN_POINT('',(-134.,141.9999984641,0.));
#13816 = DIRECTION('',(1.,0.,0.));
#13817 = DIRECTION('',(0.,-1.,0.));
#13818 = ADVANCED_FACE('',(#13819),#13844,.T.);
#13819 = FACE_BOUND('',#13820,.T.);
#13820 = EDGE_LOOP('',(#13821,#13829,#13830,#13838));
#13821 = ORIENTED_EDGE('',*,*,#13822,.T.);
#13822 = EDGE_CURVE('',#13823,#12977,#13825,.T.);
#13823 = VERTEX_POINT('',#13824);
#13824 = CARTESIAN_POINT('',(-38.,51.999995402092,0.));
#13825 = LINE('',#13826,#13827);
#13826 = CARTESIAN_POINT('',(-38.,51.999995402092,0.));
#13827 = VECTOR('',#13828,1.);
#13828 = DIRECTION('',(0.,0.,1.));
#13829 = ORIENTED_EDGE('',*,*,#12976,.T.);
#13830 = ORIENTED_EDGE('',*,*,#13831,.F.);
#13831 = EDGE_CURVE('',#13832,#12979,#13834,.T.);
#13832 = VERTEX_POINT('',#13833);
#13833 = CARTESIAN_POINT('',(-38.,141.99999540209,0.));
#13834 = LINE('',#13835,#13836);
#13835 = CARTESIAN_POINT('',(-38.,141.99999540209,0.));
#13836 = VECTOR('',#13837,1.);
#13837 = DIRECTION('',(0.,0.,1.));
#13838 = ORIENTED_EDGE('',*,*,#13839,.F.);
#13839 = EDGE_CURVE('',#13823,#13832,#13840,.T.);
#13840 = LINE('',#13841,#13842);
#13841 = CARTESIAN_POINT('',(-38.,51.999995402092,0.));
#13842 = VECTOR('',#13843,1.);
#13843 = DIRECTION('',(0.,1.,0.));
#13844 = PLANE('',#13845);
#13845 = AXIS2_PLACEMENT_3D('',#13846,#13847,#13848);
#13846 = CARTESIAN_POINT('',(-38.,51.999995402092,0.));
#13847 = DIRECTION('',(-1.,0.,0.));
#13848 = DIRECTION('',(0.,1.,0.));
#13849 = ADVANCED_FACE('',(#13850),#13869,.F.);
#13850 = FACE_BOUND('',#13851,.T.);
#13851 = EDGE_LOOP('',(#13852,#13860,#13861,#13862));
#13852 = ORIENTED_EDGE('',*,*,#13853,.T.);
#13853 = EDGE_CURVE('',#13854,#12987,#13856,.T.);
#13854 = VERTEX_POINT('',#13855);
#13855 = CARTESIAN_POINT('',(-43.,46.999995402092,0.));
#13856 = LINE('',#13857,#13858);
#13857 = CARTESIAN_POINT('',(-43.,46.999995402092,0.));
#13858 = VECTOR('',#13859,1.);
#13859 = DIRECTION('',(0.,0.,1.));
#13860 = ORIENTED_EDGE('',*,*,#12986,.T.);
#13861 = ORIENTED_EDGE('',*,*,#13822,.F.);
#13862 = ORIENTED_EDGE('',*,*,#13863,.F.);
#13863 = EDGE_CURVE('',#13854,#13823,#13864,.T.);
#13864 = CIRCLE('',#13865,5.);
#13865 = AXIS2_PLACEMENT_3D('',#13866,#13867,#13868);
#13866 = CARTESIAN_POINT('',(-43.,51.999995402092,0.));
#13867 = DIRECTION('',(0.,0.,1.));
#13868 = DIRECTION('',(1.,0.,0.));
#13869 = CYLINDRICAL_SURFACE('',#13870,5.);
#13870 = AXIS2_PLACEMENT_3D('',#13871,#13872,#13873);
#13871 = CARTESIAN_POINT('',(-43.,51.999995402092,0.));
#13872 = DIRECTION('',(-0.,-0.,-1.));
#13873 = DIRECTION('',(1.,0.,0.));
#13874 = ADVANCED_FACE('',(#13875),#13894,.F.);
#13875 = FACE_BOUND('',#13876,.T.);
#13876 = EDGE_LOOP('',(#13877,#13878,#13879,#13887));
#13877 = ORIENTED_EDGE('',*,*,#13831,.T.);
#13878 = ORIENTED_EDGE('',*,*,#13037,.T.);
#13879 = ORIENTED_EDGE('',*,*,#13880,.F.);
#13880 = EDGE_CURVE('',#13881,#13030,#13883,.T.);
#13881 = VERTEX_POINT('',#13882);
#13882 = CARTESIAN_POINT('',(-43.,146.99999540209,0.));
#13883 = LINE('',#13884,#13885);
#13884 = CARTESIAN_POINT('',(-43.,146.99999540209,0.));
#13885 = VECTOR('',#13886,1.);
#13886 = DIRECTION('',(0.,0.,1.));
#13887 = ORIENTED_EDGE('',*,*,#13888,.F.);
#13888 = EDGE_CURVE('',#13832,#13881,#13889,.T.);
#13889 = CIRCLE('',#13890,5.);
#13890 = AXIS2_PLACEMENT_3D('',#13891,#13892,#13893);
#13891 = CARTESIAN_POINT('',(-43.,141.99999540209,0.));
#13892 = DIRECTION('',(0.,0.,1.));
#13893 = DIRECTION('',(1.,0.,0.));
#13894 = CYLINDRICAL_SURFACE('',#13895,5.);
#13895 = AXIS2_PLACEMENT_3D('',#13896,#13897,#13898);
#13896 = CARTESIAN_POINT('',(-43.,141.99999540209,0.));
#13897 = DIRECTION('',(-0.,-0.,-1.));
#13898 = DIRECTION('',(1.,0.,0.));
#13899 = ADVANCED_FACE('',(#13900),#13918,.T.);
#13900 = FACE_BOUND('',#13901,.T.);
#13901 = EDGE_LOOP('',(#13902,#13910,#13911,#13912));
#13902 = ORIENTED_EDGE('',*,*,#13903,.T.);
#13903 = EDGE_CURVE('',#13904,#12996,#13906,.T.);
#13904 = VERTEX_POINT('',#13905);
#13905 = CARTESIAN_POINT('',(-63.,46.999995402092,0.));
#13906 = LINE('',#13907,#13908);
#13907 = CARTESIAN_POINT('',(-63.,46.999995402092,0.));
#13908 = VECTOR('',#13909,1.);
#13909 = DIRECTION('',(0.,0.,1.));
#13910 = ORIENTED_EDGE('',*,*,#12995,.T.);
#13911 = ORIENTED_EDGE('',*,*,#13853,.F.);
#13912 = ORIENTED_EDGE('',*,*,#13913,.F.);
#13913 = EDGE_CURVE('',#13904,#13854,#13914,.T.);
#13914 = LINE('',#13915,#13916);
#13915 = CARTESIAN_POINT('',(-63.,46.999995402092,0.));
#13916 = VECTOR('',#13917,1.);
#13917 = DIRECTION('',(1.,0.,0.));
#13918 = PLANE('',#13919);
#13919 = AXIS2_PLACEMENT_3D('',#13920,#13921,#13922);
#13920 = CARTESIAN_POINT('',(-63.,46.999995402092,0.));
#13921 = DIRECTION('',(0.,1.,0.));
#13922 = DIRECTION('',(1.,0.,0.));
#13923 = ADVANCED_FACE('',(#13924),#13942,.T.);
#13924 = FACE_BOUND('',#13925,.T.);
#13925 = EDGE_LOOP('',(#13926,#13927,#13928,#13936));
#13926 = ORIENTED_EDGE('',*,*,#13880,.T.);
#13927 = ORIENTED_EDGE('',*,*,#13029,.T.);
#13928 = ORIENTED_EDGE('',*,*,#13929,.F.);
#13929 = EDGE_CURVE('',#13930,#13021,#13932,.T.);
#13930 = VERTEX_POINT('',#13931);
#13931 = CARTESIAN_POINT('',(-63.,146.99999540209,0.));
#13932 = LINE('',#13933,#13934);
#13933 = CARTESIAN_POINT('',(-63.,146.99999540209,0.));
#13934 = VECTOR('',#13935,1.);
#13935 = DIRECTION('',(0.,0.,1.));
#13936 = ORIENTED_EDGE('',*,*,#13937,.F.);
#13937 = EDGE_CURVE('',#13881,#13930,#13938,.T.);
#13938 = LINE('',#13939,#13940);
#13939 = CARTESIAN_POINT('',(-43.,146.99999540209,0.));
#13940 = VECTOR('',#13941,1.);
#13941 = DIRECTION('',(-1.,0.,0.));
#13942 = PLANE('',#13943);
#13943 = AXIS2_PLACEMENT_3D('',#13944,#13945,#13946);
#13944 = CARTESIAN_POINT('',(-43.,146.99999540209,0.));
#13945 = DIRECTION('',(0.,-1.,0.));
#13946 = DIRECTION('',(-1.,0.,0.));
#13947 = ADVANCED_FACE('',(#13948),#13967,.F.);
#13948 = FACE_BOUND('',#13949,.T.);
#13949 = EDGE_LOOP('',(#13950,#13958,#13959,#13960));
#13950 = ORIENTED_EDGE('',*,*,#13951,.T.);
#13951 = EDGE_CURVE('',#13952,#13004,#13954,.T.);
#13952 = VERTEX_POINT('',#13953);
#13953 = CARTESIAN_POINT('',(-68.,51.999995402092,0.));
#13954 = LINE('',#13955,#13956);
#13955 = CARTESIAN_POINT('',(-68.,51.999995402092,0.));
#13956 = VECTOR('',#13957,1.);
#13957 = DIRECTION('',(0.,0.,1.));
#13958 = ORIENTED_EDGE('',*,*,#13003,.T.);
#13959 = ORIENTED_EDGE('',*,*,#13903,.F.);
#13960 = ORIENTED_EDGE('',*,*,#13961,.F.);
#13961 = EDGE_CURVE('',#13952,#13904,#13962,.T.);
#13962 = CIRCLE('',#13963,5.);
#13963 = AXIS2_PLACEMENT_3D('',#13964,#13965,#13966);
#13964 = CARTESIAN_POINT('',(-63.,51.999995402092,0.));
#13965 = DIRECTION('',(0.,0.,1.));
#13966 = DIRECTION('',(1.,0.,0.));
#13967 = CYLINDRICAL_SURFACE('',#13968,5.);
#13968 = AXIS2_PLACEMENT_3D('',#13969,#13970,#13971);
#13969 = CARTESIAN_POINT('',(-63.,51.999995402092,0.));
#13970 = DIRECTION('',(-0.,-0.,-1.));
#13971 = DIRECTION('',(1.,0.,0.));
#13972 = ADVANCED_FACE('',(#13973),#13992,.F.);
#13973 = FACE_BOUND('',#13974,.T.);
#13974 = EDGE_LOOP('',(#13975,#13976,#13977,#13985));
#13975 = ORIENTED_EDGE('',*,*,#13929,.T.);
#13976 = ORIENTED_EDGE('',*,*,#13020,.T.);
#13977 = ORIENTED_EDGE('',*,*,#13978,.F.);
#13978 = EDGE_CURVE('',#13979,#13013,#13981,.T.);
#13979 = VERTEX_POINT('',#13980);
#13980 = CARTESIAN_POINT('',(-68.,141.99999540209,0.));
#13981 = LINE('',#13982,#13983);
#13982 = CARTESIAN_POINT('',(-68.,141.99999540209,0.));
#13983 = VECTOR('',#13984,1.);
#13984 = DIRECTION('',(0.,0.,1.));
#13985 = ORIENTED_EDGE('',*,*,#13986,.F.);
#13986 = EDGE_CURVE('',#13930,#13979,#13987,.T.);
#13987 = CIRCLE('',#13988,5.);
#13988 = AXIS2_PLACEMENT_3D('',#13989,#13990,#13991);
#13989 = CARTESIAN_POINT('',(-63.,141.99999540209,0.));
#13990 = DIRECTION('',(0.,0.,1.));
#13991 = DIRECTION('',(1.,0.,0.));
#13992 = CYLINDRICAL_SURFACE('',#13993,5.);
#13993 = AXIS2_PLACEMENT_3D('',#13994,#13995,#13996);
#13994 = CARTESIAN_POINT('',(-63.,141.99999540209,0.));
#13995 = DIRECTION('',(-0.,-0.,-1.));
#13996 = DIRECTION('',(1.,0.,0.));
#13997 = ADVANCED_FACE('',(#13998),#14009,.T.);
#13998 = FACE_BOUND('',#13999,.T.);
#13999 = EDGE_LOOP('',(#14000,#14001,#14002,#14003));
#14000 = ORIENTED_EDGE('',*,*,#13978,.T.);
#14001 = ORIENTED_EDGE('',*,*,#13012,.T.);
#14002 = ORIENTED_EDGE('',*,*,#13951,.F.);
#14003 = ORIENTED_EDGE('',*,*,#14004,.F.);
#14004 = EDGE_CURVE('',#13979,#13952,#14005,.T.);
#14005 = LINE('',#14006,#14007);
#14006 = CARTESIAN_POINT('',(-68.,141.99999540209,0.));
#14007 = VECTOR('',#14008,1.);
#14008 = DIRECTION('',(0.,-1.,0.));
#14009 = PLANE('',#14010);
#14010 = AXIS2_PLACEMENT_3D('',#14011,#14012,#14013);
#14011 = CARTESIAN_POINT('',(-68.,141.99999540209,0.));
#14012 = DIRECTION('',(1.,0.,0.));
#14013 = DIRECTION('',(0.,-1.,0.));
#14014 = ADVANCED_FACE('',(#14015),#14040,.T.);
#14015 = FACE_BOUND('',#14016,.T.);
#14016 = EDGE_LOOP('',(#14017,#14025,#14026,#14034));
#14017 = ORIENTED_EDGE('',*,*,#14018,.T.);
#14018 = EDGE_CURVE('',#14019,#13047,#14021,.T.);
#14019 = VERTEX_POINT('',#14020);
#14020 = CARTESIAN_POINT('',(-71.,52.000378191104,0.));
#14021 = LINE('',#14022,#14023);
#14022 = CARTESIAN_POINT('',(-71.,52.000378191104,0.));
#14023 = VECTOR('',#14024,1.);
#14024 = DIRECTION('',(0.,0.,1.));
#14025 = ORIENTED_EDGE('',*,*,#13046,.T.);
#14026 = ORIENTED_EDGE('',*,*,#14027,.F.);
#14027 = EDGE_CURVE('',#14028,#13049,#14030,.T.);
#14028 = VERTEX_POINT('',#14029);
#14029 = CARTESIAN_POINT('',(-71.,142.0003781911,0.));
#14030 = LINE('',#14031,#14032);
#14031 = CARTESIAN_POINT('',(-71.,142.0003781911,0.));
#14032 = VECTOR('',#14033,1.);
#14033 = DIRECTION('',(0.,0.,1.));
#14034 = ORIENTED_EDGE('',*,*,#14035,.F.);
#14035 = EDGE_CURVE('',#14019,#14028,#14036,.T.);
#14036 = LINE('',#14037,#14038);
#14037 = CARTESIAN_POINT('',(-71.,52.000378191104,0.));
#14038 = VECTOR('',#14039,1.);
#14039 = DIRECTION('',(0.,1.,0.));
#14040 = PLANE('',#14041);
#14041 = AXIS2_PLACEMENT_3D('',#14042,#14043,#14044);
#14042 = CARTESIAN_POINT('',(-71.,52.000378191104,0.));
#14043 = DIRECTION('',(-1.,0.,0.));
#14044 = DIRECTION('',(0.,1.,0.));
#14045 = ADVANCED_FACE('',(#14046),#14065,.F.);
#14046 = FACE_BOUND('',#14047,.T.);
#14047 = EDGE_LOOP('',(#14048,#14056,#14057,#14058));
#14048 = ORIENTED_EDGE('',*,*,#14049,.T.);
#14049 = EDGE_CURVE('',#14050,#13057,#14052,.T.);
#14050 = VERTEX_POINT('',#14051);
#14051 = CARTESIAN_POINT('',(-76.,47.000378191104,0.));
#14052 = LINE('',#14053,#14054);
#14053 = CARTESIAN_POINT('',(-76.,47.000378191104,0.));
#14054 = VECTOR('',#14055,1.);
#14055 = DIRECTION('',(0.,0.,1.));
#14056 = ORIENTED_EDGE('',*,*,#13056,.T.);
#14057 = ORIENTED_EDGE('',*,*,#14018,.F.);
#14058 = ORIENTED_EDGE('',*,*,#14059,.F.);
#14059 = EDGE_CURVE('',#14050,#14019,#14060,.T.);
#14060 = CIRCLE('',#14061,5.);
#14061 = AXIS2_PLACEMENT_3D('',#14062,#14063,#14064);
#14062 = CARTESIAN_POINT('',(-76.,52.000378191104,0.));
#14063 = DIRECTION('',(0.,0.,1.));
#14064 = DIRECTION('',(1.,0.,0.));
#14065 = CYLINDRICAL_SURFACE('',#14066,5.);
#14066 = AXIS2_PLACEMENT_3D('',#14067,#14068,#14069);
#14067 = CARTESIAN_POINT('',(-76.,52.000378191104,0.));
#14068 = DIRECTION('',(-0.,-0.,-1.));
#14069 = DIRECTION('',(1.,0.,0.));
#14070 = ADVANCED_FACE('',(#14071),#14090,.F.);
#14071 = FACE_BOUND('',#14072,.T.);
#14072 = EDGE_LOOP('',(#14073,#14074,#14075,#14083));
#14073 = ORIENTED_EDGE('',*,*,#14027,.T.);
#14074 = ORIENTED_EDGE('',*,*,#13107,.T.);
#14075 = ORIENTED_EDGE('',*,*,#14076,.F.);
#14076 = EDGE_CURVE('',#14077,#13100,#14079,.T.);
#14077 = VERTEX_POINT('',#14078);
#14078 = CARTESIAN_POINT('',(-76.,147.0003781911,0.));
#14079 = LINE('',#14080,#14081);
#14080 = CARTESIAN_POINT('',(-76.,147.0003781911,0.));
#14081 = VECTOR('',#14082,1.);
#14082 = DIRECTION('',(0.,0.,1.));
#14083 = ORIENTED_EDGE('',*,*,#14084,.F.);
#14084 = EDGE_CURVE('',#14028,#14077,#14085,.T.);
#14085 = CIRCLE('',#14086,5.);
#14086 = AXIS2_PLACEMENT_3D('',#14087,#14088,#14089);
#14087 = CARTESIAN_POINT('',(-76.,142.0003781911,0.));
#14088 = DIRECTION('',(0.,0.,1.));
#14089 = DIRECTION('',(1.,0.,0.));
#14090 = CYLINDRICAL_SURFACE('',#14091,5.);
#14091 = AXIS2_PLACEMENT_3D('',#14092,#14093,#14094);
#14092 = CARTESIAN_POINT('',(-76.,142.0003781911,0.));
#14093 = DIRECTION('',(-0.,-0.,-1.));
#14094 = DIRECTION('',(1.,0.,0.));
#14095 = ADVANCED_FACE('',(#14096),#14114,.T.);
#14096 = FACE_BOUND('',#14097,.T.);
#14097 = EDGE_LOOP('',(#14098,#14106,#14107,#14108));
#14098 = ORIENTED_EDGE('',*,*,#14099,.T.);
#14099 = EDGE_CURVE('',#14100,#13066,#14102,.T.);
#14100 = VERTEX_POINT('',#14101);
#14101 = CARTESIAN_POINT('',(-96.,47.000378191104,0.));
#14102 = LINE('',#14103,#14104);
#14103 = CARTESIAN_POINT('',(-96.,47.000378191104,0.));
#14104 = VECTOR('',#14105,1.);
#14105 = DIRECTION('',(0.,0.,1.));
#14106 = ORIENTED_EDGE('',*,*,#13065,.T.);
#14107 = ORIENTED_EDGE('',*,*,#14049,.F.);
#14108 = ORIENTED_EDGE('',*,*,#14109,.F.);
#14109 = EDGE_CURVE('',#14100,#14050,#14110,.T.);
#14110 = LINE('',#14111,#14112);
#14111 = CARTESIAN_POINT('',(-96.,47.000378191104,0.));
#14112 = VECTOR('',#14113,1.);
#14113 = DIRECTION('',(1.,0.,0.));
#14114 = PLANE('',#14115);
#14115 = AXIS2_PLACEMENT_3D('',#14116,#14117,#14118);
#14116 = CARTESIAN_POINT('',(-96.,47.000378191104,0.));
#14117 = DIRECTION('',(0.,1.,0.));
#14118 = DIRECTION('',(1.,0.,0.));
#14119 = ADVANCED_FACE('',(#14120),#14138,.T.);
#14120 = FACE_BOUND('',#14121,.T.);
#14121 = EDGE_LOOP('',(#14122,#14123,#14124,#14132));
#14122 = ORIENTED_EDGE('',*,*,#14076,.T.);
#14123 = ORIENTED_EDGE('',*,*,#13099,.T.);
#14124 = ORIENTED_EDGE('',*,*,#14125,.F.);
#14125 = EDGE_CURVE('',#14126,#13091,#14128,.T.);
#14126 = VERTEX_POINT('',#14127);
#14127 = CARTESIAN_POINT('',(-96.,147.0003781911,0.));
#14128 = LINE('',#14129,#14130);
#14129 = CARTESIAN_POINT('',(-96.,147.0003781911,0.));
#14130 = VECTOR('',#14131,1.);
#14131 = DIRECTION('',(0.,0.,1.));
#14132 = ORIENTED_EDGE('',*,*,#14133,.F.);
#14133 = EDGE_CURVE('',#14077,#14126,#14134,.T.);
#14134 = LINE('',#14135,#14136);
#14135 = CARTESIAN_POINT('',(-76.,147.0003781911,0.));
#14136 = VECTOR('',#14137,1.);
#14137 = DIRECTION('',(-1.,0.,0.));
#14138 = PLANE('',#14139);
#14139 = AXIS2_PLACEMENT_3D('',#14140,#14141,#14142);
#14140 = CARTESIAN_POINT('',(-76.,147.0003781911,0.));
#14141 = DIRECTION('',(0.,-1.,0.));
#14142 = DIRECTION('',(-1.,0.,0.));
#14143 = ADVANCED_FACE('',(#14144),#14163,.F.);
#14144 = FACE_BOUND('',#14145,.T.);
#14145 = EDGE_LOOP('',(#14146,#14154,#14155,#14156));
#14146 = ORIENTED_EDGE('',*,*,#14147,.T.);
#14147 = EDGE_CURVE('',#14148,#13074,#14150,.T.);
#14148 = VERTEX_POINT('',#14149);
#14149 = CARTESIAN_POINT('',(-101.,52.000378191104,0.));
#14150 = LINE('',#14151,#14152);
#14151 = CARTESIAN_POINT('',(-101.,52.000378191104,0.));
#14152 = VECTOR('',#14153,1.);
#14153 = DIRECTION('',(0.,0.,1.));
#14154 = ORIENTED_EDGE('',*,*,#13073,.T.);
#14155 = ORIENTED_EDGE('',*,*,#14099,.F.);
#14156 = ORIENTED_EDGE('',*,*,#14157,.F.);
#14157 = EDGE_CURVE('',#14148,#14100,#14158,.T.);
#14158 = CIRCLE('',#14159,5.);
#14159 = AXIS2_PLACEMENT_3D('',#14160,#14161,#14162);
#14160 = CARTESIAN_POINT('',(-96.,52.000378191104,0.));
#14161 = DIRECTION('',(0.,0.,1.));
#14162 = DIRECTION('',(1.,0.,0.));
#14163 = CYLINDRICAL_SURFACE('',#14164,5.);
#14164 = AXIS2_PLACEMENT_3D('',#14165,#14166,#14167);
#14165 = CARTESIAN_POINT('',(-96.,52.000378191104,0.));
#14166 = DIRECTION('',(-0.,-0.,-1.));
#14167 = DIRECTION('',(1.,0.,0.));
#14168 = ADVANCED_FACE('',(#14169),#14188,.F.);
#14169 = FACE_BOUND('',#14170,.T.);
#14170 = EDGE_LOOP('',(#14171,#14172,#14173,#14181));
#14171 = ORIENTED_EDGE('',*,*,#14125,.T.);
#14172 = ORIENTED_EDGE('',*,*,#13090,.T.);
#14173 = ORIENTED_EDGE('',*,*,#14174,.F.);
#14174 = EDGE_CURVE('',#14175,#13083,#14177,.T.);
#14175 = VERTEX_POINT('',#14176);
#14176 = CARTESIAN_POINT('',(-101.,142.0003781911,0.));
#14177 = LINE('',#14178,#14179);
#14178 = CARTESIAN_POINT('',(-101.,142.0003781911,0.));
#14179 = VECTOR('',#14180,1.);
#14180 = DIRECTION('',(0.,0.,1.));
#14181 = ORIENTED_EDGE('',*,*,#14182,.F.);
#14182 = EDGE_CURVE('',#14126,#14175,#14183,.T.);
#14183 = CIRCLE('',#14184,5.);
#14184 = AXIS2_PLACEMENT_3D('',#14185,#14186,#14187);
#14185 = CARTESIAN_POINT('',(-96.,142.0003781911,0.));
#14186 = DIRECTION('',(0.,0.,1.));
#14187 = DIRECTION('',(1.,0.,0.));
#14188 = CYLINDRICAL_SURFACE('',#14189,5.);
#14189 = AXIS2_PLACEMENT_3D('',#14190,#14191,#14192);
#14190 = CARTESIAN_POINT('',(-96.,142.0003781911,0.));
#14191 = DIRECTION('',(-0.,-0.,-1.));
#14192 = DIRECTION('',(1.,0.,0.));
#14193 = ADVANCED_FACE('',(#14194),#14205,.T.);
#14194 = FACE_BOUND('',#14195,.T.);
#14195 = EDGE_LOOP('',(#14196,#14197,#14198,#14199));
#14196 = ORIENTED_EDGE('',*,*,#14174,.T.);
#14197 = ORIENTED_EDGE('',*,*,#13082,.T.);
#14198 = ORIENTED_EDGE('',*,*,#14147,.F.);
#14199 = ORIENTED_EDGE('',*,*,#14200,.F.);
#14200 = EDGE_CURVE('',#14175,#14148,#14201,.T.);
#14201 = LINE('',#14202,#14203);
#14202 = CARTESIAN_POINT('',(-101.,142.0003781911,0.));
#14203 = VECTOR('',#14204,1.);
#14204 = DIRECTION('',(0.,-1.,0.));
#14205 = PLANE('',#14206);
#14206 = AXIS2_PLACEMENT_3D('',#14207,#14208,#14209);
#14207 = CARTESIAN_POINT('',(-101.,142.0003781911,0.));
#14208 = DIRECTION('',(1.,0.,0.));
#14209 = DIRECTION('',(0.,-1.,0.));
#14210 = ADVANCED_FACE('',(#14211),#14221,.T.);
#14211 = FACE_BOUND('',#14212,.T.);
#14212 = EDGE_LOOP('',(#14213,#14214,#14215,#14216,#14217,#14218,#14219,
    #14220));
#14213 = ORIENTED_EDGE('',*,*,#13471,.T.);
#14214 = ORIENTED_EDGE('',*,*,#13447,.T.);
#14215 = ORIENTED_EDGE('',*,*,#13496,.T.);
#14216 = ORIENTED_EDGE('',*,*,#13545,.T.);
#14217 = ORIENTED_EDGE('',*,*,#13594,.T.);
#14218 = ORIENTED_EDGE('',*,*,#13612,.T.);
#14219 = ORIENTED_EDGE('',*,*,#13569,.T.);
#14220 = ORIENTED_EDGE('',*,*,#13521,.T.);
#14221 = PLANE('',#14222);
#14222 = AXIS2_PLACEMENT_3D('',#14223,#14224,#14225);
#14223 = CARTESIAN_POINT('',(-85.,75.,0.));
#14224 = DIRECTION('',(0.,0.,1.));
#14225 = DIRECTION('',(1.,0.,0.));
#14226 = ADVANCED_FACE('',(#14227),#14237,.T.);
#14227 = FACE_BOUND('',#14228,.T.);
#14228 = EDGE_LOOP('',(#14229,#14230,#14231,#14232,#14233,#14234,#14235,
    #14236));
#14229 = ORIENTED_EDGE('',*,*,#13667,.T.);
#14230 = ORIENTED_EDGE('',*,*,#13643,.T.);
#14231 = ORIENTED_EDGE('',*,*,#13692,.T.);
#14232 = ORIENTED_EDGE('',*,*,#13741,.T.);
#14233 = ORIENTED_EDGE('',*,*,#13790,.T.);
#14234 = ORIENTED_EDGE('',*,*,#13808,.T.);
#14235 = ORIENTED_EDGE('',*,*,#13765,.T.);
#14236 = ORIENTED_EDGE('',*,*,#13717,.T.);
#14237 = PLANE('',#14238);
#14238 = AXIS2_PLACEMENT_3D('',#14239,#14240,#14241);
#14239 = CARTESIAN_POINT('',(-85.,75.,0.));
#14240 = DIRECTION('',(0.,0.,1.));
#14241 = DIRECTION('',(1.,0.,0.));
#14242 = ADVANCED_FACE('',(#14243),#14253,.T.);
#14243 = FACE_BOUND('',#14244,.T.);
#14244 = EDGE_LOOP('',(#14245,#14246,#14247,#14248,#14249,#14250,#14251,
    #14252));
#14245 = ORIENTED_EDGE('',*,*,#13863,.T.);
#14246 = ORIENTED_EDGE('',*,*,#13839,.T.);
#14247 = ORIENTED_EDGE('',*,*,#13888,.T.);
#14248 = ORIENTED_EDGE('',*,*,#13937,.T.);
#14249 = ORIENTED_EDGE('',*,*,#13986,.T.);
#14250 = ORIENTED_EDGE('',*,*,#14004,.T.);
#14251 = ORIENTED_EDGE('',*,*,#13961,.T.);
#14252 = ORIENTED_EDGE('',*,*,#13913,.T.);
#14253 = PLANE('',#14254);
#14254 = AXIS2_PLACEMENT_3D('',#14255,#14256,#14257);
#14255 = CARTESIAN_POINT('',(-85.,75.,0.));
#14256 = DIRECTION('',(0.,0.,1.));
#14257 = DIRECTION('',(1.,0.,0.));
#14258 = ADVANCED_FACE('',(#14259),#14269,.T.);
#14259 = FACE_BOUND('',#14260,.T.);
#14260 = EDGE_LOOP('',(#14261,#14262,#14263,#14264,#14265,#14266,#14267,
    #14268));
#14261 = ORIENTED_EDGE('',*,*,#14059,.T.);
#14262 = ORIENTED_EDGE('',*,*,#14035,.T.);
#14263 = ORIENTED_EDGE('',*,*,#14084,.T.);
#14264 = ORIENTED_EDGE('',*,*,#14133,.T.);
#14265 = ORIENTED_EDGE('',*,*,#14182,.T.);
#14266 = ORIENTED_EDGE('',*,*,#14200,.T.);
#14267 = ORIENTED_EDGE('',*,*,#14157,.T.);
#14268 = ORIENTED_EDGE('',*,*,#14109,.T.);
#14269 = PLANE('',#14270);
#14270 = AXIS2_PLACEMENT_3D('',#14271,#14272,#14273);
#14271 = CARTESIAN_POINT('',(-85.,75.,0.));
#14272 = DIRECTION('',(0.,0.,1.));
#14273 = DIRECTION('',(1.,0.,0.));
#14274 = ADVANCED_FACE('',(#14275),#14297,.T.);
#14275 = FACE_BOUND('',#14276,.T.);
#14276 = EDGE_LOOP('',(#14277,#14278,#14279,#14280,#14281,#14282,#14283,
    #14284,#14285,#14286,#14287,#14288,#14289,#14290,#14291,#14292,
    #14293,#14294,#14295,#14296));
#14277 = ORIENTED_EDGE('',*,*,#12606,.T.);
#14278 = ORIENTED_EDGE('',*,*,#11961,.T.);
#14279 = ORIENTED_EDGE('',*,*,#12425,.F.);
#14280 = ORIENTED_EDGE('',*,*,#12441,.F.);
#14281 = ORIENTED_EDGE('',*,*,#12372,.T.);
#14282 = ORIENTED_EDGE('',*,*,#11929,.T.);
#14283 = ORIENTED_EDGE('',*,*,#12329,.F.);
#14284 = ORIENTED_EDGE('',*,*,#12346,.F.);
#14285 = ORIENTED_EDGE('',*,*,#12276,.T.);
#14286 = ORIENTED_EDGE('',*,*,#11897,.T.);
#14287 = ORIENTED_EDGE('',*,*,#12233,.F.);
#14288 = ORIENTED_EDGE('',*,*,#12250,.F.);
#14289 = ORIENTED_EDGE('',*,*,#12180,.T.);
#14290 = ORIENTED_EDGE('',*,*,#11865,.T.);
#14291 = ORIENTED_EDGE('',*,*,#11783,.F.);
#14292 = ORIENTED_EDGE('',*,*,#11839,.F.);
#14293 = ORIENTED_EDGE('',*,*,#11823,.T.);
#14294 = ORIENTED_EDGE('',*,*,#11854,.F.);
#14295 = ORIENTED_EDGE('',*,*,#12717,.F.);
#14296 = ORIENTED_EDGE('',*,*,#12825,.T.);
#14297 = PLANE('',#14298);
#14298 = AXIS2_PLACEMENT_3D('',#14299,#14300,#14301);
#14299 = CARTESIAN_POINT('',(-86.15161848739,44.,29.170709803922));
#14300 = DIRECTION('',(-0.,-1.,-0.));
#14301 = DIRECTION('',(0.,0.,-1.));
#14302 = ( GEOMETRIC_REPRESENTATION_CONTEXT(3) 
GLOBAL_UNCERTAINTY_ASSIGNED_CONTEXT((#14306)) 
GLOBAL_UNIT_ASSIGNED_CONTEXT((#14303,#14304,#14305)) 
REPRESENTATION_CONTEXT('Context #1',
  '3D Context with UNIT and UNCERTAINTY') );
#14303 = ( LENGTH_UNIT() NAMED_UNIT(*) SI_UNIT(.MILLI.,.METRE.) );
#14304 = ( NAMED_UNIT(*) PLANE_ANGLE_UNIT() SI_UNIT($,.RADIAN.) );
#14305 = ( NAMED_UNIT(*) SI_UNIT($,.STERADIAN.) SOLID_ANGLE_UNIT() );
#14306 = UNCERTAINTY_MEASURE_WITH_UNIT(LENGTH_MEASURE(5.E-05),#14303,
  'distance_accuracy_value','confusion accuracy');
#14307 = CONTEXT_DEPENDENT_SHAPE_REPRESENTATION(#14308,#14310);
#14308 = ( REPRESENTATION_RELATIONSHIP('','',#11728,#10) 
REPRESENTATION_RELATIONSHIP_WITH_TRANSFORMATION(#14309) 
SHAPE_REPRESENTATION_RELATIONSHIP() );
#14309 = ITEM_DEFINED_TRANSFORMATION('','',#11,#71);
#14310 = PRODUCT_DEFINITION_SHAPE('Placement','Placement of an item',
  #14311);
#14311 = NEXT_ASSEMBLY_USAGE_OCCURRENCE('44','Pocket001','',#5,#11723,$
  );
#14312 = PRODUCT_RELATED_PRODUCT_CATEGORY('part',$,(#11725));
#14313 = SHAPE_DEFINITION_REPRESENTATION(#14314,#14320);
#14314 = PRODUCT_DEFINITION_SHAPE('','',#14315);
#14315 = PRODUCT_DEFINITION('design','',#14316,#14319);
#14316 = PRODUCT_DEFINITION_FORMATION('','',#14317);
#14317 = PRODUCT('Fillet','Fillet','',(#14318));
#14318 = PRODUCT_CONTEXT('',#2,'mechanical');
#14319 = PRODUCT_DEFINITION_CONTEXT('part definition',#2,'design');
#14320 = ADVANCED_BREP_SHAPE_REPRESENTATION('',(#11,#14321),#17396);
#14321 = MANIFOLD_SOLID_BREP('',#14322);
#14322 = CLOSED_SHELL('',(#14323,#14662,#14785,#14818,#14842,#14868,
    #14892,#14917,#14934,#14960,#14985,#15009,#15035,#15059,#15084,
    #15101,#15235,#15259,#15283,#15307,#15331,#15348,#15365,#15389,
    #15413,#15437,#15461,#15478,#15495,#15519,#15543,#15567,#15584,
    #15608,#15625,#15650,#15963,#15975,#15987,#15999,#16011,#16051,
    #16076,#16100,#16125,#16149,#16174,#16208,#16226,#16238,#16250,
    #16262,#16274,#16292,#16310,#16341,#16366,#16391,#16415,#16439,
    #16464,#16489,#16506,#16537,#16562,#16587,#16611,#16635,#16660,
    #16685,#16702,#16733,#16758,#16783,#16807,#16831,#16856,#16881,
    #16898,#16929,#16954,#16979,#17003,#17027,#17052,#17077,#17094,
    #17112,#17145,#17171,#17196,#17222,#17247,#17273,#17298,#17314,
    #17330,#17346,#17362,#17380));
#14323 = ADVANCED_FACE('',(#14324),#14657,.T.);
#14324 = FACE_BOUND('',#14325,.T.);
#14325 = EDGE_LOOP('',(#14326,#14336,#14344,#14353,#14361,#14370,#14378,
    #14387,#14395,#14403,#14411,#14419,#14427,#14435,#14443,#14451,
    #14459,#14467,#14475,#14483,#14491,#14499,#14507,#14515,#14523,
    #14531,#14539,#14547,#14555,#14563,#14571,#14579,#14587,#14595,
    #14603,#14611,#14619,#14627,#14635,#14643,#14651));
#14326 = ORIENTED_EDGE('',*,*,#14327,.F.);
#14327 = EDGE_CURVE('',#14328,#14330,#14332,.T.);
#14328 = VERTEX_POINT('',#14329);
#14329 = CARTESIAN_POINT('',(-168.,44.,40.));
#14330 = VERTEX_POINT('',#14331);
#14331 = CARTESIAN_POINT('',(-167.,44.,40.));
#14332 = LINE('',#14333,#14334);
#14333 = CARTESIAN_POINT('',(-170.,44.,40.));
#14334 = VECTOR('',#14335,1.);
#14335 = DIRECTION('',(1.,0.,0.));
#14336 = ORIENTED_EDGE('',*,*,#14337,.T.);
#14337 = EDGE_CURVE('',#14328,#14338,#14340,.T.);
#14338 = VERTEX_POINT('',#14339);
#14339 = CARTESIAN_POINT('',(-168.,5.,40.));
#14340 = LINE('',#14341,#14342);
#14341 = CARTESIAN_POINT('',(-168.,44.,40.));
#14342 = VECTOR('',#14343,1.);
#14343 = DIRECTION('',(0.,-1.,0.));
#14344 = ORIENTED_EDGE('',*,*,#14345,.T.);
#14345 = EDGE_CURVE('',#14338,#14346,#14348,.T.);
#14346 = VERTEX_POINT('',#14347);
#14347 = CARTESIAN_POINT('',(-165.,2.,40.));
#14348 = CIRCLE('',#14349,3.);
#14349 = AXIS2_PLACEMENT_3D('',#14350,#14351,#14352);
#14350 = CARTESIAN_POINT('',(-165.,5.,40.));
#14351 = DIRECTION('',(0.,2.317525025688E-16,1.));
#14352 = DIRECTION('',(-1.,-1.513786472548E-15,3.508238033678E-31));
#14353 = ORIENTED_EDGE('',*,*,#14354,.T.);
#14354 = EDGE_CURVE('',#14346,#14355,#14357,.T.);
#14355 = VERTEX_POINT('',#14356);
#14356 = CARTESIAN_POINT('',(-5.,2.,40.));
#14357 = LINE('',#14358,#14359);
#14358 = CARTESIAN_POINT('',(-165.,2.,40.));
#14359 = VECTOR('',#14360,1.);
#14360 = DIRECTION('',(1.,0.,0.));
#14361 = ORIENTED_EDGE('',*,*,#14362,.T.);
#14362 = EDGE_CURVE('',#14355,#14363,#14365,.T.);
#14363 = VERTEX_POINT('',#14364);
#14364 = CARTESIAN_POINT('',(-2.,5.,40.));
#14365 = CIRCLE('',#14366,3.);
#14366 = AXIS2_PLACEMENT_3D('',#14367,#14368,#14369);
#14367 = CARTESIAN_POINT('',(-5.,5.,40.));
#14368 = DIRECTION('',(0.,2.317525025688E-16,1.));
#14369 = DIRECTION('',(-1.7763568394E-16,-1.,2.317525025688E-16));
#14370 = ORIENTED_EDGE('',*,*,#14371,.T.);
#14371 = EDGE_CURVE('',#14363,#14372,#14374,.T.);
#14372 = VERTEX_POINT('',#14373);
#14373 = CARTESIAN_POINT('',(-2.,145.,40.));
#14374 = LINE('',#14375,#14376);
#14375 = CARTESIAN_POINT('',(-2.,5.,40.));
#14376 = VECTOR('',#14377,1.);
#14377 = DIRECTION('',(0.,1.,-2.22044604925E-16));
#14378 = ORIENTED_EDGE('',*,*,#14379,.T.);
#14379 = EDGE_CURVE('',#14372,#14380,#14382,.T.);
#14380 = VERTEX_POINT('',#14381);
#14381 = CARTESIAN_POINT('',(-5.,148.,40.));
#14382 = CIRCLE('',#14383,3.);
#14383 = AXIS2_PLACEMENT_3D('',#14384,#14385,#14386);
#14384 = CARTESIAN_POINT('',(-5.,145.,40.));
#14385 = DIRECTION('',(0.,2.317525025688E-16,1.));
#14386 = DIRECTION('',(1.,-9.270100102754E-17,2.148368897877E-32));
#14387 = ORIENTED_EDGE('',*,*,#14388,.T.);
#14388 = EDGE_CURVE('',#14380,#14389,#14391,.T.);
#14389 = VERTEX_POINT('',#14390);
#14390 = CARTESIAN_POINT('',(-35.,148.,40.));
#14391 = LINE('',#14392,#14393);
#14392 = CARTESIAN_POINT('',(-5.,148.,40.));
#14393 = VECTOR('',#14394,1.);
#14394 = DIRECTION('',(-1.,0.,0.));
#14395 = ORIENTED_EDGE('',*,*,#14396,.F.);
#14396 = EDGE_CURVE('',#14397,#14389,#14399,.T.);
#14397 = VERTEX_POINT('',#14398);
#14398 = CARTESIAN_POINT('',(-35.,147.,40.));
#14399 = LINE('',#14400,#14401);
#14400 = CARTESIAN_POINT('',(-35.,8.881784197001E-15,40.));
#14401 = VECTOR('',#14402,1.);
#14402 = DIRECTION('',(0.,1.,-2.22044604925E-16));
#14403 = ORIENTED_EDGE('',*,*,#14404,.T.);
#14404 = EDGE_CURVE('',#14397,#14405,#14407,.T.);
#14405 = VERTEX_POINT('',#14406);
#14406 = CARTESIAN_POINT('',(-3.,147.,40.));
#14407 = LINE('',#14408,#14409);
#14408 = CARTESIAN_POINT('',(-19.,147.,40.));
#14409 = VECTOR('',#14410,1.);
#14410 = DIRECTION('',(1.,0.,0.));
#14411 = ORIENTED_EDGE('',*,*,#14412,.T.);
#14412 = EDGE_CURVE('',#14405,#14413,#14415,.T.);
#14413 = VERTEX_POINT('',#14414);
#14414 = CARTESIAN_POINT('',(-3.,125.306915,40.));
#14415 = LINE('',#14416,#14417);
#14416 = CARTESIAN_POINT('',(-3.,62.6534575,40.));
#14417 = VECTOR('',#14418,1.);
#14418 = DIRECTION('',(0.,-1.,2.22044604925E-16));
#14419 = ORIENTED_EDGE('',*,*,#14420,.F.);
#14420 = EDGE_CURVE('',#14421,#14413,#14423,.T.);
#14421 = VERTEX_POINT('',#14422);
#14422 = CARTESIAN_POINT('',(-35.,125.306915,40.));
#14423 = LINE('',#14424,#14425);
#14424 = CARTESIAN_POINT('',(-19.,125.306915,40.));
#14425 = VECTOR('',#14426,1.);
#14426 = DIRECTION('',(1.,0.,0.));
#14427 = ORIENTED_EDGE('',*,*,#14428,.F.);
#14428 = EDGE_CURVE('',#14429,#14421,#14431,.T.);
#14429 = VERTEX_POINT('',#14430);
#14430 = CARTESIAN_POINT('',(-35.,123.306915,40.));
#14431 = LINE('',#14432,#14433);
#14432 = CARTESIAN_POINT('',(-35.,8.881784197001E-15,40.));
#14433 = VECTOR('',#14434,1.);
#14434 = DIRECTION('',(0.,1.,-2.22044604925E-16));
#14435 = ORIENTED_EDGE('',*,*,#14436,.F.);
#14436 = EDGE_CURVE('',#14437,#14429,#14439,.T.);
#14437 = VERTEX_POINT('',#14438);
#14438 = CARTESIAN_POINT('',(-3.,123.306915,40.));
#14439 = LINE('',#14440,#14441);
#14440 = CARTESIAN_POINT('',(-35.,123.306915,40.));
#14441 = VECTOR('',#14442,1.);
#14442 = DIRECTION('',(-1.,0.,0.));
#14443 = ORIENTED_EDGE('',*,*,#14444,.T.);
#14444 = EDGE_CURVE('',#14437,#14445,#14447,.T.);
#14445 = VERTEX_POINT('',#14446);
#14446 = CARTESIAN_POINT('',(-3.,99.934734,40.));
#14447 = LINE('',#14448,#14449);
#14448 = CARTESIAN_POINT('',(-3.,49.967367,40.));
#14449 = VECTOR('',#14450,1.);
#14450 = DIRECTION('',(0.,-1.,2.22044604925E-16));
#14451 = ORIENTED_EDGE('',*,*,#14452,.F.);
#14452 = EDGE_CURVE('',#14453,#14445,#14455,.T.);
#14453 = VERTEX_POINT('',#14454);
#14454 = CARTESIAN_POINT('',(-35.,99.934734,40.));
#14455 = LINE('',#14456,#14457);
#14456 = CARTESIAN_POINT('',(-19.,99.934734,40.));
#14457 = VECTOR('',#14458,1.);
#14458 = DIRECTION('',(1.,0.,0.));
#14459 = ORIENTED_EDGE('',*,*,#14460,.F.);
#14460 = EDGE_CURVE('',#14461,#14453,#14463,.T.);
#14461 = VERTEX_POINT('',#14462);
#14462 = CARTESIAN_POINT('',(-35.,97.934734,40.));
#14463 = LINE('',#14464,#14465);
#14464 = CARTESIAN_POINT('',(-35.,8.881784197001E-15,40.));
#14465 = VECTOR('',#14466,1.);
#14466 = DIRECTION('',(0.,1.,-2.22044604925E-16));
#14467 = ORIENTED_EDGE('',*,*,#14468,.F.);
#14468 = EDGE_CURVE('',#14469,#14461,#14471,.T.);
#14469 = VERTEX_POINT('',#14470);
#14470 = CARTESIAN_POINT('',(-3.,97.934734,40.));
#14471 = LINE('',#14472,#14473);
#14472 = CARTESIAN_POINT('',(-35.,97.934734,40.));
#14473 = VECTOR('',#14474,1.);
#14474 = DIRECTION('',(-1.,0.,0.));
#14475 = ORIENTED_EDGE('',*,*,#14476,.T.);
#14476 = EDGE_CURVE('',#14469,#14477,#14479,.T.);
#14477 = VERTEX_POINT('',#14478);
#14478 = CARTESIAN_POINT('',(-3.,74.562552,40.));
#14479 = LINE('',#14480,#14481);
#14480 = CARTESIAN_POINT('',(-3.,37.281276,40.));
#14481 = VECTOR('',#14482,1.);
#14482 = DIRECTION('',(0.,-1.,2.22044604925E-16));
#14483 = ORIENTED_EDGE('',*,*,#14484,.F.);
#14484 = EDGE_CURVE('',#14485,#14477,#14487,.T.);
#14485 = VERTEX_POINT('',#14486);
#14486 = CARTESIAN_POINT('',(-35.,74.562552,40.));
#14487 = LINE('',#14488,#14489);
#14488 = CARTESIAN_POINT('',(-19.,74.562552,40.));
#14489 = VECTOR('',#14490,1.);
#14490 = DIRECTION('',(1.,0.,0.));
#14491 = ORIENTED_EDGE('',*,*,#14492,.F.);
#14492 = EDGE_CURVE('',#14493,#14485,#14495,.T.);
#14493 = VERTEX_POINT('',#14494);
#14494 = CARTESIAN_POINT('',(-35.,72.562552,40.));
#14495 = LINE('',#14496,#14497);
#14496 = CARTESIAN_POINT('',(-35.,8.881784197001E-15,40.));
#14497 = VECTOR('',#14498,1.);
#14498 = DIRECTION('',(0.,1.,-2.22044604925E-16));
#14499 = ORIENTED_EDGE('',*,*,#14500,.F.);
#14500 = EDGE_CURVE('',#14501,#14493,#14503,.T.);
#14501 = VERTEX_POINT('',#14502);
#14502 = CARTESIAN_POINT('',(-3.,72.562552,40.));
#14503 = LINE('',#14504,#14505);
#14504 = CARTESIAN_POINT('',(-35.,72.562552,40.));
#14505 = VECTOR('',#14506,1.);
#14506 = DIRECTION('',(-1.,0.,0.));
#14507 = ORIENTED_EDGE('',*,*,#14508,.T.);
#14508 = EDGE_CURVE('',#14501,#14509,#14511,.T.);
#14509 = VERTEX_POINT('',#14510);
#14510 = CARTESIAN_POINT('',(-3.,47.,40.));
#14511 = LINE('',#14512,#14513);
#14512 = CARTESIAN_POINT('',(-3.,29.890638,40.));
#14513 = VECTOR('',#14514,1.);
#14514 = DIRECTION('',(0.,-1.,2.22044604925E-16));
#14515 = ORIENTED_EDGE('',*,*,#14516,.T.);
#14516 = EDGE_CURVE('',#14509,#14517,#14519,.T.);
#14517 = VERTEX_POINT('',#14518);
#14518 = CARTESIAN_POINT('',(-35.,47.,40.));
#14519 = LINE('',#14520,#14521);
#14520 = CARTESIAN_POINT('',(-35.,47.,40.));
#14521 = VECTOR('',#14522,1.);
#14522 = DIRECTION('',(-1.,0.,0.));
#14523 = ORIENTED_EDGE('',*,*,#14524,.F.);
#14524 = EDGE_CURVE('',#14525,#14517,#14527,.T.);
#14525 = VERTEX_POINT('',#14526);
#14526 = CARTESIAN_POINT('',(-35.,44.,40.));
#14527 = LINE('',#14528,#14529);
#14528 = CARTESIAN_POINT('',(-35.,8.881784197001E-15,40.));
#14529 = VECTOR('',#14530,1.);
#14530 = DIRECTION('',(0.,1.,-2.22044604925E-16));
#14531 = ORIENTED_EDGE('',*,*,#14532,.T.);
#14532 = EDGE_CURVE('',#14525,#14533,#14535,.T.);
#14533 = VERTEX_POINT('',#14534);
#14534 = CARTESIAN_POINT('',(-3.,44.,40.));
#14535 = LINE('',#14536,#14537);
#14536 = CARTESIAN_POINT('',(-19.,44.,40.));
#14537 = VECTOR('',#14538,1.);
#14538 = DIRECTION('',(1.,0.,0.));
#14539 = ORIENTED_EDGE('',*,*,#14540,.T.);
#14540 = EDGE_CURVE('',#14533,#14541,#14543,.T.);
#14541 = VERTEX_POINT('',#14542);
#14542 = CARTESIAN_POINT('',(-3.,2.89996,40.));
#14543 = LINE('',#14544,#14545);
#14544 = CARTESIAN_POINT('',(-3.,1.44998,40.));
#14545 = VECTOR('',#14546,1.);
#14546 = DIRECTION('',(0.,-1.,2.22044604925E-16));
#14547 = ORIENTED_EDGE('',*,*,#14548,.T.);
#14548 = EDGE_CURVE('',#14541,#14549,#14551,.T.);
#14549 = VERTEX_POINT('',#14550);
#14550 = CARTESIAN_POINT('',(-41.895123,2.89996,40.));
#14551 = LINE('',#14552,#14553);
#14552 = CARTESIAN_POINT('',(-105.9475615,2.89996,40.));
#14553 = VECTOR('',#14554,1.);
#14554 = DIRECTION('',(-1.,0.,0.));
#14555 = ORIENTED_EDGE('',*,*,#14556,.T.);
#14556 = EDGE_CURVE('',#14549,#14557,#14559,.T.);
#14557 = VERTEX_POINT('',#14558);
#14558 = CARTESIAN_POINT('',(-41.895123,44.,40.));
#14559 = LINE('',#14560,#14561);
#14560 = CARTESIAN_POINT('',(-41.895123,44.,40.));
#14561 = VECTOR('',#14562,1.);
#14562 = DIRECTION('',(0.,1.,0.));
#14563 = ORIENTED_EDGE('',*,*,#14564,.F.);
#14564 = EDGE_CURVE('',#14565,#14557,#14567,.T.);
#14565 = VERTEX_POINT('',#14566);
#14566 = CARTESIAN_POINT('',(-44.23278,44.,40.));
#14567 = LINE('',#14568,#14569);
#14568 = CARTESIAN_POINT('',(-170.,44.,40.));
#14569 = VECTOR('',#14570,1.);
#14570 = DIRECTION('',(1.,0.,0.));
#14571 = ORIENTED_EDGE('',*,*,#14572,.F.);
#14572 = EDGE_CURVE('',#14573,#14565,#14575,.T.);
#14573 = VERTEX_POINT('',#14574);
#14574 = CARTESIAN_POINT('',(-44.23278,2.89996,40.));
#14575 = LINE('',#14576,#14577);
#14576 = CARTESIAN_POINT('',(-44.23278,44.,40.));
#14577 = VECTOR('',#14578,1.);
#14578 = DIRECTION('',(0.,1.,0.));
#14579 = ORIENTED_EDGE('',*,*,#14580,.T.);
#14580 = EDGE_CURVE('',#14573,#14581,#14583,.T.);
#14581 = VERTEX_POINT('',#14582);
#14582 = CARTESIAN_POINT('',(-82.578094,2.89996,40.));
#14583 = LINE('',#14584,#14585);
#14584 = CARTESIAN_POINT('',(-126.289047,2.89996,40.));
#14585 = VECTOR('',#14586,1.);
#14586 = DIRECTION('',(-1.,0.,0.));
#14587 = ORIENTED_EDGE('',*,*,#14588,.T.);
#14588 = EDGE_CURVE('',#14581,#14589,#14591,.T.);
#14589 = VERTEX_POINT('',#14590);
#14590 = CARTESIAN_POINT('',(-82.578094,44.,40.));
#14591 = LINE('',#14592,#14593);
#14592 = CARTESIAN_POINT('',(-82.578094,44.,40.));
#14593 = VECTOR('',#14594,1.);
#14594 = DIRECTION('',(0.,1.,0.));
#14595 = ORIENTED_EDGE('',*,*,#14596,.F.);
#14596 = EDGE_CURVE('',#14597,#14589,#14599,.T.);
#14597 = VERTEX_POINT('',#14598);
#14598 = CARTESIAN_POINT('',(-85.,44.,40.));
#14599 = LINE('',#14600,#14601);
#14600 = CARTESIAN_POINT('',(-170.,44.,40.));
#14601 = VECTOR('',#14602,1.);
#14602 = DIRECTION('',(1.,0.,0.));
#14603 = ORIENTED_EDGE('',*,*,#14604,.F.);
#14604 = EDGE_CURVE('',#14605,#14597,#14607,.T.);
#14605 = VERTEX_POINT('',#14606);
#14606 = CARTESIAN_POINT('',(-85.,2.89996,40.));
#14607 = LINE('',#14608,#14609);
#14608 = CARTESIAN_POINT('',(-85.,44.,40.));
#14609 = VECTOR('',#14610,1.);
#14610 = DIRECTION('',(0.,1.,0.));
#14611 = ORIENTED_EDGE('',*,*,#14612,.T.);
#14612 = EDGE_CURVE('',#14605,#14613,#14615,.T.);
#14613 = VERTEX_POINT('',#14614);
#14614 = CARTESIAN_POINT('',(-117.943893,2.89996,40.));
#14615 = LINE('',#14616,#14617);
#14616 = CARTESIAN_POINT('',(-143.9719465,2.89996,40.));
#14617 = VECTOR('',#14618,1.);
#14618 = DIRECTION('',(-1.,0.,0.));
#14619 = ORIENTED_EDGE('',*,*,#14620,.T.);
#14620 = EDGE_CURVE('',#14613,#14621,#14623,.T.);
#14621 = VERTEX_POINT('',#14622);
#14622 = CARTESIAN_POINT('',(-117.943893,44.,40.));
#14623 = LINE('',#14624,#14625);
#14624 = CARTESIAN_POINT('',(-117.943893,44.,40.));
#14625 = VECTOR('',#14626,1.);
#14626 = DIRECTION('',(0.,1.,0.));
#14627 = ORIENTED_EDGE('',*,*,#14628,.F.);
#14628 = EDGE_CURVE('',#14629,#14621,#14631,.T.);
#14629 = VERTEX_POINT('',#14630);
#14630 = CARTESIAN_POINT('',(-120.1315,44.,40.));
#14631 = LINE('',#14632,#14633);
#14632 = CARTESIAN_POINT('',(-170.,44.,40.));
#14633 = VECTOR('',#14634,1.);
#14634 = DIRECTION('',(1.,0.,0.));
#14635 = ORIENTED_EDGE('',*,*,#14636,.F.);
#14636 = EDGE_CURVE('',#14637,#14629,#14639,.T.);
#14637 = VERTEX_POINT('',#14638);
#14638 = CARTESIAN_POINT('',(-120.1315,3.,40.));
#14639 = LINE('',#14640,#14641);
#14640 = CARTESIAN_POINT('',(-120.1315,44.,40.));
#14641 = VECTOR('',#14642,1.);
#14642 = DIRECTION('',(0.,1.,0.));
#14643 = ORIENTED_EDGE('',*,*,#14644,.T.);
#14644 = EDGE_CURVE('',#14637,#14645,#14647,.T.);
#14645 = VERTEX_POINT('',#14646);
#14646 = CARTESIAN_POINT('',(-167.,3.,40.));
#14647 = LINE('',#14648,#14649);
#14648 = CARTESIAN_POINT('',(-168.5,3.,40.));
#14649 = VECTOR('',#14650,1.);
#14650 = DIRECTION('',(-1.,0.,0.));
#14651 = ORIENTED_EDGE('',*,*,#14652,.T.);
#14652 = EDGE_CURVE('',#14645,#14330,#14653,.T.);
#14653 = LINE('',#14654,#14655);
#14654 = CARTESIAN_POINT('',(-167.,44.,40.));
#14655 = VECTOR('',#14656,1.);
#14656 = DIRECTION('',(0.,1.,0.));
#14657 = PLANE('',#14658);
#14658 = AXIS2_PLACEMENT_3D('',#14659,#14660,#14661);
#14659 = CARTESIAN_POINT('',(-54.57133843607,48.862006802785,40.));
#14660 = DIRECTION('',(0.,2.317525025688E-16,1.));
#14661 = DIRECTION('',(0.,1.,-2.317525025688E-16));
#14662 = ADVANCED_FACE('',(#14663),#14780,.T.);
#14663 = FACE_BOUND('',#14664,.T.);
#14664 = EDGE_LOOP('',(#14665,#14666,#14674,#14682,#14688,#14689,#14697,
    #14705,#14711,#14712,#14720,#14728,#14734,#14735,#14743,#14751,
    #14757,#14758,#14766,#14774));
#14665 = ORIENTED_EDGE('',*,*,#14327,.T.);
#14666 = ORIENTED_EDGE('',*,*,#14667,.F.);
#14667 = EDGE_CURVE('',#14668,#14330,#14670,.T.);
#14668 = VERTEX_POINT('',#14669);
#14669 = CARTESIAN_POINT('',(-167.,44.,0.));
#14670 = LINE('',#14671,#14672);
#14671 = CARTESIAN_POINT('',(-167.,44.,0.));
#14672 = VECTOR('',#14673,1.);
#14673 = DIRECTION('',(0.,0.,1.));
#14674 = ORIENTED_EDGE('',*,*,#14675,.F.);
#14675 = EDGE_CURVE('',#14676,#14668,#14678,.T.);
#14676 = VERTEX_POINT('',#14677);
#14677 = CARTESIAN_POINT('',(-120.1315,44.,0.));
#14678 = LINE('',#14679,#14680);
#14679 = CARTESIAN_POINT('',(-120.1315,44.,0.));
#14680 = VECTOR('',#14681,1.);
#14681 = DIRECTION('',(-1.,0.,0.));
#14682 = ORIENTED_EDGE('',*,*,#14683,.T.);
#14683 = EDGE_CURVE('',#14676,#14629,#14684,.T.);
#14684 = LINE('',#14685,#14686);
#14685 = CARTESIAN_POINT('',(-120.1315,44.,0.));
#14686 = VECTOR('',#14687,1.);
#14687 = DIRECTION('',(0.,0.,1.));
#14688 = ORIENTED_EDGE('',*,*,#14628,.T.);
#14689 = ORIENTED_EDGE('',*,*,#14690,.F.);
#14690 = EDGE_CURVE('',#14691,#14621,#14693,.T.);
#14691 = VERTEX_POINT('',#14692);
#14692 = CARTESIAN_POINT('',(-117.943893,44.,0.));
#14693 = LINE('',#14694,#14695);
#14694 = CARTESIAN_POINT('',(-117.943893,44.,0.));
#14695 = VECTOR('',#14696,1.);
#14696 = DIRECTION('',(0.,0.,1.));
#14697 = ORIENTED_EDGE('',*,*,#14698,.F.);
#14698 = EDGE_CURVE('',#14699,#14691,#14701,.T.);
#14699 = VERTEX_POINT('',#14700);
#14700 = CARTESIAN_POINT('',(-85.,44.,0.));
#14701 = LINE('',#14702,#14703);
#14702 = CARTESIAN_POINT('',(-85.,44.,0.));
#14703 = VECTOR('',#14704,1.);
#14704 = DIRECTION('',(-1.,0.,0.));
#14705 = ORIENTED_EDGE('',*,*,#14706,.T.);
#14706 = EDGE_CURVE('',#14699,#14597,#14707,.T.);
#14707 = LINE('',#14708,#14709);
#14708 = CARTESIAN_POINT('',(-85.,44.,0.));
#14709 = VECTOR('',#14710,1.);
#14710 = DIRECTION('',(0.,0.,1.));
#14711 = ORIENTED_EDGE('',*,*,#14596,.T.);
#14712 = ORIENTED_EDGE('',*,*,#14713,.F.);
#14713 = EDGE_CURVE('',#14714,#14589,#14716,.T.);
#14714 = VERTEX_POINT('',#14715);
#14715 = CARTESIAN_POINT('',(-82.578094,44.,0.));
#14716 = LINE('',#14717,#14718);
#14717 = CARTESIAN_POINT('',(-82.578094,44.,0.));
#14718 = VECTOR('',#14719,1.);
#14719 = DIRECTION('',(0.,0.,1.));
#14720 = ORIENTED_EDGE('',*,*,#14721,.F.);
#14721 = EDGE_CURVE('',#14722,#14714,#14724,.T.);
#14722 = VERTEX_POINT('',#14723);
#14723 = CARTESIAN_POINT('',(-44.23278,44.,0.));
#14724 = LINE('',#14725,#14726);
#14725 = CARTESIAN_POINT('',(-44.23278,44.,0.));
#14726 = VECTOR('',#14727,1.);
#14727 = DIRECTION('',(-1.,0.,0.));
#14728 = ORIENTED_EDGE('',*,*,#14729,.T.);
#14729 = EDGE_CURVE('',#14722,#14565,#14730,.T.);
#14730 = LINE('',#14731,#14732);
#14731 = CARTESIAN_POINT('',(-44.23278,44.,0.));
#14732 = VECTOR('',#14733,1.);
#14733 = DIRECTION('',(0.,0.,1.));
#14734 = ORIENTED_EDGE('',*,*,#14564,.T.);
#14735 = ORIENTED_EDGE('',*,*,#14736,.F.);
#14736 = EDGE_CURVE('',#14737,#14557,#14739,.T.);
#14737 = VERTEX_POINT('',#14738);
#14738 = CARTESIAN_POINT('',(-41.895123,44.,0.));
#14739 = LINE('',#14740,#14741);
#14740 = CARTESIAN_POINT('',(-41.895123,44.,0.));
#14741 = VECTOR('',#14742,1.);
#14742 = DIRECTION('',(0.,0.,1.));
#14743 = ORIENTED_EDGE('',*,*,#14744,.F.);
#14744 = EDGE_CURVE('',#14745,#14737,#14747,.T.);
#14745 = VERTEX_POINT('',#14746);
#14746 = CARTESIAN_POINT('',(-3.,44.,0.));
#14747 = LINE('',#14748,#14749);
#14748 = CARTESIAN_POINT('',(-3.,44.,0.));
#14749 = VECTOR('',#14750,1.);
#14750 = DIRECTION('',(-1.,0.,0.));
#14751 = ORIENTED_EDGE('',*,*,#14752,.T.);
#14752 = EDGE_CURVE('',#14745,#14533,#14753,.T.);
#14753 = LINE('',#14754,#14755);
#14754 = CARTESIAN_POINT('',(-3.,44.,0.));
#14755 = VECTOR('',#14756,1.);
#14756 = DIRECTION('',(0.,0.,1.));
#14757 = ORIENTED_EDGE('',*,*,#14532,.F.);
#14758 = ORIENTED_EDGE('',*,*,#14759,.F.);
#14759 = EDGE_CURVE('',#14760,#14525,#14762,.T.);
#14760 = VERTEX_POINT('',#14761);
#14761 = CARTESIAN_POINT('',(-35.,44.,70.));
#14762 = LINE('',#14763,#14764);
#14763 = CARTESIAN_POINT('',(-35.,44.,38.9980385));
#14764 = VECTOR('',#14765,1.);
#14765 = DIRECTION('',(0.,0.,-1.));
#14766 = ORIENTED_EDGE('',*,*,#14767,.T.);
#14767 = EDGE_CURVE('',#14760,#14768,#14770,.T.);
#14768 = VERTEX_POINT('',#14769);
#14769 = CARTESIAN_POINT('',(-168.,44.,70.));
#14770 = LINE('',#14771,#14772);
#14771 = CARTESIAN_POINT('',(-125.2153879404,44.,70.));
#14772 = VECTOR('',#14773,1.);
#14773 = DIRECTION('',(-1.,0.,0.));
#14774 = ORIENTED_EDGE('',*,*,#14775,.T.);
#14775 = EDGE_CURVE('',#14768,#14328,#14776,.T.);
#14776 = LINE('',#14777,#14778);
#14777 = CARTESIAN_POINT('',(-168.,44.,70.));
#14778 = VECTOR('',#14779,1.);
#14779 = DIRECTION('',(0.,0.,-1.));
#14780 = PLANE('',#14781);
#14781 = AXIS2_PLACEMENT_3D('',#14782,#14783,#14784);
#14782 = CARTESIAN_POINT('',(-86.15161848739,44.,29.170709803922));
#14783 = DIRECTION('',(-0.,-1.,-0.));
#14784 = DIRECTION('',(0.,0.,-1.));
#14785 = ADVANCED_FACE('',(#14786),#14813,.T.);
#14786 = FACE_BOUND('',#14787,.T.);
#14787 = EDGE_LOOP('',(#14788,#14797,#14805,#14812));
#14788 = ORIENTED_EDGE('',*,*,#14789,.F.);
#14789 = EDGE_CURVE('',#14790,#14328,#14792,.T.);
#14790 = VERTEX_POINT('',#14791);
#14791 = CARTESIAN_POINT('',(-170.,46.,38.));
#14792 = ELLIPSE('',#14793,2.828427124746,2.);
#14793 = AXIS2_PLACEMENT_3D('',#14794,#14795,#14796);
#14794 = CARTESIAN_POINT('',(-168.,46.,38.));
#14795 = DIRECTION('',(0.,0.707106781187,0.707106781187));
#14796 = DIRECTION('',(0.,0.707106781187,-0.707106781187));
#14797 = ORIENTED_EDGE('',*,*,#14798,.T.);
#14798 = EDGE_CURVE('',#14790,#14799,#14801,.T.);
#14799 = VERTEX_POINT('',#14800);
#14800 = CARTESIAN_POINT('',(-170.,5.,38.));
#14801 = LINE('',#14802,#14803);
#14802 = CARTESIAN_POINT('',(-170.,44.,38.));
#14803 = VECTOR('',#14804,1.);
#14804 = DIRECTION('',(0.,-1.,0.));
#14805 = ORIENTED_EDGE('',*,*,#14806,.F.);
#14806 = EDGE_CURVE('',#14338,#14799,#14807,.T.);
#14807 = CIRCLE('',#14808,2.);
#14808 = AXIS2_PLACEMENT_3D('',#14809,#14810,#14811);
#14809 = CARTESIAN_POINT('',(-168.,5.,38.));
#14810 = DIRECTION('',(0.,-1.,0.));
#14811 = DIRECTION('',(0.,0.,1.));
#14812 = ORIENTED_EDGE('',*,*,#14337,.F.);
#14813 = CYLINDRICAL_SURFACE('',#14814,2.);
#14814 = AXIS2_PLACEMENT_3D('',#14815,#14816,#14817);
#14815 = CARTESIAN_POINT('',(-168.,44.,38.));
#14816 = DIRECTION('',(0.,-1.,0.));
#14817 = DIRECTION('',(0.,0.,1.));
#14818 = ADVANCED_FACE('',(#14819),#14837,.T.);
#14819 = FACE_BOUND('',#14820,.T.);
#14820 = EDGE_LOOP('',(#14821,#14829,#14830,#14831));
#14821 = ORIENTED_EDGE('',*,*,#14822,.F.);
#14822 = EDGE_CURVE('',#14668,#14823,#14825,.T.);
#14823 = VERTEX_POINT('',#14824);
#14824 = CARTESIAN_POINT('',(-167.,3.,0.));
#14825 = LINE('',#14826,#14827);
#14826 = CARTESIAN_POINT('',(-167.,44.,0.));
#14827 = VECTOR('',#14828,1.);
#14828 = DIRECTION('',(0.,-1.,0.));
#14829 = ORIENTED_EDGE('',*,*,#14667,.T.);
#14830 = ORIENTED_EDGE('',*,*,#14652,.F.);
#14831 = ORIENTED_EDGE('',*,*,#14832,.F.);
#14832 = EDGE_CURVE('',#14823,#14645,#14833,.T.);
#14833 = LINE('',#14834,#14835);
#14834 = CARTESIAN_POINT('',(-167.,3.,0.));
#14835 = VECTOR('',#14836,1.);
#14836 = DIRECTION('',(0.,0.,1.));
#14837 = PLANE('',#14838);
#14838 = AXIS2_PLACEMENT_3D('',#14839,#14840,#14841);
#14839 = CARTESIAN_POINT('',(-167.,44.,0.));
#14840 = DIRECTION('',(1.,0.,0.));
#14841 = DIRECTION('',(0.,-1.,0.));
#14842 = ADVANCED_FACE('',(#14843),#14863,.T.);
#14843 = FACE_BOUND('',#14844,.F.);
#14844 = EDGE_LOOP('',(#14845,#14846,#14847,#14856));
#14845 = ORIENTED_EDGE('',*,*,#14806,.F.);
#14846 = ORIENTED_EDGE('',*,*,#14345,.T.);
#14847 = ORIENTED_EDGE('',*,*,#14848,.T.);
#14848 = EDGE_CURVE('',#14346,#14849,#14851,.T.);
#14849 = VERTEX_POINT('',#14850);
#14850 = CARTESIAN_POINT('',(-165.,6.217248937901E-15,38.));
#14851 = CIRCLE('',#14852,2.);
#14852 = AXIS2_PLACEMENT_3D('',#14853,#14854,#14855);
#14853 = CARTESIAN_POINT('',(-165.,2.,38.));
#14854 = DIRECTION('',(1.,1.00846492274E-15,-2.33714269598E-31));
#14855 = DIRECTION('',(1.00846492274E-15,-1.,2.317525025688E-16));
#14856 = ORIENTED_EDGE('',*,*,#14857,.F.);
#14857 = EDGE_CURVE('',#14799,#14849,#14858,.T.);
#14858 = CIRCLE('',#14859,5.);
#14859 = AXIS2_PLACEMENT_3D('',#14860,#14861,#14862);
#14860 = CARTESIAN_POINT('',(-165.,5.,38.));
#14861 = DIRECTION('',(0.,2.317525025688E-16,1.));
#14862 = DIRECTION('',(-1.,-1.513786472548E-15,3.508238033678E-31));
#14863 = TOROIDAL_SURFACE('',#14864,3.,2.);
#14864 = AXIS2_PLACEMENT_3D('',#14865,#14866,#14867);
#14865 = CARTESIAN_POINT('',(-165.,5.,38.));
#14866 = DIRECTION('',(-0.,-2.317525025688E-16,-1.));
#14867 = DIRECTION('',(-1.,-1.513786472548E-15,3.508238033678E-31));
#14868 = ADVANCED_FACE('',(#14869),#14887,.T.);
#14869 = FACE_BOUND('',#14870,.T.);
#14870 = EDGE_LOOP('',(#14871,#14879,#14880,#14881));
#14871 = ORIENTED_EDGE('',*,*,#14872,.F.);
#14872 = EDGE_CURVE('',#14823,#14873,#14875,.T.);
#14873 = VERTEX_POINT('',#14874);
#14874 = CARTESIAN_POINT('',(-120.1315,3.,0.));
#14875 = LINE('',#14876,#14877);
#14876 = CARTESIAN_POINT('',(-167.,3.,0.));
#14877 = VECTOR('',#14878,1.);
#14878 = DIRECTION('',(1.,0.,0.));
#14879 = ORIENTED_EDGE('',*,*,#14832,.T.);
#14880 = ORIENTED_EDGE('',*,*,#14644,.F.);
#14881 = ORIENTED_EDGE('',*,*,#14882,.F.);
#14882 = EDGE_CURVE('',#14873,#14637,#14883,.T.);
#14883 = LINE('',#14884,#14885);
#14884 = CARTESIAN_POINT('',(-120.1315,3.,0.));
#14885 = VECTOR('',#14886,1.);
#14886 = DIRECTION('',(0.,0.,1.));
#14887 = PLANE('',#14888);
#14888 = AXIS2_PLACEMENT_3D('',#14889,#14890,#14891);
#14889 = CARTESIAN_POINT('',(-167.,3.,0.));
#14890 = DIRECTION('',(0.,1.,0.));
#14891 = DIRECTION('',(1.,0.,0.));
#14892 = ADVANCED_FACE('',(#14893),#14912,.T.);
#14893 = FACE_BOUND('',#14894,.T.);
#14894 = EDGE_LOOP('',(#14895,#14896,#14904,#14911));
#14895 = ORIENTED_EDGE('',*,*,#14848,.T.);
#14896 = ORIENTED_EDGE('',*,*,#14897,.T.);
#14897 = EDGE_CURVE('',#14849,#14898,#14900,.T.);
#14898 = VERTEX_POINT('',#14899);
#14899 = CARTESIAN_POINT('',(-5.,0.,38.));
#14900 = LINE('',#14901,#14902);
#14901 = CARTESIAN_POINT('',(-165.,0.,38.));
#14902 = VECTOR('',#14903,1.);
#14903 = DIRECTION('',(1.,0.,0.));
#14904 = ORIENTED_EDGE('',*,*,#14905,.F.);
#14905 = EDGE_CURVE('',#14355,#14898,#14906,.T.);
#14906 = CIRCLE('',#14907,2.);
#14907 = AXIS2_PLACEMENT_3D('',#14908,#14909,#14910);
#14908 = CARTESIAN_POINT('',(-5.,2.,38.));
#14909 = DIRECTION('',(1.,0.,0.));
#14910 = DIRECTION('',(-0.,2.317525025688E-16,1.));
#14911 = ORIENTED_EDGE('',*,*,#14354,.F.);
#14912 = CYLINDRICAL_SURFACE('',#14913,2.);
#14913 = AXIS2_PLACEMENT_3D('',#14914,#14915,#14916);
#14914 = CARTESIAN_POINT('',(-165.,2.,38.));
#14915 = DIRECTION('',(1.,0.,0.));
#14916 = DIRECTION('',(-0.,2.317525025688E-16,1.));
#14917 = ADVANCED_FACE('',(#14918),#14929,.F.);
#14918 = FACE_BOUND('',#14919,.F.);
#14919 = EDGE_LOOP('',(#14920,#14926,#14927,#14928));
#14920 = ORIENTED_EDGE('',*,*,#14921,.F.);
#14921 = EDGE_CURVE('',#14676,#14873,#14922,.T.);
#14922 = LINE('',#14923,#14924);
#14923 = CARTESIAN_POINT('',(-120.1315,44.,0.));
#14924 = VECTOR('',#14925,1.);
#14925 = DIRECTION('',(0.,-1.,0.));
#14926 = ORIENTED_EDGE('',*,*,#14683,.T.);
#14927 = ORIENTED_EDGE('',*,*,#14636,.F.);
#14928 = ORIENTED_EDGE('',*,*,#14882,.F.);
#14929 = PLANE('',#14930);
#14930 = AXIS2_PLACEMENT_3D('',#14931,#14932,#14933);
#14931 = CARTESIAN_POINT('',(-120.1315,44.,0.));
#14932 = DIRECTION('',(1.,0.,0.));
#14933 = DIRECTION('',(0.,-1.,0.));
#14934 = ADVANCED_FACE('',(#14935),#14955,.T.);
#14935 = FACE_BOUND('',#14936,.F.);
#14936 = EDGE_LOOP('',(#14937,#14938,#14939,#14948));
#14937 = ORIENTED_EDGE('',*,*,#14905,.F.);
#14938 = ORIENTED_EDGE('',*,*,#14362,.T.);
#14939 = ORIENTED_EDGE('',*,*,#14940,.T.);
#14940 = EDGE_CURVE('',#14363,#14941,#14943,.T.);
#14941 = VERTEX_POINT('',#14942);
#14942 = CARTESIAN_POINT('',(0.,5.,38.));
#14943 = CIRCLE('',#14944,2.);
#14944 = AXIS2_PLACEMENT_3D('',#14945,#14946,#14947);
#14945 = CARTESIAN_POINT('',(-2.,5.,38.));
#14946 = DIRECTION('',(2.388680238974E-16,1.,-2.317525025688E-16));
#14947 = DIRECTION('',(1.,-2.388680238974E-16,5.535826232189E-32));
#14948 = ORIENTED_EDGE('',*,*,#14949,.F.);
#14949 = EDGE_CURVE('',#14898,#14941,#14950,.T.);
#14950 = CIRCLE('',#14951,5.);
#14951 = AXIS2_PLACEMENT_3D('',#14952,#14953,#14954);
#14952 = CARTESIAN_POINT('',(-5.,5.,38.));
#14953 = DIRECTION('',(0.,2.317525025688E-16,1.));
#14954 = DIRECTION('',(-1.7763568394E-16,-1.,2.317525025688E-16));
#14955 = TOROIDAL_SURFACE('',#14956,3.,2.);
#14956 = AXIS2_PLACEMENT_3D('',#14957,#14958,#14959);
#14957 = CARTESIAN_POINT('',(-5.,5.,38.));
#14958 = DIRECTION('',(-0.,-2.317525025688E-16,-1.));
#14959 = DIRECTION('',(-1.7763568394E-16,-1.,2.317525025688E-16));
#14960 = ADVANCED_FACE('',(#14961),#14980,.T.);
#14961 = FACE_BOUND('',#14962,.T.);
#14962 = EDGE_LOOP('',(#14963,#14964,#14972,#14979));
#14963 = ORIENTED_EDGE('',*,*,#14940,.T.);
#14964 = ORIENTED_EDGE('',*,*,#14965,.T.);
#14965 = EDGE_CURVE('',#14941,#14966,#14968,.T.);
#14966 = VERTEX_POINT('',#14967);
#14967 = CARTESIAN_POINT('',(4.440892098501E-16,145.,38.));
#14968 = LINE('',#14969,#14970);
#14969 = CARTESIAN_POINT('',(4.440892098501E-16,5.,38.));
#14970 = VECTOR('',#14971,1.);
#14971 = DIRECTION('',(0.,1.,-2.22044604925E-16));
#14972 = ORIENTED_EDGE('',*,*,#14973,.F.);
#14973 = EDGE_CURVE('',#14372,#14966,#14974,.T.);
#14974 = CIRCLE('',#14975,2.);
#14975 = AXIS2_PLACEMENT_3D('',#14976,#14977,#14978);
#14976 = CARTESIAN_POINT('',(-2.,145.,38.));
#14977 = DIRECTION('',(0.,1.,-2.22044604925E-16));
#14978 = DIRECTION('',(0.,2.22044604925E-16,1.));
#14979 = ORIENTED_EDGE('',*,*,#14371,.F.);
#14980 = CYLINDRICAL_SURFACE('',#14981,2.);
#14981 = AXIS2_PLACEMENT_3D('',#14982,#14983,#14984);
#14982 = CARTESIAN_POINT('',(-2.,5.,38.));
#14983 = DIRECTION('',(0.,1.,-2.22044604925E-16));
#14984 = DIRECTION('',(0.,2.22044604925E-16,1.));
#14985 = ADVANCED_FACE('',(#14986),#15004,.T.);
#14986 = FACE_BOUND('',#14987,.T.);
#14987 = EDGE_LOOP('',(#14988,#14996,#14997,#14998));
#14988 = ORIENTED_EDGE('',*,*,#14989,.F.);
#14989 = EDGE_CURVE('',#14691,#14990,#14992,.T.);
#14990 = VERTEX_POINT('',#14991);
#14991 = CARTESIAN_POINT('',(-117.943893,2.89996,0.));
#14992 = LINE('',#14993,#14994);
#14993 = CARTESIAN_POINT('',(-117.943893,44.,0.));
#14994 = VECTOR('',#14995,1.);
#14995 = DIRECTION('',(0.,-1.,0.));
#14996 = ORIENTED_EDGE('',*,*,#14690,.T.);
#14997 = ORIENTED_EDGE('',*,*,#14620,.F.);
#14998 = ORIENTED_EDGE('',*,*,#14999,.F.);
#14999 = EDGE_CURVE('',#14990,#14613,#15000,.T.);
#15000 = LINE('',#15001,#15002);
#15001 = CARTESIAN_POINT('',(-117.943893,2.89996,0.));
#15002 = VECTOR('',#15003,1.);
#15003 = DIRECTION('',(0.,0.,1.));
#15004 = PLANE('',#15005);
#15005 = AXIS2_PLACEMENT_3D('',#15006,#15007,#15008);
#15006 = CARTESIAN_POINT('',(-117.943893,44.,0.));
#15007 = DIRECTION('',(1.,0.,0.));
#15008 = DIRECTION('',(0.,-1.,0.));
#15009 = ADVANCED_FACE('',(#15010),#15030,.T.);
#15010 = FACE_BOUND('',#15011,.F.);
#15011 = EDGE_LOOP('',(#15012,#15013,#15014,#15023));
#15012 = ORIENTED_EDGE('',*,*,#14973,.F.);
#15013 = ORIENTED_EDGE('',*,*,#14379,.T.);
#15014 = ORIENTED_EDGE('',*,*,#15015,.T.);
#15015 = EDGE_CURVE('',#14380,#15016,#15018,.T.);
#15016 = VERTEX_POINT('',#15017);
#15017 = CARTESIAN_POINT('',(-5.,150.,38.));
#15018 = CIRCLE('',#15019,2.);
#15019 = AXIS2_PLACEMENT_3D('',#15020,#15021,#15022);
#15020 = CARTESIAN_POINT('',(-5.,148.,38.));
#15021 = DIRECTION('',(-1.,1.539333409849E-16,-3.567443700203E-32));
#15022 = DIRECTION('',(1.539333409849E-16,1.,-2.317525025688E-16));
#15023 = ORIENTED_EDGE('',*,*,#15024,.F.);
#15024 = EDGE_CURVE('',#14966,#15016,#15025,.T.);
#15025 = CIRCLE('',#15026,5.);
#15026 = AXIS2_PLACEMENT_3D('',#15027,#15028,#15029);
#15027 = CARTESIAN_POINT('',(-5.,145.,38.));
#15028 = DIRECTION('',(0.,2.317525025688E-16,1.));
#15029 = DIRECTION('',(1.,-9.270100102754E-17,2.148368897877E-32));
#15030 = TOROIDAL_SURFACE('',#15031,3.,2.);
#15031 = AXIS2_PLACEMENT_3D('',#15032,#15033,#15034);
#15032 = CARTESIAN_POINT('',(-5.,145.,38.));
#15033 = DIRECTION('',(-0.,-2.317525025688E-16,-1.));
#15034 = DIRECTION('',(1.,-9.270100102754E-17,2.148368897877E-32));
#15035 = ADVANCED_FACE('',(#15036),#15054,.T.);
#15036 = FACE_BOUND('',#15037,.T.);
#15037 = EDGE_LOOP('',(#15038,#15046,#15047,#15048));
#15038 = ORIENTED_EDGE('',*,*,#15039,.F.);
#15039 = EDGE_CURVE('',#14990,#15040,#15042,.T.);
#15040 = VERTEX_POINT('',#15041);
#15041 = CARTESIAN_POINT('',(-85.,2.89996,0.));
#15042 = LINE('',#15043,#15044);
#15043 = CARTESIAN_POINT('',(-117.943893,2.89996,0.));
#15044 = VECTOR('',#15045,1.);
#15045 = DIRECTION('',(1.,0.,0.));
#15046 = ORIENTED_EDGE('',*,*,#14999,.T.);
#15047 = ORIENTED_EDGE('',*,*,#14612,.F.);
#15048 = ORIENTED_EDGE('',*,*,#15049,.F.);
#15049 = EDGE_CURVE('',#15040,#14605,#15050,.T.);
#15050 = LINE('',#15051,#15052);
#15051 = CARTESIAN_POINT('',(-85.,2.89996,0.));
#15052 = VECTOR('',#15053,1.);
#15053 = DIRECTION('',(0.,0.,1.));
#15054 = PLANE('',#15055);
#15055 = AXIS2_PLACEMENT_3D('',#15056,#15057,#15058);
#15056 = CARTESIAN_POINT('',(-117.943893,2.89996,0.));
#15057 = DIRECTION('',(0.,1.,0.));
#15058 = DIRECTION('',(1.,0.,0.));
#15059 = ADVANCED_FACE('',(#15060),#15079,.T.);
#15060 = FACE_BOUND('',#15061,.T.);
#15061 = EDGE_LOOP('',(#15062,#15063,#15071,#15078));
#15062 = ORIENTED_EDGE('',*,*,#15015,.T.);
#15063 = ORIENTED_EDGE('',*,*,#15064,.T.);
#15064 = EDGE_CURVE('',#15016,#15065,#15067,.T.);
#15065 = VERTEX_POINT('',#15066);
#15066 = CARTESIAN_POINT('',(-35.,150.,38.));
#15067 = LINE('',#15068,#15069);
#15068 = CARTESIAN_POINT('',(-5.,150.,38.));
#15069 = VECTOR('',#15070,1.);
#15070 = DIRECTION('',(-1.,0.,0.));
#15071 = ORIENTED_EDGE('',*,*,#15072,.F.);
#15072 = EDGE_CURVE('',#14389,#15065,#15073,.T.);
#15073 = CIRCLE('',#15074,2.);
#15074 = AXIS2_PLACEMENT_3D('',#15075,#15076,#15077);
#15075 = CARTESIAN_POINT('',(-35.,148.,38.));
#15076 = DIRECTION('',(-1.,0.,0.));
#15077 = DIRECTION('',(0.,0.,-1.));
#15078 = ORIENTED_EDGE('',*,*,#14388,.F.);
#15079 = CYLINDRICAL_SURFACE('',#15080,2.);
#15080 = AXIS2_PLACEMENT_3D('',#15081,#15082,#15083);
#15081 = CARTESIAN_POINT('',(-5.,148.,38.));
#15082 = DIRECTION('',(-1.,0.,0.));
#15083 = DIRECTION('',(0.,2.317525025688E-16,1.));
#15084 = ADVANCED_FACE('',(#15085),#15096,.F.);
#15085 = FACE_BOUND('',#15086,.F.);
#15086 = EDGE_LOOP('',(#15087,#15093,#15094,#15095));
#15087 = ORIENTED_EDGE('',*,*,#15088,.F.);
#15088 = EDGE_CURVE('',#14699,#15040,#15089,.T.);
#15089 = LINE('',#15090,#15091);
#15090 = CARTESIAN_POINT('',(-85.,44.,0.));
#15091 = VECTOR('',#15092,1.);
#15092 = DIRECTION('',(0.,-1.,0.));
#15093 = ORIENTED_EDGE('',*,*,#14706,.T.);
#15094 = ORIENTED_EDGE('',*,*,#14604,.F.);
#15095 = ORIENTED_EDGE('',*,*,#15049,.F.);
#15096 = PLANE('',#15097);
#15097 = AXIS2_PLACEMENT_3D('',#15098,#15099,#15100);
#15098 = CARTESIAN_POINT('',(-85.,44.,0.));
#15099 = DIRECTION('',(1.,0.,0.));
#15100 = DIRECTION('',(0.,-1.,0.));
#15101 = ADVANCED_FACE('',(#15102),#15230,.T.);
#15102 = FACE_BOUND('',#15103,.T.);
#15103 = EDGE_LOOP('',(#15104,#15114,#15123,#15129,#15130,#15131,#15139,
    #15147,#15153,#15154,#15162,#15170,#15176,#15177,#15185,#15193,
    #15199,#15200,#15208,#15216,#15222,#15223,#15224));
#15104 = ORIENTED_EDGE('',*,*,#15105,.T.);
#15105 = EDGE_CURVE('',#15106,#15108,#15110,.T.);
#15106 = VERTEX_POINT('',#15107);
#15107 = CARTESIAN_POINT('',(-35.,150.,40.));
#15108 = VERTEX_POINT('',#15109);
#15109 = CARTESIAN_POINT('',(-35.,150.,68.));
#15110 = LINE('',#15111,#15112);
#15111 = CARTESIAN_POINT('',(-35.,150.,55.7480385));
#15112 = VECTOR('',#15113,1.);
#15113 = DIRECTION('',(0.,0.,1.));
#15114 = ORIENTED_EDGE('',*,*,#15115,.T.);
#15115 = EDGE_CURVE('',#15108,#15116,#15118,.T.);
#15116 = VERTEX_POINT('',#15117);
#15117 = CARTESIAN_POINT('',(-35.,148.,70.));
#15118 = CIRCLE('',#15119,2.);
#15119 = AXIS2_PLACEMENT_3D('',#15120,#15121,#15122);
#15120 = CARTESIAN_POINT('',(-35.,148.,68.));
#15121 = DIRECTION('',(1.,-0.,0.));
#15122 = DIRECTION('',(0.,0.,-1.));
#15123 = ORIENTED_EDGE('',*,*,#15124,.T.);
#15124 = EDGE_CURVE('',#15116,#14760,#15125,.T.);
#15125 = LINE('',#15126,#15127);
#15126 = CARTESIAN_POINT('',(-35.,37.332248723952,70.));
#15127 = VECTOR('',#15128,1.);
#15128 = DIRECTION('',(0.,-1.,0.));
#15129 = ORIENTED_EDGE('',*,*,#14759,.T.);
#15130 = ORIENTED_EDGE('',*,*,#14524,.T.);
#15131 = ORIENTED_EDGE('',*,*,#15132,.F.);
#15132 = EDGE_CURVE('',#15133,#14517,#15135,.T.);
#15133 = VERTEX_POINT('',#15134);
#15134 = CARTESIAN_POINT('',(-35.,47.,0.));
#15135 = LINE('',#15136,#15137);
#15136 = CARTESIAN_POINT('',(-35.,47.,0.));
#15137 = VECTOR('',#15138,1.);
#15138 = DIRECTION('',(0.,0.,1.));
#15139 = ORIENTED_EDGE('',*,*,#15140,.F.);
#15140 = EDGE_CURVE('',#15141,#15133,#15143,.T.);
#15141 = VERTEX_POINT('',#15142);
#15142 = CARTESIAN_POINT('',(-35.,72.562552,0.));
#15143 = LINE('',#15144,#15145);
#15144 = CARTESIAN_POINT('',(-35.,72.562552,0.));
#15145 = VECTOR('',#15146,1.);
#15146 = DIRECTION('',(0.,-1.,0.));
#15147 = ORIENTED_EDGE('',*,*,#15148,.T.);
#15148 = EDGE_CURVE('',#15141,#14493,#15149,.T.);
#15149 = LINE('',#15150,#15151);
#15150 = CARTESIAN_POINT('',(-35.,72.562552,0.));
#15151 = VECTOR('',#15152,1.);
#15152 = DIRECTION('',(0.,0.,1.));
#15153 = ORIENTED_EDGE('',*,*,#14492,.T.);
#15154 = ORIENTED_EDGE('',*,*,#15155,.F.);
#15155 = EDGE_CURVE('',#15156,#14485,#15158,.T.);
#15156 = VERTEX_POINT('',#15157);
#15157 = CARTESIAN_POINT('',(-35.,74.562552,0.));
#15158 = LINE('',#15159,#15160);
#15159 = CARTESIAN_POINT('',(-35.,74.562552,0.));
#15160 = VECTOR('',#15161,1.);
#15161 = DIRECTION('',(0.,0.,1.));
#15162 = ORIENTED_EDGE('',*,*,#15163,.F.);
#15163 = EDGE_CURVE('',#15164,#15156,#15166,.T.);
#15164 = VERTEX_POINT('',#15165);
#15165 = CARTESIAN_POINT('',(-35.,97.934734,0.));
#15166 = LINE('',#15167,#15168);
#15167 = CARTESIAN_POINT('',(-35.,97.934734,0.));
#15168 = VECTOR('',#15169,1.);
#15169 = DIRECTION('',(0.,-1.,0.));
#15170 = ORIENTED_EDGE('',*,*,#15171,.T.);
#15171 = EDGE_CURVE('',#15164,#14461,#15172,.T.);
#15172 = LINE('',#15173,#15174);
#15173 = CARTESIAN_POINT('',(-35.,97.934734,0.));
#15174 = VECTOR('',#15175,1.);
#15175 = DIRECTION('',(0.,0.,1.));
#15176 = ORIENTED_EDGE('',*,*,#14460,.T.);
#15177 = ORIENTED_EDGE('',*,*,#15178,.F.);
#15178 = EDGE_CURVE('',#15179,#14453,#15181,.T.);
#15179 = VERTEX_POINT('',#15180);
#15180 = CARTESIAN_POINT('',(-35.,99.934734,0.));
#15181 = LINE('',#15182,#15183);
#15182 = CARTESIAN_POINT('',(-35.,99.934734,0.));
#15183 = VECTOR('',#15184,1.);
#15184 = DIRECTION('',(0.,0.,1.));
#15185 = ORIENTED_EDGE('',*,*,#15186,.F.);
#15186 = EDGE_CURVE('',#15187,#15179,#15189,.T.);
#15187 = VERTEX_POINT('',#15188);
#15188 = CARTESIAN_POINT('',(-35.,123.306915,0.));
#15189 = LINE('',#15190,#15191);
#15190 = CARTESIAN_POINT('',(-35.,123.306915,0.));
#15191 = VECTOR('',#15192,1.);
#15192 = DIRECTION('',(0.,-1.,0.));
#15193 = ORIENTED_EDGE('',*,*,#15194,.T.);
#15194 = EDGE_CURVE('',#15187,#14429,#15195,.T.);
#15195 = LINE('',#15196,#15197);
#15196 = CARTESIAN_POINT('',(-35.,123.306915,0.));
#15197 = VECTOR('',#15198,1.);
#15198 = DIRECTION('',(0.,0.,1.));
#15199 = ORIENTED_EDGE('',*,*,#14428,.T.);
#15200 = ORIENTED_EDGE('',*,*,#15201,.F.);
#15201 = EDGE_CURVE('',#15202,#14421,#15204,.T.);
#15202 = VERTEX_POINT('',#15203);
#15203 = CARTESIAN_POINT('',(-35.,125.306915,0.));
#15204 = LINE('',#15205,#15206);
#15205 = CARTESIAN_POINT('',(-35.,125.306915,0.));
#15206 = VECTOR('',#15207,1.);
#15207 = DIRECTION('',(0.,0.,1.));
#15208 = ORIENTED_EDGE('',*,*,#15209,.F.);
#15209 = EDGE_CURVE('',#15210,#15202,#15212,.T.);
#15210 = VERTEX_POINT('',#15211);
#15211 = CARTESIAN_POINT('',(-35.,147.,0.));
#15212 = LINE('',#15213,#15214);
#15213 = CARTESIAN_POINT('',(-35.,147.,0.));
#15214 = VECTOR('',#15215,1.);
#15215 = DIRECTION('',(0.,-1.,0.));
#15216 = ORIENTED_EDGE('',*,*,#15217,.T.);
#15217 = EDGE_CURVE('',#15210,#14397,#15218,.T.);
#15218 = LINE('',#15219,#15220);
#15219 = CARTESIAN_POINT('',(-35.,147.,0.));
#15220 = VECTOR('',#15221,1.);
#15221 = DIRECTION('',(0.,0.,1.));
#15222 = ORIENTED_EDGE('',*,*,#14396,.T.);
#15223 = ORIENTED_EDGE('',*,*,#15072,.T.);
#15224 = ORIENTED_EDGE('',*,*,#15225,.F.);
#15225 = EDGE_CURVE('',#15106,#15065,#15226,.T.);
#15226 = LINE('',#15227,#15228);
#15227 = CARTESIAN_POINT('',(-35.,150.,31.614864864865));
#15228 = VECTOR('',#15229,1.);
#15229 = DIRECTION('',(0.,0.,-1.));
#15230 = PLANE('',#15231);
#15231 = AXIS2_PLACEMENT_3D('',#15232,#15233,#15234);
#15232 = CARTESIAN_POINT('',(-35.,97.784351486486,29.72972972973));
#15233 = DIRECTION('',(1.,-2.441173818484E-16,0.));
#15234 = DIRECTION('',(2.441173818484E-16,1.,0.));
#15235 = ADVANCED_FACE('',(#15236),#15254,.T.);
#15236 = FACE_BOUND('',#15237,.T.);
#15237 = EDGE_LOOP('',(#15238,#15246,#15252,#15253));
#15238 = ORIENTED_EDGE('',*,*,#15239,.F.);
#15239 = EDGE_CURVE('',#15240,#15210,#15242,.T.);
#15240 = VERTEX_POINT('',#15241);
#15241 = CARTESIAN_POINT('',(-3.,147.,0.));
#15242 = LINE('',#15243,#15244);
#15243 = CARTESIAN_POINT('',(-3.,147.,0.));
#15244 = VECTOR('',#15245,1.);
#15245 = DIRECTION('',(-1.,0.,0.));
#15246 = ORIENTED_EDGE('',*,*,#15247,.T.);
#15247 = EDGE_CURVE('',#15240,#14405,#15248,.T.);
#15248 = LINE('',#15249,#15250);
#15249 = CARTESIAN_POINT('',(-3.,147.,0.));
#15250 = VECTOR('',#15251,1.);
#15251 = DIRECTION('',(0.,0.,1.));
#15252 = ORIENTED_EDGE('',*,*,#14404,.F.);
#15253 = ORIENTED_EDGE('',*,*,#15217,.F.);
#15254 = PLANE('',#15255);
#15255 = AXIS2_PLACEMENT_3D('',#15256,#15257,#15258);
#15256 = CARTESIAN_POINT('',(-3.,147.,0.));
#15257 = DIRECTION('',(0.,-1.,0.));
#15258 = DIRECTION('',(-1.,0.,0.));
#15259 = ADVANCED_FACE('',(#15260),#15278,.T.);
#15260 = FACE_BOUND('',#15261,.T.);
#15261 = EDGE_LOOP('',(#15262,#15270,#15271,#15272));
#15262 = ORIENTED_EDGE('',*,*,#15263,.F.);
#15263 = EDGE_CURVE('',#14714,#15264,#15266,.T.);
#15264 = VERTEX_POINT('',#15265);
#15265 = CARTESIAN_POINT('',(-82.578094,2.89996,0.));
#15266 = LINE('',#15267,#15268);
#15267 = CARTESIAN_POINT('',(-82.578094,44.,0.));
#15268 = VECTOR('',#15269,1.);
#15269 = DIRECTION('',(0.,-1.,0.));
#15270 = ORIENTED_EDGE('',*,*,#14713,.T.);
#15271 = ORIENTED_EDGE('',*,*,#14588,.F.);
#15272 = ORIENTED_EDGE('',*,*,#15273,.F.);
#15273 = EDGE_CURVE('',#15264,#14581,#15274,.T.);
#15274 = LINE('',#15275,#15276);
#15275 = CARTESIAN_POINT('',(-82.578094,2.89996,0.));
#15276 = VECTOR('',#15277,1.);
#15277 = DIRECTION('',(0.,0.,1.));
#15278 = PLANE('',#15279);
#15279 = AXIS2_PLACEMENT_3D('',#15280,#15281,#15282);
#15280 = CARTESIAN_POINT('',(-82.578094,44.,0.));
#15281 = DIRECTION('',(1.,0.,0.));
#15282 = DIRECTION('',(0.,-1.,0.));
#15283 = ADVANCED_FACE('',(#15284),#15302,.T.);
#15284 = FACE_BOUND('',#15285,.T.);
#15285 = EDGE_LOOP('',(#15286,#15294,#15300,#15301));
#15286 = ORIENTED_EDGE('',*,*,#15287,.F.);
#15287 = EDGE_CURVE('',#15288,#15240,#15290,.T.);
#15288 = VERTEX_POINT('',#15289);
#15289 = CARTESIAN_POINT('',(-3.,125.306915,0.));
#15290 = LINE('',#15291,#15292);
#15291 = CARTESIAN_POINT('',(-3.,125.306915,0.));
#15292 = VECTOR('',#15293,1.);
#15293 = DIRECTION('',(0.,1.,0.));
#15294 = ORIENTED_EDGE('',*,*,#15295,.T.);
#15295 = EDGE_CURVE('',#15288,#14413,#15296,.T.);
#15296 = LINE('',#15297,#15298);
#15297 = CARTESIAN_POINT('',(-3.,125.306915,0.));
#15298 = VECTOR('',#15299,1.);
#15299 = DIRECTION('',(0.,0.,1.));
#15300 = ORIENTED_EDGE('',*,*,#14412,.F.);
#15301 = ORIENTED_EDGE('',*,*,#15247,.F.);
#15302 = PLANE('',#15303);
#15303 = AXIS2_PLACEMENT_3D('',#15304,#15305,#15306);
#15304 = CARTESIAN_POINT('',(-3.,125.306915,0.));
#15305 = DIRECTION('',(-1.,0.,0.));
#15306 = DIRECTION('',(0.,1.,0.));
#15307 = ADVANCED_FACE('',(#15308),#15326,.T.);
#15308 = FACE_BOUND('',#15309,.T.);
#15309 = EDGE_LOOP('',(#15310,#15318,#15319,#15320));
#15310 = ORIENTED_EDGE('',*,*,#15311,.F.);
#15311 = EDGE_CURVE('',#15264,#15312,#15314,.T.);
#15312 = VERTEX_POINT('',#15313);
#15313 = CARTESIAN_POINT('',(-44.23278,2.89996,0.));
#15314 = LINE('',#15315,#15316);
#15315 = CARTESIAN_POINT('',(-82.578094,2.89996,0.));
#15316 = VECTOR('',#15317,1.);
#15317 = DIRECTION('',(1.,0.,0.));
#15318 = ORIENTED_EDGE('',*,*,#15273,.T.);
#15319 = ORIENTED_EDGE('',*,*,#14580,.F.);
#15320 = ORIENTED_EDGE('',*,*,#15321,.F.);
#15321 = EDGE_CURVE('',#15312,#14573,#15322,.T.);
#15322 = LINE('',#15323,#15324);
#15323 = CARTESIAN_POINT('',(-44.23278,2.89996,0.));
#15324 = VECTOR('',#15325,1.);
#15325 = DIRECTION('',(0.,0.,1.));
#15326 = PLANE('',#15327);
#15327 = AXIS2_PLACEMENT_3D('',#15328,#15329,#15330);
#15328 = CARTESIAN_POINT('',(-82.578094,2.89996,0.));
#15329 = DIRECTION('',(0.,1.,0.));
#15330 = DIRECTION('',(1.,0.,0.));
#15331 = ADVANCED_FACE('',(#15332),#15343,.F.);
#15332 = FACE_BOUND('',#15333,.F.);
#15333 = EDGE_LOOP('',(#15334,#15340,#15341,#15342));
#15334 = ORIENTED_EDGE('',*,*,#15335,.F.);
#15335 = EDGE_CURVE('',#15288,#15202,#15336,.T.);
#15336 = LINE('',#15337,#15338);
#15337 = CARTESIAN_POINT('',(-3.,125.306915,0.));
#15338 = VECTOR('',#15339,1.);
#15339 = DIRECTION('',(-1.,0.,0.));
#15340 = ORIENTED_EDGE('',*,*,#15295,.T.);
#15341 = ORIENTED_EDGE('',*,*,#14420,.F.);
#15342 = ORIENTED_EDGE('',*,*,#15201,.F.);
#15343 = PLANE('',#15344);
#15344 = AXIS2_PLACEMENT_3D('',#15345,#15346,#15347);
#15345 = CARTESIAN_POINT('',(-3.,125.306915,0.));
#15346 = DIRECTION('',(0.,-1.,0.));
#15347 = DIRECTION('',(-1.,0.,0.));
#15348 = ADVANCED_FACE('',(#15349),#15360,.F.);
#15349 = FACE_BOUND('',#15350,.F.);
#15350 = EDGE_LOOP('',(#15351,#15357,#15358,#15359));
#15351 = ORIENTED_EDGE('',*,*,#15352,.F.);
#15352 = EDGE_CURVE('',#14722,#15312,#15353,.T.);
#15353 = LINE('',#15354,#15355);
#15354 = CARTESIAN_POINT('',(-44.23278,44.,0.));
#15355 = VECTOR('',#15356,1.);
#15356 = DIRECTION('',(0.,-1.,0.));
#15357 = ORIENTED_EDGE('',*,*,#14729,.T.);
#15358 = ORIENTED_EDGE('',*,*,#14572,.F.);
#15359 = ORIENTED_EDGE('',*,*,#15321,.F.);
#15360 = PLANE('',#15361);
#15361 = AXIS2_PLACEMENT_3D('',#15362,#15363,#15364);
#15362 = CARTESIAN_POINT('',(-44.23278,44.,0.));
#15363 = DIRECTION('',(1.,0.,0.));
#15364 = DIRECTION('',(0.,-1.,0.));
#15365 = ADVANCED_FACE('',(#15366),#15384,.F.);
#15366 = FACE_BOUND('',#15367,.F.);
#15367 = EDGE_LOOP('',(#15368,#15376,#15377,#15378));
#15368 = ORIENTED_EDGE('',*,*,#15369,.F.);
#15369 = EDGE_CURVE('',#15187,#15370,#15372,.T.);
#15370 = VERTEX_POINT('',#15371);
#15371 = CARTESIAN_POINT('',(-3.,123.306915,0.));
#15372 = LINE('',#15373,#15374);
#15373 = CARTESIAN_POINT('',(-35.,123.306915,0.));
#15374 = VECTOR('',#15375,1.);
#15375 = DIRECTION('',(1.,0.,0.));
#15376 = ORIENTED_EDGE('',*,*,#15194,.T.);
#15377 = ORIENTED_EDGE('',*,*,#14436,.F.);
#15378 = ORIENTED_EDGE('',*,*,#15379,.F.);
#15379 = EDGE_CURVE('',#15370,#14437,#15380,.T.);
#15380 = LINE('',#15381,#15382);
#15381 = CARTESIAN_POINT('',(-3.,123.306915,0.));
#15382 = VECTOR('',#15383,1.);
#15383 = DIRECTION('',(0.,0.,1.));
#15384 = PLANE('',#15385);
#15385 = AXIS2_PLACEMENT_3D('',#15386,#15387,#15388);
#15386 = CARTESIAN_POINT('',(-35.,123.306915,0.));
#15387 = DIRECTION('',(0.,1.,0.));
#15388 = DIRECTION('',(1.,0.,0.));
#15389 = ADVANCED_FACE('',(#15390),#15408,.T.);
#15390 = FACE_BOUND('',#15391,.T.);
#15391 = EDGE_LOOP('',(#15392,#15400,#15401,#15402));
#15392 = ORIENTED_EDGE('',*,*,#15393,.F.);
#15393 = EDGE_CURVE('',#14737,#15394,#15396,.T.);
#15394 = VERTEX_POINT('',#15395);
#15395 = CARTESIAN_POINT('',(-41.895123,2.89996,0.));
#15396 = LINE('',#15397,#15398);
#15397 = CARTESIAN_POINT('',(-41.895123,44.,0.));
#15398 = VECTOR('',#15399,1.);
#15399 = DIRECTION('',(0.,-1.,0.));
#15400 = ORIENTED_EDGE('',*,*,#14736,.T.);
#15401 = ORIENTED_EDGE('',*,*,#14556,.F.);
#15402 = ORIENTED_EDGE('',*,*,#15403,.F.);
#15403 = EDGE_CURVE('',#15394,#14549,#15404,.T.);
#15404 = LINE('',#15405,#15406);
#15405 = CARTESIAN_POINT('',(-41.895123,2.89996,0.));
#15406 = VECTOR('',#15407,1.);
#15407 = DIRECTION('',(0.,0.,1.));
#15408 = PLANE('',#15409);
#15409 = AXIS2_PLACEMENT_3D('',#15410,#15411,#15412);
#15410 = CARTESIAN_POINT('',(-41.895123,44.,0.));
#15411 = DIRECTION('',(1.,0.,0.));
#15412 = DIRECTION('',(0.,-1.,0.));
#15413 = ADVANCED_FACE('',(#15414),#15432,.T.);
#15414 = FACE_BOUND('',#15415,.T.);
#15415 = EDGE_LOOP('',(#15416,#15424,#15430,#15431));
#15416 = ORIENTED_EDGE('',*,*,#15417,.F.);
#15417 = EDGE_CURVE('',#15418,#15370,#15420,.T.);
#15418 = VERTEX_POINT('',#15419);
#15419 = CARTESIAN_POINT('',(-3.,99.934734,0.));
#15420 = LINE('',#15421,#15422);
#15421 = CARTESIAN_POINT('',(-3.,99.934734,0.));
#15422 = VECTOR('',#15423,1.);
#15423 = DIRECTION('',(0.,1.,0.));
#15424 = ORIENTED_EDGE('',*,*,#15425,.T.);
#15425 = EDGE_CURVE('',#15418,#14445,#15426,.T.);
#15426 = LINE('',#15427,#15428);
#15427 = CARTESIAN_POINT('',(-3.,99.934734,0.));
#15428 = VECTOR('',#15429,1.);
#15429 = DIRECTION('',(0.,0.,1.));
#15430 = ORIENTED_EDGE('',*,*,#14444,.F.);
#15431 = ORIENTED_EDGE('',*,*,#15379,.F.);
#15432 = PLANE('',#15433);
#15433 = AXIS2_PLACEMENT_3D('',#15434,#15435,#15436);
#15434 = CARTESIAN_POINT('',(-3.,99.934734,0.));
#15435 = DIRECTION('',(-1.,0.,0.));
#15436 = DIRECTION('',(0.,1.,0.));
#15437 = ADVANCED_FACE('',(#15438),#15456,.T.);
#15438 = FACE_BOUND('',#15439,.T.);
#15439 = EDGE_LOOP('',(#15440,#15448,#15449,#15450));
#15440 = ORIENTED_EDGE('',*,*,#15441,.F.);
#15441 = EDGE_CURVE('',#15394,#15442,#15444,.T.);
#15442 = VERTEX_POINT('',#15443);
#15443 = CARTESIAN_POINT('',(-3.,2.89996,0.));
#15444 = LINE('',#15445,#15446);
#15445 = CARTESIAN_POINT('',(-41.895123,2.89996,0.));
#15446 = VECTOR('',#15447,1.);
#15447 = DIRECTION('',(1.,0.,0.));
#15448 = ORIENTED_EDGE('',*,*,#15403,.T.);
#15449 = ORIENTED_EDGE('',*,*,#14548,.F.);
#15450 = ORIENTED_EDGE('',*,*,#15451,.F.);
#15451 = EDGE_CURVE('',#15442,#14541,#15452,.T.);
#15452 = LINE('',#15453,#15454);
#15453 = CARTESIAN_POINT('',(-3.,2.89996,0.));
#15454 = VECTOR('',#15455,1.);
#15455 = DIRECTION('',(0.,0.,1.));
#15456 = PLANE('',#15457);
#15457 = AXIS2_PLACEMENT_3D('',#15458,#15459,#15460);
#15458 = CARTESIAN_POINT('',(-41.895123,2.89996,0.));
#15459 = DIRECTION('',(0.,1.,0.));
#15460 = DIRECTION('',(1.,0.,0.));
#15461 = ADVANCED_FACE('',(#15462),#15473,.F.);
#15462 = FACE_BOUND('',#15463,.F.);
#15463 = EDGE_LOOP('',(#15464,#15470,#15471,#15472));
#15464 = ORIENTED_EDGE('',*,*,#15465,.F.);
#15465 = EDGE_CURVE('',#15418,#15179,#15466,.T.);
#15466 = LINE('',#15467,#15468);
#15467 = CARTESIAN_POINT('',(-3.,99.934734,0.));
#15468 = VECTOR('',#15469,1.);
#15469 = DIRECTION('',(-1.,0.,0.));
#15470 = ORIENTED_EDGE('',*,*,#15425,.T.);
#15471 = ORIENTED_EDGE('',*,*,#14452,.F.);
#15472 = ORIENTED_EDGE('',*,*,#15178,.F.);
#15473 = PLANE('',#15474);
#15474 = AXIS2_PLACEMENT_3D('',#15475,#15476,#15477);
#15475 = CARTESIAN_POINT('',(-3.,99.934734,0.));
#15476 = DIRECTION('',(0.,-1.,0.));
#15477 = DIRECTION('',(-1.,0.,0.));
#15478 = ADVANCED_FACE('',(#15479),#15490,.T.);
#15479 = FACE_BOUND('',#15480,.T.);
#15480 = EDGE_LOOP('',(#15481,#15487,#15488,#15489));
#15481 = ORIENTED_EDGE('',*,*,#15482,.F.);
#15482 = EDGE_CURVE('',#15442,#14745,#15483,.T.);
#15483 = LINE('',#15484,#15485);
#15484 = CARTESIAN_POINT('',(-3.,2.89996,0.));
#15485 = VECTOR('',#15486,1.);
#15486 = DIRECTION('',(0.,1.,0.));
#15487 = ORIENTED_EDGE('',*,*,#15451,.T.);
#15488 = ORIENTED_EDGE('',*,*,#14540,.F.);
#15489 = ORIENTED_EDGE('',*,*,#14752,.F.);
#15490 = PLANE('',#15491);
#15491 = AXIS2_PLACEMENT_3D('',#15492,#15493,#15494);
#15492 = CARTESIAN_POINT('',(-3.,2.89996,0.));
#15493 = DIRECTION('',(-1.,0.,0.));
#15494 = DIRECTION('',(0.,1.,0.));
#15495 = ADVANCED_FACE('',(#15496),#15514,.F.);
#15496 = FACE_BOUND('',#15497,.F.);
#15497 = EDGE_LOOP('',(#15498,#15506,#15507,#15508));
#15498 = ORIENTED_EDGE('',*,*,#15499,.F.);
#15499 = EDGE_CURVE('',#15164,#15500,#15502,.T.);
#15500 = VERTEX_POINT('',#15501);
#15501 = CARTESIAN_POINT('',(-3.,97.934734,0.));
#15502 = LINE('',#15503,#15504);
#15503 = CARTESIAN_POINT('',(-35.,97.934734,0.));
#15504 = VECTOR('',#15505,1.);
#15505 = DIRECTION('',(1.,0.,0.));
#15506 = ORIENTED_EDGE('',*,*,#15171,.T.);
#15507 = ORIENTED_EDGE('',*,*,#14468,.F.);
#15508 = ORIENTED_EDGE('',*,*,#15509,.F.);
#15509 = EDGE_CURVE('',#15500,#14469,#15510,.T.);
#15510 = LINE('',#15511,#15512);
#15511 = CARTESIAN_POINT('',(-3.,97.934734,0.));
#15512 = VECTOR('',#15513,1.);
#15513 = DIRECTION('',(0.,0.,1.));
#15514 = PLANE('',#15515);
#15515 = AXIS2_PLACEMENT_3D('',#15516,#15517,#15518);
#15516 = CARTESIAN_POINT('',(-35.,97.934734,0.));
#15517 = DIRECTION('',(0.,1.,0.));
#15518 = DIRECTION('',(1.,0.,0.));
#15519 = ADVANCED_FACE('',(#15520),#15538,.T.);
#15520 = FACE_BOUND('',#15521,.T.);
#15521 = EDGE_LOOP('',(#15522,#15530,#15536,#15537));
#15522 = ORIENTED_EDGE('',*,*,#15523,.F.);
#15523 = EDGE_CURVE('',#15524,#15500,#15526,.T.);
#15524 = VERTEX_POINT('',#15525);
#15525 = CARTESIAN_POINT('',(-3.,74.562552,0.));
#15526 = LINE('',#15527,#15528);
#15527 = CARTESIAN_POINT('',(-3.,74.562552,0.));
#15528 = VECTOR('',#15529,1.);
#15529 = DIRECTION('',(0.,1.,0.));
#15530 = ORIENTED_EDGE('',*,*,#15531,.T.);
#15531 = EDGE_CURVE('',#15524,#14477,#15532,.T.);
#15532 = LINE('',#15533,#15534);
#15533 = CARTESIAN_POINT('',(-3.,74.562552,0.));
#15534 = VECTOR('',#15535,1.);
#15535 = DIRECTION('',(0.,0.,1.));
#15536 = ORIENTED_EDGE('',*,*,#14476,.F.);
#15537 = ORIENTED_EDGE('',*,*,#15509,.F.);
#15538 = PLANE('',#15539);
#15539 = AXIS2_PLACEMENT_3D('',#15540,#15541,#15542);
#15540 = CARTESIAN_POINT('',(-3.,74.562552,0.));
#15541 = DIRECTION('',(-1.,0.,0.));
#15542 = DIRECTION('',(0.,1.,0.));
#15543 = ADVANCED_FACE('',(#15544),#15562,.T.);
#15544 = FACE_BOUND('',#15545,.T.);
#15545 = EDGE_LOOP('',(#15546,#15554,#15555,#15556));
#15546 = ORIENTED_EDGE('',*,*,#15547,.F.);
#15547 = EDGE_CURVE('',#15133,#15548,#15550,.T.);
#15548 = VERTEX_POINT('',#15549);
#15549 = CARTESIAN_POINT('',(-3.,47.,0.));
#15550 = LINE('',#15551,#15552);
#15551 = CARTESIAN_POINT('',(-35.,47.,0.));
#15552 = VECTOR('',#15553,1.);
#15553 = DIRECTION('',(1.,0.,0.));
#15554 = ORIENTED_EDGE('',*,*,#15132,.T.);
#15555 = ORIENTED_EDGE('',*,*,#14516,.F.);
#15556 = ORIENTED_EDGE('',*,*,#15557,.F.);
#15557 = EDGE_CURVE('',#15548,#14509,#15558,.T.);
#15558 = LINE('',#15559,#15560);
#15559 = CARTESIAN_POINT('',(-3.,47.,0.));
#15560 = VECTOR('',#15561,1.);
#15561 = DIRECTION('',(0.,0.,1.));
#15562 = PLANE('',#15563);
#15563 = AXIS2_PLACEMENT_3D('',#15564,#15565,#15566);
#15564 = CARTESIAN_POINT('',(-35.,47.,0.));
#15565 = DIRECTION('',(0.,1.,0.));
#15566 = DIRECTION('',(1.,0.,0.));
#15567 = ADVANCED_FACE('',(#15568),#15579,.F.);
#15568 = FACE_BOUND('',#15569,.F.);
#15569 = EDGE_LOOP('',(#15570,#15576,#15577,#15578));
#15570 = ORIENTED_EDGE('',*,*,#15571,.F.);
#15571 = EDGE_CURVE('',#15524,#15156,#15572,.T.);
#15572 = LINE('',#15573,#15574);
#15573 = CARTESIAN_POINT('',(-3.,74.562552,0.));
#15574 = VECTOR('',#15575,1.);
#15575 = DIRECTION('',(-1.,0.,0.));
#15576 = ORIENTED_EDGE('',*,*,#15531,.T.);
#15577 = ORIENTED_EDGE('',*,*,#14484,.F.);
#15578 = ORIENTED_EDGE('',*,*,#15155,.F.);
#15579 = PLANE('',#15580);
#15580 = AXIS2_PLACEMENT_3D('',#15581,#15582,#15583);
#15581 = CARTESIAN_POINT('',(-3.,74.562552,0.));
#15582 = DIRECTION('',(0.,-1.,0.));
#15583 = DIRECTION('',(-1.,0.,0.));
#15584 = ADVANCED_FACE('',(#15585),#15603,.T.);
#15585 = FACE_BOUND('',#15586,.T.);
#15586 = EDGE_LOOP('',(#15587,#15595,#15596,#15597));
#15587 = ORIENTED_EDGE('',*,*,#15588,.F.);
#15588 = EDGE_CURVE('',#15548,#15589,#15591,.T.);
#15589 = VERTEX_POINT('',#15590);
#15590 = CARTESIAN_POINT('',(-3.,72.562552,0.));
#15591 = LINE('',#15592,#15593);
#15592 = CARTESIAN_POINT('',(-3.,47.,0.));
#15593 = VECTOR('',#15594,1.);
#15594 = DIRECTION('',(0.,1.,0.));
#15595 = ORIENTED_EDGE('',*,*,#15557,.T.);
#15596 = ORIENTED_EDGE('',*,*,#14508,.F.);
#15597 = ORIENTED_EDGE('',*,*,#15598,.F.);
#15598 = EDGE_CURVE('',#15589,#14501,#15599,.T.);
#15599 = LINE('',#15600,#15601);
#15600 = CARTESIAN_POINT('',(-3.,72.562552,0.));
#15601 = VECTOR('',#15602,1.);
#15602 = DIRECTION('',(0.,0.,1.));
#15603 = PLANE('',#15604);
#15604 = AXIS2_PLACEMENT_3D('',#15605,#15606,#15607);
#15605 = CARTESIAN_POINT('',(-3.,59.781276,35.));
#15606 = DIRECTION('',(-1.,-0.,-0.));
#15607 = DIRECTION('',(0.,0.,-1.));
#15608 = ADVANCED_FACE('',(#15609),#15620,.F.);
#15609 = FACE_BOUND('',#15610,.F.);
#15610 = EDGE_LOOP('',(#15611,#15617,#15618,#15619));
#15611 = ORIENTED_EDGE('',*,*,#15612,.F.);
#15612 = EDGE_CURVE('',#15141,#15589,#15613,.T.);
#15613 = LINE('',#15614,#15615);
#15614 = CARTESIAN_POINT('',(-35.,72.562552,0.));
#15615 = VECTOR('',#15616,1.);
#15616 = DIRECTION('',(1.,0.,0.));
#15617 = ORIENTED_EDGE('',*,*,#15148,.T.);
#15618 = ORIENTED_EDGE('',*,*,#14500,.F.);
#15619 = ORIENTED_EDGE('',*,*,#15598,.F.);
#15620 = PLANE('',#15621);
#15621 = AXIS2_PLACEMENT_3D('',#15622,#15623,#15624);
#15622 = CARTESIAN_POINT('',(-35.,72.562552,0.));
#15623 = DIRECTION('',(0.,1.,0.));
#15624 = DIRECTION('',(1.,0.,0.));
#15625 = ADVANCED_FACE('',(#15626),#15645,.T.);
#15626 = FACE_BOUND('',#15627,.F.);
#15627 = EDGE_LOOP('',(#15628,#15637,#15638,#15639));
#15628 = ORIENTED_EDGE('',*,*,#15629,.T.);
#15629 = EDGE_CURVE('',#15630,#14768,#15632,.T.);
#15630 = VERTEX_POINT('',#15631);
#15631 = CARTESIAN_POINT('',(-170.,46.,68.));
#15632 = ELLIPSE('',#15633,2.828427124746,2.);
#15633 = AXIS2_PLACEMENT_3D('',#15634,#15635,#15636);
#15634 = CARTESIAN_POINT('',(-168.,46.,68.));
#15635 = DIRECTION('',(-0.,0.707106781187,0.707106781187));
#15636 = DIRECTION('',(0.,-0.707106781187,0.707106781187));
#15637 = ORIENTED_EDGE('',*,*,#14775,.T.);
#15638 = ORIENTED_EDGE('',*,*,#14789,.F.);
#15639 = ORIENTED_EDGE('',*,*,#15640,.F.);
#15640 = EDGE_CURVE('',#15630,#14790,#15641,.T.);
#15641 = LINE('',#15642,#15643);
#15642 = CARTESIAN_POINT('',(-170.,46.,70.));
#15643 = VECTOR('',#15644,1.);
#15644 = DIRECTION('',(0.,0.,-1.));
#15645 = CYLINDRICAL_SURFACE('',#15646,2.);
#15646 = AXIS2_PLACEMENT_3D('',#15647,#15648,#15649);
#15647 = CARTESIAN_POINT('',(-168.,46.,70.));
#15648 = DIRECTION('',(0.,0.,-1.));
#15649 = DIRECTION('',(-1.,-0.,-0.));
#15650 = ADVANCED_FACE('',(#15651,#15678,#15748,#15818,#15888),#15958,
  .T.);
#15651 = FACE_BOUND('',#15652,.T.);
#15652 = EDGE_LOOP('',(#15653,#15654,#15662,#15671,#15677));
#15653 = ORIENTED_EDGE('',*,*,#15124,.F.);
#15654 = ORIENTED_EDGE('',*,*,#15655,.T.);
#15655 = EDGE_CURVE('',#15116,#15656,#15658,.T.);
#15656 = VERTEX_POINT('',#15657);
#15657 = CARTESIAN_POINT('',(-165.,148.,70.));
#15658 = LINE('',#15659,#15660);
#15659 = CARTESIAN_POINT('',(-35.,148.,70.));
#15660 = VECTOR('',#15661,1.);
#15661 = DIRECTION('',(-1.,0.,0.));
#15662 = ORIENTED_EDGE('',*,*,#15663,.T.);
#15663 = EDGE_CURVE('',#15656,#15664,#15666,.T.);
#15664 = VERTEX_POINT('',#15665);
#15665 = CARTESIAN_POINT('',(-168.,145.,70.));
#15666 = CIRCLE('',#15667,3.);
#15667 = AXIS2_PLACEMENT_3D('',#15668,#15669,#15670);
#15668 = CARTESIAN_POINT('',(-165.,145.,70.));
#15669 = DIRECTION('',(0.,0.,1.));
#15670 = DIRECTION('',(0.,1.,-0.));
#15671 = ORIENTED_EDGE('',*,*,#15672,.T.);
#15672 = EDGE_CURVE('',#15664,#14768,#15673,.T.);
#15673 = LINE('',#15674,#15675);
#15674 = CARTESIAN_POINT('',(-168.,145.,70.));
#15675 = VECTOR('',#15676,1.);
#15676 = DIRECTION('',(0.,-1.,0.));
#15677 = ORIENTED_EDGE('',*,*,#14767,.F.);
#15678 = FACE_BOUND('',#15679,.T.);
#15679 = EDGE_LOOP('',(#15680,#15690,#15699,#15707,#15716,#15724,#15733,
    #15741));
#15680 = ORIENTED_EDGE('',*,*,#15681,.F.);
#15681 = EDGE_CURVE('',#15682,#15684,#15686,.T.);
#15682 = VERTEX_POINT('',#15683);
#15683 = CARTESIAN_POINT('',(-137.,52.,70.));
#15684 = VERTEX_POINT('',#15685);
#15685 = CARTESIAN_POINT('',(-137.,142.,70.));
#15686 = LINE('',#15687,#15688);
#15687 = CARTESIAN_POINT('',(-137.,52.,70.));
#15688 = VECTOR('',#15689,1.);
#15689 = DIRECTION('',(0.,1.,0.));
#15690 = ORIENTED_EDGE('',*,*,#15691,.F.);
#15691 = EDGE_CURVE('',#15692,#15682,#15694,.T.);
#15692 = VERTEX_POINT('',#15693);
#15693 = CARTESIAN_POINT('',(-142.,47.,70.));
#15694 = CIRCLE('',#15695,5.);
#15695 = AXIS2_PLACEMENT_3D('',#15696,#15697,#15698);
#15696 = CARTESIAN_POINT('',(-142.,52.,70.));
#15697 = DIRECTION('',(0.,0.,1.));
#15698 = DIRECTION('',(1.,0.,0.));
#15699 = ORIENTED_EDGE('',*,*,#15700,.F.);
#15700 = EDGE_CURVE('',#15701,#15692,#15703,.T.);
#15701 = VERTEX_POINT('',#15702);
#15702 = CARTESIAN_POINT('',(-162.,47.,70.));
#15703 = LINE('',#15704,#15705);
#15704 = CARTESIAN_POINT('',(-162.,47.,70.));
#15705 = VECTOR('',#15706,1.);
#15706 = DIRECTION('',(1.,0.,0.));
#15707 = ORIENTED_EDGE('',*,*,#15708,.F.);
#15708 = EDGE_CURVE('',#15709,#15701,#15711,.T.);
#15709 = VERTEX_POINT('',#15710);
#15710 = CARTESIAN_POINT('',(-167.,52.,70.));
#15711 = CIRCLE('',#15712,5.);
#15712 = AXIS2_PLACEMENT_3D('',#15713,#15714,#15715);
#15713 = CARTESIAN_POINT('',(-162.,52.,70.));
#15714 = DIRECTION('',(0.,0.,1.));
#15715 = DIRECTION('',(1.,0.,0.));
#15716 = ORIENTED_EDGE('',*,*,#15717,.F.);
#15717 = EDGE_CURVE('',#15718,#15709,#15720,.T.);
#15718 = VERTEX_POINT('',#15719);
#15719 = CARTESIAN_POINT('',(-167.,142.,70.));
#15720 = LINE('',#15721,#15722);
#15721 = CARTESIAN_POINT('',(-167.,142.,70.));
#15722 = VECTOR('',#15723,1.);
#15723 = DIRECTION('',(0.,-1.,0.));
#15724 = ORIENTED_EDGE('',*,*,#15725,.F.);
#15725 = EDGE_CURVE('',#15726,#15718,#15728,.T.);
#15726 = VERTEX_POINT('',#15727);
#15727 = CARTESIAN_POINT('',(-162.,147.,70.));
#15728 = CIRCLE('',#15729,5.);
#15729 = AXIS2_PLACEMENT_3D('',#15730,#15731,#15732);
#15730 = CARTESIAN_POINT('',(-162.,142.,70.));
#15731 = DIRECTION('',(0.,0.,1.));
#15732 = DIRECTION('',(1.,0.,0.));
#15733 = ORIENTED_EDGE('',*,*,#15734,.F.);
#15734 = EDGE_CURVE('',#15735,#15726,#15737,.T.);
#15735 = VERTEX_POINT('',#15736);
#15736 = CARTESIAN_POINT('',(-142.,147.,70.));
#15737 = LINE('',#15738,#15739);
#15738 = CARTESIAN_POINT('',(-142.,147.,70.));
#15739 = VECTOR('',#15740,1.);
#15740 = DIRECTION('',(-1.,0.,0.));
#15741 = ORIENTED_EDGE('',*,*,#15742,.F.);
#15742 = EDGE_CURVE('',#15684,#15735,#15743,.T.);
#15743 = CIRCLE('',#15744,5.);
#15744 = AXIS2_PLACEMENT_3D('',#15745,#15746,#15747);
#15745 = CARTESIAN_POINT('',(-142.,142.,70.));
#15746 = DIRECTION('',(0.,0.,1.));
#15747 = DIRECTION('',(1.,0.,0.));
#15748 = FACE_BOUND('',#15749,.T.);
#15749 = EDGE_LOOP('',(#15750,#15760,#15769,#15777,#15786,#15794,#15803,
    #15811));
#15750 = ORIENTED_EDGE('',*,*,#15751,.F.);
#15751 = EDGE_CURVE('',#15752,#15754,#15756,.T.);
#15752 = VERTEX_POINT('',#15753);
#15753 = CARTESIAN_POINT('',(-104.,51.999998464102,70.));
#15754 = VERTEX_POINT('',#15755);
#15755 = CARTESIAN_POINT('',(-104.,141.9999984641,70.));
#15756 = LINE('',#15757,#15758);
#15757 = CARTESIAN_POINT('',(-104.,51.999998464102,70.));
#15758 = VECTOR('',#15759,1.);
#15759 = DIRECTION('',(0.,1.,0.));
#15760 = ORIENTED_EDGE('',*,*,#15761,.F.);
#15761 = EDGE_CURVE('',#15762,#15752,#15764,.T.);
#15762 = VERTEX_POINT('',#15763);
#15763 = CARTESIAN_POINT('',(-109.,46.999998464102,70.));
#15764 = CIRCLE('',#15765,5.);
#15765 = AXIS2_PLACEMENT_3D('',#15766,#15767,#15768);
#15766 = CARTESIAN_POINT('',(-109.,51.999998464102,70.));
#15767 = DIRECTION('',(0.,0.,1.));
#15768 = DIRECTION('',(1.,0.,0.));
#15769 = ORIENTED_EDGE('',*,*,#15770,.F.);
#15770 = EDGE_CURVE('',#15771,#15762,#15773,.T.);
#15771 = VERTEX_POINT('',#15772);
#15772 = CARTESIAN_POINT('',(-129.,46.999998464102,70.));
#15773 = LINE('',#15774,#15775);
#15774 = CARTESIAN_POINT('',(-129.,46.999998464102,70.));
#15775 = VECTOR('',#15776,1.);
#15776 = DIRECTION('',(1.,0.,0.));
#15777 = ORIENTED_EDGE('',*,*,#15778,.F.);
#15778 = EDGE_CURVE('',#15779,#15771,#15781,.T.);
#15779 = VERTEX_POINT('',#15780);
#15780 = CARTESIAN_POINT('',(-134.,51.999998464102,70.));
#15781 = CIRCLE('',#15782,5.);
#15782 = AXIS2_PLACEMENT_3D('',#15783,#15784,#15785);
#15783 = CARTESIAN_POINT('',(-129.,51.999998464102,70.));
#15784 = DIRECTION('',(0.,0.,1.));
#15785 = DIRECTION('',(1.,0.,0.));
#15786 = ORIENTED_EDGE('',*,*,#15787,.F.);
#15787 = EDGE_CURVE('',#15788,#15779,#15790,.T.);
#15788 = VERTEX_POINT('',#15789);
#15789 = CARTESIAN_POINT('',(-134.,141.9999984641,70.));
#15790 = LINE('',#15791,#15792);
#15791 = CARTESIAN_POINT('',(-134.,141.9999984641,70.));
#15792 = VECTOR('',#15793,1.);
#15793 = DIRECTION('',(0.,-1.,0.));
#15794 = ORIENTED_EDGE('',*,*,#15795,.F.);
#15795 = EDGE_CURVE('',#15796,#15788,#15798,.T.);
#15796 = VERTEX_POINT('',#15797);
#15797 = CARTESIAN_POINT('',(-129.,146.9999984641,70.));
#15798 = CIRCLE('',#15799,5.);
#15799 = AXIS2_PLACEMENT_3D('',#15800,#15801,#15802);
#15800 = CARTESIAN_POINT('',(-129.,141.9999984641,70.));
#15801 = DIRECTION('',(0.,0.,1.));
#15802 = DIRECTION('',(1.,0.,0.));
#15803 = ORIENTED_EDGE('',*,*,#15804,.F.);
#15804 = EDGE_CURVE('',#15805,#15796,#15807,.T.);
#15805 = VERTEX_POINT('',#15806);
#15806 = CARTESIAN_POINT('',(-109.,146.9999984641,70.));
#15807 = LINE('',#15808,#15809);
#15808 = CARTESIAN_POINT('',(-109.,146.9999984641,70.));
#15809 = VECTOR('',#15810,1.);
#15810 = DIRECTION('',(-1.,0.,0.));
#15811 = ORIENTED_EDGE('',*,*,#15812,.F.);
#15812 = EDGE_CURVE('',#15754,#15805,#15813,.T.);
#15813 = CIRCLE('',#15814,5.);
#15814 = AXIS2_PLACEMENT_3D('',#15815,#15816,#15817);
#15815 = CARTESIAN_POINT('',(-109.,141.9999984641,70.));
#15816 = DIRECTION('',(0.,0.,1.));
#15817 = DIRECTION('',(1.,0.,0.));
#15818 = FACE_BOUND('',#15819,.T.);
#15819 = EDGE_LOOP('',(#15820,#15830,#15839,#15847,#15856,#15864,#15873,
    #15881));
#15820 = ORIENTED_EDGE('',*,*,#15821,.F.);
#15821 = EDGE_CURVE('',#15822,#15824,#15826,.T.);
#15822 = VERTEX_POINT('',#15823);
#15823 = CARTESIAN_POINT('',(-38.,51.999995402092,70.));
#15824 = VERTEX_POINT('',#15825);
#15825 = CARTESIAN_POINT('',(-38.,141.99999540209,70.));
#15826 = LINE('',#15827,#15828);
#15827 = CARTESIAN_POINT('',(-38.,51.999995402092,70.));
#15828 = VECTOR('',#15829,1.);
#15829 = DIRECTION('',(0.,1.,0.));
#15830 = ORIENTED_EDGE('',*,*,#15831,.F.);
#15831 = EDGE_CURVE('',#15832,#15822,#15834,.T.);
#15832 = VERTEX_POINT('',#15833);
#15833 = CARTESIAN_POINT('',(-43.,46.999995402092,70.));
#15834 = CIRCLE('',#15835,5.);
#15835 = AXIS2_PLACEMENT_3D('',#15836,#15837,#15838);
#15836 = CARTESIAN_POINT('',(-43.,51.999995402092,70.));
#15837 = DIRECTION('',(0.,0.,1.));
#15838 = DIRECTION('',(1.,0.,0.));
#15839 = ORIENTED_EDGE('',*,*,#15840,.F.);
#15840 = EDGE_CURVE('',#15841,#15832,#15843,.T.);
#15841 = VERTEX_POINT('',#15842);
#15842 = CARTESIAN_POINT('',(-63.,46.999995402092,70.));
#15843 = LINE('',#15844,#15845);
#15844 = CARTESIAN_POINT('',(-63.,46.999995402092,70.));
#15845 = VECTOR('',#15846,1.);
#15846 = DIRECTION('',(1.,0.,0.));
#15847 = ORIENTED_EDGE('',*,*,#15848,.F.);
#15848 = EDGE_CURVE('',#15849,#15841,#15851,.T.);
#15849 = VERTEX_POINT('',#15850);
#15850 = CARTESIAN_POINT('',(-68.,51.999995402092,70.));
#15851 = CIRCLE('',#15852,5.);
#15852 = AXIS2_PLACEMENT_3D('',#15853,#15854,#15855);
#15853 = CARTESIAN_POINT('',(-63.,51.999995402092,70.));
#15854 = DIRECTION('',(0.,0.,1.));
#15855 = DIRECTION('',(1.,0.,0.));
#15856 = ORIENTED_EDGE('',*,*,#15857,.F.);
#15857 = EDGE_CURVE('',#15858,#15849,#15860,.T.);
#15858 = VERTEX_POINT('',#15859);
#15859 = CARTESIAN_POINT('',(-68.,141.99999540209,70.));
#15860 = LINE('',#15861,#15862);
#15861 = CARTESIAN_POINT('',(-68.,141.99999540209,70.));
#15862 = VECTOR('',#15863,1.);
#15863 = DIRECTION('',(0.,-1.,0.));
#15864 = ORIENTED_EDGE('',*,*,#15865,.F.);
#15865 = EDGE_CURVE('',#15866,#15858,#15868,.T.);
#15866 = VERTEX_POINT('',#15867);
#15867 = CARTESIAN_POINT('',(-63.,146.99999540209,70.));
#15868 = CIRCLE('',#15869,5.);
#15869 = AXIS2_PLACEMENT_3D('',#15870,#15871,#15872);
#15870 = CARTESIAN_POINT('',(-63.,141.99999540209,70.));
#15871 = DIRECTION('',(0.,0.,1.));
#15872 = DIRECTION('',(1.,0.,0.));
#15873 = ORIENTED_EDGE('',*,*,#15874,.F.);
#15874 = EDGE_CURVE('',#15875,#15866,#15877,.T.);
#15875 = VERTEX_POINT('',#15876);
#15876 = CARTESIAN_POINT('',(-43.,146.99999540209,70.));
#15877 = LINE('',#15878,#15879);
#15878 = CARTESIAN_POINT('',(-43.,146.99999540209,70.));
#15879 = VECTOR('',#15880,1.);
#15880 = DIRECTION('',(-1.,0.,0.));
#15881 = ORIENTED_EDGE('',*,*,#15882,.F.);
#15882 = EDGE_CURVE('',#15824,#15875,#15883,.T.);
#15883 = CIRCLE('',#15884,5.);
#15884 = AXIS2_PLACEMENT_3D('',#15885,#15886,#15887);
#15885 = CARTESIAN_POINT('',(-43.,141.99999540209,70.));
#15886 = DIRECTION('',(0.,0.,1.));
#15887 = DIRECTION('',(1.,0.,0.));
#15888 = FACE_BOUND('',#15889,.T.);
#15889 = EDGE_LOOP('',(#15890,#15900,#15909,#15917,#15926,#15934,#15943,
    #15951));
#15890 = ORIENTED_EDGE('',*,*,#15891,.F.);
#15891 = EDGE_CURVE('',#15892,#15894,#15896,.T.);
#15892 = VERTEX_POINT('',#15893);
#15893 = CARTESIAN_POINT('',(-71.,52.000378191104,70.));
#15894 = VERTEX_POINT('',#15895);
#15895 = CARTESIAN_POINT('',(-71.,142.0003781911,70.));
#15896 = LINE('',#15897,#15898);
#15897 = CARTESIAN_POINT('',(-71.,52.000378191104,70.));
#15898 = VECTOR('',#15899,1.);
#15899 = DIRECTION('',(0.,1.,0.));
#15900 = ORIENTED_EDGE('',*,*,#15901,.F.);
#15901 = EDGE_CURVE('',#15902,#15892,#15904,.T.);
#15902 = VERTEX_POINT('',#15903);
#15903 = CARTESIAN_POINT('',(-76.,47.000378191104,70.));
#15904 = CIRCLE('',#15905,5.);
#15905 = AXIS2_PLACEMENT_3D('',#15906,#15907,#15908);
#15906 = CARTESIAN_POINT('',(-76.,52.000378191104,70.));
#15907 = DIRECTION('',(0.,0.,1.));
#15908 = DIRECTION('',(1.,0.,0.));
#15909 = ORIENTED_EDGE('',*,*,#15910,.F.);
#15910 = EDGE_CURVE('',#15911,#15902,#15913,.T.);
#15911 = VERTEX_POINT('',#15912);
#15912 = CARTESIAN_POINT('',(-96.,47.000378191104,70.));
#15913 = LINE('',#15914,#15915);
#15914 = CARTESIAN_POINT('',(-96.,47.000378191104,70.));
#15915 = VECTOR('',#15916,1.);
#15916 = DIRECTION('',(1.,0.,0.));
#15917 = ORIENTED_EDGE('',*,*,#15918,.F.);
#15918 = EDGE_CURVE('',#15919,#15911,#15921,.T.);
#15919 = VERTEX_POINT('',#15920);
#15920 = CARTESIAN_POINT('',(-101.,52.000378191104,70.));
#15921 = CIRCLE('',#15922,5.);
#15922 = AXIS2_PLACEMENT_3D('',#15923,#15924,#15925);
#15923 = CARTESIAN_POINT('',(-96.,52.000378191104,70.));
#15924 = DIRECTION('',(0.,0.,1.));
#15925 = DIRECTION('',(1.,0.,0.));
#15926 = ORIENTED_EDGE('',*,*,#15927,.F.);
#15927 = EDGE_CURVE('',#15928,#15919,#15930,.T.);
#15928 = VERTEX_POINT('',#15929);
#15929 = CARTESIAN_POINT('',(-101.,142.0003781911,70.));
#15930 = LINE('',#15931,#15932);
#15931 = CARTESIAN_POINT('',(-101.,142.0003781911,70.));
#15932 = VECTOR('',#15933,1.);
#15933 = DIRECTION('',(0.,-1.,0.));
#15934 = ORIENTED_EDGE('',*,*,#15935,.F.);
#15935 = EDGE_CURVE('',#15936,#15928,#15938,.T.);
#15936 = VERTEX_POINT('',#15937);
#15937 = CARTESIAN_POINT('',(-96.,147.0003781911,70.));
#15938 = CIRCLE('',#15939,5.);
#15939 = AXIS2_PLACEMENT_3D('',#15940,#15941,#15942);
#15940 = CARTESIAN_POINT('',(-96.,142.0003781911,70.));
#15941 = DIRECTION('',(0.,0.,1.));
#15942 = DIRECTION('',(1.,0.,0.));
#15943 = ORIENTED_EDGE('',*,*,#15944,.F.);
#15944 = EDGE_CURVE('',#15945,#15936,#15947,.T.);
#15945 = VERTEX_POINT('',#15946);
#15946 = CARTESIAN_POINT('',(-76.,147.0003781911,70.));
#15947 = LINE('',#15948,#15949);
#15948 = CARTESIAN_POINT('',(-76.,147.0003781911,70.));
#15949 = VECTOR('',#15950,1.);
#15950 = DIRECTION('',(-1.,0.,0.));
#15951 = ORIENTED_EDGE('',*,*,#15952,.F.);
#15952 = EDGE_CURVE('',#15894,#15945,#15953,.T.);
#15953 = CIRCLE('',#15954,5.);
#15954 = AXIS2_PLACEMENT_3D('',#15955,#15956,#15957);
#15955 = CARTESIAN_POINT('',(-76.,142.0003781911,70.));
#15956 = DIRECTION('',(0.,0.,1.));
#15957 = DIRECTION('',(1.,0.,0.));
#15958 = PLANE('',#15959);
#15959 = AXIS2_PLACEMENT_3D('',#15960,#15961,#15962);
#15960 = CARTESIAN_POINT('',(-80.43077588085,74.664497447904,70.));
#15961 = DIRECTION('',(0.,0.,1.));
#15962 = DIRECTION('',(1.,0.,0.));
#15963 = ADVANCED_FACE('',(#15964),#15970,.T.);
#15964 = FACE_BOUND('',#15965,.T.);
#15965 = EDGE_LOOP('',(#15966,#15967,#15968,#15969));
#15966 = ORIENTED_EDGE('',*,*,#14675,.T.);
#15967 = ORIENTED_EDGE('',*,*,#14822,.T.);
#15968 = ORIENTED_EDGE('',*,*,#14872,.T.);
#15969 = ORIENTED_EDGE('',*,*,#14921,.F.);
#15970 = PLANE('',#15971);
#15971 = AXIS2_PLACEMENT_3D('',#15972,#15973,#15974);
#15972 = CARTESIAN_POINT('',(-85.,75.,0.));
#15973 = DIRECTION('',(0.,0.,1.));
#15974 = DIRECTION('',(1.,0.,0.));
#15975 = ADVANCED_FACE('',(#15976),#15982,.T.);
#15976 = FACE_BOUND('',#15977,.T.);
#15977 = EDGE_LOOP('',(#15978,#15979,#15980,#15981));
#15978 = ORIENTED_EDGE('',*,*,#15441,.T.);
#15979 = ORIENTED_EDGE('',*,*,#15482,.T.);
#15980 = ORIENTED_EDGE('',*,*,#14744,.T.);
#15981 = ORIENTED_EDGE('',*,*,#15393,.T.);
#15982 = PLANE('',#15983);
#15983 = AXIS2_PLACEMENT_3D('',#15984,#15985,#15986);
#15984 = CARTESIAN_POINT('',(-85.,75.,0.));
#15985 = DIRECTION('',(0.,0.,1.));
#15986 = DIRECTION('',(1.,0.,0.));
#15987 = ADVANCED_FACE('',(#15988),#15994,.T.);
#15988 = FACE_BOUND('',#15989,.T.);
#15989 = EDGE_LOOP('',(#15990,#15991,#15992,#15993));
#15990 = ORIENTED_EDGE('',*,*,#15088,.F.);
#15991 = ORIENTED_EDGE('',*,*,#14698,.T.);
#15992 = ORIENTED_EDGE('',*,*,#14989,.T.);
#15993 = ORIENTED_EDGE('',*,*,#15039,.T.);
#15994 = PLANE('',#15995);
#15995 = AXIS2_PLACEMENT_3D('',#15996,#15997,#15998);
#15996 = CARTESIAN_POINT('',(-85.,75.,0.));
#15997 = DIRECTION('',(0.,0.,1.));
#15998 = DIRECTION('',(1.,0.,0.));
#15999 = ADVANCED_FACE('',(#16000),#16006,.T.);
#16000 = FACE_BOUND('',#16001,.T.);
#16001 = EDGE_LOOP('',(#16002,#16003,#16004,#16005));
#16002 = ORIENTED_EDGE('',*,*,#15352,.F.);
#16003 = ORIENTED_EDGE('',*,*,#14721,.T.);
#16004 = ORIENTED_EDGE('',*,*,#15263,.T.);
#16005 = ORIENTED_EDGE('',*,*,#15311,.T.);
#16006 = PLANE('',#16007);
#16007 = AXIS2_PLACEMENT_3D('',#16008,#16009,#16010);
#16008 = CARTESIAN_POINT('',(-85.,75.,0.));
#16009 = DIRECTION('',(0.,0.,1.));
#16010 = DIRECTION('',(1.,0.,0.));
#16011 = ADVANCED_FACE('',(#16012),#16046,.T.);
#16012 = FACE_BOUND('',#16013,.T.);
#16013 = EDGE_LOOP('',(#16014,#16024,#16032,#16038,#16039,#16040));
#16014 = ORIENTED_EDGE('',*,*,#16015,.F.);
#16015 = EDGE_CURVE('',#16016,#16018,#16020,.T.);
#16016 = VERTEX_POINT('',#16017);
#16017 = CARTESIAN_POINT('',(-170.,145.,-1.));
#16018 = VERTEX_POINT('',#16019);
#16019 = CARTESIAN_POINT('',(-170.,145.,68.));
#16020 = LINE('',#16021,#16022);
#16021 = CARTESIAN_POINT('',(-170.,145.,0.));
#16022 = VECTOR('',#16023,1.);
#16023 = DIRECTION('',(0.,0.,1.));
#16024 = ORIENTED_EDGE('',*,*,#16025,.T.);
#16025 = EDGE_CURVE('',#16016,#16026,#16028,.T.);
#16026 = VERTEX_POINT('',#16027);
#16027 = CARTESIAN_POINT('',(-170.,5.,-1.));
#16028 = LINE('',#16029,#16030);
#16029 = CARTESIAN_POINT('',(-170.,145.,-1.));
#16030 = VECTOR('',#16031,1.);
#16031 = DIRECTION('',(0.,-1.,0.));
#16032 = ORIENTED_EDGE('',*,*,#16033,.F.);
#16033 = EDGE_CURVE('',#14799,#16026,#16034,.T.);
#16034 = LINE('',#16035,#16036);
#16035 = CARTESIAN_POINT('',(-170.,5.,0.));
#16036 = VECTOR('',#16037,1.);
#16037 = DIRECTION('',(-0.,-0.,-1.));
#16038 = ORIENTED_EDGE('',*,*,#14798,.F.);
#16039 = ORIENTED_EDGE('',*,*,#15640,.F.);
#16040 = ORIENTED_EDGE('',*,*,#16041,.F.);
#16041 = EDGE_CURVE('',#16018,#15630,#16042,.T.);
#16042 = LINE('',#16043,#16044);
#16043 = CARTESIAN_POINT('',(-170.,145.,68.));
#16044 = VECTOR('',#16045,1.);
#16045 = DIRECTION('',(0.,-1.,0.));
#16046 = PLANE('',#16047);
#16047 = AXIS2_PLACEMENT_3D('',#16048,#16049,#16050);
#16048 = CARTESIAN_POINT('',(-170.,75.,33.5));
#16049 = DIRECTION('',(-1.,-0.,-0.));
#16050 = DIRECTION('',(0.,0.,-1.));
#16051 = ADVANCED_FACE('',(#16052),#16071,.T.);
#16052 = FACE_BOUND('',#16053,.F.);
#16053 = EDGE_LOOP('',(#16054,#16055,#16056,#16064));
#16054 = ORIENTED_EDGE('',*,*,#16033,.F.);
#16055 = ORIENTED_EDGE('',*,*,#14857,.T.);
#16056 = ORIENTED_EDGE('',*,*,#16057,.F.);
#16057 = EDGE_CURVE('',#16058,#14849,#16060,.T.);
#16058 = VERTEX_POINT('',#16059);
#16059 = CARTESIAN_POINT('',(-165.,0.,-1.));
#16060 = LINE('',#16061,#16062);
#16061 = CARTESIAN_POINT('',(-165.,0.,0.));
#16062 = VECTOR('',#16063,1.);
#16063 = DIRECTION('',(0.,0.,1.));
#16064 = ORIENTED_EDGE('',*,*,#16065,.F.);
#16065 = EDGE_CURVE('',#16026,#16058,#16066,.T.);
#16066 = CIRCLE('',#16067,5.);
#16067 = AXIS2_PLACEMENT_3D('',#16068,#16069,#16070);
#16068 = CARTESIAN_POINT('',(-165.,5.,-1.));
#16069 = DIRECTION('',(0.,0.,1.));
#16070 = DIRECTION('',(-1.,1.7763568394E-16,0.));
#16071 = CYLINDRICAL_SURFACE('',#16072,5.);
#16072 = AXIS2_PLACEMENT_3D('',#16073,#16074,#16075);
#16073 = CARTESIAN_POINT('',(-165.,5.,0.));
#16074 = DIRECTION('',(-0.,-0.,-1.));
#16075 = DIRECTION('',(1.,0.,0.));
#16076 = ADVANCED_FACE('',(#16077),#16095,.T.);
#16077 = FACE_BOUND('',#16078,.T.);
#16078 = EDGE_LOOP('',(#16079,#16080,#16088,#16094));
#16079 = ORIENTED_EDGE('',*,*,#16057,.F.);
#16080 = ORIENTED_EDGE('',*,*,#16081,.T.);
#16081 = EDGE_CURVE('',#16058,#16082,#16084,.T.);
#16082 = VERTEX_POINT('',#16083);
#16083 = CARTESIAN_POINT('',(-5.,-4.440892098501E-16,-1.));
#16084 = LINE('',#16085,#16086);
#16085 = CARTESIAN_POINT('',(-165.,-4.440892098501E-16,-1.));
#16086 = VECTOR('',#16087,1.);
#16087 = DIRECTION('',(1.,0.,0.));
#16088 = ORIENTED_EDGE('',*,*,#16089,.F.);
#16089 = EDGE_CURVE('',#14898,#16082,#16090,.T.);
#16090 = LINE('',#16091,#16092);
#16091 = CARTESIAN_POINT('',(-5.,0.,0.));
#16092 = VECTOR('',#16093,1.);
#16093 = DIRECTION('',(-0.,-0.,-1.));
#16094 = ORIENTED_EDGE('',*,*,#14897,.F.);
#16095 = PLANE('',#16096);
#16096 = AXIS2_PLACEMENT_3D('',#16097,#16098,#16099);
#16097 = CARTESIAN_POINT('',(-85.,0.,33.5));
#16098 = DIRECTION('',(-0.,-1.,-0.));
#16099 = DIRECTION('',(0.,0.,-1.));
#16100 = ADVANCED_FACE('',(#16101),#16120,.T.);
#16101 = FACE_BOUND('',#16102,.F.);
#16102 = EDGE_LOOP('',(#16103,#16104,#16105,#16113));
#16103 = ORIENTED_EDGE('',*,*,#16089,.F.);
#16104 = ORIENTED_EDGE('',*,*,#14949,.T.);
#16105 = ORIENTED_EDGE('',*,*,#16106,.F.);
#16106 = EDGE_CURVE('',#16107,#14941,#16109,.T.);
#16107 = VERTEX_POINT('',#16108);
#16108 = CARTESIAN_POINT('',(0.,5.,-1.));
#16109 = LINE('',#16110,#16111);
#16110 = CARTESIAN_POINT('',(0.,5.,0.));
#16111 = VECTOR('',#16112,1.);
#16112 = DIRECTION('',(0.,0.,1.));
#16113 = ORIENTED_EDGE('',*,*,#16114,.F.);
#16114 = EDGE_CURVE('',#16082,#16107,#16115,.T.);
#16115 = CIRCLE('',#16116,5.);
#16116 = AXIS2_PLACEMENT_3D('',#16117,#16118,#16119);
#16117 = CARTESIAN_POINT('',(-5.,5.,-1.));
#16118 = DIRECTION('',(0.,0.,1.));
#16119 = DIRECTION('',(-1.7763568394E-16,-1.,0.));
#16120 = CYLINDRICAL_SURFACE('',#16121,5.);
#16121 = AXIS2_PLACEMENT_3D('',#16122,#16123,#16124);
#16122 = CARTESIAN_POINT('',(-5.,5.,0.));
#16123 = DIRECTION('',(-0.,-0.,-1.));
#16124 = DIRECTION('',(1.,0.,0.));
#16125 = ADVANCED_FACE('',(#16126),#16144,.T.);
#16126 = FACE_BOUND('',#16127,.T.);
#16127 = EDGE_LOOP('',(#16128,#16129,#16137,#16143));
#16128 = ORIENTED_EDGE('',*,*,#16106,.F.);
#16129 = ORIENTED_EDGE('',*,*,#16130,.T.);
#16130 = EDGE_CURVE('',#16107,#16131,#16133,.T.);
#16131 = VERTEX_POINT('',#16132);
#16132 = CARTESIAN_POINT('',(4.440892098501E-16,145.,-1.));
#16133 = LINE('',#16134,#16135);
#16134 = CARTESIAN_POINT('',(4.440892098501E-16,5.,-1.));
#16135 = VECTOR('',#16136,1.);
#16136 = DIRECTION('',(0.,1.,0.));
#16137 = ORIENTED_EDGE('',*,*,#16138,.F.);
#16138 = EDGE_CURVE('',#14966,#16131,#16139,.T.);
#16139 = LINE('',#16140,#16141);
#16140 = CARTESIAN_POINT('',(0.,145.,0.));
#16141 = VECTOR('',#16142,1.);
#16142 = DIRECTION('',(-0.,-0.,-1.));
#16143 = ORIENTED_EDGE('',*,*,#14965,.F.);
#16144 = PLANE('',#16145);
#16145 = AXIS2_PLACEMENT_3D('',#16146,#16147,#16148);
#16146 = CARTESIAN_POINT('',(0.,75.,33.5));
#16147 = DIRECTION('',(1.,0.,0.));
#16148 = DIRECTION('',(0.,0.,1.));
#16149 = ADVANCED_FACE('',(#16150),#16169,.T.);
#16150 = FACE_BOUND('',#16151,.F.);
#16151 = EDGE_LOOP('',(#16152,#16153,#16154,#16162));
#16152 = ORIENTED_EDGE('',*,*,#16138,.F.);
#16153 = ORIENTED_EDGE('',*,*,#15024,.T.);
#16154 = ORIENTED_EDGE('',*,*,#16155,.F.);
#16155 = EDGE_CURVE('',#16156,#15016,#16158,.T.);
#16156 = VERTEX_POINT('',#16157);
#16157 = CARTESIAN_POINT('',(-5.,150.,-1.));
#16158 = LINE('',#16159,#16160);
#16159 = CARTESIAN_POINT('',(-5.,150.,0.));
#16160 = VECTOR('',#16161,1.);
#16161 = DIRECTION('',(0.,0.,1.));
#16162 = ORIENTED_EDGE('',*,*,#16163,.F.);
#16163 = EDGE_CURVE('',#16131,#16156,#16164,.T.);
#16164 = CIRCLE('',#16165,5.);
#16165 = AXIS2_PLACEMENT_3D('',#16166,#16167,#16168);
#16166 = CARTESIAN_POINT('',(-5.,145.,-1.));
#16167 = DIRECTION('',(0.,0.,1.));
#16168 = DIRECTION('',(1.,0.,-0.));
#16169 = CYLINDRICAL_SURFACE('',#16170,5.);
#16170 = AXIS2_PLACEMENT_3D('',#16171,#16172,#16173);
#16171 = CARTESIAN_POINT('',(-5.,145.,0.));
#16172 = DIRECTION('',(-0.,-0.,-1.));
#16173 = DIRECTION('',(1.,0.,0.));
#16174 = ADVANCED_FACE('',(#16175),#16203,.T.);
#16175 = FACE_BOUND('',#16176,.T.);
#16176 = EDGE_LOOP('',(#16177,#16178,#16186,#16194,#16200,#16201,#16202)
  );
#16177 = ORIENTED_EDGE('',*,*,#16155,.F.);
#16178 = ORIENTED_EDGE('',*,*,#16179,.T.);
#16179 = EDGE_CURVE('',#16156,#16180,#16182,.T.);
#16180 = VERTEX_POINT('',#16181);
#16181 = CARTESIAN_POINT('',(-165.,150.,-1.));
#16182 = LINE('',#16183,#16184);
#16183 = CARTESIAN_POINT('',(-5.,150.,-1.));
#16184 = VECTOR('',#16185,1.);
#16185 = DIRECTION('',(-1.,0.,0.));
#16186 = ORIENTED_EDGE('',*,*,#16187,.F.);
#16187 = EDGE_CURVE('',#16188,#16180,#16190,.T.);
#16188 = VERTEX_POINT('',#16189);
#16189 = CARTESIAN_POINT('',(-165.,150.,68.));
#16190 = LINE('',#16191,#16192);
#16191 = CARTESIAN_POINT('',(-165.,150.,0.));
#16192 = VECTOR('',#16193,1.);
#16193 = DIRECTION('',(-0.,-0.,-1.));
#16194 = ORIENTED_EDGE('',*,*,#16195,.F.);
#16195 = EDGE_CURVE('',#15108,#16188,#16196,.T.);
#16196 = LINE('',#16197,#16198);
#16197 = CARTESIAN_POINT('',(-35.,150.,68.));
#16198 = VECTOR('',#16199,1.);
#16199 = DIRECTION('',(-1.,0.,0.));
#16200 = ORIENTED_EDGE('',*,*,#15105,.F.);
#16201 = ORIENTED_EDGE('',*,*,#15225,.T.);
#16202 = ORIENTED_EDGE('',*,*,#15064,.F.);
#16203 = PLANE('',#16204);
#16204 = AXIS2_PLACEMENT_3D('',#16205,#16206,#16207);
#16205 = CARTESIAN_POINT('',(-85.,150.,33.5));
#16206 = DIRECTION('',(0.,1.,0.));
#16207 = DIRECTION('',(0.,0.,1.));
#16208 = ADVANCED_FACE('',(#16209),#16221,.T.);
#16209 = FACE_BOUND('',#16210,.F.);
#16210 = EDGE_LOOP('',(#16211,#16212,#16213,#16220));
#16211 = ORIENTED_EDGE('',*,*,#15115,.T.);
#16212 = ORIENTED_EDGE('',*,*,#15655,.T.);
#16213 = ORIENTED_EDGE('',*,*,#16214,.F.);
#16214 = EDGE_CURVE('',#16188,#15656,#16215,.T.);
#16215 = CIRCLE('',#16216,2.);
#16216 = AXIS2_PLACEMENT_3D('',#16217,#16218,#16219);
#16217 = CARTESIAN_POINT('',(-165.,148.,68.));
#16218 = DIRECTION('',(1.,0.,-0.));
#16219 = DIRECTION('',(0.,1.,0.));
#16220 = ORIENTED_EDGE('',*,*,#16195,.F.);
#16221 = CYLINDRICAL_SURFACE('',#16222,2.);
#16222 = AXIS2_PLACEMENT_3D('',#16223,#16224,#16225);
#16223 = CARTESIAN_POINT('',(-35.,148.,68.));
#16224 = DIRECTION('',(-1.,0.,0.));
#16225 = DIRECTION('',(0.,1.,0.));
#16226 = ADVANCED_FACE('',(#16227),#16233,.T.);
#16227 = FACE_BOUND('',#16228,.T.);
#16228 = EDGE_LOOP('',(#16229,#16230,#16231,#16232));
#16229 = ORIENTED_EDGE('',*,*,#15239,.T.);
#16230 = ORIENTED_EDGE('',*,*,#15209,.T.);
#16231 = ORIENTED_EDGE('',*,*,#15335,.F.);
#16232 = ORIENTED_EDGE('',*,*,#15287,.T.);
#16233 = PLANE('',#16234);
#16234 = AXIS2_PLACEMENT_3D('',#16235,#16236,#16237);
#16235 = CARTESIAN_POINT('',(-85.,75.,0.));
#16236 = DIRECTION('',(0.,0.,1.));
#16237 = DIRECTION('',(1.,0.,0.));
#16238 = ADVANCED_FACE('',(#16239),#16245,.T.);
#16239 = FACE_BOUND('',#16240,.T.);
#16240 = EDGE_LOOP('',(#16241,#16242,#16243,#16244));
#16241 = ORIENTED_EDGE('',*,*,#15612,.F.);
#16242 = ORIENTED_EDGE('',*,*,#15140,.T.);
#16243 = ORIENTED_EDGE('',*,*,#15547,.T.);
#16244 = ORIENTED_EDGE('',*,*,#15588,.T.);
#16245 = PLANE('',#16246);
#16246 = AXIS2_PLACEMENT_3D('',#16247,#16248,#16249);
#16247 = CARTESIAN_POINT('',(-85.,75.,0.));
#16248 = DIRECTION('',(0.,0.,1.));
#16249 = DIRECTION('',(1.,0.,0.));
#16250 = ADVANCED_FACE('',(#16251),#16257,.T.);
#16251 = FACE_BOUND('',#16252,.T.);
#16252 = EDGE_LOOP('',(#16253,#16254,#16255,#16256));
#16253 = ORIENTED_EDGE('',*,*,#15369,.F.);
#16254 = ORIENTED_EDGE('',*,*,#15186,.T.);
#16255 = ORIENTED_EDGE('',*,*,#15465,.F.);
#16256 = ORIENTED_EDGE('',*,*,#15417,.T.);
#16257 = PLANE('',#16258);
#16258 = AXIS2_PLACEMENT_3D('',#16259,#16260,#16261);
#16259 = CARTESIAN_POINT('',(-85.,75.,0.));
#16260 = DIRECTION('',(0.,0.,1.));
#16261 = DIRECTION('',(1.,0.,0.));
#16262 = ADVANCED_FACE('',(#16263),#16269,.T.);
#16263 = FACE_BOUND('',#16264,.T.);
#16264 = EDGE_LOOP('',(#16265,#16266,#16267,#16268));
#16265 = ORIENTED_EDGE('',*,*,#15571,.F.);
#16266 = ORIENTED_EDGE('',*,*,#15523,.T.);
#16267 = ORIENTED_EDGE('',*,*,#15499,.F.);
#16268 = ORIENTED_EDGE('',*,*,#15163,.T.);
#16269 = PLANE('',#16270);
#16270 = AXIS2_PLACEMENT_3D('',#16271,#16272,#16273);
#16271 = CARTESIAN_POINT('',(-85.,75.,0.));
#16272 = DIRECTION('',(0.,0.,1.));
#16273 = DIRECTION('',(1.,0.,0.));
#16274 = ADVANCED_FACE('',(#16275),#16287,.T.);
#16275 = FACE_BOUND('',#16276,.F.);
#16276 = EDGE_LOOP('',(#16277,#16284,#16285,#16286));
#16277 = ORIENTED_EDGE('',*,*,#16278,.T.);
#16278 = EDGE_CURVE('',#16018,#15664,#16279,.T.);
#16279 = CIRCLE('',#16280,2.);
#16280 = AXIS2_PLACEMENT_3D('',#16281,#16282,#16283);
#16281 = CARTESIAN_POINT('',(-168.,145.,68.));
#16282 = DIRECTION('',(6.123233995737E-17,1.,-0.));
#16283 = DIRECTION('',(-1.,6.123233995737E-17,0.));
#16284 = ORIENTED_EDGE('',*,*,#15672,.T.);
#16285 = ORIENTED_EDGE('',*,*,#15629,.F.);
#16286 = ORIENTED_EDGE('',*,*,#16041,.F.);
#16287 = CYLINDRICAL_SURFACE('',#16288,2.);
#16288 = AXIS2_PLACEMENT_3D('',#16289,#16290,#16291);
#16289 = CARTESIAN_POINT('',(-168.,145.,68.));
#16290 = DIRECTION('',(0.,-1.,0.));
#16291 = DIRECTION('',(-1.,-0.,0.));
#16292 = ADVANCED_FACE('',(#16293),#16305,.T.);
#16293 = FACE_BOUND('',#16294,.T.);
#16294 = EDGE_LOOP('',(#16295,#16296,#16303,#16304));
#16295 = ORIENTED_EDGE('',*,*,#16214,.F.);
#16296 = ORIENTED_EDGE('',*,*,#16297,.T.);
#16297 = EDGE_CURVE('',#16188,#16018,#16298,.T.);
#16298 = CIRCLE('',#16299,5.);
#16299 = AXIS2_PLACEMENT_3D('',#16300,#16301,#16302);
#16300 = CARTESIAN_POINT('',(-165.,145.,68.));
#16301 = DIRECTION('',(0.,0.,1.));
#16302 = DIRECTION('',(0.,1.,-0.));
#16303 = ORIENTED_EDGE('',*,*,#16278,.T.);
#16304 = ORIENTED_EDGE('',*,*,#15663,.F.);
#16305 = TOROIDAL_SURFACE('',#16306,3.,2.);
#16306 = AXIS2_PLACEMENT_3D('',#16307,#16308,#16309);
#16307 = CARTESIAN_POINT('',(-165.,145.,68.));
#16308 = DIRECTION('',(0.,0.,1.));
#16309 = DIRECTION('',(0.,1.,-0.));
#16310 = ADVANCED_FACE('',(#16311),#16336,.T.);
#16311 = FACE_BOUND('',#16312,.T.);
#16312 = EDGE_LOOP('',(#16313,#16321,#16322,#16330));
#16313 = ORIENTED_EDGE('',*,*,#16314,.T.);
#16314 = EDGE_CURVE('',#16315,#15682,#16317,.T.);
#16315 = VERTEX_POINT('',#16316);
#16316 = CARTESIAN_POINT('',(-137.,52.,0.));
#16317 = LINE('',#16318,#16319);
#16318 = CARTESIAN_POINT('',(-137.,52.,0.));
#16319 = VECTOR('',#16320,1.);
#16320 = DIRECTION('',(0.,0.,1.));
#16321 = ORIENTED_EDGE('',*,*,#15681,.T.);
#16322 = ORIENTED_EDGE('',*,*,#16323,.F.);
#16323 = EDGE_CURVE('',#16324,#15684,#16326,.T.);
#16324 = VERTEX_POINT('',#16325);
#16325 = CARTESIAN_POINT('',(-137.,142.,0.));
#16326 = LINE('',#16327,#16328);
#16327 = CARTESIAN_POINT('',(-137.,142.,0.));
#16328 = VECTOR('',#16329,1.);
#16329 = DIRECTION('',(0.,0.,1.));
#16330 = ORIENTED_EDGE('',*,*,#16331,.F.);
#16331 = EDGE_CURVE('',#16315,#16324,#16332,.T.);
#16332 = LINE('',#16333,#16334);
#16333 = CARTESIAN_POINT('',(-137.,52.,0.));
#16334 = VECTOR('',#16335,1.);
#16335 = DIRECTION('',(0.,1.,0.));
#16336 = PLANE('',#16337);
#16337 = AXIS2_PLACEMENT_3D('',#16338,#16339,#16340);
#16338 = CARTESIAN_POINT('',(-137.,52.,0.));
#16339 = DIRECTION('',(-1.,0.,0.));
#16340 = DIRECTION('',(0.,1.,0.));
#16341 = ADVANCED_FACE('',(#16342),#16361,.F.);
#16342 = FACE_BOUND('',#16343,.T.);
#16343 = EDGE_LOOP('',(#16344,#16352,#16353,#16354));
#16344 = ORIENTED_EDGE('',*,*,#16345,.T.);
#16345 = EDGE_CURVE('',#16346,#15692,#16348,.T.);
#16346 = VERTEX_POINT('',#16347);
#16347 = CARTESIAN_POINT('',(-142.,47.,0.));
#16348 = LINE('',#16349,#16350);
#16349 = CARTESIAN_POINT('',(-142.,47.,0.));
#16350 = VECTOR('',#16351,1.);
#16351 = DIRECTION('',(0.,0.,1.));
#16352 = ORIENTED_EDGE('',*,*,#15691,.T.);
#16353 = ORIENTED_EDGE('',*,*,#16314,.F.);
#16354 = ORIENTED_EDGE('',*,*,#16355,.F.);
#16355 = EDGE_CURVE('',#16346,#16315,#16356,.T.);
#16356 = CIRCLE('',#16357,5.);
#16357 = AXIS2_PLACEMENT_3D('',#16358,#16359,#16360);
#16358 = CARTESIAN_POINT('',(-142.,52.,0.));
#16359 = DIRECTION('',(0.,0.,1.));
#16360 = DIRECTION('',(1.,0.,0.));
#16361 = CYLINDRICAL_SURFACE('',#16362,5.);
#16362 = AXIS2_PLACEMENT_3D('',#16363,#16364,#16365);
#16363 = CARTESIAN_POINT('',(-142.,52.,0.));
#16364 = DIRECTION('',(-0.,-0.,-1.));
#16365 = DIRECTION('',(1.,0.,0.));
#16366 = ADVANCED_FACE('',(#16367),#16386,.F.);
#16367 = FACE_BOUND('',#16368,.T.);
#16368 = EDGE_LOOP('',(#16369,#16370,#16371,#16379));
#16369 = ORIENTED_EDGE('',*,*,#16323,.T.);
#16370 = ORIENTED_EDGE('',*,*,#15742,.T.);
#16371 = ORIENTED_EDGE('',*,*,#16372,.F.);
#16372 = EDGE_CURVE('',#16373,#15735,#16375,.T.);
#16373 = VERTEX_POINT('',#16374);
#16374 = CARTESIAN_POINT('',(-142.,147.,0.));
#16375 = LINE('',#16376,#16377);
#16376 = CARTESIAN_POINT('',(-142.,147.,0.));
#16377 = VECTOR('',#16378,1.);
#16378 = DIRECTION('',(0.,0.,1.));
#16379 = ORIENTED_EDGE('',*,*,#16380,.F.);
#16380 = EDGE_CURVE('',#16324,#16373,#16381,.T.);
#16381 = CIRCLE('',#16382,5.);
#16382 = AXIS2_PLACEMENT_3D('',#16383,#16384,#16385);
#16383 = CARTESIAN_POINT('',(-142.,142.,0.));
#16384 = DIRECTION('',(0.,0.,1.));
#16385 = DIRECTION('',(1.,0.,0.));
#16386 = CYLINDRICAL_SURFACE('',#16387,5.);
#16387 = AXIS2_PLACEMENT_3D('',#16388,#16389,#16390);
#16388 = CARTESIAN_POINT('',(-142.,142.,0.));
#16389 = DIRECTION('',(-0.,-0.,-1.));
#16390 = DIRECTION('',(1.,0.,0.));
#16391 = ADVANCED_FACE('',(#16392),#16410,.T.);
#16392 = FACE_BOUND('',#16393,.T.);
#16393 = EDGE_LOOP('',(#16394,#16402,#16403,#16404));
#16394 = ORIENTED_EDGE('',*,*,#16395,.T.);
#16395 = EDGE_CURVE('',#16396,#15701,#16398,.T.);
#16396 = VERTEX_POINT('',#16397);
#16397 = CARTESIAN_POINT('',(-162.,47.,0.));
#16398 = LINE('',#16399,#16400);
#16399 = CARTESIAN_POINT('',(-162.,47.,0.));
#16400 = VECTOR('',#16401,1.);
#16401 = DIRECTION('',(0.,0.,1.));
#16402 = ORIENTED_EDGE('',*,*,#15700,.T.);
#16403 = ORIENTED_EDGE('',*,*,#16345,.F.);
#16404 = ORIENTED_EDGE('',*,*,#16405,.F.);
#16405 = EDGE_CURVE('',#16396,#16346,#16406,.T.);
#16406 = LINE('',#16407,#16408);
#16407 = CARTESIAN_POINT('',(-162.,47.,0.));
#16408 = VECTOR('',#16409,1.);
#16409 = DIRECTION('',(1.,0.,0.));
#16410 = PLANE('',#16411);
#16411 = AXIS2_PLACEMENT_3D('',#16412,#16413,#16414);
#16412 = CARTESIAN_POINT('',(-162.,47.,0.));
#16413 = DIRECTION('',(0.,1.,0.));
#16414 = DIRECTION('',(1.,0.,0.));
#16415 = ADVANCED_FACE('',(#16416),#16434,.T.);
#16416 = FACE_BOUND('',#16417,.T.);
#16417 = EDGE_LOOP('',(#16418,#16419,#16420,#16428));
#16418 = ORIENTED_EDGE('',*,*,#16372,.T.);
#16419 = ORIENTED_EDGE('',*,*,#15734,.T.);
#16420 = ORIENTED_EDGE('',*,*,#16421,.F.);
#16421 = EDGE_CURVE('',#16422,#15726,#16424,.T.);
#16422 = VERTEX_POINT('',#16423);
#16423 = CARTESIAN_POINT('',(-162.,147.,0.));
#16424 = LINE('',#16425,#16426);
#16425 = CARTESIAN_POINT('',(-162.,147.,0.));
#16426 = VECTOR('',#16427,1.);
#16427 = DIRECTION('',(0.,0.,1.));
#16428 = ORIENTED_EDGE('',*,*,#16429,.F.);
#16429 = EDGE_CURVE('',#16373,#16422,#16430,.T.);
#16430 = LINE('',#16431,#16432);
#16431 = CARTESIAN_POINT('',(-142.,147.,0.));
#16432 = VECTOR('',#16433,1.);
#16433 = DIRECTION('',(-1.,0.,0.));
#16434 = PLANE('',#16435);
#16435 = AXIS2_PLACEMENT_3D('',#16436,#16437,#16438);
#16436 = CARTESIAN_POINT('',(-142.,147.,0.));
#16437 = DIRECTION('',(0.,-1.,0.));
#16438 = DIRECTION('',(-1.,0.,0.));
#16439 = ADVANCED_FACE('',(#16440),#16459,.F.);
#16440 = FACE_BOUND('',#16441,.T.);
#16441 = EDGE_LOOP('',(#16442,#16450,#16451,#16452));
#16442 = ORIENTED_EDGE('',*,*,#16443,.T.);
#16443 = EDGE_CURVE('',#16444,#15709,#16446,.T.);
#16444 = VERTEX_POINT('',#16445);
#16445 = CARTESIAN_POINT('',(-167.,52.,0.));
#16446 = LINE('',#16447,#16448);
#16447 = CARTESIAN_POINT('',(-167.,52.,0.));
#16448 = VECTOR('',#16449,1.);
#16449 = DIRECTION('',(0.,0.,1.));
#16450 = ORIENTED_EDGE('',*,*,#15708,.T.);
#16451 = ORIENTED_EDGE('',*,*,#16395,.F.);
#16452 = ORIENTED_EDGE('',*,*,#16453,.F.);
#16453 = EDGE_CURVE('',#16444,#16396,#16454,.T.);
#16454 = CIRCLE('',#16455,5.);
#16455 = AXIS2_PLACEMENT_3D('',#16456,#16457,#16458);
#16456 = CARTESIAN_POINT('',(-162.,52.,0.));
#16457 = DIRECTION('',(0.,0.,1.));
#16458 = DIRECTION('',(1.,0.,0.));
#16459 = CYLINDRICAL_SURFACE('',#16460,5.);
#16460 = AXIS2_PLACEMENT_3D('',#16461,#16462,#16463);
#16461 = CARTESIAN_POINT('',(-162.,52.,0.));
#16462 = DIRECTION('',(-0.,-0.,-1.));
#16463 = DIRECTION('',(1.,0.,0.));
#16464 = ADVANCED_FACE('',(#16465),#16484,.F.);
#16465 = FACE_BOUND('',#16466,.T.);
#16466 = EDGE_LOOP('',(#16467,#16468,#16469,#16477));
#16467 = ORIENTED_EDGE('',*,*,#16421,.T.);
#16468 = ORIENTED_EDGE('',*,*,#15725,.T.);
#16469 = ORIENTED_EDGE('',*,*,#16470,.F.);
#16470 = EDGE_CURVE('',#16471,#15718,#16473,.T.);
#16471 = VERTEX_POINT('',#16472);
#16472 = CARTESIAN_POINT('',(-167.,142.,0.));
#16473 = LINE('',#16474,#16475);
#16474 = CARTESIAN_POINT('',(-167.,142.,0.));
#16475 = VECTOR('',#16476,1.);
#16476 = DIRECTION('',(0.,0.,1.));
#16477 = ORIENTED_EDGE('',*,*,#16478,.F.);
#16478 = EDGE_CURVE('',#16422,#16471,#16479,.T.);
#16479 = CIRCLE('',#16480,5.);
#16480 = AXIS2_PLACEMENT_3D('',#16481,#16482,#16483);
#16481 = CARTESIAN_POINT('',(-162.,142.,0.));
#16482 = DIRECTION('',(0.,0.,1.));
#16483 = DIRECTION('',(1.,0.,0.));
#16484 = CYLINDRICAL_SURFACE('',#16485,5.);
#16485 = AXIS2_PLACEMENT_3D('',#16486,#16487,#16488);
#16486 = CARTESIAN_POINT('',(-162.,142.,0.));
#16487 = DIRECTION('',(-0.,-0.,-1.));
#16488 = DIRECTION('',(1.,0.,0.));
#16489 = ADVANCED_FACE('',(#16490),#16501,.T.);
#16490 = FACE_BOUND('',#16491,.T.);
#16491 = EDGE_LOOP('',(#16492,#16493,#16494,#16495));
#16492 = ORIENTED_EDGE('',*,*,#16470,.T.);
#16493 = ORIENTED_EDGE('',*,*,#15717,.T.);
#16494 = ORIENTED_EDGE('',*,*,#16443,.F.);
#16495 = ORIENTED_EDGE('',*,*,#16496,.F.);
#16496 = EDGE_CURVE('',#16471,#16444,#16497,.T.);
#16497 = LINE('',#16498,#16499);
#16498 = CARTESIAN_POINT('',(-167.,142.,0.));
#16499 = VECTOR('',#16500,1.);
#16500 = DIRECTION('',(0.,-1.,0.));
#16501 = PLANE('',#16502);
#16502 = AXIS2_PLACEMENT_3D('',#16503,#16504,#16505);
#16503 = CARTESIAN_POINT('',(-167.,142.,0.));
#16504 = DIRECTION('',(1.,0.,0.));
#16505 = DIRECTION('',(0.,-1.,0.));
#16506 = ADVANCED_FACE('',(#16507),#16532,.T.);
#16507 = FACE_BOUND('',#16508,.T.);
#16508 = EDGE_LOOP('',(#16509,#16517,#16518,#16526));
#16509 = ORIENTED_EDGE('',*,*,#16510,.T.);
#16510 = EDGE_CURVE('',#16511,#15752,#16513,.T.);
#16511 = VERTEX_POINT('',#16512);
#16512 = CARTESIAN_POINT('',(-104.,51.999998464102,0.));
#16513 = LINE('',#16514,#16515);
#16514 = CARTESIAN_POINT('',(-104.,51.999998464102,0.));
#16515 = VECTOR('',#16516,1.);
#16516 = DIRECTION('',(0.,0.,1.));
#16517 = ORIENTED_EDGE('',*,*,#15751,.T.);
#16518 = ORIENTED_EDGE('',*,*,#16519,.F.);
#16519 = EDGE_CURVE('',#16520,#15754,#16522,.T.);
#16520 = VERTEX_POINT('',#16521);
#16521 = CARTESIAN_POINT('',(-104.,141.9999984641,0.));
#16522 = LINE('',#16523,#16524);
#16523 = CARTESIAN_POINT('',(-104.,141.9999984641,0.));
#16524 = VECTOR('',#16525,1.);
#16525 = DIRECTION('',(0.,0.,1.));
#16526 = ORIENTED_EDGE('',*,*,#16527,.F.);
#16527 = EDGE_CURVE('',#16511,#16520,#16528,.T.);
#16528 = LINE('',#16529,#16530);
#16529 = CARTESIAN_POINT('',(-104.,51.999998464102,0.));
#16530 = VECTOR('',#16531,1.);
#16531 = DIRECTION('',(0.,1.,0.));
#16532 = PLANE('',#16533);
#16533 = AXIS2_PLACEMENT_3D('',#16534,#16535,#16536);
#16534 = CARTESIAN_POINT('',(-104.,51.999998464102,0.));
#16535 = DIRECTION('',(-1.,0.,0.));
#16536 = DIRECTION('',(0.,1.,0.));
#16537 = ADVANCED_FACE('',(#16538),#16557,.F.);
#16538 = FACE_BOUND('',#16539,.T.);
#16539 = EDGE_LOOP('',(#16540,#16548,#16549,#16550));
#16540 = ORIENTED_EDGE('',*,*,#16541,.T.);
#16541 = EDGE_CURVE('',#16542,#15762,#16544,.T.);
#16542 = VERTEX_POINT('',#16543);
#16543 = CARTESIAN_POINT('',(-109.,46.999998464102,0.));
#16544 = LINE('',#16545,#16546);
#16545 = CARTESIAN_POINT('',(-109.,46.999998464102,0.));
#16546 = VECTOR('',#16547,1.);
#16547 = DIRECTION('',(0.,0.,1.));
#16548 = ORIENTED_EDGE('',*,*,#15761,.T.);
#16549 = ORIENTED_EDGE('',*,*,#16510,.F.);
#16550 = ORIENTED_EDGE('',*,*,#16551,.F.);
#16551 = EDGE_CURVE('',#16542,#16511,#16552,.T.);
#16552 = CIRCLE('',#16553,5.);
#16553 = AXIS2_PLACEMENT_3D('',#16554,#16555,#16556);
#16554 = CARTESIAN_POINT('',(-109.,51.999998464102,0.));
#16555 = DIRECTION('',(0.,0.,1.));
#16556 = DIRECTION('',(1.,0.,0.));
#16557 = CYLINDRICAL_SURFACE('',#16558,5.);
#16558 = AXIS2_PLACEMENT_3D('',#16559,#16560,#16561);
#16559 = CARTESIAN_POINT('',(-109.,51.999998464102,0.));
#16560 = DIRECTION('',(-0.,-0.,-1.));
#16561 = DIRECTION('',(1.,0.,0.));
#16562 = ADVANCED_FACE('',(#16563),#16582,.F.);
#16563 = FACE_BOUND('',#16564,.T.);
#16564 = EDGE_LOOP('',(#16565,#16566,#16567,#16575));
#16565 = ORIENTED_EDGE('',*,*,#16519,.T.);
#16566 = ORIENTED_EDGE('',*,*,#15812,.T.);
#16567 = ORIENTED_EDGE('',*,*,#16568,.F.);
#16568 = EDGE_CURVE('',#16569,#15805,#16571,.T.);
#16569 = VERTEX_POINT('',#16570);
#16570 = CARTESIAN_POINT('',(-109.,146.9999984641,0.));
#16571 = LINE('',#16572,#16573);
#16572 = CARTESIAN_POINT('',(-109.,146.9999984641,0.));
#16573 = VECTOR('',#16574,1.);
#16574 = DIRECTION('',(0.,0.,1.));
#16575 = ORIENTED_EDGE('',*,*,#16576,.F.);
#16576 = EDGE_CURVE('',#16520,#16569,#16577,.T.);
#16577 = CIRCLE('',#16578,5.);
#16578 = AXIS2_PLACEMENT_3D('',#16579,#16580,#16581);
#16579 = CARTESIAN_POINT('',(-109.,141.9999984641,0.));
#16580 = DIRECTION('',(0.,0.,1.));
#16581 = DIRECTION('',(1.,0.,0.));
#16582 = CYLINDRICAL_SURFACE('',#16583,5.);
#16583 = AXIS2_PLACEMENT_3D('',#16584,#16585,#16586);
#16584 = CARTESIAN_POINT('',(-109.,141.9999984641,0.));
#16585 = DIRECTION('',(-0.,-0.,-1.));
#16586 = DIRECTION('',(1.,0.,0.));
#16587 = ADVANCED_FACE('',(#16588),#16606,.T.);
#16588 = FACE_BOUND('',#16589,.T.);
#16589 = EDGE_LOOP('',(#16590,#16598,#16599,#16600));
#16590 = ORIENTED_EDGE('',*,*,#16591,.T.);
#16591 = EDGE_CURVE('',#16592,#15771,#16594,.T.);
#16592 = VERTEX_POINT('',#16593);
#16593 = CARTESIAN_POINT('',(-129.,46.999998464102,0.));
#16594 = LINE('',#16595,#16596);
#16595 = CARTESIAN_POINT('',(-129.,46.999998464102,0.));
#16596 = VECTOR('',#16597,1.);
#16597 = DIRECTION('',(0.,0.,1.));
#16598 = ORIENTED_EDGE('',*,*,#15770,.T.);
#16599 = ORIENTED_EDGE('',*,*,#16541,.F.);
#16600 = ORIENTED_EDGE('',*,*,#16601,.F.);
#16601 = EDGE_CURVE('',#16592,#16542,#16602,.T.);
#16602 = LINE('',#16603,#16604);
#16603 = CARTESIAN_POINT('',(-129.,46.999998464102,0.));
#16604 = VECTOR('',#16605,1.);
#16605 = DIRECTION('',(1.,0.,0.));
#16606 = PLANE('',#16607);
#16607 = AXIS2_PLACEMENT_3D('',#16608,#16609,#16610);
#16608 = CARTESIAN_POINT('',(-129.,46.999998464102,0.));
#16609 = DIRECTION('',(0.,1.,0.));
#16610 = DIRECTION('',(1.,0.,0.));
#16611 = ADVANCED_FACE('',(#16612),#16630,.T.);
#16612 = FACE_BOUND('',#16613,.T.);
#16613 = EDGE_LOOP('',(#16614,#16615,#16616,#16624));
#16614 = ORIENTED_EDGE('',*,*,#16568,.T.);
#16615 = ORIENTED_EDGE('',*,*,#15804,.T.);
#16616 = ORIENTED_EDGE('',*,*,#16617,.F.);
#16617 = EDGE_CURVE('',#16618,#15796,#16620,.T.);
#16618 = VERTEX_POINT('',#16619);
#16619 = CARTESIAN_POINT('',(-129.,146.9999984641,0.));
#16620 = LINE('',#16621,#16622);
#16621 = CARTESIAN_POINT('',(-129.,146.9999984641,0.));
#16622 = VECTOR('',#16623,1.);
#16623 = DIRECTION('',(0.,0.,1.));
#16624 = ORIENTED_EDGE('',*,*,#16625,.F.);
#16625 = EDGE_CURVE('',#16569,#16618,#16626,.T.);
#16626 = LINE('',#16627,#16628);
#16627 = CARTESIAN_POINT('',(-109.,146.9999984641,0.));
#16628 = VECTOR('',#16629,1.);
#16629 = DIRECTION('',(-1.,0.,0.));
#16630 = PLANE('',#16631);
#16631 = AXIS2_PLACEMENT_3D('',#16632,#16633,#16634);
#16632 = CARTESIAN_POINT('',(-109.,146.9999984641,0.));
#16633 = DIRECTION('',(0.,-1.,0.));
#16634 = DIRECTION('',(-1.,0.,0.));
#16635 = ADVANCED_FACE('',(#16636),#16655,.F.);
#16636 = FACE_BOUND('',#16637,.T.);
#16637 = EDGE_LOOP('',(#16638,#16646,#16647,#16648));
#16638 = ORIENTED_EDGE('',*,*,#16639,.T.);
#16639 = EDGE_CURVE('',#16640,#15779,#16642,.T.);
#16640 = VERTEX_POINT('',#16641);
#16641 = CARTESIAN_POINT('',(-134.,51.999998464102,0.));
#16642 = LINE('',#16643,#16644);
#16643 = CARTESIAN_POINT('',(-134.,51.999998464102,0.));
#16644 = VECTOR('',#16645,1.);
#16645 = DIRECTION('',(0.,0.,1.));
#16646 = ORIENTED_EDGE('',*,*,#15778,.T.);
#16647 = ORIENTED_EDGE('',*,*,#16591,.F.);
#16648 = ORIENTED_EDGE('',*,*,#16649,.F.);
#16649 = EDGE_CURVE('',#16640,#16592,#16650,.T.);
#16650 = CIRCLE('',#16651,5.);
#16651 = AXIS2_PLACEMENT_3D('',#16652,#16653,#16654);
#16652 = CARTESIAN_POINT('',(-129.,51.999998464102,0.));
#16653 = DIRECTION('',(0.,0.,1.));
#16654 = DIRECTION('',(1.,0.,0.));
#16655 = CYLINDRICAL_SURFACE('',#16656,5.);
#16656 = AXIS2_PLACEMENT_3D('',#16657,#16658,#16659);
#16657 = CARTESIAN_POINT('',(-129.,51.999998464102,0.));
#16658 = DIRECTION('',(-0.,-0.,-1.));
#16659 = DIRECTION('',(1.,0.,0.));
#16660 = ADVANCED_FACE('',(#16661),#16680,.F.);
#16661 = FACE_BOUND('',#16662,.T.);
#16662 = EDGE_LOOP('',(#16663,#16664,#16665,#16673));
#16663 = ORIENTED_EDGE('',*,*,#16617,.T.);
#16664 = ORIENTED_EDGE('',*,*,#15795,.T.);
#16665 = ORIENTED_EDGE('',*,*,#16666,.F.);
#16666 = EDGE_CURVE('',#16667,#15788,#16669,.T.);
#16667 = VERTEX_POINT('',#16668);
#16668 = CARTESIAN_POINT('',(-134.,141.9999984641,0.));
#16669 = LINE('',#16670,#16671);
#16670 = CARTESIAN_POINT('',(-134.,141.9999984641,0.));
#16671 = VECTOR('',#16672,1.);
#16672 = DIRECTION('',(0.,0.,1.));
#16673 = ORIENTED_EDGE('',*,*,#16674,.F.);
#16674 = EDGE_CURVE('',#16618,#16667,#16675,.T.);
#16675 = CIRCLE('',#16676,5.);
#16676 = AXIS2_PLACEMENT_3D('',#16677,#16678,#16679);
#16677 = CARTESIAN_POINT('',(-129.,141.9999984641,0.));
#16678 = DIRECTION('',(0.,0.,1.));
#16679 = DIRECTION('',(1.,0.,0.));
#16680 = CYLINDRICAL_SURFACE('',#16681,5.);
#16681 = AXIS2_PLACEMENT_3D('',#16682,#16683,#16684);
#16682 = CARTESIAN_POINT('',(-129.,141.9999984641,0.));
#16683 = DIRECTION('',(-0.,-0.,-1.));
#16684 = DIRECTION('',(1.,0.,0.));
#16685 = ADVANCED_FACE('',(#16686),#16697,.T.);
#16686 = FACE_BOUND('',#16687,.T.);
#16687 = EDGE_LOOP('',(#16688,#16689,#16690,#16691));
#16688 = ORIENTED_EDGE('',*,*,#16666,.T.);
#16689 = ORIENTED_EDGE('',*,*,#15787,.T.);
#16690 = ORIENTED_EDGE('',*,*,#16639,.F.);
#16691 = ORIENTED_EDGE('',*,*,#16692,.F.);
#16692 = EDGE_CURVE('',#16667,#16640,#16693,.T.);
#16693 = LINE('',#16694,#16695);
#16694 = CARTESIAN_POINT('',(-134.,141.9999984641,0.));
#16695 = VECTOR('',#16696,1.);
#16696 = DIRECTION('',(0.,-1.,0.));
#16697 = PLANE('',#16698);
#16698 = AXIS2_PLACEMENT_3D('',#16699,#16700,#16701);
#16699 = CARTESIAN_POINT('',(-134.,141.9999984641,0.));
#16700 = DIRECTION('',(1.,0.,0.));
#16701 = DIRECTION('',(0.,-1.,0.));
#16702 = ADVANCED_FACE('',(#16703),#16728,.T.);
#16703 = FACE_BOUND('',#16704,.T.);
#16704 = EDGE_LOOP('',(#16705,#16713,#16714,#16722));
#16705 = ORIENTED_EDGE('',*,*,#16706,.T.);
#16706 = EDGE_CURVE('',#16707,#15822,#16709,.T.);
#16707 = VERTEX_POINT('',#16708);
#16708 = CARTESIAN_POINT('',(-38.,51.999995402092,0.));
#16709 = LINE('',#16710,#16711);
#16710 = CARTESIAN_POINT('',(-38.,51.999995402092,0.));
#16711 = VECTOR('',#16712,1.);
#16712 = DIRECTION('',(0.,0.,1.));
#16713 = ORIENTED_EDGE('',*,*,#15821,.T.);
#16714 = ORIENTED_EDGE('',*,*,#16715,.F.);
#16715 = EDGE_CURVE('',#16716,#15824,#16718,.T.);
#16716 = VERTEX_POINT('',#16717);
#16717 = CARTESIAN_POINT('',(-38.,141.99999540209,0.));
#16718 = LINE('',#16719,#16720);
#16719 = CARTESIAN_POINT('',(-38.,141.99999540209,0.));
#16720 = VECTOR('',#16721,1.);
#16721 = DIRECTION('',(0.,0.,1.));
#16722 = ORIENTED_EDGE('',*,*,#16723,.F.);
#16723 = EDGE_CURVE('',#16707,#16716,#16724,.T.);
#16724 = LINE('',#16725,#16726);
#16725 = CARTESIAN_POINT('',(-38.,51.999995402092,0.));
#16726 = VECTOR('',#16727,1.);
#16727 = DIRECTION('',(0.,1.,0.));
#16728 = PLANE('',#16729);
#16729 = AXIS2_PLACEMENT_3D('',#16730,#16731,#16732);
#16730 = CARTESIAN_POINT('',(-38.,51.999995402092,0.));
#16731 = DIRECTION('',(-1.,0.,0.));
#16732 = DIRECTION('',(0.,1.,0.));
#16733 = ADVANCED_FACE('',(#16734),#16753,.F.);
#16734 = FACE_BOUND('',#16735,.T.);
#16735 = EDGE_LOOP('',(#16736,#16744,#16745,#16746));
#16736 = ORIENTED_EDGE('',*,*,#16737,.T.);
#16737 = EDGE_CURVE('',#16738,#15832,#16740,.T.);
#16738 = VERTEX_POINT('',#16739);
#16739 = CARTESIAN_POINT('',(-43.,46.999995402092,0.));
#16740 = LINE('',#16741,#16742);
#16741 = CARTESIAN_POINT('',(-43.,46.999995402092,0.));
#16742 = VECTOR('',#16743,1.);
#16743 = DIRECTION('',(0.,0.,1.));
#16744 = ORIENTED_EDGE('',*,*,#15831,.T.);
#16745 = ORIENTED_EDGE('',*,*,#16706,.F.);
#16746 = ORIENTED_EDGE('',*,*,#16747,.F.);
#16747 = EDGE_CURVE('',#16738,#16707,#16748,.T.);
#16748 = CIRCLE('',#16749,5.);
#16749 = AXIS2_PLACEMENT_3D('',#16750,#16751,#16752);
#16750 = CARTESIAN_POINT('',(-43.,51.999995402092,0.));
#16751 = DIRECTION('',(0.,0.,1.));
#16752 = DIRECTION('',(1.,0.,0.));
#16753 = CYLINDRICAL_SURFACE('',#16754,5.);
#16754 = AXIS2_PLACEMENT_3D('',#16755,#16756,#16757);
#16755 = CARTESIAN_POINT('',(-43.,51.999995402092,0.));
#16756 = DIRECTION('',(-0.,-0.,-1.));
#16757 = DIRECTION('',(1.,0.,0.));
#16758 = ADVANCED_FACE('',(#16759),#16778,.F.);
#16759 = FACE_BOUND('',#16760,.T.);
#16760 = EDGE_LOOP('',(#16761,#16762,#16763,#16771));
#16761 = ORIENTED_EDGE('',*,*,#16715,.T.);
#16762 = ORIENTED_EDGE('',*,*,#15882,.T.);
#16763 = ORIENTED_EDGE('',*,*,#16764,.F.);
#16764 = EDGE_CURVE('',#16765,#15875,#16767,.T.);
#16765 = VERTEX_POINT('',#16766);
#16766 = CARTESIAN_POINT('',(-43.,146.99999540209,0.));
#16767 = LINE('',#16768,#16769);
#16768 = CARTESIAN_POINT('',(-43.,146.99999540209,0.));
#16769 = VECTOR('',#16770,1.);
#16770 = DIRECTION('',(0.,0.,1.));
#16771 = ORIENTED_EDGE('',*,*,#16772,.F.);
#16772 = EDGE_CURVE('',#16716,#16765,#16773,.T.);
#16773 = CIRCLE('',#16774,5.);
#16774 = AXIS2_PLACEMENT_3D('',#16775,#16776,#16777);
#16775 = CARTESIAN_POINT('',(-43.,141.99999540209,0.));
#16776 = DIRECTION('',(0.,0.,1.));
#16777 = DIRECTION('',(1.,0.,0.));
#16778 = CYLINDRICAL_SURFACE('',#16779,5.);
#16779 = AXIS2_PLACEMENT_3D('',#16780,#16781,#16782);
#16780 = CARTESIAN_POINT('',(-43.,141.99999540209,0.));
#16781 = DIRECTION('',(-0.,-0.,-1.));
#16782 = DIRECTION('',(1.,0.,0.));
#16783 = ADVANCED_FACE('',(#16784),#16802,.T.);
#16784 = FACE_BOUND('',#16785,.T.);
#16785 = EDGE_LOOP('',(#16786,#16794,#16795,#16796));
#16786 = ORIENTED_EDGE('',*,*,#16787,.T.);
#16787 = EDGE_CURVE('',#16788,#15841,#16790,.T.);
#16788 = VERTEX_POINT('',#16789);
#16789 = CARTESIAN_POINT('',(-63.,46.999995402092,0.));
#16790 = LINE('',#16791,#16792);
#16791 = CARTESIAN_POINT('',(-63.,46.999995402092,0.));
#16792 = VECTOR('',#16793,1.);
#16793 = DIRECTION('',(0.,0.,1.));
#16794 = ORIENTED_EDGE('',*,*,#15840,.T.);
#16795 = ORIENTED_EDGE('',*,*,#16737,.F.);
#16796 = ORIENTED_EDGE('',*,*,#16797,.F.);
#16797 = EDGE_CURVE('',#16788,#16738,#16798,.T.);
#16798 = LINE('',#16799,#16800);
#16799 = CARTESIAN_POINT('',(-63.,46.999995402092,0.));
#16800 = VECTOR('',#16801,1.);
#16801 = DIRECTION('',(1.,0.,0.));
#16802 = PLANE('',#16803);
#16803 = AXIS2_PLACEMENT_3D('',#16804,#16805,#16806);
#16804 = CARTESIAN_POINT('',(-63.,46.999995402092,0.));
#16805 = DIRECTION('',(0.,1.,0.));
#16806 = DIRECTION('',(1.,0.,0.));
#16807 = ADVANCED_FACE('',(#16808),#16826,.T.);
#16808 = FACE_BOUND('',#16809,.T.);
#16809 = EDGE_LOOP('',(#16810,#16811,#16812,#16820));
#16810 = ORIENTED_EDGE('',*,*,#16764,.T.);
#16811 = ORIENTED_EDGE('',*,*,#15874,.T.);
#16812 = ORIENTED_EDGE('',*,*,#16813,.F.);
#16813 = EDGE_CURVE('',#16814,#15866,#16816,.T.);
#16814 = VERTEX_POINT('',#16815);
#16815 = CARTESIAN_POINT('',(-63.,146.99999540209,0.));
#16816 = LINE('',#16817,#16818);
#16817 = CARTESIAN_POINT('',(-63.,146.99999540209,0.));
#16818 = VECTOR('',#16819,1.);
#16819 = DIRECTION('',(0.,0.,1.));
#16820 = ORIENTED_EDGE('',*,*,#16821,.F.);
#16821 = EDGE_CURVE('',#16765,#16814,#16822,.T.);
#16822 = LINE('',#16823,#16824);
#16823 = CARTESIAN_POINT('',(-43.,146.99999540209,0.));
#16824 = VECTOR('',#16825,1.);
#16825 = DIRECTION('',(-1.,0.,0.));
#16826 = PLANE('',#16827);
#16827 = AXIS2_PLACEMENT_3D('',#16828,#16829,#16830);
#16828 = CARTESIAN_POINT('',(-43.,146.99999540209,0.));
#16829 = DIRECTION('',(0.,-1.,0.));
#16830 = DIRECTION('',(-1.,0.,0.));
#16831 = ADVANCED_FACE('',(#16832),#16851,.F.);
#16832 = FACE_BOUND('',#16833,.T.);
#16833 = EDGE_LOOP('',(#16834,#16842,#16843,#16844));
#16834 = ORIENTED_EDGE('',*,*,#16835,.T.);
#16835 = EDGE_CURVE('',#16836,#15849,#16838,.T.);
#16836 = VERTEX_POINT('',#16837);
#16837 = CARTESIAN_POINT('',(-68.,51.999995402092,0.));
#16838 = LINE('',#16839,#16840);
#16839 = CARTESIAN_POINT('',(-68.,51.999995402092,0.));
#16840 = VECTOR('',#16841,1.);
#16841 = DIRECTION('',(0.,0.,1.));
#16842 = ORIENTED_EDGE('',*,*,#15848,.T.);
#16843 = ORIENTED_EDGE('',*,*,#16787,.F.);
#16844 = ORIENTED_EDGE('',*,*,#16845,.F.);
#16845 = EDGE_CURVE('',#16836,#16788,#16846,.T.);
#16846 = CIRCLE('',#16847,5.);
#16847 = AXIS2_PLACEMENT_3D('',#16848,#16849,#16850);
#16848 = CARTESIAN_POINT('',(-63.,51.999995402092,0.));
#16849 = DIRECTION('',(0.,0.,1.));
#16850 = DIRECTION('',(1.,0.,0.));
#16851 = CYLINDRICAL_SURFACE('',#16852,5.);
#16852 = AXIS2_PLACEMENT_3D('',#16853,#16854,#16855);
#16853 = CARTESIAN_POINT('',(-63.,51.999995402092,0.));
#16854 = DIRECTION('',(-0.,-0.,-1.));
#16855 = DIRECTION('',(1.,0.,0.));
#16856 = ADVANCED_FACE('',(#16857),#16876,.F.);
#16857 = FACE_BOUND('',#16858,.T.);
#16858 = EDGE_LOOP('',(#16859,#16860,#16861,#16869));
#16859 = ORIENTED_EDGE('',*,*,#16813,.T.);
#16860 = ORIENTED_EDGE('',*,*,#15865,.T.);
#16861 = ORIENTED_EDGE('',*,*,#16862,.F.);
#16862 = EDGE_CURVE('',#16863,#15858,#16865,.T.);
#16863 = VERTEX_POINT('',#16864);
#16864 = CARTESIAN_POINT('',(-68.,141.99999540209,0.));
#16865 = LINE('',#16866,#16867);
#16866 = CARTESIAN_POINT('',(-68.,141.99999540209,0.));
#16867 = VECTOR('',#16868,1.);
#16868 = DIRECTION('',(0.,0.,1.));
#16869 = ORIENTED_EDGE('',*,*,#16870,.F.);
#16870 = EDGE_CURVE('',#16814,#16863,#16871,.T.);
#16871 = CIRCLE('',#16872,5.);
#16872 = AXIS2_PLACEMENT_3D('',#16873,#16874,#16875);
#16873 = CARTESIAN_POINT('',(-63.,141.99999540209,0.));
#16874 = DIRECTION('',(0.,0.,1.));
#16875 = DIRECTION('',(1.,0.,0.));
#16876 = CYLINDRICAL_SURFACE('',#16877,5.);
#16877 = AXIS2_PLACEMENT_3D('',#16878,#16879,#16880);
#16878 = CARTESIAN_POINT('',(-63.,141.99999540209,0.));
#16879 = DIRECTION('',(-0.,-0.,-1.));
#16880 = DIRECTION('',(1.,0.,0.));
#16881 = ADVANCED_FACE('',(#16882),#16893,.T.);
#16882 = FACE_BOUND('',#16883,.T.);
#16883 = EDGE_LOOP('',(#16884,#16885,#16886,#16887));
#16884 = ORIENTED_EDGE('',*,*,#16862,.T.);
#16885 = ORIENTED_EDGE('',*,*,#15857,.T.);
#16886 = ORIENTED_EDGE('',*,*,#16835,.F.);
#16887 = ORIENTED_EDGE('',*,*,#16888,.F.);
#16888 = EDGE_CURVE('',#16863,#16836,#16889,.T.);
#16889 = LINE('',#16890,#16891);
#16890 = CARTESIAN_POINT('',(-68.,141.99999540209,0.));
#16891 = VECTOR('',#16892,1.);
#16892 = DIRECTION('',(0.,-1.,0.));
#16893 = PLANE('',#16894);
#16894 = AXIS2_PLACEMENT_3D('',#16895,#16896,#16897);
#16895 = CARTESIAN_POINT('',(-68.,141.99999540209,0.));
#16896 = DIRECTION('',(1.,0.,0.));
#16897 = DIRECTION('',(0.,-1.,0.));
#16898 = ADVANCED_FACE('',(#16899),#16924,.T.);
#16899 = FACE_BOUND('',#16900,.T.);
#16900 = EDGE_LOOP('',(#16901,#16909,#16910,#16918));
#16901 = ORIENTED_EDGE('',*,*,#16902,.T.);
#16902 = EDGE_CURVE('',#16903,#15892,#16905,.T.);
#16903 = VERTEX_POINT('',#16904);
#16904 = CARTESIAN_POINT('',(-71.,52.000378191104,0.));
#16905 = LINE('',#16906,#16907);
#16906 = CARTESIAN_POINT('',(-71.,52.000378191104,0.));
#16907 = VECTOR('',#16908,1.);
#16908 = DIRECTION('',(0.,0.,1.));
#16909 = ORIENTED_EDGE('',*,*,#15891,.T.);
#16910 = ORIENTED_EDGE('',*,*,#16911,.F.);
#16911 = EDGE_CURVE('',#16912,#15894,#16914,.T.);
#16912 = VERTEX_POINT('',#16913);
#16913 = CARTESIAN_POINT('',(-71.,142.0003781911,0.));
#16914 = LINE('',#16915,#16916);
#16915 = CARTESIAN_POINT('',(-71.,142.0003781911,0.));
#16916 = VECTOR('',#16917,1.);
#16917 = DIRECTION('',(0.,0.,1.));
#16918 = ORIENTED_EDGE('',*,*,#16919,.F.);
#16919 = EDGE_CURVE('',#16903,#16912,#16920,.T.);
#16920 = LINE('',#16921,#16922);
#16921 = CARTESIAN_POINT('',(-71.,52.000378191104,0.));
#16922 = VECTOR('',#16923,1.);
#16923 = DIRECTION('',(0.,1.,0.));
#16924 = PLANE('',#16925);
#16925 = AXIS2_PLACEMENT_3D('',#16926,#16927,#16928);
#16926 = CARTESIAN_POINT('',(-71.,52.000378191104,0.));
#16927 = DIRECTION('',(-1.,0.,0.));
#16928 = DIRECTION('',(0.,1.,0.));
#16929 = ADVANCED_FACE('',(#16930),#16949,.F.);
#16930 = FACE_BOUND('',#16931,.T.);
#16931 = EDGE_LOOP('',(#16932,#16940,#16941,#16942));
#16932 = ORIENTED_EDGE('',*,*,#16933,.T.);
#16933 = EDGE_CURVE('',#16934,#15902,#16936,.T.);
#16934 = VERTEX_POINT('',#16935);
#16935 = CARTESIAN_POINT('',(-76.,47.000378191104,0.));
#16936 = LINE('',#16937,#16938);
#16937 = CARTESIAN_POINT('',(-76.,47.000378191104,0.));
#16938 = VECTOR('',#16939,1.);
#16939 = DIRECTION('',(0.,0.,1.));
#16940 = ORIENTED_EDGE('',*,*,#15901,.T.);
#16941 = ORIENTED_EDGE('',*,*,#16902,.F.);
#16942 = ORIENTED_EDGE('',*,*,#16943,.F.);
#16943 = EDGE_CURVE('',#16934,#16903,#16944,.T.);
#16944 = CIRCLE('',#16945,5.);
#16945 = AXIS2_PLACEMENT_3D('',#16946,#16947,#16948);
#16946 = CARTESIAN_POINT('',(-76.,52.000378191104,0.));
#16947 = DIRECTION('',(0.,0.,1.));
#16948 = DIRECTION('',(1.,0.,0.));
#16949 = CYLINDRICAL_SURFACE('',#16950,5.);
#16950 = AXIS2_PLACEMENT_3D('',#16951,#16952,#16953);
#16951 = CARTESIAN_POINT('',(-76.,52.000378191104,0.));
#16952 = DIRECTION('',(-0.,-0.,-1.));
#16953 = DIRECTION('',(1.,0.,0.));
#16954 = ADVANCED_FACE('',(#16955),#16974,.F.);
#16955 = FACE_BOUND('',#16956,.T.);
#16956 = EDGE_LOOP('',(#16957,#16958,#16959,#16967));
#16957 = ORIENTED_EDGE('',*,*,#16911,.T.);
#16958 = ORIENTED_EDGE('',*,*,#15952,.T.);
#16959 = ORIENTED_EDGE('',*,*,#16960,.F.);
#16960 = EDGE_CURVE('',#16961,#15945,#16963,.T.);
#16961 = VERTEX_POINT('',#16962);
#16962 = CARTESIAN_POINT('',(-76.,147.0003781911,0.));
#16963 = LINE('',#16964,#16965);
#16964 = CARTESIAN_POINT('',(-76.,147.0003781911,0.));
#16965 = VECTOR('',#16966,1.);
#16966 = DIRECTION('',(0.,0.,1.));
#16967 = ORIENTED_EDGE('',*,*,#16968,.F.);
#16968 = EDGE_CURVE('',#16912,#16961,#16969,.T.);
#16969 = CIRCLE('',#16970,5.);
#16970 = AXIS2_PLACEMENT_3D('',#16971,#16972,#16973);
#16971 = CARTESIAN_POINT('',(-76.,142.0003781911,0.));
#16972 = DIRECTION('',(0.,0.,1.));
#16973 = DIRECTION('',(1.,0.,0.));
#16974 = CYLINDRICAL_SURFACE('',#16975,5.);
#16975 = AXIS2_PLACEMENT_3D('',#16976,#16977,#16978);
#16976 = CARTESIAN_POINT('',(-76.,142.0003781911,0.));
#16977 = DIRECTION('',(-0.,-0.,-1.));
#16978 = DIRECTION('',(1.,0.,0.));
#16979 = ADVANCED_FACE('',(#16980),#16998,.T.);
#16980 = FACE_BOUND('',#16981,.T.);
#16981 = EDGE_LOOP('',(#16982,#16990,#16991,#16992));
#16982 = ORIENTED_EDGE('',*,*,#16983,.T.);
#16983 = EDGE_CURVE('',#16984,#15911,#16986,.T.);
#16984 = VERTEX_POINT('',#16985);
#16985 = CARTESIAN_POINT('',(-96.,47.000378191104,0.));
#16986 = LINE('',#16987,#16988);
#16987 = CARTESIAN_POINT('',(-96.,47.000378191104,0.));
#16988 = VECTOR('',#16989,1.);
#16989 = DIRECTION('',(0.,0.,1.));
#16990 = ORIENTED_EDGE('',*,*,#15910,.T.);
#16991 = ORIENTED_EDGE('',*,*,#16933,.F.);
#16992 = ORIENTED_EDGE('',*,*,#16993,.F.);
#16993 = EDGE_CURVE('',#16984,#16934,#16994,.T.);
#16994 = LINE('',#16995,#16996);
#16995 = CARTESIAN_POINT('',(-96.,47.000378191104,0.));
#16996 = VECTOR('',#16997,1.);
#16997 = DIRECTION('',(1.,0.,0.));
#16998 = PLANE('',#16999);
#16999 = AXIS2_PLACEMENT_3D('',#17000,#17001,#17002);
#17000 = CARTESIAN_POINT('',(-96.,47.000378191104,0.));
#17001 = DIRECTION('',(0.,1.,0.));
#17002 = DIRECTION('',(1.,0.,0.));
#17003 = ADVANCED_FACE('',(#17004),#17022,.T.);
#17004 = FACE_BOUND('',#17005,.T.);
#17005 = EDGE_LOOP('',(#17006,#17007,#17008,#17016));
#17006 = ORIENTED_EDGE('',*,*,#16960,.T.);
#17007 = ORIENTED_EDGE('',*,*,#15944,.T.);
#17008 = ORIENTED_EDGE('',*,*,#17009,.F.);
#17009 = EDGE_CURVE('',#17010,#15936,#17012,.T.);
#17010 = VERTEX_POINT('',#17011);
#17011 = CARTESIAN_POINT('',(-96.,147.0003781911,0.));
#17012 = LINE('',#17013,#17014);
#17013 = CARTESIAN_POINT('',(-96.,147.0003781911,0.));
#17014 = VECTOR('',#17015,1.);
#17015 = DIRECTION('',(0.,0.,1.));
#17016 = ORIENTED_EDGE('',*,*,#17017,.F.);
#17017 = EDGE_CURVE('',#16961,#17010,#17018,.T.);
#17018 = LINE('',#17019,#17020);
#17019 = CARTESIAN_POINT('',(-76.,147.0003781911,0.));
#17020 = VECTOR('',#17021,1.);
#17021 = DIRECTION('',(-1.,0.,0.));
#17022 = PLANE('',#17023);
#17023 = AXIS2_PLACEMENT_3D('',#17024,#17025,#17026);
#17024 = CARTESIAN_POINT('',(-76.,147.0003781911,0.));
#17025 = DIRECTION('',(0.,-1.,0.));
#17026 = DIRECTION('',(-1.,0.,0.));
#17027 = ADVANCED_FACE('',(#17028),#17047,.F.);
#17028 = FACE_BOUND('',#17029,.T.);
#17029 = EDGE_LOOP('',(#17030,#17038,#17039,#17040));
#17030 = ORIENTED_EDGE('',*,*,#17031,.T.);
#17031 = EDGE_CURVE('',#17032,#15919,#17034,.T.);
#17032 = VERTEX_POINT('',#17033);
#17033 = CARTESIAN_POINT('',(-101.,52.000378191104,0.));
#17034 = LINE('',#17035,#17036);
#17035 = CARTESIAN_POINT('',(-101.,52.000378191104,0.));
#17036 = VECTOR('',#17037,1.);
#17037 = DIRECTION('',(0.,0.,1.));
#17038 = ORIENTED_EDGE('',*,*,#15918,.T.);
#17039 = ORIENTED_EDGE('',*,*,#16983,.F.);
#17040 = ORIENTED_EDGE('',*,*,#17041,.F.);
#17041 = EDGE_CURVE('',#17032,#16984,#17042,.T.);
#17042 = CIRCLE('',#17043,5.);
#17043 = AXIS2_PLACEMENT_3D('',#17044,#17045,#17046);
#17044 = CARTESIAN_POINT('',(-96.,52.000378191104,0.));
#17045 = DIRECTION('',(0.,0.,1.));
#17046 = DIRECTION('',(1.,0.,0.));
#17047 = CYLINDRICAL_SURFACE('',#17048,5.);
#17048 = AXIS2_PLACEMENT_3D('',#17049,#17050,#17051);
#17049 = CARTESIAN_POINT('',(-96.,52.000378191104,0.));
#17050 = DIRECTION('',(-0.,-0.,-1.));
#17051 = DIRECTION('',(1.,0.,0.));
#17052 = ADVANCED_FACE('',(#17053),#17072,.F.);
#17053 = FACE_BOUND('',#17054,.T.);
#17054 = EDGE_LOOP('',(#17055,#17056,#17057,#17065));
#17055 = ORIENTED_EDGE('',*,*,#17009,.T.);
#17056 = ORIENTED_EDGE('',*,*,#15935,.T.);
#17057 = ORIENTED_EDGE('',*,*,#17058,.F.);
#17058 = EDGE_CURVE('',#17059,#15928,#17061,.T.);
#17059 = VERTEX_POINT('',#17060);
#17060 = CARTESIAN_POINT('',(-101.,142.0003781911,0.));
#17061 = LINE('',#17062,#17063);
#17062 = CARTESIAN_POINT('',(-101.,142.0003781911,0.));
#17063 = VECTOR('',#17064,1.);
#17064 = DIRECTION('',(0.,0.,1.));
#17065 = ORIENTED_EDGE('',*,*,#17066,.F.);
#17066 = EDGE_CURVE('',#17010,#17059,#17067,.T.);
#17067 = CIRCLE('',#17068,5.);
#17068 = AXIS2_PLACEMENT_3D('',#17069,#17070,#17071);
#17069 = CARTESIAN_POINT('',(-96.,142.0003781911,0.));
#17070 = DIRECTION('',(0.,0.,1.));
#17071 = DIRECTION('',(1.,0.,0.));
#17072 = CYLINDRICAL_SURFACE('',#17073,5.);
#17073 = AXIS2_PLACEMENT_3D('',#17074,#17075,#17076);
#17074 = CARTESIAN_POINT('',(-96.,142.0003781911,0.));
#17075 = DIRECTION('',(-0.,-0.,-1.));
#17076 = DIRECTION('',(1.,0.,0.));
#17077 = ADVANCED_FACE('',(#17078),#17089,.T.);
#17078 = FACE_BOUND('',#17079,.T.);
#17079 = EDGE_LOOP('',(#17080,#17081,#17082,#17083));
#17080 = ORIENTED_EDGE('',*,*,#17058,.T.);
#17081 = ORIENTED_EDGE('',*,*,#15927,.T.);
#17082 = ORIENTED_EDGE('',*,*,#17031,.F.);
#17083 = ORIENTED_EDGE('',*,*,#17084,.F.);
#17084 = EDGE_CURVE('',#17059,#17032,#17085,.T.);
#17085 = LINE('',#17086,#17087);
#17086 = CARTESIAN_POINT('',(-101.,142.0003781911,0.));
#17087 = VECTOR('',#17088,1.);
#17088 = DIRECTION('',(0.,-1.,0.));
#17089 = PLANE('',#17090);
#17090 = AXIS2_PLACEMENT_3D('',#17091,#17092,#17093);
#17091 = CARTESIAN_POINT('',(-101.,142.0003781911,0.));
#17092 = DIRECTION('',(1.,0.,0.));
#17093 = DIRECTION('',(0.,-1.,0.));
#17094 = ADVANCED_FACE('',(#17095),#17107,.T.);
#17095 = FACE_BOUND('',#17096,.F.);
#17096 = EDGE_LOOP('',(#17097,#17098,#17099,#17100));
#17097 = ORIENTED_EDGE('',*,*,#16187,.F.);
#17098 = ORIENTED_EDGE('',*,*,#16297,.T.);
#17099 = ORIENTED_EDGE('',*,*,#16015,.F.);
#17100 = ORIENTED_EDGE('',*,*,#17101,.F.);
#17101 = EDGE_CURVE('',#16180,#16016,#17102,.T.);
#17102 = CIRCLE('',#17103,5.);
#17103 = AXIS2_PLACEMENT_3D('',#17104,#17105,#17106);
#17104 = CARTESIAN_POINT('',(-165.,145.,-1.));
#17105 = DIRECTION('',(0.,0.,1.));
#17106 = DIRECTION('',(0.,1.,-0.));
#17107 = CYLINDRICAL_SURFACE('',#17108,5.);
#17108 = AXIS2_PLACEMENT_3D('',#17109,#17110,#17111);
#17109 = CARTESIAN_POINT('',(-165.,145.,0.));
#17110 = DIRECTION('',(-0.,-0.,-1.));
#17111 = DIRECTION('',(1.,0.,0.));
#17112 = ADVANCED_FACE('',(#17113),#17140,.T.);
#17113 = FACE_BOUND('',#17114,.F.);
#17114 = EDGE_LOOP('',(#17115,#17124,#17125,#17134));
#17115 = ORIENTED_EDGE('',*,*,#17116,.T.);
#17116 = EDGE_CURVE('',#17117,#16016,#17119,.T.);
#17117 = VERTEX_POINT('',#17118);
#17118 = CARTESIAN_POINT('',(-168.,145.,-3.));
#17119 = CIRCLE('',#17120,2.);
#17120 = AXIS2_PLACEMENT_3D('',#17121,#17122,#17123);
#17121 = CARTESIAN_POINT('',(-168.,145.,-1.));
#17122 = DIRECTION('',(-0.,1.,-0.));
#17123 = DIRECTION('',(0.,-0.,-1.));
#17124 = ORIENTED_EDGE('',*,*,#16025,.T.);
#17125 = ORIENTED_EDGE('',*,*,#17126,.F.);
#17126 = EDGE_CURVE('',#17127,#16026,#17129,.T.);
#17127 = VERTEX_POINT('',#17128);
#17128 = CARTESIAN_POINT('',(-168.,5.,-3.));
#17129 = CIRCLE('',#17130,2.);
#17130 = AXIS2_PLACEMENT_3D('',#17131,#17132,#17133);
#17131 = CARTESIAN_POINT('',(-168.,5.,-1.));
#17132 = DIRECTION('',(-0.,1.,-0.));
#17133 = DIRECTION('',(0.,-0.,-1.));
#17134 = ORIENTED_EDGE('',*,*,#17135,.F.);
#17135 = EDGE_CURVE('',#17117,#17127,#17136,.T.);
#17136 = LINE('',#17137,#17138);
#17137 = CARTESIAN_POINT('',(-168.,145.,-3.));
#17138 = VECTOR('',#17139,1.);
#17139 = DIRECTION('',(0.,-1.,0.));
#17140 = CYLINDRICAL_SURFACE('',#17141,2.);
#17141 = AXIS2_PLACEMENT_3D('',#17142,#17143,#17144);
#17142 = CARTESIAN_POINT('',(-168.,145.,-1.));
#17143 = DIRECTION('',(0.,-1.,0.));
#17144 = DIRECTION('',(-0.,-0.,-1.));
#17145 = ADVANCED_FACE('',(#17146),#17166,.T.);
#17146 = FACE_BOUND('',#17147,.T.);
#17147 = EDGE_LOOP('',(#17148,#17149,#17158,#17165));
#17148 = ORIENTED_EDGE('',*,*,#17126,.F.);
#17149 = ORIENTED_EDGE('',*,*,#17150,.T.);
#17150 = EDGE_CURVE('',#17127,#17151,#17153,.T.);
#17151 = VERTEX_POINT('',#17152);
#17152 = CARTESIAN_POINT('',(-165.,2.,-3.));
#17153 = CIRCLE('',#17154,3.);
#17154 = AXIS2_PLACEMENT_3D('',#17155,#17156,#17157);
#17155 = CARTESIAN_POINT('',(-165.,5.,-3.));
#17156 = DIRECTION('',(0.,0.,1.));
#17157 = DIRECTION('',(-1.,1.7763568394E-16,0.));
#17158 = ORIENTED_EDGE('',*,*,#17159,.T.);
#17159 = EDGE_CURVE('',#17151,#16058,#17160,.T.);
#17160 = CIRCLE('',#17161,2.);
#17161 = AXIS2_PLACEMENT_3D('',#17162,#17163,#17164);
#17162 = CARTESIAN_POINT('',(-165.,2.,-1.));
#17163 = DIRECTION('',(-1.,2.388680238974E-16,0.));
#17164 = DIRECTION('',(-2.388680238974E-16,-1.,0.));
#17165 = ORIENTED_EDGE('',*,*,#16065,.F.);
#17166 = TOROIDAL_SURFACE('',#17167,3.,2.);
#17167 = AXIS2_PLACEMENT_3D('',#17168,#17169,#17170);
#17168 = CARTESIAN_POINT('',(-165.,5.,-1.));
#17169 = DIRECTION('',(0.,0.,1.));
#17170 = DIRECTION('',(-1.,1.7763568394E-16,0.));
#17171 = ADVANCED_FACE('',(#17172),#17191,.T.);
#17172 = FACE_BOUND('',#17173,.F.);
#17173 = EDGE_LOOP('',(#17174,#17175,#17176,#17185));
#17174 = ORIENTED_EDGE('',*,*,#17159,.T.);
#17175 = ORIENTED_EDGE('',*,*,#16081,.T.);
#17176 = ORIENTED_EDGE('',*,*,#17177,.F.);
#17177 = EDGE_CURVE('',#17178,#16082,#17180,.T.);
#17178 = VERTEX_POINT('',#17179);
#17179 = CARTESIAN_POINT('',(-5.,2.,-3.));
#17180 = CIRCLE('',#17181,2.);
#17181 = AXIS2_PLACEMENT_3D('',#17182,#17183,#17184);
#17182 = CARTESIAN_POINT('',(-5.,2.,-1.));
#17183 = DIRECTION('',(-1.,-0.,-0.));
#17184 = DIRECTION('',(0.,0.,-1.));
#17185 = ORIENTED_EDGE('',*,*,#17186,.F.);
#17186 = EDGE_CURVE('',#17151,#17178,#17187,.T.);
#17187 = LINE('',#17188,#17189);
#17188 = CARTESIAN_POINT('',(-165.,2.,-3.));
#17189 = VECTOR('',#17190,1.);
#17190 = DIRECTION('',(1.,0.,0.));
#17191 = CYLINDRICAL_SURFACE('',#17192,2.);
#17192 = AXIS2_PLACEMENT_3D('',#17193,#17194,#17195);
#17193 = CARTESIAN_POINT('',(-165.,2.,-1.));
#17194 = DIRECTION('',(1.,0.,0.));
#17195 = DIRECTION('',(0.,0.,-1.));
#17196 = ADVANCED_FACE('',(#17197),#17217,.T.);
#17197 = FACE_BOUND('',#17198,.T.);
#17198 = EDGE_LOOP('',(#17199,#17200,#17209,#17216));
#17199 = ORIENTED_EDGE('',*,*,#17177,.F.);
#17200 = ORIENTED_EDGE('',*,*,#17201,.T.);
#17201 = EDGE_CURVE('',#17178,#17202,#17204,.T.);
#17202 = VERTEX_POINT('',#17203);
#17203 = CARTESIAN_POINT('',(-2.,5.,-3.));
#17204 = CIRCLE('',#17205,3.);
#17205 = AXIS2_PLACEMENT_3D('',#17206,#17207,#17208);
#17206 = CARTESIAN_POINT('',(-5.,5.,-3.));
#17207 = DIRECTION('',(0.,0.,1.));
#17208 = DIRECTION('',(-1.7763568394E-16,-1.,0.));
#17209 = ORIENTED_EDGE('',*,*,#17210,.T.);
#17210 = EDGE_CURVE('',#17202,#16107,#17211,.T.);
#17211 = CIRCLE('',#17212,2.);
#17212 = AXIS2_PLACEMENT_3D('',#17213,#17214,#17215);
#17213 = CARTESIAN_POINT('',(-2.,5.,-1.));
#17214 = DIRECTION('',(-2.388680238974E-16,-1.,0.));
#17215 = DIRECTION('',(1.,-2.388680238974E-16,0.));
#17216 = ORIENTED_EDGE('',*,*,#16114,.F.);
#17217 = TOROIDAL_SURFACE('',#17218,3.,2.);
#17218 = AXIS2_PLACEMENT_3D('',#17219,#17220,#17221);
#17219 = CARTESIAN_POINT('',(-5.,5.,-1.));
#17220 = DIRECTION('',(0.,0.,1.));
#17221 = DIRECTION('',(-1.7763568394E-16,-1.,0.));
#17222 = ADVANCED_FACE('',(#17223),#17242,.T.);
#17223 = FACE_BOUND('',#17224,.F.);
#17224 = EDGE_LOOP('',(#17225,#17226,#17227,#17236));
#17225 = ORIENTED_EDGE('',*,*,#17210,.T.);
#17226 = ORIENTED_EDGE('',*,*,#16130,.T.);
#17227 = ORIENTED_EDGE('',*,*,#17228,.F.);
#17228 = EDGE_CURVE('',#17229,#16131,#17231,.T.);
#17229 = VERTEX_POINT('',#17230);
#17230 = CARTESIAN_POINT('',(-2.,145.,-3.));
#17231 = CIRCLE('',#17232,2.);
#17232 = AXIS2_PLACEMENT_3D('',#17233,#17234,#17235);
#17233 = CARTESIAN_POINT('',(-2.,145.,-1.));
#17234 = DIRECTION('',(0.,-1.,-0.));
#17235 = DIRECTION('',(0.,0.,-1.));
#17236 = ORIENTED_EDGE('',*,*,#17237,.F.);
#17237 = EDGE_CURVE('',#17202,#17229,#17238,.T.);
#17238 = LINE('',#17239,#17240);
#17239 = CARTESIAN_POINT('',(-2.,5.,-3.));
#17240 = VECTOR('',#17241,1.);
#17241 = DIRECTION('',(0.,1.,0.));
#17242 = CYLINDRICAL_SURFACE('',#17243,2.);
#17243 = AXIS2_PLACEMENT_3D('',#17244,#17245,#17246);
#17244 = CARTESIAN_POINT('',(-2.,5.,-1.));
#17245 = DIRECTION('',(0.,1.,0.));
#17246 = DIRECTION('',(0.,0.,-1.));
#17247 = ADVANCED_FACE('',(#17248),#17268,.T.);
#17248 = FACE_BOUND('',#17249,.T.);
#17249 = EDGE_LOOP('',(#17250,#17251,#17260,#17267));
#17250 = ORIENTED_EDGE('',*,*,#17228,.F.);
#17251 = ORIENTED_EDGE('',*,*,#17252,.T.);
#17252 = EDGE_CURVE('',#17229,#17253,#17255,.T.);
#17253 = VERTEX_POINT('',#17254);
#17254 = CARTESIAN_POINT('',(-5.,148.,-3.));
#17255 = CIRCLE('',#17256,3.);
#17256 = AXIS2_PLACEMENT_3D('',#17257,#17258,#17259);
#17257 = CARTESIAN_POINT('',(-5.,145.,-3.));
#17258 = DIRECTION('',(0.,0.,1.));
#17259 = DIRECTION('',(1.,0.,-0.));
#17260 = ORIENTED_EDGE('',*,*,#17261,.T.);
#17261 = EDGE_CURVE('',#17253,#16156,#17262,.T.);
#17262 = CIRCLE('',#17263,2.);
#17263 = AXIS2_PLACEMENT_3D('',#17264,#17265,#17266);
#17264 = CARTESIAN_POINT('',(-5.,148.,-1.));
#17265 = DIRECTION('',(1.,-6.123233995737E-17,0.));
#17266 = DIRECTION('',(6.123233995737E-17,1.,0.));
#17267 = ORIENTED_EDGE('',*,*,#16163,.F.);
#17268 = TOROIDAL_SURFACE('',#17269,3.,2.);
#17269 = AXIS2_PLACEMENT_3D('',#17270,#17271,#17272);
#17270 = CARTESIAN_POINT('',(-5.,145.,-1.));
#17271 = DIRECTION('',(0.,0.,1.));
#17272 = DIRECTION('',(1.,0.,-0.));
#17273 = ADVANCED_FACE('',(#17274),#17293,.T.);
#17274 = FACE_BOUND('',#17275,.F.);
#17275 = EDGE_LOOP('',(#17276,#17277,#17278,#17287));
#17276 = ORIENTED_EDGE('',*,*,#17261,.T.);
#17277 = ORIENTED_EDGE('',*,*,#16179,.T.);
#17278 = ORIENTED_EDGE('',*,*,#17279,.F.);
#17279 = EDGE_CURVE('',#17280,#16180,#17282,.T.);
#17280 = VERTEX_POINT('',#17281);
#17281 = CARTESIAN_POINT('',(-165.,148.,-3.));
#17282 = CIRCLE('',#17283,2.);
#17283 = AXIS2_PLACEMENT_3D('',#17284,#17285,#17286);
#17284 = CARTESIAN_POINT('',(-165.,148.,-1.));
#17285 = DIRECTION('',(1.,0.,-0.));
#17286 = DIRECTION('',(-0.,0.,-1.));
#17287 = ORIENTED_EDGE('',*,*,#17288,.F.);
#17288 = EDGE_CURVE('',#17253,#17280,#17289,.T.);
#17289 = LINE('',#17290,#17291);
#17290 = CARTESIAN_POINT('',(-5.,148.,-3.));
#17291 = VECTOR('',#17292,1.);
#17292 = DIRECTION('',(-1.,0.,0.));
#17293 = CYLINDRICAL_SURFACE('',#17294,2.);
#17294 = AXIS2_PLACEMENT_3D('',#17295,#17296,#17297);
#17295 = CARTESIAN_POINT('',(-5.,148.,-1.));
#17296 = DIRECTION('',(-1.,0.,0.));
#17297 = DIRECTION('',(-0.,0.,-1.));
#17298 = ADVANCED_FACE('',(#17299),#17309,.T.);
#17299 = FACE_BOUND('',#17300,.T.);
#17300 = EDGE_LOOP('',(#17301,#17302,#17303,#17304,#17305,#17306,#17307,
    #17308));
#17301 = ORIENTED_EDGE('',*,*,#16355,.T.);
#17302 = ORIENTED_EDGE('',*,*,#16331,.T.);
#17303 = ORIENTED_EDGE('',*,*,#16380,.T.);
#17304 = ORIENTED_EDGE('',*,*,#16429,.T.);
#17305 = ORIENTED_EDGE('',*,*,#16478,.T.);
#17306 = ORIENTED_EDGE('',*,*,#16496,.T.);
#17307 = ORIENTED_EDGE('',*,*,#16453,.T.);
#17308 = ORIENTED_EDGE('',*,*,#16405,.T.);
#17309 = PLANE('',#17310);
#17310 = AXIS2_PLACEMENT_3D('',#17311,#17312,#17313);
#17311 = CARTESIAN_POINT('',(-85.,75.,0.));
#17312 = DIRECTION('',(0.,0.,1.));
#17313 = DIRECTION('',(1.,0.,0.));
#17314 = ADVANCED_FACE('',(#17315),#17325,.T.);
#17315 = FACE_BOUND('',#17316,.T.);
#17316 = EDGE_LOOP('',(#17317,#17318,#17319,#17320,#17321,#17322,#17323,
    #17324));
#17317 = ORIENTED_EDGE('',*,*,#16551,.T.);
#17318 = ORIENTED_EDGE('',*,*,#16527,.T.);
#17319 = ORIENTED_EDGE('',*,*,#16576,.T.);
#17320 = ORIENTED_EDGE('',*,*,#16625,.T.);
#17321 = ORIENTED_EDGE('',*,*,#16674,.T.);
#17322 = ORIENTED_EDGE('',*,*,#16692,.T.);
#17323 = ORIENTED_EDGE('',*,*,#16649,.T.);
#17324 = ORIENTED_EDGE('',*,*,#16601,.T.);
#17325 = PLANE('',#17326);
#17326 = AXIS2_PLACEMENT_3D('',#17327,#17328,#17329);
#17327 = CARTESIAN_POINT('',(-85.,75.,0.));
#17328 = DIRECTION('',(0.,0.,1.));
#17329 = DIRECTION('',(1.,0.,0.));
#17330 = ADVANCED_FACE('',(#17331),#17341,.T.);
#17331 = FACE_BOUND('',#17332,.T.);
#17332 = EDGE_LOOP('',(#17333,#17334,#17335,#17336,#17337,#17338,#17339,
    #17340));
#17333 = ORIENTED_EDGE('',*,*,#16747,.T.);
#17334 = ORIENTED_EDGE('',*,*,#16723,.T.);
#17335 = ORIENTED_EDGE('',*,*,#16772,.T.);
#17336 = ORIENTED_EDGE('',*,*,#16821,.T.);
#17337 = ORIENTED_EDGE('',*,*,#16870,.T.);
#17338 = ORIENTED_EDGE('',*,*,#16888,.T.);
#17339 = ORIENTED_EDGE('',*,*,#16845,.T.);
#17340 = ORIENTED_EDGE('',*,*,#16797,.T.);
#17341 = PLANE('',#17342);
#17342 = AXIS2_PLACEMENT_3D('',#17343,#17344,#17345);
#17343 = CARTESIAN_POINT('',(-85.,75.,0.));
#17344 = DIRECTION('',(0.,0.,1.));
#17345 = DIRECTION('',(1.,0.,0.));
#17346 = ADVANCED_FACE('',(#17347),#17357,.T.);
#17347 = FACE_BOUND('',#17348,.T.);
#17348 = EDGE_LOOP('',(#17349,#17350,#17351,#17352,#17353,#17354,#17355,
    #17356));
#17349 = ORIENTED_EDGE('',*,*,#16943,.T.);
#17350 = ORIENTED_EDGE('',*,*,#16919,.T.);
#17351 = ORIENTED_EDGE('',*,*,#16968,.T.);
#17352 = ORIENTED_EDGE('',*,*,#17017,.T.);
#17353 = ORIENTED_EDGE('',*,*,#17066,.T.);
#17354 = ORIENTED_EDGE('',*,*,#17084,.T.);
#17355 = ORIENTED_EDGE('',*,*,#17041,.T.);
#17356 = ORIENTED_EDGE('',*,*,#16993,.T.);
#17357 = PLANE('',#17358);
#17358 = AXIS2_PLACEMENT_3D('',#17359,#17360,#17361);
#17359 = CARTESIAN_POINT('',(-85.,75.,0.));
#17360 = DIRECTION('',(0.,0.,1.));
#17361 = DIRECTION('',(1.,0.,0.));
#17362 = ADVANCED_FACE('',(#17363),#17375,.T.);
#17363 = FACE_BOUND('',#17364,.T.);
#17364 = EDGE_LOOP('',(#17365,#17366,#17373,#17374));
#17365 = ORIENTED_EDGE('',*,*,#17279,.F.);
#17366 = ORIENTED_EDGE('',*,*,#17367,.T.);
#17367 = EDGE_CURVE('',#17280,#17117,#17368,.T.);
#17368 = CIRCLE('',#17369,3.);
#17369 = AXIS2_PLACEMENT_3D('',#17370,#17371,#17372);
#17370 = CARTESIAN_POINT('',(-165.,145.,-3.));
#17371 = DIRECTION('',(0.,0.,1.));
#17372 = DIRECTION('',(0.,1.,-0.));
#17373 = ORIENTED_EDGE('',*,*,#17116,.T.);
#17374 = ORIENTED_EDGE('',*,*,#17101,.F.);
#17375 = TOROIDAL_SURFACE('',#17376,3.,2.);
#17376 = AXIS2_PLACEMENT_3D('',#17377,#17378,#17379);
#17377 = CARTESIAN_POINT('',(-165.,145.,-1.));
#17378 = DIRECTION('',(0.,0.,1.));
#17379 = DIRECTION('',(0.,1.,-0.));
#17380 = ADVANCED_FACE('',(#17381),#17391,.F.);
#17381 = FACE_BOUND('',#17382,.F.);
#17382 = EDGE_LOOP('',(#17383,#17384,#17385,#17386,#17387,#17388,#17389,
    #17390));
#17383 = ORIENTED_EDGE('',*,*,#17135,.T.);
#17384 = ORIENTED_EDGE('',*,*,#17150,.T.);
#17385 = ORIENTED_EDGE('',*,*,#17186,.T.);
#17386 = ORIENTED_EDGE('',*,*,#17201,.T.);
#17387 = ORIENTED_EDGE('',*,*,#17237,.T.);
#17388 = ORIENTED_EDGE('',*,*,#17252,.T.);
#17389 = ORIENTED_EDGE('',*,*,#17288,.T.);
#17390 = ORIENTED_EDGE('',*,*,#17367,.T.);
#17391 = PLANE('',#17392);
#17392 = AXIS2_PLACEMENT_3D('',#17393,#17394,#17395);
#17393 = CARTESIAN_POINT('',(-85.,75.,-3.));
#17394 = DIRECTION('',(0.,0.,1.));
#17395 = DIRECTION('',(1.,0.,0.));
#17396 = ( GEOMETRIC_REPRESENTATION_CONTEXT(3) 
GLOBAL_UNCERTAINTY_ASSIGNED_CONTEXT((#17400)) 
GLOBAL_UNIT_ASSIGNED_CONTEXT((#17397,#17398,#17399)) 
REPRESENTATION_CONTEXT('Context #1',
  '3D Context with UNIT and UNCERTAINTY') );
#17397 = ( LENGTH_UNIT() NAMED_UNIT(*) SI_UNIT(.MILLI.,.METRE.) );
#17398 = ( NAMED_UNIT(*) PLANE_ANGLE_UNIT() SI_UNIT($,.RADIAN.) );
#17399 = ( NAMED_UNIT(*) SI_UNIT($,.STERADIAN.) SOLID_ANGLE_UNIT() );
#17400 = UNCERTAINTY_MEASURE_WITH_UNIT(LENGTH_MEASURE(5.E-05),#17397,
  'distance_accuracy_value','confusion accuracy');
#17401 = CONTEXT_DEPENDENT_SHAPE_REPRESENTATION(#17402,#17404);
#17402 = ( REPRESENTATION_RELATIONSHIP('','',#14320,#10) 
REPRESENTATION_RELATIONSHIP_WITH_TRANSFORMATION(#17403) 
SHAPE_REPRESENTATION_RELATIONSHIP() );
#17403 = ITEM_DEFINED_TRANSFORMATION('','',#11,#75);
#17404 = PRODUCT_DEFINITION_SHAPE('Placement','Placement of an item',
  #17405);
#17405 = NEXT_ASSEMBLY_USAGE_OCCURRENCE('45','Fillet','',#5,#14315,$);
#17406 = PRODUCT_RELATED_PRODUCT_CATEGORY('part',$,(#14317));
#17407 = SHAPE_DEFINITION_REPRESENTATION(#17408,#17414);
#17408 = PRODUCT_DEFINITION_SHAPE('','',#17409);
#17409 = PRODUCT_DEFINITION('design','',#17410,#17413);
#17410 = PRODUCT_DEFINITION_FORMATION('','',#17411);
#17411 = PRODUCT('Open CASCADE STEP translator 7.8 2.17',
  'Open CASCADE STEP translator 7.8 2.17','',(#17412));
#17412 = PRODUCT_CONTEXT('',#2,'mechanical');
#17413 = PRODUCT_DEFINITION_CONTEXT('part definition',#2,'design');
#17414 = GEOMETRICALLY_BOUNDED_WIREFRAME_SHAPE_REPRESENTATION('',(#11,
    #17415),#17417);
#17415 = GEOMETRIC_CURVE_SET('',(#17416));
#17416 = CARTESIAN_POINT('',(0.,0.,0.));
#17417 = ( GEOMETRIC_REPRESENTATION_CONTEXT(3) 
GLOBAL_UNCERTAINTY_ASSIGNED_CONTEXT((#17421)) 
GLOBAL_UNIT_ASSIGNED_CONTEXT((#17418,#17419,#17420)) 
REPRESENTATION_CONTEXT('Context #1',
  '3D Context with UNIT and UNCERTAINTY') );
#17418 = ( LENGTH_UNIT() NAMED_UNIT(*) SI_UNIT(.MILLI.,.METRE.) );
#17419 = ( NAMED_UNIT(*) PLANE_ANGLE_UNIT() SI_UNIT($,.RADIAN.) );
#17420 = ( NAMED_UNIT(*) SI_UNIT($,.STERADIAN.) SOLID_ANGLE_UNIT() );
#17421 = UNCERTAINTY_MEASURE_WITH_UNIT(LENGTH_MEASURE(1.E-07),#17418,
  'distance_accuracy_value','confusion accuracy');
#17422 = CONTEXT_DEPENDENT_SHAPE_REPRESENTATION(#17423,#17425);
#17423 = ( REPRESENTATION_RELATIONSHIP('','',#17414,#10) 
REPRESENTATION_RELATIONSHIP_WITH_TRANSFORMATION(#17424) 
SHAPE_REPRESENTATION_RELATIONSHIP() );
#17424 = ITEM_DEFINED_TRANSFORMATION('','',#11,#79);
#17425 = PRODUCT_DEFINITION_SHAPE('Placement','Placement of an item',
  #17426);
#17426 = NEXT_ASSEMBLY_USAGE_OCCURRENCE('46','','',#5,#17409,$);
#17427 = PRODUCT_RELATED_PRODUCT_CATEGORY('part',$,(#17411));
ENDSEC;
END-ISO-10303-21;
